0.0	-4.945467294231627e-07	8.80123539514607e-07	0.0032257066067450267	-1.4659173349858259e-06	-1.946728890412375e-07	0.0027416356019402204	9.808088746861213e-05	-8.126976823166547e-05	-0.00011184626742260888	0.00017049696147595372	-1.3618665047215702e-05	9.08722172239038e-05
0.01	4.902655942486599e-07	2.752884691283221e-07	0.003224394425478996	3.6664134234101764e-07	-8.859148015015482e-08	0.0027427741630030216	0.00012708173908658425	-4.741575429530769e-05	-0.00012117680769180605	0.00018917958911702913	1.8513220800843006e-05	0.00012409469954657737
0.02	1.4013519565478815e-06	-1.5510609586522998e-07	0.003223427097905272	1.9443492208677675e-06	-9.470332597570179e-08	0.0027439122161568917	6.162616500897676e-05	-1.6527151665119902e-05	-2.904196429509775e-05	9.71498836040084e-05	-1.349323546397902e-05	7.161618420535269e-05
0.030000000000000002	1.2569474945045963e-06	-3.396697647986053e-07	0.0032237871802783006	2.692162322954154e-06	-1.4068753852789218e-07	0.002744054336495158	-8.87985964679842e-05	2.2194879806737095e-05	9.342769254587335e-05	2.5621009693457416e-05	1.2596327129372543e-05	-5.727263500305089e-05
0.04	1.5307436349537894e-07	1.3561102541510996e-07	0.0032251747937045174	2.473169962587654e-06	-5.582260821775058e-08	0.002743152941551176	-0.00012492297817743317	3.8928622823435747e-05	0.00015049111972157832	-5.39230402721753e-05	1.9706327970431277e-05	-0.00011731028967216005
0.05	-9.875395414585034e-07	4.6046144929780693e-07	0.0032261726584804445	1.3955824268159725e-06	1.7748146254014082e-07	0.002742195646739004	-0.00010457251284621484	1.094418715428324e-05	5.169843469050059e-05	-0.0001493439227911558	1.2881089918888474e-05	-5.092969405580682e-05
0.060000000000000005	-1.6562481209096827e-06	5.859419283418767e-07	0.003226043696066304	-1.9373830309640233e-07	1.4298616608847262e-07	0.0027420938230852216	-2.775874641369977e-05	-1.667371518765824e-05	-6.31138852075752e-05	-0.00017082315155057644	-2.2561045956608768e-05	3.305081390900368e-05
0.07	-1.3229146207940845e-06	1.6494074708562434e-07	0.0032249214204222044	-1.7736135939949752e-06	-2.730845603852133e-08	0.0027426796238449566	7.300792748824886e-05	-5.5326868595375745e-05	-0.00017166303805078752	-0.0001308494843844847	-1.8623460396746576e-05	5.5990759903474954e-05
0.08	-2.633625209916108e-07	-3.5058063502512075e-07	0.003223292630734083	-2.6104918457309905e-06	-1.3042545182805014e-07	0.0027429036817026744	0.00012554872402227867	-3.0655357135135366e-05	-0.0001087985672921867	-3.897794327997175e-05	-1.4526493117917296e-05	-1.1287638502425125e-05
0.09000000000000001	1.1958640411595217e-06	-3.424123902816043e-07	0.003222817233675201	-2.4154891514222422e-06	5.971736559519494e-08	0.0027426715590310752	0.0001358331310705876	3.135112131845296e-05	5.120336708873265e-05	6.68595572398326e-05	2.8744148690865316e-05	-4.4078430107811977e-05
0.1	2.251028284076187e-06	1.2346139458345172e-07	0.0032243108049428027	-1.3138668500484669e-06	2.7627219456447487e-07	0.002742095435444536	5.81200780606098e-05	5.21847694952319e-05	0.00020817745750301871	0.00014681206445528008	1.086116425329111e-06	-5.3147086843204494e-05
0.11	2.3484475190504166e-06	4.2250241842378627e-07	0.003226101382892278	3.529479862066833e-07	3.275646456962973e-07	0.0027418128860273888	-3.8924433187703273e-05	1.8220626328640043e-05	0.000128933732114608	0.00015891703264821503	8.480613914936206e-06	1.3534011284162711e-05
0.12000000000000001	1.4177539242470759e-06	3.99682142895699e-07	0.0032264652299080444	1.842517279484369e-06	5.409615076370426e-07	0.0027426899126821416	-0.00015824188279614862	-1.992206580641492e-05	-5.866682783774519e-05	0.00012885112650664967	2.5583171497486333e-05	0.0001533694179380606
0.13	-4.734235441645097e-07	-3.456780637122202e-08	0.0032253865183151705	2.522108408625912e-06	6.537706253915991e-07	0.002744099535895249	-0.00021116511732752685	-4.0061541900060064e-05	-0.00012740482434285286	-4.718249889060971e-06	1.4516422233281478e-05	0.00012219718741370193
0.14	-2.512387687985344e-06	-7.850903707906764e-07	0.0032242066898685974	2.1214506638320182e-06	9.645922885162298e-07	0.0027446284811523934	-0.00018020740637117097	-9.7975333154726e-05	-8.191352467443733e-05	-8.884233293426604e-05	1.7507509375671597e-05	-4.43468011610593e-05
0.15	-3.5796452565043724e-06	-1.3585625742949695e-06	0.00322383010927298	9.264618098851243e-07	7.873093116272658e-07	0.002743481830252849	-5.07771277283965e-06	-4.456651847829818e-05	1.1501322048059922e-05	-0.00015900238950625005	-4.191966039488087e-05	-0.00017169204727946255
0.16	-3.071839958873162e-06	-1.7093195412826595e-06	0.0032244177187674204	-3.979149565247585e-07	4.59343165716654e-07	0.002741678239856919	9.861833261906944e-05	-1.3369805689610228e-05	7.821337837178457e-05	-8.653162847786098e-05	-2.1812234063965713e-05	-0.00016625977691933427
0.17	-1.4310086259448009e-06	-1.3462974430584403e-06	0.0032249517172594925	-9.093324565045942e-07	2.3344408780392843e-07	0.0027406727042297695	0.00021261811930759072	9.303054488503327e-05	3.126652681975983e-05	-3.483737988961659e-05	-5.5194646959717524e-08	-3.9561292359890654e-05
0.18000000000000002	8.753475031167115e-07	-1.1845620569882162e-07	0.0032250904577922	-9.603884172304791e-07	1.936650217649932e-07	0.002740958366315038	0.00023129728495183938	0.00013745696860362143	-1.955882542979207e-05	2.1669722739132006e-05	-9.973935660340188e-06	0.00011170129734230855
0.19	2.853461949203109e-06	1.2740397879998773e-06	0.0032246200324413652	-8.0515548161832e-07	2.411121979144493e-07	0.0027426871246772175	0.00015484329608744178	0.00013484072807162963	-5.5061996610145206e-05	2.393266813006354e-05	-1.4291321526224783e-06	0.00018649918312882823
0.2	3.5792197090352173e-06	2.2729097054128623e-06	0.0032239204554592614	-7.123300778715141e-07	3.6644980239933546e-07	0.0027442471045187465	-6.752841880050862e-06	5.4652027463167257e-05	-5.347177563251433e-05	-8.520565796359291e-06	1.3109553368144743e-07	9.520923470611888e-05
0.21000000000000002	2.5390525955140267e-06	2.2284474417387975e-06	0.0032239095578881446	-6.4170592875709e-07	8.920806070728607e-08	0.00274428535910812	-0.00019763256316296415	-5.1092596800041614e-05	5.0958510353673854e-05	3.2333892771360447e-06	-3.0359381187103118e-05	-9.693523754623972e-05
0.22	8.648546555117153e-08	1.4157775369388396e-06	0.003224763536405393	-6.002777595008652e-07	2.036895898401868e-08	0.0027425973080225374	-0.0002634392371952024	-0.00011214822965436438	0.00011927663883562291	1.8424856823456134e-05	2.5080624482694475e-05	-0.00020659570067548149
0.23	-2.2695811909624484e-06	1.48679630815507e-07	0.0032255436377550553	-5.437189477631117e-07	2.521571741028056e-07	0.002741069381601294	-0.00020127220978119362	-0.00012202641228001979	4.1574955637165435e-05	3.7215518591839307e-06	3.3372295132461335e-05	-8.902919700931437e-05
0.24000000000000002	-3.54258245304558e-06	-9.966289900838826e-07	0.0032253974850867677	-3.3700026355675244e-07	5.794288781919987e-07	0.00274109003311253	-3.80095955471767e-05	-9.462881611011241e-05	-8.532724498434915e-05	3.221462260074579e-05	3.3195109203648704e-05	0.00010160512140083872
0.25	-2.99205285242455e-06	-1.8029090128163346e-06	0.0032243326894133826	1.7608640975334807e-07	8.071557833342308e-07	0.0027426429366523854	0.00013011943629891618	-5.953105553160189e-05	-9.828439293501574e-05	6.671533470707446e-05	1.786623098684259e-05	0.00017154017165469531
0.26	-9.184673000323119e-07	-2.0666229004407717e-06	0.0032237365517520026	8.122965608306357e-07	7.289197911630151e-07	0.002744122551371486	0.0002499205357384425	9.91792865562375e-06	1.7413840360622045e-06	7.450950042295621e-05	-2.3440326267603062e-05	0.00010868690343581175
0.27	1.4430353781928978e-06	-1.4263606382612376e-06	0.0032243234627619298	1.5789810313904828e-06	4.263600960673312e-07	0.0027445173713831696	0.00021741506031807353	0.0001099130612133384	0.00011816064551794164	4.975945305625593e-05	-2.2554946080466655e-05	-1.848666978323929e-05
0.28	2.949367834048594e-06	-1.450335268922446e-07	0.003225520891825313	1.6853376126585294e-06	2.2958811802575414e-08	0.0027437291813735168	9.88115952517704e-05	0.00014538316022900355	0.0001085898824707798	-3.1762805939388934e-05	-3.10816460670671e-05	-0.00013162088566034123
0.29000000000000004	3.10921016479339e-06	8.80177077820394e-07	0.003226243449752745	9.58170438702352e-07	-2.954972322367284e-07	0.002742433193431086	-8.119118145710808e-05	6.649623644224208e-05	2.7252631181263247e-05	-0.00013240585999337877	-3.8781124547883244e-05	-0.00011034615201411567
0.3	1.4683643415810933e-06	1.1477888123440314e-06	0.0032257694775244755	-6.518789298353494e-07	-7.234737763958325e-07	0.0027416579205672598	-0.00024317778792113404	4.747714295245621e-07	-0.000129445471770393	-0.00017176781054722374	-5.036260921688063e-05	-3.473712559933899e-05
0.31	-8.685492245040563e-07	1.0910436230604633e-06	0.0032240704074128334	-1.9903700010928064e-06	-1.131714844888863e-06	0.0027415873488491112	-0.0001946730562178514	-1.6206583059816096e-05	-0.00019278666817744016	-8.530025275054455e-05	-2.135122941535078e-05	5.87726672986449e-05
0.32	-2.588945576736016e-06	8.485951505639017e-07	0.0032228781581639635	-2.16444177612665e-06	-1.2825311890051768e-06	0.0027425821501226083	-0.00013255619355545233	-4.1052552702794745e-05	-4.9945375016601164e-05	3.1449671820661775e-05	1.108522990782967e-07	9.715957791966547e-05
0.33	-3.3746408576112644e-06	3.468333336214026e-07	0.0032231666284781284	-1.5143199102191393e-06	-9.444015127011212e-07	0.0027433472069428025	7.831721302042568e-06	-7.419915782712711e-05	0.0001239618119392998	0.00010345156598043415	8.197019127975086e-05	3.8481565064856356e-05
0.34	-2.5678311604094766e-06	-2.1300437094527295e-07	0.0032250979000264723	-5.2264605709439004e-08	4.119574140804013e-08	0.00274341749272619	0.0001402628293385049	-4.9359135957431605e-05	0.00020702800650085638	0.0001713121517643141	0.00011479982740046242	3.3678137551574187e-06
0.35000000000000003	-6.59445769356648e-07	-6.983060640288013e-07	0.0032268494512948283	1.7756886472949614e-06	1.0224233502644915e-06	0.0027433143776605076	0.00020422852042857953	-2.0709577004895965e-05	0.00011050476333261897	0.00016963105571035986	9.119143812438305e-05	-2.4628327936544502e-05
0.36000000000000004	1.1536905277575254e-06	-7.773398864058238e-07	0.0032270654324531257	3.1388623827235625e-06	1.673831571247078e-06	0.0027430193817303194	0.00017100337573237794	1.4140625539686053e-05	-5.941357565696608e-05	8.88536099420992e-05	3.360016012981046e-05	-1.4244759273742049e-05
0.37	2.5432867267826934e-06	-8.533441093892033e-07	0.003225345911998173	3.443540902706902e-06	1.4273798703293507e-06	0.0027430050436973545	8.307549404633059e-05	1.5074318630799454e-05	-0.0002532409856488931	-6.55354230442574e-05	-7.830413912718039e-05	1.2998688218635846e-05
0.38	2.8240081936466584e-06	-7.689586119059899e-07	0.0032229552612999383	2.0466968232516893e-06	5.034708685428808e-07	0.0027431735523916123	-4.5928630288308577e-05	-3.3418423453649743e-07	-0.00020330501556977765	-0.00022062831939388683	-0.00010012447605104372	-6.341804557682021e-06
0.39	1.6278060021234447e-06	-8.561067041119931e-07	0.003222001085688631	-4.005911128227764e-07	-3.71594680935161e-07	0.002742871939529769	-0.0001613159353293453	-2.4878631483933084e-07	1.8450326439302345e-05	-0.00023359192601364636	-7.017526385578265e-05	-9.884786254172623e-05
0.4	-2.0040210517182331e-07	-6.207288309112231e-07	0.0032235322386885462	-2.4629925473962604e-06	-8.356675271807603e-07	0.002741549920014087	-0.000167180683472261	6.405351987692647e-05	0.0002171163440994607	-0.0001569672488349371	-1.465463431035554e-05	-0.00014133765781642078
0.41000000000000003	-1.5376081485236114e-06	7.836951099367209e-09	0.0032255933592233482	-3.2321757541195105e-06	-5.461640724347217e-07	0.002740556980945192	-9.147519746305417e-05	6.019913681458902e-05	0.00015357295615834753	2.045937929457389e-05	4.822466739887565e-05	-3.2235331946251274e-05
0.42000000000000004	-2.171726399845685e-06	5.463570723624162e-07	0.0032262595638996414	-2.310403284304024e-06	2.2938467893196312e-08	0.0027414644563184703	-4.790031598621107e-06	5.036118018122921e-05	-2.4932228570217486e-05	0.00016808114190590472	7.157171348308047e-05	0.00017780838256948274
0.43	-1.935229849181079e-06	7.740786075721383e-07	0.003225552965415331	-1.8171432269371558e-07	6.450209780994894e-07	0.0027434375522371207	4.965612527042036e-05	-1.8207504029423488e-05	-0.00010401739149259446	0.00022123325865047372	5.890664169346115e-05	0.00019783141734402583
0.44	-8.411725436878312e-07	7.87173499212402e-07	0.003224486958399381	1.7742402833117132e-06	1.2483989518968369e-06	0.002744881114613223	0.00013848687109178898	6.2870855122851234e-06	-0.00010006159477759614	0.000182423925510799	5.913108760539183e-05	7.882114063189321e-05
0.45	1.7761175413571884e-07	5.024998367804728e-07	0.0032237267812914696	3.4304401504896964e-06	1.652141660494287e-06	0.0027448510671518535	7.921143053543338e-05	-8.792972866749495e-05	-5.467013068337282e-05	0.00011284792183939476	2.4646274470358697e-05	-8.244829830599058e-05
0.46	6.979405520747355e-07	-4.5517364427816245e-07	0.003223815095898156	3.936773405958297e-06	1.3379447204566784e-06	0.00274352275581087	3.988611769387146e-05	-8.384604167640371e-05	6.584199181077483e-05	-5.146908930124332e-06	-8.773659448980893e-05	-0.00018438518489463657
0.47000000000000003	4.708815948477217e-07	-1.0192074408088697e-06	0.003224687089296673	3.0471629593885025e-06	3.4076080351094773e-07	0.0027417465003939517	-6.697617082369326e-05	-6.0039278761469676e-05	9.069997042876293e-05	-0.00015089922841566927	-9.867740246716534e-05	-0.0001561621486709321
0.48000000000000004	-2.445040162092194e-07	-1.1575562642924744e-06	0.003225291280776027	8.832747642615446e-07	-3.911979863040907e-07	0.00274088542947305	-6.506526306189821e-05	2.4398642296202243e-05	1.270726851385185e-05	-0.0002636948470877074	-5.2122594682871496e-05	-2.4100374727703518e-05
0.49000000000000005	-7.112466620939941e-07	-6.086594232635039e-07	0.0032248629080392343	-1.5633570747530274e-06	-6.050499397957605e-07	0.0027412402401288316	-1.544910897400608e-06	8.844745743468018e-05	-8.561647352414387e-05	-0.00021857520213391072	1.0124842488063201e-05	6.950307133291783e-05
0.5	-5.283963389752958e-07	1.7065836787277428e-07	0.0032238550745586074	-3.079410870719503e-06	-1.1790781324080504e-07	0.0027423573964175203	6.11720314754029e-05	5.539868158577666e-05	-8.471160071879897e-05	-8.980156654126421e-05	7.500812333968586e-05	0.00011569452624128147
0.51	1.5835642500846421e-07	6.112999373475052e-07	0.0032235079561560723	-3.2467651908963596e-06	4.7208135904059044e-07	0.0027431085841288835	7.034783306959484e-05	4.865412015408164e-05	1.947650931789043e-05	4.294751579657669e-05	4.282570093233344e-05	4.438917544975504e-05
0.52	1.0851755583569414e-06	7.939048327324236e-07	0.0032242126503822773	-2.1997077888341925e-06	6.648181727892471e-07	0.0027434297839459007	8.276339165525751e-05	-1.4584449136121926e-05	0.00010861601212782039	0.00013803713021482848	-6.7052655652701666e-06	8.609368771633464e-06
0.53	1.7198571132467206e-06	2.161611980847438e-07	0.0032255345262395085	-6.102595246346806e-07	3.635842156325478e-07	0.0027432232958971643	6.16131407204929e-05	-8.300039291094397e-05	0.00015110379587854366	0.00017899688290379197	-3.917726312350085e-05	-4.940083696829627e-05
0.54	1.941344072360736e-06	-7.077785353500269e-07	0.0032263040505256684	9.177058141563419e-07	8.39006222125016e-08	0.0027426642904972757	-3.402681973156809e-05	-0.0001034404185793534	2.1386680026192324e-05	0.00014276892511604352	-2.543423939888559e-05	-5.533755454988519e-05
0.55	1.1673180489578264e-06	-1.630585746549271e-06	0.003225994668680169	1.7959670702372753e-06	-2.5462751682986395e-07	0.0027423869784070163	-0.00014559176776994846	-5.7363718441858014e-05	-8.611388730508541e-05	1.7870958029545713e-05	-2.883849355399845e-05	-1.3670116086892513e-05
0.56	-5.383294886612071e-07	-2.1131495056535245e-06	0.0032247881975923753	1.7269474371509624e-06	-4.964207346380818e-07	0.002742470069498015	-0.00018135303555843755	-7.97584239467915e-06	-0.0001402484146549832	-5.594821135786821e-05	-5.514752717206851e-06	3.734782894554221e-05
0.5700000000000001	-2.3281443802303627e-06	-1.8812889492690032e-06	0.003223565700425679	8.266383436302214e-07	-4.151801387843723e-07	0.0027429456006997626	-0.00016311024409807278	5.0665698095733066e-05	-6.618203979082863e-05	-9.976348559553031e-05	2.690933744136369e-05	2.9671170653416573e-05
0.5800000000000001	-3.407774031359713e-06	-1.1371179692896018e-06	0.003223607915079233	-1.8115401707902202e-07	7.116937707425171e-08	0.002743015287581773	-2.6534021188153093e-05	0.00010991522280063533	6.765161335577194e-05	-7.562478532473349e-05	5.55610441310497e-05	-2.827828953361617e-05
0.5900000000000001	-2.8401884992829436e-06	7.782365880747091e-08	0.0032246535629054216	-7.650557200430921e-07	6.043960089830215e-07	0.0027424987259874567	0.00014068047551953568	0.0001333014182079298	0.00012155818558193142	-3.261701804081541e-05	6.067015491748222e-05	-3.8803238594987904e-05
0.6	-8.524483382697989e-07	1.2770672270651733e-06	0.003225839786447686	-8.976531101878978e-07	9.834860849571073e-07	0.002741950522491724	0.00022828656317018373	9.737818615370899e-05	7.064766552361235e-05	3.86179213230192e-06	3.590964933216692e-05	-3.5773442126639917e-05
0.61	1.4532037155187695e-06	2.153189538503614e-06	0.0032260225901394376	-6.784479583801465e-07	1.1697529372305923e-06	0.0027419138185740505	0.0002158937759248067	4.617313326242436e-05	-2.798541192401349e-05	3.722896817283949e-05	-2.083815116766081e-05	6.1011944766502026e-05
0.62	3.0869495294488513e-06	1.9512421744601256e-06	0.0032252706994402637	-4.014511874164931e-07	5.311327183776248e-07	0.0027427886540725252	7.108734470620923e-05	-8.214460389639337e-05	-0.00012025470861494024	1.8020044256545016e-05	-0.00010187281933538897	0.00011719547596545563
0.63	3.211463881095349e-06	5.394167482991318e-07	0.003224244577154576	-1.2518541725245181e-07	-2.931330727071068e-07	0.0027441914166652943	-5.712950333096739e-05	-0.0001810231847776978	-6.382895091004013e-05	1.5289107104531497e-05	-7.580293986184898e-05	0.00011574037875093423
0.64	1.8004162994228216e-06	-1.280675137448857e-06	0.003223890523058871	-4.618113041685931e-09	-9.931614145726666e-07	0.002744733735622992	-0.00021578096953285629	-0.00018499433575097307	2.1368560707638532e-05	1.8569703983260983e-05	-3.546596896867301e-05	-2.449781615739905e-05
0.65	-3.634079135452453e-07	-2.46704530411679e-06	0.003224664181380456	1.941678910703235e-08	-9.221942420346437e-07	0.0027438382588637973	-0.00021550313204618185	-5.880354695275915e-05	0.00014044356094881393	1.0846720556278675e-05	1.2417500907519281e-05	-0.0001255178168002679
0.66	-2.039274930563505e-06	-2.40263592894479e-06	0.0032256892037271735	2.474874439246534e-07	-5.206925846344371e-07	0.002742488100648968	-0.00012890650335484866	5.96029706730841e-05	5.01858125193936e-05	4.792836662167734e-05	4.32107264630038e-05	-0.000142744906744854
0.67	-2.7089628068570514e-06	-1.192166138930871e-06	0.0032257950684897213	8.815782571360548e-07	-1.19830719787074e-07	0.0027412983086131724	4.042975017900887e-06	0.0001513133368876709	-3.9794854403995225e-05	5.5654781805428053e-05	6.375683654862585e-05	-6.996047807232737e-05
0.68	-2.3322586111817305e-06	3.7171268511583206e-07	0.003224856824607187	1.382447369128017e-06	5.480394972052171e-07	0.0027414826227346763	7.20011008172655e-05	0.00018375927539350192	-0.00012514002604453918	2.705238371316178e-05	5.0561576551935594e-05	8.040805661875654e-05
0.6900000000000001	-1.2902993284203412e-06	2.0387781958143752e-06	0.0032235549091015857	1.3701995366973258e-06	6.761518526120096e-07	0.0027425077819188265	0.00016281620419805173	0.00013356844959675398	-8.747971767214625e-05	-3.726840186201104e-05	-1.4911968209221491e-05	0.0001323998556175484
0.7000000000000001	4.229772503757949e-07	2.641167439927114e-06	0.0032234720302509257	6.499311704718878e-07	5.114732624363951e-08	0.002743412470569082	0.00016865446913176115	-4.106410558055567e-06	8.23564460281859e-05	-9.083120569002221e-05	-8.551773341566913e-05	3.6908981686379444e-05
0.7100000000000001	1.884675157878553e-06	2.00513670460104e-06	0.0032249234055254645	-1.6775646814170855e-07	-7.938387610194439e-07	0.002743391649312184	0.00010790711383401357	-0.00011639066299311327	0.00015591924939962183	-7.972686867609205e-05	-9.779167202274996e-05	-4.3239030595634455e-05
0.7200000000000001	2.557647116025613e-06	6.239117319375961e-07	0.003226302168438176	-1.0131569496932136e-06	-1.9192282883189938e-06	0.0027429342244064078	2.175787199092299e-05	-0.0001606470465913235	9.447191522775514e-05	-7.013808084561346e-05	-0.000112721566005747	-3.384885630486975e-05
0.73	2.022977004346254e-06	-6.647598955058813e-07	0.003226522314378791	-1.4915935389852013e-06	-2.7843987056217046e-06	0.0027425758900215054	-0.00011656514529901934	-0.00010310350332504646	-5.0144825455182695e-05	-1.944573157953383e-05	-3.770185449030655e-05	-1.9949028917466124e-05
0.74	6.009345427167632e-07	-1.354523837826847e-06	0.0032253267083842004	-1.5256011627669801e-06	-2.4301231379399294e-06	0.002742721403803118	-0.00014214506013672485	-3.268864725828139e-05	-0.0001639463152491018	1.0926658649171922e-05	9.20023666358054e-05	2.4434412819146417e-05
0.75	-5.90844547354923e-07	-1.1301907310938798e-06	0.003223561173767378	-1.280088538450805e-06	-1.0657720245151946e-06	0.0027432259578197794	-8.923616129028221e-05	5.849506385727596e-05	-0.0001693448086457452	4.23765453683384e-05	0.00017682398022811425	6.0343062397515826e-05
0.76	-9.213719396028204e-07	-3.03437262850086e-07	0.003222645817916295	-7.577477452140009e-07	5.667770379619583e-07	0.0027433941516040155	-1.1205304889193318e-05	0.00010276608000384482	-1.472873934397284e-05	6.241449888429061e-05	0.00014542535272096588	-2.534729070507534e-05
0.77	-9.566552246752475e-07	5.418124930495375e-07	0.003223704705859492	-1.8533638316629773e-08	1.8112425488336664e-06	0.0027428187616333225	9.151503899890878e-06	7.346978639417212e-05	0.00019857002990217583	7.862558153719699e-05	9.682201516320155e-05	-8.182514536618866e-05
0.78	-6.63052237286909e-07	9.479701549394007e-07	0.0032258710585376126	7.978648079011242e-07	2.16308020879524e-06	0.0027420251219530834	2.6253625296028597e-05	-4.361337795294402e-06	0.00019937106741353724	7.885954459707804e-05	9.019196522726698e-07	-5.0752149262005775e-05
0.79	-4.600737630919527e-07	7.335573275859878e-07	0.0032269456025840492	1.5450384262917703e-06	1.7538716587504235e-06	0.0027418722092357414	1.1302576638713798e-05	-4.8100422731938034e-05	-9.923021950512487e-07	5.7623603070881306e-05	-9.299351017259664e-05	8.486128508150398e-06
0.8	-3.014137785925676e-07	2.4644957103883923e-07	0.003225971800501713	1.8451884489278254e-06	6.698397663487858e-07	0.00274240569027	2.2166828434818352e-05	-6.711377552333025e-05	-0.00018108013046136444	-1.3696749069750264e-05	-0.00012097562185915225	9.445686969333545e-05
0.81	-3.858240874917732e-08	-5.713837864960737e-07	0.003223888576291325	1.3460701368782188e-06	-5.321278205880024e-07	0.0027435459868173583	4.118039036651542e-05	-9.217659160936707e-05	-0.00020166547282565776	-6.96821169828875e-05	-0.00013430176755698352	0.00011260841818205081
0.8200000000000001	8.917134640698026e-08	-1.2328983217723363e-06	0.003222613429637785	3.53380987912303e-07	-1.8337882529312268e-06	0.002744015573271191	1.3827653175839328e-05	-5.4929532771834633e-05	-1.6946998992637775e-05	-0.00010990197376482548	-0.00013015702299560623	-1.984710638618003e-05
0.8300000000000001	1.0200113222543994e-07	-1.157076685313013e-06	0.0032237877218447334	-7.130058849886077e-07	-2.764951361111307e-06	0.002743291771486656	-1.92945073010404e-05	6.291978983936481e-05	0.0002068166672248211	-9.711519702214444e-05	-3.620915547488503e-05	-0.00010732480298832762
0.8400000000000001	-1.6799267775154047e-07	5.991790115253431e-08	0.0032261419814355544	-1.2618506551447537e-06	-2.6231106072993605e-06	0.0027422661577428883	-3.427841308053447e-05	0.00014115313057763191	0.00021476843927771915	-4.446807809716545e-06	6.0729092861206586e-05	-6.160855975427991e-05
0.8500000000000001	-1.875943758947861e-07	1.5105715457190948e-06	0.00322719165185323	-1.0119656025823734e-06	-1.7134986713607585e-06	0.002742046683761558	2.552210981337348e-05	0.0001118276602329466	-1.8663338359372985e-05	1.7886787318257943e-05	0.00012890726491874757	1.4979174801904286e-05
0.86	2.1528479130938918e-07	2.071330098531458e-06	0.0032258679355448554	-4.93690119905347e-07	-2.91453293783039e-07	0.0027428784445392694	2.859333129994359e-05	4.602997194601004e-06	-0.00021327084289042805	3.774678574629098e-05	0.00013784185845015383	0.00013607588020008455
0.87	5.480643882730544e-07	1.9806117256856086e-06	0.003223888876400303	1.1072845754239457e-07	6.812871344429197e-07	0.0027440012310331256	4.199363878571379e-05	-2.6844514016619856e-05	-0.00016518828358197692	6.590750575611236e-05	7.341931444634354e-05	7.900012040116413e-05
0.88	7.710296393241352e-07	1.245703373948089e-06	0.003223091288878486	6.522430939043264e-07	1.0185077000694123e-06	0.0027439026602150145	-1.362577081792006e-05	-0.00010835091254298942	2.2271982857865693e-06	4.988000421524459e-05	2.1786370472695383e-05	-7.148442269962301e-05
0.89	5.787692388027729e-07	1.0210122323783695e-07	0.0032239015633494144	9.787777209973922e-07	1.1870444056012332e-06	0.002742737697278587	-2.970066790294108e-05	-0.00013086124984163514	0.00015229887735449294	1.256300191485135e-05	-4.0257068955649206e-06	-0.0001627390898582163
0.9	2.8165873471366375e-07	-1.0610065777823246e-06	0.0032254827313259915	6.009719834528866e-07	9.011985901160909e-07	0.0027413503435744853	-4.90579287102225e-05	-0.00010453772666968966	0.00014363423558054012	-5.794879280238913e-05	-2.9784232024287514e-05	-7.733617101798545e-05
0.91	-4.2047273541167673e-07	-2.0746280969413165e-06	0.0032264026355240355	-1.7670444986556908e-07	4.2972430560838e-07	0.002741499818712077	-7.498118543768484e-05	-8.734258308566957e-05	1.6382243624912836e-05	-9.7273703407834e-05	-6.648632611904831e-05	9.650149106178104e-05
0.92	-7.003917049900939e-07	-2.1692304762189232e-06	0.0032259684437152933	-8.379866345148822e-07	-2.927668263648509e-07	0.002742887287122818	-1.4008877843789746e-05	5.853620317457344e-05	-0.00010452273167587334	-4.3817390152414984e-05	-7.646835909807945e-05	0.0001736096538737168
0.93	-4.431176529576756e-07	-1.0915892791642941e-06	0.0032246049732984447	-1.095942453743072e-06	-8.972065672349603e-07	0.002744282990125208	6.409057714046375e-05	0.0001301738065929077	-0.00014078517178878018	1.8402695922441352e-05	-1.462967855543629e-05	0.00010825136703569668
0.9400000000000001	2.906906929974229e-07	2.7105259190664237e-07	0.0032235685201258586	-9.004188928071821e-07	-7.303202619875039e-07	0.002744536430810046	9.758919963754748e-05	0.0001304112512146609	-3.672902156103497e-05	3.177164810690156e-05	3.297251561734936e-05	-7.629361883975595e-05
0.9500000000000001	1.1964100339943557e-06	1.4501079222406396e-06	0.0032239005164936196	-6.953144514136657e-07	-2.347176682314526e-07	0.0027430349699805565	9.31517896736747e-05	8.658804743255259e-05	8.263829807983473e-05	9.567432263160562e-06	5.515549350566069e-05	-0.00020285520998935126
0.9600000000000001	1.81538170249699e-06	1.7784155405705906e-06	0.0032248618361274527	-5.600170737239732e-07	4.0593270457307676e-07	0.0027410765404635813	3.505728604724921e-05	-1.900746767042641e-06	8.619227994850485e-05	2.3234832445600002e-05	4.529932609207135e-05	-0.00014960411265488907
0.9700000000000001	1.680099148604721e-06	1.651535246764081e-06	0.003225471868199994	6.158188111963233e-08	5.514351014158034e-07	0.002740562473891807	-5.906425854710074e-05	-4.448566698476227e-05	1.6493172788650127e-05	9.135984433571746e-05	-9.663599195620212e-06	4.385806697030228e-05
0.9800000000000001	1.0301221421804595e-06	7.853769793944757e-07	0.0032249312786562707	9.973738483643419e-07	3.796166894630126e-07	0.002741821267500346	-9.097609081233173e-05	-0.00011726163582658257	-0.00011210131458930358	8.488129639174436e-05	-1.7260633676100952e-05	0.00018561412831463652
0.9900000000000001	-1.4058014094430736e-07	-4.368991005454428e-07	0.0032239508549340946	1.4899746659798336e-06	-6.894143539834562e-08	0.002743600020438346	-0.00010998179665019311	-0.00011349414285357709	-6.341895051901255e-05	1.1599030730312387e-05	-4.973394869289837e-05	0.0001734774019254295
1.0	-1.3304347315077523e-06	-1.2889448645876797e-06	0.003223890965287921	1.3242090301892914e-06	-2.1160860149827442e-07	0.0027446534305170535	-0.00012510310785457838	-4.9775274055070606e-05	5.67839910829751e-05	-4.5929821150235814e-05	-2.568814172240334e-06	2.413718704238982e-05
1.01	-2.230001875188795e-06	-1.4608273618019828e-06	0.0032248884528877694	7.561234183139725e-07	-9.546519803162721e-08	0.0027441572951006944	-4.359749967403829e-05	2.553827685979428e-05	0.00014173991655219478	-6.95520084170451e-05	1.978075651159436e-05	-9.336454075946304e-05
1.02	-2.289831698601226e-06	-5.753322289717397e-07	0.0032260846713326003	6.508052526718432e-08	2.2779151587399882e-07	0.0027429052357096427	5.263984246288563e-05	0.00012983320332276733	7.745780594034287e-05	-7.83200753715958e-05	5.925726517312038e-05	-0.00014750823674437432
1.03	-1.4620019642325127e-06	5.698935464333802e-07	0.003226215650233775	-5.238633599865358e-07	6.755391244413479e-07	0.0027419048007707053	0.00011435812040748013	7.516947643710876e-05	-6.416595337649294e-05	-4.1720136466609315e-05	3.005287224808475e-05	-4.2769200174459436e-05
1.04	-8.06784051058631e-08	1.0347708003556954e-06	0.003225052370979113	-6.462067641012001e-07	8.599785108073524e-07	0.0027419382167361258	0.00015948613822053964	-2.2632661751412015e-07	-0.00016667096213965205	1.9602626721280456e-05	5.336689424170313e-06	4.4358136577099874e-05
1.05	1.20356759688126e-06	7.316272592365526e-07	0.0032235158898769383	-1.3424206815224443e-07	6.942810354814672e-07	0.002742617090684702	8.291833479441486e-05	-4.749437875813775e-05	-0.00012301307862654486	6.500902355345452e-05	-4.3151344756042014e-05	8.495610345743776e-05
1.06	1.869320719988059e-06	-4.721974413317973e-08	0.0032228085698265308	4.4990743504625085e-07	2.1667727578136282e-07	0.0027429874397465227	5.2738101006996335e-05	-9.318278553696443e-05	-6.811176040660792e-06	4.2935751386843554e-05	-5.6933171941073215e-05	-1.7449874065848886e-05
1.07	1.8709340925917198e-06	-8.857061771620548e-07	0.0032233571070549587	8.187841911593449e-07	-1.6034364626715163e-07	0.002742372914905109	-7.981097895570274e-05	-7.569906453233317e-05	9.56072693237206e-05	2.992461555411591e-05	-4.4299323967057e-05	-8.404701543209926e-05
1.08	6.880584020107639e-07	-1.4801891051850737e-06	0.0032248715195501406	7.430863505582116e-07	-4.3951766121172737e-07	0.0027417408692410193	-0.00014525670606826488	-3.209336948693585e-05	0.0001756901457875812	-2.8341615293079655e-05	-1.0203269482237164e-06	-3.491469289030119e-05
1.09	-8.943559883800205e-07	-1.550607617897932e-06	0.0032262660950900064	4.0267410342554845e-07	-2.48685701812163e-07	0.0027422124902582177	-0.00016851804784785728	1.602577248492681e-05	0.00010295998425034487	-2.7850634090528937e-05	5.593167453675865e-05	0.00012630515450763277
1.1	-2.3159545019289075e-06	-9.975566451981275e-07	0.0032265735266648284	-3.6178673412599107e-08	-8.236880573875978e-09	0.0027437768175560874	-0.00010513751344044419	6.570354915404471e-05	-2.5962438027183088e-05	-5.205159442678197e-05	6.60265362009913e-07	0.00017485703308142532
1.11	-2.629526074755101e-06	4.522104732023586e-08	0.003225814386003518	-3.479178448870301e-07	-8.591770608584584e-08	0.0027447298512516217	4.848902716080952e-05	0.00014059660300244097	-0.00012516808257861465	-2.6489598607254318e-05	-2.9200821804871765e-05	1.6746991684466145e-05
1.12	-1.7810413663133153e-06	1.134751158973322e-06	0.0032246342284336774	-3.354587566089626e-07	-4.0739241469435676e-07	0.002744255068865371	0.00011146429717678739	7.937535748209246e-05	-8.00791686038919e-05	2.910135021066638e-05	-7.2900091648508966e-06	-0.00010461661024554057
1.1300000000000001	-4.488565572475118e-07	1.6979371598850589e-06	0.0032240791585030964	-2.6770406641752755e-07	-3.275663583409704e-07	0.002742691355438169	0.00016423042121876786	1.5017274125009019e-05	-2.8059326261032588e-05	-9.574296153763797e-06	4.890805693611384e-05	-0.00020405315465169143
1.1400000000000001	1.1217006909687894e-06	1.4046044561798693e-06	0.003224065846487157	-1.3906035473062208e-07	2.0431644056215054e-07	0.0027408733697484675	0.00015689622645723896	-7.322887990466127e-05	3.055014205471774e-05	2.4082894184336344e-05	5.563712100682109e-05	-0.0001192225857403955
1.1500000000000001	2.185801476643484e-06	2.3401310709856548e-07	0.0032241258291334	8.599966006721394e-08	8.293783622377014e-07	0.002740320694223865	4.8459431794868745e-05	-0.0001491518417044542	-1.7304656581780362e-05	-5.566439570264664e-06	6.091491119944088e-05	1.6210670773055585e-05
1.1600000000000001	2.187325359476537e-06	-1.0547466324600081e-06	0.0032238790563471026	-4.853215317432075e-08	1.1405493613541658e-06	0.002741538268089985	-5.634785601185826e-05	-0.00011571620136437701	-1.2904240354874303e-05	-1.7443214559800698e-05	5.363018083720601e-06	0.0001967399815936104
1.1700000000000002	1.1708216353234231e-06	-2.077993086048028e-06	0.0032239200934740093	-1.4103060246597638e-07	7.947857437616825e-07	0.0027435618564581716	-0.00011283182521232093	-4.7332990749757036e-05	3.1492647510021644e-05	-8.296919444608879e-06	-6.078789502647851e-05	0.00019878432871139559
1.1800000000000002	-3.0902084107973347e-07	-2.0608142603166555e-06	0.0032246525140135333	-3.607667757081153e-07	1.1433603480141153e-07	0.00274490531623196	-0.00015545142374669358	3.817864058469113e-05	0.00012884118197828922	-2.8623013015654184e-05	-7.279913641420802e-05	4.2254345083090845e-05
1.19	-1.7337896359079058e-06	-1.4033218018092961e-06	0.003226033486268952	-1.4455334313161723e-07	-2.856979190530169e-07	0.002744617327995287	-9.91697955336166e-05	9.969854855583122e-05	0.00013996336913765523	5.738104833039429e-05	-1.0274711704133095e-05	-7.732328469400085e-05
1.2	-2.081978467078555e-06	4.926163315236154e-08	0.0032267433328180095	4.90228202242523e-07	-3.4806984564859593e-07	0.0027432265060382552	2.7972407170612116e-05	0.00017136548980428468	-2.820465031588013e-06	6.697749724784347e-05	2.0076968299135696e-05	-0.0001520892944640374
1.21	-1.518103522219651e-06	1.7016081200484924e-06	0.003225647506648955	9.65771508149206e-07	-8.214841863007516e-08	0.002742089775620894	8.261694473480041e-05	0.00015920966074775417	-0.00018846531122003164	1.6408600329338798e-05	5.053289770468222e-05	-8.699647574571965e-05
1.22	-2.508818587681909e-07	2.4937391281562805e-06	0.003223545261310627	9.68960381433498e-07	3.7110370105690236e-07	0.0027417312468877076	0.00013445048208197462	1.9145754634929327e-05	-0.000223087592600748	-2.3805626483151577e-05	3.53790398606307e-05	1.4461734824234175e-05
1.23	8.329213026773712e-07	1.6948325932284107e-06	0.00322194434191175	6.76796009106428e-07	4.827957381633835e-07	0.0027420453538557067	7.47841024173542e-05	-0.00017350815248070464	-5.940983798451004e-05	-5.117079610819855e-05	-2.3414406288443954e-06	3.48334608338028e-05
1.24	1.2246072065191374e-06	-1.1319461264350607e-07	0.003222436675755855	1.4007626801837922e-07	2.9091646625989555e-07	0.0027422969387792644	3.4903559907910206e-08	-0.0001699184963268283	0.00017055333814044828	-6.441982555683614e-05	-2.94939558622018e-05	-2.2929777004658904e-05
1.25	9.97477572503793e-07	-1.6103731919139275e-06	0.0032247423109637596	-5.57481581346909e-07	4.727614391708244e-08	0.0027418922279242174	-5.773474793215886e-05	-0.00010675591536169575	0.0002515265167633142	-5.843973782960511e-05	-2.6510730767556394e-05	-9.977190282959548e-06
1.26	1.4556846415111095e-07	-2.2060811986599345e-06	0.003226854462362662	-9.807382867788607e-07	-8.150346730678201e-09	0.0027420779129002522	-0.00010597282629334631	2.336461651841216e-06	0.000148111316020392	-1.5001301782125955e-05	1.7537569795809834e-05	5.325419984341581e-05
1.27	-9.239743765757954e-07	-1.667477484178488e-06	0.003227326754584494	-8.889524481768049e-07	-7.137206028095787e-08	0.0027430328481249456	-9.03915371071519e-05	9.892839602084317e-05	-6.645350744936933e-05	2.6337353825712336e-05	-1.3647420975753824e-05	0.00011799782789225005
1.28	-1.4654757700238914e-06	-1.3416495321726686e-07	0.0032257767555702085	-5.943895747074834e-07	-3.405723621541629e-07	0.002744101318387659	-4.003307846009427e-05	0.00017422785526979124	-0.00020043460243000645	4.961828725100497e-05	-1.934042576281796e-05	8.454833767153878e-05
1.29	-1.4106768836878983e-06	1.3811550813247935e-06	0.003223880086247215	8.072103772914224e-08	-5.073906804824874e-07	0.002744320373804523	4.696359479919686e-05	0.0001315742800433473	-0.00015480757726551788	6.213008368728752e-05	-9.712544302476566e-06	-5.5706179746050866e-05
1.3	-9.500787761215339e-07	2.0716593409429348e-06	0.0032232634478594705	5.972456633621808e-07	-7.71015091421098e-07	0.002743177410199826	3.9152538326882536e-05	5.357253485683454e-06	4.3024325741287385e-07	5.199551933664869e-05	-3.6778795314655786e-05	-0.00016176419792846727
1.31	-4.943569272728706e-07	1.6454729386456206e-06	0.0032239600856979354	1.1174262235806284e-06	-9.228412482553062e-07	0.002741626275533757	6.002266548825647e-05	-6.304596717058985e-05	9.979308707269477e-05	5.534677201975758e-05	-5.455756929728456e-06	-0.00012382242325188037
1.32	-8.536178910157848e-08	8.736507199027238e-07	0.003225013069935606	1.711333507378553e-06	-7.607272490142393e-07	0.0027407018087341993	3.313340978179267e-05	-0.00011566195404730463	0.00010611027192760348	4.017217896850289e-05	4.283325981636745e-05	-4.4954264715120006e-05
1.33	1.4245535240285987e-07	-4.1140906747890555e-07	0.003225466407953999	1.7481419490443696e-06	-2.7189813386587006e-07	0.0027408765898553644	1.9276356236487144e-05	-0.0001365150613248269	2.5614955521590583e-06	-1.1568421088920155e-05	4.717962649534801e-05	8.547023027921665e-05
1.34	1.434883459324468e-07	-1.6557323191011818e-06	0.003224980349212102	1.1328862505783165e-06	1.9160959589874507e-07	0.0027422070940639493	-2.2785896441888863e-05	-9.075854756930124e-05	-9.113969182194166e-05	-9.860512008083981e-05	5.4687433594669656e-05	0.00014980889064953343
1.35	-1.7211731208212032e-07	-1.8887537278357522e-06	0.0032242841997324385	-1.6080307449828435e-07	1.0813750057141773e-06	0.00274357888544226	-1.704281628904698e-05	2.5184578202724237e-05	-2.7921217902485036e-05	-0.00014905818012216735	0.00011494478320211575	9.948352585166791e-05
1.36	-3.171154693127751e-07	-1.2210821413993506e-06	0.0032246186713019097	-1.3437536513542983e-06	2.1010888775696435e-06	0.002744097916055408	-3.136679204159152e-05	9.334843100910402e-05	8.661350687706142e-05	-0.00010019405953908457	5.88017328229356e-05	1.1628866993210963e-05
1.37	-5.34694572874789e-07	-5.098944131587216e-07	0.0032257136805508456	-2.0723865409396074e-06	2.463981238165603e-06	0.00274372443815538	-7.164988402363504e-06	4.209759894651591e-05	0.00010490272864145435	-3.294242760885364e-05	2.6432331123008e-05	-8.031560550710038e-05
1.3800000000000001	-2.7255773183277905e-07	-3.2031484507677447e-07	0.0032262856246278843	-1.8669058161507827e-06	2.2066371258632715e-06	0.0027425852847924597	2.233243252172802e-05	1.43825474094769e-05	-5.7937954921443925e-06	6.906179793948227e-05	-7.024941700337982e-05	-0.00012074354133261554
1.3900000000000001	2.3009355816453193e-08	-4.1925662736835097e-07	0.0032253658766630794	-7.146374964662571e-07	1.1805500637814876e-06	0.0027416751887501638	4.288384872558334e-05	-2.18460194536965e-05	-0.0001547238624929959	0.00014954158273264864	-0.0001422316745532442	-5.783922689981039e-05
1.4000000000000001	1.3004709549976868e-07	-4.900588977443544e-07	0.0032239103021279697	5.805300289183242e-07	-2.3617298451815113e-07	0.0027415220771591655	1.841200246010957e-05	3.0389235320935053e-06	-0.00012439047188152403	0.0001082550647697037	-0.00015574870237857586	2.010580607209112e-05
1.4100000000000001	2.1188423497783653e-07	-2.5752460043758474e-07	0.0032231612966015983	1.2682212916986421e-06	-1.564864511458942e-06	0.002741897701658785	-3.936195333276517e-06	3.071241402472472e-05	-3.926381738839946e-05	4.944712035391117e-05	-0.00011060689662478401	4.602480216370493e-05
1.4200000000000002	1.1460622677532338e-07	3.103078085433088e-07	0.0032235077404801846	1.3663341090009302e-06	-2.376159373903262e-06	0.0027422113640561386	4.0139787088210994e-07	5.21539618141231e-05	9.234932379848358e-05	-2.833595375586257e-05	-6.748965462609899e-05	2.5438552714209016e-05
1.4300000000000002	6.833457526988078e-08	8.448979696371489e-07	0.0032248284261682868	7.956070264425381e-07	-2.4683530349701014e-06	0.00274217746525208	-8.379724502918865e-07	7.622999208011237e-05	0.00015990329681988597	-6.089007907698863e-05	4.804178834816114e-05	-2.2485739498366028e-05
1.4400000000000002	-1.0249950284497344e-07	1.5456430709779718e-06	0.0032262182738774297	1.5742354036332554e-07	-1.5737466367708684e-06	0.0027420598683330893	-1.3116629982970993e-05	4.367867403196542e-05	9.560295337061077e-05	-3.8806425021070395e-05	0.00011912481429137002	1.6105319272568364e-05
1.4500000000000002	9.71749365113511e-08	1.822774010290138e-06	0.003226346219319825	-8.894846535099459e-08	-3.2613232641801027e-07	0.0027424183763924675	2.319057530962514e-05	-2.1983175936078402e-05	-9.405672581390007e-05	-3.605836941184151e-05	0.0001444703648593244	8.956900000324402e-05
1.46	4.786651475959556e-07	1.338319161513571e-06	0.003224888273642444	-3.497763144160189e-07	1.1110391883090824e-06	0.002743601148507044	1.7707256409402542e-05	-8.189152972038764e-05	-0.00015854172525769477	-6.211205725794163e-06	0.0001416255952854803	0.00011730411161544173
1.47	3.3357936978108877e-07	2.4271261225095715e-07	0.003223616650872084	-3.664238464409232e-07	2.111402912509634e-06	0.00274420032815029	-2.3238674176423225e-05	-0.00012702415719715904	-7.064092174596139e-05	1.1141859027704271e-05	5.150261800605331e-05	1.3712927583626859e-05
1.48	1.3343328896073805e-07	-1.0454640344342342e-06	0.003223520255253644	-2.4813022579600346e-07	2.102746948269144e-06	0.0027436493178526946	-3.23289942034075e-05	-0.00013687225872001868	4.258825470195333e-05	1.2668392791878467e-05	-2.169300576039549e-05	-0.0001366946832237947
1.49	-1.6962003484256162e-07	-2.089709965965442e-06	0.003224398138264638	-2.5881996119962618e-08	1.2681496370685224e-06	0.0027422538569111393	-4.095364212809595e-05	-4.1370213185216115e-05	0.00011027766952317096	1.3999992949080383e-05	-0.0001323763027192688	-0.0001300911100147009
1.5	-3.0538833039028455e-07	-2.1239971481668686e-06	0.0032254988690973638	2.237401526858661e-07	1.505830890355153e-07	0.0027413488371711993	-8.329294474877531e-06	5.298769481233006e-05	9.265146406619893e-05	1.569239031922106e-05	-0.00010694259382383599	-5.318416403660916e-05
1.51	7.294511752443678e-08	-1.0914660868555404e-06	0.003225825102344045	7.82586632066667e-08	-8.935932991342899e-07	0.0027417325466042148	6.086682188627168e-05	0.0001386920856075379	-1.6231732295374534e-05	-2.8093503949396587e-05	-6.261221365689607e-05	9.954317584602732e-05
1.52	5.4781379804164e-07	4.2648461719546165e-07	0.003225220654148672	-2.0116697853245303e-07	-1.405145906496726e-06	0.002743155191622451	3.964752974560163e-05	0.00016569110917900347	-0.00011405360011691723	-4.255693060649653e-05	-6.008674067777252e-05	0.0001577923425698956
1.53	9.03829536747245e-07	1.74712317419096e-06	0.0032241084101679797	-4.764655076829706e-07	-1.6215990255444804e-06	0.0027445563702162223	5.265886079234488e-05	0.0001105598126846244	-7.352767966811048e-05	-4.194544074663315e-05	1.982861490928313e-05	9.451399361076906e-05
1.54	1.2838367360659976e-06	2.5066337451966156e-06	0.0032240690932810526	-8.447802627121627e-07	-1.318121269643213e-06	0.002744569658479895	1.661987683948257e-05	2.5935461328621918e-05	4.511584778338074e-05	-1.3329761108475033e-05	2.141306864949713e-05	-7.840017391311729e-05
1.55	1.323455561771409e-06	2.1136438105745165e-06	0.0032250426476643666	-1.0047512694705156e-06	-9.663177533131956e-07	0.0027432521185215488	-4.690532280090352e-05	-8.941519277297081e-05	0.00013855130557080054	-2.2798477600646144e-06	7.594700361701673e-05	-0.00017278352836505934
1.56	7.396013827409037e-07	8.13579212194524e-07	0.0032259931733678157	-8.41031871409372e-07	-1.863500246394017e-07	0.0027417374516885487	-4.681243863215171e-05	-0.0001601043716271263	3.984290116366136e-05	4.893903496517706e-05	7.34145102803031e-05	-0.00010783415677539664
1.57	1.9188727327999125e-07	-8.315830825406204e-07	0.003225682486538617	-3.235378441147632e-07	5.055747255320406e-07	0.00274120718404033	-5.5260563079002366e-05	-0.00014414791318823547	-9.792791028434322e-05	5.628593743083266e-05	4.4972066937338955e-05	-1.5631591432089917e-06
1.58	-3.00696739441044e-07	-2.008172547318631e-06	0.00322429602420516	6.435911921974653e-07	9.114105047091813e-07	0.002741752297621418	-1.7023675325862983e-05	-7.997949378201139e-05	-0.00013901305898771812	0.00011564974710919091	1.5318851371326396e-05	9.259123379315176e-05
1.59	-5.031473103368176e-07	-2.357834973134599e-06	0.0032232616884789386	1.6350644670595561e-06	1.144434553644057e-06	0.0027427120663030503	-5.025621043112147e-05	1.3331606758759484e-05	-7.030714360954624e-05	8.318164434455921e-05	3.3740241550693664e-05	8.137300371705301e-05
1.6	-9.458828457424207e-07	-2.016833822283549e-06	0.003223495336784602	1.9964280997913456e-06	1.223796714457899e-06	0.0027433227474613488	-3.588873085283724e-05	6.66596517398295e-05	0.00010578759225527852	-7.0017765631213995e-06	-1.2133551844230769e-05	1.3856309148764044e-05
1.61	-1.204644788656245e-06	-9.587547722494009e-07	0.0032247415125421217	1.8415658792341649e-06	9.419889756417216e-07	0.0027430057650512265	8.038911611903859e-06	0.00012392030595515457	0.00013353734760631326	-2.348828561214185e-05	-6.626436707209345e-05	-5.614392527636219e-05
1.62	-9.495499712508413e-07	6.706055583261831e-07	0.0032259677872562274	1.3147854942740859e-06	1.7897927374140486e-07	0.0027423834729832816	3.8958163439561325e-05	0.00019499154930445272	9.028372735454084e-05	-7.31450099555186e-05	-5.959118557353542e-05	-5.944729189445e-05
1.6300000000000001	-1.7996098344649105e-07	2.5358858880843837e-06	0.0032263393861521224	5.355253295132258e-07	-2.586196208444175e-07	0.002742087479890731	0.00010373096572578161	0.00012258610944867424	-2.9540676715506722e-05	-8.612389888698245e-05	-5.245779660045149e-05	-1.0848766037930891e-05
1.6400000000000001	9.315550373844071e-07	3.170547928134033e-06	0.0032254257136952597	-4.4202937665693414e-07	-7.715155488933147e-07	0.0027423400429941987	0.00010141037112202483	6.032211550250571e-07	-0.00012299337342636503	-7.633285467178048e-05	-3.494201810398961e-05	6.063186513693318e-05
1.6500000000000001	1.89031458204412e-06	2.5502225617044554e-06	0.0032240165257640028	-1.4013182593621867e-06	-9.59576416341224e-07	0.0027431621602588144	7.976387630421512e-05	-0.00011543210726668661	-0.00011886236803710283	-7.608057500797292e-05	-1.6047676095613645e-05	0.0001058455587679308
1.6600000000000001	2.4299379608463548e-06	8.867039505783011e-07	0.00322328895717145	-2.0072882250469195e-06	-1.0690591515254656e-06	0.002743989274530992	1.2730784248689522e-05	-0.0002084469246016142	1.2292590606766654e-05	-4.449819101176083e-05	1.6392443821854354e-05	4.516133529910481e-05
1.6700000000000002	2.1220105632384674e-06	-1.0303245367088827e-06	0.003224091310544045	-1.977861936297385e-06	-6.527123360072456e-07	0.0027439318594127534	-6.472134228518828e-05	-0.00019457415342154927	0.00014807313333423173	4.7889206640185135e-05	7.396910702325257e-05	-6.96154468790793e-05
1.6800000000000002	1.3676296226426186e-06	-2.4635404343025095e-06	0.0032254235080896526	-9.869839821183008e-07	3.750619824099708e-08	0.002742846127455282	-9.609610902234754e-05	-7.497064003820177e-05	0.00011327538420353744	0.00010819696207812122	8.605382292957049e-05	-0.00012105292614838087
1.6900000000000002	3.9936422101565095e-07	-2.508508936477397e-06	0.003226286670222337	1.453066742009254e-07	8.536433904591538e-07	0.0027418201487749354	-0.00010497725115287079	7.338107337072736e-05	4.953755042811239e-05	0.00011471843805927041	8.100850239308333e-05	-5.504794381880176e-05
1.7000000000000002	-9.929852313060577e-07	-1.3470451138033445e-06	0.0032259093860344946	8.631719900174051e-07	1.3873157587695079e-06	0.0027417434086985243	-0.00013430685869058215	0.00013849306048649185	-0.00010101060929459165	4.270125003120468e-05	3.1967500683757204e-05	3.613452983972142e-05
1.7100000000000002	-2.180285066516639e-06	2.125084458948485e-07	0.003224402987504065	1.133296630480251e-06	1.5767493162353782e-06	0.002742522881283151	-7.065830971093345e-05	0.0001421026868346835	-0.0001676566637551115	1.688149035757736e-05	-1.577920612211287e-05	8.38129815662324e-05
1.72	-2.285085320672171e-06	1.193005626956212e-06	0.003223304504626828	1.2627374488576409e-06	1.2868908655527916e-06	0.0027432355087514742	3.1682993726935746e-05	5.114480943039123e-05	-5.231655986173851e-05	5.00360940249843e-06	-4.040437133593088e-05	5.302844158887015e-05
1.73	-1.5962891130543184e-06	1.2920026815887213e-06	0.0032236893238118246	1.426404234749515e-06	5.559321765281289e-07	0.002743410479474416	0.00013317686991576078	-2.3692489101800503e-05	0.00010407506288198587	-1.049716264960812e-05	-9.544695620791197e-05	-1.091550495914431e-05
1.74	3.2338095172689526e-08	9.749455804676276e-07	0.0032249600124668446	1.2656457149914159e-06	-6.492440099455317e-07	0.0027430457142815384	0.00017568861535928953	-5.9983869461098684e-05	0.00013787987118168795	-4.619384527494915e-05	-0.00014743579486936254	-4.863531513444944e-05
1.75	1.5912316887604353e-06	4.386204008389526e-07	0.003225958359504641	5.323340127475204e-07	-1.972314256317515e-06	0.002742464836574336	0.00014213139613204038	-6.667011457635254e-05	3.2576408170462085e-05	-9.173115073965376e-05	-0.00010192951001727638	-4.9957591712939005e-05
1.76	2.56508377803835e-06	-1.713039552662586e-07	0.0032258163592775303	-4.759886359194937e-07	-2.6715042135127434e-06	0.002742386136652818	5.198352283765887e-06	-5.325828684524417e-05	-6.546693591980059e-05	-0.00010697310505797258	-5.750001717973468e-06	3.1798254341967215e-05
1.77	2.196556472920842e-06	-6.551341829918401e-07	0.003224805514355383	-1.4466517320843195e-06	-2.5074296040144137e-06	0.0027427962165095096	-7.481857039888873e-05	-2.6333044449867862e-05	-0.00012586961328667594	-8.652071956672092e-05	5.41618779030376e-05	4.862186419081331e-05
1.78	1.1995497083860584e-06	-4.5464714859603113e-07	0.003223775592592431	-1.7091550548144316e-06	-1.5068003598874644e-06	0.002743108634307976	-0.00011456504383066788	5.253797040382742e-05	-6.375659035324976e-05	4.240080603560625e-06	0.0001526774884477221	1.2598823743728906e-06
1.79	-3.0213791641444246e-07	1.9829978902427093e-07	0.003223866474306475	-1.381079113061816e-06	3.568669315848817e-07	0.002742954256750033	-0.00016095697437061598	9.609480524623808e-05	8.653403733181657e-05	5.574363733258599e-05	0.0001811414082631207	-9.33530015791356e-06
1.8	-1.7509851422078953e-06	9.19553665509982e-07	0.0032249370166827795	-5.91417918971329e-07	1.7191130793253196e-06	0.0027426941757443153	-0.00010457002627204735	6.385608090029808e-05	0.00011736833135954029	0.00010389223535352434	9.397441281203864e-05	-2.4540348727230746e-05
1.81	-2.4637301819967942e-06	1.2609869343506012e-06	0.0032259312473097157	8.570798892654554e-07	2.058477447754174e-06	0.0027425286971953454	-3.2703715103767924e-05	-5.160660409698544e-06	6.110283197051524e-05	0.00014899673674969433	-3.857413781083233e-05	-1.5545228110303593e-05
1.82	-2.3669688552781654e-06	9.331084122345366e-07	0.003226016829522949	2.330641892603315e-06	1.3777294449613375e-06	0.002742462729576646	4.563151698435975e-05	-4.749145105641078e-05	-6.697076695636143e-05	0.00011888149962293385	-0.00010462807758307792	2.0710551213134598e-05
1.83	-1.401747967456825e-06	1.8169397736476196e-07	0.003224935485815743	2.9824897532024775e-06	3.087605557036295e-07	0.0027427127076102074	0.00011474334764130994	-8.563616391435867e-05	-0.0001441048281873923	2.0342597229746993e-05	-9.431863348420402e-05	-5.09425365548893e-06
1.84	-2.221409311212879e-07	-7.219956325955661e-07	0.0032236602109698247	2.6015019736712637e-06	-5.406207805960305e-07	0.002742629609674275	8.359711955211484e-05	-8.690816971973555e-05	-9.016434250631826e-05	-9.078130217657682e-05	-7.992655889245344e-05	1.3498714624773547e-06
1.85	5.468487246764237e-07	-1.4752056137544393e-06	0.003223415754036283	1.1289890591763213e-06	-1.0952658376845195e-06	0.0027425692961154167	6.145409634315601e-05	-2.967903369454425e-05	3.343309530079061e-05	-0.00021579165479185313	-2.6372881265026097e-05	-2.551296063549687e-05
1.86	1.047689358262013e-06	-1.1733021705026324e-06	0.00322423609811233	-1.368438546131161e-06	-8.559810351331551e-07	0.0027422399406505354	5.6987231166683345e-05	8.792316254095467e-05	0.0001230387320211212	-0.00023804645675807494	6.680142901043808e-05	-2.901219410461028e-05
1.87	1.269068363368308e-06	-2.9009136202488176e-09	0.0032256552312367893	-3.3336942508065656e-06	2.0640176215693428e-08	0.002741944617063563	1.4868413724853644e-05	0.00010539943354998104	0.00011837089325256086	-0.0001328408370346493	8.740890917912252e-05	2.5349562289214776e-05
1.8800000000000001	1.2285680149477873e-06	1.0876061165471131e-06	0.003226058604786205	-3.8498211606088546e-06	8.201951735130652e-07	0.0027424753042965145	-2.7619049217126605e-05	8.413244725167061e-05	-4.18780056807261e-05	3.149161150414735e-05	7.429990543570651e-05	7.15758507518812e-05
1.8900000000000001	6.628907737047467e-07	1.5655467194719215e-06	0.003225144167163059	-3.0511600982937163e-06	1.3404100378948003e-06	0.002743204465672516	-6.374160546920265e-05	6.272051149972278e-07	-0.00010848613732879434	0.00013402766776911764	1.4359632483110562e-05	9.623247210400487e-05
1.9000000000000001	-1.356295681315542e-07	1.2942484989080665e-06	0.0032242076532113437	-1.0821861680886644e-06	1.085278467692397e-06	0.002743751194773581	-9.178225162509305e-05	-6.10476815378792e-05	-4.5723177728092676e-05	0.00022284370166748715	-5.7741175966297335e-05	-2.116098364016607e-05
1.9100000000000001	-9.649789759447146e-07	5.983140546471293e-07	0.00322437393914051	9.82389788104113e-07	2.681085306378192e-07	0.0027432768795489283	-5.733758630629791e-05	-9.03203663767613e-05	6.831387024523408e-05	0.000177057562852164	-8.063322821622967e-05	-6.529147239808182e-05
1.9200000000000002	-1.233597469294307e-06	-4.597118228496101e-07	0.0032250563489700517	2.522165467937573e-06	-5.401438003757733e-07	0.002742424712511889	1.6132082054983614e-05	-9.543491028844096e-05	4.0398531483566225e-05	0.00012449317412966724	-6.683504330098722e-05	-7.431660305694123e-05
1.9300000000000002	-8.350244795063298e-07	-1.265609762088361e-06	0.0032250967356012876	3.2362056182427947e-06	-1.5155156159205716e-06	0.002742078927566348	5.421938601838604e-05	-6.257384466826658e-05	-1.49363929792938e-05	1.0332138791785882e-06	-9.275674473499049e-05	1.4221726153868088e-06
1.9400000000000002	-1.6622707166289e-07	-1.5915294729229261e-06	0.003224851673747487	2.5340454036755484e-06	-2.2049987342977625e-06	0.002742419664052547	7.400055195773457e-05	3.998164282566757e-06	-2.551871826690922e-05	-0.00013064233719829317	-3.298876345049616e-05	4.8199394171342285e-05
1.9500000000000002	5.392976370548979e-07	-9.360933952453174e-07	0.0032247901613049997	8.418497782605403e-07	-1.8409657385610956e-06	0.0027429732936855166	6.358467432035261e-05	0.0001314641762634639	1.454984307563899e-06	-0.00018911823069564423	8.147031697463861e-05	3.894412814151954e-05
1.9600000000000002	9.69441254328785e-07	6.744340264519052e-07	0.0032248047645851243	-9.559382361384753e-07	-6.747989410512145e-07	0.002743384543469898	3.615374867445807e-05	0.00019184110415304708	4.161035527873978e-06	-0.00014384186485409139	0.00012110197438792834	1.8255219765945355e-05
1.9700000000000002	1.1228339941357647e-06	2.460938256818886e-06	0.0032250479996465582	-2.2126340968478607e-06	4.814401092307438e-07	0.0027433600512246563	-1.5426020094148162e-05	0.00013202439830440357	2.4312818116723435e-05	-8.93701391326907e-05	7.977126939268067e-05	-1.8167310721419054e-05
1.9800000000000002	8.537058528762007e-07	3.1610175102994394e-06	0.003225203902050763	-2.6163480655649553e-06	1.0378546035527674e-06	0.0027430317452847553	-4.535479481320274e-05	1.5317329151974942e-05	1.1445655294095258e-05	1.910578284202435e-07	3.462955190578605e-05	-3.405949486874033e-05
1.99	1.8203049067191974e-07	2.4306554925105396e-06	0.003225398024298253	-2.063067858474894e-06	1.113569712750534e-06	0.0027427460041355837	-5.810598048432616e-05	-0.00016350421964596748	-6.234202464066928e-06	0.00010287196706600709	-2.187413747317358e-06	-2.1292373880170813e-05
2.0	-1.1014292609973541e-07	1.461715097517297e-07	0.0032251339470990557	-7.918797405301371e-07	7.690238941375656e-07	0.0027424885195286917	-1.799459138702775e-05	-0.0002592885038651796	-4.3407756730382674e-05	0.00015288110963933448	-3.91970343614015e-05	-2.958087233548782e-05
2.0100000000000002	-1.8808143208296223e-07	-2.0970815744716755e-06	0.0032246346035046847	6.649003125333185e-07	3.3949913712720384e-07	0.0027423358984145245	2.2252807263870228e-06	-0.00019285123706643583	-5.5926938994302885e-05	0.00013631849923434252	-6.017378527816688e-05	-5.466095950892725e-06
2.02	-9.267923263460463e-08	-3.5134013633691874e-06	0.0032243488435935966	1.8429218298184105e-06	-2.9253009250666896e-07	0.002742447484220311	2.8086211200687657e-05	-6.204387060053444e-05	1.0559269429827653e-05	9.816326822389295e-05	-5.859541638809927e-05	4.0546928217430254e-05
2.0300000000000002	4.9051472387220766e-08	-3.2481272349701307e-06	0.0032247010933206806	2.458002569939088e-06	-7.683770606193777e-07	0.0027431016641285473	-6.18360135672766e-06	0.00011892051754928118	4.973252400090435e-05	8.56348981176779e-06	-1.3819562494240921e-05	4.8247506702938994e-05
2.04	-1.8829332521998363e-07	-1.3934862254086807e-06	0.0032251640172327872	2.0613843300350354e-06	-4.952792190958444e-07	0.002743482682216394	-3.47415107199158e-05	0.00021749561544588127	5.298562929195403e-05	-9.422372262068593e-05	7.005060131156457e-05	1.914716056582768e-05
2.0500000000000003	-5.635447877804783e-07	7.792282637253369e-07	0.003225449209897889	7.201122714915305e-07	1.7342745248949892e-07	0.0027435386088416336	-4.865216252773722e-05	0.00019908990449911548	1.708633501337399e-05	-0.00016543609073157062	7.636429876199815e-05	1.2452902411673293e-06
2.06	-7.433023246070003e-07	2.49205221493733e-06	0.0032254357144302407	-8.604188098657543e-07	8.731693331772395e-07	0.0027432511436329098	1.037010411454779e-05	0.00013778717871550146	-1.9892892728613423e-05	-0.0001534391959336141	5.502210209286498e-05	-4.832040186303934e-05
2.0700000000000003	-4.25569652289413e-07	3.0385353695530893e-06	0.003225226974307723	-2.1610462438048993e-06	1.2109811056384743e-06	0.002742558075325124	7.452416749044806e-05	-3.4961792777103885e-05	-3.2302921092569516e-05	-9.622345257876413e-05	6.418899521923424e-06	-5.3331903425151334e-05
2.08	2.830825156283845e-07	1.99097561080008e-06	0.0032246220977774536	-2.462552132733921e-06	9.83749193411739e-07	0.002742098238624797	7.545432329572243e-05	-0.0001675413169918109	-8.590429688271695e-05	4.308325676289405e-05	-5.6835503984660504e-05	-4.358557669073286e-05
2.0900000000000003	8.487383939239665e-07	9.9210067709317e-08	0.003223683722468028	-1.7587758747752189e-06	1.6292980084920972e-07	0.002741702177785281	2.9582422026297368e-05	-0.00018843462725282712	-7.851947599616777e-05	9.311109270233196e-05	-9.739228953213772e-05	-4.2839905804383364e-05
2.1	9.835864622666714e-07	-1.7912280240877652e-06	0.0032234431619337575	-6.894408277564833e-07	-5.782229229385083e-07	0.002741619532416928	-2.325787351385684e-06	-0.000182849506494373	2.879502646135924e-05	0.000133484633969857	-4.098957729543773e-05	3.33191767174146e-05
2.1100000000000003	8.905358431322907e-07	-3.155423558519613e-06	0.0032242896928822463	5.494450057505594e-07	-4.92214062377025e-07	0.002742177033847051	-2.223789136794173e-05	-3.693972128277105e-05	0.00012508985338647246	9.3618187402445e-05	2.5338912510888347e-05	5.953455242916143e-05
2.12	1.5089306104121396e-07	-2.7436709250720363e-06	0.0032255189461470814	1.2702580887698388e-06	9.360068481024106e-09	0.002742766667518222	-0.00013850364216032242	0.00012136093706178978	0.00010669907775957583	5.657455799138926e-05	6.656173491078913e-05	8.440297830466746e-05
2.13	-9.458395746994904e-07	-7.689083554571468e-07	0.003226376005235522	1.4727596597634662e-06	9.212594638243199e-07	0.0027436728381774332	-9.697774377226942e-05	0.00020351737072285948	3.096029925433964e-05	-1.2450010852952449e-05	9.27076273235081e-05	8.892299607761752e-05
2.14	-1.6117865324145983e-06	1.3549336844193048e-06	0.003226173262876449	8.563067041408908e-07	1.4299643342553392e-06	0.0027443351673267775	-4.93743495076043e-05	0.00018755219564645946	-8.468852433797095e-05	-7.732266680486678e-05	-1.5947717593273572e-06	2.8949064359030736e-05
2.15	-1.6665180569170276e-06	2.9358194458004364e-06	0.0032252356604224584	-1.0315794929059857e-07	1.355328744456607e-06	0.002744214360364066	2.2807020020427868e-05	0.00011579511115563224	-7.495830131414964e-05	-9.699772450739454e-05	-1.5833644144310413e-05	-5.3231660328852876e-05
2.16	-9.729996161505827e-07	3.2463477855429305e-06	0.0032245604053609683	-1.2080234033952652e-06	8.795923122226057e-07	0.002743195946489897	7.820587602715623e-05	-4.671305474524637e-05	-6.322669347360587e-05	-8.412862416796669e-05	-7.625154324967356e-05	-0.00012079682867568058
2.17	7.532798083351334e-08	2.081173936568998e-06	0.003224089598536169	-1.9197163728061167e-06	-2.0281226870920403e-07	0.002741877058025266	0.00011683767717186468	-0.00016571679133774983	-3.2918245725253403e-05	-4.237335008565351e-05	-0.00011060126830837725	-0.0001275829220354012
2.18	1.1180373743504893e-06	3.248018102310284e-08	0.0032241051023327518	-1.9787851547217506e-06	-1.2974031404748787e-06	0.0027410149118175945	0.00010699078918384802	-0.00022500426246177283	1.6553272595799732e-05	3.5777192206995864e-05	-9.497645034074688e-05	-1.416276107823363e-05
2.19	1.956707816494455e-06	-2.0480009268915825e-06	0.003224131202138356	-1.0802995239794184e-06	-1.7286640792676316e-06	0.002741194849310804	4.212652329884551e-05	-0.00015627127385087146	1.0841967804736993e-05	9.660324266351006e-05	-2.4309823645576127e-05	5.61750993054849e-05
2.2	2.049122196057503e-06	-3.0719166015495835e-06	0.0032244613395469883	-2.9142472484442153e-08	-1.6790764380797757e-06	0.0027425519637999766	-6.297633887415499e-05	-2.9577284730384928e-05	5.0173785917715844e-05	0.00012004824198476065	4.948660441900212e-05	0.00020106053300690308
2.21	1.1322961919869876e-06	-2.4901471586517735e-06	0.0032249511410501943	1.1706099837456511e-06	-5.143240589360247e-07	0.0027444048091262233	-0.00013935648860924411	0.0001494594781417741	3.795292108782042e-05	0.00010420771021185672	0.00017614912559694708	0.00014956211023456478
2.22	-3.7526649735354207e-07	-6.497558901754662e-07	0.003225421243645924	1.9034432626414833e-06	1.0083096000843465e-06	0.002745335288786885	-0.00016823567066224823	0.0001806839218526729	5.25070644839569e-05	3.113392556851243e-05	0.00015373835686247693	3.262853275610838e-05
2.23	-1.9190603919277924e-06	1.040377832483716e-06	0.003225798309297394	2.0247162376412956e-06	2.3354719633644007e-06	0.0027447201607704286	-0.00012038228914998777	0.00012132023166536561	2.879786208450762e-05	-6.699707536907045e-06	9.004966234477986e-05	-0.00012252477388553388
2.24	-2.7005847693867376e-06	1.6582068313819273e-06	0.003225758502901569	1.546812826577742e-06	2.7850493374822897e-06	0.002743004201654148	-2.6759627887970217e-05	1.8721012195544087e-05	-5.621506992343777e-05	-6.245673107836615e-05	1.2471997446403834e-05	-0.00019587852533816473
2.25	-2.4772405130144835e-06	1.3982669599605188e-06	0.003224786178143566	7.742313865151403e-07	2.208381154713364e-06	0.0027412803240816396	6.389230361537595e-05	-6.648476838987599e-05	-0.00011717902343089545	-8.415888850073938e-05	-0.00010917039827553897	-0.00014196610533592433
2.2600000000000002	-1.4694365527517651e-06	3.821947593809195e-07	0.003223381599536072	1.6459854506780691e-07	8.103091803375695e-07	0.0027405913533697737	0.00013576766623960265	-0.0001303602603631123	-0.00015080657578452652	-6.487354937968791e-05	-0.00016539571410854878	3.083589894035692e-05
2.27	-6.312148342168869e-08	-9.253574852000515e-07	0.0032225976175788876	-1.8056965464736907e-07	-6.14032086890828e-07	0.0027415410767351496	0.00014315678505741306	-0.00010200382188855341	6.409989905961269e-06	-3.3893133605404615e-05	-0.00012646638930283657	0.00015769943892773386
2.2800000000000002	1.4896537142611169e-06	-1.4529492356157551e-06	0.0032234738239896453	-3.655750906667916e-07	-1.6068430910873375e-06	0.0027432436228991518	0.00015081601064909105	4.18143829426478e-06	0.00017148968091127917	1.5017609189534428e-05	-4.911529045147749e-05	0.00014175624998514566
2.29	2.640598313509945e-06	-1.0904907478240963e-06	0.0032253977874010056	-4.226770420193447e-07	-1.449377016102354e-06	0.0027441101248872044	7.963027791156893e-05	7.381058445846196e-05	0.00019366135966035448	-1.0576823956416181e-05	5.8317051975699085e-05	3.211531565527234e-05
2.3000000000000003	3.0657608145502194e-06	-4.443673846568826e-08	0.0032269076683970623	-5.119501183311523e-07	-2.2019244904003343e-07	0.0027437342736044714	-3.521779428291832e-06	0.0001371045370286827	9.850114017071542e-05	-9.748225294819158e-06	0.00016873044670831557	-7.71212866452558e-05
2.31	2.4312030783328895e-06	1.1929584548064233e-06	0.00322694169737519	-8.021875108965945e-07	1.5476037565618718e-06	0.002742859194457141	-0.00012709153390659585	0.0001073946259833025	-0.00011888314238374404	-2.8355952716132096e-05	0.0001920009580799324	-8.605912653724932e-05
2.3200000000000003	9.255322522748061e-07	2.0163263426161073e-06	0.0032249684442807874	-1.1039144636943307e-06	2.9045104920103463e-06	0.002742099669347524	-0.0001890769594441761	3.723172126604644e-05	-0.00024350046694808795	-2.9573814913322996e-05	7.431010472215097e-05	-5.7497310465781354e-05
2.33	-7.450010965719086e-07	1.9780238513646064e-06	0.0032225981652937337	-1.2178200245387632e-06	2.5441992798136503e-06	0.0027415880406369522	-0.0001311004083695211	-6.328050187777717e-05	-0.00019886914440927678	1.787297132614717e-05	-0.0001425556368849906	-4.674802492970482e-05
2.3400000000000003	-1.6192455833138265e-06	9.888979646856223e-07	0.0032216503836721357	-1.039253305468452e-06	6.753462408434426e-07	0.0027413523951149263	-4.2618955788894805e-05	-0.00015764409456712033	4.872385128861637e-05	2.5252534882832756e-05	-0.0002148729040897598	-8.776736410863738e-06
2.35	-1.437459405618806e-06	-6.358140021626448e-07	0.0032233752585540763	-4.830186941500423e-07	-1.5452738841165104e-06	0.0027415595195521823	7.303861888934388e-05	-0.00017032081783249398	0.00026835846937360195	7.049980511197622e-05	-0.0002049876325635019	6.245315686226884e-05
2.3600000000000003	-6.82316172922171e-07	-1.6738822000112948e-06	0.003226302826413135	4.310748454320467e-07	-2.9876216047263744e-06	0.0027424204977191573	0.00010284446254376136	-2.86630423648262e-05	0.00025234563105348427	9.050080916956447e-05	-8.066503633383882e-05	0.00012929631188441068
2.37	5.087323072672656e-07	-1.1608005452383578e-06	0.0032278083085418223	1.0609313698170914e-06	-3.004694474390589e-06	0.002743836157163932	0.0001226247566303097	0.00010721374303734968	4.2472924937462175e-05	2.2236047747334144e-05	8.323164086937909e-05	0.00016048411476588545
2.38	1.413195209919531e-06	-1.0641340407419503e-07	0.0032271151532328097	9.406521676466952e-07	-1.4064396936151504e-06	0.0027451528137513686	4.830236979634351e-05	0.00012272450220512539	-0.0001682729042987286	-5.3426197563339176e-05	0.00021252772198516282	8.499490483331375e-05
2.39	1.6590753690287547e-06	8.872552936623803e-07	0.003224721300434351	2.429296530637127e-07	9.078318923656678e-07	0.0027454680989266803	-3.073379690192424e-05	7.577019290068702e-05	-0.0002689546512345244	-7.864204428023955e-05	0.00022060515541548324	-4.2054728614652256e-05
2.4	8.724367511922804e-07	9.408458028887351e-07	0.003222736322242455	-5.62029541316536e-07	2.526936677314228e-06	0.0027439911201191263	-0.00012853178100631984	-3.0398711741655643e-05	-0.00011224759351246952	-5.234662344941779e-05	9.217083428929963e-05	-0.0002209376366248847
2.41	-4.3641302530976693e-07	5.745015195162158e-08	0.003222533058363143	-8.244089303749316e-07	2.7652378164546447e-06	0.002741443132142311	-0.00010773468012059516	-0.00014440918434979687	6.983122665277611e-05	2.668686945633092e-06	-3.223503327419527e-05	-0.00025168787233505153
2.42	-1.3269365012397744e-06	-1.5600311435648283e-06	0.003224002989977934	-7.17776428629447e-07	2.0802733421600057e-06	0.0027394206982193385	-4.5562553515244105e-05	-0.0001640204733380144	0.00018897477464972288	4.4846576666297156e-05	-9.650292957623576e-05	-0.00012454431815702683
2.43	-1.4140422396384635e-06	-2.79060635750438e-06	0.003225454535504553	-2.1918783558193493e-07	7.815932051112798e-07	0.002739691507117522	2.9842973102736746e-05	-5.525489562265322e-05	7.712257693510878e-05	6.012689178371666e-05	-0.0001382661814332827	0.00015969704374599425
2.44	-7.448858959714341e-07	-2.724096336578564e-06	0.0032255883755420915	5.945649973560783e-07	-7.038151301641778e-07	0.002742234679357763	7.254099959267486e-05	6.13683053358501e-05	-2.775582230168764e-05	8.9534924274533e-05	-0.00013395288846974714	0.0003269359395792118
2.45	1.2652697137307019e-08	-1.4037342689380162e-06	0.003225037732481387	1.1251071572894094e-06	-1.816794022436137e-06	0.0027452857763842543	7.869082877009997e-05	0.0001653152455674235	-6.094999360050294e-05	3.153851364651563e-05	-7.18555436971436e-05	0.00026163300673047
2.46	3.723961280899332e-07	6.034944309418472e-07	0.003224881098484192	1.0876556122108846e-06	-2.122268633522707e-06	0.002746550002764252	9.527154991781903e-06	0.00020169112659575107	5.0820110103572254e-05	-3.657088519813239e-05	6.285572538451983e-06	-3.93917705231992e-05
2.47	2.181169560778176e-07	2.5263566447552336e-06	0.003225547417925604	1.546173071630144e-07	-1.5530177872649702e-06	0.0027450194500263257	-1.3589663881259333e-05	0.00016247297464091413	6.754872794494262e-05	-0.00012206597516661618	0.00010389835893947019	-0.00028746139668601463
2.48	8.928166125341416e-08	3.183565784846462e-06	0.0032259594869429604	-9.186355336817013e-07	-4.45595363604528e-07	0.0027420129984083927	-1.2461273193802829e-05	-5.32196628073107e-05	-2.0501344165103757e-05	-9.15805453873046e-05	0.00011920794591326602	-0.0002936557379055169
2.49	-1.7885960723968643e-07	2.3170873813376897e-06	0.003225109528881671	-1.7847723074642864e-06	2.3772372687020068e-07	0.0027400271207540746	-1.5220889208084392e-05	-0.00013637542621437631	-0.00016115436710838275	-7.396591296061431e-05	4.905966670385918e-05	-9.546526945946372e-05
2.5	-1.2862268934408097e-07	5.045897853446957e-07	0.0032235126814061143	-1.8989517097548497e-06	4.940355025484049e-07	0.002740108860918728	2.694174112568121e-05	-0.00021853471335030842	-0.0001711263388916189	3.959823791798679e-05	-1.0144598726091752e-05	0.00010923202387293065
2.5100000000000002	1.38441821213605e-07	-1.5592204858427475e-06	0.003222582349331626	-1.3234147415009136e-06	3.035664910054846e-07	0.0027418001339154373	2.9032010124628494e-05	-0.0001865716656009156	-1.9554094332269422e-05	6.784707604978732e-05	-2.7448396524945466e-05	0.0002012692341874469
2.52	4.861541517485162e-07	-3.042955317632194e-06	0.0032233753360255144	-3.2966806393795566e-07	1.8039232611450777e-07	0.002743759835154383	3.126314516371867e-05	-9.169678524177807e-05	0.00015627655210865294	0.00010396583304117114	-3.3709494064039768e-06	0.00014605416693404589
2.5300000000000002	5.031080048960265e-07	-3.2180256046310256e-06	0.003225336217076369	8.698632830995806e-07	2.7004344247884884e-07	0.002744273018817375	-2.3491382576241292e-05	3.729961687892321e-05	0.0001949920100550684	0.00012907718069024693	2.6226166175344128e-05	-3.79106405006684e-05
2.54	2.626186377491389e-07	-2.199705616569897e-06	0.00322701646789595	1.506628155718476e-06	7.22937186639288e-07	0.0027436172884402646	-1.933062404137038e-05	0.00016955077412200614	9.459239070004367e-05	9.51098191931996e-06	5.6628395766557744e-05	-7.8605564067832e-05
2.5500000000000003	-1.4251440966242024e-08	-1.3500185581237171e-08	0.00322695685852983	1.4287819940336082e-06	1.3102913764517697e-06	0.0027429192590527045	-3.370553545914641e-05	0.00022710130643282321	-0.00011650248170748585	-1.7910853051774455e-05	4.670548059137543e-05	-5.437693814470148e-05
2.56	-3.322022726494205e-07	2.0571634104256896e-06	0.0032250097922062694	1.1828687648458373e-06	1.5273548492627939e-06	0.0027423233532082735	-2.7414662606154937e-05	0.0001651830443060422	-0.0002408658118323869	-2.1459837720268997e-05	-1.4959069267849362e-05	-3.6185006948234014e-05
2.5700000000000003	-5.235061095986708e-07	2.9604246327217717e-06	0.0032228902394864424	1.2423730425631397e-06	1.1482326141892846e-06	0.0027421688865440753	-7.983224931389559e-06	3.0383658739343195e-05	-0.00015748345581419402	1.8855768417844924e-06	-4.816651586522981e-05	-1.046213505833362e-06
2.58	-5.946936562125363e-07	2.459737078893687e-06	0.0032221900557321014	7.307377314619849e-07	2.679576952805506e-07	0.002742151295162358	-2.1934844252258598e-05	-0.00012693056472165397	4.4061593974562274e-05	-7.218066047596013e-05	-0.00011211589697777806	8.429230497240803e-06
2.5900000000000003	-4.595655152362049e-07	7.57877550698091e-07	0.003223636989791376	4.992980647215458e-08	-8.274348178690541e-07	0.0027423953885168267	2.8697935742744215e-05	-0.0001860554903196061	0.0002094709221138408	-6.98892163698534e-05	-0.00013731572350892562	3.3444398841867146e-05
2.6	-5.098592072986739e-08	-7.953409685782231e-07	0.003225686626866525	-4.6357049834379513e-07	-2.076021067865255e-06	0.002742755454942774	5.4707934823613264e-05	-0.0001059983201621698	0.0001709818992319615	-3.286475112426496e-05	-7.741896807932488e-05	5.410031581957704e-05
2.6100000000000003	1.4618411165046457e-07	-1.4678827151319504e-06	0.0032268819380608504	-4.6835600994973767e-07	-2.3030555064042395e-06	0.0027434419850345068	-1.726011671140165e-05	-5.3098016758324985e-06	4.7632052080921804e-05	2.1434513323252765e-05	1.2629146032245233e-05	6.596006507186417e-05
2.62	1.6193817044150146e-07	-1.226120632679942e-06	0.0032265788941900383	-2.2790318244007258e-07	-1.897356443417433e-06	0.0027438456091800826	3.819935330883346e-07	5.231982425700651e-05	-0.00010494413593421682	3.656899556042502e-05	6.829613997436829e-05	4.0367561476342635e-05
2.6300000000000003	2.2258929841908816e-07	-3.084182266056097e-07	0.0032250435802476363	2.0603541912377396e-08	-9.141244729172011e-07	0.002743736495263347	6.8544098455106745e-06	0.0001446863754679891	-0.00019014135497889524	2.455585727581853e-05	0.00012519778492749362	-6.439330247160526e-05
2.64	2.9461405187902246e-07	1.0521727165404068e-06	0.003223510737720968	1.4333529704856005e-07	5.56999939825775e-07	0.002742714736983138	1.4761437615083026e-05	0.00010531280326329084	-0.00010956964365743735	-1.2460324740732334e-05	0.00014857444221444337	-0.00012624092399831207
2.65	5.701420917818537e-07	1.7058845339671242e-06	0.003222911245776858	9.185170745175738e-08	1.639096694482907e-06	0.002741608305713615	2.3430501732466352e-05	1.4620088212790682e-05	-9.188741105661002e-06	1.4727861932171022e-05	6.3889827729621e-05	-0.00011199665788534367
2.66	5.625141834166036e-07	1.2267562107499069e-06	0.0032235444524653786	2.327703607598514e-07	1.8026769499379154e-06	0.0027408322831046906	-2.04513424352902e-05	-0.00011263655088691911	0.00013189914526665322	-5.087278729181372e-06	-2.762712317775526e-05	-2.485737013548087e-05
2.67	1.54497810540203e-07	-3.9113130491993204e-07	0.0032248984152521134	4.2267239040368574e-07	1.3333584965589636e-06	0.00274099606047277	-2.4999204477760647e-05	-0.00018316704605122287	9.766923269418828e-05	4.321808926597032e-06	-6.041419439146686e-05	6.263118020063236e-05
2.68	1.7893693257279907e-07	-1.977179163798329e-06	0.0032254472316815236	4.857617293019176e-07	8.248975255141639e-07	0.0027422305305885787	1.6769733000388002e-05	-0.00013360982017214876	1.760949414983044e-05	-2.7264093731881238e-06	-4.2429705693268215e-05	0.00015779421472673748
2.69	8.671303091717153e-08	-2.5438418927821147e-06	0.0032251486998633346	4.1364125652124676e-07	3.4501220077278895e-07	0.0027437473307456773	-8.681134873862355e-06	3.3863996179048815e-05	-6.396406754441671e-05	-1.9491630827730947e-05	-3.968718184596696e-05	0.00010799397279813228
2.7	1.9418196896861945e-07	-1.8497714337508078e-06	0.0032244382514759113	2.533884004115971e-07	-1.2630143850687446e-07	0.0027445452762057464	8.833803627085325e-06	9.307404205609518e-05	-6.509401867073766e-05	-4.220403650628339e-05	-4.8653828356249794e-05	2.36698260737112e-05
2.71	2.3514586174079898e-08	-5.538387529890845e-07	0.0032242587824100628	-2.9481091340934974e-08	-4.488700586181669e-07	0.002743747562761881	-2.0174223320433106e-05	0.00014987905019579403	1.4979048835413547e-05	-7.692011271466055e-06	1.297857568443319e-06	-0.00014517953705439312
2.72	-2.532284535842722e-07	1.0937416599374396e-06	0.0032245564461813596	-7.399748340693788e-08	-4.3148307567101477e-07	0.002742127049417288	-2.8871238613991903e-05	0.00015658951623628972	2.4626183091039543e-05	2.519474625622061e-06	4.50620826841126e-06	-0.0001652393504901202
2.73	-4.398869291767767e-07	2.3204556477294917e-06	0.0032248182270389995	-1.1723365868954512e-07	-2.443102873668418e-07	0.0027408492693908517	-1.2533550105089827e-05	7.230950033639395e-05	2.264430961209866e-05	5.774674116189484e-06	2.84180337453559e-05	-8.498291272283766e-05
2.74	-4.4022683091363865e-07	2.373052901674065e-06	0.0032247083396381537	1.469777370576915e-07	-5.72564388234627e-08	0.0027407144874024665	8.382708565296415e-06	-4.800998765049429e-05	-2.0315389245008622e-05	1.0109792724006466e-05	4.990714805991129e-07	4.9258668796332946e-05
2.75	-3.706115711704689e-07	1.6798726711899692e-06	0.003224242125967353	2.1278688869332802e-07	-1.2030256498028377e-07	0.002741818072634001	1.0494814972584746e-05	-8.272852496174587e-05	-6.126286323252983e-05	3.488177846182216e-06	-2.5036942579585735e-05	0.0001529292171175625
2.7600000000000002	-4.555318679876874e-08	3.8096448645798893e-07	0.0032239369733411726	2.6295198326869e-07	-3.1059103443247805e-07	0.002743354785261952	5.222160351799822e-05	-0.00015326324754532273	-1.1988745001491577e-05	9.31343118527975e-06	-7.556335354937734e-06	0.00014455108197326588
2.77	3.960795190246814e-07	-9.88406349879687e-07	0.0032243441176603243	2.886544280902425e-07	-7.165517830651894e-08	0.00274433753787601	5.189634513196318e-05	-0.00011034401804647024	0.00010076645612774803	5.923698492596544e-07	5.4104548037118754e-05	2.7557455042620874e-05
2.7800000000000002	6.790157798200899e-07	-1.7111177897240055e-06	0.0032252906153458776	4.252475989711523e-07	7.152871753452025e-07	0.0027437832756154095	7.419834112102652e-06	-2.430116660986743e-05	9.917704456316856e-05	1.521581348226535e-05	9.453170078204674e-05	-0.00010539428437590369
2.79	4.798036474528245e-07	-1.4847304261781785e-06	0.0032258965625528158	4.395643853885987e-07	1.545443893797887e-06	0.0027426683759272886	-3.4097408188872706e-05	7.240629442119365e-05	1.1827238384487142e-05	-8.933384669507396e-06	4.716158802680721e-05	-0.00010861317535494104
2.8000000000000003	-2.986194356430136e-08	-8.014275663535595e-07	0.0032258623942076916	2.6641940760219145e-07	2.115387989379642e-06	0.0027419263723822145	-5.223496585773341e-05	7.686617063656464e-05	-4.6484218443283235e-05	-2.5996579901307258e-05	3.2438180149907744e-05	-1.3007741758425869e-05
2.81	-2.0580350450089985e-07	-2.0650476441559383e-07	0.0032248822589096087	-4.912569749290991e-08	2.1462161455476656e-06	0.0027421792839655225	2.8666745005324142e-05	5.105709647127949e-05	-0.00013532220365555954	-2.185708047492732e-06	-6.159155016555306e-05	5.5438333873772535e-05
2.8200000000000003	-8.153552383656301e-08	1.722220272754517e-07	0.0032235841252441287	-2.260039159548002e-07	1.3575422690075422e-06	0.0027427822082806844	3.805210288054568e-05	2.4174424036687056e-05	-0.00010969954131660453	-3.507239288191946e-05	-8.500767029095647e-05	5.631916052430397e-05
2.83	4.962586635372775e-07	3.284675340452395e-07	0.003223109911257943	-4.3983839017960226e-07	2.5787805645239386e-07	0.0027429702593864086	5.2400515424162904e-05	1.1295348997505694e-05	6.20942763255543e-06	9.840924349282931e-06	-0.00015507820854409877	-1.0143333269168653e-05
2.8400000000000003	7.156865670221599e-07	6.74673203289665e-07	0.0032236686788109383	-3.7991978077350024e-07	-1.1722930757402462e-06	0.002742524481908025	2.3463624975362416e-06	2.190133813653298e-05	0.00010825801356832528	1.3126228720709245e-05	-0.00013409542087570387	-7.1655265090532e-05
2.85	5.039322130032615e-07	1.0547285910114217e-06	0.0032249553232900486	-1.1234711429080476e-07	-2.275470072226302e-06	0.0027421502761439944	-4.7462580227986514e-05	6.160308542557833e-05	0.00011135370207026814	3.221932303455853e-05	-8.005741013263416e-05	-2.990752591716024e-05
2.8600000000000003	-4.588314032098578e-08	1.6813689391705272e-06	0.0032254672570594715	5.910459859552864e-07	-2.5025482096310095e-06	0.00274214846752577	-6.0248716989846505e-05	2.8283208276081474e-05	-2.339894249005653e-06	9.242690971434068e-05	2.6823347324802102e-05	4.404850695346073e-05
2.87	-6.476444450174431e-07	1.5252241550361642e-06	0.0032250697947149407	1.1033086156368423e-06	-1.9088442298019556e-06	0.0027430206138522387	-5.3711653556041854e-05	-5.016825090910047e-05	-6.504107793564556e-05	2.818022074426887e-05	0.00010657894197560953	9.766622654170255e-05
2.8800000000000003	-1.005039359382684e-06	7.688539143959221e-07	0.0032246744130559296	1.1766874439911715e-06	-4.843926540573419e-07	0.0027436981244816174	-1.6560562052735402e-05	-8.045019877426833e-05	-1.2772728909505888e-05	-2.4453212457135124e-05	0.0001410625125121061	2.24101533544188e-05
2.89	-9.09369297441173e-07	-3.0247929862970154e-07	0.003224521541840852	9.001488069918986e-07	7.995496588107292e-07	0.0027435880411214426	5.398473066605973e-05	-0.00011642690336707667	-1.1921995501329584e-05	-1.8829041437803823e-05	0.0001265880163210504	-3.747737429056232e-05
2.9000000000000004	-6.575404062210652e-07	-1.2905552175024418e-06	0.0032246228008063877	6.41829940610915e-07	1.8247282552149515e-06	0.0027428759724235845	1.0677898678329057e-05	-9.277350315742945e-05	1.887598643542704e-05	-2.97155297444149e-05	7.572485408290361e-05	-9.123157902823925e-05
2.91	-6.440348224690731e-07	-2.197395041864897e-06	0.0032247785179740623	3.192552513045907e-07	2.457225710607057e-06	0.0027420181497675293	8.90924684458446e-06	-8.084772302249034e-05	1.0718741698395247e-05	-1.910239401772933e-05	6.280656543839787e-05	-7.901774899249986e-05
2.92	-2.0806882192733145e-07	-2.526010251259252e-06	0.0032249516720411404	-3.212620412992535e-08	2.6242109113204754e-06	0.0027414154574849723	6.54682975309337e-05	3.4078079708030276e-06	3.0971784323267505e-05	-2.6566282840785718e-05	-2.9876541931455898e-05	1.8871923397734005e-06
2.93	4.966665045574469e-07	-2.01890007675682e-06	0.0032249649777253936	-4.628384390607874e-07	1.7564949439952034e-06	0.00274195622823278	4.980531521678261e-05	8.452611369504326e-05	-3.411987607649461e-05	-6.370234349121793e-05	-0.00012636730475779051	9.595619499509992e-05
2.94	7.155147384127642e-07	-1.0258878072660047e-06	0.0032242779279013914	-7.958680052083953e-07	3.428138984069892e-07	0.0027430411892170005	3.9261238466949455e-06	0.00012486231616462752	-8.669673531526259e-05	-1.466999000509542e-05	-0.0001380981600124193	0.00011254325244272675
2.95	8.084498372897034e-07	4.0138299655013554e-07	0.003223924795293197	-7.236872581861631e-07	-8.990810907637516e-07	0.002743840228260177	2.4022719602931667e-05	0.00016035399218298338	3.026466722540376e-05	2.3723557843701157e-05	-9.680167041756434e-05	3.4226706473494235e-05
2.96	7.155244168583395e-07	1.7400941860739364e-06	0.00322449440443145	-7.342459104762596e-07	-1.7864943766464004e-06	0.0027437760418418753	-2.5347641979806273e-05	9.583669012517678e-05	9.30241037086699e-05	-2.016311788749299e-06	-8.058988760299059e-05	-4.536979066028529e-05
2.97	2.4827209519301564e-07	2.4659494826641184e-06	0.00322539643164945	-6.883203261994078e-07	-2.303244501787081e-06	0.002743104595360004	-4.109443330478308e-05	2.0641012903768983e-05	6.362423620433936e-05	5.518531456910371e-05	-2.7296332386518663e-05	-6.302961374004314e-05
2.98	-3.90981319553583e-07	2.2942933479677037e-06	0.003225611659130618	-8.324496248711196e-08	-2.1731698093916844e-06	0.0027422447029782186	-9.132113425449184e-05	-7.149366058454171e-05	-2.202069565722204e-05	5.4949712977095744e-05	5.848794963706745e-05	-6.361396188964874e-05
2.99	-1.2409670657529792e-06	1.2852065673130551e-06	0.0032251139170532753	5.517845504213961e-07	-1.658327672480857e-06	0.0027422138021411307	-7.914856243694269e-05	-0.00013143010990094997	-6.578698844751588e-05	6.749862319154456e-05	6.801998646772513e-05	5.0899790540683495e-05
3.0	-1.9502747005999648e-06	-3.1335758127342367e-07	0.00322437446370626	1.0703154539711775e-06	-9.22241371663141e-07	0.002742947403900607	-5.716647453722265e-05	-0.00019352828497780055	-7.13663193213108e-05	1.909195431523055e-05	9.031158059648516e-05	8.034174030829097e-05
3.0100000000000002	-2.229933306607691e-06	-1.8759381297478298e-06	0.003224026526905881	1.1338524528849016e-06	6.333908899318473e-08	0.0027435163177770166	4.5216176364884425e-06	-0.00012547414404532066	3.863833495557939e-06	-8.406670195681764e-07	0.00012762884531084383	3.976834960273631e-05
3.02	-1.9264401674638268e-06	-2.64421861203978e-06	0.0032244514952980683	1.0802286685179999e-06	1.37271693819142e-06	0.0027436454628402963	5.1691944889760006e-05	-2.608930284486548e-05	5.8911173237870066e-05	-2.2818565564520767e-05	0.00012226591166788112	-4.060499351189448e-05
3.0300000000000002	-1.350912308803815e-06	-2.4584758185272983e-06	0.0032251576800626947	6.088391578655873e-07	2.3356347903238236e-06	0.0027427704339760698	6.110361090873636e-05	6.760867512017142e-05	0.00010473760482975405	-6.146657708206638e-05	7.275624336938903e-05	-0.00011173690828735386
3.04	-4.939693816670046e-07	-1.6756575186782489e-06	0.0032257785755466658	-1.7125020043286946e-08	2.6424824151878155e-06	0.002741808900691334	8.674054927462532e-05	8.399367497477514e-05	2.2524577885976525e-05	-6.735044485941498e-05	-1.6880349390881462e-05	-5.463849484924251e-05
3.0500000000000003	4.550173687250574e-07	-7.872788357615197e-07	0.0032253391041311085	-5.29780771842125e-07	2.097499822852258e-06	0.0027418779806559963	9.171065622277007e-05	9.797209894796242e-05	-8.538411870164196e-05	-4.528662929577751e-05	-6.683984465523115e-05	5.758342934034711e-05
3.06	1.179033493180353e-06	9.9802581419434e-08	0.0032240020201938927	-8.845253442090138e-07	1.0646260957118004e-06	0.002742608819856951	7.50846231279356e-05	8.102202949404712e-05	-0.00014649019579230366	-3.294637597385896e-05	-0.00011061865023680073	8.23962678575409e-05
3.0700000000000003	1.6757677192824938e-06	7.665168355335019e-07	0.003223220770520931	-9.324757711749072e-07	-3.756197159225107e-07	0.002743243267439349	2.5938046409360778e-05	3.613472511659063e-05	-1.7118240856641046e-05	6.668876243705276e-06	-0.00017162552764711883	9.568013811983943e-06
3.08	1.6107972070744534e-06	7.590034345405297e-07	0.0032237732712164877	-9.514584356615271e-07	-1.9401926055165358e-06	0.0027431118266393285	-6.184970654332233e-05	-2.9357192851312644e-05	0.00011045406206492786	-1.81441262982545e-05	-0.0001221272224065795	-3.991976915260498e-05
3.0900000000000003	8.697364159308271e-07	2.5045967270858246e-07	0.003225215321125508	-1.0336786074625488e-06	-2.6701364476877906e-06	0.002742712790309582	-7.296017946717638e-05	-5.071728083958747e-05	0.00012969523455126191	1.8885699628398614e-05	-1.4150060356759206e-05	-1.1261435527656062e-05
3.1	-3.483212986789098e-08	-7.245567691822248e-08	0.003226176142269101	-4.7319727075890523e-07	-2.329461803847994e-06	0.002742856578569058	-9.765007681674165e-05	-9.231590673470393e-06	3.090460638906233e-05	7.700589204929039e-05	9.217518511036134e-05	1.7556919189915846e-05
3.1100000000000003	-8.569263722745188e-07	8.368513557083996e-08	0.0032260042760691617	3.2108038633973595e-07	-1.06783047579738e-06	0.0027432410285205544	-7.372031440836933e-05	1.6047225968432243e-05	-5.5216514351952477e-05	6.139690006229636e-05	0.000139007136065196	6.945860851803083e-05
3.12	-1.3050850813397716e-06	3.4775830835380814e-07	0.0032253048178938603	1.1026013112947715e-06	3.4369217299964427e-07	0.002743689051350002	9.05897301228032e-06	3.928275469417116e-05	-9.650112208852632e-05	5.263432814334307e-05	0.00013461524928303864	5.862139269325874e-06
3.1300000000000003	-9.32770263598577e-07	4.950010265643891e-07	0.0032244815785234114	1.5574068716819955e-06	1.6786952166028032e-06	0.0027433009795926585	4.0141051450922225e-05	-1.1938064917730793e-05	-6.955426079595454e-05	4.528126660830367e-05	0.00012997850986986114	-4.623683252868452e-05
3.14	-5.4417682450497e-07	2.852153075701821e-07	0.0032242464565204578	2.0067742018256254e-06	2.5620690745556577e-06	0.002742939019767644	3.83052189399145e-05	-3.788264993048767e-05	7.297509029784135e-06	6.029073567547649e-06	2.5002795198434832e-05	-3.12325644630505e-05
3.1500000000000004	-3.9163232213717246e-07	-3.239954576282346e-07	0.0032244185825568744	1.5211053957948198e-06	2.120379374178422e-06	0.0027424240196580454	-8.46178302425446e-06	-4.682446492934361e-05	1.958039603752897e-05	-0.00010805071817181879	-0.00011906394140420589	-7.550811147802608e-05
3.16	-6.430511511764662e-07	-7.689962755475537e-07	0.0032244057945397296	2.980128247632117e-07	7.579718751670369e-07	0.002741991871039041	-2.6046765844999967e-05	-3.068875774435048e-05	9.273787311810052e-06	-0.00012627831137231203	-0.00013516360449009575	8.159595447073117e-06
3.1700000000000004	-8.162140863164217e-07	-1.044371876682956e-06	0.0032247164649760996	-1.1232695416211774e-06	-7.391608747663814e-07	0.002742352557928913	2.553723482635551e-06	-8.136265959644432e-06	5.191512520514197e-05	-0.00011493530321295147	-0.00013124530279876002	5.746021422678202e-05
3.18	-6.591076359765535e-07	-6.940847031781137e-07	0.0032251236951591758	-1.8988331024969074e-06	-1.558814024456108e-06	0.002742844072603312	4.1385752557197844e-05	6.960660371524744e-05	2.5106379389700564e-05	-2.9296233912626104e-05	-5.926279529986186e-05	5.535559576714563e-05
3.19	-1.827789891142194e-07	2.806925414748159e-07	0.003224950308273832	-1.8646236846747207e-06	-1.7421348150331025e-06	0.0027433559558969864	8.219205485987672e-05	0.00011397612915964632	-4.884835586845861e-05	5.035230484879379e-05	-1.0737807799908608e-05	3.2102931481758024e-05
3.2	7.199327827206537e-07	1.295027411912992e-06	0.003224324371852521	-9.116941940369195e-07	-1.5018292998323035e-06	0.002743162743077468	9.528574341584152e-05	7.742532268557859e-05	-7.952861822443138e-05	0.00012990111262533227	6.89445339788343e-05	-3.855227930912321e-05
3.21	1.5072921616173686e-06	1.8642923290887486e-06	0.0032237778938370466	1.3520232954184176e-07	-4.5132137917701757e-07	0.002742759915131457	3.938479294693775e-05	3.597816292512553e-05	-8.530290895153444e-06	9.28459960346214e-05	0.00012329164622876831	-2.4154926798562716e-05
3.22	1.318948669567751e-06	1.8022790622558515e-06	0.003223858531510486	7.489846333014741e-07	5.835244811116886e-07	0.0027424143634728363	-7.123869476445889e-05	-4.8105369190011876e-05	4.183403197482364e-06	4.972800721866419e-05	8.052924827512328e-05	-2.4706446092576568e-05
3.23	2.3585691399155693e-07	7.582942754283998e-07	0.003224069181018565	1.0527303387024908e-06	1.2149662318738117e-06	0.002742527936541103	-0.00016550722336061897	-0.00013401270777789676	4.0986327744662156e-05	2.3983662769598935e-05	4.160697362977036e-05	1.2656149371419468e-05
3.24	-1.445185090987385e-06	-8.971297827147926e-07	0.0032245730886843174	1.0588827412860594e-06	1.3272773611964408e-06	0.0027426516888178353	-0.00015346516357471455	-0.0001820269583586739	5.386531970472888e-05	-1.329446827387549e-05	-2.4191575568988235e-05	1.826587882087169e-05
3.25	-2.550447673811257e-06	-2.436889117562965e-06	0.0032250765338382534	8.360162859928584e-07	8.226116832924031e-07	0.002742855936637993	-4.25398387420328e-05	-0.00012617560159597363	4.0529839182759874e-05	-4.6985435280740385e-05	-5.739382328547828e-05	3.1150012153843248e-06
3.2600000000000002	-2.401472480302374e-06	-2.932588209747303e-06	0.0032252724622008557	4.749218513262059e-07	4.1150597063480106e-07	0.002742909985630001	8.3235120674301e-05	-7.161009687106206e-06	8.190248488009704e-06	-3.2602331544893194e-05	-8.932596648618924e-06	9.12537303850256e-06
3.27	-1.1020622800034055e-06	-2.2010407983105686e-06	0.0032253774621931216	9.705667504161927e-08	3.6491094198268387e-07	0.0027429696369669055	0.00016617792892745944	0.00013836230339537499	-2.5204963113522206e-06	-4.8373830495052854e-05	-1.5822044397464775e-05	-3.7345182754719124e-06
3.2800000000000002	5.163960623605109e-07	-3.665683238962233e-07	0.003225368013990305	-3.7012556425229993e-07	-1.2350600079369607e-08	0.0027429452833388616	0.0001490828953478036	0.00021797254016121608	-8.78559896973445e-06	-3.909523451376786e-05	-3.7260104642769736e-05	1.9429953844271827e-05
3.29	1.6351218357192143e-06	1.5200984032035955e-06	0.0032251430310656546	-5.401137121546644e-07	-2.2677007949738088e-07	0.002743094439460374	8.355251029109451e-05	0.0001353909866103892	-3.8425219389552714e-05	-2.2781481011807446e-05	-3.3155475716115856e-05	9.337626596601413e-06
3.3000000000000003	2.0125736395254486e-06	2.4780844120182064e-06	0.003224688652875377	-6.845941789972734e-07	-4.776605876051578e-07	0.0027431828378679276	-1.0625596636678845e-05	4.7717267884679016e-05	-4.0661573664434846e-05	-1.5116831956586583e-06	-3.358719340313813e-05	9.262973037444927e-06
3.31	1.4344932284831256e-06	2.4046618257947146e-06	0.0032245899190403767	-8.0931601200779e-07	-8.625667143139777e-07	0.0027431160549840536	-8.625939006590209e-05	-7.671060007754858e-05	2.2931960848419344e-05	-2.0165618786764576e-05	-1.848824780350293e-05	-1.5485499942695344e-05
3.3200000000000003	2.22231114091938e-07	1.1329655882012613e-06	0.003224875387765267	-9.78465424162782e-07	-7.445679869960753e-07	0.0027428696331718194	-0.00013814451794613773	-0.00017530125030277113	2.2735518337911403e-05	-2.141630334964995e-05	7.974298297939306e-06	-9.630481516295841e-06
3.33	-1.0356272815112414e-06	-8.151481017511481e-07	0.0032253020704905862	-1.125998513439016e-06	-9.402249151195848e-07	0.002742782441076763	-9.390335413956991e-05	-0.0001900723067246785	4.6635298776064656e-05	-1.49088350417239e-05	2.7775225602463275e-06	-8.073264154045814e-06
3.3400000000000003	-1.6860691429892637e-06	-2.5169042985591744e-06	0.0032256543187015206	-1.0431670145237169e-06	-7.453600144235837e-07	0.0027428057848195254	-1.4052712441502998e-05	-0.00014856421988566795	5.351303860463345e-06	3.052700547202609e-05	2.4268443147732403e-05	2.9549557295892022e-05
3.35	-1.4868668233820275e-06	-3.0922155668147277e-06	0.0032254076054972327	-5.928750176955842e-07	-2.0656501430536297e-07	0.002743167549741678	5.825257920941659e-05	2.330229330559319e-05	-8.973648638304901e-05	7.00536954287981e-05	0.00010109831323015544	3.711694564239579e-05
3.3600000000000003	-5.67108718626918e-07	-2.2631139322500286e-06	0.003224454292264857	-1.518736471678292e-08	7.603145525844498e-07	0.0027434479627722694	0.00011645452005683441	0.00013556051527957553	-6.294260594012273e-05	4.855025322664586e-05	0.00010252210560456912	2.219005433074081e-05
3.37	8.187068777639959e-07	-5.495762710533177e-07	0.0032243074095892384	5.20820323466658e-07	1.5488927002577056e-06	0.0027431647883010848	0.00013967256028188046	0.00019128937900793138	4.7044466797207474e-05	3.301416237729045e-05	3.793860650050575e-05	-7.838370168378524e-05
3.3800000000000003	1.8042798160547243e-06	1.1701674199815222e-06	0.003224803805586768	7.820700472404635e-07	1.4672898315966786e-06	0.002742337846882213	5.6934862967013476e-05	0.0001437845515720665	4.070615537581267e-05	1.2384932926180495e-05	-6.166069055804563e-05	-7.314814049673722e-05
3.39	2.0199984347499907e-06	2.2349727440402476e-06	0.0032252462085887047	5.736015779356539e-07	7.582067316292103e-07	0.002741947112838742	6.902888388951711e-06	5.942023875349002e-05	3.931516955546749e-05	-5.730493621240379e-05	-9.010967319605306e-05	-2.6363473223162924e-05
3.4000000000000004	1.4132789327464905e-06	2.087961549426018e-06	0.003225040328363247	8.135855512621243e-08	6.045012874945108e-08	0.002741926871669471	-0.00010181135286549193	-4.166173549249682e-05	-6.262050168640389e-05	-4.025997661982515e-05	-6.635073963284192e-05	4.187085814804171e-05
3.41	-4.8930871385537196e-08	1.4279871965354452e-06	0.0032243970625905945	-4.984089223017351e-07	-4.525166396570991e-07	0.002742516052410141	-0.0001644711520980207	-9.403096733193877e-05	-3.690341779065397e-05	-3.7620736757886384e-05	-4.198485950318494e-05	2.6848571425128807e-05
3.4200000000000004	-1.5230545764810587e-06	3.4687269601504147e-07	0.003224038135727897	-8.459184139058516e-07	-4.973965227058661e-07	0.002742778163772563	-0.0001312786485485866	-0.00012246144508187343	1.3764233347728078e-05	-8.97992715382748e-06	1.676526592533124e-05	1.1512078802798985e-05
3.43	-2.5574131765298867e-06	-8.283296784117453e-07	0.003224533523556841	-7.081059224091214e-07	-2.4324140821300314e-07	0.002742762769550274	-4.0741806119097366e-05	-0.00010215734354241369	6.250378955848167e-05	2.730432352779267e-05	4.3979136049618186e-05	-6.479690222221146e-06
3.44	-2.277195167668854e-06	-1.5768956758126269e-06	0.0032252169000315098	-2.839558317591201e-07	1.1694722587541929e-07	0.002743051968936896	9.005463484510875e-05	-6.132968037349982e-05	8.393882828560918e-05	5.7583319273501274e-05	2.1228663213913652e-05	4.350700000091038e-05
3.45	-1.2255757442080991e-06	-1.8063480737267536e-06	0.0032258442253611953	3.054575674383652e-07	8.92829157098737e-08	0.002743412559878289	0.00010622180232120266	1.187847504542806e-05	1.826829119183432e-05	7.115336137689269e-05	6.212393661276456e-06	3.8520524689341864e-05
3.46	1.775330333024526e-08	-1.3070841690117382e-06	0.003225395440874574	9.052630083222541e-07	1.1492933440144529e-07	0.0027434746415353458	0.0001337156402323877	9.018037504024022e-05	-7.63546693634325e-05	4.1699824243883766e-05	8.08325327529736e-06	-5.456296265175261e-05
3.47	1.303469085972413e-06	-3.0922472537174386e-07	0.0032243902662416417	1.1511739596582939e-06	-9.176345592930632e-08	0.002742925531999045	0.0001164698285410906	0.00010903372071232243	-8.497864697363672e-05	-7.422372385200827e-06	-5.762259452024037e-05	-6.960031001209351e-05
3.48	1.9150335852772212e-06	7.292196516412485e-07	0.0032237266771511864	7.567856826205679e-07	-5.490492229589291e-07	0.002742106990323028	9.827255800913652e-07	8.198603124625287e-05	-4.624129077756226e-05	-8.103405927998223e-05	-3.462131285717553e-05	-9.440915307435716e-05
3.49	1.3017378997150143e-06	1.25535455417632e-06	0.0032237600218823787	-8.559891503710594e-08	-1.004073112187737e-06	0.002741483617145134	-0.00010407498817321606	1.4562027257296294e-05	4.263345447295862e-05	-8.350351970495767e-05	-3.9783375433366756e-05	-3.028058224439322e-05
3.5	1.3167450621832126e-07	1.129935962182395e-06	0.0032245124592089843	-8.366765119217805e-07	-1.4797911184813705e-06	0.002741628191035486	-0.00012868553367804744	-5.6106070988551566e-05	8.276021373114825e-05	-7.619470621152685e-05	-2.770061912902904e-05	3.746301821615948e-05
3.5100000000000002	-1.2206134045880062e-06	4.818755931374939e-07	0.003225304069580209	-1.3835367908289986e-06	-1.5046614440551485e-06	0.002742112019355439	-0.00011623187357422647	-7.392188980571102e-05	8.07078797286378e-05	-2.482528118149901e-05	3.3082516641542305e-05	5.0378037837308154e-05
3.52	-1.883276117351882e-06	-2.320364716043448e-07	0.0032259761604877093	-1.1572130754839114e-06	-1.1109880646023977e-06	0.0027430341927757672	1.1779221520844784e-05	-7.420541679482744e-05	2.0743497488528005e-05	5.500971866979418e-05	6.428905417322716e-05	9.600288045268376e-05
3.5300000000000002	-1.3198423731836132e-06	-9.279646431182223e-07	0.003225669665234869	-4.5709065950890293e-07	-3.96156194572664e-07	0.002743847526819215	8.872590121883784e-05	-5.654076826284414e-05	-6.541198138123883e-05	7.99666752343786e-05	7.791170940990053e-05	4.6139667420186826e-05
3.54	-1.0574437474998749e-07	-1.1340288925677944e-06	0.0032249898889056086	2.49895030246399e-07	5.811461313288013e-07	0.0027438743869272727	0.00014962890866789596	4.001716056285104e-06	-7.221283942674791e-05	7.827646086628202e-05	0.00010348762984297261	-3.983590002045313e-05
3.5500000000000003	1.3909677527189017e-06	-7.986490584605172e-07	0.00322464190621527	9.548971509608951e-07	1.4280122587960063e-06	0.0027431088008958156	0.00013951259540993853	5.7298060591071676e-05	-3.4545393018883675e-05	4.8221780116208026e-05	6.798367968041926e-05	-0.00010158793994592119
3.56	2.672238859106556e-06	-1.959872231426743e-07	0.0032243357257745893	1.080207898745166e-06	1.6604450458856477e-06	0.0027420849057116377	8.338413658660658e-05	5.3071475228032904e-05	-1.3345176930759892e-05	-2.6231253305916793e-05	-2.07142169203074e-05	-9.714820693955337e-05
3.5700000000000003	2.8414341860179848e-06	3.1370570544170836e-07	0.0032241972683220393	5.062468606252775e-07	1.2532851474467215e-06	0.002741354519098056	-4.8618424854469254e-05	3.822514702301149e-05	-2.7940831235246073e-06	-5.073351020254356e-05	-9.967164386135968e-05	-2.9369905675496692e-05
3.58	1.7529688062694883e-06	7.559666095828515e-07	0.0032242210819504466	-2.5981223384129197e-07	2.1374223132824155e-07	0.0027414514505302804	-0.00017792556682981678	3.426272781081674e-05	-3.13272437147028e-06	-9.293991483545106e-05	-0.00010792943925885778	4.465596797532881e-05
3.5900000000000003	-2.834712629389771e-07	9.078117282575848e-07	0.003224211589074217	-1.0758693796922041e-06	-7.97518080677805e-07	0.002742116128009042	-0.00021246754938804315	6.099703148257816e-06	8.911001357333598e-06	-5.638307156657958e-05	-0.00010701931725242917	7.265334208205626e-05
3.6	-1.94044061818603e-06	8.279515566407805e-07	0.003224527064241966	-1.1882776986857e-06	-1.3739669619665057e-06	0.002742894972311074	-0.00011533138809141856	-3.5160480937098464e-05	4.4013466314645894e-05	3.306294325780114e-05	-2.7391612869953527e-05	4.66355263855604e-05
3.6100000000000003	-2.5248087074670793e-06	3.3597237548565555e-07	0.003225068814476838	-6.252069058101325e-07	-1.6023286484504767e-06	0.002743238576775817	1.6419509307577886e-05	-4.524562380512376e-05	7.189701943100634e-05	6.710659988801744e-05	-3.7086190248781707e-06	3.676007461274496e-06
3.62	-1.7214372195047069e-06	-7.811370845735893e-09	0.0032254565458030206	1.7953461806816907e-07	-1.230093691230878e-06	0.002743022117228378	0.0001409730689883994	-1.881762826553048e-05	9.926305891058065e-06	5.674163568826934e-05	7.686292422899309e-05	-5.886590610589373e-05
3.6300000000000003	-1.2510862338779055e-07	-2.501418348284301e-07	0.0032252712603677612	5.960954541198734e-07	-1.715737023322523e-07	0.002742505810582082	0.00016938228914933836	-3.621513653961611e-05	-4.3340588580002894e-05	3.641661132434369e-05	0.00012280085976310728	-2.9637610575305296e-05
3.64	1.459165835566522e-06	-6.024908621850755e-07	0.0032245943846361163	8.397944438805306e-07	9.038952963942517e-07	0.002742393117420493	0.00012336571498737243	-3.7788169699246644e-05	-8.289734549783252e-05	3.0449027957702704e-05	8.01367635600462e-05	-6.6529732092884005e-06
3.6500000000000004	2.1643557706525193e-06	-1.0087699239749428e-06	0.0032238413211171904	9.542023065116344e-07	1.4636142463574535e-06	0.0027423596456751585	1.9863325162986207e-05	-4.976490405366589e-05	-5.897889117657305e-05	-8.708644791544222e-06	2.086763558465325e-05	4.2797213704450295e-06
3.66	1.7158394402626254e-06	-1.3261438612788963e-06	0.0032238113970061125	6.13127795447747e-07	1.3257303563742758e-06	0.0027425130749301283	-8.117688245450533e-05	-3.014773644672159e-05	4.9252385004470256e-05	-5.595398819211214e-05	-3.795464461960769e-05	2.3574460248085423e-05
3.6700000000000004	5.090140215667869e-07	-1.3126804716175407e-06	0.0032245193284112057	1.2799450115294335e-08	7.660436290056539e-07	0.0027426212363874307	-0.00015480632629850526	3.6473819715357733e-05	4.1836681751381975e-05	-6.507985234961967e-05	-5.460654920379125e-05	3.042027201110103e-06
3.68	-9.497291405406554e-07	-6.700972773538586e-07	0.0032249652517816166	-4.94917872787712e-07	3.7693723449187405e-07	0.0027424141955595407	-0.00012022777435232538	8.54974013992488e-05	1.9760101288787078e-05	-3.230747693778497e-05	-2.8658754756459963e-05	-3.6296462398629856e-05
3.6900000000000004	-1.9289772253476477e-06	1.993771316328765e-07	0.003225185164711208	-4.346229033678718e-07	2.667680139363327e-07	0.0027421774010452367	-6.921926266042664e-05	8.720727933340192e-05	1.9318196743883934e-05	2.3705959282080136e-05	5.674840469690766e-07	-1.0847145779316581e-05
3.7	-1.9963063809892562e-06	9.080910364479134e-07	0.0032252019288147656	-3.345131323107412e-07	3.3773065293785037e-07	0.002742293902527172	4.775491877886872e-05	5.801796484504268e-05	-1.019548090211012e-05	-3.7384681111069535e-06	-2.1074277508023768e-05	3.7897301833688346e-05
3.71	-1.4024855076344302e-06	1.2690869795503115e-06	0.003225195372963787	7.481768187465002e-08	1.584289410648619e-07	0.002742825989345658	9.354573056538778e-05	6.360735757146549e-06	-7.482039409248379e-06	8.922215844081629e-05	-1.7678306529454714e-05	4.071044547251854e-05
3.72	-4.513443817107819e-07	1.126664647449129e-06	0.0032250986178240806	1.0810136129693504e-06	-2.334042884820798e-08	0.0027433447522429606	0.00012557279556057205	-3.730790569483894e-05	-7.628600811569947e-07	0.00010020339595149988	-2.357469305931396e-05	4.2079223356848345e-05
3.73	6.285132356349696e-07	6.317928404619215e-07	0.003225119300131678	1.7538092647282548e-06	-4.107541706564253e-07	0.0027439819315219663	9.348738271271828e-05	-7.131160193882815e-05	-2.1219993517015336e-05	3.693525605167428e-05	-5.1448821663201046e-05	4.772217994292532e-05
3.74	1.3025148698092858e-06	-2.383272407873061e-09	0.0032249691518830975	1.8031995390954262e-06	-9.282338422738938e-07	0.0027439927455436245	2.1906761942799243e-05	-5.8685091752371466e-05	-3.060508761197933e-05	-2.395755402477933e-05	-5.8063511191888925e-05	-3.7985556678227965e-05
3.75	1.2009049167167053e-06	-4.801164621915355e-07	0.0032246977226219947	1.1563262770446047e-06	-1.4851602361668203e-06	0.002743225007663588	-3.7002367542513435e-05	-3.385771620626616e-05	-7.362224666512702e-06	-0.00010163433419018144	-6.756077973955913e-05	-0.00011310210910373844
3.7600000000000002	3.5517145682345437e-07	-4.945726838636344e-07	0.0032248596007083278	-1.7088094590379818e-07	-1.7771439542181617e-06	0.002742152621755498	-9.760910240421737e-05	1.5581494725175704e-06	3.6698721843039985e-05	-0.0001412831518423897	9.368518429666645e-06	-8.43532348789736e-05
3.77	-6.477006629990673e-07	-3.5647337305835853e-07	0.0032249524282758667	-1.5823612960687192e-06	-1.4041090446315262e-06	0.002741349680641716	-9.889548977448137e-05	8.112764539400018e-06	-8.877426240285466e-06	-0.0001304829692059856	6.730210542892981e-05	-5.116114113019823e-05
3.7800000000000002	-1.4197583763012444e-06	-5.2199457454167744e-08	0.003224839145463377	-2.3772161188041605e-06	-3.368945845187451e-07	0.0027417064499369735	-3.901925136988712e-05	6.662567257929809e-05	-3.536120700145943e-05	-4.0510610202236386e-05	0.00013665316455184704	9.733201200874873e-05
3.79	-1.290918369254492e-06	4.923521566424266e-07	0.003224369314246037	-2.4409555630307865e-06	9.62532039670961e-07	0.0027429192547466937	4.411433108481831e-05	4.0121837658264385e-05	-2.8037233041149962e-05	4.949677184870788e-05	0.00011314512404994058	0.00012252983972907078
3.8000000000000003	-3.902249858527689e-07	9.866613491334175e-07	0.0032242041123806387	-1.4699723744756813e-06	1.9072122052319194e-06	0.0027438267885002785	0.00012590287559252261	3.570591280441444e-05	1.932811875383971e-05	0.00012587422698928115	7.246181089186972e-05	5.633987258125677e-05
3.81	1.0284722596165939e-06	9.191711578850892e-07	0.0032247564104527695	-5.5446595955641596e-08	2.1464017104385297e-06	0.002743837589613004	0.00012346884921401818	-4.763096272702726e-05	7.991797290475066e-05	0.00014465238591866372	-2.8741303565618333e-05	-5.485550397749295e-05
3.8200000000000003	2.038384094492174e-06	3.523537051370697e-08	0.0032255343073845067	1.5118815245053532e-06	1.6487728618490355e-06	0.002743125058876128	5.591913169674111e-05	-0.00012682286043592876	4.646041466038501e-05	0.00016895708392654902	-8.409046930402628e-05	-7.017561202296631e-05
3.83	2.0097739982523054e-06	-1.2013613900308087e-06	0.003225844578589589	2.7929480727805886e-06	4.851237161375624e-07	0.0027424293398198656	-5.762453055989978e-05	-0.00010126972304347032	5.006155062434089e-06	6.781686034742151e-05	-0.00010884193120105741	-8.613385083901289e-05
3.8400000000000003	1.0213313770286556e-06	-2.1045309008470145e-06	0.0032256465454072146	2.8239404652626246e-06	-4.0450209030715375e-07	0.0027419933427354887	-0.00014682139599238574	-6.694272524628849e-05	-4.056427605518079e-05	-6.163953068708763e-05	-7.219850545692355e-05	9.237417101028573e-06
3.85	-4.5668063579075307e-07	-2.0332740521250614e-06	0.0032247725549229504	1.4510903332488095e-06	-1.0693336715708188e-06	0.002742534599142937	-0.00014335985131681267	7.970039035143032e-05	-0.00011247480205014767	-0.00019141356887971943	-4.180648302611655e-05	7.756860566272321e-05
3.8600000000000003	-1.7898621751326597e-06	-7.892075510802485e-07	0.003223731115097855	-4.982655308545211e-07	-1.1453694887044768e-06	0.0027431762229209143	-0.00010603896408009915	0.00017468386880164808	-8.537242400144606e-05	-0.0001892074912260541	2.27223154244678e-05	4.502891733292495e-05
3.87	-2.258432697326255e-06	9.422260025323834e-07	0.003223471088909147	-2.1127253334513093e-06	-7.873848054007171e-07	0.002743320274057578	1.4704028566352534e-05	0.00017587811211068125	4.187881516952567e-05	-0.00012179673522883152	5.5256648071218103e-05	-1.2479238658156768e-05
3.8800000000000003	-1.381327568786226e-06	2.4751015296048584e-06	0.0032244025774223997	-2.6433756224011436e-06	-1.4419327268600593e-07	0.0027429335697916647	0.00014303433976093404	0.0001242608937186724	0.00013209732040626035	1.042818713832496e-05	8.541947350649148e-05	-4.8970679714823814e-05
3.89	3.5818679752903024e-07	3.146766312131249e-06	0.003225915455478533	-2.217413658882579e-06	6.817171673000309e-07	0.0027424607810490227	0.0001952934380209654	6.887494167996037e-06	0.00011973697392709691	7.536759055398475e-05	7.290231888721072e-05	-5.2555113333556604e-05
3.9000000000000004	2.06855484316069e-06	2.39896567593077e-06	0.003226737400528951	-9.032736865222229e-07	1.0132942847446977e-06	0.0027422069704757454	0.0001453219370211855	-0.00017026354042297165	3.711925429012935e-05	0.00015924105498694977	-9.97006639828173e-06	1.587574964033682e-05
3.91	3.0097165255943853e-06	5.274560587264354e-07	0.0032264549318978437	5.406907021434065e-07	8.042896008636897e-07	0.002742549227198307	1.2163421491745772e-05	-0.00021543317214431148	-0.00011648903776330078	0.00012537731531462397	-3.601829367601064e-05	7.054096054924617e-05
3.9200000000000004	2.390535625115326e-06	-1.44914995757103e-06	0.003224752970043189	1.5952965533792928e-06	5.3197362673702e-07	0.0027433502537680472	-0.00015123006249448425	-0.0001573370605300935	-0.00019155013562861939	7.544807185998938e-05	-3.129663885119209e-05	6.787103695439023e-05
3.93	4.069686517230802e-07	-2.6027993535923115e-06	0.00322341809072513	2.042359710806506e-06	9.413230282366692e-08	0.002743871811292457	-0.00024114648493731518	-4.847314216772229e-05	-7.476747317330307e-05	6.448036426818567e-06	-1.1367781548690206e-05	-4.5696905560900664e-07
3.9400000000000004	-1.9172799302795917e-06	-2.574512356202525e-06	0.0032234626563412325	1.5415668063837748e-06	3.743269702923415e-08	0.0027433032185621704	-0.00020003813062968948	6.874772559506237e-05	7.067313381298213e-05	-8.834934465665915e-05	-6.377981178245839e-06	-0.00011154336749697638
3.95	-3.268958938478503e-06	-1.6395126137174662e-06	0.0032245497686156682	3.824291839710776e-07	-6.098731213263911e-08	0.0027420947730331475	-6.394013897238768e-05	0.000107850570731435	0.0001443880233070642	-0.00012016057501801374	-2.326607589338745e-05	-0.00011532213847545933
3.9600000000000004	-3.1579797176591666e-06	-5.563827738690623e-07	0.0032255734776975567	-7.040543682489536e-07	-1.9549416469523652e-07	0.0027411813681563093	9.224562620804872e-05	0.00010889215812710134	6.512502468397753e-05	-0.00010441525083322968	-2.5992115759546755e-05	-4.592483160509275e-05
3.97	-1.5650258133352137e-06	7.362886361125436e-07	0.0032258506064544905	-1.5686918145206405e-06	-3.8119003943344955e-07	0.0027414960974043875	0.00021235369200682414	0.00013666761433847114	-1.8904615736025877e-05	-6.279824897098118e-05	-5.762572101829574e-06	0.00010420035965804324
3.98	5.700654192285064e-07	1.9545054713280624e-06	0.003225218854217557	-1.7692663817417085e-06	-3.0793262086154766e-07	0.002742875189722047	0.0002189381696824193	5.2543381104944384e-05	-9.787134567882858e-05	2.8506121295463295e-05	4.337124386038357e-05	0.00015450717001504893
3.99	2.663037374665009e-06	2.015429668002988e-06	0.0032243226365483027	-1.0343144856734205e-06	-1.5958638254066051e-07	0.002744283393703655	0.00017304786371935858	-2.95317791134685e-06	-4.567658368775259e-05	0.00011293458768326594	-1.76585661873297e-07	8.778652881535856e-05
4.0	3.588308063496567e-06	1.6359481153109007e-06	0.0032241695595945402	-7.190259027417942e-09	-1.9562513318886033e-07	0.0027445511849391205	2.015959614652267e-05	-7.989364076869936e-05	2.1899797781062374e-05	0.00010163426831495429	3.7750376228050758e-06	-5.068877491599783e-05
4.01	2.8198738097952242e-06	6.008206216732141e-07	0.003224891536181729	8.154120808043657e-07	-1.7613120193345087e-07	0.002743240684917835	-0.00016514966431448842	-0.00012234523087770464	0.00010724286875080915	7.527766506364762e-05	2.7923626341244117e-06	-0.0001702102828118061
4.0200000000000005	5.111503640061259e-07	-5.491817041444575e-07	0.003225633181945593	1.2589357201766662e-06	-1.3537474586773883e-07	0.0027417107532861024	-0.0002721753269281457	-9.383250732821554e-05	3.7833741788279424e-05	2.588940950277159e-05	4.356381107206725e-06	-0.00012121977364372042
4.03	-2.0863758103589317e-06	-1.1310210186427577e-06	0.003225404112457334	9.7091911696557e-07	-3.9514540970880466e-08	0.002741154387945851	-0.0002154974028829195	-2.1912745243974983e-05	-8.204280054976413e-05	-5.3974948005975115e-05	1.7251558189978334e-05	6.032108039102577e-06
4.04	-3.7326756946739998e-06	-1.0360690126262076e-06	0.0032243559720193027	5.553229284720788e-07	2.392456657758285e-07	0.002742032263813939	-8.006320388159185e-05	2.6178411098369213e-05	-0.00010778106647484987	-5.890554972145309e-05	3.796717481867662e-05	0.0001298164759462682
4.05	-3.7859854772254094e-06	-6.656647087261274e-07	0.0032235919507004477	5.353591557924886e-08	6.90702824708552e-07	0.0027432706914469886	5.4331711955397596e-05	4.679990081944366e-05	1.218063558573999e-05	-3.134858236564337e-05	4.808212903590055e-05	9.922243253875367e-05
4.0600000000000005	-2.5503218714296183e-06	-1.4320194650276057e-07	0.0032244031879058266	-1.4995752767421388e-07	1.1868378761502117e-06	0.0027437327777727533	0.00018703911795151223	4.314909155986456e-05	0.00014108149245224832	-1.7146841930149592e-05	3.083161243354023e-05	-2.6032123834164505e-05
4.07	-4.166752648752291e-07	4.627206139834305e-07	0.0032260428410174928	-1.1548653278989486e-07	8.643118564721162e-07	0.0027431820343836594	0.00022384778590009015	7.606754676271087e-05	0.00012946525302773868	6.958313383184781e-06	-5.922420046545997e-05	-9.008195348170641e-05
4.08	1.68247035265629e-06	1.07955872888724e-06	0.0032265937212932927	-5.977333099846521e-08	5.677316291855744e-09	0.002742365059357447	0.00017475454618702597	1.6722063926603137e-05	-4.398643291020893e-05	-9.448458978343697e-06	-0.00011675712709641921	-5.038354717265458e-05
4.09	2.8905114464101134e-06	7.292702782190781e-07	0.0032254170326522055	-5.7060762133803605e-08	-1.1972740017656625e-06	0.002742389961239804	6.946235297067448e-05	-5.889800808904707e-05	-0.0001738040469708904	3.2060420153350497e-06	-0.00011281857688137316	2.481837352991394e-05
4.1000000000000005	3.114976926446869e-06	1.7362806096974767e-07	0.003223623015084436	3.53751278967575e-08	-2.0160488809777794e-06	0.002742717445546847	-3.2481295901222595e-05	-6.708446072499185e-05	-0.00015566829101401158	2.2231998392877677e-05	-4.589682602315081e-05	2.077846609443709e-05
4.11	2.1661169833467183e-06	-4.5998452973745053e-07	0.003222952605789176	2.3895792705723287e-07	-2.092428937004836e-06	0.00274282252726446	-0.00015779681679570166	-4.003247529402527e-05	1.971712238753018e-05	1.2320204912513018e-05	3.12739593336797e-05	-2.256404736470667e-05
4.12	3.8176193339337557e-07	-7.84242178166223e-07	0.0032237737229744673	2.1963569887263675e-07	-1.3661463485362688e-06	0.0027423061356450793	-0.00020854839089951834	1.1674313382915284e-06	0.0001332325102288984	-1.3075554467395723e-05	9.40234651679645e-05	-6.174468412273085e-05
4.13	-1.823961840196059e-06	-4.119642036452422e-07	0.003225046200451043	2.2231971156424894e-07	-2.877370552555786e-07	0.002741711297272443	-0.00021267438569807018	4.78776476854266e-05	0.00011908635423406133	1.4113442976520023e-05	0.0001311721368209031	-3.224160299529826e-05
4.140000000000001	-3.1911198186440745e-06	2.6037117992448537e-08	0.003226188049641562	2.894014921077751e-07	7.456843455090566e-07	0.0027416540765246595	-4.794609723335065e-05	3.899556763087803e-05	7.7439896493759e-05	7.135349615116528e-06	9.239200636021763e-05	4.601463535852173e-05
4.15	-2.9940816855534537e-06	5.34041313814158e-07	0.003226400083736922	4.82912112574236e-07	1.5657579003589324e-06	0.0027426158350664556	0.0001024296266924291	4.279953330075664e-05	-3.660760933241629e-05	3.5568937084958745e-05	6.874394599592325e-05	0.0001280804381235504
4.16	-1.40045067821102e-06	8.883237410649687e-07	0.0032253493185238967	6.603407196774096e-07	1.6229536677589514e-06	0.0027438612400040316	0.00019835076028955364	3.0493396032379014e-05	-0.0001469889621609111	1.400830275211108e-05	-4.7397839134564894e-05	0.0001009877913557823
4.17	6.115692554175581e-07	1.0486306628169616e-06	0.003223926092920289	6.905935232669456e-07	7.255142088977708e-07	0.0027441637662919695	0.00019339345526634669	-2.016298949314217e-07	-0.00011609857952167721	-3.224678601304813e-05	-0.00011346343130510003	-2.1634800192794824e-05
4.180000000000001	2.098397010911569e-06	8.743049281690373e-07	0.0032233384063512483	2.479691483610349e-07	-5.466168428120527e-07	0.002743483321931109	0.00012055793682704819	-4.531290807157603e-05	8.464447734099157e-06	-6.276807406958279e-05	-0.00012426968603631813	-9.385915427719011e-05
4.19	2.83793247278688e-06	2.1174602367394303e-07	0.0032240306605866354	-3.6447793409545417e-07	-1.5780078231115204e-06	0.002742192984007164	3.212716149300317e-05	-9.230284021357241e-05	0.00011337991305129604	-7.142767756585163e-05	-5.805981530991308e-05	-0.0001341775995962415
4.2	2.332421441635212e-06	-5.812334657767047e-07	0.0032252623414420973	-9.861574446812449e-07	-1.840975234140767e-06	0.0027412958660053637	-0.0001016111094496019	-5.708399747383745e-05	0.00012010374416555074	-3.676887997605954e-05	9.929732746697682e-06	-2.41044780755305e-05
4.21	9.726513947651624e-07	-9.466395822759025e-07	0.0032257511041885755	-1.183039004970952e-06	-1.4228420001303635e-06	0.0027417803526963674	-0.00016743895463705574	-1.3823966189547119e-05	-1.9349275768591882e-05	-1.78693162161313e-06	6.944025065878172e-05	0.00011912052299332824
4.220000000000001	-7.563766338540691e-07	-8.739798540589804e-07	0.0032251457630742735	-6.823070964661368e-07	-3.3871946042222375e-07	0.002743418570254934	-0.00017560590452340698	1.835971218284673e-05	-7.111735209205364e-05	7.489750568122716e-05	0.00012598013282622271	0.00015906791634036872
4.23	-2.285288642605354e-06	-4.2005362580427713e-07	0.0032245171417503837	1.94532038640917e-07	7.758941559972188e-07	0.002744774928017717	-0.00010782788377971737	6.071641987715082e-05	-2.2207098348223282e-05	0.00011194452218494284	8.404467393928076e-05	9.542972824043334e-05
4.24	-2.683986590721344e-06	1.8569576413448733e-07	0.003224566209019175	1.3184971823247936e-06	1.3809708540330643e-06	0.0027449845133849294	1.0845392606630564e-05	3.609000131796252e-05	4.277050971210749e-05	0.00010908292359539241	6.137661279392252e-05	-4.7874300245180974e-05
4.25	-2.180605786017039e-06	2.6538781711091626e-07	0.003225270025205314	2.197307438153048e-06	1.6217431133975266e-06	0.0027437889358609894	7.880995087759305e-05	1.1291916878171887e-05	8.95852324825282e-05	5.3832545171991754e-05	-7.480324451837097e-07	-0.0001790864764196354
4.26	-1.1341547658736325e-06	3.4279857722009194e-08	0.0032258765839034602	2.3109414773299144e-06	1.4091319595730821e-06	0.0027417955535147982	0.00011733059674261252	-6.116048728269997e-05	9.825687379565648e-06	-3.066294217566106e-05	-2.8051664757045603e-05	-0.0002029218461208346
4.2700000000000005	-9.009739126068308e-08	-3.991694176800841e-07	0.00322527345029887	1.6810264694038472e-06	1.0888426797989545e-06	0.002740559581819672	0.00010758393015439225	-1.898277265348741e-05	-0.00012703839574198695	-9.876917003155644e-05	-5.686012879058479e-05	-3.794708082170662e-05
4.28	6.822237631846337e-07	-4.355218692193804e-07	0.0032237374901836107	6.17817994966122e-07	2.0612635907020446e-08	0.002741253643531162	5.862357972042216e-05	3.869224055648819e-06	-0.00013524687012989205	-0.00010762539843449765	-0.0001365709847680682	0.0001617597634099709
4.29	9.582295643373125e-07	-1.5026343292428522e-07	0.0032228552795539422	-5.899707893199893e-07	-1.0916420367237743e-06	0.002743029194196553	-2.8882981077753866e-06	3.821651822330385e-05	-1.7956176023390185e-05	-0.0001293664545705623	-6.926550381423884e-05	0.00017012300633435776
4.3	5.303645270940567e-07	2.9615704780646135e-07	0.0032237831263219386	-1.4439945951251909e-06	-1.4851552930815323e-06	0.002744277982601515	-3.7991819176340865e-05	4.086545739913468e-05	0.0001962407610025555	-4.811075948655622e-05	-1.4020934596030793e-05	6.658584454274837e-05
4.3100000000000005	1.9369159684537967e-07	6.459282569467028e-07	0.0032260740325508195	-1.4997544408773276e-06	-1.6645567426295296e-06	0.0027442396116726013	-1.3255175983100193e-05	3.344655124847765e-05	0.00020243551742583888	2.2334825658062702e-05	5.560889530586127e-06	-7.016518312354116e-05
4.32	1.1864771403768763e-07	8.998362107557535e-07	0.003227350150845488	-1.072302022031989e-06	-1.3596324620866376e-06	0.00274304846303079	2.798724463075368e-06	1.3387405650644437e-05	3.077176400422487e-05	8.108065179846922e-05	4.279475163953101e-05	-0.0001312149905691486
4.33	2.4320222622420553e-07	9.009427372942311e-07	0.0032264453916460004	-1.4307346763500334e-07	-6.949229338913139e-07	0.002741880997236274	1.3516542453578964e-05	-9.90716373532163e-06	-0.000212261436982631	8.872472556199669e-05	7.850978029235059e-05	-6.775208726673828e-05
4.34	2.2608450641217972e-07	7.886672932128056e-07	0.003223913712150007	4.5677755038027253e-07	1.398989782178036e-07	0.0027414876254635333	-9.560904419995039e-06	-2.7348752352595513e-05	-0.0002754334592771954	4.646299582700498e-05	7.293807569717581e-05	-5.187943418130971e-06
4.3500000000000005	5.72663737978295e-08	4.135763901876219e-07	0.0032219551130339206	8.273612802573321e-07	8.267305140247585e-07	0.0027420026279453428	-2.1401017080962008e-05	-3.921420857328689e-05	-9.738300379365223e-05	1.4430597164394103e-05	4.8568587288739965e-05	8.975249768399629e-05
4.36	-2.470027087984646e-07	1.2333962738956804e-07	0.003222436622678416	6.423359640172235e-07	1.0813159350242516e-06	0.0027428612581709153	-3.289084900926941e-05	-3.5430375432920305e-05	0.00017310055663575572	-2.770439448631035e-05	-3.194816637814558e-06	9.400333038868802e-05
4.37	-7.622412175450763e-07	-2.0875625039709791e-07	0.0032248345856415866	1.1403199708869593e-07	6.217213070260783e-07	0.0027435898784232706	-5.168172702477776e-05	6.286419432165226e-06	0.0002605060703760053	-7.897070267913857e-05	-0.00010102274244054623	6.522801204590258e-05
4.38	-9.970969949906163e-07	-3.556383684733007e-08	0.0032271057526383823	-5.835136917771145e-07	-2.4905212914750996e-07	0.0027439513718056545	-8.051448637742294e-06	4.546174048630899e-05	0.00016506728122294507	-4.266815935948026e-05	-8.573778155394433e-05	2.122532771817188e-05
4.390000000000001	-7.814820299540221e-07	4.6964050720342756e-07	0.0032276054537504224	-7.619071149221285e-07	-1.2326977695063588e-06	0.0027440772534756863	4.4550993986987715e-05	3.733945396098051e-05	-5.686954928197187e-05	4.160219024256193e-06	-8.908562820750821e-05	-1.579207332536039e-05
4.4	-3.5487595478469423e-07	6.782679936674739e-07	0.0032260045129537786	-3.6791585048805986e-07	-1.613544732330905e-06	0.002744006954253877	4.287046443605238e-05	1.3190652126666218e-05	-0.0002058457443229526	5.446320100290852e-05	1.3275095824747494e-05	-2.7664126741771468e-05
4.41	1.2373898858963825e-07	5.17607443111851e-07	0.0032241103672622936	3.3931212706890933e-07	-1.2027942566904651e-06	0.0027435630158820674	4.3729797946901657e-05	-1.779848912126289e-05	-0.00016130006924294202	7.539533371505095e-05	5.4784000761609725e-05	-8.720259734487321e-05
4.42	5.320560736220257e-07	2.25671408878364e-07	0.003223308924305534	7.81303463090379e-07	-5.337349826618715e-07	0.0027424492106352637	2.623557263102651e-05	-3.2834496507173575e-05	-2.1174546474793463e-08	1.563118876545472e-05	9.522262000137532e-05	-0.0001359204291564647
4.430000000000001	6.476436328318185e-07	-3.380331794937425e-08	0.0032240361557970706	8.784012497218542e-07	4.546702003132032e-07	0.0027414977276380707	-1.1625433684805376e-05	-3.452339120435594e-05	0.0001221380342621409	6.842965418536426e-06	8.664159170567473e-05	-7.45743878959584e-05
4.44	4.0655798866856423e-07	-4.1677898943186524e-08	0.003225546950005515	9.970209067074817e-07	1.1921419203056326e-06	0.0027412796338818304	-7.3152756885518e-05	2.5519005324328324e-05	0.0001437945222205538	1.2103652240846786e-05	4.763761186914266e-05	2.2380062737368722e-05
4.45	-4.732131097486946e-07	3.932664685402992e-07	0.0032261776908821555	9.915576665470797e-07	1.7878320927834193e-06	0.002742143906842269	-0.00011071681550307699	3.7406803928130705e-05	-3.9643035543860274e-05	-2.4689181618482735e-05	2.426196143421071e-05	0.00015812683301456745
4.46	-1.4432987717468892e-06	5.830753226144927e-07	0.003225632990987778	4.39821790222035e-07	1.5662053828937146e-06	0.0027437316576215567	-7.50160762843431e-05	1.5899363110442625e-06	-5.449081413404388e-05	-7.142870455668323e-05	-6.468571238303697e-05	0.00013758707889967918
4.470000000000001	-1.8728987321678264e-06	4.5313013871255816e-07	0.0032250682648693103	-2.7730206384215583e-07	6.089999779144604e-07	0.0027446781629104113	-9.862191476208178e-06	-3.589781501892816e-05	-4.272366663206451e-05	-6.70873425236339e-05	-0.00013246300110190932	3.234105162564651e-05
4.48	-1.646525984531853e-06	-3.9433365052214764e-08	0.0032246680470956286	-6.177029081023155e-07	-7.791622694322607e-07	0.0027443095336588453	4.441812573692593e-05	-4.1597825945222e-05	-1.838432249335493e-05	1.1450528889308983e-05	-0.00013123121603029385	-0.00012036076893524515
4.49	-8.629076218749515e-07	-1.4422575660500157e-07	0.0032246076286509325	-3.9606814816441124e-07	-1.8915315373433532e-06	0.002742640990390529	0.00011156333882024427	2.805447177747645e-05	1.2066596584194739e-05	4.7749825894100023e-05	-8.018944535470334e-05	-0.00018066241515756796
4.5	3.383250065415913e-07	3.961697945709306e-07	0.0032246492344739984	7.128718526273676e-08	-2.2552689229608657e-06	0.002741159175057528	0.00011193407954975001	5.71137960550254e-05	-9.858730523493622e-06	2.579299021230407e-05	1.1197104014953705e-05	-7.830208154157882e-05
4.51	1.3267894187277462e-06	8.241046198104709e-07	0.003224534165788867	2.8711427354092564e-07	-1.5400772392977308e-06	0.0027412467802479137	6.627624756912837e-05	6.6627226620800844e-06	-1.692478417245452e-05	5.176565759170179e-06	0.00011433797079191536	7.202440856076687e-05
4.5200000000000005	1.4860055046855056e-06	7.98264158665382e-07	0.003224487697101612	3.7151690627043934e-07	-2.6790446443858625e-07	0.002742293678060344	-2.6347755527276616e-05	-2.0032888699266908e-05	2.7737918439473128e-05	1.516935229182394e-05	0.00014331408304749815	0.00014246075432525156
4.53	9.754726077803535e-07	2.0552629887257764e-07	0.003224894307073172	1.802329969447972e-07	9.779342614202392e-07	0.0027437145653183507	-6.82917746561142e-05	-9.262029420556348e-05	7.505956960771064e-05	-5.26730429953384e-05	9.188858359885202e-05	0.00011774144624810705
4.54	1.4271890644141417e-07	-6.691290408675917e-07	0.003225624852401054	-8.217512125973807e-08	1.5861411472415715e-06	0.0027444080700407855	-8.828897715867547e-05	-6.855177289879156e-05	6.439776081183533e-05	-8.148310742944116e-06	1.8578690978653317e-05	9.105702056758616e-06
4.55	-5.989709377428782e-07	-1.3253511193156315e-06	0.003225967593937307	-1.440697558637304e-07	1.4505999690010593e-06	0.002743929743173703	-6.676293659350641e-05	-8.645159102774931e-05	-1.1591435718805406e-05	-6.734658818702065e-06	-3.278588071241805e-05	-9.78729984229787e-05
4.5600000000000005	-1.1457377295861674e-06	-1.6632501018424039e-06	0.0032254522195774614	-9.54670176620376e-08	8.822919415836899e-07	0.002742708434264585	-2.375566155079215e-05	3.5724211099981967e-06	-0.00010097991613529401	1.0712127916148184e-05	-7.254878323774923e-05	-9.669445823673178e-05
4.57	-1.0417783637990366e-06	-1.4547854716125428e-06	0.0032241620559234504	-6.743986483975362e-08	6.893868793217419e-08	0.0027418011251789135	4.7610694277307526e-05	5.082846788887258e-05	-0.00014914728238902652	1.3164509374886405e-05	-8.018371588646277e-05	-6.8173775428489e-05
4.58	-4.483749534539814e-07	-6.847984149063096e-07	0.003223206142225331	1.0036419198114348e-07	-5.294929288397643e-07	0.00274156396381019	4.698300984439944e-05	9.523679553571453e-05	-3.470060921203907e-05	1.7442496741680775e-05	-4.4537170146429664e-05	-2.5301128134162226e-06
4.59	1.4614039912296287e-07	4.3090154324891224e-07	0.0032236365049379784	5.13847227222041e-07	-8.006642380608355e-07	0.002741985026428753	6.558716339334293e-05	0.0001242235776736248	0.0001053685530155321	2.0940690742737523e-05	3.0178354233318353e-06	7.513605517701315e-05
4.6000000000000005	8.041928948437808e-07	1.6363812923979935e-06	0.0032247961578668227	6.650483833842031e-07	-6.093798263022129e-07	0.0027428141769963816	3.0288070696712958e-05	0.00010689176323219506	0.00010245091454284848	-1.258027554306392e-06	2.4675043121246225e-05	7.833816959035979e-05
4.61	9.333862335714483e-07	2.2870248328416477e-06	0.0032257859666425847	6.92651647400944e-07	-5.076246287071205e-07	0.00274354677323363	-1.3290019036263856e-05	1.5317930392607916e-05	5.8187094957240845e-05	-1.3611843635536948e-05	4.477699785287183e-06	6.511865413383032e-05
4.62	5.095242845499878e-07	2.1983762211264836e-06	0.003226042496831786	4.670005766376534e-07	-5.466604203813628e-07	0.002743731395722496	-7.394586065034735e-05	-4.007933766988825e-05	8.677243901315101e-06	-4.495494226764163e-05	7.62485327368039e-06	-1.0829083536519559e-05
4.63	-3.7414341735643485e-07	1.3639810495989592e-06	0.0032260689788940386	-2.3227805978383718e-07	-7.352595594136814e-07	0.00274342034291986	-8.249760297839147e-05	-0.00011301645452545157	-6.243908443611534e-05	-7.501946211602815e-05	-4.008416132657523e-05	-4.579619621319255e-05
4.640000000000001	-1.1398711294059796e-06	5.464792340442218e-08	0.0032251837151730115	-8.000924644486393e-07	-9.398456413994241e-07	0.0027428366758934183	-6.633261767967e-05	-0.0001162506654447161	-9.449782105656098e-05	-2.759334822986951e-05	3.4939100347145827e-06	-3.5884649163571535e-05
4.65	-1.4795675519946802e-06	-7.822250780246299e-07	0.00322421992410784	-8.533180092253262e-07	-6.276407250630654e-07	0.002742248614818452	-7.983492112694732e-06	-4.046195430745496e-05	-8.424752868633631e-05	1.648208579745176e-05	6.328492019342734e-05	-5.8319236711372686e-05
4.66	-1.2687554995850269e-06	-9.367508095897729e-07	0.003223485664586691	-5.747392346448411e-07	-2.4083189238096657e-07	0.0027418752773145406	5.2691705571048874e-05	1.5163692926738407e-05	-2.7314559123329954e-05	5.298836088835021e-05	3.266890473612945e-05	-1.1595962970492775e-05
4.67	-5.325878206664725e-07	-5.162823678299738e-07	0.0032237015543037212	8.932795452601964e-09	1.7256432379206164e-07	0.002741951817101435	9.244795564443748e-05	8.523528249941142e-05	6.140860660691665e-05	5.4031741381540975e-05	4.1415907287158836e-05	1.292397875220822e-05
4.680000000000001	4.4621026436170766e-07	4.0971645265783743e-07	0.0032246400192363907	4.73331050868934e-07	4.797909107282071e-07	0.002742129476504721	9.377350003527939e-05	8.560307014504593e-05	0.00010408428378862716	3.3620624627502655e-05	1.0856218942134798e-05	3.5255406040108966e-05
4.69	1.1256731537784769e-06	8.877972763077844e-07	0.0032255731271956653	5.956973343562086e-07	6.360470362664703e-07	0.0027425565693037007	2.8478134400207293e-05	1.4710447554992947e-05	6.105965118797416e-05	-6.549329919079495e-06	2.8170825778240146e-05	4.982231098935738e-05
4.7	1.2684328401248282e-06	8.449941302114416e-07	0.003225729301900248	4.494046948055166e-07	8.337168112401627e-07	0.0027432602142065474	-3.1494722287712564e-05	-8.87185191117474e-06	-3.788764099583805e-05	-2.5072962611863514e-05	1.333983333427214e-05	7.794580340895694e-05
4.71	8.511236360291494e-07	3.395041742699594e-07	0.003225084452080999	1.547937734686086e-07	7.692226282998085e-07	0.0027441950512422084	-5.108133043311067e-05	-8.208213473580885e-05	-6.66278225900247e-05	-3.041910713927975e-05	-3.532110006055189e-05	7.531416517208848e-05
4.720000000000001	1.834615329504919e-07	-5.124515456468394e-07	0.0032245727089552476	-3.108453774809384e-07	4.3705139374072013e-07	0.0027443623597290163	-9.309595833757987e-05	-7.527745908810923e-05	-2.836755817959835e-05	-5.444393154338173e-05	-2.899636546792949e-05	-4.251996543824441e-05
4.73	-8.961554721881369e-07	-1.1261944309130935e-06	0.0032248215193633072	-8.489268179244652e-07	3.2892069862303387e-09	0.0027434223630832645	-7.639146656137747e-05	-3.773208836199857e-05	5.024638664001255e-05	-3.1871667378078867e-05	-5.1813370674288356e-05	-0.0001312707149294825
4.74	-1.417751890544329e-06	-1.2278553665313882e-06	0.0032251766964272563	-1.1880138061181262e-06	-4.736799666961728e-07	0.0027421172214915136	-2.8771046611399137e-05	2.3394925002964063e-05	6.059189347231348e-06	-2.9777148764473477e-05	-4.040224297821825e-05	-9.982209622225706e-05
4.75	-1.2847056056187206e-06	-6.114865860082944e-07	0.0032250920968624496	-1.1225647459581615e-06	-5.629432787740395e-07	0.0027417121474916884	6.359628245448415e-05	9.355167188450962e-05	-3.1583034760335356e-05	5.0601456107561285e-05	1.657756202734799e-05	2.160656494529784e-05
4.76	-2.715164305211909e-07	4.007918488900581e-07	0.003224553879721353	-3.20313665398833e-07	-5.042497913801906e-07	0.0027423863298130817	0.00011992119248447155	0.00010582005402715261	-7.282354198557741e-05	8.806080096852276e-05	1.0972653806331434e-05	9.851800927779721e-05
4.7700000000000005	7.377365142688384e-07	1.28755205525043e-06	0.003223806288088623	5.482993000261126e-07	-2.030701812431447e-08	0.0027431674297004214	8.792904236216933e-05	5.5522149919778335e-05	-2.6721016850139177e-05	6.562485001853453e-05	8.073811867278366e-05	3.7917562294735347e-05
4.78	1.2571936321647579e-06	1.3580060759143594e-06	0.0032242618616960417	8.873108891849785e-07	9.320821228149283e-07	0.0027430379182324174	5.8128955741897214e-05	-2.4571597895455157e-05	9.848297043425345e-05	1.5442195453808546e-05	8.874405878249664e-05	-3.913718210498164e-05
4.79	1.5282175308907416e-06	7.379196707796653e-07	0.0032255589984976187	8.849280538809825e-07	1.4554502340419063e-06	0.0027427614678982633	-3.1807920266996175e-05	-9.736945774937792e-05	0.00011326230179430218	-1.3977579471529734e-05	1.4368988570059304e-05	-3.1185351867855166e-05
4.8	1.0009295546450025e-06	-5.048996503907476e-07	0.0032261109206976604	5.353852030397111e-07	1.5340806861544589e-06	0.0027426583518589073	-8.874554639228361e-05	-0.00013941942915806724	-1.5880536789265134e-05	-5.8475941126180485e-05	-1.715390607337479e-05	2.8531818642358172e-05
4.8100000000000005	5.45142758278135e-09	-1.7640166638026564e-06	0.0032256096874522353	-1.5234632117252222e-07	1.0660921326829014e-06	0.002743092227683665	-9.908185001617299e-05	-9.170170432004839e-05	-8.328557286941605e-05	-7.153119061376891e-05	-6.597537269412491e-05	4.8217708117504455e-05
4.82	-9.033770808085684e-07	-2.3590347650147854e-06	0.003224698086146006	-8.431331715220613e-07	2.319731305960658e-07	0.0027435396968944364	-8.830077429736728e-05	-3.5250500527713274e-05	-7.999532129134074e-05	-7.564625819668231e-05	-9.273884787656809e-05	2.63677577746746e-05
4.83	-1.3474082242928712e-06	-2.1568300365377142e-06	0.0032243027219453248	-1.2829709573401784e-06	-5.7031850644919e-07	0.0027436120928516056	7.374276216695363e-06	7.058596309517482e-05	-1.4366806051997816e-06	-4.1045275323394235e-05	-5.43428919603256e-05	-1.7011588686059606e-05
4.84	-9.543135587276997e-07	-1.0710013222905496e-06	0.003224678890614345	-1.564311628151536e-06	-7.245260676010324e-07	0.0027432053916545338	5.776474956784028e-05	0.00015491434744732067	5.754004572279333e-05	4.384926736336618e-06	1.567607383277231e-05	-5.764134999348712e-05
4.8500000000000005	-1.282537906815502e-07	6.094780726981065e-07	0.0032253761196549815	-1.3943853136889765e-06	-4.017504644856765e-07	0.0027425148327456196	9.263345503496132e-05	0.00016306068866893454	7.127318469071123e-05	4.769727869295636e-05	4.702625321436117e-05	-4.9775163656898035e-05
4.86	7.567894999453143e-07	1.9679440119665933e-06	0.003225746379482332	-5.821266913822943e-07	-4.752728527873648e-08	0.0027424728679501607	8.393557313634221e-05	9.11104382011787e-05	-3.2174305696259756e-05	0.00010069322038820619	3.5216504482945886e-05	5.1910857722018853e-05
4.87	1.3751211671085127e-06	2.5173367699795562e-06	0.0032249871700954567	5.874587617906351e-07	2.350977735569229e-07	0.0027429592259061216	1.623663367880283e-05	4.102348802292401e-06	-0.00010357536123944047	0.00011127615038661178	2.450526843032875e-05	3.704548248506928e-05
4.88	1.130532276449702e-06	2.0044019792958672e-06	0.00322428118187684	1.255693216404812e-06	2.9751102964782673e-07	0.002743161369104968	-7.642528928165915e-05	-6.879511650607822e-05	-4.177296061129266e-05	2.767068559150887e-05	-1.1170978168479803e-05	-2.964475508870657e-06
4.890000000000001	2.2770160719261094e-07	6.278185622939048e-07	0.003224266026137279	1.3896681443244596e-06	-8.767992480340428e-08	0.0027427395110400754	-9.522078650098244e-05	-0.0001770864509955043	3.0222477389510054e-05	-6.870331001642559e-06	-6.104326640038988e-05	-8.805576008642923e-05
4.9	-8.039890702615282e-07	-9.551765361491358e-07	0.0032248972162385145	9.624047858398302e-07	-4.459736408623417e-07	0.0027420631110922264	-8.995874807517359e-05	-0.00013588467439222047	8.384629319423438e-05	-7.665748795455557e-05	-1.3542542050167154e-05	-1.2185109883398268e-05
4.91	-1.358260893741633e-06	-2.056334142770322e-06	0.0032255478772991084	1.4218515609024385e-07	-4.712800469940492e-07	0.0027422469878053894	-3.215930253425082e-06	-9.966516391577947e-05	4.368022725070063e-05	-8.001258559933121e-05	-5.161406280407067e-07	5.139118149869332e-05
4.92	-1.317597128119475e-06	-2.663303762095944e-06	0.00322567343838471	-4.181120928742347e-07	-1.205011422191145e-07	0.002743110094100523	2.999779090845394e-05	1.312010944830082e-05	-4.21689567517689e-05	-1.0290026081215661e-05	6.967657262503329e-05	9.080819169654183e-05
4.930000000000001	-6.380106886085953e-07	-2.006895840076089e-06	0.0032249216803745076	-4.559801910326246e-07	5.046282411320015e-07	0.0027438048064496482	8.949708415697833e-05	0.00011818206254904872	-8.475018059045802e-05	-2.2018822066954194e-05	4.098953048854789e-05	5.10302016849002e-05
4.94	4.172284857103494e-07	-4.919152967816952e-07	0.0032242473823069413	-6.65978375422072e-07	7.604942551519908e-07	0.0027439340071420196	0.00010619384027167393	0.00016104010515461138	-4.8723700757470376e-05	-9.760552238890018e-06	3.380848778480326e-05	-2.4430393106039967e-05
4.95	1.3167624339535152e-06	7.679836889087182e-07	0.0032241950751853965	-6.049840724088712e-07	7.020694849057106e-07	0.00274343463970435	7.11035381429926e-05	9.998498735668335e-05	3.0133225642060274e-05	1.0761078824743097e-05	-1.5756568495032184e-05	-6.251672866478867e-05
4.96	1.644502600315999e-06	1.6473499604417116e-06	0.0032246414042820326	-4.565279021098976e-07	4.6775083842148853e-07	0.0027429190009458982	-4.288622596675878e-06	4.673631211112729e-05	6.445151212183536e-05	1.5432528731347354e-05	-5.0470303271784655e-05	-4.5017445058249395e-05
4.970000000000001	1.5019132941501416e-06	1.8064255274758855e-06	0.003225049658864685	-3.7608630926713363e-07	-1.7134528584959827e-07	0.0027424983280819053	-5.600667178823385e-05	-3.881980462533286e-05	2.101320486764632e-05	1.0169973767701958e-05	-8.449318157884048e-05	6.150023611830031e-06
4.98	7.042511961771009e-07	1.0966326494659575e-06	0.0032252235200099367	-2.287871861124597e-07	-8.387506407947613e-07	0.002742573596143996	-0.00010084949884519746	-8.853589649710475e-05	-1.0849190775444513e-05	1.4369613535184858e-05	-4.618123804699684e-05	4.2113298974225085e-05
4.99	-5.530197889084923e-07	1.4794486467327872e-07	0.0032249484877329058	-1.3508107803504091e-08	-1.2314729888401752e-06	0.002742955417105069	-0.00013053315581255262	-0.00011629350885863697	-4.633641641864448e-05	2.3606633686118082e-05	-4.041842019854174e-05	2.595169298209509e-05
5.0	-1.505337299491897e-06	-9.693233400007879e-07	0.0032246499593048083	3.4578342121117726e-07	-1.6841466220668324e-06	0.0027433089059668058	-4.16470932440225e-05	-0.00011491538833031203	-2.072091754194553e-05	1.7390905729224932e-05	-3.3630471572847965e-05	3.950445728397831e-05
5.010000000000001	-1.477451158670273e-06	-1.6468230421982629e-06	0.0032244997636990125	4.783652594426882e-07	-1.5141312385835537e-06	0.0027433405299588103	5.526963033289331e-05	-1.4137924732010242e-05	-4.101052617175609e-06	1.0186642284461365e-05	6.043510939981901e-05	-9.847641016464312e-06
5.0200000000000005	-7.800741343814106e-07	-1.4281819523020508e-06	0.0032245055790618123	2.985736261506867e-08	-6.602814153437607e-07	0.0027429938924943592	8.283050303412285e-05	7.359715491698608e-05	7.356694650852294e-06	-7.601656616937177e-05	9.261019643531601e-05	-4.7849874634177816e-05
5.03	3.1768633365026547e-07	-3.706192601254413e-07	0.003224894676858847	-5.961892553615823e-07	3.4689430152556525e-07	0.0027423616912735783	0.00011475421571315088	0.0001397029375513513	5.3753795449507686e-05	-5.104179158425944e-05	0.00012579720920034707	-6.048179616334526e-05
5.04	1.488017970687934e-06	9.47926821149136e-07	0.0032252092583964767	-9.502124790576755e-07	1.5142693600960206e-06	0.002741730928408972	0.00011840821495790314	0.00011451593830770268	-8.093672654544653e-06	-2.9238051622747113e-05	9.32215455737423e-05	-4.928943424875273e-05
5.05	2.256436817959849e-06	1.6819737857690625e-06	0.003224907205275229	-9.665120831624305e-07	1.998354411135595e-06	0.0027415785601361555	1.4794966347879992e-05	2.3868510473044144e-05	-6.060799246785498e-05	9.887520504643542e-06	1.0141098231088597e-05	3.593874949835769e-05
5.0600000000000005	1.91723532379324e-06	1.5366695386481103e-06	0.003224289403409991	-8.34021588170322e-07	1.6838245984169492e-06	0.002742269366504412	-6.868972708943894e-05	-5.3368343280855335e-05	-4.3087391557966026e-05	3.6828716367993136e-06	-9.71139156094427e-05	7.720684531144535e-05
5.07	8.399470365117932e-07	5.781500381404373e-07	0.0032239413088002112	-6.281395638627239e-07	3.96456373323944e-07	0.0027429631810819573	-0.00014407795697684146	-0.00016264178866137922	-1.0486722818943997e-05	2.228641036929657e-05	-0.00013082322287902455	4.716169065934406e-05
5.08	-8.069690032320305e-07	-1.1272515286198307e-06	0.0032243709261168874	-4.654773685512568e-07	-8.802932138157174e-07	0.0027433543035222455	-0.000156872095978034	-0.00016231224601496373	6.347424173159567e-05	2.6018725087567215e-05	-9.66162706806681e-05	5.851217392188114e-06
5.09	-2.1446977923019186e-06	-2.2031490593863244e-06	0.0032251281901066755	1.382054607851491e-07	-1.6817955613325564e-06	0.0027432023261201905	-8.898209112744445e-05	-7.802615325850809e-05	6.055369409291971e-05	9.796555916468309e-05	-6.13659776727771e-05	-2.2979676496002474e-05
5.1000000000000005	-2.4002472100266844e-06	-2.5704368089602432e-06	0.0032253486773607225	9.726470317647999e-07	-1.7804126417667977e-06	0.002742973420997834	3.2868945624348124e-05	2.871132558806154e-05	-1.3554053300870336e-05	6.36406782171527e-05	3.181211696137207e-05	-3.0914093534559705e-05
5.11	-1.5979323599464964e-06	-1.7560697674151932e-06	0.0032250221299240695	1.356380084015161e-06	-6.868998604813188e-07	0.0027425693661548307	0.00013415187443000963	0.00012866843857929993	-6.225889070889619e-05	1.3951527540412186e-05	0.0001523053813115696	-3.975314767651987e-05
5.12	3.423697095720291e-08	-1.3854163886139728e-07	0.0032243979765785077	1.2323120561573245e-06	9.25790062385013e-07	0.0027423846150114763	0.00017680065794254164	0.00016110061441987737	-5.0985087725386634e-05	-4.892943277603383e-05	0.00013776746063947173	-2.049681177699966e-05
5.13	1.8662036863091563e-06	9.526009125851537e-07	0.0032242913120432808	5.572740537741901e-07	2.0060314904217085e-06	0.0027423826861547886	0.00016138785112028003	6.846876001945431e-05	1.7415455938973488e-05	-9.545412642817548e-05	7.315644522105396e-05	-1.2098234162406692e-05
5.140000000000001	3.1169326833775233e-06	1.298608187548656e-06	0.003224671881048989	-1.9298971060945767e-07	2.2369524968849216e-06	0.002742309451070861	7.567601916024521e-05	-9.55137865812558e-06	5.82892258894707e-05	-9.986001529164791e-05	-2.8161459193139032e-05	-7.731800225903793e-07
5.15	3.085057229067444e-06	8.526597692892555e-07	0.0032250350562472666	-1.1989221227772602e-06	1.3666887346377597e-06	0.0027425846150312214	-5.8627085931959464e-05	-5.076228208561921e-05	3.8973455129606116e-05	-7.417127849915992e-05	-0.00012284071307800217	3.193433638136187e-05
5.16	2.2619885020372005e-06	1.555998061538766e-07	0.0032253910197418308	-1.6702537731791645e-06	-1.391151635237464e-08	0.0027428447431005845	-0.0001232939516966485	-6.146321943218978e-05	2.175138276641459e-05	-3.938257387420553e-05	-0.00014995389792681648	3.197262307039085e-05
5.17	8.151524091892569e-07	-3.74177539233519e-07	0.0032254117623464417	-2.0065475680568426e-06	-1.3641409208547827e-06	0.002742990303409865	-0.00016813329499714701	-4.854044979227574e-05	-2.4764418910342892e-05	-5.976797859470105e-06	-0.00011460882354028693	-2.8619153787860573e-06
5.180000000000001	-8.749132463828544e-07	-8.279973277835113e-07	0.0032250832402806345	-1.4915749737783585e-06	-2.0086755223955354e-06	0.0027427948583398725	-0.0001739356067366908	-5.3792009970780396e-05	-4.4370765633668556e-05	9.777584308825632e-05	-8.634496266226115e-06	-3.964385239275076e-06
5.19	-2.06202149491398e-06	-8.339269279534839e-07	0.003224567097700925	-2.2967460564692704e-07	-1.7673052350198028e-06	0.002742672062061597	-2.7386018591641856e-05	1.5568262773637577e-05	-4.638206128180382e-05	0.0001496114961906144	2.9594472062037787e-05	-2.3760900248586106e-05
5.2	-1.857713432598335e-06	-4.1109432606453404e-07	0.003224245026356918	1.2614570473736034e-06	-9.586066853005398e-07	0.0027424828435294504	5.5369450309881985e-05	6.013032295815918e-05	2.569992705190549e-06	0.00012159400485647881	0.00012439221202848412	5.161683602337485e-06
5.21	-8.178373212898604e-07	2.611530138577692e-07	0.003224598320700251	1.7950089938455115e-06	4.6829201160782106e-07	0.002742760993760407	0.00013534178251256083	6.402966350411438e-05	5.180760138136401e-05	1.7674061560297377e-05	0.00016042168797114338	3.695486583683175e-05
5.220000000000001	2.720836440247565e-07	6.826681613334771e-07	0.003225047275740178	1.5779357630085184e-06	1.6779136761947194e-06	0.0027432822291237027	7.915266464197873e-05	2.467635985484491e-05	1.9229758578753037e-05	-5.091709101456598e-05	7.036069369966235e-05	2.488854848221804e-05
5.23	8.642107936275677e-07	9.384693572238508e-07	0.0032251378205035205	8.867686392690423e-07	1.7921961103121298e-06	0.0027433984481588024	3.474344900979377e-05	-2.6106037367002926e-06	4.286704482046951e-06	-8.896735852079796e-05	-2.6692755809072705e-05	2.563760055366113e-05
5.24	9.972069693507417e-07	7.710452566932288e-07	0.003225045359965826	-1.7789234506675228e-07	1.339212931099262e-06	0.0027431647970561574	-3.090792399890508e-06	-4.34202897940576e-05	-2.4927031455457773e-05	-0.00012515756669611718	-6.129232282121912e-05	-5.9605830796517915e-05
5.25	8.568863137398304e-07	-7.225161694209546e-08	0.0032246390523509695	-1.440120976665088e-06	4.137447166820888e-07	0.002742624996674334	-2.021343886169061e-05	-0.0001097510003416909	-6.045727928560907e-05	-0.00010180004555068423	-0.00011717425486023024	-5.4234635109045246e-05
5.260000000000001	7.410776019538578e-07	-1.2206996194174316e-06	0.0032240384780845037	-2.274036406334146e-06	-7.772622858575168e-07	0.0027421385889057634	5.990575789738537e-06	-9.563995450637044e-05	-4.575490693551362e-05	-3.9657434604965355e-05	-0.00011188007650411376	-4.316878941262892e-05
5.2700000000000005	8.126971980460139e-07	-1.9369900064313746e-06	0.003224045798340239	-2.1642295802955113e-06	-1.3898481234537632e-06	0.0027417936368667175	1.5205660597315318e-05	-4.168167967354058e-05	1.9200068789402152e-05	4.421547082110355e-05	-1.5136118725354721e-05	-1.5639960238565525e-05
5.28	7.272057969920409e-07	-1.720731761672861e-06	0.0032244694940891825	-1.4466634677450442e-06	-1.208923134108097e-06	0.0027419917659811874	-2.9077143759015705e-05	9.539651180847687e-05	7.597345520668939e-05	9.639364735193777e-05	5.12789341962168e-05	4.924811096155213e-05
5.29	2.774640451129333e-07	-3.4367375765585875e-07	0.0032252218023320106	-4.4735709311280636e-07	-4.238793868533532e-07	0.0027428376417136147	-1.6962030754432314e-05	0.00015951269981561702	6.388860976216396e-05	0.00011798577013363998	9.578849717790977e-05	0.00011168439347451427
5.3	8.555598105249616e-08	1.410097217252588e-06	0.0032256550179552276	8.028867635528607e-07	5.458883046628945e-07	0.0027436176647729726	-1.605949332291975e-05	0.00015374067762503475	1.3332862609502932e-05	0.00011892570377349996	9.017285102412735e-05	5.092741963445981e-05
5.3100000000000005	-1.391474046216596e-07	2.544058970429999e-06	0.003225578088002661	1.755732730109148e-06	1.3098139924150803e-06	0.0027438419555207223	-2.1009204760148857e-05	6.418577963452996e-05	-4.130397425232944e-05	4.783465500016701e-05	3.3190643665163574e-05	1.591703230995323e-05
5.32	-3.6600243399964076e-07	2.3588780168823816e-06	0.003224761808252846	2.1333876968723554e-06	1.1745687940500576e-06	0.0027438301792293983	-9.011804343470058e-06	-9.408741321429371e-05	-9.310681346981202e-05	7.19517613581778e-06	-3.0752732164198626e-05	-2.6206373584431016e-05
5.33	-4.3697915391610196e-07	9.193888924882374e-07	0.003224003029824904	1.8570786663307387e-06	4.4193121182876714e-07	0.0027430186585033116	-1.5209432145268334e-05	-0.00019028401889767887	-6.20367265628153e-05	-5.3851496226294034e-05	-8.460924671559201e-05	-0.00013702312498992285
5.34	-6.236598599102367e-07	-9.594846640672099e-07	0.0032239796140684047	1.059047353058686e-06	-5.003917424063109e-07	0.002741546123282743	-1.6740910722431797e-05	-0.0001669835804578661	4.573268090175055e-05	-9.043590035594926e-05	-0.00010896047833420181	-0.00015508968659420493
5.3500000000000005	-6.535477975983e-07	-2.1900836258239206e-06	0.003224354413914106	9.517260990420093e-08	-1.5451115784695003e-06	0.002740511302603795	1.502272758325785e-05	-6.94273716926392e-05	5.470864325918489e-05	-7.621699967434275e-05	-7.493271100886766e-05	-3.8326461545238306e-05
5.36	-2.1930046130110588e-07	-2.242249276900846e-06	0.0032244858565808766	-7.412685212479497e-07	-1.9796221972802074e-06	0.002740626350989206	5.170676262875084e-05	7.038880630893403e-05	1.0098239257913158e-05	-7.88988351145558e-05	-3.0930267712970105e-06	8.281938390156946e-05
5.37	5.279475081617665e-07	-1.008117050096816e-06	0.003224449903452424	-1.518727061569671e-06	-1.3170874857598685e-06	0.002742025661035672	8.165069524090832e-05	0.00013281619514522223	7.916026007501911e-06	-6.585022039383315e-05	0.00011859284717890458	0.0002233117760144961
5.38	1.1420491854541228e-06	5.106634925955731e-07	0.0032245481963274246	-1.693318092748639e-06	8.472173091337197e-09	0.00274413952459998	4.432763961737034e-05	0.00016329457534894592	4.3806760233522815e-05	1.116889320608115e-05	0.00015277740619224896	0.00018984333921285995
5.390000000000001	1.4487150132823014e-06	1.5938432228169745e-06	0.003224959479085742	-1.094885275743566e-06	1.1631452576303637e-06	0.0027454292305536367	1.8746612426488465e-05	3.191199420166422e-05	5.685457517506847e-05	9.524529201436447e-05	6.0451692036218364e-05	3.2251687479285386e-05
5.4	1.2343342289241827e-06	1.5428095319421349e-06	0.003225427474464258	-6.572681586653476e-08	1.3495070746541388e-06	0.0027448170379821505	-5.7263009742098015e-05	-2.5469728818427748e-05	4.641994562446845e-05	0.000114261864818679	-3.099641223702887e-05	-0.00012984033303440148
5.41	6.643648286085148e-07	9.56023288482148e-07	0.0032256362237867626	8.670668475881752e-07	9.475162296255151e-07	0.00274290499281904	-5.7196155724088504e-05	-7.9470536847011e-05	-1.555335402008532e-05	8.74869794346223e-05	-4.9760407635086105e-05	-0.00022053785552911473
5.42	9.450315646175454e-10	-3.113862797215956e-08	0.0032248474671383812	1.6585784209041557e-06	3.244356256563857e-07	0.002740985658538894	-4.503773747698404e-05	-8.805622642815555e-05	-0.00011935201367448874	6.969113017104882e-05	-7.52847511403685e-05	-0.00013030934567301254
5.430000000000001	-6.001877053844087e-07	-7.104007846108195e-07	0.003223468189611342	2.30335535994258e-06	-1.954346068276346e-07	0.002740537032794411	-6.957879541249919e-05	-4.905418516472305e-05	-0.00011885826499672603	1.718940534320176e-05	-2.055966043226067e-05	3.8308210761714104e-05
5.44	-1.2196776034592804e-06	-1.070463764622363e-06	0.003222673086724301	2.1616124221770516e-06	-2.873494643073222e-07	0.002741463757735677	-6.880850164788241e-05	-3.7336745634383075e-06	-3.7857619136553475e-05	-5.810857137545243e-05	-6.933648679836992e-06	0.00015452398426481063
5.45	-1.8551978068041345e-06	-7.196719107590462e-07	0.0032228643369773447	1.2482676195776072e-06	-2.66278120311675e-07	0.0027430532308491094	-3.4533099885629134e-06	4.7178793910958155e-05	7.078631479402109e-05	-0.00011071801321685322	2.861579087878946e-05	0.00014583275385470428
5.46	-1.5467822426218377e-06	-1.2955291421295835e-07	0.0032242933461668582	2.0985090789035577e-07	-2.7339195857739735e-08	0.002744124759697723	6.375913234772243e-05	5.045657927721445e-05	0.0002056309535973379	-9.109685533398674e-05	2.7849059852718922e-05	6.461262607178136e-05
5.470000000000001	-7.870222468749351e-07	6.329315577949597e-07	0.0032261842689692067	-6.127892282728457e-07	1.8574098008266886e-07	0.0027442635150850495	8.034087735086913e-05	0.0001097211112093753	0.00016273464026635989	-5.4614561785283124e-05	8.640773156707377e-06	-2.26257019389722e-05
5.48	1.4828780316581142e-07	1.4089515239870047e-06	0.003227412552231626	-8.947114531599945e-07	-7.042170636828622e-08	0.0027434672970678173	9.282453085895348e-05	3.892694743945951e-05	5.7752154319039716e-05	-3.153755122548405e-06	-5.4054240115123844e-05	-0.00011429976326014584
5.49	7.702021830391025e-07	1.6299057028067624e-06	0.003226854648041611	-6.756090745037485e-07	-7.817289501976852e-07	0.0027424382624293663	4.7322738458624143e-05	7.062397894672493e-06	-0.00016655578482432725	4.6700359321227906e-05	-8.017986298773545e-05	-8.005490274672375e-05
5.5	1.171482133774893e-06	1.333587303059243e-06	0.003224497979054362	-2.9508173878669617e-07	-1.320598872333226e-06	0.002742273274864579	1.722855641664252e-05	-6.275495487162935e-05	-0.0002706975472703785	3.251651868668311e-05	-4.204970121746789e-05	4.705987266047021e-05
5.510000000000001	1.0702072932336585e-06	5.291880150622724e-07	0.003222432966658589	1.2990472109641966e-07	-1.512702445802649e-06	0.0027427686511366403	-2.6048210140281517e-05	-9.513923051836e-05	-0.00012102821418840428	4.728663441027326e-05	1.0954777636190734e-05	2.856613535822216e-05
5.5200000000000005	6.245414596171556e-07	-4.3095862752707375e-07	0.003222270903190937	5.212160949067932e-07	-1.3513201531922267e-06	0.0027426947352900354	-7.068025387491466e-05	-8.823091463006239e-05	0.00010140770288990535	2.222388411412752e-05	3.766551379694236e-05	-5.371944350683811e-05
5.53	-1.2543041763918507e-07	-9.494633254698392e-07	0.0032241294793981037	5.178153150742272e-07	-8.125401864083323e-07	0.0027421936721485633	-6.655099740549877e-05	-2.418792999762494e-05	0.00023654915597053723	-4.1645681824445724e-05	7.634533764345229e-05	-4.454221355876274e-05
5.54	-5.205596363726406e-07	-9.156625803734268e-07	0.0032261200965209244	-4.1052657040733256e-08	1.8024272321094875e-07	0.002741876647190848	-2.404070011252356e-05	6.665673149092457e-06	0.0001275979736020814	-4.8520004137994475e-05	0.00010822788639748637	-2.9812641706615835e-06
5.55	-5.090305555503738e-07	-6.249129025649788e-07	0.0032264331981483783	-4.524291070843293e-07	1.3696086479506159e-06	0.0027422493544912068	1.400096978592184e-05	5.191347080408341e-05	-6.191088315713929e-05	-2.413448651767974e-05	0.00010495887047055423	7.008178609976025e-05
5.5600000000000005	-2.1633217596245954e-07	-2.275359661711057e-08	0.0032252708813479006	-4.84802547512177e-07	2.0775248454988993e-06	0.002743207357486521	4.5156674315301465e-05	5.150446626660295e-05	-0.0001568967038481624	1.2613968383082472e-05	4.0225220744088334e-05	8.852481144427795e-05
5.57	2.5058904806790537e-07	2.0410006619282722e-07	0.003223534120445604	-3.2143065929527494e-07	1.690542693807981e-06	0.002743861011180326	6.313972026957824e-05	-1.5406965486897975e-05	-0.00014699017061166504	4.3725279363547566e-05	-9.606229451025409e-05	1.7437972017076094e-05
5.58	8.712233903495524e-07	6.110085066889975e-08	0.003222807576985781	1.5377786704167956e-07	4.610097444423213e-07	0.002743514765367909	4.1852250093998515e-05	-1.7491946936064337e-05	1.683514679550201e-05	5.8375376941223585e-05	-0.0001446527940817485	-7.103742753016237e-05
5.59	1.011211912568948e-06	-9.806150031788582e-08	0.0032237556431311243	6.536116327330576e-07	-7.090393754398542e-07	0.0027425687018488992	-1.0703620497475516e-05	-7.233146362346583e-06	0.0001620889726683389	6.1872867793093e-05	-9.860990213024009e-05	-9.369377037817717e-05
5.6000000000000005	7.946702414750728e-07	1.2968711269392923e-09	0.0032255830853986614	1.160145730823772e-06	-1.2638193938178986e-06	0.0027419061487582684	-3.509342985612355e-05	2.7482097512124584e-05	0.00016166910242191782	3.909473875832931e-06	-2.334154305227583e-06	-4.3849256086620754e-05
5.61	9.970140092489061e-08	2.2165333368906397e-07	0.003226562876690098	9.296677501133688e-07	-1.0726741149567341e-06	0.0027421657669561283	-8.126316129799591e-05	1.766111317002351e-05	7.239155984317051e-06	-3.1331478663301055e-05	5.429886798542488e-05	8.472453610813126e-05
5.62	-6.746102404949229e-07	3.061719272103439e-07	0.0032259266165111542	2.7745141717326757e-07	-3.6055477893073384e-07	0.0027432589832016244	-4.750345440297483e-05	-2.27561345281184e-06	-0.00013358863281080568	-6.417781633558927e-05	9.963134035276401e-05	0.00010265708897555613
5.63	-9.982269266296081e-07	3.4179144624163213e-07	0.0032243879393538204	-3.816219480514612e-07	5.349724314561816e-07	0.0027440581511613453	-1.4274249148293884e-05	-2.2668613549813244e-05	-0.0001387520399792815	-5.7373866358987664e-05	8.968766267894818e-05	4.759475778448315e-05
5.640000000000001	-8.357168068409889e-07	-2.1479539817541046e-07	0.003223471576921433	-1.0899946715378496e-06	1.2469547469277243e-06	0.0027438736207949523	4.9468933155771914e-05	-9.03412388870848e-05	-5.369133655800462e-06	-5.2384837551769766e-05	5.590396366480144e-05	-9.990546134622752e-05
5.65	8.392885771572873e-08	-1.075094140067658e-06	0.003224150192938544	-9.507796470306535e-07	1.581809122973991e-06	0.002742516091199843	0.00012385812770070712	-9.797658596040346e-05	9.473878378821144e-05	6.066805026059089e-05	-1.8949342816431572e-06	-0.00017034148567988882
5.66	1.2442608171312255e-06	-2.033250357313062e-06	0.0032250422404061225	-6.449048759076085e-08	1.4020597292415084e-06	0.002741121379872181	0.00010973852017926916	-7.671239087183759e-05	6.425330221334148e-05	9.878887274613478e-05	-4.199763574601999e-05	-9.354727165502563e-05
5.67	2.1726932614721755e-06	-2.3776275821852815e-06	0.00322543834902894	7.809379419799681e-07	7.761992230604069e-07	0.0027409914731113096	4.891260951092209e-05	2.8377874800507888e-05	-8.297607989792576e-06	7.949668404641065e-05	-6.314401275184947e-05	5.207712863323391e-05
5.680000000000001	2.003584816178406e-06	-1.5293204492531592e-06	0.0032248982089217153	1.30553983072795e-06	-1.1039854128835223e-08	0.0027420000277246135	-6.82052044481806e-05	0.00011040154993057475	-8.80102149083349e-05	2.1485411917036798e-05	-9.153548665399653e-05	0.00013288560786828556
5.69	9.953614275894227e-07	-1.1777310971969924e-07	0.0032240730312895196	1.0231305279088343e-06	-9.243365071310338e-07	0.0027433381803733344	-0.00011928836301457023	0.00016799817382355723	-7.534020766205763e-05	-6.639309453557224e-05	-8.777969802076176e-05	0.00010196581012479408
5.7	-5.34184254724716e-07	1.255063632359239e-06	0.0032239960185078778	3.49032528350899e-07	-1.355469498836411e-06	0.002744082099949214	-0.00017343330190870568	9.161970406246167e-05	3.257771096972522e-05	-6.257605290203547e-05	-3.347413755386473e-05	1.9422090439737918e-05
5.71	-2.1348278068842627e-06	1.7642588212226492e-06	0.0032246921292856923	-4.91244432416991e-07	-1.229849860448893e-06	0.002743611683098217	-0.0001264141753044404	1.2267660882836085e-05	0.00010088954553373703	-8.848560229154975e-05	6.816466967547642e-05	-7.900175097625324e-05
5.720000000000001	-2.958644765361895e-06	1.4640732228008867e-06	0.0032255797428125885	-1.0512820268693072e-06	-3.5172324653349084e-07	0.0027424930677660392	-1.0212901629471045e-05	-7.480672810133983e-05	5.033674326040042e-05	-1.2386919529082146e-05	8.268158389646287e-05	-0.0001257565478051926
5.73	-2.3828233705204024e-06	5.076358090570205e-07	0.0032256273057683373	-8.903293296281807e-07	5.244571997770736e-07	0.0027414948655054574	0.00012452980669919406	-8.074644290340802e-05	-5.2173866962711145e-05	7.639456623793774e-05	0.0001033868070165041	-5.139219793018447e-05
5.74	-7.270996431161569e-07	-5.849675049123127e-07	0.003224711905335716	1.2854030624980297e-07	1.4849251741506122e-06	0.0027415532641844337	0.00018559366036867837	-0.0001231036845351372	-0.00010463511239481552	9.894472119807529e-05	6.87160454456099e-05	8.733358832807473e-05
5.75	1.087127626532408e-06	-1.7608793686718622e-06	0.003223558035536314	8.956988541515296e-07	1.7383340629070463e-06	0.002742669235168471	0.00016302794035491687	-0.00012567586464103618	-0.00010168133922563228	6.043805468842389e-05	-2.2125319294146026e-05	0.00011214908747836502
5.760000000000001	2.336219450147861e-06	-2.659500783802708e-06	0.0032237209639150513	1.2032904079886876e-06	1.3246849725075814e-06	0.0027436973602059434	6.724490444836853e-05	-5.049398615021039e-05	0.00010317120930193548	1.835732824845723e-07	-8.28096683737404e-05	6.854361779036192e-05
5.7700000000000005	2.376027173339963e-06	-2.668063452101803e-06	0.0032251426443485995	9.732990120513623e-07	2.2787040310456473e-07	0.002743970697426917	-6.494839435926663e-05	6.298164546301162e-05	0.00016143642475400068	-4.474943609113934e-05	-0.00013281184586965886	-1.78198425560467e-05
5.78	1.1284629745286737e-06	-1.4153724194992182e-06	0.003226447538612448	9.628793039585576e-08	-1.1041317225863624e-06	0.0027432489110285297	-0.0001733441535237393	0.00016450785523225683	5.9854172312210094e-05	-0.00012703797187136454	-0.00013076015519347488	-0.00011920871814301176
5.79	-8.174410514602933e-07	1.443422866804262e-07	0.003226225056185082	-1.1320206011283018e-06	-1.8806250165632866e-06	0.0027422181538342646	-0.00019025752436161076	0.00014075361896756636	-0.00010677269951159169	-9.352197545249145e-05	-3.5710142205897166e-05	-8.343820188015046e-05
5.800000000000001	-2.3533926299838254e-06	1.651769048294819e-06	0.0032244561853717463	-1.92635702769514e-06	-1.7140382944914407e-06	0.0027417417518010357	-0.00010611799157639172	0.00012845845262604493	-0.00020634902128764598	-5.887998315947727e-05	7.31402335833574e-05	-1.520107695136572e-05
5.8100000000000005	-2.6054894482502226e-06	2.522904258070056e-06	0.0032226865615608688	-1.89067076537457e-06	-5.300685632139666e-07	0.002741857332636909	6.149849021558548e-05	2.794006273657507e-05	-0.00014059112260788825	6.8547548051515e-05	0.00015080704879771693	1.493791220240374e-05
5.82	-1.7289153358940648e-06	2.127110819057544e-06	0.0032223035020102785	-8.853581938675146e-07	6.810211779040369e-07	0.0027420994890243284	0.00012371258247402783	-9.860003788572931e-05	5.7565350647007695e-05	0.00013987072059200547	0.00010021552300250817	2.290644456789216e-05
5.83	-2.1658445906769344e-07	6.181335117999885e-07	0.00322370831368503	6.623391510717952e-07	1.5018736921113904e-06	0.0027423422348316494	0.00017703878754760324	-0.00016515087242795052	0.000197948207284756	0.00014203426636194257	7.685726293468628e-05	3.345064015478648e-05
5.84	1.5912758002766806e-06	-1.2456726336172366e-06	0.0032257368781404903	1.7135918913970377e-06	1.934445554256057e-06	0.0027423309463254063	0.00015520730855497108	-0.00019047375333015423	0.00017947084951175886	3.895968933725022e-05	1.5448641155884876e-05	-1.2984475357389566e-05
5.8500000000000005	2.6921695507299396e-06	-2.8784805783259333e-06	0.0032270563287237195	1.8461809297388507e-06	1.68785569861457e-06	0.002742470927310078	1.692111665999053e-05	-0.00011440071861802296	8.125152017229288e-05	-1.9988640116578706e-05	-7.022044533049148e-05	5.463428713617063e-05
5.86	2.0915788598186854e-06	-3.3636939132215393e-06	0.0032268854377737423	1.1454398966560914e-06	8.209069595614027e-07	0.00274324199112275	-9.800405948886456e-05	1.473246163868356e-05	-0.00010023060856510888	-0.00010924893814249581	-9.392820390137948e-05	0.0001060520762696326
5.87	6.453201151337806e-07	-2.4640529558277557e-06	0.003225088024604346	-1.8194519620973605e-07	-2.744176413247963e-08	0.0027440159722359244	-0.0001741312976970962	0.0001674272124502262	-0.00023208955133565093	-0.00014368482812680396	-8.66798600843107e-05	3.5633595817336606e-05
5.88	-9.819030697251134e-07	-5.935559504565016e-07	0.003223327665051169	-1.4290527233423258e-06	-5.348131449555722e-07	0.002743810849272336	-0.00015456019371718626	0.00021648531929929546	-8.83788856058141e-05	-9.659061884885395e-05	-2.7249059749202218e-05	-7.698551418640631e-05
5.890000000000001	-2.0982349416399547e-06	1.332754415209574e-06	0.003223089890255049	-1.963539807161726e-06	-6.457368457308692e-07	0.002742715452712507	-6.602229091710249e-05	0.00016310532018094605	4.964835798386159e-05	-1.1766223510070386e-06	-1.2390852855794723e-05	-0.00012412798194079305
5.9	-2.056479457595541e-06	2.5197598143999416e-06	0.0032243471461567918	-1.3166365988020197e-06	-9.818988200212167e-07	0.002741743964341277	6.869364166547838e-05	6.866411525861528e-05	0.00015523807204571378	0.00011677658122687264	-2.515623129826639e-05	-7.570066986779578e-05
5.91	-1.0457563021819292e-06	2.462701846076895e-06	0.0032258416707194753	3.4781732948837506e-07	-8.713435257610914e-07	0.0027415147118298082	0.00012016616727711256	-7.769210274264253e-05	9.043763491167555e-05	0.00017614315808904419	1.863556393859685e-05	2.3937985858433244e-05
5.92	5.839628162507165e-08	1.132176440287701e-06	0.0032262567451980407	2.0289338320822826e-06	-5.236536730419513e-07	0.002742418954619536	0.00010778804272986905	-0.00019060982798214276	-2.5343619127793417e-05	0.00011921725856498537	5.541221695067163e-05	0.00014164952273497365
5.930000000000001	1.066127447562697e-06	-8.134624979428793e-07	0.0032254879660198717	2.768463385489084e-06	5.1216554357393844e-08	0.002743872318355602	8.063836713643084e-05	-0.00017495907253035545	-0.00011901343849313452	7.83246136593146e-06	5.4479758247496656e-05	0.00012293590600908334
5.94	1.4393718406353408e-06	-2.3304194551620464e-06	0.0032245249145068633	2.328294992648442e-06	6.184552099235774e-07	0.0027445962804321503	-1.0380645112546614e-05	-0.0001264770777517475	-8.684081926860699e-05	-0.00010022997112839793	4.065244004641547e-05	1.4468253330038465e-05
5.95	8.919792035977094e-07	-2.7983067361335024e-06	0.0032238972194304594	9.359605043982152e-07	1.0335760915213896e-06	0.0027440845101265304	-0.00011195285954508154	-3.368440712202132e-06	-1.3264645171098951e-05	-0.00016221695944842663	5.2535922676267324e-05	-0.00013006205795176583
5.96	-3.4467221154355926e-07	-2.5318086296249717e-06	0.003223972125031093	-7.27793397954398e-07	1.5519178647542368e-06	0.002742312697595628	-0.00012691197723779492	5.124076215146248e-05	3.6977798535442755e-05	-0.00016668079667309026	1.2938116091588142e-05	-0.00021387944566996942
5.970000000000001	-1.3473370735647689e-06	-1.4370282238239657e-06	0.0032242538470884847	-2.2024179634607337e-06	1.59270147528061e-06	0.002740313348999066	-8.847297157353621e-05	0.00012737805556457967	1.8500808695963092e-05	-0.00011118818709307194	7.670824013479867e-06	-0.00016748933955356817
5.98	-1.8266564503705848e-06	9.088343492629206e-08	0.0032246672174533284	-2.6872065893030984e-06	1.332820315018789e-06	0.002739517249053007	-3.0803118519397994e-05	0.00015808051187406218	6.508637072776434e-05	2.9822415680723375e-06	-5.9609251578986015e-05	7.589264604593561e-06
5.99	-1.67500769843593e-06	1.2977180714328646e-06	0.0032247014830074014	-1.9050464006274157e-06	3.675771040034972e-07	0.0027406311544879345	4.367194749011477e-05	7.374315127556063e-05	-3.862457029408923e-05	0.00013264995302595498	-0.00013121759734928542	0.000179916994844864
6.0	-9.473147769854097e-07	1.653724158681735e-06	0.0032242522041511516	-2.980406885430265e-07	-1.0144574938148953e-06	0.0027428676692271693	7.829398697577581e-05	1.6947498324824272e-05	-2.26963387094588e-05	0.00016269609877855008	-0.00011605400301272275	0.00022579604685235758
6.010000000000001	-5.0592477313182985e-08	1.4405044878516417e-06	0.0032243465837749146	1.138330272442474e-06	-1.6914061361940165e-06	0.002744919803315258	8.693026452709329e-05	-3.79170429015124e-05	6.000149191609429e-05	0.00011244228555338178	-3.500605427167678e-05	0.00015590062341538387
6.0200000000000005	7.225392333793873e-07	8.705352620901086e-07	0.0032254379585645696	2.0577973019054535e-06	-1.7160017723192563e-06	0.0027453431421754527	6.217204234938982e-05	-9.976009129123921e-05	0.00013195349540985507	6.145027082841951e-05	6.149043110338754e-05	-6.283151583903488e-05
6.03	7.570208978391897e-07	-1.3072891883545406e-07	0.0032268672841113503	2.3892484912108957e-06	-1.1587857403178118e-06	0.0027441172494695703	-2.6577492410918152e-05	-0.00010176188344794429	9.658519728879501e-05	9.464160218368023e-06	6.847836100302812e-05	-0.00015163899912341337
6.04	5.115259271301579e-08	-8.723034391068717e-07	0.003226940651206617	1.9581142205287708e-06	-5.152228122804505e-07	0.0027424961057559297	-0.00010623727858447602	-5.456725514792358e-05	-9.517629919391995e-05	-9.234017239185525e-05	7.489119221751473e-05	-0.00016077462366477992
6.050000000000001	-9.071143442641086e-07	-1.143757396532134e-06	0.0032250899200152827	7.757966767265325e-07	2.847482015550228e-07	0.0027414465391830995	-8.624726952695534e-05	5.319873628071953e-06	-0.0002512568900861179	-0.00015123212959094115	6.204756253856465e-05	-5.8348736888354356e-05
6.0600000000000005	-1.6130670741302881e-06	-9.239568813368623e-07	0.0032226735802051033	-5.523661500024221e-07	7.207446101460808e-07	0.0027414787322586048	-5.590580682704882e-05	4.317484022149928e-05	-0.00019968986509850904	-0.00011830156513468116	5.091734821827094e-05	4.773334776117395e-05
6.07	-1.845892711806931e-06	-1.689894573388995e-07	0.003221803601707286	-1.5776837230196297e-06	1.2799932623742445e-06	0.0027422399076980145	1.093177988839515e-05	9.671813546666658e-05	2.714468019576532e-05	-6.788370861342552e-05	1.7665032568165444e-05	8.769076423888037e-05
6.08	-9.758285201127695e-07	7.940045671872909e-07	0.0032232245601003066	-1.7508766177979972e-06	1.2057777158461102e-06	0.002742912445139055	0.00014820467320447053	9.038641612929331e-05	0.00023900666342756413	1.1971372634309032e-05	-2.1404676867912312e-05	4.529946876890491e-05
6.09	5.24285368733967e-07	1.3728835940483315e-06	0.0032258211349722684	-1.4450400693424746e-06	7.698321408602507e-07	0.0027429560160556385	0.0001365379873133062	3.220468071278697e-05	0.0002467414654440715	7.82538018956944e-05	-6.823805709149037e-05	-3.4264158624267424e-05
6.1000000000000005	1.6721599291542547e-06	1.2620711769546182e-06	0.003227835312939356	-6.387799722486284e-07	-1.828491714845589e-07	0.0027429846462874953	8.520420453160047e-05	-5.362277526228164e-05	0.00011649265219536851	8.413562328834563e-05	-0.00011216887533388648	3.074896742264317e-05
6.11	2.0002579413631835e-06	3.74550815071234e-07	0.0032275867477334686	1.0168511453994294e-07	-1.000691888428278e-06	0.002743704642648521	-3.248262661308125e-05	-0.00010393730374946176	-0.00015449683877934715	9.148340052622231e-05	-6.256144124196808e-05	9.487962020590521e-05
6.12	1.4271999597551538e-06	-3.8433118467403235e-07	0.003225211975866015	5.962091258556734e-07	-1.6608063400480596e-06	0.0027444127526003634	-9.747108096299632e-05	-4.398878856330722e-05	-0.0002669005100750288	4.101473061396666e-05	-3.999350269305258e-05	2.3129274519120565e-05
6.13	1.2478971615297772e-07	-7.90491929023735e-07	0.0032230131214625196	8.98326744425263e-07	-1.6633473810844105e-06	0.0027441449870080235	-0.00014926388603848448	-2.8074910399999812e-05	-0.00013439215673556476	6.863785387641324e-06	2.9118381415833804e-05	-7.554149605608099e-05
6.140000000000001	-1.2637559454015932e-06	-8.223951025383309e-07	0.003222810340787897	5.262091878612634e-07	-1.2901763346158894e-06	0.0027427790137249538	-0.00012511607418467846	8.118099299909891e-08	9.005854767521389e-05	-7.13637131717991e-05	5.9355897756485746e-05	-0.00017004186762332324
6.15	-2.179994245907281e-06	-5.664279466136475e-07	0.003224499689013394	-1.1763847704742468e-07	-5.116295595332556e-07	0.0027409463548289897	-2.3621300941848857e-05	5.896481187240962e-05	0.00020877427032652446	-6.307303959479291e-05	9.98703407332579e-05	-0.00014244305849304086
6.16	-2.0546257428692597e-06	2.3453654388709675e-07	0.003226219284430312	-5.88423829686791e-07	3.9496171222351225e-07	0.0027401404285128657	3.06960918631593e-05	8.063773784486795e-05	0.00011429834482667279	-3.1414675513658514e-05	8.98611781396454e-05	-8.663392597135464e-06
6.17	-1.0679623072966696e-06	6.302806929811323e-07	0.0032261715426798957	-8.45182126937893e-07	1.3980281362729367e-06	0.002740863195653227	0.00014616964305383815	-9.200043424325323e-06	-0.00010466618196073216	3.2639947170224976e-07	0.00011251269741568106	0.00014954159289314446
6.180000000000001	4.6584640789690047e-07	1.2500285510963613e-07	0.0032244811036143384	-6.723262246871707e-07	2.034741079838632e-06	0.0027429281615211913	0.00016353942356705814	-8.302180393689786e-05	-0.00018170564763373074	4.277117183925619e-05	1.6110702518999442e-05	0.00021849184900284022
6.19	1.9312001279375295e-06	-6.111109353736532e-07	0.00322305856175626	-2.3608069090990423e-07	1.850329586382522e-06	0.002744489220759941	0.00011592161432969642	-8.057475174334224e-05	-5.5141730172720036e-05	2.3160006216514782e-05	-4.9509960599868194e-05	7.829830170838587e-05
6.2	2.568660762197892e-06	-1.4891663102855448e-06	0.003223616951928906	-2.805172731612194e-07	1.1785332448814662e-06	0.0027444389555026107	3.5626704574609724e-06	-7.122012547769189e-05	0.00015568325807787338	-3.255493023070828e-05	-9.951519914345093e-05	-6.921958559615314e-05
6.21	1.931378298085019e-06	-1.834082152030693e-06	0.0032257714478775095	-5.699490446692872e-07	-4.061284846629272e-08	0.002743128078817867	-0.00010843317047869306	-9.870718834195424e-06	0.00024827372394175466	-7.051377983085731e-06	-0.00012779998651114795	-0.00014041025897073236
6.220000000000001	4.678587633173127e-07	-1.4064477505307811e-06	0.0032275720116711347	-5.833064824813232e-07	-1.2283276528893936e-06	0.002741903758807428	-0.00016387209404273626	8.915066586198684e-05	7.337588689823256e-05	1.3816078198012003e-05	-8.643122441298448e-05	-6.942259301603734e-05
6.23	-1.2633348819405717e-06	-2.6054636698476954e-07	0.0032268012484701052	-2.860073772592501e-07	-1.5806345273034993e-06	0.002741700793095999	-0.0001462392012671011	0.00014021316961346832	-0.00020438433767448557	5.176421658609176e-05	1.1890984898393621e-06	4.909379188840931e-05
6.24	-2.2841909530693108e-06	1.0327397360729831e-06	0.003224137130488975	3.902156125070812e-07	-1.3515125138111061e-06	0.0027426808918786863	-6.217547972135214e-05	0.00010272756153189034	-0.00028027779798814675	8.450475227390286e-05	4.103130763693834e-05	0.00013608335590668743
6.25	-2.460337590821158e-06	1.7641393144267376e-06	0.0032218549621083996	1.2962411012881647e-06	-9.566877062150718e-07	0.002743685285654838	5.0585584232222216e-05	3.792925631248124e-05	-0.00013679492793460796	9.77129894873801e-05	3.239520523432143e-05	5.2894403011203354e-05
6.260000000000001	-1.3912790997262151e-06	1.8728256338838181e-06	0.00322200645549487	2.035267425573325e-06	-5.915744479226533e-07	0.002743450746117422	0.00015258457622653002	-2.27575859151385e-05	0.00018079367990390033	5.57868127332661e-05	4.200148647649926e-05	-8.779641132584688e-05
6.2700000000000005	2.5119107354337417e-07	1.4339375884986633e-06	0.003224841304252247	2.4624819642730766e-06	-4.828808874465552e-07	0.0027420376752667302	0.00013492775526067395	-6.793756718205325e-05	0.00034780027798616723	-1.0481643788093155e-05	-2.3335943677904875e-05	-0.00014808088758502642
6.28	1.1273388926598684e-06	5.0318260890832e-07	0.0032276831199980326	1.7987193299259952e-06	-4.513084415725196e-07	0.0027412729534890797	3.126330231290454e-05	-0.0001129131888249976	0.00018248419312570936	-0.0001103568279744343	2.003841822850347e-05	1.488104189160438e-05
6.29	1.2261203123818266e-06	-8.527088437659132e-07	0.0032276764875012213	5.557331754048142e-07	-4.174538869154735e-07	0.0027421081246059055	-2.3450145984605464e-05	-0.00012822482692170434	-0.00015255927512614528	-0.00015280396720443714	1.2166661075049763e-05	0.00016433308813982434
6.300000000000001	6.275041156279519e-07	-1.6104025625680062e-06	0.00322506409964464	-1.0478310716346993e-06	-1.8275378868314903e-07	0.0027441156795672784	-7.450368168724634e-05	-2.3329748943641726e-05	-0.0002962961647354481	-0.0001718130357079055	4.888785160145745e-05	0.00018748453933170546
6.3100000000000005	-1.9920273760819995e-07	-1.3626515554490209e-06	0.003222561878855826	-2.378959918340637e-06	3.7560770290940664e-07	0.0027453310191287556	-9.311595254180665e-05	7.471209453027186e-05	-0.00017355577681630037	-8.740771002024583e-05	5.74731992744984e-05	4.7259463302653846e-05
6.32	-8.720125897262382e-07	-6.094873353080798e-07	0.003222266463072083	-2.751972723901738e-06	6.443611432453672e-07	0.0027446507287418173	-2.661872642914407e-05	9.826411829077748e-05	0.00011106541936510888	2.244922979338822e-05	5.874790291308709e-06	-0.00018386310679261065
6.33	-7.017558848759617e-07	5.048747506916252e-07	0.003224592711479606	-1.928168003662431e-06	4.2768326275928335e-07	0.002742543563546493	5.0172788314877894e-05	0.0001209539517047337	0.0002907748249571923	0.00012941525685963712	-4.587943199598241e-05	-0.00020135743353954928
6.340000000000001	7.18120040290985e-08	1.4804756528531663e-06	0.003226785010890409	-2.037236255047077e-07	-1.9574029170560267e-07	0.0027407537221003668	7.531280869838874e-05	6.119891595937732e-05	0.00012213311516303944	0.00021927432931917698	-6.014947871762515e-05	-0.0001415818039347143
6.3500000000000005	8.118322202310796e-07	1.8174537399393453e-06	0.0032269016661329334	1.7889145776233571e-06	-7.725790638453332e-07	0.002740566633247007	4.573372351427981e-05	-1.0797175646924504e-05	-8.31802813829448e-05	0.00018174860929677923	-5.176191405476841e-05	0.00011507862734519756
6.36	7.371382485180285e-07	1.4376859263034197e-06	0.003225359066664501	3.0513653776220523e-06	-1.1055750928430916e-06	0.002742411908015603	-5.045237660083299e-05	-5.897830353734644e-05	-0.00018187819286171245	6.88153925536205e-05	-1.2864838617565645e-05	0.00022650189160930035
6.37	7.734305432848516e-08	7.492946474272842e-07	0.00322392136158125	3.13684483676905e-06	-1.1006746477946231e-06	0.0027445593097253215	-6.932391321300794e-05	-8.086666959678601e-05	-9.19595875779188e-05	-4.238798913997054e-05	4.487276374184764e-05	0.0001518748151499197
6.38	-7.26404185993438e-07	1.1748481694661683e-07	0.003223729411199418	2.0576616878303378e-06	-3.1630025942862147e-07	0.00274515072185842	-8.678886864628295e-05	-4.273134541523988e-05	4.928542813475894e-05	-0.00016650640473943185	0.00010391049419936532	-3.804800196261911e-05
6.390000000000001	-1.3757206026460293e-06	-2.0516051884990967e-07	0.0032246934193686364	1.5644042910699922e-07	6.229182811333663e-07	0.0027441550159987707	-2.383215973509666e-05	-3.367978669528925e-05	0.00012578237000113697	-0.0002008692107452571	7.25024360598824e-05	-0.00015496047806329988
6.4	-1.1942163420186954e-06	-5.092440894340434e-07	0.003225763431687515	-1.7834482240085846e-06	1.0397110726279306e-06	0.0027422911587263454	5.144404145144827e-05	-2.4993251010424454e-05	7.564826525432722e-05	-0.00015700703467369493	3.0287453500417225e-05	-0.00019742712622898667
6.41	-2.349303389623353e-07	-5.510962814323916e-07	0.003226071658318545	-2.980447808103645e-06	1.0714356271330498e-06	0.0027407982331940756	0.0001089496569638184	2.6860615454107827e-05	-3.1494672337640525e-05	-7.705751205761497e-05	-3.345578886306321e-05	-6.175182414033863e-05
6.42	8.820216686756872e-07	-1.7315900364046594e-07	0.0032251616045055635	-3.003286110271347e-06	6.348640669031192e-07	0.002741062589054485	0.00014585918447275134	3.242948905419588e-05	-0.00015620163296109962	6.39294423869553e-05	-6.964971830747926e-05	0.00011248227146935691
6.430000000000001	2.161084912374211e-06	5.487078570956883e-08	0.0032234576699343705	-1.8589319127154545e-06	-2.7406797863581527e-07	0.0027425718125276785	9.305854469879592e-05	1.832405668099143e-05	-0.00014477202138862374	0.00014955024719928223	-9.872431261975521e-05	0.00015323586695154803
6.44	2.57994640394687e-06	1.8236077890750016e-07	0.00322286399723182	-1.9246529011049008e-09	-1.2758149419089994e-06	0.0027438591537839994	-1.0341876914920657e-06	2.6912340859770045e-05	1.9839419321125837e-05	0.00021700801645959956	-7.498609921253103e-05	8.132480976109633e-05
6.45	1.8264186492257417e-06	3.4951158099762775e-07	0.003223985761763719	1.8934944372623073e-06	-1.8511942560615307e-06	0.002744010722410276	-0.00014180572863910134	2.102772970979701e-05	0.00019406664530625077	0.00014389938912348263	-4.181764475769866e-05	-4.1962955173641356e-05
6.46	-2.1362854564599373e-07	6.792462605636802e-07	0.0032260041972144017	2.830143753241461e-06	-1.9083670031303284e-06	0.0027431268187594897	-0.00023934356102644873	3.326258871435297e-05	0.00017683920483699484	3.1407773658127457e-05	3.990556896929679e-05	-0.0001104235198378167
6.470000000000001	-2.445885662876794e-06	7.936748090423861e-07	0.0032272403710254366	2.6926532258537056e-06	-1.5298872223933358e-06	0.002742290476167809	-0.000187108345753215	-1.35848984476417e-05	5.689622883449762e-05	-4.541392146008644e-05	4.704549168447764e-05	-5.810932110878242e-05
6.48	-3.5428010594272586e-06	5.28095744134609e-07	0.0032264731576797504	1.7667318908872482e-06	-7.828736175599407e-07	0.0027420342343460764	-3.0539880732219014e-05	-3.259473971667943e-05	-0.00016802687227954714	-0.00012314638496973505	6.619777520729051e-05	1.8018597522429236e-05
6.49	-3.188350142613333e-06	2.028424434446654e-07	0.0032243267709113517	4.712976212384266e-07	1.908301248137999e-07	0.002742559048249194	0.00010249035298879168	-2.8895799126589846e-05	-0.00022207025431039432	-0.00013860693986603826	0.00012264038614934742	7.530544438336021e-05
6.5	-1.84287032605199e-06	-4.642580026583635e-08	0.0032226292205805285	-8.679142692283533e-07	1.3085118465320845e-06	0.002742956249871846	0.00019068454755182126	-1.747714491245805e-05	-8.966386183144566e-05	-0.00010209452705208598	9.809808737181194e-05	3.835492106897419e-06
6.510000000000001	9.79930555267099e-08	-1.7475183312972996e-07	0.0032229067019201763	-1.6940188582486287e-06	1.9886998764678316e-06	0.00274268464794396	0.0001808605393777654	-2.082255445162624e-05	0.00012580104621999228	-2.4413788122919308e-05	3.781231131930025e-05	-4.799667658545646e-05
6.5200000000000005	1.8194138378975233e-06	-5.007391872642583e-07	0.003224682471353457	-1.409108632432023e-06	2.132416429311369e-06	0.002742187485024539	0.00014247556566709553	-4.0280338697026575e-05	0.00019312673460381846	7.74383335724809e-05	-2.5780237016999496e-05	-4.202784042676721e-05
6.53	2.572834601134751e-06	-9.474700700918778e-07	0.003226334083633619	-3.827193760108563e-07	1.8276140746186776e-06	0.0027421004358453415	6.411349791851942e-06	-3.57163648998742e-05	0.00012348616980702688	0.00011600769734775487	-3.2469252604805275e-05	3.664031526819381e-05
6.54	2.1805758970709115e-06	-1.1975098521631696e-06	0.003226616905040298	3.5671220375411737e-07	1.3604753308716257e-06	0.002743056899912924	-0.00010101569722006285	4.269763259712427e-06	-4.832593705121989e-05	3.722180270106871e-05	-8.443906641599103e-05	0.000160676799901018
6.550000000000001	8.766773701893922e-07	-7.304900549194687e-07	0.0032257266333803923	5.046366614329815e-07	3.4620563655808007e-07	0.002744566901007046	-0.0001576232118317593	6.446132707025481e-05	-0.00011778927013070202	-2.2226549700504113e-05	-0.00012636708162773808	0.00012886407377633003
6.5600000000000005	-8.696331588006121e-07	-1.7034260519694324e-09	0.003224911873468078	1.6819361392107482e-08	-1.0097624763511082e-06	0.0027450423320729955	-0.00017639530885199225	6.056573563919078e-05	-6.965935292870951e-05	-4.475608100703498e-05	-9.790355344641598e-05	-3.228451497508443e-05
6.57	-2.430189830606017e-06	5.71683181739293e-07	0.003224521445935143	-4.760207648691354e-07	-1.898990274283414e-06	0.002743963558453141	-9.95330403474426e-05	7.719723101791517e-05	-1.3365256121542974e-05	-3.244914801217036e-05	-4.42820186644077e-05	-0.00018613910222463307
6.58	-2.4336688324911378e-06	1.0781917046738377e-06	0.0032247556211153472	-6.903891362045137e-07	-2.0499504634649786e-06	0.002742103892909516	9.820306629854552e-05	1.8424173824061575e-05	3.94793445330459e-05	5.418405656234779e-06	1.2578428669973167e-05	-0.00016647815404353066
6.590000000000001	-8.826232352197298e-07	1.2001794497469628e-06	0.0032249637327355436	-1.91480401254695e-07	-1.4741904888617042e-06	0.0027409239962533694	0.00018811009240992567	2.434001556739008e-05	-1.880115143556453e-05	8.325773725047881e-05	9.019379497231669e-05	-5.511998156990242e-05
6.6000000000000005	1.1942516822714457e-06	1.201150077407547e-06	0.003224542155709318	7.547039357389991e-07	-4.252260690739916e-07	0.0027411122066713285	0.00018544573167369468	-2.4109578374265445e-05	-6.013824868418551e-05	9.51946758982067e-05	8.987040201222209e-05	7.02095827046802e-05
6.61	2.690344008842253e-06	5.074214874213498e-07	0.0032241423843963816	1.3586930495593199e-06	3.095225367892759e-07	0.002742190351319036	6.135339079682916e-05	-9.488945227052343e-05	-1.779794690720189e-05	2.2580577197637207e-05	5.294668142361116e-05	0.00014185499407057218
6.62	2.5550074521873e-06	-5.031546956059954e-07	0.0032239164066012694	1.1245587325999352e-06	7.266495968832348e-07	0.0027436971277514433	-7.178567200861063e-05	-0.00010900580413920621	1.3311688558698389e-05	-5.166315642260222e-05	4.060448330156803e-05	0.00012865160949724648
6.63	1.6679426878617418e-06	-1.39268273146287e-06	0.003224505306573907	4.2293646170884103e-07	9.857057681073363e-07	0.002744478363449611	-0.00012100144815956281	-4.1042701381361143e-05	9.120898051508999e-05	-0.00010988851330457491	1.3343280391510707e-05	7.973841358819359e-06
6.640000000000001	1.2617144640923452e-07	-1.4669045995145411e-06	0.0032251808343007845	-4.938345360087875e-07	9.866260661429092e-07	0.0027438221895359403	-0.00017497110530198933	3.630991491083172e-05	7.112763374569293e-05	-5.722317299209829e-05	-2.491161474610824e-05	-0.00015120752987358697
6.65	-1.3734527680290342e-06	-7.958435367825433e-07	0.003225522063466566	-1.03476163186926e-06	6.82545580615306e-07	0.0027421538067449124	-0.0001252593192342656	6.125150945914681e-05	-1.397349928130147e-05	-4.9102133822989106e-05	-3.1272782894570605e-05	-0.00018487862231694423
6.66	-2.105123114041167e-06	-1.8622437148702175e-07	0.00322492462615503	-1.1531770478156587e-06	1.9261317050685704e-07	0.0027407854356335283	-7.192150774488886e-06	7.351994884175512e-05	-0.00010440752460258389	9.61306420663132e-06	-5.1126537004928655e-05	-5.8350743603329074e-05
6.67	-1.7567514122344884e-06	4.794796640415673e-07	0.0032236741234103537	-9.818627302188392e-07	-1.6256929211417806e-07	0.002741241622314053	8.158213630397556e-05	8.530434273055613e-05	-9.60927265389448e-05	4.574909462375402e-05	-1.4853840463344797e-05	0.00011629563405731223
6.680000000000001	-7.2206926880518e-07	1.140830887928287e-06	0.0032230214129233955	-1.6476391291674448e-07	-4.110319357395742e-07	0.002742978752217702	0.00011356464516463749	4.7559983520379935e-05	-2.9341139164950626e-05	9.785020922167463e-05	-3.244212625970121e-05	0.00017044566354267672
6.69	5.007136668062071e-07	1.4467522340813793e-06	0.0032236228050507615	7.488828879845735e-07	-7.971808215696043e-07	0.0027442604670591636	0.00011435409307456624	-3.0598183755393624e-06	0.0001520527449815588	9.660748348983623e-05	-2.732602648594241e-05	8.135579827722709e-05
6.7	1.4843317832692922e-06	9.936968348804097e-07	0.0032256578974976294	1.1902836632938397e-06	-1.230218522297939e-06	0.0027443206323780915	4.7806458401049286e-05	-8.686689388611177e-05	0.00019079688500696487	5.910396482774969e-06	-5.3299620020844724e-05	-6.146090272627055e-05
6.71	1.2456027691472236e-06	4.1399347594440285e-08	0.0032273319059353436	9.535978972681518e-07	-1.1679955041829238e-06	0.0027433373380964217	-6.216061327262612e-05	-0.00011217332183387198	9.213100708295005e-05	-6.983588247464284e-05	5.3917087563711706e-05	-0.00011574627520893431
6.720000000000001	2.0918338803138594e-07	-8.549749760731245e-07	0.0032271695406278253	6.732947693749907e-08	-3.8885767940306804e-07	0.0027424462346335382	-0.00012248686194152742	-8.836992416238677e-05	-0.00013256511508108525	-0.000122509015768526	9.43247613127492e-05	-5.2011728677010265e-05
6.73	-9.140441370540849e-07	-1.344736192708561e-06	0.003225043450722445	-1.2471349756853045e-06	8.940300934719499e-07	0.0027424735885605215	-7.983248468986506e-05	-2.07408229775545e-05	-0.00025177728651209477	-0.00011142537572028114	0.00013215655727248876	3.7493194231360936e-05
6.74	-1.2217489450836499e-06	-1.423305747191987e-06	0.003222683863077249	-2.0943679094740748e-06	1.781738202790701e-06	0.002742928334898142	3.436573269550274e-05	1.0293279961516678e-05	-0.00017032974501841292	-5.100161839676184e-05	7.131449201190793e-05	1.5394584419074456e-05
6.75	-6.507336546896918e-07	-9.706744291570496e-07	0.00322200176784602	-2.2728318908372475e-06	2.220582676083845e-06	0.0027426778149386094	8.040578610982176e-05	8.70675392461158e-05	3.66511037178619e-05	1.3266273022169498e-05	3.392102478454693e-05	-8.497733949878736e-05
6.760000000000001	3.7412892713861366e-07	7.883755887751897e-08	0.0032234203897638543	-1.645254481541199e-06	1.908704479993393e-06	0.002741685425708302	0.0001088485726493973	9.356138200934649e-05	0.00021886290047502387	0.00011272815320875705	-7.916457348615675e-05	-9.013083010757126e-05
6.7700000000000005	1.3873869753947677e-06	7.266963348826397e-07	0.003225551548325452	-2.0254488791618697e-07	5.45232270541186e-07	0.0027411541327756034	7.176729279498164e-05	5.73768276855435e-05	0.0001803962085186583	0.00014836590752508402	-0.00014761595154826382	4.893483872878409e-06
6.78	1.9031505419202485e-06	8.386095516330495e-07	0.0032266372392770895	9.71361452650305e-07	-7.272724637281196e-07	0.0027420518676512743	2.7512133709656106e-05	-2.1946241102776364e-05	1.450936846886614e-05	0.00011010227461647345	-0.00012173491164061811	0.00015319866661966066
6.79	1.4477293116647212e-06	4.7482061277252074e-07	0.003226075917435008	1.6384295734667788e-06	-1.6316556168188832e-06	0.002743616173379514	-7.375821938157205e-05	-4.131151590677428e-05	-9.736555138245684e-05	3.3812606174596095e-05	-5.375899902462861e-05	0.00014645190676630676
6.800000000000001	3.285643298662365e-07	2.5595836315711827e-07	0.003224860638000937	1.6772125234516397e-06	-1.6856036747098075e-06	0.002744603349190452	-0.00011887674093022477	-1.7215061578765355e-05	-0.00011085759894499321	-1.3241190120848829e-05	2.5016926338829817e-05	3.243123310016318e-05
6.8100000000000005	-7.429756871990513e-07	2.2069318120950857e-07	0.0032241754772680898	1.041246756509063e-06	-1.0995617148181278e-06	0.0027437753764151538	-7.99337243643737e-05	-3.951989812888799e-07	1.4374702841253776e-05	-0.0001034706425768577	7.759736631838689e-05	-0.00013848634554342382
6.82	-1.4836545724064143e-06	2.2051327060917912e-07	0.0032244773764914776	-3.827092010705741e-08	-2.1768875418990502e-07	0.0027420328800458827	-4.069202614094363e-05	-6.716515597866017e-06	3.424651061943816e-05	-0.0001161926485958195	9.651416832954042e-05	-0.00019146919673073022
6.83	-1.7066628648890969e-06	6.904009944860235e-08	0.003224948863355738	-1.0602335095952273e-06	4.5997822307589805e-07	0.002740714471680535	9.772180496888437e-06	-1.655480198593393e-05	4.918595738784269e-05	-6.525315235732074e-05	3.8553947442559474e-05	-7.31131180343622e-05
6.840000000000001	-1.1694843237015717e-06	-1.4896125746426883e-07	0.0032248799017225516	-1.612298265458463e-06	6.815111071460774e-07	0.00274085737063833	0.00010442930992446683	-1.9215189446903594e-05	-4.813463268541543e-05	-3.4031014532545475e-05	9.532917197853007e-07	9.192067143246211e-05
6.8500000000000005	1.304421568003781e-07	-1.0922428501185743e-07	0.003224382598295643	-1.8144424077845763e-06	6.005674294472307e-07	0.0027421929501149638	0.00015175507652595335	5.488554907046628e-06	-5.921636891981931e-05	7.760855665396533e-06	-1.3774507465258662e-06	0.0001746520310751541
6.86	1.6640954695463746e-06	-1.262089704153321e-07	0.0032240108527018608	-1.3001831582431926e-06	6.783683865862348e-07	0.0027442192129850398	0.00013510362020058042	-2.2541530577480754e-05	3.994389571628865e-06	7.913731698268355e-05	8.830009164473737e-06	0.00016784544382021475
6.87	2.4621328679817785e-06	-2.2827431030180844e-07	0.0032248050908527987	-2.874894442189024e-07	8.167144414771414e-07	0.0027448135835485858	2.6944338131665162e-05	-5.665692091599457e-06	0.00013206493202648365	0.0001208386967734791	-2.329400105108576e-06	-4.192279316974603e-05
6.88	2.1090242888843605e-06	-3.6195930775394913e-07	0.0032260722622902077	8.520763168138884e-07	7.293377442634318e-07	0.002743898273408252	-0.00010200058642931475	1.0452444261493178e-05	8.10491148018567e-05	0.00010886923092662285	3.582040266551544e-06	-0.00013116160595843802
6.890000000000001	5.173246730026139e-07	4.9714576692412214e-08	0.0032261872519426063	1.4138024164279346e-06	5.94796917964538e-07	0.002742477227751692	-0.0001866784976513678	5.197763436435495e-05	-4.490022940737414e-05	2.0160660149427256e-05	-3.1487105284057126e-05	-0.0001427468219975967
6.9	-1.2236327203293426e-06	7.48998108387073e-07	0.003225193846195225	1.361973101293288e-06	9.332940732561627e-08	0.0027414882851774375	-0.0001514811312392299	8.277953032055047e-05	-0.00013848984636858556	-1.867833047329339e-05	-7.521929956561457e-05	-2.788811676940096e-05
6.91	-2.19317188406178e-06	1.368926052052109e-06	0.003223372222119436	1.1822281386753687e-06	-6.708990884310146e-07	0.0027418801232910943	-5.113878812570067e-05	2.8982603319365222e-05	-0.00016941524017056198	-2.7586094537071483e-05	-9.143932827732935e-05	8.714330667198815e-05
6.92	-2.1927624743422365e-06	1.251166426796559e-06	0.003222395364624331	7.905633628907227e-07	-1.4857662994179537e-06	0.002742747644060956	5.2762931456742406e-05	-5.4997274984512024e-05	5.500452127517798e-06	-4.1880989953575066e-05	-9.190358499156309e-05	6.539342024534841e-05
6.930000000000001	-1.2461977816738741e-06	5.114979555255931e-07	0.0032233624588913637	3.095762512148978e-07	-2.2775136638888704e-06	0.002742884188745744	0.00010169145152868049	-8.36208571174017e-05	0.00017337124524350066	-5.520917321324404e-05	-3.7987158892959385e-05	-3.015983956463477e-05
6.94	-1.5717285920976188e-07	-4.1392067667081034e-07	0.003225416189835206	-2.1924752689350396e-07	-2.388451549605343e-06	0.0027427483947132197	0.00011771396163470344	-9.406897592721625e-05	0.00019043580767516688	-2.0908456320812453e-05	5.1753711487507565e-05	4.02203881552423e-06
6.95	1.0561426383439426e-06	-9.644913474765857e-07	0.003226816232214996	-2.094622203055562e-07	-1.5195923092218114e-06	0.0027429927232748715	0.00010475243344830404	-3.0861735249909213e-06	7.118352000241427e-05	1.632516721218087e-05	0.00012119121612824175	4.7084526446685804e-05
6.96	1.798011321698293e-06	-7.064631513976664e-07	0.003226598707849546	-2.540620714568615e-07	1.7001263566190852e-07	0.0027434765474056567	4.633035529025695e-06	5.472451109204109e-05	-0.0001192022509234197	-1.4342795685774372e-05	0.00016901248180879548	4.645316977478467e-05
6.970000000000001	1.541666066737343e-06	-7.771321197945932e-08	0.003224828593058135	-4.1845155507374716e-07	1.6432431360367968e-06	0.0027436992025141466	-1.9568482314735723e-05	6.767796057967736e-05	-0.00020552926080849948	-1.5065190448030361e-05	0.00011132610914290828	-1.4386343376959918e-05
6.98	1.1392237091971863e-06	5.080529030600777e-07	0.0032229863503003037	-5.956527329784345e-07	2.528804003310217e-06	0.002743475725920421	-4.852966852029178e-05	3.562626011146936e-05	-0.0001396832597138836	-2.9336899079597886e-05	5.304542039017158e-05	-7.020641438448319e-05
6.99	6.132372584129562e-07	6.09653107549227e-07	0.0032225158658882084	-8.270447391160277e-07	2.6009317098112836e-06	0.0027423027760491428	-6.552817127356685e-05	-1.5259806432287302e-05	3.5547286154753454e-05	-1.5471817308692843e-05	-2.7414957018944366e-05	-0.0001471806122019012
7.0	-8.43784064679e-08	4.1611457355774097e-07	0.0032238064039442267	-8.876915093244121e-07	2.1772999004693803e-06	0.002741042467633722	-6.923163025356046e-05	-2.2567460686359326e-05	0.00017236835164476634	1.3367415590236049e-05	-7.61428367970262e-05	-0.0001007131061550593
7.010000000000001	-5.66949931759537e-07	1.2128702193621258e-08	0.003225313416148447	-5.469772275725197e-07	9.534929984008001e-07	0.0027406996654984637	-2.6343081631233953e-05	-2.1880893239930763e-05	0.00011995681151382718	5.648587560915277e-05	-0.0001889265178632187	4.655874982876487e-05
7.0200000000000005	-7.697286002848431e-07	-9.506324566895933e-08	0.003226107417172296	1.921316624951029e-07	-9.204441768750081e-07	0.0027419743633912983	9.861956819217472e-06	-2.1573170260353283e-05	3.640213582239036e-05	8.66382914068044e-05	-0.00017686017624312655	0.0001894886380744816
7.03	-3.075237599447356e-07	1.9691317718270962e-08	0.0032260095550298252	9.337642130889204e-07	-2.605114838612504e-06	0.0027438713954062864	5.1164531896148125e-05	4.734047794763035e-05	-5.99623831332367e-05	4.505437922490722e-05	-0.00014598316254547532	0.00016496631961965304
7.04	1.4458226402609335e-07	3.8693967005218725e-07	0.0032253491886806655	1.0251063448116184e-06	-3.5001953416131022e-06	0.0027452505750199105	2.2429305608981093e-05	5.23723513570623e-05	-4.7654909344724996e-05	-6.615067710673551e-06	-2.612421349171123e-05	8.010232165220198e-05
7.050000000000001	2.8138024506627e-07	8.866760392418445e-07	0.0032249572338104095	8.40357523979303e-07	-2.9512688875427447e-06	0.0027451604560409723	-1.570685725624196e-05	4.3423206102809957e-05	-3.473722047702385e-05	-4.876097995940791e-05	0.0001415785461075703	-9.774460144286108e-05
7.0600000000000005	-6.506050901664145e-08	1.1316329149180677e-06	0.0032249582519670306	1.2889467694693255e-07	-1.3764952584281496e-06	0.002743613170472648	-5.119567940684898e-05	-8.200493891863834e-06	2.0080700994347304e-05	-7.455797716016864e-05	0.00017675657905034576	-0.00019611924063230314
7.07	-5.978608566564816e-07	8.483345448902267e-07	0.0032252796348949554	-4.6820794657689354e-07	2.487242292333424e-07	0.0027416636738978642	-5.098778143418401e-05	-3.7957416951336226e-05	2.3803440885762196e-05	-3.672867071405147e-05	0.00014984308411580656	-0.00016748917537093565
7.08	-6.737837543273645e-07	3.2860207103498983e-07	0.003225293910552792	-4.7047332857532845e-07	1.4182096710049866e-06	0.002740857652266837	3.634553441447006e-05	-3.749401427883058e-05	-2.1228961469244482e-05	3.4375168905407905e-05	7.767945713557684e-05	-2.283429565086536e-05
7.090000000000001	-3.1144203301676067e-07	-6.600323979945079e-07	0.0032247782986493593	3.764644081290617e-09	1.781473489719211e-06	0.002741465307001999	2.8096614387114226e-05	-0.00012917733768326724	-9.370033273786585e-05	6.307530624381275e-05	3.0885586964898324e-06	9.57683172967504e-05
7.1000000000000005	2.3764546964869422e-07	-1.787598603883595e-06	0.0032236901374021612	6.681174075337238e-07	1.5798936810784786e-06	0.002742707475396568	7.969116778054793e-05	-6.186160442566433e-05	-7.968574937689056e-05	4.9314216037049465e-05	-3.3970439896821885e-05	0.0001381369726893572
7.11	9.082411930069154e-07	-2.0119131343423035e-06	0.0032238075796538813	8.093285025461248e-07	1.0179781508372569e-06	0.002743942451463805	5.328286301657836e-05	1.3176583541589155e-05	0.0001042865628868921	9.20885076075125e-06	-5.943755202577409e-05	9.565956273847577e-05
7.12	1.147760792896476e-06	-1.6864956271306777e-06	0.0032250071875920333	8.0933186712765e-07	3.9874465424159564e-07	0.002744269463505025	6.944417189933278e-06	4.37172939979778e-05	0.00012457796570834002	-1.6024658559249503e-05	-4.063250354339131e-05	-3.2634792120885547e-05
7.130000000000001	7.472279559919893e-07	-1.0805720274410275e-06	0.0032261749383328815	4.108113546863895e-07	-2.0747137422195017e-08	0.0027434948739724465	-6.329493134531331e-05	8.218649775782828e-05	0.00010066727331521901	-7.717051053835489e-05	-2.259426804841289e-05	-0.00010006642108376545
7.140000000000001	-1.7465346854056886e-07	-3.8507922849943556e-08	0.003226652555079129	-6.187174548984262e-07	-1.6837661076716318e-07	0.0027425096844747175	-0.00012321015627132532	0.00011400376231524	-1.4826590230966387e-05	-0.00011228804505021	-8.821339592321014e-06	-9.045052638762662e-05
7.15	-1.2062332916920686e-06	9.256561049923821e-07	0.003225754626859911	-1.445280142491461e-06	-1.9031678925786316e-07	0.002742008235212119	-5.625512203131544e-05	7.273134531579016e-05	-0.00015386987771495782	-1.8935565496205944e-05	1.0610031783858547e-05	3.19504702948462e-06
7.16	-1.5646225896243642e-06	1.4218383641943364e-06	0.0032241405925700593	-1.1616182663437757e-06	-2.1901421464278294e-08	0.0027422484402703723	2.551250108546034e-07	2.2154001904519614e-05	-0.00014899318723962736	4.212832559057093e-05	2.662425995038413e-05	1.7850044792567604e-05
7.17	-1.2104172769790133e-06	1.4915927020358793e-06	0.003223160275245548	-6.651993429451854e-07	1.3823671971159975e-07	0.002742417073669844	6.347854205538378e-05	-1.3770321360029323e-05	-3.546472378082554e-05	6.91721348588108e-05	4.253090832096465e-06	1.130919012305757e-05
7.180000000000001	-1.4512915868162813e-07	1.3284464075298188e-06	0.0032233481613893108	1.3916406767687381e-07	1.4560108082056545e-07	0.0027424034587028526	0.00013915884784881607	-3.037875604382801e-05	9.12731354755052e-05	8.536338626776775e-05	-5.3999313873857805e-06	-2.735137761589098e-05
7.19	1.4967739917742046e-06	9.54290403454338e-07	0.003224806541261231	7.685839973986254e-07	2.509063635060832e-07	0.002742322836702312	0.00015210428223934688	-6.576216177805632e-05	0.00017824235723865704	1.935695475531369e-05	1.9078687716940476e-05	4.911310547330287e-06
7.2	2.5589101740567855e-06	-9.604445645472485e-09	0.003226170930182612	8.314422867843128e-07	5.065674651934795e-07	0.0027424136361341753	2.802052951886066e-05	-9.746108137254213e-05	0.00011147629254580845	-1.2121997272278126e-05	2.997117212704996e-05	1.8597974640544014e-05
7.21	2.4910622930993744e-06	-7.260393292645226e-07	0.0032264559923501275	5.977296205177347e-07	4.627490021403603e-07	0.002742977820571222	-7.017723205787452e-05	-6.164252926164146e-05	-6.588133033193676e-05	-4.4762473191222014e-05	-3.974319122766198e-05	8.451566248377789e-05
7.220000000000001	1.2741297504430303e-06	-1.1224049370428237e-06	0.003225143370419928	1.2752189368937357e-07	8.751906342596697e-08	0.00274381551004159	-0.00016330036865325187	-1.9235819743975697e-05	-0.00016395616019403264	-4.634490351850074e-05	-3.277106827236546e-05	4.153564279653165e-05
7.23	-6.137593406015554e-07	-7.562067208323721e-07	0.003223584189625598	-3.658624573502597e-07	-1.1024817363506359e-08	0.002743841493489516	-0.0001710965419644077	6.174359050954267e-05	-0.0001333649569127447	-6.43742363607608e-05	-1.6559711613590216e-05	-4.39704351680841e-05
7.24	-2.0394497638802397e-06	-2.916370450330404e-08	0.003223100723489634	-7.489662129153532e-07	1.802682887497602e-07	0.002743005954896411	-0.00010965672447762459	8.532996049116758e-05	3.591347808415515e-05	-1.5880222496745563e-05	3.851618203372898e-05	-0.00012000357359019288
7.25	-2.7164932759162555e-06	8.954279380437809e-07	0.0032241462605629378	-6.516907541940491e-07	7.932785057076138e-07	0.0027417015248644874	-2.4625020500104607e-05	7.989386313165395e-05	0.0001331743321635419	8.589757216073817e-06	6.481596545647668e-05	-0.0001311546882596672
7.260000000000001	-2.2620170535711654e-06	1.3676533204187874e-06	0.0032252607206318543	-3.616816663443245e-07	1.0835908063859563e-06	0.002740950208920925	0.00011321938189673471	1.0112566875141726e-05	7.926386759222162e-05	4.8458947753747406e-05	1.142689669108264e-05	-2.072910861608621e-05
7.2700000000000005	-6.216973917464163e-07	1.0509046199309073e-06	0.0032255955206560525	1.1058372221037563e-07	9.99123749057008e-07	0.00274132312762043	0.00018765697398856305	-4.497513440267376e-05	-2.9599066100355284e-05	2.6247423564875375e-05	-2.479643900983138e-05	9.344490965038785e-05
7.28	1.3326732160998226e-06	8.919507323728744e-08	0.003224961468943386	4.2211192569219046e-07	5.670810800574852e-07	0.0027428489118675207	0.00017109909994529675	-0.00012764930517293282	-7.850684008693465e-05	3.6829668818425104e-05	-5.895238982717735e-05	0.00016092188468550583
7.29	2.6303696676518503e-06	-1.1022817564603655e-06	0.003224179526707527	6.409322449546407e-07	3.290362875708619e-08	0.002744194225292406	8.144813669652016e-05	-0.0001045954995572766	-6.961039070780086e-05	1.3888201594977713e-06	-7.112814491491434e-05	9.39196744150786e-05
7.300000000000001	2.8358612547114654e-06	-2.020945018390972e-06	0.003223879697349686	2.959265060607807e-07	-4.475467830095175e-07	0.0027443788890222473	-4.4396324798766394e-05	-4.501742635783857e-05	1.5982419675909412e-05	-9.41861167846741e-05	-1.806627046454866e-05	-7.47357060590628e-05
7.3100000000000005	1.4506749472774404e-06	-1.8690151172154546e-06	0.0032245494061362502	-8.379753036292326e-07	-6.02287577898619e-07	0.002743095908764658	-0.00020400217490503257	6.286745784591299e-05	8.404438887111598e-05	-0.0001256240700111064	-2.580567856472016e-06	-0.000193473003904577
7.32	-3.2662246707746317e-07	-9.361063295146434e-07	0.0032252455044664355	-1.9677909515309337e-06	-3.9209867342844226e-07	0.002741169460672816	-0.0001580871909595265	0.00012290479372964377	1.2279451820947544e-05	-8.328082986361197e-05	6.392172200457796e-05	-0.0001848501269590754
7.33	-1.3846784092071167e-06	6.118382489960527e-07	0.0032250935014534444	-2.4270300422138933e-06	2.1996132808776878e-07	0.0027403865359599635	-6.45266389271886e-05	0.00015625077392084825	-3.797354857097248e-05	1.1106645427434261e-06	4.7789914187001185e-05	4.621896293482843e-05
7.340000000000001	-1.8307614819970612e-06	1.7992634448344819e-06	0.0032245762397958505	-1.72771817456699e-06	4.7248663674227196e-07	0.0027414385686313474	-2.4721749513095542e-05	9.489811743026003e-05	-6.229376256060428e-05	0.00012179676475573354	-4.190556719682253e-07	0.00017096369834526234
7.3500000000000005	-1.6487492724961769e-06	2.327003661911298e-06	0.003224001657685097	-1.1303948398711853e-07	3.39554100711755e-07	0.0027433348957872435	4.9039233702182006e-05	1.0865219684633449e-05	-3.19188499274837e-05	0.00018936177117570595	-2.9386144934370237e-05	0.00016981286942907616
7.36	-5.920096832828282e-07	2.067226394029268e-06	0.0032240696110786057	1.6158351884620796e-06	-1.216891818286227e-07	0.0027445401841448445	0.00014631611120420097	-6.145531737776582e-05	5.2954319961666484e-05	0.0001510373281468779	-7.538574955504436e-05	6.96902973013273e-05
7.37	6.546438193529348e-07	1.0744899370314803e-06	0.0032249917901140757	2.7740538531611222e-06	-9.262362612568153e-07	0.00274437176474632	9.860268159791562e-05	-0.00013094606346482506	0.00012672108062307025	7.584220551582056e-05	-4.0517707342906726e-05	-8.256039360454889e-05
7.380000000000001	1.5735997697155632e-06	-4.4383527121185557e-07	0.003225929458576057	2.9017251337671096e-06	-1.0468441940740164e-06	0.002743085940095562	3.452141862594327e-05	-0.00014251029018543798	4.981577606149122e-05	-5.970197452046402e-05	2.1965502674383574e-05	-0.0001523113776540404
7.390000000000001	1.2990322240822276e-06	-1.467930315279704e-06	0.003225609099743912	1.4455565958135823e-06	-7.469690703812282e-07	0.0027417629035867567	-6.220625351149174e-05	-7.739543451070144e-05	-9.755487095052413e-05	-0.00019861003377298132	5.5965381214659697e-05	-0.00010468066617509685
7.4	5.397892656658645e-07	-1.7811813270001558e-06	0.0032244458796847754	-5.753218580966404e-07	-1.880632964207617e-07	0.0027412868326078563	-8.690494015709195e-05	1.464760457660247e-05	-0.0001233359497354893	-0.00017714409508253487	5.0067830925818616e-05	9.534042094377035e-06
7.41	-2.3553814280385252e-07	-1.154477067511531e-06	0.003223494386074889	-1.9677258064645773e-06	2.832104431284147e-07	0.0027417013812297748	-5.9939601007139363e-05	9.659082530748427e-05	-6.280643233054548e-05	-9.732785460034532e-05	3.8136608585648993e-05	8.03911081764935e-05
7.42	-7.004715733662961e-07	-9.733124266137217e-08	0.003223637791296874	-2.5440433387728684e-06	3.9324922878234e-07	0.002742565202393241	-2.2145512110450917e-05	0.00011416179426745195	7.344320712802061e-05	3.2632219651439138e-06	2.395884963279019e-06	0.0001239121222083342
7.430000000000001	-6.462217717470325e-07	1.1656817155898453e-06	0.0032246776151419352	-1.7872402497483305e-06	4.57991944954077e-07	0.0027437366075001063	2.966833841630838e-05	0.00012500625225310842	0.0001347976615049833	0.00013333200953713815	-1.2859204961941342e-05	0.0001003578911087001
7.44	-2.8314756343777087e-07	2.01998086236332e-06	0.003226092795477878	-3.0241035574038984e-07	2.0799225689271405e-07	0.0027443937429267287	2.0169216706232473e-05	3.751321218709451e-05	0.00012263031586324507	0.00014535592965366864	-4.446015179550636e-05	1.976246385639964e-05
7.45	1.313788371335627e-07	1.840977630833524e-06	0.00322680269069855	1.0393804137796504e-06	-1.9885412407733216e-07	0.0027439628260850888	3.3346610050237115e-05	-4.518656341875892e-05	1.1241177851623123e-05	0.00012088129854297007	-2.9524940274126884e-05	-9.180068746076836e-05
7.46	1.1803711919611892e-07	1.129087727705886e-06	0.0032260430605045957	1.8776854181984684e-06	-4.5363126892332247e-07	0.0027429995783619775	-2.288877644619994e-05	-0.00010002617715775111	-0.00014164773192462996	6.601700692362805e-05	-2.781826502913176e-05	-0.00011738748378727536
7.470000000000001	-3.0321003405819597e-07	-7.185727749171751e-08	0.003224202581863034	2.102390982967848e-06	-4.750596065170844e-07	0.0027418363877364104	-5.679320678522723e-05	-0.000115634952634113	-0.0001827362999356652	-2.9047844734488442e-05	2.3937453282789597e-05	-0.00012503738717779234
7.48	-8.694720782914264e-07	-1.1620761601920664e-06	0.0032227467382639607	1.3701997927335586e-06	-7.383744844153427e-08	0.0027409157194419526	-4.7821547644406435e-05	-9.12209988093066e-05	-7.757663940552548e-05	-7.495758884199488e-05	5.565374058791904e-05	-4.61755732687203e-05
7.49	-1.0866613458143989e-06	-1.5703390918594304e-06	0.003222728882587634	2.8945684674902323e-07	4.847439683093536e-07	0.002740856743089127	2.9201237450215632e-05	-2.8938102241658123e-05	5.481259507005169e-05	-0.0001380240754162534	3.0474142002942886e-05	2.031862376118727e-05
7.5	-5.898769459481614e-07	-1.4316422800926009e-06	0.003223719054606689	-1.1492414275586843e-06	8.322381675242616e-07	0.002741416400919016	6.97043661927663e-05	4.3777941894703066e-05	0.00012383826356614724	-0.00012968975629025148	1.2027541043953968e-05	7.039566937775866e-05
7.510000000000001	2.4833163898677074e-07	-7.873434341024272e-07	0.0032252954087956735	-1.9921360028618292e-06	7.81292919665193e-07	0.0027425388434578904	9.148115460682868e-05	7.667081746650297e-05	0.00018654577147948285	-6.11669609583883e-05	-2.4591887416449197e-06	0.00013153603573223178
7.5200000000000005	1.1006972733132208e-06	-1.4076198432977406e-07	0.0032264386300574145	-2.4971756121617787e-06	9.262420969349097e-07	0.002743744361304293	8.800995343137777e-05	6.790772156474887e-05	3.83998186004376e-05	-3.259662024416868e-05	-2.3131613473804133e-06	0.00011070567112082168
7.53	1.800725377067297e-06	7.969994305080771e-07	0.003226298501049706	-2.652876968967191e-06	7.534485687669097e-07	0.0027447365815697583	2.98312694326442e-05	7.61258878632163e-05	-6.838435717298321e-05	2.622230942651997e-05	-2.3905484079687104e-05	6.602594651084571e-05
7.54	1.7942129123799785e-06	1.3003703222431268e-06	0.003225413015712637	-1.8110663147560996e-06	4.3266265388597095e-07	0.0027445660352377497	-7.569585148977611e-06	1.7004675236980525e-05	-9.069267113255268e-05	0.00013168042187385411	-4.231482535779297e-05	-8.58103448447157e-05
7.550000000000001	1.3690061646484917e-06	1.2112832333813065e-06	0.0032244150195036595	-2.4275420397635325e-07	-2.1066924472408696e-08	0.0027433514422594827	-8.228093862493573e-05	-3.487451376040544e-05	-9.826030820534406e-05	0.00017352655194101586	-5.216679647353636e-05	-0.00014148838499473767
7.5600000000000005	5.731306450342321e-08	6.747692084598677e-07	0.0032239283794654287	1.36159554404208e-06	-6.681512805001987e-07	0.0027418633944215386	-0.0001555613466944614	-6.738454764310334e-05	-1.3307366413511488e-06	0.00013372443883262898	-5.2373201642297926e-05	-0.00016042728191283876
7.57	-1.310894982915689e-06	-2.7161686833277904e-07	0.0032244254874808885	2.5348106380622685e-06	-1.0146737064713625e-06	0.0027408525776622746	-9.589001980283185e-05	-9.169226582248721e-05	0.00010214200988962028	9.0737710069061e-05	3.856934511137539e-06	-2.3206808438809174e-05
7.58	-2.153724722451504e-06	-9.773565855381928e-07	0.0032252205440671125	2.850492594824858e-06	-6.634758889896153e-07	0.0027413520209908543	-6.833813171057293e-05	-5.628265347767682e-05	5.415213621464082e-05	-2.232692553613533e-05	5.786531332152892e-05	0.00012031832271566979
7.590000000000001	-2.4600772870897087e-06	-1.1888593127833968e-06	0.0032251328354723444	2.2416862365597195e-06	3.534627563282395e-08	0.00274319053124756	1.6198572979137708e-05	2.102174098639075e-05	-2.8086187494341655e-05	-0.0001132411013520697	6.614084104600454e-05	0.00020254881508460136
7.6000000000000005	-2.0323551819982924e-06	-7.464454446497652e-07	0.0032249455116051084	6.900624011749845e-07	7.180240074763408e-07	0.002744694492069248	8.38353941672946e-05	4.722882166096522e-05	-2.3990825087674418e-05	-0.00016860865009585572	7.475747897083678e-05	8.535270144226531e-05
7.61	-7.598953350370916e-07	-3.8033755593914693e-08	0.003224762552774348	-1.121910141277072e-06	1.2442301780068854e-06	0.002744498517273641	0.00016665503386914017	9.39777992841523e-05	-5.021061629330611e-06	-0.00016646192690944762	2.8669232977216013e-05	-0.00010990438214187577
7.62	1.1782251548370998e-06	7.060735614100134e-07	0.003224898961935009	-2.4832608232503104e-06	1.329204878068952e-06	0.0027430254477363554	0.0001905746756051794	4.480802458952174e-05	3.304992519482127e-05	-0.0001062057572910607	-7.3021811769106685e-06	-0.0001651805098139
7.630000000000001	2.8088991969616737e-06	9.47805713211928e-07	0.0032250988125937454	-3.2843731231056532e-06	7.173689360879634e-07	0.002741755652147313	0.00012277072954063433	-9.728586776701017e-06	-5.52044015855085e-06	-5.279050456800808e-05	-7.711471918201374e-05	-7.033670147931119e-05
7.640000000000001	3.54742357332221e-06	7.597630504857676e-07	0.003224682860974892	-3.3454980664280866e-06	-2.497512968519803e-07	0.002741521214392371	8.9288470738109e-06	-3.591943079820727e-05	-8.827272683183625e-05	5.972057428395385e-05	-8.9311809797287e-05	1.577007438751981e-05
7.65	3.0884200423171118e-06	2.7796054489098294e-07	0.0032238249782376056	-2.3047574629429743e-06	-1.1652869220739348e-06	0.002741997713879108	-0.00010518968309616696	-2.9800762712697883e-05	-6.424311352286651e-05	0.0001314055570653942	-7.569503356706018e-05	8.74715144804305e-05
7.66	1.5838295803308167e-06	7.38726831749537e-08	0.0032236607560493587	-7.127882184848799e-07	-1.6578403522115821e-06	0.0027427530497943905	-0.00019015659818129345	2.3424687577782868e-05	3.4945204864039495e-05	0.0001684027873321732	-2.715924939505017e-05	6.0138852970623555e-05
7.67	-4.0215321745680694e-07	1.9518168096449324e-07	0.0032244845654622522	9.524223584184384e-07	-1.5030224547859998e-06	0.0027431383966531973	-0.0001920389899286227	2.0326601033985627e-07	0.00011404166859901077	0.00014620483313587288	6.120900471685933e-05	-5.345024472486395e-07
7.680000000000001	-2.141146199513983e-06	3.3771662582336195e-07	0.003225586542391769	2.2372175298428934e-06	-4.793565379377894e-07	0.002742962838605414	-0.00015617127915583414	1.4492948988443637e-06	0.0001015842862576325	9.968475382069388e-05	0.00013565702329367384	-2.89239972066463e-05
7.69	-3.1305978535799146e-06	4.247121588182388e-07	0.0032262897064041078	2.706358276546404e-06	1.000035125706964e-06	0.0027426281049569338	-4.769441535955828e-05	1.563361161394754e-05	2.9540955329923742e-05	2.108765369983558e-06	0.0001281457794325905	-1.0550935947866419e-05
7.7	-2.8757969779618313e-06	4.1849607507322414e-07	0.0032258841499811816	2.3508566763407e-06	1.8781708482709436e-06	0.002742655605841971	7.65246619071892e-05	-4.321429785991422e-05	-9.27966197737983e-05	-5.9122901844676724e-05	2.2932644208654462e-05	2.3459494520200106e-05
7.71	-1.7638941475332483e-06	-1.4171640348009904e-07	0.003224693341807327	1.454936478450224e-06	1.6437514592481875e-06	0.0027430671234103237	0.00013794140813396083	-3.644256786467862e-05	-0.0001423875305655398	-0.0001343722726909266	-7.427022247718548e-05	6.178510937190133e-05
7.720000000000001	-1.0001249562272517e-07	-6.006933843568289e-07	0.0032233754067693132	-6.974769285570581e-08	4.730206139293364e-07	0.002743429183510883	0.00017403521794321494	-2.7109113446921173e-05	-7.684395853512852e-05	-0.00014281634807274487	-0.00013194429219400933	1.6324936301638243e-05
7.73	1.642691478306307e-06	-9.772199504847357e-07	0.003223637579649014	-1.3988339217032736e-06	-1.117617854325286e-06	0.002743050908011628	0.0001714179584945691	-2.7308146512124366e-05	0.00012292709719235713	-0.00012415489527444447	-0.00016061116641800236	-8.474298235915001e-05
7.74	3.090648998740125e-06	-1.0106895099964266e-06	0.003225206595142521	-2.3893051843957506e-06	-2.280409448610329e-06	0.002742145297537176	0.00010419789489469023	1.8935187589419764e-05	0.0001561434968789889	-6.395488310409596e-05	-5.6809455182021515e-05	-9.621804562391383e-05
7.75	3.432786118980807e-06	-5.17315246473988e-07	0.0032263301050260824	-2.7252099025479646e-06	-2.16082811713733e-06	0.002741220164638757	-2.2663862696933926e-05	7.354437924890118e-05	5.1421603139680325e-05	1.903438563951521e-06	9.317440149083316e-05	-5.8741124582713536e-05
7.760000000000001	2.6924499800898663e-06	2.4369510381483825e-07	0.0032261268719092997	-2.3516869826632987e-06	-1.0487635405340264e-06	0.002741589632954551	-0.00011756469561271276	6.254994707176844e-05	-9.719202979792135e-05	9.082075411779202e-05	0.00012855984150911474	0.000109884630585626
7.7700000000000005	1.1302048858739695e-06	7.283733102947595e-07	0.003224649519502655	-9.64858710025436e-07	2.7175694194508724e-07	0.002743069144992307	-0.00019413243122060368	3.963514197603907e-05	-0.0001751822780168813	0.00015906935172260855	0.0001321608586413223	0.00015163022655239643
7.78	-6.337922996244481e-07	9.332688228023516e-07	0.0032231960902199563	6.667272489246805e-07	1.4485092136600752e-06	0.002744075632490982	-0.00016517156710377457	1.6847867529022228e-06	-6.419524130144016e-05	0.00017123162576404715	0.00010793124078678249	4.2337365306682546e-05
7.79	-1.8829653519722147e-06	7.801011265242627e-07	0.0032233977409184262	2.1924816574082657e-06	1.9091887516329782e-06	0.002743770157606061	-9.150771472588437e-05	-3.938917246714871e-05	8.296640240896554e-05	0.00010940586689639397	3.3234705210431704e-06	-9.790406526164123e-05
7.800000000000001	-2.6374430055484314e-06	1.3970393675197994e-07	0.003224472225220971	2.6522997512891318e-06	1.6286767347445505e-06	0.0027426648747201497	-3.173823294944642e-05	-6.286767763115577e-05	0.00012976775432262932	-1.563338041158294e-05	-5.734380283247151e-05	-0.00011796029334654703
7.8100000000000005	-2.465470281429066e-06	-4.3913454583467184e-07	0.00322549363770895	2.111878340183574e-06	8.869420938752308e-07	0.0027417435782064094	5.059942684612325e-05	-5.8826417936185865e-05	5.551991332178608e-05	-9.728125301195033e-05	-0.00011433021841086728	-7.077047609227926e-05
7.82	-1.5510273273112448e-06	-7.732167824616043e-07	0.003225389516233457	1.125717943481192e-06	-2.172834020195572e-07	0.0027416005698528614	9.998676152441997e-05	1.395799770265433e-05	-7.030483205266317e-05	-0.00010169591163429646	-0.00010434316207313928	5.436248776880901e-05
7.83	-4.7403933667132676e-07	-3.6136116079719107e-07	0.0032248008694869467	-8.795947431595856e-08	-1.0419041056204882e-06	0.00274249824881186	0.000136545148620149	6.32422405936299e-05	-6.563979695403038e-05	-0.00010766050570720266	-5.966337913407504e-05	0.00012727597546350868
7.840000000000001	7.887807959049864e-07	2.887380309954921e-07	0.003224204438180199	-1.0479021768156491e-06	-1.2603010075239341e-06	0.002743640832098713	0.00011817803034108683	6.648580571892657e-05	-5.428158352903162e-05	-6.660965443580871e-05	2.3535923249532664e-06	8.226179834206462e-05
7.8500000000000005	1.7986410909586742e-06	8.604068409139788e-07	0.003224299519364705	-1.59625526270202e-06	-1.0627110117956494e-06	0.00274387371485981	8.481069275573928e-05	4.647310973477683e-05	5.881234333324331e-05	-4.760935037322058e-05	2.9006197908156327e-05	-3.4049926794469706e-05
7.86	2.0694258636133306e-06	1.139021273375105e-06	0.0032250072557543506	-1.9325617489485914e-06	-7.499112655817401e-07	0.0027432201808790854	-3.419556256482877e-05	1.2477650709631627e-05	5.6676797360541205e-05	-9.290470429669173e-06	5.133981113394203e-05	-8.933763899177627e-05
7.87	1.2996304653822798e-06	9.082093650785692e-07	0.0032254087622854413	-1.625229253407324e-06	-3.3991036075967247e-07	0.0027421139182486867	-0.00010917876647567867	-6.826312282511623e-05	9.88910728410843e-06	5.080692088730212e-05	4.002572025268776e-05	-0.00013084446573255403
7.880000000000001	1.3114817748071784e-07	8.544458098579221e-08	0.0032252701928347292	-1.0012966687350618e-06	3.3978806232262304e-08	0.002741193803857171	-0.00011911305488079546	-0.00010066505403360665	-4.693245058586464e-05	8.438876863841471e-05	3.475197254086068e-05	-4.631514020986348e-05
7.890000000000001	-1.0207237270451608e-06	-9.450441237544983e-07	0.003224443821706302	-7.611742923756536e-08	3.0093159476981514e-07	0.0027414004746139807	-9.461134321164672e-05	-9.192877913589892e-05	-0.00011201273446974145	9.742377532176696e-05	4.496860272801857e-05	9.463595645023477e-05
7.9	-1.9335286872900044e-06	-1.6449699450219223e-06	0.0032235867448604195	1.1205270962975918e-06	7.84719520721421e-07	0.0027425688734290343	-7.13359622621253e-05	-3.736075098038981e-05	-3.55040124589625e-05	0.00012970860730815724	4.177496341927163e-05	0.00011134620292096874
7.91	-2.0799236366326633e-06	-1.3419326312946742e-06	0.0032237274447529957	2.2336103141475875e-06	1.0303507945882489e-06	0.0027433852903675083	3.2892227307801247e-05	6.834733535108193e-05	6.916723874994701e-05	7.997525237208987e-05	-5.077423967764043e-06	3.28008751864933e-05
7.920000000000001	-1.4620404248300792e-06	-6.129971809155737e-07	0.0032250172334474816	2.5654812662353103e-06	6.64431989536949e-07	0.002743457830148869	8.16865658510613e-05	7.713608546410548e-05	0.00017141182186656276	-2.9334895399563238e-05	-6.808160383628512e-05	-3.217815178679217e-05
7.930000000000001	-6.838829593082982e-07	1.0527020360353591e-07	0.0032263490833893235	1.7250648885836547e-06	-2.636170235340833e-07	0.002742983161215265	7.09729080153809e-05	7.08797686294077e-05	0.00011575147618438904	-0.00014565822277399173	-9.09066728745773e-05	-4.614663044177132e-05
7.94	-5.72466399731745e-08	5.958743786529165e-07	0.003226914934142036	3.0780154096127357e-07	-9.176897966772998e-07	0.0027426955905377553	6.721489012831407e-05	4.20604806456968e-05	6.396055799174093e-06	-0.00012297388166337202	-3.6207248919698046e-05	9.358024567531753e-06
7.95	6.310282996209083e-07	5.810414001479127e-07	0.0032261145271094476	-9.325567304093082e-07	-1.134648448465033e-06	0.00274296286294929	7.23561143159235e-05	-4.107696065035061e-05	-0.00013787170771711275	-9.987961537982481e-05	-1.2262188001163298e-05	5.23061277394746e-05
7.96	1.1858977493309143e-06	1.9812014266407856e-07	0.0032244211970861598	-1.712397599229064e-06	-1.0915634004627522e-06	0.002743231847170352	5.2397339928423795e-05	-3.311694516699941e-05	-0.00016008879708666855	-6.684402415779778e-05	1.8304180935153673e-05	5.447978062250599e-06
7.970000000000001	1.4303789984096763e-06	-9.865107791812055e-08	0.0032231431349174808	-2.2272274568589013e-06	-7.720040952935998e-07	0.0027430393091378547	6.875439348795844e-06	-2.5651014086514594e-05	-9.53930941764165e-05	-4.422241117059457e-05	4.301980868174739e-05	-5.394387310918294e-05
7.98	1.3879484621838073e-06	-4.5326598365766213e-07	0.0032229747754748002	-2.339660798144702e-06	-2.325125412974798e-07	0.002742268091646809	-4.4421206173215335e-05	-3.954123362769127e-05	8.61629134060584e-05	2.480948102902577e-05	6.653148486687627e-05	-0.00011450723562649064
7.99	9.342383548512246e-07	-6.673668528855233e-07	0.0032242365422461812	-1.705223796677715e-06	7.992683497569928e-07	0.0027413473865820276	-6.887421417947268e-05	-3.5260990526020667e-05	0.00013875662438520304	7.600505791945301e-05	0.00011011587123408325	-5.9122534163832735e-05
8.0	3.223411852075759e-07	-1.1805693050526523e-06	0.0032253366359721656	-5.098387304072257e-07	1.668862711777792e-06	0.0027414533873339857	-6.368688019594308e-05	-3.51973446905723e-05	8.419360351061067e-05	0.0001790994410817675	8.190317462561816e-05	8.908019007058043e-05
8.01	-6.108690694581472e-07	-1.2996582752937044e-06	0.003225798770243796	1.187698306637467e-06	2.24104469713701e-06	0.002742680495891327	-0.00011075981964459434	7.275003251458558e-06	1.3797373370162967e-05	0.0001765170037405592	3.162631726160975e-05	0.00015359760210994247
8.02	-1.4376014889352969e-06	-1.2266502743950575e-06	0.003225430447600346	2.757443173333889e-06	2.1700165510412793e-06	0.002744141296597259	-5.460439942690963e-05	4.188723079369975e-05	-5.315006969768159e-05	0.00011622050496852474	-3.8756842308792505e-05	0.00010913242901912278
8.030000000000001	-1.7881554453496856e-06	-3.039404983095292e-07	0.0032249988641963848	3.1182703702279304e-06	1.3493757945680472e-06	0.0027444591908995356	1.5724306146596986e-05	0.0001313105962329158	-3.41192111279356e-05	-2.8074574398903745e-05	-0.00011458144480273077	-1.4170226216123243e-05
8.040000000000001	-1.3836309940159642e-06	7.577239796989253e-07	0.0032247258271784463	2.5724947751352146e-06	1.0220409117113568e-07	0.002743724520778838	7.610064786475679e-05	8.477907080901201e-05	-3.188186329192575e-05	-9.115468966465731e-05	-0.00014285741780045195	-0.0001220618087605036
8.05	-5.828204797979632e-07	1.2139804562917584e-06	0.0032245061539860763	1.3050399259664568e-06	-1.4107581157904455e-06	0.0027423046049373173	8.449713148820215e-05	1.9788805280541137e-05	-1.5191100113652304e-06	-0.000148999109785918	-0.0001430834779421236	-0.00015814465607316125
8.06	-1.0792159449841168e-07	1.3284820445110753e-06	0.003224512520900389	-1.8041504765069722e-07	-2.3609807877113846e-06	0.0027408520041249064	2.6069603221439085e-05	4.291627404435129e-06	7.243547448143507e-06	-0.00015557150236625219	-4.627881508550514e-05	-9.89288438843072e-05
8.07	1.1050737593699823e-07	1.308745884145527e-06	0.0032244155215518694	-1.433073507833978e-06	-2.3082931356564435e-06	0.0027406610134022816	1.7523829630039673e-05	-7.16184298702808e-06	-1.9594342933842377e-05	-7.697572379573267e-05	3.545901620754775e-05	7.722646162739947e-05
8.08	2.5371619630774384e-07	1.1013004132822026e-06	0.003224193212591224	-1.6082274947413735e-06	-1.1817818838575803e-06	0.002741945824577089	2.807456291077329e-05	-4.040145596470745e-05	-2.105198538721561e-05	4.110299811881007e-05	0.00016415244156111	0.00013998155497436677
8.09	5.898036862109364e-07	4.31780933255631e-07	0.003224023298836661	-8.145374280554103e-07	4.272004976093243e-07	0.0027431366198763687	3.1325832304074947e-05	-9.486943961661182e-05	2.5976512205806913e-05	0.0001068190344373175	0.00013196568248665633	8.58779348544235e-05
8.1	6.683025730755278e-07	-6.265158666270117e-07	0.0032247833204163455	3.5272809361887777e-07	1.5541734801774352e-06	0.002743726438705238	-1.5046532939887458e-05	-9.112050691004888e-05	0.0001106042899795101	0.00011793145949451162	8.469610024786089e-05	4.0825295992489114e-05
8.110000000000001	2.408398097793918e-07	-1.2703520880000589e-06	0.003225715214228964	1.3442805255024038e-06	1.9412461238857316e-06	0.0027436370070136745	-8.10995848710804e-05	-3.917049713305768e-05	6.406127024203052e-05	4.3472466513696746e-05	-1.4557765638132461e-05	-5.8510882138883676e-05
8.120000000000001	-6.751852216412124e-07	-1.4059384426886624e-06	0.0032257608641073307	1.7631858092248322e-06	1.4748146565516402e-06	0.0027430022114732573	-7.738451282114773e-05	9.067610392101228e-06	-2.0363365313213305e-05	2.6232207416646364e-05	-6.59584714728576e-05	-4.8781641027699054e-05
8.13	-1.2986662348458501e-06	-1.0826813526719556e-06	0.0032250007703705824	1.67024395931633e-06	4.2922038732217756e-07	0.0027426176217933934	-2.1891351106107253e-05	4.608685690141308e-05	-8.745553588355264e-05	-4.806678031310938e-05	-0.00011008424787780514	-2.6170390291204725e-05
8.14	-1.2774753431503099e-06	-3.419640391525659e-07	0.0032242099774471254	7.47197548326333e-07	-6.785407824116135e-07	0.0027424840776094543	4.921728214561485e-05	9.015812627930829e-05	-3.545853548856428e-05	-9.094247811575796e-05	-0.00010608744048703984	1.3609458624607335e-06
8.15	-3.7860737433606374e-07	3.908584015838363e-07	0.0032240680351772583	-3.8203392906213696e-07	-1.496681258017274e-06	0.0027424520708717553	0.00011344652943226125	5.8633769645774215e-05	8.038103975023986e-06	-0.00010231103354884529	-6.847851069779745e-05	1.7772964573628116e-05
8.16	6.365617995628961e-07	9.65739445510927e-07	0.0032245363640118203	-1.2691783303713395e-06	-1.6618957461561094e-06	0.0027426132223614197	5.952636281775906e-05	8.092699453685863e-05	6.667558396535945e-05	-6.231801703001701e-05	3.129688139698255e-05	3.132900181248611e-05
8.17	1.1524682356523444e-06	1.6901227395870717e-06	0.003224898797633545	-1.5532026273348225e-06	-1.1887079650920387e-06	0.002742675553925906	3.1734474229264566e-05	5.123143186728661e-05	3.908215366465441e-05	1.1496013223713257e-05	4.9767218252018075e-05	1.8671342705648403e-05
8.18	1.2618734936934498e-06	1.5198541917874186e-06	0.0032251276300589455	-1.1473237728306181e-06	-6.444085274565809e-07	0.002742937176244077	6.063623668969007e-06	-5.679078180373181e-05	2.2923632867660184e-05	8.123631182681801e-05	6.018382253477538e-05	3.1434137287519214e-05
8.190000000000001	1.1010560905047873e-06	7.474412206626301e-07	0.0032251506077951874	-1.5632400939319642e-07	-4.272296265189881e-08	0.0027431505684460244	-2.2595973402838876e-05	-0.0001068184962665665	-1.777263841999102e-05	8.474962163062902e-05	5.578819112327663e-05	-1.3675366466957092e-06
8.200000000000001	4.452021794715885e-07	-2.2491497392780326e-07	0.0032249857454653198	7.224518160799009e-07	5.067835677698959e-07	0.0027432417223576385	-7.748553859663191e-05	-9.154226319337633e-05	-3.915946777087105e-05	0.00010077205810597927	4.451056955172197e-05	1.0037547450465027e-05
8.21	-4.4812085913521966e-07	-1.010091536462065e-06	0.0032247664164066145	1.4715365967059886e-06	7.813502364668435e-07	0.0027432340990429754	-0.00010298267386700743	-6.202505384706613e-05	-1.859574206918627e-05	5.6443265625368416e-05	-3.491782647410403e-06	-7.016877645223388e-06
8.22	-1.4363412297038563e-06	-1.2820557086285902e-06	0.0032245499870540216	1.6932775670543833e-06	6.863756948861899e-07	0.0027429383047778617	-8.029394187193171e-05	1.5176650007755188e-05	-3.097296352849492e-05	-3.69022865969606e-05	-1.2552959272734678e-06	-3.023595219003275e-05
8.23	-1.945066802242752e-06	-7.816221617058708e-07	0.0032244406759085378	8.101130420239087e-07	5.684988379288501e-07	0.002742758116343528	-2.0723497813206772e-05	9.044890469970005e-05	1.4829855694392696e-05	-0.00011667465332123372	-4.5242625448045895e-06	4.797702795754307e-06
8.24	-1.5809578019032788e-06	4.864672396121794e-07	0.003224610898569484	-1.50780271808877e-07	4.424719400423194e-07	0.002742760630802311	9.089036489082699e-05	0.00012816596465732336	1.3778921063141694e-05	-8.09432177037814e-05	-4.466185917149142e-05	1.0216213908362538e-05
8.25	-5.516435904120783e-07	1.2715103980978129e-06	0.003224615393116705	-8.87479251994734e-07	-1.5374179896108978e-07	0.002742906713296321	0.00012537254589300772	4.060164981441454e-05	1.0649844731693795e-05	-5.78249106226422e-05	-6.641250397163867e-05	3.392060131732182e-07
8.26	6.049680331343335e-07	1.474614068683254e-06	0.0032248296724365923	-1.0856309633285484e-06	-9.273992613934201e-07	0.0027426438585525883	9.947585206085998e-05	-2.5408182079574377e-05	3.472118207454107e-05	9.451124917845615e-07	-7.724446272428399e-05	-4.152243990364852e-05
8.27	1.5305429947925616e-06	1.1346507452359553e-06	0.003225101625747393	-5.657668214168169e-07	-1.4907714684229047e-06	0.0027424563272758357	5.037877750904899e-05	-5.5266810730031376e-05	4.784174458202898e-06	9.482737310367092e-05	-1.567672418546898e-05	1.4806342150462833e-06
8.280000000000001	1.772900778820495e-06	4.571516014731221e-07	0.0032248474657246536	3.823615285291897e-07	-1.4567071649617067e-06	0.002742838010032041	-3.7183928851663674e-05	-8.254177939701979e-05	-8.83713580075622e-06	7.604838870786696e-05	2.973675991525989e-05	6.9908658165478e-05
8.290000000000001	8.46861850558824e-07	-2.5930924649074567e-07	0.0032245861316643116	6.461443058978032e-07	-8.290336937000262e-07	0.002743289783051279	-0.00011135473235688619	-7.601800739849919e-05	-1.9228013094690086e-05	-6.84523192983054e-06	8.148796198169363e-05	1.1126556054051868e-05
8.3	-2.1548421751962315e-07	-9.95636298190086e-07	0.0032244418985757765	2.5473166015216946e-07	3.729089422923027e-08	0.0027429544212754444	-9.855390318718597e-05	-6.677530278261392e-05	9.316358101873448e-06	-5.319371221987636e-05	9.379272809902909e-05	-3.3519804008294236e-05
8.31	-1.185447333819273e-06	-1.2474962604754749e-06	0.0032248910688636788	-2.4812978539312414e-07	1.0453035140303863e-06	0.0027427523715406925	-6.675551036759592e-05	-4.376613889497538e-06	5.951884897837373e-05	-3.0786504498850105e-05	9.069542508637685e-05	-1.9716839559043826e-05
8.32	-1.2516853363188463e-06	-1.0722825294238476e-06	0.0032251276751688947	-4.443513093493791e-07	1.6061410755509274e-06	0.002742612366176867	2.6162526567830756e-05	3.3740693736169956e-05	-3.3202398909640858e-06	-6.364445056391913e-07	3.627564719611614e-05	-8.328710355940847e-06
8.33	-7.446687641120547e-07	-8.262954245415936e-07	0.003224841976261491	-5.06948201560166e-07	1.630385501489515e-06	0.0027428049975169342	4.970994572160826e-05	3.513267750704191e-05	-4.691237347997611e-05	1.4934909042297438e-05	-3.8170034859986895e-05	3.1756554651544785e-05
8.34	-2.3827671385666377e-07	-4.01487061398528e-07	0.0032246795423777016	-2.922546766894869e-07	7.15921308313638e-07	0.002743130401684277	3.091999586932031e-05	4.505890231432786e-05	1.8153443398754596e-05	5.054577020661385e-05	-0.00010123846144040286	3.605569121102292e-05
8.35	1.1496365205086245e-07	4.8258194895108476e-08	0.0032251001252461635	1.0076720992133581e-07	-2.0321710164228315e-07	0.0027434001604917948	4.849252696437353e-05	4.4004671617727775e-05	5.108190927710742e-05	3.501999090875212e-05	-0.0001073749636332158	1.3729196461099274e-05
8.360000000000001	3.5079703751608584e-07	5.632545980412649e-07	0.0032256924426629164	4.037224150915261e-07	-1.216891944244001e-06	0.0027434955717214426	-9.916257827083947e-06	3.441967312186373e-05	5.665818214343794e-05	2.9912165693682256e-05	-7.726727447261521e-05	-1.436411518897201e-05
8.370000000000001	1.3951038836880176e-07	7.341457269792431e-07	0.0032258329886315894	6.524192146026656e-07	-1.737398308814355e-06	0.0027433391088474758	-2.8277007808800783e-05	2.9255710333058825e-06	-3.881338957222563e-05	2.1792842653266626e-05	-3.563412907973632e-05	-2.6655625016037127e-05
8.38	-2.3257007419660132e-07	5.327052392290888e-07	0.003224995638975704	7.216535621690264e-07	-1.541305665194908e-06	0.0027429455660888656	-4.177147513960939e-05	-4.1695550082917245e-05	-0.00010644400748067516	-5.828483160871098e-06	5.913347116444879e-05	-5.666402722743399e-05
8.39	-4.82719857356161e-07	4.235269190668668e-08	0.003223892176182467	5.261186763442205e-07	-6.56441884014941e-07	0.002742310472196232	-4.734107161183933e-06	-4.5464109628760094e-05	-8.98545131486979e-05	-3.02839678549371e-05	8.539314536727485e-05	-6.162465827665835e-05
8.4	-4.2661135485707317e-07	-3.40042461417818e-07	0.003223508440223649	1.7927198166823809e-07	1.653758377718464e-07	0.002741567027381683	1.473779792218795e-05	-1.9518567127461792e-05	2.394544142425055e-05	-4.929912274253773e-05	6.289697016461977e-05	-3.7044303823188924e-05
8.41	-5.060679541825914e-07	-6.269575076028166e-07	0.003224242849186568	-3.0850702247920164e-07	7.698976981686339e-07	0.0027416296637459525	-1.1768555327831144e-05	-3.929574566567216e-05	0.0001164503366637902	-4.295990713974794e-05	5.601218020205644e-05	3.9938957000506025e-05
8.42	-7.061583243263621e-07	-6.582411435973583e-07	0.0032255956640861133	-7.528640315026508e-07	1.3593759981492045e-06	0.002742728096213436	-2.1663087876562336e-05	9.00334873173836e-06	0.00012443045868846652	-3.9155169900111206e-05	1.6132912432390928e-05	0.00015589918775589393
8.43	-8.078101564389908e-07	-8.33559932462469e-07	0.003226281684576993	-1.0280072429320426e-06	1.2932310463813886e-06	0.002744063242056385	1.6842065733855712e-05	-2.5466802245853373e-05	7.438304306204972e-06	-1.1644289708543732e-05	-3.882752959612607e-05	9.820647103225545e-05
8.440000000000001	-4.604962032765797e-07	-1.114698955297357e-06	0.00322576071223235	-9.380522762549677e-07	8.061630424354016e-07	0.002744820978895692	7.715235807408718e-05	-3.481022171718534e-05	-8.648222743742893e-05	1.0510086718298342e-05	-6.053800654591019e-05	9.105199515337955e-06
8.450000000000001	3.5923279352904904e-07	-1.1758920651098152e-06	0.0032247929971820468	-6.890825166827363e-07	2.6866763459330055e-07	0.0027439976767812202	7.645134929958168e-05	3.8173626904015327e-07	-7.340095805774386e-05	2.689641834477617e-05	-1.5336081591439636e-05	-0.0001303577425293519
8.46	1.2333596010227687e-06	-9.348672031504855e-07	0.0032243804770046877	-2.690849982139229e-07	2.3835893072341347e-07	0.0027424501375285892	6.041986872814664e-05	3.606665062731004e-05	-1.0034960959892605e-05	3.9912505101312325e-05	1.4786880608617199e-05	-0.00016420918364062586
8.47	1.4629781255770996e-06	-2.9331731937555016e-07	0.0032244084452550145	2.939134773033254e-08	3.469080622266379e-07	0.002741171694647459	-2.6594800292092832e-05	7.46593342711696e-05	1.4589775722250397e-05	1.3044559161723809e-05	2.169915559361008e-05	-7.827717970196343e-05
8.48	7.130862992355599e-07	4.5786183858887234e-07	0.0032244310847209814	1.038466382470666e-07	3.402869044943509e-07	0.0027409966065599875	-0.0001001252682643256	7.568064272895363e-05	-5.284146021856528e-06	9.621321259586977e-06	-7.962284171023387e-06	5.192688479899593e-05
8.49	-6.231454332536631e-07	9.037803786682394e-07	0.0032242477264919104	-1.3989439254552528e-07	1.1340102853840471e-07	0.0027419290303224734	-0.00014808244120657495	2.617968133205079e-05	-2.0581278116641328e-05	-3.186595572251401e-05	-3.532185734227943e-05	0.00013471828383413128
8.5	-1.8258325058765965e-06	9.157050273681845e-07	0.0032243211139699256	-2.965878248866051e-07	-2.1460691053688307e-07	0.002743132604084814	-7.874493517229277e-05	-3.5572634779723954e-05	3.980681072523353e-05	1.2287741798940337e-05	-1.6543572040124322e-05	0.00011042361193923747
8.51	-2.1455582845599313e-06	4.306858796438352e-07	0.003224882466873601	1.181731092466069e-07	-5.21352633428309e-07	0.002743751020290033	2.8525705721993988e-05	-6.300201903073439e-05	6.130648250760678e-05	7.47376777659896e-05	-3.1475387646754675e-05	3.072865963711868e-05
8.52	-1.2904062003710805e-06	-3.0041069190886656e-07	0.003225303880299562	3.4669953080839823e-07	-5.511602842630029e-07	0.0027437144510734732	0.00013549360362248225	-5.017842477501481e-05	8.22021579037328e-06	-1.5907288934696114e-05	2.6260321838511285e-05	-2.4701125768238722e-05
8.530000000000001	8.205196853964048e-08	-4.1400996010708635e-07	0.0032254563109951223	3.057935290266029e-07	2.060494856306346e-08	0.0027432313293103312	0.0001359282632116057	8.214621608999247e-06	2.4722736874721836e-06	5.697508655961161e-06	8.720537778346323e-05	-6.733976602169708e-05
8.540000000000001	1.3418117557761771e-06	-2.6644360294208856e-07	0.003225216241300535	2.6331592254167766e-07	8.386275638635007e-07	0.002742375383872725	9.640002659528675e-05	3.7916195171163296e-05	-4.595616016622998e-05	-1.9295359752268723e-05	8.822157338595812e-05	-9.552502571026586e-05
8.55	1.8079690157246359e-06	6.605490691857113e-08	0.003224635338386342	-9.170043550908138e-08	1.6206074858749003e-06	0.0027417936530245842	-3.610174298592767e-06	3.505961579250658e-05	-6.662698987486171e-05	-4.410390502826037e-05	7.37966331505008e-05	-1.0935671737649825e-05
8.56	1.2122477215286136e-06	2.785787765533789e-07	0.0032240406528629374	-5.48817762367931e-07	2.032747191335409e-06	0.002742194822939601	-8.322026141236686e-05	2.838598951958518e-05	-1.5794377327819755e-05	-7.497738841889164e-05	8.647732171595271e-06	4.597953267193578e-05
8.57	1.783173900670596e-07	6.06221401497866e-07	0.0032241464309234586	-1.2017381196054282e-06	1.9588212821452536e-06	0.0027426907236789673	-0.00014513838062469765	1.854898574960955e-05	3.2586626918629635e-05	-7.108386759273707e-05	-3.36735547693168e-05	4.43693800039396e-05
8.58	-1.1886338709599602e-06	5.167860783294215e-07	0.0032244740498046038	-1.6617327973972978e-06	1.2081800313820108e-06	0.002743236067712987	-0.0001236527807869666	-2.696088805829299e-05	4.064751039429766e-05	7.353368698102291e-07	-0.00010490774855910664	7.287422915994794e-05
8.59	-1.8638318357601134e-06	2.0121474008947733e-07	0.0032250698111748874	-9.314723719867306e-07	-3.419788741323857e-08	0.0027436086864093363	-1.4817271240011053e-05	-5.011524838355514e-05	6.522310471968968e-05	0.0001149425785113249	-0.00012070871486825277	1.557014924900725e-05
8.6	-1.4647672771606344e-06	-3.3562917815445924e-07	0.003225756228982037	6.150745083799602e-07	-1.2598355904732891e-06	0.0027434427535579725	8.521165327428275e-05	-3.759606866555994e-05	4.9975144240031094e-05	0.0002027863556120571	-0.0001004358652510007	-7.350076816840558e-05
8.610000000000001	-6.620553804272623e-07	-3.168866790515976e-07	0.003225810756158033	2.4685410842298078e-06	-1.979071201660613e-06	0.0027426465325345786	7.851762156637836e-05	1.5040993273697138e-05	-4.5608975007198006e-05	0.0001296812427367961	-5.106358343902334e-05	-6.250675455423324e-05
8.620000000000001	1.4724205662420995e-07	2.0021052765886537e-07	0.0032249973076971883	3.2007733802288106e-06	-1.9093293189398202e-06	0.0027421964734287005	8.147106498212783e-05	8.060665379107655e-05	-9.169405305258055e-05	-1.3446129411790366e-05	4.634431150129221e-05	-3.421490198437634e-05
8.63	6.349423068349317e-07	8.876146352707941e-07	0.0032242493142966844	2.2107722140631017e-06	-1.173459069839092e-06	0.002742067701226041	-5.256418176782308e-07	4.702110801079835e-05	-4.862140240179081e-05	-0.00015745012628126025	8.248570244666147e-05	7.645063134864111e-06
8.64	3.184039188890609e-07	1.2302294539356403e-06	0.003223985305435093	4.151002421508209e-07	-2.0951831373611603e-07	0.0027426454930216337	-3.8229277434434736e-05	2.6960480470243818e-05	-1.6388066552730523e-05	-0.00017736640303844388	9.125877766832665e-05	8.73796788332686e-05
8.65	-1.1553891636307783e-07	1.3978883164021873e-06	0.0032241390847873967	-1.1779958169569588e-06	4.960882140257232e-07	0.0027435811584841543	-4.8815520801175e-05	-2.745089419240038e-05	4.4187320383372314e-05	-0.0001408394417936745	4.1695127133271765e-05	8.103326550538635e-05
8.66	-6.676708067109387e-07	7.283268077349939e-07	0.003225037375567287	-2.2214751811559886e-06	6.304877395742739e-07	0.0027440819478042416	-5.354013089096234e-05	-0.00011432193708616876	0.00011389772964823678	-6.903581375999893e-05	-3.6130097496107184e-05	2.3543741819041637e-06
8.67	-8.429289054307057e-07	-5.234159300379597e-07	0.00322623927258511	-2.238422220015319e-06	9.137148796969433e-08	0.002743750318375711	1.9493593087938883e-05	-0.0001238898754350203	0.00010264892067405392	6.547459105518486e-05	-7.069444372295756e-05	-7.493796384518477e-05
8.68	-2.629756917290657e-07	-1.539722172520409e-06	0.0032266172137578385	-1.3339474089825147e-06	-5.397448827885297e-07	0.002742957849348962	6.094320132139681e-05	-8.038946630622888e-05	-1.90773633219912e-05	0.00012099745900890671	-4.6852990476731284e-05	-9.14593745428536e-05
8.690000000000001	5.432578306575195e-07	-1.8757817162905614e-06	0.0032257607988342278	1.0432091886204097e-07	-6.954651320757789e-07	0.0027421156103059046	9.284323857223458e-05	3.909132200813749e-05	-0.00015243644297954786	0.0001574575328440339	-3.3402776547114235e-06	-4.042993746979604e-05
8.700000000000001	1.355491272695808e-06	-1.0725909682310197e-06	0.0032239779799254054	1.2771255107976882e-06	-5.700907118823312e-07	0.0027421454649708757	4.139561847826613e-05	0.00010600773086489783	-0.00017568898181102152	8.199333016202997e-05	2.6032294412687234e-05	1.1816050361656382e-05
8.71	1.444595454638728e-06	1.271646722194112e-07	0.0032227125741981478	1.8084035511882768e-06	-1.6534909084526454e-07	0.0027423127625933047	-2.4267073693386063e-05	0.00013881611402663305	-5.296948172154188e-05	2.7071162765173507e-05	5.868298114009277e-05	3.289316990843005e-05
8.72	7.31949595569157e-07	1.3441028125278707e-06	0.0032229637962191077	1.6847390599036838e-06	1.6529901239623317e-07	0.002742377540168523	-0.00011338907370439141	0.00010896651373382414	0.00012515547768289373	-6.892422653071428e-05	3.815373417690089e-05	-2.6401901431504585e-06
8.73	-4.158247312476598e-07	2.0774602147229336e-06	0.0032246890106455628	6.511782159791377e-07	1.9070411229202837e-07	0.0027424567880002825	-0.00011078244914396037	3.8132075559510756e-05	0.00018659253425899066	-0.00013409034489778583	-2.9089768723406083e-05	4.9067942736213275e-06
8.74	-1.207398580974496e-06	2.0209257897138678e-06	0.0032263984123156782	-4.853656775837445e-07	-3.2263413394407866e-07	0.0027424283755972615	-3.697328974149748e-05	-7.029071518759923e-05	0.00012690857786919473	-0.00012343315699098596	-7.334850785459248e-05	2.5951100811814777e-05
8.75	-8.591065034215748e-07	9.352745615974648e-07	0.003226959030966084	-1.5585346611625141e-06	-9.167376308798732e-07	0.002743094305223938	7.278721399000821e-05	-0.0001470706909805436	-3.6389407716339524e-05	-6.208508339022676e-05	-5.243716296101967e-05	0.00011395886232027201
8.76	-1.95884963015165e-07	-4.3004568262078994e-07	0.0032260189206812723	-1.813427102212713e-06	-1.0751810477931122e-06	0.002744211891956844	6.57678909671152e-05	-0.00013700754443060623	-0.00012602511514176544	1.1267089391952346e-05	-1.990731479352706e-05	7.98318257354808e-05
8.77	5.212978745516199e-07	-1.5629912643023926e-06	0.0032247203723893255	-1.3711543021476443e-06	-1.1236320296253885e-06	0.0027443223281221223	8.330859384612978e-05	-6.132878238868949e-05	-0.00010906563717359764	7.507221301595121e-05	2.050643207721728e-05	-5.205556512076171e-05
8.780000000000001	1.1050610568852411e-06	-1.7877537964829735e-06	0.00322417511587072	-3.208205115961553e-07	-6.069664523599827e-07	0.002743195652848997	2.2700133016834177e-05	1.392100393204479e-05	-3.4193474993607634e-05	0.00014476432913857352	8.074309263329646e-05	-0.0001355380575212342
8.790000000000001	8.646317925176967e-07	-1.17465767516892e-06	0.0032240898824811323	1.1834909441561257e-06	2.0573863737454378e-07	0.0027415945282358474	-5.0629382163444444e-05	9.325203421147631e-05	1.1683724936248673e-05	0.00012002221654178451	6.134314544714681e-05	-0.00014662728830963572
8.8	2.825065787612872e-07	-1.206642071406776e-07	0.0032244359811603395	2.0381896272722436e-06	7.442221321254057e-07	0.002740815196057486	-8.897451524596707e-05	0.00012768936331153494	2.4609430286448068e-05	5.443302800570548e-05	4.897261276304338e-05	3.4266330553353697e-06
8.81	-4.315819841326471e-07	8.715190248574491e-07	0.003224570431004743	2.081845392284041e-06	1.3179953514352418e-06	0.0027412852271200103	-6.977710472063632e-05	7.75325583811016e-05	-3.248838116196448e-06	-4.04374326816429e-05	1.8587317448366405e-05	0.00011678013683963027
8.82	-1.016156104996905e-06	1.434471012589053e-06	0.0032247283555755023	1.0260579591456127e-06	1.0041187072978153e-06	0.0027426887135085175	-5.713239070851542e-05	1.5842255678415426e-06	1.2357951051144612e-05	-0.0001417725734440431	-6.896744018845285e-05	0.00014565683954457275
8.83	-1.3153634381774785e-06	1.3164979289533795e-06	0.003225026494815972	-5.733724701549177e-07	1.1987559491860492e-07	0.0027440960508455935	-9.696857594975906e-06	-5.585640361705524e-05	5.27777927883282e-05	-0.0001535856707365257	-9.883560347468411e-05	0.00012112022267767048
8.84	-1.0462732912768153e-06	3.354262419878265e-07	0.0032256386758894016	-1.7045415866588631e-06	-8.9762696202047e-07	0.0027445729463513	4.4492650827578754e-05	-0.00010969974240280271	6.44775815070212e-05	-6.312945310324283e-05	-8.366392977798555e-05	-2.12922043044809e-05
8.85	-4.208948326604692e-07	-5.368759117199286e-07	0.0032262387610498557	-1.924048087703071e-06	-1.849449414919241e-06	0.0027438190666792274	7.742755590494872e-05	-5.772776603277235e-05	4.8355624316227886e-05	4.219588317420412e-05	-9.292535001977182e-05	-0.00010866605046384454
8.860000000000001	7.647143735981304e-07	-7.725194404449419e-07	0.0032260950212099145	-1.2472230048507107e-06	-2.5944551639742357e-06	0.002742717870970649	0.00012625213934681318	1.5020559516240168e-05	-7.414699575766173e-05	0.00010700554684122811	-3.433311436176976e-05	-8.073065140242336e-05
8.870000000000001	1.6468855989322118e-06	-5.395315115127702e-07	0.003225044041913456	4.5546968761470973e-08	-2.4029244791479325e-06	0.0027423529016154234	3.219687058838023e-05	4.270348672589844e-05	-0.00012933345517864765	0.00015343443552034132	6.881238231012558e-05	4.75997780386232e-06
8.88	1.5649214410336907e-06	-1.8457604040207226e-07	0.003223847715600097	1.3478251348892674e-06	-1.2649352804484957e-06	0.002742681371471082	-5.757679641130839e-05	1.955705436218926e-05	-0.00010088224095492015	0.00011243547772072304	0.00015138139587269722	3.562278657602037e-05
8.89	7.435874343533088e-07	3.166899010723203e-08	0.0032234156397614663	2.0669867766792846e-06	6.000775602382645e-07	0.0027430227442468325	-0.00011725192334379646	4.61848104424257e-05	1.3158109174969068e-05	2.829593284543863e-05	0.00019006978797548002	3.847992279148239e-05
8.9	-7.309835033812428e-07	6.164102707400292e-07	0.003224128404451456	1.8433039485435518e-06	1.971095963664608e-06	0.0027430393423303464	-0.0001787232399786617	5.307628026362356e-05	0.00011149853002727529	-8.301041992366825e-05	9.670161541261716e-05	-1.9692351385430214e-05
8.91	-2.338114863551423e-06	5.440968823206346e-07	0.0032255521189936717	5.720759175347447e-07	2.485204185267609e-06	0.002742672764616558	-0.00012853357426150717	-7.707256963204606e-05	0.00015334337256733087	-0.00014826943577455655	-5.9278154506898585e-06	-2.605322664226956e-05
8.92	-3.005540901505085e-06	-5.419628751911612e-07	0.0032266993199758396	-9.174947631446314e-07	1.9272613357352993e-06	0.002742769251718172	5.753664967633878e-06	-0.0001097904238642262	3.927225032215985e-05	-0.00011856673039635268	-0.0001059480556226641	5.328485268774673e-05
8.93	-2.2512937135201637e-06	-1.5417104275780661e-06	0.003226352436925641	-1.852568987409654e-06	7.255738641301895e-07	0.0027434257476571383	0.00015377314254384056	-8.500479060760137e-05	-9.78606466158926e-05	-6.137582943974103e-05	-0.0001316563589519287	5.631641686119053e-05
8.940000000000001	-2.5729037791497435e-07	-2.0404835188423776e-06	0.0032250620274738673	-1.8759113822508413e-06	-6.222495350936605e-07	0.0027435680253419473	0.00023575501687755047	-3.105484443008072e-05	-0.000150819222877904	6.215746586430886e-05	-0.00012021635687757223	-3.514061145757745e-05
8.950000000000001	1.8533977273737383e-06	-1.8258638578235219e-06	0.0032236467663480477	-1.3191030186668317e-06	-1.7068526953115008e-06	0.0027429518144394113	0.0001753779910543436	8.653107879663437e-05	-0.00012300913600090177	6.930145846816105e-05	-9.260314014647457e-05	-7.40532213106299e-05
8.96	2.864014759293342e-06	-4.853722111119661e-07	0.003223207311439236	-7.463383314729525e-07	-2.3260574414727525e-06	0.002742105476365836	5.292348315186718e-05	0.0001486304851407217	3.056580924420045e-05	6.0770085110862174e-05	-3.9593225299538315e-05	-0.00010158300514055411
8.97	2.772008364875288e-06	1.0705260035441557e-06	0.0032239815562822775	1.589978638728752e-09	-2.2555038140898248e-06	0.002741144386871942	-4.279955285175099e-05	0.00016102357725200942	0.00012239341961799074	7.157191423095786e-05	4.783864979182486e-05	-6.346849064898091e-05
8.98	1.6609810367637036e-06	2.421243074321447e-06	0.0032248912248967307	4.953417805415029e-07	-1.4357969215984824e-06	0.0027409899601760217	-0.00018425683396876592	0.00011315285733430207	4.0427692131253526e-05	1.137375794839272e-05	0.00010756786617371909	4.319663510017218e-05
8.99	-3.0967450286223456e-07	2.8735745480223963e-06	0.0032250118462626475	3.3251758723764864e-07	-1.651001131539056e-07	0.002742190587594679	-0.00020513041766224597	-4.1797536600964956e-05	-1.8966772116049886e-05	-3.567076163880896e-05	0.00014008305911504743	0.00018996546971814706
9.0	-2.017987951508973e-06	1.936488102212378e-06	0.003224671027327467	4.393870829875172e-08	1.1238016309101485e-06	0.002744000613904941	-0.00014319305386771046	-0.0001545683846931191	-1.53613039951136e-05	-5.762100416574207e-06	0.00010328778356723418	0.0001438223017439495
9.01	-2.6377393727418847e-06	1.5877546134835657e-08	0.0032249439922890683	9.222520774567929e-09	1.7779804653869337e-06	0.0027446665499419923	3.621871951489077e-06	-0.0002140677328862106	5.2136090824085595e-05	-1.8777659042069944e-05	1.4844815132269075e-05	7.468406847069534e-06
9.02	-2.2120238592271908e-06	-1.959397390878393e-06	0.0032255269036045265	-3.043060425377246e-07	1.5101152021259884e-06	0.0027440071020131446	8.113537328804142e-05	-0.00018604572319709398	5.285281184829151e-05	-4.609465617510467e-05	-5.6212274749047654e-05	-0.0001149022854962685
9.030000000000001	-9.142451065829123e-07	-3.149797816005188e-06	0.0032257866119857898	-6.343155367449201e-07	8.39125023534479e-07	0.0027425942215766074	0.0001776385438263647	-3.057242656353204e-05	-2.7399905752589884e-05	-3.2695347188171995e-05	-8.249607124872718e-05	-0.00015047935359559336
9.040000000000001	8.276236679268379e-07	-2.6593445001421365e-06	0.0032249184810488403	-6.744236301155231e-07	-1.1061026996465037e-07	0.002741325030483129	0.00015755255443248843	0.00010452077769579721	-0.00014001248206286894	3.39969487603921e-05	-9.512492129048195e-05	-6.856219148064763e-05
9.05	2.118646009119001e-06	-9.306926479779629e-07	0.003223279579040519	-3.7308862779497627e-07	-9.376600729653398e-07	0.0027408946287201803	9.59090166404339e-05	0.00020627068746654348	-0.00018469398781197462	3.526709090282324e-05	-7.615549349795155e-05	-1.4156955916420557e-05
9.06	2.6100431078670744e-06	1.4948078395487702e-06	0.0032224347967475596	-1.9225904258050757e-07	-1.314098564061035e-06	0.002741048474575915	5.992302478534666e-06	0.00025940885096155587	2.3565926808223722e-05	1.7832417361098984e-05	1.4710154660826241e-05	4.9082538933669476e-05
9.07	2.2003993646464318e-06	3.529820405097503e-06	0.0032233571098639066	1.007194008254078e-08	-8.649979913848369e-07	0.0027418546527335414	-9.116600966008445e-05	0.0001316339461141221	0.0001439491207852821	3.7688071419336335e-05	5.58174040904555e-05	9.903158302792056e-05
9.08	9.265379318074011e-07	3.7451315678640094e-06	0.0032252904167600852	2.746390344300194e-07	-2.1076929451788087e-07	0.002743230784165891	-0.0001578723000063671	-7.964844957641178e-05	0.00019674578707408607	2.487302532262278e-05	6.44128715433567e-05	0.00013549982168314793
9.09	-6.396712250353331e-07	2.2012131723810023e-06	0.0032268641249151024	4.32843173758605e-07	3.6487516619667243e-07	0.0027442553437413398	-0.0001637165674638538	-0.00020216181992296282	0.0001302886932405893	2.492543709037798e-05	6.702224913114724e-05	5.1893880009416e-05
9.1	-1.772128383103612e-06	-4.1502526198259733e-08	0.0032274784958728087	5.688842891098056e-07	7.013087954081293e-07	0.0027444157129857915	-7.954570454373337e-05	-0.00023301920041132832	-6.959598328728865e-06	1.0772647200909935e-05	3.709415940348458e-05	-2.682737326863576e-05
9.110000000000001	-2.3800346633298327e-06	-2.0367618002248534e-06	0.0032265163180464104	4.6914168732039033e-07	1.1432576450619117e-06	0.0027436390818837146	-4.3194918789081065e-05	-0.00016357400680793132	-0.0001850416950696732	-3.8299268889291245e-05	3.48540103581451e-05	-0.00010416340929648298
9.120000000000001	-2.206791660274104e-06	-2.936142780041095e-06	0.003224543164729216	6.082126155182175e-08	1.5947294761849288e-06	0.002742652916902647	6.21612402751845e-05	-5.22035520069581e-05	-0.0001912575206667881	-4.12438826517055e-05	3.8794403643610433e-05	-9.148603711747984e-05
9.13	-1.2169786232160783e-06	-2.7304101839505526e-06	0.003222880491174001	-3.087997494488455e-07	1.576621261045811e-06	0.002741989054044596	0.00010285416951514757	7.589299319799157e-05	-0.0001031714444120598	-2.825571864206004e-05	-4.99375606791669e-05	-3.7470805490740445e-05
9.14	7.694871694782819e-08	-1.674190088341049e-06	0.0032225684740943283	-4.136162956898859e-07	9.712921278828352e-07	0.0027418026766701793	0.00015380188907758595	0.0001524824057242317	4.34492975965087e-05	1.6827287570751832e-05	-7.85288841141959e-05	-4.287851006303667e-07
9.15	1.4676165594397644e-06	-1.557653870264955e-08	0.003223637459783046	-3.5918983760911094e-07	1.65215916063883e-07	0.0027419043026150544	7.286576922765472e-05	0.00013946152633325005	0.00013670050986985707	2.0932649686416965e-05	-9.548306620703891e-05	7.216940160977577e-06
9.16	1.8272328627318814e-06	1.2675448532390917e-06	0.003225304085060675	-3.870255660999276e-08	-1.2840468264379666e-06	0.0027422505561248652	1.0085295463273321e-05	8.895039785370732e-05	0.00017136851515887178	3.0782813778084535e-05	-0.0001462264565283766	6.137761219367945e-05
9.17	1.4689681126718913e-06	2.0907142212614773e-06	0.003226535269399575	1.7274750313588815e-07	-2.536181068938902e-06	0.0027431122813578236	-8.697466742729187e-05	6.798954170548235e-05	5.8751787085527485e-05	1.3743671824152374e-05	-8.344879729882465e-05	0.00010122762095953445
9.18	2.8630775763718825e-07	2.4030043206774715e-06	0.0032262647572770926	4.202295356824931e-07	-3.1917945625789814e-06	0.0027437961025594468	-0.00013304340633423599	-1.2180336869271822e-05	-8.57665118874867e-05	9.779180737467292e-06	-2.9284236375508688e-05	2.391387738422266e-05
9.190000000000001	-9.427173678122855e-07	1.9315486968723233e-06	0.003225139167064343	4.27625476854194e-07	-2.748615643180343e-06	0.002743739764860487	-9.86027809050254e-05	-6.71229116290598e-05	-0.00011821099151751026	-5.1930497503420915e-06	0.00011910533427453988	-3.692505010425743e-05
9.200000000000001	-1.623445482906639e-06	1.162290924611177e-06	0.003224021968431491	4.5878038484769607e-07	-1.4604764644741659e-06	0.0027429962023675096	-3.488163190023566e-05	-8.198836528815618e-05	-7.649318438826605e-05	1.937424841293901e-05	0.00015335814662274794	-8.508497809351288e-05
9.21	-1.6069379084134623e-06	1.2470182307629638e-07	0.0032237111689172237	5.753349959809585e-07	-3.865621562348055e-08	0.0027419857633410446	2.7090105592948725e-05	-0.00014321548940434363	7.922906805439711e-06	1.3518475258259091e-05	0.00013113718572326544	-6.6033551395769e-05
9.22	-8.945507437690186e-07	-1.2905636050309637e-06	0.0032240336890454885	5.818099283033103e-07	1.3486298584099955e-06	0.0027416809081068586	0.0001293744300405084	-0.00013130660403218352	3.331897280416605e-05	-1.9695901537348772e-06	0.00013490448930542908	-1.3799904795892182e-05
9.23	2.9276908920057944e-07	-2.389701388571355e-06	0.003224585003245217	4.3548291538576466e-07	2.4673817761548705e-06	0.0027418397110975964	0.00011347154629546322	-7.853159484677637e-05	5.955047421674729e-05	-3.937475353232504e-05	7.856760739102125e-05	6.149330580571342e-05
9.24	1.391397365068884e-06	-2.889688478692523e-06	0.00322515835894942	4.65717602098e-08	2.8293526567389665e-06	0.002742795685363138	0.00010740736172519065	-1.3267651028065016e-05	5.8509073097355824e-05	-3.628166757647339e-05	2.0818980825090244e-05	0.0001280414301933331
9.25	1.9527338383974428e-06	-2.6810699529033944e-06	0.003225626985666088	-4.900688810859526e-07	2.7002868427441796e-06	0.002743972310006613	1.3830165872649014e-05	5.7684275222317056e-05	1.845668605024476e-05	-4.485026865589158e-05	-2.176677160814054e-06	7.664699564367545e-05
9.26	1.5391066775641123e-06	-1.9106624215211867e-06	0.0032254222591196987	-1.0313909990410329e-06	2.3541759150115703e-06	0.0027443944125871036	-4.59316398455164e-05	0.00012172762777503219	-3.7119357664783486e-05	-2.458583310138898e-05	-5.9305780316422035e-05	5.662082375044593e-06
9.27	8.662058981304296e-07	-4.946786266665057e-07	0.003224862654105825	-1.0982546936851567e-06	1.3047947068221035e-06	0.0027440548211908446	-8.774566239495687e-05	0.00015651935346311876	-5.000812719188623e-05	5.8203814528547726e-06	-0.00014018272045727918	-9.895491107381562e-05
9.280000000000001	-1.1736914836699373e-07	9.89769090667115e-07	0.0032243575293210186	-7.364232610016391e-07	-3.905048553791588e-07	0.002742856878388263	-9.781620048042394e-05	0.00012078061044247746	-4.2948506944299814e-05	5.9403833300744996e-05	-0.00020475613649035838	-0.00013449619122699903
9.290000000000001	-1.0019649917101626e-06	1.8666184627045975e-06	0.0032239288845882924	-2.5441451626597484e-07	-2.0042664926055265e-06	0.0027418952711894384	-6.182771283022774e-05	5.230746845353353e-05	-2.3567699804841967e-05	4.14975354479876e-05	-0.0001297410491241714	-7.47384819033317e-05
9.3	-1.113578253833304e-06	2.063326211747569e-06	0.003223950332131031	-2.7579292360126035e-08	-2.5801190311336616e-06	0.002741471573765771	2.6437439557259607e-05	-1.6983572143923262e-05	2.9301658197235202e-05	1.9280187045006445e-05	-1.1619552994008454e-05	-7.00012355081785e-06
9.31	-6.22349785364225e-07	1.7080050528162332e-06	0.0032243852343091417	2.0164134214842786e-07	-2.189253428948826e-06	0.002741894545579865	5.3584987012810154e-05	-8.606342996883895e-05	3.5730453453663966e-05	1.191541083281975e-05	8.57123168907376e-05	6.596727061554862e-05
9.32	1.0883139560977686e-07	7.295645552975327e-07	0.0032247007236495978	1.2727837441505826e-07	-1.3367286314811486e-06	0.002742693772482414	7.889947528184818e-05	-0.00011102478082394962	3.9405353061085447e-05	-2.2721105733178714e-05	0.00011041044205913219	7.16204275521477e-05
9.33	9.217197153532474e-07	-5.826204355152486e-07	0.003224919074507487	4.3595326826615674e-08	-1.1045939257359324e-07	0.002743220298601604	5.348490313161629e-05	-0.00013419612957630037	1.0248112146250108e-05	1.4395843326737182e-05	0.000124239603301698	4.755386792439145e-05
9.34	1.2131713867244817e-06	-1.6805957762447516e-06	0.0032250055985417925	3.4281694785305025e-07	1.2491886970338032e-06	0.0027435393037225273	1.6928718095683883e-05	-6.19211961311265e-05	-1.533107733244586e-05	2.662879505375683e-05	0.0001235695312917378	3.530821830612054e-06
9.35	1.0185832445400801e-06	-2.1146295480598735e-06	0.0032249568120082976	5.3647754657139e-07	2.1284852348826067e-06	0.002743431050127979	-4.357883441665253e-05	-2.3846370900836714e-05	3.1007678523340718e-06	8.597801584080543e-06	4.459477058328272e-05	-1.592305405696717e-05
9.360000000000001	5.242729160183166e-07	-2.1993344591398634e-06	0.003224833798095236	2.1663156668139999e-07	2.0903616725020316e-06	0.0027428914801144216	-6.983043823855826e-05	3.6358645287495414e-06	4.946784648741477e-06	-6.32740902428925e-05	-4.335202235780026e-05	-6.63388442736067e-05
9.370000000000001	-9.766930759316001e-08	-1.856071501142694e-06	0.003224630030815801	-1.5461272728787582e-07	1.4899225260069856e-06	0.0027422414353417586	-4.1605887327045904e-05	6.633669096710056e-05	-1.767509303578134e-05	-3.85605212111789e-05	-6.31748322655487e-05	-8.655903632871277e-05
9.38	-2.4164618507679706e-07	-9.93999572240246e-07	0.003224480841973796	-5.443200831555731e-07	6.377638977271077e-07	0.0027416251350480462	1.4531467776200741e-05	0.00010142499820788882	4.846340552772566e-06	-5.28069318205346e-05	-0.00010993690434433209	-2.928675014027969e-05
9.39	-1.4115315385496167e-07	-1.0903760399238175e-07	0.0032247769462432465	-7.987973303529039e-07	-6.273704003967022e-07	0.0027415800926321172	5.058267979822693e-05	9.155403468270415e-05	6.030691239186853e-05	-1.9163465457370722e-05	-0.0001044691668917908	4.275808360772213e-05
9.4	4.908737941273449e-07	8.227589438612935e-07	0.0032250757297475592	-9.075781558729936e-07	-1.3322377133203193e-06	0.00274239601479952	8.50616419735382e-05	0.0001075905555560288	2.895632836380756e-07	-2.3644345138732658e-07	-4.5330170361920224e-05	0.00010068146357335224
9.41	1.0943723642797834e-06	1.5438237311998406e-06	0.0032249864336678646	-8.921677215016834e-07	-1.4021561160594993e-06	0.0027434261491436824	4.286004713994035e-05	4.208244232681843e-05	-1.547625421204422e-05	-2.4132084691847435e-06	4.994168136620454e-05	0.00010126107008048718
9.42	1.4275653152076607e-06	1.446718434999538e-06	0.0032250307964125056	-4.6071903281146105e-07	-9.572732376654892e-07	0.0027439968741700873	2.8322842736999238e-05	-5.3756394799605034e-05	3.4302600691521966e-05	5.805485664951575e-05	7.743064326753686e-05	-2.072044157889416e-05
9.43	1.2437318708102923e-06	8.632896677771621e-07	0.0032253583763597517	2.2776830451287831e-07	-7.633008791345482e-08	0.0027432433740050117	-6.35540222312007e-05	-5.3775934222300566e-05	1.0341778001630384e-05	8.355864779167344e-05	9.313484628684973e-05	-9.222639320265795e-05
9.440000000000001	7.137549582267474e-07	2.7845557120971836e-07	0.003225155610103907	1.1995878728999113e-06	8.055972331920616e-07	0.002742251932429054	-5.5445665396268834e-05	-0.00010347708620576488	-2.1074677448981198e-05	5.9169960711793554e-05	8.082848282033347e-05	-0.00010240918226955836
9.450000000000001	-2.7358611438157944e-07	-9.463488503245873e-07	0.003224721359627585	1.3605376415666284e-06	1.3538451390487103e-06	0.002741644419458225	-9.963492881923673e-05	-0.00011133111560006343	-5.72846178147651e-05	-2.9128488568586612e-05	3.5517067947857436e-05	-4.7159762036366395e-05
9.46	-1.3452829611024467e-06	-1.7513488449111042e-06	0.0032242784581006188	8.572429680231586e-07	1.4470899667402654e-06	0.0027416908222593116	-0.00010110420276699535	-6.574262913036852e-05	-9.77014025949719e-06	-8.28663525180861e-05	-8.500264079868504e-06	3.6889838025585495e-05
9.47	-1.855192742424899e-06	-2.1593099386966317e-06	0.003224345999425475	-3.718967207705225e-08	1.234384754350758e-06	0.0027423423431264687	4.013431429970604e-06	1.0500643347761221e-05	6.595111056221421e-06	-6.813081609264144e-05	-4.358270656512496e-05	8.369294232145172e-05
9.48	-1.5252344927550303e-06	-1.7427867780195124e-06	0.0032243694224968022	-5.996335235490691e-07	6.392536016386124e-07	0.002743224476090778	4.354481845594705e-05	8.442006782298155e-05	1.9150117601994205e-05	-3.6707729346497476e-05	-7.697234098698264e-05	9.345957952133613e-05
9.49	-5.750525353423702e-07	-3.1561415962018255e-07	0.003224713548983352	-8.885399666127665e-07	-9.032959540251009e-08	0.0027437899971130713	0.0001193568798695497	0.00017902991597877355	4.2446458786585335e-05	-2.008148940486051e-05	-9.085464017201107e-05	-1.3300461197912791e-05
9.5	5.511146967582479e-07	1.5306621291429455e-06	0.0032252176443905165	-8.957141863954939e-07	-9.850258014679402e-07	0.0027432369598306095	0.0001255539206789744	0.00018868866096945463	6.143128504747192e-05	2.3629813128515722e-05	-7.067576492400015e-05	-7.914792097975358e-05
9.51	1.6022566442061241e-06	2.98823354411403e-06	0.0032256528574473218	-6.678940646258802e-07	-1.5787265084417917e-06	0.0027422863583079185	7.70884983842165e-05	6.762662832599141e-05	7.548060128830529e-06	2.9073428088053678e-05	-4.6054813850832724e-05	-8.450009956092134e-05
9.52	2.0166763335733622e-06	3.200335646565185e-06	0.0032251857247223726	-5.249297615207459e-07	-1.6884701444523727e-06	0.0027419016832640006	6.360084176152344e-07	-3.394421249057888e-05	-8.296693077695412e-05	7.786281236261492e-06	-1.8509638898519376e-06	3.1775981600949795e-05
9.530000000000001	1.20354281805651e-06	2.318716505457778e-06	0.003224231091367162	-2.939059714690924e-07	-1.4026442686322339e-06	0.002742421551666059	-0.0001449287932083879	-0.00014524481063185626	-8.851833970296085e-05	1.5143726776211035e-05	6.185660622562997e-05	5.4470245390654864e-05
9.540000000000001	-4.6884013911262995e-07	5.958266692091468e-07	0.0032238507234536927	-2.959988933157369e-08	-8.77571236336097e-07	0.0027429864520986907	-0.00017035925612363725	-0.00018334538151110405	-8.42755798409424e-06	4.813242962664606e-06	5.2729512200514684e-05	4.1699011539512044e-05
9.55	-2.0264511602167365e-06	-1.241502758414213e-06	0.0032241470208258295	1.1497985065734218e-07	-1.1086083308320117e-07	0.002743085614677573	-0.00013181282861918258	-0.0001708373893248946	5.631907970409714e-05	1.6988022945675176e-05	9.079806980147762e-05	-3.6330185003710356e-05
9.56	-3.0699364973499053e-06	-2.3300873168752765e-06	0.0032249272118545394	3.5156849679688226e-07	7.412690562314446e-07	0.0027424411498690425	-4.476755851702726e-05	-4.964046534566518e-05	7.367879821841986e-05	4.369268658920555e-05	7.601211023735915e-05	-8.159650583853311e-05
9.57	-2.876673830629965e-06	-2.25115535639507e-06	0.0032253335235752126	9.560095006285717e-07	1.3930249393836176e-06	0.002741867863797723	7.80637437816264e-05	6.524735551116735e-05	1.805024606484345e-05	6.014124382409736e-05	1.870431377079965e-05	-3.963951724002301e-05
9.58	-1.5883333074691876e-06	-1.0770337187680312e-06	0.0032250251520760604	1.3234135239905256e-06	1.3986192637058859e-06	0.00274177084103265	0.0001489086441532471	0.0001448621880114432	-6.862884734699649e-05	3.160124588423724e-06	7.124993142464583e-06	2.7156977467402983e-05
9.59	-1.2616315897185983e-07	3.6876506024662906e-07	0.0032243961333198634	1.1392390356769628e-06	1.039151879744749e-06	0.0027422887572989023	0.00012165846956659556	0.00013829819752886972	-5.953205936467251e-05	-5.601012577690572e-05	-4.414093104440446e-05	6.556109748650074e-05
9.6	1.112508957088511e-06	1.6031536103297834e-06	0.0032240786770179144	5.781376208759654e-07	3.6211853679349094e-07	0.002743135956013895	0.00012020180395961336	8.817689527948063e-05	7.086699669968113e-06	-5.067125478595935e-05	-0.00010963986527601794	7.701670465604952e-05
9.610000000000001	1.761587258525406e-06	2.2488603299544682e-06	0.003224526577069119	-3.685646551193437e-08	-7.194017076854562e-07	0.002743548070141202	1.0459499004329422e-05	3.437113527420928e-05	0.00010012759484022695	-4.788643433421296e-05	-0.00011357209887173342	-5.423645179805857e-06
9.620000000000001	1.2188297973075842e-06	2.0629469507298324e-06	0.0032255608294806054	-7.603079609170624e-07	-1.5171524269625613e-06	0.002743283038059853	-0.00013000812021059057	-5.6255723559298166e-05	9.233789722589964e-05	-8.803144352790976e-05	-4.5974697316883005e-05	-4.402320563573859e-05
9.63	-1.8924354855832478e-07	8.567118158238127e-07	0.0032260373343540134	-1.6757191950557633e-06	-1.4372255005549384e-06	0.0027429493159785525	-0.0001418049177895774	-0.00018240756351788694	5.286455196841826e-06	-8.223641343849266e-05	5.4054949653949e-05	-2.880519403867387e-05
9.64	-1.2216694389410284e-06	-9.894130536471194e-07	0.0032255216969965753	-2.196402159898736e-06	-5.922589547696166e-07	0.0027428719391678867	-4.809704488069418e-05	-0.0001869076452777468	-8.552681150008978e-05	-1.6445494849416156e-05	9.02367444132077e-05	1.4600550238075163e-05
9.65	-1.3729993143309922e-06	-2.3013626413355017e-06	0.003224557178408169	-1.948442716841506e-06	5.317085534167359e-07	0.0027428201470643316	-3.7814008490733127e-06	-7.401206946876772e-05	-8.689701404144276e-05	4.156781284749254e-05	0.00011973896028958099	-2.6690435285624196e-05
9.66	-9.854130229207669e-07	-2.4361352855026427e-06	0.003223786871862006	-1.3265169088931643e-06	1.614765089130982e-06	0.0027423842550864086	4.651103188762608e-05	4.6470473837980314e-05	-5.433514985267697e-05	8.741908617197167e-05	0.00010214131741700037	-5.217242529917886e-05
9.67	-4.226661224418364e-07	-1.414293898680288e-06	0.0032237150321447476	-2.351366343136641e-07	2.228119066338718e-06	0.0027419982149568148	7.146358586859725e-05	0.00015287470708368663	3.151650426915371e-05	0.00015862119129827595	2.0634432161531773e-05	-3.6553116293917728e-06
9.68	4.580489156721133e-07	5.185451629634983e-08	0.003224487942621126	1.3848458587422806e-06	1.8806763964603042e-06	0.0027423017059858227	9.045117189826712e-05	0.00012744431360019623	0.0001160505486599329	0.00015192410940838015	-0.00010416472779317578	5.6468653956075126e-05
9.690000000000001	1.0830180722513858e-06	1.0535745755668977e-06	0.0032252909283680487	2.808079814295925e-06	6.096202838258005e-07	0.0027427950220226664	3.805593934018047e-05	7.624798345254006e-05	5.120320508326141e-05	0.00010736843882389537	-0.0001416046491161006	3.36627781083571e-05
9.700000000000001	9.840733170580047e-07	1.396385016556921e-06	0.0032256638811602014	3.2514761605023173e-06	-9.060514189872849e-07	0.002742880667236339	-6.8409917949855e-05	-2.5099018842002833e-05	1.5159663915567957e-05	-3.5338332374974026e-05	-0.00015898365292962025	-2.6009502285201402e-05
9.71	-3.03435443829127e-08	8.578859725750841e-07	0.003225468556050388	2.1982728698960494e-06	-2.2109575098205945e-06	0.002742537944226317	-0.00010004024381351767	-5.3755582083561076e-05	-9.01252020844625e-05	-0.00016166279402539738	-8.91088460235161e-05	-3.1955482441085895e-05
9.72	-1.108051837110048e-06	3.485162626122657e-07	0.0032244484716531224	2.9888516935162307e-07	-2.594290846108907e-06	0.0027422416192883136	-0.00010531414950540102	-5.158706075178793e-05	-0.00010805280921027801	-0.0002267768978468036	2.8253286696587862e-05	-2.0332129424963752e-05
9.73	-1.5382866887750459e-06	-5.587902693814171e-09	0.003223803247268058	-1.6957331036476342e-06	-1.8880153999714636e-06	0.0027421409654909907	8.358622092757702e-06	-1.1461311480994961e-06	-2.1718596283938253e-05	-0.0001521886367884202	9.541017132739241e-05	4.429660115840083e-06
9.74	-1.174193582709295e-06	1.3519156714344506e-07	0.0032240018958090925	-2.786513894081363e-06	-6.211539683420818e-07	0.0027420920288968816	5.4119342652618005e-05	1.0359969625759133e-05	7.11971071156383e-05	-5.4822291203677353e-05	0.00016813657704276683	1.4777905172259163e-05
9.75	-1.6744390245605383e-07	2.6323676709799445e-07	0.0032248286844416565	-2.793164791113786e-06	8.604289344837151e-07	0.0027425633402312194	0.00015020233418348166	1.6658264412564268e-06	8.868030280075125e-05	4.441568173777949e-05	0.00011474480601196622	8.246928847414446e-05
9.76	1.4065757830416077e-06	1.4431916639757948e-07	0.0032254457145582363	-1.8635597478809613e-06	1.7370633354469625e-06	0.0027433665560471945	0.00015744506028589992	-2.2528056831540787e-05	4.19090843198457e-05	0.00014925116970859783	6.345665392596847e-05	7.251790040434137e-05
9.770000000000001	2.459181870174568e-06	3.4894268491548903e-08	0.003225544201337385	-1.4134606905910354e-07	2.069208327196983e-06	0.0027438587414037085	5.7630007510131726e-05	-1.7266327576589766e-06	-2.2002179335728593e-05	0.00018366526065841752	-2.3978493506506422e-06	2.030337341055342e-05
9.780000000000001	2.21365665509146e-06	-9.472149873211912e-08	0.003225357846976713	1.4562876236128102e-06	1.6753308911108364e-06	0.0027435933877629818	-8.576381163184921e-05	-2.2881922562466857e-05	-3.56228542022615e-05	0.0001228239667781578	-7.461469818415762e-05	-6.695964983116972e-05
9.790000000000001	6.972292515000605e-07	-3.2073549707022017e-07	0.003224739198890725	2.418644946958968e-06	6.235774698229586e-07	0.0027430270755432118	-0.0001984376844273688	-4.090180012160684e-06	-8.368259885494136e-05	4.224481417831473e-05	-0.00011357643082382919	-4.206801494733932e-05
9.8	-1.273590317374175e-06	-2.8862059679842373e-07	0.0032237705205775393	2.345676210576377e-06	-7.546920075260768e-07	0.0027427489482407534	-0.00018774079919260556	1.577885792171633e-05	-6.465775162802471e-05	-5.788841116575044e-05	-0.00013128171377001533	-2.2159990814300352e-05
9.81	-2.9809399384551662e-06	3.0857404352034766e-07	0.0032235557626884835	1.4891464715327462e-06	-1.9568659777602887e-06	0.002742300961398054	-0.000118398282588081	0.0001052075028231542	1.8137996966173997e-05	-0.00010393611193255608	-0.0001084336957449565	-6.338914876583999e-05
9.82	-3.456065548354903e-06	1.0530618542872636e-06	0.0032239903001874313	4.771325579609389e-07	-2.654318961798597e-06	0.002741607636766674	1.5991394990148787e-05	3.0113931460585164e-05	6.508132364029181e-05	-8.310565770223489e-05	-3.320507211056863e-06	-4.839068382451883e-05
9.83	-2.4348037996434552e-06	1.0628707374464968e-06	0.003224669869104125	-3.6022126274466256e-07	-2.2085526927504384e-06	0.0027414486090360326	0.00015650908110792695	-3.953920849682925e-05	5.39712037908291e-05	-7.286292165273439e-05	8.843928688075583e-05	4.9794775970947956e-05
9.84	-5.500682103426543e-07	5.621896667472291e-07	0.0032252176509541333	-7.486562225125855e-07	-1.0936955133887042e-06	0.002742568528380936	0.0002110154502256403	-4.910300257747546e-05	5.255873728475004e-05	-7.392681928730489e-06	0.0001362591442612569	0.00015670658066631042
9.85	1.430893380142253e-06	1.3502395334604374e-07	0.0032256006369757208	-8.425890411235064e-07	2.5536551473461955e-08	0.002744289541422847	0.00018998394372017954	-1.8896318266293365e-05	2.385526696813629e-05	-1.6490893004948806e-05	0.00011264438903848268	0.00016036867138113396
9.860000000000001	2.8726021814482693e-06	-2.1516140973417621e-07	0.0032257435232463517	-9.283193136953274e-07	1.1947998636060322e-06	0.0027452563431768023	0.00010359452903140465	-3.881243767112853e-05	2.657406892842044e-05	-1.5311072168855206e-06	9.533825560095087e-05	-8.090169324842427e-07
9.870000000000001	2.9491188088280225e-06	-7.267443074683203e-07	0.0032259228579377365	-6.435289925112271e-07	1.9115319674915246e-06	0.0027443334516822986	-7.604402296302519e-05	-7.382652285039977e-05	-2.758705371891034e-05	5.3259129080470955e-05	5.252628752595303e-05	-0.00016934501040500317
9.88	1.2929313371906654e-06	-1.4203490473606805e-06	0.003225354083796463	5.2141751096127684e-09	1.7245469220330105e-06	0.0027425891330232223	-0.00023522875289021876	-6.797539731613729e-05	-8.254357002888298e-05	6.542928882809389e-05	-4.55846888239126e-05	-0.00015992411967862872
9.89	-9.22585698616524e-07	-1.8174813686687866e-06	0.0032244616830013843	5.405951409228222e-07	9.249140799572909e-07	0.0027410089938136647	-0.00019445486098235273	-9.135883630158439e-06	-0.00010446698839676627	6.72533743202863e-05	-8.251029124904674e-05	-0.00012989280256746485
9.9	-2.3108150926889877e-06	-1.2377963628348303e-06	0.0032235303806804143	1.1039411227859064e-06	1.199268948837117e-07	0.002740291473900364	-7.189996871868099e-05	8.345126538808339e-05	-7.040263500575942e-05	6.79496073368847e-05	-8.445235513286673e-05	2.4220441916960677e-06
9.91	-2.537152322770318e-06	-7.025849305351065e-08	0.0032231443750520296	1.6832004912750683e-06	-7.308657585292917e-07	0.0027411938285292654	2.0853296545958073e-05	0.00011724304524598203	3.5114942788251494e-06	2.3643864629764074e-05	-8.269237936144967e-05	0.0001661453697474944
9.92	-1.7112408224107577e-06	1.2030196226632437e-06	0.003223551891916821	1.6937878260137946e-06	-1.2909967534521936e-06	0.0027429581907936805	0.00012563828339575445	0.00010269929291576872	9.595783401353052e-05	-5.8194541663395796e-05	-3.878473493914196e-05	0.00016454167092990694
9.93	-4.501325789513582e-07	1.7143575696639057e-06	0.0032250383653752938	6.837248374505833e-07	-1.3529613438489926e-06	0.0027441823319551864	0.00013369073077789884	2.7308077199419035e-06	0.0001789731628955649	-0.0001364321381129391	3.514530615400065e-05	7.740550267579286e-05
9.940000000000001	8.177088434790174e-07	1.40918257295698e-06	0.003226652655155184	-7.840878675903291e-07	-9.033039136126874e-07	0.0027443916954616207	0.00010020916968771625	-7.36760868756103e-05	0.00011194672406888802	-0.00015857534744649995	5.923695351298463e-05	-1.6909702943667728e-05
9.950000000000001	1.7931573790220103e-06	2.833760656711559e-07	0.003227236685214006	-2.0278272214743557e-06	-2.1962690753755272e-07	0.002743876706067973	7.713143363213087e-05	-0.00014568565133760055	-1.3731716754680486e-05	-8.887361676064313e-05	9.355853172336468e-05	-9.280117960687323e-05
9.96	2.295493831288756e-06	-1.10021801496635e-06	0.0032264326637556164	-2.545941823009515e-06	5.699629994746182e-07	0.002743150796004286	-2.3484007745595805e-05	-0.00011702308628951555	-0.00014440566631717655	-1.3910839619276588e-05	7.209863748443262e-05	-3.383855376947473e-05
9.97	1.554461366803807e-06	-1.8587783653578353e-06	0.003224615173597638	-2.2423890734994284e-06	1.41110302996141e-06	0.0027428047902096336	-0.00012002024089902278	-2.6960060633923476e-05	-0.00018497919922593335	7.493489337197873e-05	7.086267052958108e-05	-2.4658981523604055e-05
9.98	3.181741237686081e-07	-1.8415149176754076e-06	0.003223418019471893	-1.1262923580667245e-06	1.8183775518970363e-06	0.002742407360207772	-9.797826922375e-05	3.742207107113079e-05	-8.27161068334647e-05	0.00014162075401251992	1.1901242874183742e-05	-6.793451438429761e-05
9.99	-5.13986724737123e-07	-1.1256261413189396e-06	0.003223376833596307	3.709950001058576e-07	1.7751737309873568e-06	0.002741753846217938	-6.694274011895097e-05	6.176383264038517e-05	5.4905776007138014e-05	0.0001393392567592999	-3.1406084125899095e-05	-4.1743256128338655e-05
10.0	-1.228358525167026e-06	-3.596801849197639e-07	0.003224099904311894	1.4749360223822447e-06	1.3449393903859675e-06	0.0027416174613131765	-6.84751162983207e-05	8.338975527566758e-05	7.429503321070722e-05	6.0306126130004744e-05	-6.72025397741092e-05	-4.000697321660006e-06
10.01	-1.60798770751062e-06	4.791053162255934e-07	0.003224810004526941	1.7127050576510972e-06	4.998546515607001e-07	0.002741845389026455	4.1021493614815584e-06	7.116282147197056e-05	4.986230645133134e-05	-1.621123731084528e-05	-9.879430449625809e-05	6.601972459607274e-05
10.020000000000001	-1.511448072940253e-06	8.743635705704431e-07	0.0032251599401850886	1.2065223512081815e-06	-4.711209297895943e-07	0.002742730754391952	1.3154893511465413e-05	9.99769008689471e-06	1.8990289006944498e-05	-8.014436718789654e-05	-9.202620726060239e-05	0.0001081136841515767
10.030000000000001	-1.145292413104191e-06	7.673427519614077e-07	0.0032250340294452855	5.167346178560967e-07	-1.3403688304313379e-06	0.0027438185653953905	6.997537403212532e-05	-4.2275983856814416e-05	-2.9268915139548086e-05	-4.139768239270996e-05	-6.962292344958831e-05	8.966672699423368e-05
10.040000000000001	-3.648363967106549e-07	3.0985251630476246e-07	0.0032247981203922436	4.096094163805515e-08	-1.837003759548672e-06	0.002744408560255844	7.603403518130017e-05	-4.543981792633625e-05	-1.2547929751697625e-05	-3.0383751221612128e-05	-3.2283772966143914e-05	1.3589973653367593e-05
10.05	5.021221925209382e-07	1.75153135029083e-07	0.0032251145605738303	-5.806253055276673e-07	-1.8566188448951848e-06	0.002743835148438737	9.900620566204704e-05	1.5895294863195927e-06	4.426188414008883e-05	-6.0182017561012385e-05	2.717957701958142e-05	-0.00011453113346810953
10.06	1.5697669004570962e-06	2.3100917647975782e-07	0.003225366916204194	-9.706438714859653e-07	-1.3645857762118418e-06	0.002742427597303748	8.753700134588953e-05	7.68670456706828e-06	8.254470638670165e-07	-3.202147030198225e-05	7.120501965524333e-05	-0.00012787137410153276
10.07	2.109513372755396e-06	2.8504010757871915e-07	0.0032250869768098646	-1.2267409126045562e-06	-6.434463404166063e-07	0.0027412959435051524	1.5530099801646445e-05	-6.608136504421038e-06	-7.358280590134649e-05	-2.7667873538352314e-05	7.211481909200322e-05	-6.323402233052149e-05
10.08	1.9050161229553265e-06	2.9474571537828765e-07	0.003224520752867124	-1.1038783044391563e-06	-8.153103792386064e-08	0.002741230275418777	-6.345081563418313e-05	5.450693556548821e-06	-6.287240526010194e-05	1.0968279329198619e-05	3.72841335024212e-05	6.135165066196534e-05
10.09	9.845520091261966e-07	5.891195101963776e-07	0.003223865302650836	-8.915470050335794e-07	5.427998582090599e-08	0.0027424932509657416	-0.00014298648920875207	1.6043076576668955e-05	-3.567092064682426e-05	4.920428798068931e-05	-1.3784429187985036e-05	0.00017256857922527514
10.1	-1.921205495113763e-07	7.640601219405996e-07	0.0032239455654883577	-4.0507373103569e-07	-1.2763100731420424e-07	0.0027440620033682647	-0.00011031298992306023	5.912970739033863e-06	6.537102899919819e-05	6.368665349288073e-05	-1.4427330239714897e-05	0.00014449758943723272
10.110000000000001	-1.3481990511387528e-06	4.3110694841281526e-07	0.003225028793955148	9.254612692797049e-08	-1.2727549519480125e-07	0.0027446080783119714	-9.34907863344335e-05	-5.740503433215801e-05	0.0001270815762508289	4.747935116570594e-05	-5.481970763349422e-06	-3.1693804951131934e-06
10.120000000000001	-1.92132526958641e-06	-3.5804376011608637e-07	0.0032260791190618365	6.754279998432155e-07	-3.0695682662798913e-07	0.0027440974114024902	-1.6652247064246105e-05	-8.245693515658772e-05	7.24595734138088e-05	2.5889805479572665e-05	-3.526495142459416e-05	-9.778440345857498e-05
10.13	-1.698619078851915e-06	-8.979588959116405e-07	0.0032261962709672957	6.039513054892196e-07	-5.100900356557323e-07	0.0027429974512236596	5.720467556125932e-05	-2.1260648607583224e-05	-4.929678330241677e-05	-4.0118830247427094e-05	-2.6576190794105544e-06	-0.00010516022947923897
10.14	-6.503064519234228e-07	-7.484432931195551e-07	0.003225458112373756	1.6993071267522028e-07	-3.8710156968801346e-07	0.0027420367023288823	0.00015613083261926055	3.531163689493923e-05	-0.00010281809110905406	-2.4277061022394577e-05	1.6762771526327875e-05	-6.209394051140361e-05
10.15	9.425957963539442e-07	-7.094737832532323e-08	0.0032244642698792646	-3.3215044987086597e-07	-4.518553143417241e-07	0.002741943064426446	0.000131382982918721	7.345971619214193e-05	-0.00014015953202956298	-7.84846941120509e-05	-1.9602886135594525e-05	4.685442684424543e-05
10.16	2.056180017363277e-06	5.042301740061579e-07	0.003223356033590292	-8.440226128746917e-07	-5.487681348378483e-07	0.0027424666363724008	6.196506611785446e-05	4.7769606770391184e-05	-6.551926668818447e-05	-2.993078386122092e-05	-8.812658790364796e-07	4.504931852907498e-05
10.17	2.057384865434472e-06	7.810125892460104e-07	0.003223555253071919	-1.1501940721603943e-06	-7.253849437657522e-07	0.0027428192621404297	-6.17791675659575e-05	9.742818597178545e-06	0.00010360965879537373	-3.632514104352484e-05	-1.9851878949792645e-05	3.0116506367883175e-05
10.18	7.752346981944811e-07	6.942973363587496e-07	0.003224846745043318	-1.404928447661779e-06	-7.500046615090116e-07	0.0027429027436941924	-0.0001810297904781375	-1.6215117356373832e-05	0.00015923716593491615	-1.1556715469243947e-05	1.7597604314481317e-05	-1.398648527968213e-05
10.190000000000001	-8.711749100008161e-07	4.271801797634031e-07	0.003225807299174188	-1.3121210672888327e-06	-4.7062712445257026e-07	0.002742704446026387	-0.00014007420630174214	-3.454313662545337e-05	3.717227406169255e-05	2.6607026915434035e-05	6.476785260941087e-05	-2.5546333732973178e-06
10.200000000000001	-1.8223728414151098e-06	-7.909806271316352e-10	0.0032256656995126452	-9.259449934055803e-07	3.3255013152053107e-07	0.002742889440038071	-4.99922820275011e-05	-3.398142812766693e-05	-6.241473300142222e-05	7.672133528433109e-05	8.164086677210516e-05	2.5124380539289233e-05
10.21	-1.5110991733935583e-06	-4.237715432380069e-07	0.003224801637381315	-2.121951369578565e-07	1.1634194443559516e-06	0.002743172702136377	9.223465227861206e-05	-3.665676260665091e-05	-7.807155214286349e-05	8.769099005062709e-05	5.789175144844933e-05	2.142206181866835e-05
10.22	-3.7468666094055585e-07	-1.0194570374234566e-06	0.0032244310149838287	7.377800768242774e-07	1.383238420163711e-06	0.0027429595825645024	0.00011634678373073698	-7.489587502834669e-05	8.874756099149775e-06	0.00011474357188007128	-7.421975379758494e-06	-2.7976270353368237e-05
10.23	8.13537832258326e-07	-1.5895091783559002e-06	0.003224723866019092	1.6505326792589445e-06	1.1779879389324285e-06	0.0027426999154308105	0.0001167135486372839	-4.4535567345771115e-06	1.0855804569715027e-05	3.755231133341231e-05	-2.002342947197711e-05	-3.875281230379786e-05
10.24	1.6079181559743534e-06	-1.2140818863726514e-06	0.003224881871022166	1.2973405147229958e-06	9.780668449802397e-07	0.0027423382555123357	4.538061321922369e-05	7.670597791183748e-05	3.0353884274055972e-05	-9.48396765169998e-05	-1.9876310574918157e-05	-6.348318026320943e-05
10.25	1.4799721752519283e-06	-5.280187751567224e-07	0.003225090876005959	-7.86309879931839e-08	5.132043340694173e-07	0.0027416413278270354	-5.964323444052837e-05	7.094647810684949e-05	-6.7823085151656025e-06	-0.00015280317531069358	-6.43359485591319e-05	-4.513768855358162e-05
10.26	5.929029596461113e-07	2.1026800713257226e-07	0.003224990347875502	-1.3535603534437672e-06	-1.72856148832388e-07	0.0027418746837029966	-7.730003078624109e-05	7.275069713971296e-05	-2.1781165082651156e-05	-9.881419583564155e-05	-5.1455058607492775e-05	7.742037201722107e-05
10.270000000000001	1.0622087185805812e-07	8.507353868954671e-07	0.0032245446527213225	-1.888136206482324e-06	-4.804507895253748e-07	0.0027429537406041473	-3.7538540243972e-05	5.4725907381891347e-05	-5.664675955750259e-05	-1.6842932985440477e-05	-6.507822823371745e-06	0.00010292998598029721
10.280000000000001	-2.7789939301073375e-07	1.1631249125700492e-06	0.0032241754545782302	-1.475693633835118e-06	-4.1192132714736435e-07	0.00274365840699107	-3.0322758425531852e-05	6.580395506474099e-06	-6.16675113661382e-06	0.00010372855751555372	3.718548382416697e-06	2.719095182744703e-05
10.290000000000001	-2.1687714338637202e-07	1.2373197654049023e-06	0.0032242011590209226	-7.151193678120858e-08	-5.012659337784046e-07	0.0027435401924781333	4.6338122462052044e-05	2.1385167944192732e-05	9.136848398278151e-06	0.0001671121059538912	-1.3687916055456955e-05	-3.7578259495970425e-05
10.3	3.1631820227159604e-07	1.4194367486964201e-06	0.003224540579341347	1.5013597025302344e-06	-5.576144926665869e-07	0.002742956179284402	4.242852453322698e-05	-2.208047004338502e-05	4.886759024255224e-05	0.00014071097157672394	1.2844877892024952e-05	-8.673413085806985e-05
10.31	3.2840577913257564e-07	8.290869602640376e-07	0.0032250790248002413	2.1737291149370454e-06	-2.6931723912169616e-07	0.002742223676516174	-4.418898602946887e-05	-6.914503178266686e-05	2.9164471461084346e-05	2.0414286793303832e-05	2.4700602902690497e-05	-5.008975679657418e-05
10.32	-1.6325118436711542e-07	2.0332179206760736e-08	0.0032250908804254035	2.0806034699040097e-06	-2.1127316989836012e-07	0.0027420998358131383	-6.881864345515417e-05	-9.885947221983382e-05	-1.4298199649181313e-05	-3.49577964917348e-05	1.5934219225221509e-06	3.0122054935812813e-05
10.33	-1.1634257595250038e-06	-1.0954865802883228e-06	0.0032246257096414954	1.5174372426245653e-06	-1.6644881609435347e-07	0.0027425499384071228	-0.00012083629763447671	-0.0001088661815098817	-5.766784611772431e-05	-7.392374998429395e-05	1.3222730679047122e-05	6.673720158820664e-05
10.34	-1.979995664237445e-06	-1.8691206545956202e-06	0.003223997745369826	7.750277823916425e-07	2.402285873577728e-07	0.0027431413702064854	-5.079280894795775e-05	-3.938369743849356e-05	-5.088990955242489e-05	-6.078792067933649e-05	4.976514117102365e-05	4.9122645797782216e-05
10.35	-2.0450352786894312e-06	-1.6456970578207662e-06	0.003223730111025873	2.151015841575271e-07	6.992881566204483e-07	0.0027433134873187824	4.619002008186776e-05	6.37357900671513e-05	7.0407452746880185e-06	-5.7270226729366875e-05	2.866799212943236e-05	-1.6101826670529882e-05
10.360000000000001	-1.138843717988932e-06	-8.143321694490292e-07	0.003224440455353564	-2.039009612570533e-07	9.962240867085674e-07	0.0027428540899491764	0.00011709781258276027	9.68457602600947e-05	0.00010289252496310492	-2.8854202925134638e-05	3.255198956530868e-05	-8.009868875611493e-05
10.370000000000001	-1.1264586180583505e-07	1.7786934272987925e-07	0.0032253483001039	-2.6386913639230054e-07	1.0668881693580231e-06	0.0027420730203018833	0.00010440315990201312	0.00010441236756101296	8.147604605382628e-05	-6.3235865515618504e-06	-1.2248423658426952e-05	-7.323457743418227e-05
10.38	4.342737377042671e-07	1.1043129894288798e-06	0.0032255972950424802	-3.677974376080901e-07	7.700882633750893e-07	0.002741854005102622	1.6083472024109708e-05	9.806518349664094e-05	-4.828325465451447e-06	-3.591309500804559e-05	-4.387916917710566e-05	1.883113504218489e-05
10.39	5.473097530783748e-07	1.508234528634776e-06	0.003225066985950347	-6.8710264601248e-07	-1.4272543749106748e-07	0.002742285967927125	-8.493542585412648e-06	-2.104260384722209e-06	-9.08328346610161e-05	-1.628151161783742e-05	-0.00011477919759770352	8.144917967756911e-05
10.4	3.95761906702457e-07	1.073375122380118e-06	0.00322406196339058	-7.031186977259981e-07	-1.1708248278997712e-06	0.0027432340103273256	-1.6374865036381328e-05	-5.8800208400095527e-05	-0.00010292889662417523	1.2847363897311121e-05	-6.946827750889643e-05	7.954421612957692e-05
10.41	4.250207936144857e-07	5.442963321691538e-07	0.0032233704445934594	-3.834861327162329e-07	-1.6744425088597239e-06	0.0027434290124921847	1.0899835702914317e-05	-5.4771802078227086e-05	-1.634494608246347e-05	5.7901053198137796e-05	-3.9134992052598864e-05	-2.5304419549925255e-05
10.42	2.488970654109877e-07	1.0391579949862392e-07	0.0032237801918178406	2.2063171500204867e-07	-1.7031039693918738e-06	0.0027429252342259037	-3.4659627484462395e-05	-5.5062627427920805e-05	0.00010001049022142995	5.857314667626747e-05	2.5753077080385872e-05	-5.820966521253158e-05
10.43	-2.7971322913561317e-07	-1.419877911059023e-07	0.0032250840234834535	3.748165833792827e-07	-9.703858801501166e-07	0.002742119466382695	-5.6909609785697976e-05	-8.316524848720757e-06	0.00013857223169667733	-1.0852778793919982e-05	0.00010912455985529255	-7.759948986772936e-05
10.440000000000001	-9.14350673621785e-07	-8.37433456212067e-08	0.0032259385729373254	2.2216762358238776e-07	3.842045601529844e-07	0.0027417790534829535	-7.168452811375203e-05	6.651154381887713e-06	8.226899479714299e-06	-7.205808197507761e-06	0.00016102068597021103	2.0895330438873342e-05
10.450000000000001	-1.4683628435476553e-06	8.74276637314544e-08	0.0032253793054165436	1.7505422449322177e-07	1.7880823044970106e-06	0.0027420400336790034	-3.195554742741746e-05	3.456804574292489e-05	-9.53814018617343e-05	-2.4003138096086306e-06	0.00011865356571238498	3.636025866776944e-05
10.46	-1.509513906873847e-06	1.3700639004286925e-07	0.0032243759499385807	1.7122039232165437e-07	2.5374855796097372e-06	0.002742519854905151	6.462458550405457e-05	-2.455518951266176e-05	-6.750231346677747e-05	-1.5543398764555702e-07	2.835973985684872e-05	5.1162035409523264e-05
10.47	-5.911162094687145e-07	-2.7252170144812245e-07	0.0032240857429738637	1.7835411942245746e-07	2.2595629051731085e-06	0.002742934446420337	0.00011486623008667865	-3.962657155081146e-05	-5.9279571080377595e-06	1.0431622322952885e-05	-8.049627043257886e-05	4.118699787605652e-05
10.48	5.300288691540025e-07	-8.552100876046875e-07	0.0032246304572930056	1.0559739596708892e-07	1.17814641088007e-06	0.0027430660370205717	9.658960572291283e-05	-8.485909610582227e-05	0.00010959088432482096	1.9171721159228905e-06	-0.00011777309742293045	-1.1567461092623555e-05
10.49	1.3390259362295814e-06	-1.5293186279227357e-06	0.00322547607615834	2.56327053371184e-07	-1.9639647583075817e-07	0.002742832637149824	4.923374846058872e-05	-3.68028459810993e-05	7.241129988602685e-05	2.7812227398531294e-05	-0.0001368891301522695	-2.5206988895633423e-05
10.5	1.3218215624160084e-06	-1.3095879243234717e-06	0.003225941704157756	3.8394981662188197e-07	-1.4768572874938543e-06	0.002742655472428844	-4.439753277358752e-05	7.444816945281477e-05	1.949543664654798e-05	-3.097275791500455e-05	-9.472718131761129e-05	2.587265744394553e-06
10.51	7.274177988557643e-07	-1.8229114500140364e-07	0.00322557099630086	-5.752930882335788e-08	-2.0733417883857008e-06	0.0027428795338496296	-8.989306221852492e-05	0.00014349935163171423	-7.461958355527009e-05	-4.804354325741866e-05	-3.668632496005505e-05	3.725796165762721e-05
10.520000000000001	-2.3296778624531656e-07	1.1381940399853679e-06	0.0032246971139475	-2.731873019646492e-07	-2.1701489367343905e-06	0.0027432930128921036	-0.00011094392832249162	0.00013542189915561004	-0.00011191182038737715	-2.2003508950695037e-05	1.557266537971793e-05	2.5592853468769725e-05
10.530000000000001	-1.0252515481800211e-06	1.900055269550012e-06	0.0032239345791550455	-5.157121089200622e-07	-1.546064040689979e-06	0.0027430224644348308	-4.6560436853947935e-05	5.483555316410029e-05	-3.584207644206399e-05	-2.777352667029775e-05	0.00010143418357235808	-9.533828395534548e-05
10.540000000000001	-1.0363529888296591e-06	1.8437763049991718e-06	0.0032241469132465246	-6.040908101837218e-07	-6.593357213449216e-07	0.0027421739434044935	2.9631595114082296e-05	-5.348735326936903e-05	6.204791268009851e-05	-7.041920528252496e-06	0.00010257074259342512	-7.554787526341272e-05
10.55	-4.081192130401504e-07	8.633064480744616e-07	0.0032249181296169485	-4.951345768217954e-07	3.0509703924139915e-07	0.0027414106316727515	8.433259131680183e-05	-0.0001356252018868137	5.609700108945091e-05	3.1939198703820244e-05	4.786115526530928e-05	-6.21620509410977e-05
10.56	3.3572672535319896e-07	-5.576632897675945e-07	0.003225191446111252	-1.0248259814055027e-07	7.052435173260422e-07	0.002741354046080318	6.19546112637712e-05	-0.00011991101806086466	1.128570439574955e-05	3.707760073702583e-05	3.59375096552267e-05	3.9879275165168776e-05
10.57	6.077996635801663e-07	-1.7302042256283654e-06	0.0032250488963686164	1.5413883549812452e-07	1.0376808376907343e-06	0.0027422095640610438	3.2892329301666885e-06	-6.906474015108552e-05	-1.7114618879090627e-05	2.650322674547366e-05	2.376061689541265e-05	0.00011516839505497851
10.58	5.546276397450517e-07	-1.8842273757580314e-06	0.0032248165824402724	3.966204943478114e-07	1.1434036912596536e-06	0.0027435043328948574	-2.5542784633488564e-05	6.03243422479064e-05	-1.869959396106402e-05	5.13174818901092e-05	-8.958843882721289e-06	0.00014572782642216506
10.59	1.606531666051008e-08	-8.897454790769681e-07	0.0032246016603524157	6.165233393730635e-07	7.725167671610987e-07	0.0027444663398647003	-6.913776650193544e-05	0.00013806477981313778	-6.361319416567738e-06	-2.440157248084388e-06	-5.213451181867601e-05	3.627938331416382e-05
10.6	-6.327388212925942e-07	6.318667141890774e-07	0.0032249426000253026	1.8342730414015985e-07	1.2821258607655738e-08	0.0027440705770900254	-3.966187674068963e-05	0.00015321950844329697	5.072292703852189e-05	-7.110535620352187e-05	-0.00011778907415332638	-9.606139315123528e-05
10.610000000000001	-1.3828790808000415e-06	1.8603252423576674e-06	0.0032253287061075643	-3.3555873072755193e-07	-1.130267318510994e-06	0.0027425629499674403	-8.809192946617977e-05	8.126337824903112e-05	-2.042355855279523e-05	-1.8102955768457417e-05	-0.0001020743963761045	-0.00017045847844792
10.620000000000001	-1.800234611079545e-06	2.088046750236049e-06	0.0032248217837063955	-1.943471492514132e-07	-1.8600632387050034e-06	0.002741293695066606	4.468976971605016e-06	-3.870547312250987e-05	-6.306921904459122e-05	1.530385525063398e-05	-5.993058131231654e-05	-9.603093377173792e-05
10.63	-1.3133350135714165e-06	1.4687378219255945e-06	0.003223967479148101	-1.5020051299595252e-07	-2.1223961494025695e-06	0.0027407706948010297	8.229725822475498e-05	-9.42737715383561e-05	-9.060813730343563e-05	2.7546408129267456e-06	4.944417641384574e-06	-9.492652343908282e-06
10.64	-4.025194850864468e-08	1.480814085882984e-07	0.0032234690492219343	1.8175618660512732e-07	-1.689809007212324e-06	0.002741444664306001	0.00013476657604865564	-0.00014702734830688996	-2.9165813141529932e-05	3.8201918365782925e-05	6.643091126998222e-05	0.0001172636513384861
10.65	1.1664435519583e-06	-1.3274251139065632e-06	0.0032233869880651197	3.0081087163707306e-07	-8.478781111860732e-07	0.0027427677332016853	8.887211636673232e-05	-0.00013398077756748508	1.4334495813752892e-05	1.0947389528396571e-06	0.00010201688819494376	0.00012636393262923536
10.66	1.7248697246276492e-06	-1.9872700313796696e-06	0.0032240972872333447	-3.085240663218242e-08	3.0335233009488935e-07	0.0027438113953204843	3.2401264063170856e-05	-2.6583181742917072e-06	0.0001197924599309329	-5.6631059279948795e-05	0.0001344926159210011	6.945354058757232e-05
10.67	1.5089091876640383e-06	-1.4117826293632458e-06	0.0032257308542901226	-7.242704106766343e-07	1.6319160661878787e-06	0.0027441327069205484	-5.045028650004635e-05	9.952757591201985e-05	0.00017326096577399244	-8.23508530602177e-05	0.00011466177269777299	2.0037710974890784e-06
10.68	7.520794379488301e-07	-6.454847321083554e-07	0.003226964975787592	-1.2401912273326716e-06	2.3288233643505697e-06	0.0027436428748404593	-7.44255465784289e-05	3.821425649740042e-05	2.8030981872231067e-05	-2.405234343400864e-05	2.539659211556995e-05	-6.737848125786063e-05
10.690000000000001	-1.1102410761863028e-07	-1.5903644203455456e-07	0.0032265164303540783	-1.1208199978088105e-06	2.3713592099805855e-06	0.002743168467916371	-6.962053754701337e-05	2.441247458365174e-05	-0.00013167419490938147	5.310150967740885e-05	-2.1784753560610308e-05	-2.704934394559312e-05
10.700000000000001	-6.820888313345396e-07	4.385034738758727e-08	0.003224937649383235	-6.851222066918836e-07	1.7332031044543578e-06	0.0027430653637563226	-6.98767536087521e-05	2.3642743381514398e-05	-0.00015548486118349962	4.2159362864268066e-05	-9.167063516691317e-05	-4.5851480187727395e-06
10.71	-1.0253740817601609e-06	2.1841815221223132e-07	0.0032235670509762953	-3.957261873702918e-08	6.503201186388934e-07	0.002742807051193607	-3.7815736660660833e-07	1.3930103232571179e-05	-9.677715462857801e-05	5.7053297016459304e-05	-0.0001460917775595637	-4.842768462918778e-05
10.72	-7.077136468109175e-07	2.882113165852177e-07	0.00322320199102261	3.733879135344568e-07	-8.092328912545286e-07	0.0027422786744799197	5.575249112635171e-05	-3.34005243344415e-05	2.3250505448265798e-05	1.7404450948412514e-05	-0.00014384496036874434	-7.741952781765564e-05
10.73	-7.929667977629445e-08	4.964056261962085e-09	0.0032238964890411647	3.9252982857187953e-07	-2.2758768345200525e-06	0.0027418058436391776	5.396111584527289e-05	-1.3757524320237535e-05	0.00010749338223595392	-1.95674981608177e-05	-0.00014079489409599415	-3.22407422645519e-05
10.74	5.504970771005049e-07	1.1420245189621401e-07	0.003224991479871641	2.450665566197536e-07	-3.028776459829513e-06	0.0027421127750909408	5.989312639339015e-05	4.989012135669507e-05	0.00010386642820305144	-1.7315632064451877e-05	-1.9675886031511656e-05	9.066648972154828e-05
10.75	1.0102286036862474e-06	6.602522837601082e-07	0.003225874579326609	1.712241829548687e-08	-2.6323956351047406e-06	0.00274315531907812	-3.3339904929031366e-06	5.6835284145387545e-05	5.2147199502447474e-05	-3.257739151955305e-05	7.039611308562014e-05	0.00011297643516804588
10.76	9.047258587596075e-07	1.1589591288899718e-06	0.003226055064298631	-4.3686616459636115e-07	-1.405205840664401e-06	0.002744276722770125	-2.8652604066382455e-05	4.8806778860113225e-05	-1.7948790246009223e-05	-4.216714785974727e-05	0.00016032990785881389	8.308179937087483e-05
10.770000000000001	3.702135215500781e-07	1.480474015266229e-06	0.0032254686395446408	-6.539320591831244e-07	1.730151380727774e-07	0.0027447165243453114	-8.440285763619528e-05	8.941151295082648e-06	-7.758494868341615e-05	-1.344270751553531e-05	0.00013265826454108038	-2.761361310607005e-05
10.780000000000001	-3.932810494907477e-07	1.3046551764461945e-06	0.0032244648157304058	-5.192401885692275e-07	1.3926962313615384e-06	0.0027440897565423877	-4.3883630505060996e-05	-8.205486165039876e-05	-7.470544152659064e-05	3.822287676636093e-05	8.301170328535234e-05	-8.67842223604182e-05
10.790000000000001	-7.65589921829637e-07	8.502879799341511e-08	0.0032239216146117233	-1.248497190582056e-07	1.8720890163932344e-06	0.0027425507390110553	-8.690975030987745e-06	-0.00016132181696461368	-1.3843195495513952e-05	5.138824389249046e-05	2.6733684785063245e-05	-0.00018198191665267597
10.8	-5.869014977869225e-07	-1.6566955141361146e-06	0.003224116784995363	4.621915034495158e-07	2.0766455397115025e-06	0.0027409261302244374	5.810550381853412e-06	-0.00016444358246630206	5.051818152739474e-05	3.772668955020987e-05	-1.3439088830667007e-05	-0.00011068779746209399
10.81	-7.02097566760194e-07	-3.046856750808076e-06	0.003224518244527376	7.719515202608419e-07	1.8235752153197604e-06	0.002740681986670961	6.6567663689832396e-06	-0.00011048929779896846	2.6542199467337322e-05	-3.488934580291294e-07	-5.941657870195096e-05	6.762839272381776e-05
10.82	-7.907654379584444e-07	-3.459056024375313e-06	0.0032247841699942757	4.659601908856003e-07	8.650957087959435e-07	0.002741817942578374	-1.1840607253023327e-06	2.7520068013014207e-05	1.702735048150616e-05	-3.3587973212641594e-05	-0.0001227122614938636	0.0001182682399447388
10.83	-6.578027932305635e-07	-2.395013517593739e-06	0.00322488883193385	2.564216280106314e-07	-4.667218503263562e-07	0.0027433373538320615	5.380117914659138e-05	0.00016449265804034045	-4.682049886914876e-06	-1.8219719769194685e-05	-0.00012379072740783867	0.00015268520997980333
10.84	-2.00271808932526e-08	-2.2891570829841096e-07	0.0032250696463772465	8.767314099424897e-08	-1.5752994348309307e-06	0.00274442061074959	7.540783039294151e-05	0.00021780397812911799	4.500652705456432e-05	-3.123982800240544e-05	-0.00010398059071075327	6.583967774461846e-05
10.85	4.125504008425046e-07	1.74530871790184e-06	0.003225405686424465	-2.587377047954409e-07	-2.1243833230101277e-06	0.0027444943296514052	2.926330003328933e-05	0.0001711160049954678	4.8815132915747215e-05	-2.5457347474028226e-05	6.696849923828804e-06	-7.351847977906973e-05
10.860000000000001	4.1618271403610987e-07	2.956352263437019e-06	0.0032256410707723255	-3.0486894479716027e-07	-1.7859391983661588e-06	0.0027428781085136714	-1.315101393406591e-05	5.304814898044456e-05	-6.38353547636453e-06	-8.517153498844684e-07	4.221054730643155e-05	-0.00019703945845440474
10.870000000000001	1.406004163962927e-07	2.674004642150142e-06	0.003225120223025182	-6.045796311017511e-07	-1.1707091353697223e-06	0.002741178616628136	-2.3461266357831832e-05	-9.00862365382654e-05	-9.735248835203661e-05	-2.9278103668247316e-05	5.7788621049996006e-05	-0.00011294323521229214
10.88	-1.415236716887191e-07	1.1318034561468706e-06	0.003223951900536737	-8.634418301156271e-07	-5.499181707200973e-07	0.002740517225490727	-2.529790084800953e-05	-0.00017735332901337012	-0.00011911309893795982	-6.214727495540253e-06	7.779184659459471e-05	-2.8203726335145745e-07
10.89	-2.4705239406278525e-10	-8.63002099327554e-07	0.0032232347068795455	-7.790734320057209e-07	2.9998859627930934e-07	0.0027410691578112485	4.408703102203694e-05	-0.00019503453717152852	-1.3160573762065094e-05	1.4945799751116094e-05	9.136951493444994e-05	0.00010724917508541875
10.9	3.841421655661443e-07	-2.665103245292e-06	0.0032233717597012455	-5.002962029758908e-07	1.2274843991015128e-06	0.0027424384881826573	2.7835582885982554e-05	-0.0001188378227287408	5.7201963400570145e-05	2.288848246120051e-05	9.072769496838793e-05	0.0001605616822192279
10.91	4.133241443859581e-07	-3.091450796894096e-06	0.003224650104927697	-1.301102025212754e-07	1.9526861993049424e-06	0.0027441331791519647	-3.797458582251504e-05	1.4321130664432566e-05	0.00017995381670116164	4.466731511361957e-05	5.936967055799297e-05	0.00015135467852344053
10.92	1.2302105360310386e-08	-2.4050407730671187e-06	0.0032264294055872993	1.7914799256982072e-07	2.3339878135791573e-06	0.0027451002343437474	-3.631762439515863e-05	0.00011114165733204192	0.00013449713407842788	1.4647167930435022e-05	3.7360570436355053e-06	6.255623089303143e-06
10.93	-2.673238945385798e-07	-1.0642984895026019e-06	0.0032272754661667293	2.5913149337823206e-07	2.1319637076008244e-06	0.0027442544115177775	-2.244204307887551e-05	0.00015705589524787875	-7.074330463771389e-06	8.83141372371635e-06	-8.184425842470661e-05	-0.00014194358579654504
10.940000000000001	-4.2456680002104944e-07	3.887678675401394e-07	0.003226152028325446	2.3131466890951758e-07	7.633619308637699e-07	0.0027427341243818327	7.0792713923320815e-06	0.00011151184841729491	-0.00020589821726042405	-1.2522943540019365e-05	-0.00017248476476290094	-0.00014839006036716806
10.950000000000001	-1.0548022160174978e-07	1.3762062684648334e-06	0.0032239544013911428	1.290786027992181e-07	-9.899033220565062e-07	0.0027414510020132544	3.996180707747954e-05	6.720842809252945e-05	-0.0002249612674338011	-3.621408713020036e-05	-0.00017691074101958287	-0.00010271237969471254
10.96	3.77501904818415e-07	1.6937341641246155e-06	0.0032221899624032165	-1.840107159752084e-07	-2.2387846971442966e-06	0.002740871155463351	6.793103831480666e-05	-4.47000308721795e-06	-9.478552807557332e-05	-5.329948323134757e-05	-7.087475926778388e-05	-1.8252408710991853e-05
10.97	1.0030839634935944e-06	1.3832899932755506e-06	0.0032221810185121278	-8.080110247672198e-07	-2.247370440366981e-06	0.002741091922783288	4.9755555766384086e-05	-5.395035472736137e-05	8.881489079217008e-05	-7.110599808250056e-05	5.621574283602043e-05	5.046505996026154e-05
10.98	1.4176473310999002e-06	6.86715565352099e-07	0.003223875193482466	-1.2803809001804193e-06	-1.278766175953922e-06	0.0027417662392835384	1.0534109666351368e-05	-5.4070795814870466e-05	0.0002345176867816929	-2.963817467649918e-05	0.00012865318109639523	9.628942295088743e-05
10.99	1.1516283558903832e-06	-5.996947755200962e-08	0.0032258810368759085	-1.1570692296178519e-06	1.3149672227177653e-07	0.002743136806042827	-4.79723073523734e-05	-8.802589866162847e-05	0.00014285987693403584	3.8908225591225294e-05	0.00014036521203998514	0.00014460776587873401
11.0	7.023159246333701e-07	-9.90968494885135e-07	0.0032269292814900404	-7.674271870787367e-07	1.5756517961639403e-06	0.002744455499715386	-3.4980486301233834e-05	-7.308187305674977e-05	4.7585270575549405e-05	3.2764486218708335e-05	0.00012974938234230272	9.251255707678043e-05
11.01	1.9502224343298566e-07	-1.387761174219987e-06	0.003226433787939834	-5.253372429968081e-07	2.879289485430503e-06	0.0027449966106484346	-4.6491612097284e-05	-3.017292516205505e-05	-0.00013138360466394576	1.8111409319946744e-06	0.00011215762793472855	8.058788254751593e-06
11.020000000000001	-3.0776981634586163e-07	-1.4406428973289928e-06	0.003224895407257983	-2.5360320045224233e-07	3.525122901776508e-06	0.002744105398975452	-4.9990494478709254e-05	9.965282179614443e-06	-0.00013732212674352108	4.114809176320169e-05	2.0616484995919806e-05	-0.00015503539520060708
11.030000000000001	-5.584739511227388e-07	-1.0567116579881518e-06	0.003223716037191046	8.966652713431749e-08	3.103200439371054e-06	0.0027423268869916882	2.7125106628768253e-05	4.23733054042721e-05	-8.462005114091006e-05	3.607250092091032e-05	-0.00010546970835797925	-0.00018623670897938784
11.040000000000001	-2.599100971608943e-07	-7.960143115106814e-07	0.0032232398630614462	4.964792672546213e-07	1.703449783918237e-06	0.0027406957813129722	5.2138617645108e-05	3.6423185471908434e-05	-1.464158331427717e-05	5.943857384414494e-05	-0.0001705070751650943	-0.00011224441148576089
11.05	2.4747894772019557e-07	-7.122404498857797e-07	0.0032233593472862066	7.935820658966716e-07	1.6030752269599642e-08	0.002740357994496735	5.009392774353767e-05	1.6202405666792308e-05	2.2613599054323313e-05	-3.7226484894808138e-06	-0.00016977348090872163	5.480077739137756e-05
11.06	6.534011529308647e-07	-4.75720105259526e-07	0.0032237281286296568	7.578477931021701e-07	-1.7230136224720713e-06	0.0027415315606057786	3.284917925200386e-05	2.4661520939954012e-05	6.733248258757617e-05	-4.1207322838490604e-06	-0.00018105632174659459	0.00015095820216534558
11.07	9.613805781295728e-07	-7.412716971935253e-08	0.00322449583886264	5.061227842973717e-07	-3.0544212913534636e-06	0.0027432339247758473	2.112353603573706e-05	4.860587519296121e-05	9.843278405804041e-05	-5.75370287293691e-05	-9.882919370238815e-05	0.00018771764962231032
11.08	8.596746811022136e-07	4.5298903837155427e-07	0.003225720528438729	7.869883238832667e-09	-3.199749042327421e-06	0.0027445583632401856	-3.08952413482523e-05	5.050453481573873e-05	0.00014023589928599005	-3.6639166629279134e-05	6.288120265259212e-05	6.926436916386179e-05
11.09	2.1527094945192532e-07	7.493212366542477e-07	0.003226886595432962	-3.1867043013607415e-07	-2.0937603982280987e-06	0.0027448161988565777	-6.955241678695835e-05	6.271434067251765e-07	6.408079360906317e-05	-2.084431957664907e-05	0.00014160914320921722	-2.9692391972409943e-05
11.1	-4.419617746452396e-07	6.544395107744592e-07	0.0032265597822110173	-4.3001229375425164e-07	-5.468648539714822e-07	0.002744201803013204	-4.591710595317709e-05	-2.1741991565059946e-05	-0.00010348776655102355	1.4309212096501518e-05	0.00013787734184952865	-0.0001002837267342376
11.110000000000001	-8.279160156603863e-07	9.541591442526597e-08	0.003225213079544053	-1.4227822925150501e-08	8.215737928539756e-07	0.00274288869090433	6.605865555526599e-07	-7.622289735898514e-05	-0.00016072746287872533	6.828459491195939e-05	0.00010435129294609047	-0.0001263784420484114
11.120000000000001	-5.578295649347583e-07	-7.703050020024111e-07	0.003223773764384511	6.959754724152393e-07	1.6717499130356096e-06	0.002741593486677368	5.540446981015774e-05	-0.00010185939980296565	-0.00013849577080436107	5.996129606970525e-05	5.136210312468333e-05	-0.0001121584931355668
11.13	-6.22602313246098e-08	-1.5238828625483238e-06	0.0032227990158487357	1.172645611801414e-06	1.7574283247250703e-06	0.0027412098894533535	4.444258862489905e-05	-3.243402358143158e-05	-3.152018052416491e-05	1.842281727827781e-05	-5.022430432214945e-05	2.9577409661528802e-05
11.14	3.482334903821918e-07	-1.5397507442377633e-06	0.0032234429477523948	1.085634065878588e-06	8.618588814997971e-07	0.0027416330509334587	3.2986795279239434e-05	3.9392754284265945e-05	0.0001489084552263295	-2.6836552373567424e-05	-0.00011719694285990011	7.444559939239651e-05
11.15	6.693806032956967e-07	-8.543443903619886e-07	0.0032254206573664036	5.243030088894381e-07	-3.9174456462375233e-07	0.002742519572047152	6.9595451124774794e-06	8.449277177418418e-05	0.00019120632494846316	-5.529097160978562e-05	-0.00010386899072363121	8.960660734249278e-05
11.16	5.816613518968344e-07	-4.3248160973649956e-08	0.0032267231052181557	6.195382850287974e-08	-1.3552022645178087e-06	0.002743399807446258	-1.8435080655867624e-05	7.821866526944327e-05	3.86328905582269e-05	-1.694176859012165e-05	-6.284415535659185e-05	8.429481545501081e-05
11.17	3.743233218666274e-07	8.928911599533217e-07	0.003226495381899485	-1.7405280731247802e-07	-1.784950865181146e-06	0.002743845900222949	-3.003236169179983e-05	8.410327598933768e-05	-7.828381104551662e-05	-1.626679135857429e-05	-1.1516739604040783e-05	1.167586508138807e-05
11.18	-2.565428571606175e-08	1.5622873365464822e-06	0.0032253994330375528	-1.3377583763388905e-08	-1.3884513524647135e-06	0.002743774192349085	-4.325774890770294e-05	5.0667210763236326e-05	-0.00010242539302672576	3.290405152530547e-05	7.582695471324432e-05	-3.3238033621515236e-05
11.190000000000001	-4.3663908924182754e-07	1.3904563531943852e-06	0.0032243148713315016	2.70170321026599e-08	-8.219898192323195e-07	0.0027431497155989888	-2.5492224549133884e-05	-7.64396250656779e-05	-0.00011067088750548571	-4.134415894101256e-06	4.265124182308352e-05	-6.949891043419761e-05
11.200000000000001	-4.880641576320991e-07	2.9307551809931215e-07	0.0032236373573053642	-2.6165099184815288e-08	-2.4272578692875174e-07	0.002742008159989181	6.108707701511313e-06	-0.00012974002633767189	-3.2598470149653836e-05	-2.9725973441532687e-06	5.482539976473367e-05	-0.00014175011415943964
11.21	-4.0815984503923794e-07	-8.339142084316285e-07	0.003223640330508522	-1.3600266834647914e-08	2.225452757953935e-07	0.0027411151491961347	1.7923802883877777e-05	-9.580707941641335e-05	3.113507375766553e-05	6.53015627626675e-06	1.8348335092017354e-05	-1.8533203767283103e-05
11.22	-6.324068636665534e-08	-1.6715218391009588e-06	0.0032240205584505984	-8.112648351326193e-08	6.202426971013016e-07	0.0027411754456646933	6.463055170906397e-05	-6.431191337063656e-05	6.118980965984435e-05	-5.197066258993348e-06	4.4040292334467524e-05	4.908260970551839e-05
11.23	5.59622015776967e-07	-2.023479653131669e-06	0.003224771020272402	1.7678756657008795e-07	7.247220654351142e-07	0.00274204925776513	5.1427871978767255e-05	-2.243335652308157e-05	8.444389643827794e-05	4.000167648774022e-05	-8.737281538644934e-06	0.00012325945759530423
11.24	8.643112197619949e-07	-2.004006418213627e-06	0.003225525285578592	5.607931729054938e-07	5.926226714451183e-07	0.0027433840418380926	1.961986871673359e-05	1.5678249231210388e-05	6.533237837241682e-05	2.1089671597184384e-05	-1.0514337852400803e-05	0.0001535012826761673
11.25	5.816432754736231e-07	-1.768162295008971e-06	0.003226098226474578	4.7564616999114504e-07	4.344752854826298e-07	0.0027444782037580285	-4.493899947775622e-05	5.561057070460208e-05	3.980669926177591e-05	-3.6347843641813875e-05	-2.519173624516648e-05	4.47993676807589e-05
11.26	1.4252823614065408e-07	-9.041891592905086e-07	0.0032261981120485176	-5.343597925272381e-08	2.1845198239212074e-07	0.002744503144876798	-5.995290279959738e-05	9.803264314154008e-05	-3.11046275656873e-05	-6.053188622893807e-05	-3.573035931222097e-05	-4.4969112554442955e-05
11.270000000000001	-6.38779858700611e-07	4.1846623896852315e-08	0.003225569734554134	-5.480979096243923e-07	-1.0584089893531796e-07	0.002743594798325134	-9.444396083000034e-05	8.057303491030094e-05	-9.183006710456498e-05	-5.040364625435132e-05	-4.870032749884652e-05	-0.00011005332334824699
11.280000000000001	-1.2604173633575341e-06	7.791603032735217e-07	0.0032246885483565	-6.490706119763448e-07	-3.3112152059623456e-07	0.002742320912190306	-1.6533380847901934e-05	6.497136351956097e-05	-9.613529268737243e-05	1.7500491331698558e-05	-7.553436797806569e-06	-0.00012787397918574128
11.290000000000001	-8.977995572931582e-07	1.3436764625163607e-06	0.0032236828633463435	-2.1068167154609895e-07	-3.1958528544127093e-07	0.0027413646154725345	7.603072342941253e-05	2.7887746195033222e-05	-6.074038260542812e-05	6.198081150187435e-05	5.865716298713162e-06	-5.328589935847253e-05
11.3	1.3158508622953928e-07	1.4762951052366626e-06	0.0032232528326184913	6.326238441798915e-07	-4.0748666621602414e-07	0.0027413953036552	0.00010040375926054096	-6.6545110811562355e-06	2.1308824787152364e-05	8.03525676043993e-05	3.966198401227069e-06	4.4045893692270784e-05
11.31	9.475626686740505e-07	1.0704405047753444e-06	0.0032237176174711316	1.204699052089143e-06	-2.98715382643314e-07	0.002742093914306267	6.825793145459573e-05	-7.293876955873454e-05	9.595062918044e-05	4.33071269625863e-05	2.492221836513154e-05	7.410358087341559e-05
11.32	1.1388290973034792e-06	1.393102249955021e-07	0.0032248667448415464	1.1401356379682371e-06	1.6472781398530286e-08	0.0027429585281789123	-2.092093065396065e-05	-8.78818148393124e-05	9.775002361213177e-05	-2.4157914918732436e-05	1.7781182245352084e-05	8.951322370939989e-05
11.33	8.831319609469049e-07	-8.199052552228804e-07	0.0032256768602646545	4.816231635446628e-07	2.0726337692891777e-07	0.0027437069185885085	-4.5460778681890054e-05	-8.760440163259076e-05	4.0153507314346985e-05	-8.657389948389266e-05	2.1549342581819205e-05	8.203916854382867e-05
11.34	2.577356567503488e-07	-1.4309161544972739e-06	0.003225493536610109	-5.220359141643615e-07	6.404657266082846e-07	0.0027440252050438528	-5.798205516348217e-05	-3.103397569062573e-05	-7.81540566367701e-05	-8.122059560368304e-05	7.175514256988528e-05	-1.0104618035621085e-05
11.350000000000001	-2.9437741509756423e-07	-1.4054571797657992e-06	0.003224709636493661	-1.1061757300727006e-06	1.0368958449409462e-06	0.0027435316233868673	-6.197135218337425e-05	2.0333108703768568e-05	-7.411654253761307e-05	-5.258626677247035e-05	1.299965765326677e-05	-7.727824433100748e-05
11.360000000000001	-7.282962247048203e-07	-9.747710048004292e-07	0.003224227063767528	-1.1973025318179928e-06	1.210795701979389e-06	0.002742419843936776	-1.345825615882878e-05	6.497981546666943e-05	-1.2404695887041823e-05	1.9208471247547786e-05	2.6041118477217932e-05	-0.00011918705969771855
11.370000000000001	-5.729244391295805e-07	-9.216158975292423e-08	0.0032244456897294127	-8.164340190843626e-07	1.2113761360201945e-06	0.00274155450793324	3.515098527619583e-05	8.451499946671735e-05	3.2234878732000207e-05	4.5858590823116546e-05	-4.546912557091834e-05	-4.1284252709596494e-05
11.38	-1.0068584755807695e-07	4.64086222198917e-07	0.0032248330857404125	-3.4050622651269204e-07	3.6023387821998677e-07	0.002741530701369279	5.10155321487539e-05	4.194934596529194e-05	4.34501825613256e-05	4.4873696287195485e-05	-0.0001180468371157551	4.8823489421778986e-05
11.39	1.7151197130023245e-07	8.043849996847418e-07	0.0032248522622997456	8.668002039986602e-08	-7.056946499528575e-07	0.0027423121594226493	-1.5038778377137397e-06	3.0342080785467453e-06	-2.0163598057792122e-05	2.409084457097878e-05	-9.842606907531044e-05	0.00010437340347884369
11.4	1.458905408618348e-07	6.664719544659963e-07	0.0032246744035980784	2.7759221904998256e-07	-1.304580607884867e-06	0.0027435827263217285	-1.4312942383464712e-05	-2.430456175447181e-05	-5.905816720742944e-07	1.2608237603263515e-06	-2.203722990446619e-05	0.00014683391647982012
11.41	-3.604637660471842e-09	5.807391927901185e-07	0.003224829416065968	4.5084747184934283e-07	-1.3407058999559688e-06	0.002744577255490981	-1.4084974468506266e-05	-3.5607173480114873e-06	3.763962994567808e-05	3.7390771221890596e-05	3.4873418720420705e-05	5.136575796951728e-05
11.42	-1.7332917325149665e-07	4.025269513483011e-07	0.0032254597528086656	8.053802318252451e-07	-6.948719979987631e-07	0.002744549299525893	-6.577545002240997e-06	-3.1932342840902164e-05	5.115161000458088e-05	9.162580648524577e-06	9.817356977940519e-05	-7.243539866703956e-05
11.43	-2.8130666855774516e-07	1.4908286079407121e-07	0.003225817544272915	6.227140054242149e-07	2.052043654222467e-07	0.0027434154210307245	-1.6232527784194787e-06	-4.7122226327490366e-05	3.364679486460784e-06	-3.5254209502281454e-05	0.00010264933392805133	-0.00010643938820066251
11.440000000000001	-5.6432425123116184e-08	-1.805448697599724e-07	0.0032254986247979883	-3.085998618327067e-08	1.0204138573188242e-06	0.0027422540954134197	2.6697687319564875e-05	-3.6312321113489654e-05	-5.061577365691895e-05	-6.894444898652002e-05	5.047226592562475e-05	-7.937704441546387e-05
11.450000000000001	3.0084149181075023e-07	-5.408066455225089e-07	0.003224574865773201	-5.490707963031634e-07	1.1332832567227995e-06	0.0027415600476377025	2.6617102773293354e-05	-3.71869485702873e-05	-0.00011912975560365445	-3.285713182014081e-05	-1.5887582998010394e-05	-4.738149363415402e-05
11.46	5.014900703829941e-07	-5.623527716589269e-07	0.003223603063486128	-7.08303736130662e-07	8.550104280280067e-07	0.002741452084956799	8.091220021708278e-06	-6.0913551430251995e-06	-6.348479197065761e-05	1.5921695823775918e-07	-5.052437177833423e-05	3.192241168849976e-05
11.47	7.808822113569525e-07	-4.889459158591987e-07	0.0032234419161134243	-4.682413540127685e-07	1.473828478780357e-07	0.0027423787346941347	5.143212585372334e-05	1.2898938323302606e-05	4.874172459260025e-05	3.577893403729305e-05	-7.378486538245279e-05	0.00014077225448206395
11.48	1.1874915755236456e-06	-3.790246908502775e-07	0.0032244193085898838	8.38563038068105e-08	-5.63419967905881e-07	0.0027436680996819622	7.3545130851429686e-06	2.0654256031040775e-05	0.00013976134722491537	3.654714440913059e-05	-6.357070444245661e-05	8.230558552320076e-05
11.49	1.0288319106066955e-06	-1.0710598146135685e-07	0.0032259582390160705	4.881361706865736e-07	-1.008563943225916e-06	0.0027442174410778814	-4.417269334671543e-05	3.6567809296618114e-05	0.00016882350790363434	2.067394112853981e-05	-2.182400355781287e-05	2.8128163918313214e-05
11.5	6.392230183995055e-07	2.67369092798192e-07	0.0032270432830320234	6.366809354634136e-07	-9.797248848718027e-07	0.0027442386529459364	-4.135422082167183e-05	5.293212084259894e-05	3.4898432190339076e-05	-1.17139042479098e-05	8.103137508971564e-06	-2.6980577991525087e-05
11.51	2.1872552798850214e-07	7.202498738538555e-07	0.0032264306231803365	4.1825617331956295e-07	-6.070607143231696e-07	0.0027435146194899327	-4.862263363582102e-05	3.192430482591037e-05	-0.00015656679125819492	-3.4240233932195315e-05	6.873769075796317e-05	-0.00010074344333213207
11.520000000000001	-3.037876546047855e-07	9.013962982100247e-07	0.003224376624846393	2.32743178103055e-07	4.110678903735562e-07	0.0027424044992221015	-6.370933687189736e-05	6.318797915840972e-06	-0.00022553853217866047	-3.427091736075983e-05	0.00011460640206149925	-0.00011177543121484139
11.530000000000001	-8.271307945598411e-07	7.924926868058162e-07	0.0032225460097898223	3.8069069286020216e-08	1.230161867310463e-06	0.0027415349668249234	-3.759336207805801e-05	-3.847338112167685e-05	-0.00010924737038792737	-2.2565705184741437e-05	5.690343100191956e-05	-8.676594370552452e-05
11.540000000000001	-1.1033727368089888e-06	4.482157293826697e-07	0.0032223677752873728	-1.7997241657948697e-07	1.4872812072905783e-06	0.002740819255859584	-1.1748960423064927e-05	-2.756851676873051e-05	5.823528093686768e-05	-3.8402074370435e-05	1.1805853351734551e-05	-4.9255949270827954e-05
11.55	-7.608936803618041e-07	4.0889762745740474e-08	0.003223719662313239	-4.4413697359762874e-07	1.283805567310521e-06	0.0027410431877797946	5.7095308283393484e-05	-4.946244148121901e-05	0.0001865904332273726	-2.6893495166323355e-05	-3.205285057661201e-05	6.594279328475875e-05
11.56	7.1454942998816e-08	-2.2988302399131654e-07	0.0032255210048712955	-3.1350240251440504e-07	6.373612721034605e-07	0.002742151052938872	0.00011357227881185476	3.048819021312023e-06	0.0001438007566089791	1.6044907507445135e-05	-8.010255146723718e-05	0.0001443131598130486
11.57	1.0858840007908268e-06	-2.7535527387108826e-07	0.0032267153813640465	3.350337720926817e-08	-2.543149610731542e-07	0.0027436766397156286	9.478517988694975e-05	1.3124905548574025e-05	7.536388849279196e-05	4.460792995806856e-05	-0.00010642301526597375	0.00014085882848216904
11.58	1.608257618521307e-06	-1.427190885001441e-07	0.0032265631744277596	3.260318275997547e-07	-1.0803917339051426e-06	0.0027446960486819153	5.179949046371076e-06	5.250193474596975e-06	-8.149802271893818e-05	3.2289472070021645e-05	-6.768910420432302e-05	3.530524271529897e-05
11.59	1.4377933737069862e-06	-7.231689211033817e-08	0.0032254011673049547	3.8135478605273644e-07	-1.3475946138516487e-06	0.0027446052435466553	-5.690993276022616e-05	-4.173317914533001e-06	-0.00014135881716812682	-2.4053726855468888e-05	-2.7133160413880258e-06	-7.211949403473667e-05
11.600000000000001	7.247807704378279e-07	2.4038653487940874e-07	0.0032241831802147266	2.3599464602072182e-07	-1.3485073248427224e-06	0.0027434492088096707	-7.451888051459461e-05	5.662494286584452e-05	-9.347201522678269e-05	1.3948515250927959e-05	1.0639178151789415e-05	-0.0001254570506917683
11.610000000000001	-2.9301501828043614e-07	7.18076395144729e-07	0.0032237938036817787	3.572830687847207e-07	-1.3980447581072229e-06	0.0027420155927579026	-9.928786557552567e-05	5.476098354006318e-05	1.248806815381655e-06	2.2474355027001845e-05	-1.0645200536655843e-05	-0.0001447654518675835
11.620000000000001	-1.0156369097583999e-06	1.1982136258033042e-06	0.0032240535355763846	5.27075826899839e-07	-1.4623358273516383e-06	0.002740810251149717	-5.795201883766222e-05	1.955100166700646e-05	2.821157436559909e-05	1.631019397287621e-05	-6.465706664032025e-06	-5.951201736522219e-05
11.63	-1.5196614952333807e-06	1.4105290840561256e-06	0.0032243531793406674	6.35368961254787e-07	-1.1798858957715419e-06	0.0027407234749968266	-2.2523540730887927e-05	-7.002089956263885e-06	3.042927054207753e-05	1.435303006323636e-05	4.242730891139077e-05	5.8232026985419434e-05
11.64	-1.3962482175749547e-06	8.722876655099683e-07	0.003224575739999467	8.723322146362407e-07	-7.236957578701709e-07	0.0027418332462685723	3.709676717874571e-05	-0.0001049479250730943	2.2610009265388026e-05	6.244819173370913e-06	5.838134206804546e-05	0.00014895096604008754
11.65	-8.973961376804458e-07	-2.920384897139151e-07	0.0032248800651583404	6.809981905821591e-07	-2.4860992592200616e-07	0.0027435262934201376	6.802938127375363e-05	-0.00013567292448416398	5.329377144535351e-05	-2.3820110162923575e-05	5.824311229096834e-05	0.00013651359646617636
11.66	-1.6660774482098735e-07	-1.3548026466687998e-06	0.00322526707040727	4.99479767607889e-07	3.2036782735159364e-07	0.002744425960322139	6.616731077826299e-05	-8.379526306242827e-05	2.1823910464270485e-05	-3.1146472910450935e-05	4.4096587843358286e-05	3.7098568322286336e-05
11.67	5.053376946984121e-07	-1.8405326232604144e-06	0.0032255244791629997	-1.2859810485503127e-07	7.993029940234217e-07	0.002744114706931623	5.8016565668297124e-05	-1.8767954398952503e-05	2.8106677258883183e-05	-8.857320230713577e-05	5.8072428201922605e-05	-8.17170941651945e-05
11.68	9.83876012906598e-07	-1.7374248259220123e-06	0.0032257868961570305	-9.66925792730871e-07	1.0480704923976297e-06	0.0027429369667516805	4.3602435805779004e-05	6.0849281026178856e-05	6.496891416828141e-06	-7.253740449112395e-05	1.5493964563511954e-05	-0.00012432722704841802
11.690000000000001	1.4001047849387034e-06	-8.069681742530137e-07	0.003225515937571191	-1.621260728158543e-06	1.1686486264794845e-06	0.0027417531555986602	2.851770385007364e-05	0.00010021502761419701	-8.309925958507248e-05	-6.0041739900379846e-05	-1.461500049449076e-05	-9.394949208981097e-05
11.700000000000001	1.4458401084261226e-06	-9.6350519924026e-09	0.0032244376159123313	-1.757927726612071e-06	6.943932689484304e-07	0.0027410210112460173	-3.908911887151357e-05	6.47586947529506e-05	-0.0001185944721663609	3.223448029686769e-05	-6.586966607799134e-05	-3.3080580481932746e-05
11.71	6.855047937486425e-07	4.769301121583309e-07	0.003223362537481451	-1.165470211789834e-06	-2.31978715715619e-08	0.0027415605971842557	-9.148303170191631e-05	1.583992922342501e-05	-7.334400368188639e-05	9.485191446969046e-05	-7.225565628462025e-05	0.00011760707450765592
11.72	-2.2991285663437157e-07	4.144067107770412e-07	0.0032233276162525015	8.481537702926707e-08	-6.437946930893191e-07	0.0027428619771403626	-0.00010139708752558042	-2.025228286647726e-05	8.164247986617382e-05	0.00011865724353386466	-4.445674671810144e-05	0.00010522189799684198
11.73	-1.288817632870803e-06	1.0157583375737995e-07	0.003224649924655805	9.673918101188925e-07	-1.0171013478386351e-06	0.00274359987541266	-8.798509087956604e-05	-2.4756222179250853e-05	0.00015890184592565697	3.960482381203751e-05	-2.293033113539135e-05	4.4016008827147685e-05
11.74	-1.5536828085603978e-06	1.393818448040724e-07	0.00322613688519891	1.488074601742475e-06	-9.276505566726657e-07	0.0027435735267627016	1.8955183658751382e-05	1.641958145139895e-05	0.00012685050102280833	3.9361366605833145e-05	5.218420667286088e-05	-1.9293860208001397e-05
11.75	-1.177610972892407e-06	9.405926143529168e-08	0.003226719247254455	1.6940639281309414e-06	-2.6427815554518737e-07	0.00274296646861769	5.066274868416245e-05	-2.9497017279428336e-06	-1.3817596041548803e-05	-1.4302652565314993e-05	7.983144693328094e-05	-7.022413103561714e-05
11.76	-5.369800424876327e-07	-6.148337687812084e-09	0.003225867043559146	1.151704694966559e-06	3.641019982949532e-07	0.002742547935521095	6.0795190401536825e-05	-4.073560155026945e-05	-0.00013757183631575863	-8.19121230983237e-05	6.999548528219968e-05	1.5337128375636167e-07
11.770000000000001	1.7333529374068752e-07	-2.7119958448998343e-07	0.0032243406190881558	6.085008461949302e-08	8.855867910237942e-07	0.0027429988357127086	9.193070744918748e-05	-3.6952489584724244e-05	-0.00015038357970438996	-0.0001307372662867825	2.289684742412751e-05	7.39699380243835e-05
11.780000000000001	9.940084618475183e-07	-6.910030161136612e-07	0.003223462003690991	-1.2539937708169303e-06	9.66602447629792e-07	0.0027435545296222172	7.30887865241988e-05	-3.453152513923555e-05	-1.4612817624724685e-05	-0.000134460668389569	8.554795261236624e-06	2.960012584123437e-05
11.790000000000001	1.7439022369620003e-06	-9.114174225328697e-07	0.0032240888344990935	-2.1820542797069647e-06	1.0896240623153283e-06	0.0027434721762555334	7.182006337693223e-05	1.654706344417615e-09	0.00013261584448987686	-3.553436292215708e-05	2.5246397701334872e-05	-4.4293635157112246e-05
11.8	2.2724114142038806e-06	-7.767363384375792e-07	0.003225705381319899	-2.173856735193579e-06	1.429730047455655e-06	0.002742777913801871	-1.1200343590483143e-05	1.5837667937035577e-05	0.0001521971196148651	1.3275346408484441e-05	3.0094351467697848e-05	-8.669654360456005e-05
11.81	1.8445024886520862e-06	-4.726161814172088e-07	0.0032267465813163292	-1.5859852739160259e-06	1.5177188500429228e-06	0.0027422383668731422	-6.649616406057037e-05	3.8694570947762e-05	2.0903681141586547e-05	8.575400367424065e-05	-2.68369735004989e-05	-7.048375783123167e-06
11.82	9.687505810701137e-07	1.1722211283050402e-07	0.003226229753430012	-5.682715795816595e-07	9.365973840080085e-07	0.0027425788889222993	-0.00010353766612016658	7.095745337847213e-05	-0.00011400111256194522	0.00010874059767123728	-7.751797147182786e-05	5.513574886525941e-05
11.83	-4.311380892704931e-08	6.526102863987427e-07	0.0032245112747868723	5.339447714680616e-07	-6.064537646634721e-08	0.0027429806698265648	-0.00011173163641628398	1.7755912029017597e-05	-0.00019626632125591568	0.0001245870073150579	-0.00011317853257904375	4.376766950181357e-05
11.84	-9.91329723322119e-07	4.5438750500424256e-07	0.003222837391180141	1.3632619396910195e-06	-1.1137336690950982e-06	0.0027432689828830745	-9.209808701156912e-05	-4.430751697550501e-05	-9.042846696103075e-05	3.969388954356933e-05	-9.028667533300617e-05	-5.329884525724263e-06
11.850000000000001	-1.6467075578532383e-06	-6.550897029959693e-08	0.0032230143049327945	1.5187210321182725e-06	-1.745047810063365e-06	0.002742515136704787	-3.08147065575143e-05	-3.205616426097952e-05	0.00010983156945362198	1.1510760607065714e-06	-2.5254662136701638e-05	-0.00013964145911581728
11.860000000000001	-1.7977214492549929e-06	-5.183878941715745e-07	0.003224683527007922	8.544538519053206e-07	-1.7515998486030563e-06	0.0027413705409990974	1.4875743268792043e-05	-2.642316573572805e-05	0.00020859969834905354	-9.641364538117297e-05	2.128672002544562e-05	-8.020459924104302e-05
11.870000000000001	-1.428153286249594e-06	-4.3633874177118897e-07	0.0032265164205490526	-3.378260103613446e-07	-1.379849553105597e-06	0.0027412762559146414	5.760670217668105e-05	3.216836021194992e-05	0.00013992005014246286	-0.0001189884500389745	6.351037304825564e-05	5.946490785577527e-05
11.88	-4.836311214541666e-07	1.7146643107377645e-08	0.0032267848465590454	-1.260154121367971e-06	-3.731695790869083e-07	0.0027425508238811923	0.00013271096611904316	3.793513311994855e-05	-9.471244003539301e-05	-6.078522603408522e-05	0.00010867765598924008	0.0002124227860163083
11.89	6.509428075534907e-07	3.8066219717139764e-07	0.003225173605378121	-1.5233328430051115e-06	6.350503377894881e-07	0.002744684641132802	9.138789600806223e-05	2.9984495808691313e-05	-0.00020380178584463143	-1.986711620975569e-05	0.00010690228885708098	0.00017113416556991214
11.9	1.4544224582866492e-06	3.109796099711021e-07	0.003223781087121811	-1.4028843291479612e-06	1.4030766574725521e-06	0.002745446124644374	8.362864722786491e-05	-3.901877155936956e-05	-5.992551124647276e-05	4.390285399742201e-05	2.661402916187349e-05	-1.690442261832405e-05
11.91	2.2513128457744865e-06	-1.5725849371009867e-07	0.003223672778208709	-6.151770001000171e-07	1.1637633605155956e-06	0.002744244058556842	4.095758316914413e-05	-5.8158701896368726e-05	3.152047452171271e-05	0.00010517521794278808	-6.999004174631242e-05	-0.00023054834694525035
11.92	2.3448311404207347e-06	-5.966312352756401e-07	0.0032241971010627413	3.4985979238452926e-07	1.6479738948198589e-07	0.0027415006883814074	-3.1970422706004985e-05	-3.762540145544776e-05	6.808032144546469e-05	9.81594924317373e-05	-9.875259662096787e-05	-0.00027520100536002274
11.93	1.5812531957024416e-06	-1.009973417253756e-06	0.0032246582650107733	1.2897278950372552e-06	-7.110041757900212e-07	0.002739663708657153	-0.0001290946979812823	-2.935749407630201e-05	1.4739393775946175e-05	5.8832779553034485e-05	-5.981070009193949e-05	-5.654852089014085e-05
11.940000000000001	-2.18192641417203e-08	-1.008942774969926e-06	0.0032245393551212104	1.582413188175167e-06	-1.2654532037247734e-06	0.0027401519968608032	-0.00018752764057291147	4.116794009566437e-05	-4.468017933149415e-05	-3.874054239676553e-06	-4.8869156355540795e-05	0.0001636369437570483
11.950000000000001	-2.023926657045457e-06	-4.0599217424669093e-07	0.0032240578234739095	1.1429917919411077e-06	-1.642799543469748e-06	0.0027423985176873787	-0.00018257773853101261	7.913225460341723e-05	-6.269930989658256e-05	-6.14602392819648e-05	-3.8344030329597765e-05	0.000255938182612915
11.96	-3.476377214345608e-06	2.70350822772801e-07	0.0032238720007563425	4.7447804200580296e-07	-1.388208046089658e-06	0.0027446219495206293	-8.270211969538466e-05	4.993669663053262e-05	4.167841077643745e-05	-3.750772896321881e-05	7.183953455391647e-05	0.00015089150278166805
11.97	-3.5750224565192793e-06	5.289175250187954e-07	0.0032247670069918805	-1.5464457122223796e-07	-5.056719599739742e-07	0.0027452105954120266	6.124969369771298e-05	4.94582663470621e-06	0.0001232093359561818	-7.972695520322002e-05	0.00010888455526902394	-5.3672472044898996e-05
11.98	-2.2670972699486943e-06	2.9780901579289395e-07	0.003226049758212937	-8.611342415169838e-07	6.425623182090797e-07	0.0027439585803537346	0.00019327777687059175	-2.9024703480525886e-05	0.00011555912011463416	-3.728607976006507e-05	0.00010624199709535062	-0.00014521316330749212
11.99	-1.2521580156691983e-07	-1.6407377223715462e-07	0.003226611084078326	-9.06212927661519e-07	1.3990764042215635e-06	0.0027425845778287165	0.00021838349239932216	-5.5232264005992824e-05	-1.6827607576816637e-05	3.338394041869498e-05	3.2535449441363974e-05	-0.0001119644342377982
12.0	1.8055498753758974e-06	-6.596327894146376e-07	0.0032256842511119415	-4.430434137536698e-07	1.6022655306079522e-06	0.0027418774851685084	0.00016458694054199925	-5.713763487983447e-05	-0.0001747205528313183	4.6824245508525426e-05	8.363365518603809e-06	-3.221600282681989e-05
12.01	2.96940068251177e-06	-1.1072901909471408e-06	0.0032237657250119255	1.7250997234979018e-07	1.4420870595533396e-06	0.00274225851605829	7.023982242241397e-05	-1.5064488525642059e-05	-0.00020233839992680046	6.46203168843722e-05	-3.892552742824563e-05	8.245585851350773e-05
12.020000000000001	3.044829645454451e-06	-1.1063594439153858e-06	0.0032224147922647705	5.844610829866503e-07	1.0636296978104582e-06	0.0027429129997320802	-6.595391229550148e-05	2.1259276524695778e-05	-4.746904315184803e-05	3.677359976517422e-06	-3.2718599134362776e-05	3.331260436722235e-05
12.030000000000001	1.8277232519637353e-06	-6.519758893348208e-07	0.0032228734075880508	2.4587123790152957e-07	3.8407825764316785e-07	0.0027430829763551304	-0.00019829047967651403	7.626284301332805e-05	0.00010705596873179823	-7.607874895460226e-05	-8.798709608053427e-05	-4.174276829309508e-06
12.040000000000001	-3.397403937625483e-07	1.1100424263409876e-07	0.0032244065982571933	-6.170708259749657e-07	-3.493500898301753e-07	0.0027428985622270107	-0.00019456996344897925	7.248721161473799e-05	0.00018045405473581959	-5.3176978442692746e-05	-6.60484226881342e-05	-3.06237407263075e-05
12.05	-2.019871131602902e-06	6.973269789546021e-07	0.0032260806758352962	-9.745616713930785e-07	-8.445301486147095e-07	0.0027424491094864938	-0.00012229427707129338	3.3489528390739316e-05	0.00013318231408574385	-3.3439511493492956e-05	-2.2425487109598042e-05	-3.290596176816247e-05
12.06	-2.896147241395409e-06	9.616502488499177e-07	0.003226688356352109	-1.0262345638637647e-06	-9.793413330312155e-07	0.002742448555982069	-3.175948260911144e-05	3.990771245920314e-05	-2.8541477700326036e-05	2.672822325381349e-05	6.508444430843635e-06	3.219291723766511e-05
12.07	-2.4761470527249496e-06	1.1206750086936508e-06	0.0032255037226021745	-2.1161671873345477e-07	-5.854043725350114e-07	0.002742738121156637	0.00011311679756595621	1.2105953851698446e-05	-0.00017511084220349924	0.000142881384773631	5.750519011048185e-05	5.257896640635897e-05
12.08	-9.68883376966583e-07	8.013197999175307e-07	0.0032237563934062008	1.169270428633752e-06	-5.110657531010967e-08	0.0027434799828898533	0.00017214796171502857	-5.219069865336679e-05	-0.0001400968349192967	0.000114445772342657	7.703548085579896e-05	7.339482684080689e-05
12.09	6.763560182091376e-07	7.95625830461596e-08	0.0032230582600365886	2.24168740212185e-06	4.83539623782516e-07	0.0027437556951363934	0.00013343906836529312	-7.586809863390763e-05	-3.909223554344203e-06	6.296567999135258e-05	4.5086185497944745e-05	-2.524175450830616e-05
12.100000000000001	1.6342813102910224e-06	-6.454246081254978e-07	0.003223947423814409	2.2039053742160133e-06	8.541841041814615e-07	0.002742766082215293	4.2654096779250373e-05	-5.124163295772405e-05	0.00016202372888744762	-6.245026726695626e-05	2.2424361002658713e-05	-0.00013623742118640755
12.110000000000001	1.4447217756103004e-06	-1.0262023063124179e-06	0.003225478421646629	1.226983368553425e-06	6.275057028878952e-07	0.0027413953632758397	-7.663126619308828e-05	-3.098163725729387e-05	0.00012318855638262133	-0.00014026292663567655	-5.6035668606997066e-05	-0.00011090465365139476
12.120000000000001	4.693402728318572e-07	-1.0517358264493675e-06	0.0032258618531098536	-2.1367444815329067e-07	1.9717070719939074e-07	0.0027409536808721074	-0.0001091494864545099	2.7885777566310928e-05	-6.223263888986497e-05	-0.00013523545757611064	-2.663030568357982e-05	3.0315211561909786e-05
12.13	-5.717109238024599e-07	-1.0148777877633194e-06	0.0032247416523869276	-1.4444580327010529e-06	-6.356668250585227e-08	0.002741841743287098	-8.862896182658719e-05	-1.735023691508129e-05	-0.0001496398125830969	-9.186769837932217e-05	-3.595150323028945e-05	0.00014405433157507546
12.14	-1.1791769296123779e-06	-1.1715694331236555e-06	0.0032233380037497788	-2.0012905359712837e-06	-2.772334184829047e-07	0.002743291299736873	-2.2535549829745146e-05	1.8747859965977415e-05	-9.454963706830015e-05	-1.2340003955506928e-05	-9.608862101078052e-06	0.00010796408761756115
12.15	-1.1816440056585869e-06	-9.185736548444569e-07	0.0032234194986189776	-1.7265702951044858e-06	-3.9762900252111174e-07	0.002744046768080924	2.8712345983981704e-05	1.762328479479397e-05	9.186836516768985e-05	5.988571440674679e-05	-1.257195562421025e-05	1.166048969237404e-05
12.16	-6.203637061609683e-07	-5.713077699779854e-07	0.003224747882315437	-6.610582293038218e-07	-1.8887910250251186e-07	0.002743779508694289	6.381636472340156e-05	7.059121580711234e-05	0.00016232587952730738	0.00013400763813229354	4.161860513713981e-05	-4.811071513520131e-05
12.17	1.3838843909293086e-07	9.557047152341087e-08	0.0032261804468171162	7.605204409350219e-07	5.051013767176279e-07	0.0027430313047268145	8.598634620129489e-05	8.172683121573239e-05	9.196122560005861e-05	0.0001613406231287161	8.362080882562815e-05	-7.479589201300528e-05
12.18	9.262799261669401e-07	7.236389103238753e-07	0.0032265410268069194	2.0916822688793916e-06	1.0430508331676093e-06	0.0027426884997627907	6.360616229006247e-05	4.256432363696622e-05	-2.3886343534573118e-05	0.00010130981869713414	1.6537036409624387e-05	-2.1625104802868036e-07
12.190000000000001	1.1332680748779253e-06	1.0436635563771008e-06	0.0032257171268106097	2.7788296254251493e-06	8.077644764859098e-07	0.0027427603914584008	-2.315397905457613e-05	2.946723967731814e-06	-0.00011211290537033846	1.847924689507133e-05	-5.096276025049137e-05	3.314998480529761e-05
12.200000000000001	6.538510415691297e-07	9.507802500700844e-07	0.0032245868944699154	2.4362899074746914e-06	1.8984194664446833e-07	0.002743160586792543	-8.29909753443052e-05	-3.443665229775238e-05	-0.00012331506422854057	-9.617421295048426e-05	-5.646161777663737e-05	3.216793199415639e-05
12.21	-2.77790786771708e-07	4.7045241202878556e-07	0.0032234744829280995	1.001751639008163e-06	-2.426474247595819e-07	0.0027431156015442857	-7.795910364030653e-05	-4.8960016811281044e-05	-6.621588259548995e-05	-0.00017680087244908822	-5.3383312523617744e-05	-3.485864835121709e-05
12.22	-8.710359225747224e-07	-6.244437474407799e-09	0.0032233763305252097	-9.21394267780907e-07	-5.954200068435174e-07	0.002742752229055468	-2.954116337934837e-05	-3.734909330257112e-05	5.9551001364061214e-05	-0.0001977178142967858	-2.4356931664328193e-05	-5.73387314025674e-05
12.23	-7.547366840899614e-07	-4.5197318758814697e-07	0.003224473364492661	-2.510983382202373e-06	-7.745137918650543e-07	0.0027422239915349924	7.640568981775428e-05	-5.249752604120749e-05	0.00011392275051399004	-8.671860398840002e-05	1.9280964650115514e-06	-6.73571496624193e-05
12.24	3.5812197715324065e-07	-9.157399343424593e-07	0.0032255811211696767	-3.0451167702490674e-06	-7.616039602772876e-07	0.0027418376040392366	0.00013161130692774582	-1.987919982502875e-05	8.667856593536159e-05	2.528299595126026e-06	7.523803959255514e-06	4.917725159767447e-06
12.25	1.6837345113056563e-06	-1.1048396260631649e-06	0.0032260751757935235	-2.6827355762643595e-06	-4.3219946294551993e-07	0.002742388961209011	0.0001051255549964851	-9.148844709273687e-06	-1.4461380950374203e-05	8.660729020170267e-05	7.520714561679412e-05	0.00012535178086111153
12.26	2.486194855654452e-06	-1.1469057971463937e-06	0.003225487522221282	-1.4004121252308277e-06	1.0054580555683777e-07	0.0027435318954415577	5.809401169061199e-05	3.61918929639115e-07	-9.455072161778973e-05	0.0001488381742244829	1.632463379785519e-05	9.127865765975129e-05
12.270000000000001	2.3523522708217753e-06	-1.0345996151801662e-06	0.0032244309313836563	2.11355200824964e-07	2.2668255069749323e-07	0.0027439615752596126	-8.171788610309146e-05	1.462823935812224e-06	-0.00010054280141276403	0.00015041896447948384	3.069415057968928e-05	-1.7169933829356633e-05
12.280000000000001	9.717467781084533e-07	-9.948661540345503e-07	0.003224035770455576	1.4412109018901905e-06	4.846694414257834e-07	0.0027433133657658567	-0.00017419340235837018	4.6717842053110145e-06	1.8086669311027584e-05	9.326737018245583e-05	3.926481215688679e-05	-7.407637108619134e-05
12.290000000000001	-8.090065339061319e-07	-8.239011405299394e-07	0.0032246374871016305	1.947773602775613e-06	7.965599151346276e-07	0.002742449268270582	-0.00015577208752672164	4.014061942451312e-05	6.225101239281973e-05	-3.671417426681978e-07	4.4804885140837124e-05	-0.00011020191870984099
12.3	-2.2140840563170282e-06	-4.127811456014578e-07	0.0032250461895446	1.5034221211923088e-06	1.1518156446454149e-06	0.0027415906436278354	-9.232005022951428e-05	4.8255060908546955e-05	1.527710835344035e-05	-7.304641270291528e-05	1.9750301783854077e-05	-6.312308688626077e-05
12.31	-2.4279042698581018e-06	-1.3865367843670596e-07	0.003225034231022187	8.703123165087949e-07	1.0165650747777127e-06	0.0027415283852387034	6.532609070991384e-05	1.795522842907014e-05	-2.709436745919072e-05	-8.980027329351572e-05	-5.824443078545721e-05	3.1012787212931086e-05
12.32	-1.4297895332235022e-06	-1.325603773174087e-07	0.0032245415920819556	-2.2900582586265367e-07	3.2457159115617403e-07	0.0027423805389815903	0.00013231591286732807	1.8783109285292427e-05	-7.536247169715753e-05	-0.00010533288942159584	-8.236530376606234e-05	0.0001246866833568195
12.33	2.6445532556328137e-07	-2.7341601062944546e-08	0.003224041846917113	-1.0434289370654946e-06	-7.088197326667232e-07	0.002743624223212533	0.00018728082160487654	1.9399666531760115e-05	6.087683845361156e-06	-7.20635992004253e-05	-0.00011318582186294415	0.00010094222110132014
12.34	2.025194385223469e-06	3.5074387793889887e-07	0.0032246069706112993	-1.5417474253916602e-06	-1.6222199706014494e-06	0.002744205834316314	0.0001605284143398796	4.0869664904553384e-05	0.00012756145756251687	-2.726930724048956e-05	-4.827014321448451e-05	5.366207911344313e-06
12.350000000000001	2.876790017523973e-06	7.967822969343151e-07	0.0032258997536057724	-1.4460618339835655e-06	-1.9820077849861565e-06	0.0027438033525939627	1.4463733685833054e-05	4.3709137658972875e-05	7.27927122706512e-05	4.846303785872917e-05	-4.789198032420691e-06	-6.008488424477771e-05
12.360000000000001	2.244363993459476e-06	9.355304975894009e-07	0.0032260871774946304	-8.324983046411986e-07	-1.5756284065443344e-06	0.0027431043588653304	-0.00012418747082382008	1.3878758604190267e-05	-4.0004963202035504e-05	5.338119523068343e-05	9.433187256062904e-05	-8.95689311834965e-05
12.370000000000001	6.129520294249986e-07	1.1707941977922296e-06	0.003225321236625132	-9.205410246849915e-08	-4.905226921766942e-07	0.002742352399538684	-0.0001719021309163772	3.3551541353337596e-05	-0.00011206741539120979	8.04208188708773e-05	0.00011974173599831471	-6.1011441403961826e-05
12.38	-1.093668194537007e-06	1.165813024683397e-06	0.0032242897480212825	6.947124632318575e-07	4.725978543675527e-07	0.002742043905803522	-0.0001619915464219521	-3.483081107180813e-05	-0.0001009260031748682	9.812727173949324e-05	7.754904838345033e-05	1.3578691230197934e-05
12.39	-2.606666729556425e-06	6.739184550625821e-07	0.0032234976144252395	1.8358376814950783e-06	1.039352678017485e-06	0.00274253698277786	-0.00011151284818334441	-6.11417469241609e-05	-2.0937371805845528e-05	0.00011324125585753698	4.2828900817491236e-05	6.007972721825668e-05
12.4	-3.1212991114850483e-06	1.7327342045019789e-07	0.0032240391059053007	2.8449854932864005e-06	1.1307082398260743e-06	0.0027431793369124577	4.30252479603231e-06	-4.331945043455996e-05	0.00011081708497247955	6.757971710256061e-05	-2.6797806806156566e-05	6.748499436138279e-05
12.41	-2.6170782009815757e-06	-4.181061562134383e-08	0.003225449927542757	3.0848515952348934e-06	7.861595429611846e-07	0.0027433890364619187	9.398641476308827e-05	3.2846398906368836e-06	0.00014787228448400995	-1.4341819844063152e-05	-2.3001161806718447e-05	-1.9149605294793823e-05
12.42	-1.3320675525695847e-06	-1.4195704059775272e-08	0.003226520584328957	2.2703144431596603e-06	2.6230206509456285e-07	0.00274311559879981	0.00013958519846032783	-2.605126757555321e-06	4.03633637974633e-05	-0.0001415771624525553	-7.57760364505204e-05	-2.1247468313187365e-05
12.43	2.36404203938364e-08	-2.31211366073216e-09	0.003226055308266914	5.796283722236572e-07	-3.915199939533408e-07	0.002743173352284215	0.00011941810424769177	1.6008285378305114e-05	-0.00011260703719742772	-0.00016515195379699109	-7.216028247120066e-05	3.5753787205782725e-05
12.440000000000001	1.0467643538188742e-06	6.248084787968955e-08	0.0032245790722234217	-1.0211369369247258e-06	-9.072909289639692e-07	0.0027433985104573884	8.402958601326902e-05	5.452541694999353e-06	-0.0001455317035324701	-0.0001349114434851002	-7.007913374136376e-05	7.079180555754224e-06
12.450000000000001	1.416857772120819e-06	4.104181437642824e-07	0.0032234028955720694	-2.0110838228293423e-06	-1.3040191797723646e-06	0.0027429213919669447	-5.722419247955336e-06	6.459040738454041e-05	-5.740322012925462e-05	-4.933882486179107e-05	-2.580797794462705e-05	-8.614871635431323e-05
12.46	1.0413122693076778e-06	9.176519243637556e-07	0.0032234447546390698	-1.976623205026505e-06	-1.3329634106984003e-06	0.0027416836627143703	-5.50027607947561e-05	2.2529585765326717e-05	5.5087650859316735e-05	5.4024291650221954e-05	3.270418019916695e-05	-0.00011907451873503054
12.47	3.5462316690924093e-07	9.055841402949665e-07	0.003224460392234021	-1.0484760161895815e-06	-8.667106845538519e-07	0.0027411709750893775	-8.243521042061319e-05	1.949302836734339e-06	0.00012062908398943101	0.00011907755125606396	3.571027855617105e-05	3.205755900004651e-05
12.48	-5.756789879134797e-07	8.564774541336979e-07	0.003225294864227254	3.433821840452789e-07	-5.231472949667976e-07	0.002742032467988742	-0.00010411544804104903	-1.6255505597732368e-05	5.402373061934443e-05	0.0001596107820250545	6.293122499726897e-05	0.00010459107088845249
12.49	-1.5670668220334372e-06	6.837119681968721e-07	0.0032254666703002794	1.4855937326671112e-06	-2.584632631543785e-07	0.0027432204725852233	-5.466452945639949e-05	-1.3059867758903142e-05	-4.0943404910294744e-05	6.617557069462147e-05	9.163461759654436e-06	0.0001321520318976867
12.5	-2.0610914158831563e-06	6.39720549836387e-07	0.0032250109985531186	1.691579828397692e-06	-6.9652180939584265e-09	0.0027442487843340104	-4.6323428331391647e-05	1.4993214467653077e-06	-3.054636319816656e-05	-3.4642504329894915e-05	3.088078018227629e-05	5.373444554181966e-05
12.51	-1.9877592108100747e-06	4.786657630790131e-07	0.003224918919462355	1.2541798193700646e-06	5.181164847139775e-07	0.002744012434206174	6.895903786715843e-05	-4.1763424472101836e-05	-4.161145797428295e-06	-4.849961423721415e-05	4.332276450133069e-05	-6.259389346521048e-05
12.520000000000001	-9.536604353402448e-07	-6.204791993032302e-08	0.003225002612428116	5.889597985701644e-07	1.1158319989828274e-06	0.00274311370704293	0.00012931085952529216	-6.421753105303737e-05	-2.374649088634819e-06	-8.624037565643737e-05	8.3871311424714e-05	-0.00010440254268687122
12.530000000000001	4.4670697047513564e-07	-7.018925672680728e-07	0.0032249205566356885	-1.8713077577084862e-07	1.6025951432565955e-06	0.002742108331768827	0.00011142472570109946	-5.854020884286779e-05	-3.781162063002687e-05	-9.583953765571238e-05	3.096298141893899e-05	-7.665434999067694e-05
12.540000000000001	1.4515107202990515e-06	-1.067735693051962e-06	0.0032245195027981897	-1.1231141536734514e-06	1.557452902511208e-06	0.0027416515186331498	0.000106002694807758	-3.482857527480213e-05	-7.049175288688006e-05	-7.44694344411864e-05	-4.744802738555697e-05	-1.915314683922613e-05
12.55	2.130004663075967e-06	-1.1764412054955165e-06	0.0032239414923854264	-1.7158178080924242e-06	7.988494716729921e-07	0.0027420009551970504	1.842283671614057e-05	2.8234314641249993e-05	-4.025975098362848e-05	-2.0242240422366166e-05	-0.00012012830391982565	9.32149061731317e-05
12.56	1.9678064112361686e-06	-6.038246376964381e-07	0.003224306284047224	-1.7231018775820827e-06	-5.958641989102384e-07	0.0027429898655200505	-5.2630151563245816e-05	8.538859481075583e-05	0.00010498471350018844	3.933431301002479e-05	-0.0001410156212930912	7.703017890611316e-05
12.57	8.555057211727216e-07	4.769514538170584e-07	0.003225540604771907	-7.70075428956983e-07	-1.6689989375671532e-06	0.002743570669383993	-0.00016041799442713143	0.00010651321872743104	0.00011973224635633755	0.00014058016668033605	-7.051239176419559e-05	9.354012658018223e-06
12.58	-6.970779849325221e-07	1.4527754976100495e-06	0.003226523585037038	7.492412753169143e-07	-1.965345541074102e-06	0.0027434785081766598	-0.00013841915035482994	6.791784558538106e-05	5.923683347989624e-05	0.00016282446696485174	5.5972085809530575e-06	6.656847671686073e-06
12.59	-1.984843676679834e-06	1.6306022102455621e-06	0.0032263679579038708	2.2154441768482986e-06	-1.6311841741901355e-06	0.0027435123748654018	-0.00010951298960723153	-3.15683624827402e-05	-9.121271026525558e-05	0.00011254535050864145	5.202559446282921e-05	8.451682350900473e-06
12.600000000000001	-2.6190773859062537e-06	1.0532089351758905e-06	0.003225077405173318	2.8903290292593554e-06	-8.30910876339823e-07	0.002743352946860728	-4.8004816772802255e-05	-8.631682599461031e-05	-0.00017120002942685886	4.404332617630565e-05	9.199771244024197e-05	-3.5795010663066315e-05
12.610000000000001	-2.7698762893171624e-06	-9.689847745848368e-08	0.003223570544034152	2.5662055583158354e-06	1.552888914680416e-07	0.0027427599134659444	2.6079379776245247e-05	-0.00012061260537265458	-0.00010464762231882707	-0.0001041702994729412	0.00011565588094003341	-7.725918240531953e-05
12.620000000000001	-1.9000789174854078e-06	-1.1410421402903431e-06	0.0032232633611902835	1.5568159578539018e-06	1.3711105448228813e-06	0.0027421020520717754	0.00015433810281950268	-9.656596304136534e-05	4.7709671871674534e-05	-0.0001018484275019255	0.00011153295053748416	-6.008643698601698e-05
12.63	2.4344784101622964e-08	-2.1460470962138674e-06	0.0032241943986826642	3.5796345364440847e-07	2.1121441066485754e-06	0.0027417768565474406	0.00019982327947485468	-9.684208629244645e-05	0.00011879727246543777	-0.00012703838020062727	5.624830907227383e-05	8.586161170074017e-06
12.64	1.8301737249044256e-06	-2.7794810209747765e-06	0.0032252284943231416	-1.1355229656435428e-06	2.2651559080833612e-06	0.0027423113519735513	0.00015307338548649585	-1.6080980344126667e-05	7.659402206137423e-05	-0.00016693198218714422	-2.080433805003881e-05	0.00010387551044345151
12.65	2.666641352159849e-06	-2.2753091278543647e-06	0.0032256929127908933	-2.5463416718187477e-06	1.8828642478516122e-06	0.0027434849760890755	1.3489866667826144e-05	0.00011360073337678753	2.0402525249477934e-05	-9.294395594124375e-05	-5.757668797196494e-05	0.00010150767147783384
12.66	2.3032527650827413e-06	-7.349315558571103e-07	0.0032253866403086622	-2.983733333348313e-06	1.0854749379569192e-06	0.002744322944684556	-9.529891598431011e-05	0.00017900010741873728	-6.541252667539164e-05	2.510432311145064e-05	-7.199993577225383e-05	3.918603180921542e-05
12.67	1.2713520619812954e-06	1.0485851603935e-06	0.0032247371283820056	-2.3731921306943913e-06	1.2754186775419325e-07	0.0027443548802404813	-0.00010320693282443013	0.00016071277647347864	-5.402210003576061e-05	8.969903305611146e-05	-0.00010491673632979465	-5.462586111075366e-05
12.680000000000001	8.137576815722042e-08	2.3805290123960892e-06	0.003224613010638522	-1.100771922784449e-06	-9.624917679321026e-07	0.002743194468342856	-0.00013383900952554064	7.642553109179093e-05	3.4889280194341474e-05	0.0001530654547295794	-0.00010281051034440384	-0.00015084548522963637
12.690000000000001	-9.963415797618384e-07	2.643681070696468e-06	0.003225014652255064	4.5451018871583565e-07	-1.7402494435652714e-06	0.0027416482443213767	-8.640278895270958e-05	-2.559697601271253e-05	2.8314737871921922e-05	0.00014128625669745378	-5.309922923975952e-05	-0.00013381603189659372
12.700000000000001	-1.570971926752909e-06	1.9736573919835988e-06	0.00322525754816201	1.7613929514236288e-06	-2.0012119561163846e-06	0.0027409301053297054	-2.426563382491432e-05	-9.876492937081526e-05	4.358450693635922e-06	0.00013557699093505723	3.097222499651133e-05	2.3902082856715957e-05
12.71	-1.6161597442849471e-06	9.177736728470983e-07	0.0032250967951924724	2.4909190482156777e-06	-1.4440363155658557e-06	0.002741796864821029	2.2434712534956828e-05	-0.00012370817339211616	-3.118767896516662e-05	1.5118372124169219e-05	6.344810658723632e-05	0.0001449703481030384
12.72	-1.2820314108126976e-06	-4.3482120836411417e-07	0.0032247954549067034	1.9761416318157554e-06	-4.3283499341679135e-07	0.0027434799559202753	4.5605027947920706e-05	-0.00013196787144714422	-3.498726568370356e-05	-0.00010753844136725866	0.00012708263687772567	0.0001608193595430751
12.73	-3.969140987520443e-07	-1.4361332440200937e-06	0.0032249038549387894	5.696446629236971e-07	8.846763803157979e-07	0.002744512091584908	9.462047229404504e-05	-8.050611546724921e-05	5.847124399440307e-05	-0.00014898873081724607	0.00013611347625770793	5.09485096378114e-05
12.74	5.385394937684839e-07	-1.702220193357939e-06	0.0032256045889979493	-7.534712244609673e-07	1.9154869920543528e-06	0.0027445846804428423	7.593547361542163e-05	7.3069912167240454e-06	6.624734473918561e-05	-0.00010737018866757807	6.492444393707257e-05	-6.217113996655916e-05
12.75	1.1096544952796851e-06	-1.339718223089156e-06	0.0032259353298875904	-1.752545287576105e-06	2.114170876677232e-06	0.0027433529122593077	3.793306827710511e-05	4.508930644635988e-05	-1.1413407746416513e-05	-5.865483036863476e-05	-4.043495278019909e-05	-0.00016590080293436683
12.76	1.2645828220449826e-06	-8.585180081850013e-07	0.003225497927204059	-2.0606477411439106e-06	1.2880545103798739e-06	0.002741860972125995	-9.70494872330271e-06	5.4757401597217894e-05	-0.00010049640546703952	1.3473074001733489e-05	-0.00011166817617963123	-0.00010645666328519791
12.770000000000001	1.1476313929772003e-06	-3.276328171711538e-07	0.003224082520802152	-1.6583141068744813e-06	7.158825753889402e-08	0.002741138747107516	-1.621420578345663e-05	4.135094422870762e-05	-0.0001345357205201829	6.704495868104035e-05	-0.00013601011846975781	-1.7420704478331403e-05
12.780000000000001	9.837247196525866e-07	3.465941842823978e-08	0.0032230312222932033	-5.787325900898468e-07	-1.1989643850075479e-06	0.0027412981554214267	-2.5529463579105346e-05	4.509017025208492e-05	-5.878032643428099e-05	0.0001215751958748221	-0.0001075132771197486	2.9712824461325382e-05
12.790000000000001	2.71199769366103e-07	6.185108908950401e-07	0.003222999276314171	5.594691735640048e-07	-1.8633081647342674e-06	0.002741907684882393	-9.996351961688415e-05	8.643207284524325e-05	5.433933386736387e-05	0.0001172388008828754	-3.658892562575051e-05	9.405203220356398e-05
12.8	-4.2561643340563587e-07	1.5627704806272278e-06	0.003223781669106117	1.3691442552976604e-06	-1.802109995778381e-06	0.0027430454720513003	-5.481139754940758e-05	7.957928525181942e-05	0.00011293704203140338	5.2940442227965095e-05	4.093634624981464e-05	0.0001137738086444071
12.81	-7.787563317529646e-07	2.0144162472385417e-06	0.0032250912525316764	1.7383186054791017e-06	-9.815540245969674e-07	0.002743936571137551	-2.234739737383551e-05	1.6783726792050224e-05	0.00013139407006328008	-5.497200574538778e-06	0.00012157772287085847	4.2527387267489474e-05
12.82	-9.674153460363104e-07	1.8204799334290678e-06	0.00322626260672506	1.5861954761970343e-06	2.877180720844767e-07	0.002743957257539219	-6.9199409484899945e-06	-7.641049393765415e-05	0.00011022506013534264	-2.997149016498255e-05	0.00011480451132094386	-4.238178478290671e-05
12.83	-6.797020219615614e-07	8.873993171353213e-07	0.003226672180665822	1.1681314914261872e-06	1.3745473103862591e-06	0.0027431500186548695	4.792635708407309e-05	-8.085165970114688e-05	-4.581655097073971e-05	-5.2371239017442615e-05	6.869848012600895e-05	-7.357009033980534e-05
12.84	2.900272818214391e-08	-3.9088321121399103e-07	0.003225534791585499	4.0518443195462615e-07	1.8388695920976471e-06	0.002742484342355205	0.00011061346234010252	-0.00013018996376688404	-0.0001611225757509156	-9.640025811724349e-05	1.4212019792875272e-05	-5.726467632666356e-05
12.850000000000001	1.3449740111144292e-06	-1.6999053561622091e-06	0.0032237467061404478	-5.083230349181213e-07	1.633760367268216e-06	0.0027421304018129186	0.00010900299968029628	-0.00011747963890332307	-0.0001615017026049839	-7.003266334868219e-05	-5.672960640273315e-05	-5.0470193676343216e-06
12.860000000000001	2.1993254154081863e-06	-2.4739814256776715e-06	0.003222672432096605	-1.0236384662301632e-06	1.0451132162779874e-06	0.0027422862765123807	3.0187174491573813e-05	-3.540880656065438e-05	-5.0515380999649466e-05	-2.1132270545530867e-05	-8.581561055039116e-05	4.046699948605325e-05
12.870000000000001	1.9721206446499835e-06	-2.046329319804134e-06	0.0032231114683070844	-1.3659101997902436e-06	-1.9758685978382814e-08	0.002742328728232019	-6.992607818518891e-05	0.00010707120813351547	0.00013605043801364575	-6.610459439644982e-06	-0.00012670474270507076	-1.5489165804739466e-05
12.88	8.844173766722926e-07	-7.008759793099731e-07	0.0032249565075099748	-1.492740935632297e-06	-1.2866879278183537e-06	0.002742131121106916	-0.00011207130202148843	0.00016061185982501868	0.0001917814243176456	-4.445754193004391e-06	-9.188788085523486e-05	3.0892289414401804e-06
12.89	-2.0473235277941647e-07	1.029915317653802e-06	0.003226428355674086	-1.1671297944036577e-06	-1.749409635613289e-06	0.0027424431949806117	-9.72004990833123e-05	0.00018035596011291408	6.821654306707906e-05	6.451178428351352e-05	-1.8757108344019784e-05	4.9314574641422475e-05
12.9	-1.311126635516178e-06	2.325050460757657e-06	0.003226403024866964	-3.5710141575729493e-07	-1.7266484295887442e-06	0.0027431350392018183	-0.00012208623923899348	8.923110132265926e-05	-8.436756005297862e-05	9.968245157977525e-05	-3.9964738972901895e-06	9.949436384325132e-05
12.91	-2.2447023699176796e-06	2.6497556720716384e-06	0.003225138411157411	8.499133355720165e-07	-1.597141365096491e-06	0.0027438686424844858	-4.582583563007516e-05	-2.1101954731739217e-05	-0.0001341132370041072	0.00016849986709364947	1.546970636543726e-05	4.206108276974006e-05
12.92	-2.2690006711147994e-06	2.2735494484238914e-06	0.003224021361721542	2.1277752474715533e-06	-1.0426310446397944e-06	0.0027438184072410823	4.8746751875518304e-05	-6.03404134274009e-05	-7.846084711380039e-05	9.566793958062523e-05	6.902502221837351e-05	-4.946552605958048e-05
12.930000000000001	-1.6436299994662693e-06	1.4758084658378624e-06	0.0032237527802785335	2.774675352844102e-06	-3.097733538914308e-07	0.0027430936445830435	8.908900794067678e-05	-9.468906894590861e-05	2.9709539119458775e-05	5.981242068554916e-05	6.455981205074615e-05	-9.955528602653009e-05
12.940000000000001	-5.853710844722259e-07	4.7359257622595035e-07	0.003224744695399495	2.7808421855264362e-06	3.0064331731160583e-07	0.002742013025446722	0.00012391060120208307	-8.714911916344569e-05	0.00014578397811800125	-7.017992059058444e-05	6.149334834768168e-05	-8.309035201187816e-05
12.950000000000001	6.424556268116936e-07	-5.285890843892784e-07	0.003226007965339222	1.565309744960524e-06	9.070339854602341e-07	0.0027416875650211688	0.00010637291751583279	-8.567377318646431e-05	9.454338050753006e-05	-0.00015623661079184936	4.1966931216715566e-05	3.7721620236520394e-05
12.96	1.557112645873544e-06	-1.165193583510895e-06	0.003226126477632751	-2.8309311275918297e-07	1.3426865918879635e-06	0.0027424244973763908	5.6217947694179114e-05	-5.154015749144814e-05	-5.470381887229042e-05	-0.00017276815810930157	2.0258640197913472e-05	0.00011439589177554049
12.97	1.6004801882206316e-06	-1.569765256706725e-06	0.0032253461011287664	-2.0174569072876577e-06	1.1900382211012813e-06	0.002743424573446137	-3.7086523262439336e-05	-6.23947913243198e-05	-9.188990375385252e-05	-0.00016640749544330472	-5.971061814679277e-05	8.889327690171932e-05
12.98	9.022145634462978e-07	-1.8002457340260973e-06	0.003224558752256588	-3.0547312739484147e-06	3.247221210135317e-07	0.002743851852202745	-8.648515358588671e-05	2.206949259485628e-05	-5.7907191276146384e-05	-3.745864158768031e-05	-9.909813337249529e-05	-3.564990915281655e-05
12.99	2.6242664378390642e-08	-1.1248338311939178e-06	0.0032243831088700063	-2.963265194945999e-06	-7.45191747972004e-07	0.002743069646683622	-9.454495398479443e-05	0.00010073047085380762	3.417594314978755e-05	4.276173747492542e-05	-0.00010836212644887733	-9.833230114628721e-05
13.0	-8.199435401077841e-07	2.69110221289736e-07	0.003224751101719025	-2.0523694919279085e-06	-1.639602279471508e-06	0.0027419793485804265	-4.8276878623345375e-05	0.00013840932617063147	2.702868781175689e-05	0.0001576334735683009	-4.37653561584864e-05	-9.032869442518586e-05
13.01	-1.0451656910658538e-06	1.5825952545856973e-06	0.0032248661573719955	-3.297355664746681e-07	-1.763652803665147e-06	0.0027414358185135013	6.295866184763682e-06	0.00013930898342867987	-2.4973644847020582e-05	0.00017167710491739112	4.255389851735244e-05	-9.526277490529293e-06
13.020000000000001	-7.374563509620391e-07	2.7312733920536977e-06	0.003224480755239733	1.438585323085376e-06	-1.0897758204182135e-06	0.002741857925951635	5.28509974534362e-05	6.752577185466486e-05	-4.963123635272935e-05	0.00015525220425162103	7.903233395352396e-05	8.977446366761388e-05
13.030000000000001	-2.1839432432093957e-07	2.7795304868456087e-06	0.003224183332618476	2.7300901817107337e-06	-4.621128543581113e-07	0.0027428523543600973	4.4687622423649785e-05	-6.643512475349686e-05	3.807302314791171e-07	0.00010188520957130985	9.232145731506526e-05	8.428374826752896e-05
13.040000000000001	1.2919986558642805e-07	1.5708024137209936e-06	0.0032244321053272146	3.2035571396461656e-06	3.724718100421559e-07	0.0027433878528520745	8.979426377695962e-08	-0.00019034879546897957	6.345808964174901e-05	-1.4996815043120666e-05	7.133766978996161e-05	3.697182389267165e-05
13.05	1.554486932901585e-07	-3.7334125635748235e-07	0.0032251758123165533	2.467816070847156e-06	7.86699123051715e-07	0.002743487432358777	-4.4632839051536484e-05	-0.00020399028587408686	6.171931138120262e-05	-0.00012705314442733602	1.4698902301155654e-05	-1.4830880437660571e-05
13.06	-3.181346352386358e-07	-2.175364696114778e-06	0.0032255200475997735	8.58996187675453e-07	7.593354787414227e-07	0.002743021033341913	-4.037170927723823e-05	-0.00015641456511912612	-1.1477069421601396e-05	-0.00019591153000639644	-3.1555202151404006e-05	-6.892984840256988e-05
13.07	-6.382201211148526e-07	-3.3014790860875296e-06	0.0032251282521573435	-1.0408064678084033e-06	6.297418080486239e-07	0.0027423543868332627	-8.397061579348284e-06	-4.6614864442096414e-05	-7.543928749146254e-05	-0.00016972372183928964	-1.4014404383044552e-05	-9.134388953854025e-05
13.08	-4.2017029620785405e-07	-3.075365700125502e-06	0.003224283157090654	-2.504700686686279e-06	4.17052900748188e-07	0.002741814818926536	4.265964637473086e-05	8.514946584722147e-05	-9.692857883204983e-05	-0.00012079159672635312	-1.510925598905445e-05	-6.086473030732411e-06
13.09	2.101877812501618e-07	-1.8237879382277262e-06	0.003223557401476142	-3.1788186244846987e-06	3.467082375268385e-07	0.002741852494650307	6.72309138461551e-05	0.00016022323230016999	-2.913039160481363e-05	-8.353113884634648e-06	1.631397166867214e-05	4.392824165489968e-05
13.100000000000001	9.462009079234457e-07	-9.863206111237364e-08	0.0032236079400739088	-2.431190786664617e-06	6.027122691557378e-07	0.0027424110605135817	9.839557654990584e-05	0.00017995835497641813	4.7176987600465624e-05	0.00014944822601243004	3.456004885648188e-05	6.794085193759919e-05
13.110000000000001	1.6117593449292827e-06	1.5550931821898357e-06	0.003224588298066368	-4.767197779040672e-07	7.255559596964063e-07	0.0027431510649979993	2.5906578674987888e-05	0.00013260233192683444	0.00014968818097559622	0.00023560194661505592	9.117811091357909e-06	7.221692959229537e-05
13.120000000000001	1.7152722157385708e-06	2.517108247900622e-06	0.0032262014156848088	1.6925227545742835e-06	6.824050875504637e-07	0.0027437970479432996	-1.1691474880373857e-05	4.5336760565037126e-05	0.00012408989343310186	0.00021291223933959385	-2.9852752940315614e-05	7.020412101377117e-05
13.13	9.182565098798844e-07	2.7409629868796986e-06	0.0032270279538946277	3.0163625182199967e-06	4.842512264334738e-07	0.002744175408689473	-0.00012973675160177084	1.2190877691555151e-05	1.1061552888817143e-05	4.0674238444890186e-05	-5.482961096656438e-05	-9.293500970649795e-06
13.14	-5.992166280653758e-07	2.0980436093641456e-06	0.003226329507439898	2.9025390238616717e-06	-3.071527246897315e-07	0.0027439750264013946	-0.00015350178064784097	-0.00012295246726902782	-0.00011395647277004675	-8.052727241670616e-05	-9.73923432275533e-05	-1.7404988167119513e-05
13.15	-1.9685229350877325e-06	5.1507294850038e-07	0.0032247169433557016	1.646873169635153e-06	-1.229899836589221e-06	0.002743500070664115	-9.906247005728302e-05	-0.00016149896250538132	-0.00017263224953307789	-0.00013545384556289073	-8.39095380703068e-05	-7.696649903307077e-05
13.16	-2.502407315753048e-06	-7.909155134314583e-07	0.0032231867885964835	-7.01467095108524e-08	-1.5688085592053722e-06	0.0027425599064892273	-2.1612642328115857e-06	-9.629249875554335e-05	-9.356821663816227e-05	-0.0002045636926388149	2.2870430486298965e-05	-0.00011340384065481686
13.17	-2.28646582738748e-06	-1.3653779137336776e-06	0.0032229702954238745	-2.0003373808019503e-06	-1.063052495097974e-06	0.002741405694168817	6.676991220088187e-05	-1.5027621013608901e-05	4.5613312824112634e-05	-0.00015897983943703606	9.037674145842315e-05	-9.424976848966936e-05
13.180000000000001	-1.0815569187579468e-06	-1.2167901598812104e-06	0.0032238392855842178	-3.00631939317885e-06	-6.508554672646363e-08	0.0027409998289988358	0.00018823918271040565	3.142134510006822e-05	0.00012935793877462566	-2.1294392394190992e-05	9.364283577681762e-05	1.5880386699104003e-05
13.190000000000001	1.2681803227913682e-06	-6.459145444530075e-07	0.003225153090269805	-2.6028929607387287e-06	1.1158302411066284e-06	0.0027416465563751854	0.0002562978070936201	7.900543687486625e-05	0.00010483900901851039	9.372676175687831e-05	0.00012173343871983296	8.910473746153173e-05
13.200000000000001	3.3696668359579966e-06	1.0066810535091743e-07	0.0032257770125345238	-1.1670076209831805e-06	1.8655705198108285e-06	0.0027428887218261828	0.00015422817581505662	7.966808149298789e-05	1.7385681809316684e-05	0.0001586758904301449	3.246003171228055e-05	0.0001611594148726401
13.21	3.7948061865974588e-06	7.197823358793331e-07	0.0032256099093796544	3.824740992963688e-07	1.8099679219255972e-06	0.0027441972807933385	-5.1758282500071955e-05	3.664640032674059e-05	-4.8395816242727515e-05	0.0001313639614587821	-5.4887797149251744e-05	5.5424788114369755e-05
13.22	2.286130914667783e-06	4.2190040705107167e-07	0.0032248441421897246	1.5473073614141855e-06	1.0779994728339758e-06	0.002744112872881482	-0.00020837536438662272	-7.165360055186734e-05	-9.165513176052548e-05	8.614684423111995e-05	-7.881410664290125e-05	-6.963001920676936e-05
13.23	-2.679935999526993e-07	-2.3170980468314264e-07	0.0032241295655565253	2.216612040869095e-06	2.3437574698949432e-07	0.0027431380229007048	-0.00029278424616451567	-6.137568054775395e-05	-6.19823027867781e-05	5.289356540056084e-05	-7.101170642538096e-05	-0.00014095675593578667
13.24	-2.9503334739456264e-06	-9.535359258275772e-07	0.0032237834172566923	2.4638793774007388e-06	-5.33768174542717e-07	0.002741661083098634	-0.0002274049701537832	-7.663910579664812e-05	-2.009688021341272e-05	-7.138947424624309e-07	-7.741154381057462e-05	-0.00014413988768895652
13.25	-4.602380788910288e-06	-1.456658801361585e-06	0.00322390681340573	1.9846676193233555e-06	-8.97968836534285e-07	0.002740672399727377	-6.929896190326604e-05	-1.5765548648930198e-05	3.242831485395801e-05	-7.880915275481491e-05	-9.397654514618612e-06	-2.4075575236232514e-05
13.26	-4.236081577761314e-06	-1.2221234618567255e-06	0.0032243054174821784	1.071729584173903e-06	-9.05001201244347e-07	0.0027412071569196356	0.00015617861414007474	6.27535875008428e-05	3.3201366971715435e-05	-9.40389124521375e-05	1.1886819816907499e-05	0.0001272740694690147
13.270000000000001	-1.8853403222708467e-06	-5.032538134332994e-07	0.0032246901581663716	1.7325389396527873e-07	-7.155326320109192e-07	0.002742682133727069	0.0002839592607605639	8.530631107025636e-05	3.524326713679185e-05	-6.468220608107739e-05	1.9774846694794186e-05	0.00016514134187241224
13.280000000000001	1.1683010806061482e-06	3.9104042442004215e-07	0.0032251389614507244	-7.562595087501409e-07	-4.323341363534327e-07	0.0027441735015494646	0.00031500572830463734	7.57270357339639e-05	4.623165452623986e-05	-9.810079284814816e-05	2.5616725466926356e-05	0.0001198264489515642
13.290000000000001	3.855274333697088e-06	9.232388068969426e-07	0.003225397186463105	-1.4790847911584633e-06	-2.967794832141954e-07	0.0027448549251468317	0.00020355982624329163	2.6097357078350247e-05	6.671854400329412e-07	-5.098843839738639e-05	1.5652287927204206e-05	-3.4545867410738105e-06
13.3	5.122717312544048e-06	1.1699894988628526e-06	0.003225204968763085	-2.157275810609325e-06	-2.0722696689694785e-07	0.0027441625029512077	4.43587560215295e-05	8.482987642402438e-06	-3.387855018502297e-05	-3.028502293943772e-05	2.2197315820876332e-05	-0.00015581410306563103
13.31	4.841022639718007e-06	1.0484606575322045e-06	0.003224792584676586	-1.9816354453012315e-06	4.0241347503875724e-08	0.002742400928857417	-9.32645915575114e-05	-3.7492316777900656e-05	-3.777730455055715e-05	2.2038851324414235e-05	2.826644130810797e-05	-0.00020746906216312074
13.32	3.020785144868331e-06	6.283868654579717e-07	0.003224387691481367	-1.4490345729337766e-06	3.128576106675159e-07	0.0027408908735030136	-0.00025025330101152905	-5.565689554817932e-05	-2.8935287718172783e-05	7.771669953384415e-05	3.6117392228640565e-05	-8.45053852589446e-05
13.33	4.1313446735547077e-07	-1.8505296042823942e-08	0.0032240234096067716	-7.004503956703054e-07	4.4297466633398757e-07	0.002740797894735778	-0.0002662995306072094	-6.0651475164465574e-05	-3.230519683924271e-05	6.231747610543523e-05	-8.071171427941996e-06	7.201721144163112e-05
13.34	-1.7408114074806763e-06	-6.843698741497149e-07	0.0032240791756534782	-6.772465911690898e-08	8.558163810619475e-08	0.002742043829386951	-0.0001639251021637168	-8.991921991883334e-05	2.460124534243669e-05	3.896657146549109e-05	-4.047100470912842e-05	0.00014564695214276002
13.350000000000001	-2.789862075126941e-06	-1.5098245247398938e-06	0.003224565928209518	1.3830098249663956e-07	-3.1270780125233616e-07	0.002743605035660941	-3.1294410969153574e-05	-5.074602454886093e-05	7.162809824082137e-05	-4.278228670287333e-06	-4.056240232561161e-05	0.00015449935944667072
13.360000000000001	-2.3867269961554835e-06	-1.7501439489619753e-06	0.0032254842357117143	9.606815443828815e-08	-7.487380236164183e-07	0.002744689550791898	0.00010147670184681804	1.718067081987023e-05	0.00011161264131848795	-7.760111485326495e-07	-3.3455153670347556e-05	3.174431667445261e-05
13.370000000000001	-1.0840358416560213e-06	-1.0477885403786363e-06	0.0032265013465173683	-6.705914780347965e-08	-8.728031390526392e-07	0.002744217331306435	0.00014843384763013964	0.00014714190994428146	5.856872543013731e-05	-2.4039727858538755e-05	1.8272020085733034e-06	-0.00010328462310745633
13.38	3.9382032449491434e-07	7.463635800122506e-07	0.0032263104817671713	-1.5894354781218246e-07	-6.995778444921781e-07	0.0027429389315041415	0.00012581690220405623	0.00018257680662173514	-9.10919467529818e-05	-5.884353470986689e-06	3.7706114174038694e-05	-0.0001430297680248324
13.39	1.459744470449224e-06	2.4246687455618665e-06	0.003225056473018521	-2.069709707403608e-07	-4.6973914016612145e-07	0.002741963255447616	6.409131714571123e-05	0.0001290118414970963	-0.00018257621590578625	-2.1836866342496686e-05	3.4393425119055993e-06	-5.52491781341155e-05
13.4	1.550453729913758e-06	3.159163390854642e-06	0.0032231459111056503	-6.60618485016924e-07	-4.817282376612311e-07	0.0027415597208867567	-5.565533734496899e-05	-1.340271702554799e-05	-0.00017497714650142554	-6.19449970020478e-05	-3.0293249763708745e-05	-2.273823108985397e-05
13.41	6.821285147187409e-07	2.2776510217425742e-06	0.003222291681868263	-1.0548052132215328e-06	-1.0512708682640121e-06	0.0027413399223327516	-0.00011609077717598846	-0.0001517204356834051	8.992859876050465e-07	-5.0245290924678375e-06	-7.113708445713681e-05	-3.0840455803986224e-06
13.42	-7.267579321332614e-07	3.460559156286287e-07	0.003223249114203694	-7.424500234798535e-07	-1.7300323389349632e-06	0.002741617655286068	-0.00013893244537350699	-0.00022538894553787714	0.00015584328806469655	4.509828293531474e-05	-4.415277746770038e-05	5.368360613588752e-05
13.430000000000001	-1.6897870680246423e-06	-1.940604642786399e-06	0.0032252237476632045	-1.0658877122678985e-07	-1.6550853947867752e-06	0.0027424751618062397	-4.0236381695580374e-05	-0.00022767195213475546	0.0002187897220944617	7.059683781088809e-05	5.103661253982069e-05	8.554975930579691e-05
13.440000000000001	-1.753529078794401e-06	-3.5690089906679188e-06	0.003227113614486235	5.944274130521577e-07	-8.003270652798844e-07	0.002743579583700298	3.070141428239971e-05	-9.795636387902222e-05	0.00012548935932940665	7.243770654329675e-05	0.000129307347313764	0.00011913978072761813
13.450000000000001	-1.0985161381094075e-06	-3.468326826924297e-06	0.0032271061469465825	1.3667034516118525e-06	7.768221172163412e-07	0.002744416729225152	0.00010259713999656104	0.00010206629548629856	-0.00011923977735676678	6.301099161777278e-05	0.00018827461436723587	2.1014239237798923e-05
13.46	1.0000627840203251e-07	-1.854622795054502e-06	0.003225555246829884	2.049630512538373e-06	2.651814840377456e-06	0.002744262816084305	0.00012246913483689986	0.00016567087245894524	-0.00014966455901735412	4.098156704878441e-05	0.00015140332605428368	-4.620136513630929e-05
13.47	1.3805187647745232e-06	-5.7528765806786785e-08	0.003224318751127766	1.9013054332598657e-06	3.3865258378298108e-06	0.0027433989794759905	0.00011138216752006443	0.00015440306479846432	-0.00010304945814037897	-6.892341724441602e-05	1.0467899282169342e-06	-0.00010445173443160518
13.48	2.0368075942139486e-06	1.3554873822229259e-06	0.003223857411159016	6.169409269827734e-07	2.631506633759492e-06	0.002742316224245216	9.89642607660424e-06	0.00013308700463836873	1.5131918663539577e-05	-0.0001601960981015563	-0.00013665408267303744	-9.96581156205054e-05
13.49	1.4250621276058825e-06	2.296636429340664e-06	0.003224335098811999	-9.539916966642674e-07	7.732713682020436e-07	0.0027414706983306713	-0.00013285803742845044	4.8042384445679046e-05	7.665808446606565e-05	-0.00010872701627321062	-0.00021979072162532894	-3.824313134240709e-05
13.5	-1.3980608842091484e-07	2.324137087056582e-06	0.0032249288906270384	-1.5177597290242715e-06	-1.3185170065589596e-06	0.002741481640955707	-0.00016094969300465436	-4.884147353670926e-05	4.4514618239317455e-05	-3.1838166080454865e-05	-0.00017822723994529387	5.10053468993289e-05
13.51	-1.6328611460843433e-06	1.5366914785873236e-06	0.0032255173718562596	-1.3012255311879065e-06	-2.666341939727068e-06	0.0027425710488493057	-0.00012191142540144936	-0.00011338765262332953	5.340344914786695e-05	6.02699210241878e-05	-9.806917633557667e-05	0.00012951168994194693
13.520000000000001	-2.1315316451304665e-06	3.1634668585815967e-07	0.0032256488025912255	-2.317313529937894e-07	-3.0098572826653774e-06	0.0027438566123297627	2.3461836639984703e-05	-0.00011051687810297668	-2.092993513211055e-05	0.0001208232242826536	4.272465457824179e-05	0.00010461169488632327
13.530000000000001	-1.3997209715707673e-06	-7.037821853560704e-07	0.0032253026256586098	8.172175060424579e-07	-2.2937678006257854e-06	0.002744639800774043	0.00010322002140964991	-8.38440982935616e-05	-2.7159637326401972e-05	8.593093763962362e-05	0.00013080059891105146	1.680299005697198e-05
13.540000000000001	-3.3007613127517776e-07	-1.0875320276272406e-06	0.00322515487840072	1.4044737725567867e-06	-3.7510364219954227e-07	0.002744223870435579	0.00010055597229612629	1.859318260347375e-07	1.0268702729142083e-05	1.78161944486093e-05	0.0002321662133985057	-9.295129578060365e-05
13.55	4.576296384500765e-07	-8.401565679175467e-07	0.003225452634888652	1.3940460995460785e-06	1.738429804659117e-06	0.002743049796954324	4.249410596596701e-05	4.917409600372833e-05	2.08582809223784e-05	-2.731050088901981e-05	0.0001908817055642434	-0.00014444260381510393
13.56	5.206765520199261e-07	-5.286796107865059e-07	0.0032255525268540418	7.73449273012662e-07	3.168509967503504e-06	0.0027417601007990607	-1.0783130976075661e-05	1.8481441854658936e-06	-3.465696179287985e-05	-0.00010492960254272506	9.39042599189315e-05	-9.234364474362671e-05
13.57	3.1214480224847806e-07	-8.406616172059006e-07	0.003224838296943759	-8.221528124005824e-08	3.4575017313808167e-06	0.002741284224658809	-4.6799733062186674e-05	-4.258370357512503e-05	-0.00011955952394784094	-6.0147832863694886e-05	-3.926039333424004e-05	5.869005540785845e-07
13.58	-1.7421510464792823e-07	-1.1327866017668327e-06	0.003223802349061586	-5.89647902438602e-07	2.5888639952921754e-06	0.0027417359500471234	-3.037632065604307e-05	-1.012574401530206e-05	-8.95910758733876e-05	-3.9664787915342974e-05	-0.00013918972874459696	7.885313911682758e-05
13.59	-2.732205470685502e-07	-1.0689163753253956e-06	0.003223387979883789	-8.181528871989684e-07	6.792161832240052e-07	0.002742674480273564	1.4634080627808552e-05	3.767570379050791e-05	9.885095181298471e-07	-1.3813300774068613e-05	-0.00020147393793041367	0.00010165715594559764
13.600000000000001	1.4306386921586382e-07	-5.742349127463331e-07	0.003224063905511775	-9.297266113769429e-07	-1.315065297004092e-06	0.002743196235362092	7.57802997916085e-05	6.938261372171743e-05	0.00012921049310601874	1.2291140878468508e-05	-0.0001638531965177539	1.7317452352764483e-05
13.610000000000001	1.1097216188952446e-06	3.2953084588498094e-08	0.003225363383315709	-8.591329109921886e-07	-2.582409031642233e-06	0.002743024995484841	0.00010334577571791421	6.440385542014878e-05	0.00010020928133522228	-1.2034185515931512e-06	-0.0001286131730132667	-4.871909004695693e-05
13.620000000000001	1.959390381366259e-06	7.554179790781607e-07	0.0032260895512264912	-9.212030140838105e-07	-3.4733422299647252e-06	0.0027428466531319077	4.905143286765591e-05	6.56416747090678e-05	1.7198099904263146e-05	4.3554033299690205e-06	-2.056490869786887e-05	1.1767759465908166e-05
13.63	2.077060175172625e-06	1.207100169948226e-06	0.0032258214754894055	-5.836533675421331e-07	-3.1028431569559534e-06	0.0027432355236630297	-5.446258417020817e-05	2.2224491183394484e-05	-7.123969993011636e-05	5.973996499676683e-05	9.326747247286918e-05	6.821530106882704e-05
13.64	1.3304723355892998e-06	1.164646161002425e-06	0.0032250630476687997	2.463918528561916e-07	-1.6616887230899117e-06	0.0027439210948800156	-0.0001022647120863866	-3.776930678493429e-05	-8.567244379549366e-05	9.478472015870785e-05	0.00016889167803623787	5.6948024435799424e-05
13.65	-1.9832884793475888e-07	5.813896760196045e-07	0.003224524292356216	1.0410874359168515e-06	3.130846084769852e-09	0.002744114448872302	-0.0001598324853789909	-6.867562146055687e-05	-2.518441428127809e-05	6.181399402806026e-05	0.000167213519858114	-3.444249300636734e-05
13.66	-1.7366610785522645e-06	-2.2969108224852428e-07	0.0032245127466638645	1.354442408802548e-06	1.4466387128171118e-06	0.002743348188827432	-0.00011794304110120196	-0.00010201072860273033	1.7085250706179388e-05	-2.4683646761164977e-06	0.00012122276911588141	-0.00012712305395661146
13.67	-2.7444439519957467e-06	-7.900745422193706e-07	0.0032245473328899365	9.680412518512587e-07	2.1152345807878433e-06	0.002742026334245611	-5.166975122045379e-05	-2.0722850728258817e-05	1.989079865277472e-06	-7.842128262852284e-05	1.7367939310051196e-05	-0.00010154590170356348
13.680000000000001	-2.9665490958417917e-06	-6.754067025742403e-07	0.003224664954084042	3.179241001745613e-08	1.986567738887368e-06	0.0027412534789079796	1.3075243784723717e-05	3.901243810069774e-05	2.3724281741160385e-05	-8.942843229295466e-05	-5.7495800537548195e-05	-3.69155664435989e-05
13.690000000000001	-2.1889100809003474e-06	-4.521333273600925e-07	0.0032247910674699167	-6.417710367571503e-07	1.2779485018886682e-06	0.0027414734635917712	0.00014802853310299662	2.077163756443455e-05	-1.925790345521271e-05	-6.209593325342474e-05	-8.082503337321633e-05	7.670309024028115e-05
13.700000000000001	-1.6215741931690449e-07	-1.6649326510045127e-07	0.0032244332036646902	-1.0031976977958686e-06	1.8530262541752397e-07	0.002742701854106736	0.00023260995364685871	1.4209303735090692e-05	-2.385076968656642e-05	-1.4827943545681517e-05	-0.00011052552523337593	0.00013645808700006164
13.71	2.152000579044617e-06	-6.214320294505951e-08	0.0032241829649416313	-8.755351084384398e-07	-7.600049155432105e-07	0.0027436792773081727	0.0001740016659637286	2.642770030003763e-05	-2.3158052615082658e-05	1.667968183569353e-05	-8.077731182156011e-05	5.687061050286782e-05
13.72	3.3198968468067938e-06	3.3958184631081466e-07	0.003224503477927355	-7.30654342180932e-07	-1.2878015858219331e-06	0.002743649589910421	5.734386847315245e-05	5.05793563533145e-05	7.122724432304361e-05	2.0599883140916293e-05	-3.628910652316305e-05	-4.1016423585294554e-05
13.73	3.2005586569074042e-06	7.163385106384056e-07	0.003225459633012946	-4.884395689997336e-07	-1.573428685618714e-06	0.002743052531117026	-7.981212485360471e-05	2.4874861638163135e-05	9.228842220248094e-05	2.330406315986838e-05	-1.3743005052036404e-05	-9.275921600567064e-05
13.74	1.8083673150108414e-06	8.242696614488774e-07	0.003225997399382302	-9.100596079403538e-08	-1.3303151338823688e-06	0.002742301563078598	-0.00022043229150728357	5.229788900339513e-06	1.7611705959693682e-05	5.3983529735662746e-05	6.198544359942703e-05	-6.176922270913481e-05
13.75	-5.132615976082122e-07	6.564758332666324e-07	0.003225555455713872	2.577854343576465e-07	-6.520012667277414e-07	0.0027421195708320144	-0.0002464767272538211	-2.597224808908826e-05	-9.706542795131189e-05	-3.447469094395746e-06	6.676146356273917e-05	4.260647400130897e-05
13.76	-2.831812673174814e-06	4.3229854071381295e-07	0.003224386363655595	3.5018998892619294e-07	2.591793785065479e-07	0.0027429019204475175	-0.00020128817434458536	-2.496040533682513e-05	-0.00011386237134874874	2.0400546887891345e-05	9.171093664461673e-05	9.066289244900396e-05
13.770000000000001	-4.13199872285926e-06	-3.3385226165653056e-07	0.003223578302724	5.856252413672516e-07	1.2662719736968118e-06	0.0027435133929859454	-4.51030547279988e-05	-7.663589558362575e-05	-2.1643763967581646e-05	5.9060364572462836e-05	7.077518503604432e-05	3.335295471513305e-05
13.780000000000001	-3.7249100970102815e-06	-9.066675567267866e-07	0.0032239384798960487	1.3404083316418184e-06	1.2797332448042814e-06	0.0027436669828321734	0.00012551073881449717	-3.1661643585935e-05	0.0001198118927827414	6.12536374591186e-05	-4.7164345234180705e-05	-1.1217136313666343e-05
13.790000000000001	-1.9954262973317582e-06	-8.982322367128221e-07	0.003225486060198481	1.8049146479534742e-06	5.666452634711576e-07	0.002743123644985869	0.00020583408533915884	1.1919949304401408e-05	0.00016769535004732683	4.571432795250195e-05	-8.885455712362153e-05	-7.488338948469396e-05
13.8	1.3195290946999466e-07	-5.549191642747108e-07	0.00322680799000503	1.9501809178083457e-06	-3.140911479016497e-07	0.002742363196948996	0.00021014451569430413	6.167504044273711e-05	9.11633759314893e-05	-1.330717674976106e-05	-7.009802969666652e-05	-6.0084786376282914e-05
13.81	1.8456075752828207e-06	-3.962252186311393e-08	0.0032266056512678487	1.729566503755567e-06	-1.1073811879378152e-06	0.0027423349660804022	9.787939210799049e-05	6.985872044280878e-05	-0.000114164447064768	-3.768764867429416e-05	-7.057341998494263e-05	3.077866986911083e-05
13.82	2.448647024896626e-06	9.442143940389396e-07	0.0032250627848428	1.0323377459980298e-06	-1.5663448471693925e-06	0.0027430722966858734	-2.0337119857670056e-06	9.334528916637823e-05	-0.00020334431066227582	-8.654220444657032e-05	-3.025285976867613e-05	0.00010872513600636332
13.83	1.8618775138707035e-06	1.77943786792615e-06	0.003223459068212449	-8.565399966151378e-08	-1.5273464591444679e-06	0.002743676394142562	-0.00012321658495743052	4.941147718983336e-05	-9.282170124391111e-05	-0.00011244901997332183	3.1747603641256344e-05	-1.694056299305877e-05
13.84	1.7721969936365686e-07	1.741225450303164e-06	0.0032231997575065834	-1.094616138141038e-06	-8.819090048261804e-07	0.002743175943203824	-0.0002048241696026044	-7.139728300009422e-05	2.3873155269241773e-05	-7.289745055539597e-05	7.653461602173953e-05	-6.411420229629723e-05
13.850000000000001	-1.6687640661052471e-06	1.0074707935876942e-06	0.0032240317751762054	-1.464698805293911e-06	-5.7389881956075705e-08	0.0027423034569531786	-0.0001558087284821423	-9.803414266094557e-05	0.00012113489763907696	1.6430329797064654e-05	7.386643762753428e-05	-8.693227099970392e-05
13.860000000000001	-2.6370287576596955e-06	-2.568086949586834e-08	0.003225365090234243	-8.127575827942677e-07	6.404799405103205e-07	0.0027416037675014205	-2.5130674154851045e-05	-0.00012071558399004015	0.00013008701050699426	0.00011186920952398273	5.4033998932964134e-05	-3.290236327910179e-05
13.870000000000001	-2.148990504852172e-06	-1.0685311808381281e-06	0.0032261728641583606	4.7329239096864757e-07	1.0722787802627346e-06	0.0027418233264255598	0.00014231788187118048	-9.056269604642917e-05	1.7016839850050142e-05	0.00012317693263514407	1.675331556008179e-05	7.950087277606158e-05
13.88	-5.716770461926792e-07	-1.6462960616830461e-06	0.003225776302239863	1.5330227851559078e-06	1.3882589846886736e-06	0.0027430923226913293	0.00017153811397490338	-3.769967576366456e-05	-8.35654760528652e-05	8.654318007301017e-05	2.0470626647194064e-05	0.00014610258051086855
13.89	1.2455598008365218e-06	-1.5439087154824498e-06	0.003224733663436443	2.1431810064925183e-06	1.37832548316653e-06	0.0027441693190665005	0.00016026242926734966	6.691070759022175e-05	-9.854153610969488e-05	9.503992114559057e-06	-3.6716079164625964e-05	5.719911650717791e-05
13.9	2.2998051670490138e-06	-6.08026415586923e-07	0.0032242512571418022	1.669767509895258e-06	1.1617281925170575e-06	0.0027442214787541945	6.096319639316789e-05	0.00010760715561598305	1.4745969715282784e-05	-0.00011445903826292523	-5.985200387011539e-07	-5.6369388607298984e-05
13.91	2.3771779084227882e-06	2.0841457065604801e-07	0.003224972939930669	3.846578820820961e-09	9.859412985641644e-07	0.0027432839129334988	-6.360568975648169e-05	6.80065160679423e-05	0.00013233925741974528	-0.00019626294894474169	-3.5471822833313956e-05	-0.00011437435671814912
13.92	1.1955546821757786e-06	7.727576249447895e-07	0.0032259359172590006	-1.7768317771547771e-06	4.14685665550056e-07	0.002742296557065402	-0.00014103702673497472	5.3670371851276475e-05	4.9715740256471e-05	-0.0001535115633161069	-7.785438018984978e-05	-6.981369831582626e-05
13.930000000000001	1.3084263968299688e-07	1.0227029721116978e-06	0.003225855905252944	-2.906508839685062e-06	-4.286660296391176e-07	0.0027419633060540684	-7.192458636419949e-05	2.508148445784014e-05	-4.489334911550807e-05	-3.9210886460335847e-05	-8.127560843601183e-05	-9.856066723503308e-06
13.940000000000001	-4.1480355569727997e-07	8.847952852968204e-07	0.003225212942961314	-2.636064763347127e-06	-8.642851034177918e-07	0.002742174569245416	-4.326302270094949e-05	-4.7279691897104855e-05	-7.596342896256415e-05	5.62136671240568e-05	-7.214860747487811e-06	6.17348725250965e-05
13.950000000000001	-7.297500594337972e-07	5.807685356851401e-07	0.0032242126443548587	-1.6287715171841658e-06	-7.74296436762329e-07	0.0027429031289464916	2.390776029145386e-05	-1.55386095568478e-05	-0.00010178670098368161	0.00013649486759800293	2.3595885573486985e-05	6.770875803143909e-05
13.96	-4.8568691265923e-07	2.283300183016503e-07	0.003223695651351141	2.6296373372621355e-07	-4.7389824745418724e-07	0.0027430762448962982	3.294363040598443e-05	-4.903175357859766e-05	1.5353335626275033e-05	0.0002284925301250606	3.464631119343963e-05	-1.612459502615321e-05
13.97	-1.625226424340663e-07	-1.1849538982276812e-08	0.003224557094603623	2.1902221579014354e-06	-2.7950740525059544e-07	0.002742675400902151	2.227647917736758e-05	1.2129975103548232e-05	0.00011091597795046814	0.00013255579678265214	3.259213093200375e-05	-7.01103219244758e-05
13.98	5.3778255125031e-09	2.3555967043967063e-07	0.0032254342020036353	2.893169258633326e-06	9.192600638678845e-09	0.0027422506871413736	2.1855368455530704e-05	4.277244320716883e-05	5.333921057012073e-05	-1.7824066137301935e-05	-4.684734695314302e-08	-1.3373327243478767e-05
13.99	-8.031108156211237e-08	4.538759561293048e-07	0.003225703348534766	2.2599622866438824e-06	2.0843869626003037e-07	0.0027424050738965593	-1.7995341872793238e-05	9.707840941563986e-06	-1.00167181984837e-05	-0.0001144327057288905	3.3369848439089084e-05	2.8475576539523606e-05
14.0	-2.7169330407736417e-07	4.272398249642971e-07	0.003225408594984508	1.0051834646197508e-06	4.1343864384466965e-07	0.0027428188658609287	-1.2990472355086099e-05	-6.812334048529719e-06	-4.636965745218291e-05	-0.00012859991691266528	1.3782202664485945e-05	5.627929170434447e-05
14.01	-2.459669486157159e-07	3.858429297218175e-07	0.003224762858943849	-4.636207836903098e-07	3.91713250526415e-07	0.00274337981832782	3.597484390683248e-05	1.2993502948179394e-06	-5.463950038665391e-05	-0.00015081932064414194	-5.328833591480771e-06	4.197517900719967e-05
14.020000000000001	8.097786400016386e-08	1.9497067301532286e-07	0.0032242329483679385	-1.791201879397282e-06	-4.1567291410029136e-08	0.00274343335576841	1.745234342300006e-05	-3.996942037589676e-05	-4.9148116636686194e-05	-0.00010776242676925633	-7.459134840610241e-05	-2.3519239812628648e-05
14.030000000000001	3.672597591890818e-07	-1.5438159077303242e-07	0.0032240140878238826	-2.432180803561562e-06	-3.298898051052493e-07	0.0027428050800378458	4.4853862192039795e-05	-4.308148128414638e-05	2.1193130758211135e-05	-8.18399784174651e-06	1.0162690913923161e-06	-7.806984774428212e-05
14.040000000000001	8.801706626088349e-07	-5.81796074336491e-07	0.003224426373243926	-1.8894226573849415e-06	-3.770536578470283e-07	0.002742287050664194	4.894302462958548e-05	-4.687952545188149e-05	5.2738509113002484e-05	9.191507856835399e-05	-1.4397063445311848e-07	-3.0393117128470675e-05
14.05	1.2672259861589885e-06	-8.278221564641172e-07	0.003225049353789962	-5.535823861359761e-07	-2.385859608353174e-07	0.002741975174188929	3.0768117314844885e-05	-1.5537683454241794e-06	4.845139027714391e-05	0.00016434634181568218	3.835123095809562e-05	-1.21671200022561e-05
14.06	1.206765402970232e-06	-5.596662768386022e-07	0.0032253343683812954	7.845585444509295e-07	2.7794331282290755e-07	0.0027420259703675827	-2.8739405082841467e-05	4.916756496501587e-05	1.946504316697911e-05	0.00012280726760779143	4.430417903005854e-05	2.9927699773787137e-05
14.07	6.210816867604224e-07	-1.8175828854613163e-07	0.0032252931506518453	1.42137088130839e-06	7.98462004131792e-07	0.002742620552674463	-8.523419012203257e-05	1.3260662940603594e-05	-3.221719905489853e-05	6.5236174596515365e-06	3.716403501583415e-05	7.007762887567387e-05
14.08	-9.271860137915122e-08	-2.0335435861388703e-07	0.003224736778266165	9.795335673174847e-07	1.0597042378324197e-06	0.002743182639448126	-5.821652342505699e-05	-3.814088652356693e-05	-6.682102174385895e-05	-7.677664751331072e-05	-4.554202228229113e-06	5.326912360559468e-05
14.09	-7.65731732806344e-07	-4.728209188825131e-07	0.0032241362936134737	1.481371863678145e-08	7.347171401431724e-07	0.0027435507319258693	-6.973390069068419e-05	-1.9021343006933064e-05	-4.232578841621767e-05	-0.00012065035426789125	-5.4930243321161896e-05	2.036459698772685e-06
14.100000000000001	-1.3512610109637447e-06	-4.977069468515599e-07	0.003223999013991445	-1.193169484504455e-06	1.7886846970846865e-07	0.002743243435680472	-3.9958650236467805e-05	6.229944055158792e-06	3.3160819793104583e-05	-9.546576296486648e-05	-5.579262907560981e-05	-6.332780200656478e-05
14.110000000000001	-1.181467565324971e-06	-5.65046785563835e-07	0.003224760922731208	-1.6806091742694891e-06	-1.8362088952591782e-09	0.0027425829828218555	7.802891464072807e-05	-1.5865233160506125e-05	9.443005226512473e-05	-3.349755188778315e-06	2.134410489998545e-05	-5.4490908572089575e-05
14.120000000000001	-8.59328902008838e-08	-6.925356184231848e-07	0.0032254973216175997	-1.4124357743058238e-06	3.122063448209521e-07	0.0027421199136285364	0.00012660765576655216	-1.1475275868848765e-05	4.2741201224429354e-05	6.514529142333794e-05	3.377919457417322e-05	-4.6673793105830466e-05
14.13	1.0685512207077906e-06	-7.25551138336801e-07	0.003225545060584799	-7.703219323679693e-07	4.1862548475020974e-07	0.002741936478634178	0.00010604688386701592	2.890113618964954e-05	-2.9898750803918366e-05	7.749742167361228e-05	2.7152646947082997e-06	-4.1558087976665985e-06
14.14	1.9116575728998057e-06	-1.5897718022794723e-07	0.0032248043651907005	-6.988017199099537e-08	3.1342168503221487e-07	0.0027423360370660062	4.721693135983034e-05	7.467990611973325e-05	-0.00011328496350481208	6.404094625596691e-05	-2.978571992327276e-05	9.040942906788695e-05
14.15	2.022732340345197e-06	3.9714573710321936e-07	0.0032238553506074726	3.793814556304948e-07	-1.0709092806031264e-07	0.0027431917457590594	-3.19942730930829e-05	5.0118093912836346e-05	-6.420556510553234e-05	2.4528428966179282e-05	-2.8132012832071087e-05	7.363850223160585e-05
14.16	1.2871532078272496e-06	9.152088423213925e-07	0.003223825541182865	4.6392888263211784e-07	-4.0261373332812036e-07	0.002743560721850565	-9.775485745821645e-05	2.2895555616256444e-05	4.189796581933778e-05	-2.015422129867119e-06	-2.427217091540154e-05	1.702439472213968e-05
14.17	1.9147400423655483e-07	1.0768129154320168e-06	0.0032246822082563926	4.1203911554997584e-07	-8.582798031983545e-07	0.0027434261198221992	-0.00010604358706170941	4.2148987082396697e-07	0.0001279530357203417	2.4414680697179995e-05	-4.697544970753336e-05	-2.9305458851807138e-05
14.180000000000001	-9.764064515010485e-07	6.933957467871842e-07	0.0032258726018169685	5.34972907415164e-07	-1.0318045808536084e-06	0.0027428063118696095	-9.815129243156741e-05	-7.47345961344699e-05	0.00010893169337868166	1.8200006524667825e-05	8.786271869249688e-06	-7.670742105288233e-05
14.190000000000001	-1.6024328594104863e-06	-1.0039753876741367e-07	0.003226151280020393	3.857622299347024e-07	-5.895785119676751e-07	0.0027420888849133884	-2.4998042580854563e-05	-6.894699049371647e-05	-3.626889364870169e-05	-5.985418291209837e-05	6.371783098591284e-05	-2.538775069407102e-05
14.200000000000001	-1.6249075358732757e-06	-1.2012502120592e-06	0.003225266236146374	-2.798046889977771e-07	2.7075030783888e-07	0.0027420391821735774	3.934521486068415e-05	-0.00012560568335023858	-0.00012300178150463593	-5.825539239737497e-05	8.591733712609722e-05	-1.955441405912661e-06
14.21	-8.262744519819785e-07	-2.12658436822003e-06	0.0032241272124356726	-4.431545609164208e-07	1.2720060615085443e-06	0.0027423973766411047	8.850613090476119e-05	-6.64362174683421e-05	-7.173187728201203e-05	-1.4124819037997218e-05	9.506813267753754e-05	6.438874246600947e-05
14.22	1.099940934147893e-07	-2.339494896618762e-06	0.003223794722631354	-4.780144751868932e-07	1.8934895587416667e-06	0.0027429216557871157	0.00010201915284384876	2.554785442029848e-05	1.843307439636179e-05	5.769904105003927e-07	3.822826533580869e-05	2.4168803483314475e-05
14.23	1.1502716730387425e-06	-1.607534292596335e-06	0.0032244399164864644	-4.086202919556188e-07	1.9595455719874806e-06	0.0027431799658681677	8.042007187659325e-05	0.00010061620047756735	8.856198287359457e-05	1.0051351509073726e-05	-1.810055037421899e-05	3.671353047298524e-05
14.24	1.5307738674616533e-06	-5.019998821636441e-07	0.0032253912168511744	-2.0921489539124325e-07	1.4095203244147802e-06	0.0027434790187089416	6.936205932210225e-06	0.00010766770765077825	7.327154753516014e-05	1.9065743190347826e-05	-6.474026972959845e-05	1.6228702874424646e-05
14.25	1.4731195472392783e-06	3.447511159971736e-07	0.003225838367382436	8.859733102630714e-08	4.7193587559545405e-07	0.002743482056152489	-2.9352361930392896e-05	5.135949697498285e-05	8.412847387604291e-06	4.434399571743135e-05	-9.501910479012176e-05	-2.0483594101624907e-05
14.260000000000002	1.0206298494042035e-06	9.230651747272353e-07	0.0032254614666304597	5.65761981568715e-07	-3.900857953630445e-07	0.002743194000414652	-6.917282130727098e-05	1.3880131796779207e-05	-7.350996568245417e-05	3.807495372774273e-05	-8.175686432654292e-05	-3.3238651507755096e-05
14.270000000000001	5.783066612397166e-07	9.847093180243408e-07	0.0032245091325643336	7.710351291717152e-07	-1.2961882440541113e-06	0.0027426659243464185	-7.669369584149709e-05	8.841235414016553e-07	-8.292526889382737e-05	-1.3374104307157691e-05	-7.279341703592556e-05	-7.115629631796625e-05
14.280000000000001	-7.715972579483492e-07	8.042637774657933e-07	0.003224022603912575	2.3908240200070253e-07	-1.564321266585133e-06	0.002742014190839206	-0.00015938746055558465	-2.8311415139148874e-05	-6.50819477424012e-06	-8.877037383003388e-05	4.653792037257371e-06	-4.75384395497471e-05
14.290000000000001	-1.9142408403612123e-06	3.030415959554746e-07	0.0032243327629593583	-7.591866354269345e-07	-1.3910642621891618e-06	0.0027417671642446955	-8.122741589634276e-05	-6.420459120276629e-05	4.817234432356989e-05	-9.84498820044587e-05	3.269136909783844e-05	1.030664621126286e-05
14.3	-1.6687660582975147e-06	-8.717948464097216e-08	0.003224791583425033	-1.4945212891895476e-06	-8.108423838813826e-07	0.0027422256084929536	0.00011519148657482679	-2.6808332638660965e-05	3.955768078476192e-05	-3.55211360696005e-05	6.133500677158683e-05	6.988509166874364e-05
14.31	4.2968371788054864e-08	-2.0347595823890352e-07	0.003225139323788483	-1.3825694003039644e-06	1.1257308777990835e-07	0.0027431405298616253	0.00021237267852224927	-1.0112117831631553e-05	5.294445139101393e-05	3.944629738920232e-05	0.00010140766400914712	0.00011316000360684573
14.32	2.0785546142561828e-06	1.364492687348411e-07	0.0032253755800310383	-5.514180936030369e-07	1.0034583839435286e-06	0.002744082349672427	0.0001742817818294464	6.59737792923923e-05	1.3572659975124438e-08	0.00011883939729065334	8.635041103900857e-05	4.3609156073298215e-05
14.33	3.1923935681725314e-06	6.51689925130278e-07	0.0032253240618573	3.905622252825634e-07	1.6011989768572303e-06	0.002743970687143586	2.174983644840114e-05	1.457909316229843e-05	-5.0581463086781e-06	5.8948996002186175e-05	2.558195747450352e-05	-6.781619802846077e-05
14.34	2.5353757409643004e-06	4.786077856125796e-07	0.003224915653710141	4.0853332977180475e-07	1.2298859713374887e-06	0.002742922740881025	-0.00013725485607493708	-4.2437682388690314e-05	-7.327128505456101e-05	-2.4486253667402946e-05	-7.703589119429696e-05	-0.00013532199558155737
14.350000000000001	7.188506979802766e-07	-2.689954597133961e-07	0.003224159651832602	-1.308891842460138e-07	9.895071558066289e-08	0.002741689207090069	-0.00020248725072781823	-7.750954328331544e-05	-3.320828177712279e-05	-7.114536087671573e-05	-0.00011734014973909074	-0.00011206088310419549
14.360000000000001	-1.1023628759489587e-06	-9.704694754063621e-07	0.003224147463242143	-9.070876795789796e-07	-7.12969345416388e-07	0.0027411751443006775	-0.0001769711412823888	-4.8255451375994895e-05	3.063806461968005e-05	-7.34595246832436e-05	-3.4627650793545565e-05	9.961223180850431e-06
14.370000000000001	-2.5099107422186803e-06	-1.2783473704438643e-06	0.003224536371711723	-1.4204890987748512e-06	-6.518386569384341e-07	0.0027416327226153355	-9.549681196824162e-05	-2.0409518283430056e-05	5.6800481939979744e-05	-9.011989722703186e-06	4.631579444983565e-05	9.007728714593565e-05
14.38	-2.7227296375175727e-06	-1.2552589355086089e-06	0.0032250235823893447	-1.1136303811250907e-06	-1.1583665679249553e-07	0.0027427303245882223	5.7241632153558934e-05	3.5659105544676614e-05	2.2053137836721783e-05	7.43458629227532e-05	8.019518513193653e-05	0.00012108140215148075
14.39	-1.7665584871788114e-06	-8.078855268457723e-07	0.003225098602795034	-1.9931098609398932e-07	7.531945229349119e-07	0.002743923875630558	0.00012867737617655348	7.391825502127773e-05	-2.0237361315015602e-05	9.029116255917767e-05	9.813767944802456e-05	9.517875834546885e-05
14.4	-3.5783711663948595e-07	1.677949058765447e-07	0.003224862904774327	8.115054821509164e-07	1.5596952572932976e-06	0.0027445051759157567	0.00011960656188189768	0.0001252636273810844	-3.528463678946789e-05	9.597067077872748e-05	4.959425401788563e-05	1.5289166185197274e-06
14.41	7.316412012225963e-07	1.2905971086256332e-06	0.0032245231388662145	1.6294591743048266e-06	1.7740901557855924e-06	0.0027439589441404	7.949283343893118e-05	0.00011127584310381266	-2.7822853576997433e-05	3.258607612903021e-05	-5.2523295223957065e-06	-0.00011359336503289475
14.42	1.3301741647328608e-06	1.8650930534445138e-06	0.0032242545939591655	1.4040510137551789e-06	1.3003499346857815e-06	0.0027422838803663734	1.9620757765960076e-05	2.099898892711349e-06	-1.0471650150114936e-05	-6.486971499082447e-05	-9.608802545641059e-05	-0.00018664745274614504
14.430000000000001	1.0549039440286348e-06	1.2950113866760313e-06	0.003223970529186086	5.044400621985328e-07	1.1695665410901392e-08	0.00274079179993116	-6.964991041201124e-05	-9.372404143374046e-05	-2.085809499947661e-05	-0.00010103624344944048	-0.0001507272463993783	-9.651545048256054e-05
14.440000000000001	1.862991182155493e-07	2.286856597620386e-07	0.0032241194158631747	-4.438163051244657e-07	-1.40913198061802e-06	0.002740646890735291	-0.00010983932944356562	-9.757617486093265e-05	3.1668781771897485e-05	-9.355689247832659e-05	-0.00011955523932411851	6.79726299942738e-05
14.450000000000001	-1.0853824196306273e-06	-5.545165268278729e-07	0.00322462321126583	-1.3814418251560042e-06	-2.1752512443674585e-06	0.0027421068163754276	-0.00012686943478109128	-4.225569005937785e-05	8.556574091131819e-05	-6.949292748934477e-05	-4.430451639797593e-05	0.00020755572292396128
14.46	-1.9872672634799004e-06	-7.917231252174755e-07	0.0032253187679285433	-1.4621484083635762e-06	-2.130670647340801e-06	0.0027441626232976584	-5.380631712813012e-05	2.0999034850548957e-05	2.0927471514006314e-05	6.403396067200417e-05	5.897409332390211e-05	0.0001711463446917211
14.47	-1.915075177748167e-06	-5.104861721576544e-07	0.003225729180431118	-6.174972492115746e-07	-1.1385336346949645e-06	0.0027453338522962782	5.6447299081772684e-05	2.720026367504977e-05	3.583979929635618e-05	0.00010449811566646442	0.0001323008289079408	6.225051504974804e-05
14.48	-9.918902982851108e-07	-1.5441795513825187e-07	0.0032259714796967157	5.196342185499748e-07	4.5807028203956347e-07	0.002745005393548256	0.00011893638252459016	4.915523761223828e-05	-9.483419408582436e-06	0.00014077736318127563	0.0001769460849286096	-0.00010709806020103794
14.49	1.5584442962501079e-07	2.502590956278976e-07	0.0032257417226170724	1.7076285481193054e-06	1.8855588267358217e-06	0.0027432764292637324	9.844701954339482e-05	3.207744094496109e-05	-6.293669305268273e-05	8.106401255226365e-05	9.729249494410785e-05	-0.00022280743107457233
14.5	8.209255091234179e-07	3.922254300460804e-07	0.0032247529412548037	1.9632669039648796e-06	2.5793082301225343e-06	0.0027414417530177274	1.9359091027600848e-05	-1.542925725699366e-05	-0.00012249427283879112	-8.042451343661264e-06	3.845974985076494e-05	-0.0001463064471399003
14.510000000000002	7.305088532399245e-07	-1.438298234404139e-07	0.0032236978121350547	1.4652563601341203e-06	2.3409523114096887e-06	0.002740572983395795	-4.4996321159867784e-05	-7.308674787018852e-05	-8.606781029319955e-05	-9.754340491674698e-05	-5.953708732143415e-05	-5.426788535589892e-06
14.520000000000001	-7.970897950770791e-08	-9.061943624192959e-07	0.0032232535185069537	1.44449728498559e-07	1.4797092907605227e-06	0.0027409105724189747	-0.00010151320941925885	-6.102271550965702e-05	2.3388488178068623e-06	-0.00016743129884868628	-0.00013412409138099837	8.12892156075652e-05
14.530000000000001	-6.682967446255704e-07	-1.260696000912991e-06	0.003223635026011708	-1.393573541865063e-06	-2.274517966244341e-07	0.0027419974322304254	-1.3933124311878876e-05	-1.2732122682354206e-05	7.975118215240696e-05	-0.00010978614820379128	-0.00017839654880817527	0.00011763644233055295
14.540000000000001	-6.494620616736265e-07	-1.148792672980227e-06	0.0032246032642418176	-2.321548330188986e-06	-1.678489153662488e-06	0.0027432039133205013	-6.052234645095574e-06	4.2481003317593516e-05	0.00011630001774301056	-4.926175308021392e-05	-9.367760822506942e-05	9.293493024579465e-05
14.55	-2.896287036440572e-07	-4.967459159650602e-07	0.0032257233260965727	-2.231797408226121e-06	-2.1464335314570917e-06	0.0027435691608780734	6.236925666127205e-05	9.250222628051756e-05	9.485107206935598e-05	6.499954807278154e-05	-9.063159049902859e-06	-1.1031487911084012e-05
14.56	4.770912342519236e-07	4.969657890155316e-07	0.0032262524407562906	-1.2334300295133616e-06	-1.8789428404827305e-06	0.0027433698536877063	6.277705354017559e-05	9.371104416559093e-05	2.5916697887083823e-06	0.00012222673915052864	8.528884633164219e-05	-5.899925100072744e-06
14.57	8.76511602058402e-07	1.0873908473488805e-06	0.0032258714139577096	2.8079627251031893e-07	-9.353502932364937e-07	0.0027431607347780966	2.00184406748117e-05	3.579829295017283e-05	-7.568600301654068e-05	0.0001597275389050882	0.00011617928228462208	-2.227907423024184e-05
14.58	9.397395077232735e-07	1.2517021700827516e-06	0.003224740437748077	1.8081448566270157e-06	2.6535999312730854e-07	0.002742707515108137	-3.150851721149953e-05	1.6511347876354606e-05	-0.00013026431266485676	0.00013319988021269063	0.00010249971029978169	-6.617059037776826e-05
14.59	1.1581723770818958e-07	1.0430575882485744e-06	0.00322347420984335	2.512747974494544e-06	1.117869600048244e-06	0.002742143997420869	-0.00012882808560825878	-5.365609818020529e-05	-9.064314702725848e-05	1.6981886739090134e-05	7.549201498101917e-05	-3.468620440753891e-05
14.600000000000001	-1.2110959724911471e-06	3.799850381418692e-07	0.003222890453501583	2.1579885964215307e-06	1.484979886151659e-06	0.0027418305494724218	-0.00011838359092186635	-6.728214215531889e-05	5.268791090803464e-07	-7.371834897315876e-05	-1.5595282831077928e-06	-2.554358191934871e-05
14.610000000000001	-2.0535681221762907e-06	-2.1987165181508252e-07	0.003223494032652999	1.1277834651780263e-06	1.3217670261690295e-06	0.0027417375643924097	-4.922637736344254e-05	-6.440146422466489e-05	0.00012302628016832952	-0.00013235725955065825	-5.849784867857871e-05	1.233593824026292e-05
14.620000000000001	-1.970750611861414e-06	-7.493685924939496e-07	0.0032248104862412906	7.94608762910646e-08	6.229155150940467e-07	0.0027421492780489863	5.610626168012487e-05	-2.8597492154192743e-05	0.00012914801279292022	-7.580501364453869e-05	-0.0001062266005810772	5.050983282589279e-05
14.63	-1.1769817707205206e-06	-9.246965660405267e-07	0.003225736603398237	-7.181743022655938e-07	-8.394485034355929e-07	0.002743182604209842	0.00010800316286314542	1.1213156281442407e-05	5.50398011158497e-05	-7.522860217781772e-05	-0.00012459884107769988	0.00013978090432758674
14.64	8.044348304862029e-08	-7.545162896351764e-07	0.003226136937584731	-1.2401167207806112e-06	-1.915669360756168e-06	0.0027446914642938474	0.00015444148323666984	3.6997077328000846e-05	2.8822784356628546e-05	-1.9228534372171698e-05	-8.667950610294261e-05	0.0001396131132303939
14.65	1.632843628951965e-06	-1.2738288837268967e-07	0.0032259316162942192	-1.157119560288604e-06	-2.3959841289981746e-06	0.0027452603838265676	0.000132262120908982	8.40459405719083e-05	-5.4769171663103115e-05	1.7627904806926613e-05	1.9597039522177278e-05	-3.7683858193510144e-06
14.66	2.465606469770639e-06	1.1884899916983587e-06	0.0032250511589267997	-6.998867146371176e-07	-1.748225780495234e-06	0.0027443592509874427	3.6110194662181324e-05	0.00016299384664514045	-9.658429923321595e-05	4.377301748005264e-05	9.982468322160054e-05	-0.00018418180812662546
14.67	2.0437548940753333e-06	2.5184770199536603e-06	0.0032241268461210915	-2.801601413368504e-07	-8.658420961608085e-07	0.002742253338884282	-9.128192882466427e-05	8.942034994520862e-05	-7.443604982561381e-05	4.469905226641498e-05	9.628368170384593e-05	-0.0002359882329862538
14.680000000000001	7.858980576313565e-07	2.977996684221414e-06	0.003223617215630028	2.8024502339309305e-07	8.587189967637311e-08	0.0027404548790537324	-0.00016544269569670838	-2.0419052181936535e-05	-2.4055641570031014e-05	5.4538920121776967e-05	8.609396285590452e-05	-9.846280140505562e-05
14.690000000000001	-9.297907655307968e-07	2.1480574416883946e-06	0.0032235652481519086	5.581567059178189e-07	6.218917761052096e-07	0.002740139187311037	-0.00016685752728677877	-0.00014823620862572297	4.08061732781757e-05	5.130554654956921e-06	3.258896748990746e-05	5.292614989512569e-05
14.700000000000001	-2.334490444535686e-06	2.1394048023935183e-07	0.0032244183870249053	5.187861646087062e-07	8.650308474100183e-07	0.002741592123139198	-8.13594226548453e-05	-0.00022339128648786374	0.00010957381679160599	1.381316315667873e-05	1.5344414497561468e-05	0.00021670478283043445
14.71	-2.598189227329542e-06	-1.685890393845226e-06	0.0032253883219212423	5.560570798360389e-07	7.30410505649878e-07	0.002743452772449089	5.5014698170271574e-06	-0.00013892359955367805	0.00010098427191600148	-1.1517314016666616e-05	-4.3161131671498936e-05	0.00017153698942502275
14.72	-2.0497310902378227e-06	-2.6375659886100063e-06	0.003226136233991076	6.36918703366187e-07	-7.796168334999913e-08	0.0027447990916884607	9.724662732670085e-05	-6.126223115631053e-05	5.3466618430522734e-05	2.8811849599415555e-05	-0.00010724356723808432	8.070645019725622e-05
14.73	-7.794220402994318e-07	-2.4999321099861546e-06	0.003226339172914589	7.001308066548087e-07	-9.508083263975916e-07	0.0027448755667410112	0.0001546045715473978	6.678158630514301e-05	-4.4042673676344055e-05	-2.5138909447343614e-05	-6.660771040295926e-05	-9.233333769286995e-05
14.74	9.223818019539691e-07	-1.207031147516224e-06	0.0032256197264373364	3.2247056554456467e-07	-1.039501214465535e-06	0.0027433008673308067	0.00015004671648888578	0.00017609662042088325	-9.246934944531715e-05	-5.348968533319053e-05	4.1750202973429004e-05	-0.00019873109672002577
14.75	2.2207156473017346e-06	5.492911668912862e-07	0.0032245871295683163	-3.952120903096143e-08	-4.487803839759998e-07	0.002741508745207021	0.00010647259860824726	0.00015660855583356998	-0.00010194691655684929	-2.1661754996688308e-05	7.960575858958952e-05	-0.0001203087233798689
14.760000000000002	2.797341540406642e-06	1.7795321584839798e-06	0.0032236132249784206	-1.722493854659717e-07	2.127888390262626e-07	0.0027409230793619638	5.009436736139857e-06	6.63755088466614e-05	-7.174674459226042e-05	-1.6025021317090362e-05	5.122417880717387e-05	-2.1096082989085103e-05
14.770000000000001	2.3597784582309086e-06	1.9035028268893172e-06	0.003223315510690936	-4.604902917452885e-07	5.484212613031302e-07	0.0027412654349890284	-8.289663980865204e-05	-7.257580880851256e-05	-7.25118370664468e-06	-3.825610020379982e-05	4.663925460325879e-06	6.656718953144e-05
14.780000000000001	1.1101552570669499e-06	8.277987742674757e-07	0.0032236178241324045	-7.671592652530899e-07	5.23944352962023e-07	0.002742286209317594	-0.0001277146454505706	-0.00011609621029466857	6.594517671212965e-05	-4.476842022178108e-05	-1.5042766969825733e-05	0.00011027255926596088
14.790000000000001	-3.2003380126548137e-07	-2.1407921595791902e-07	0.003224533071238149	-1.4518100032626475e-06	1.5394441802667338e-07	0.0027432191643188206	-0.00014869856303485027	-8.621846883695253e-05	0.00012369661620246087	-3.292370847419529e-05	-4.304913165309189e-05	6.678813026133108e-05
14.8	-1.2908742215176832e-06	-8.7802856749305e-07	0.003225729733251312	-1.6838253458266874e-06	-4.583205672743472e-07	0.0027438406065840642	-5.0701182665173184e-05	-3.2845912435573936e-05	0.00011210832006426518	-5.886066835224684e-06	-6.232531873591132e-05	7.092871431280453e-05
14.81	-1.3222948560115705e-06	-9.66330322719514e-07	0.0032265293216899907	-1.4975632420264303e-06	-7.580434242795983e-07	0.002744391339283003	3.793366130387078e-05	3.2865417401545935e-05	3.1646622548854476e-05	2.856626338932854e-05	2.3348750867506846e-06	1.2416517632070087e-05
14.82	-5.801236058311939e-07	-3.9777570983024603e-07	0.003226139129024339	-7.719431606458769e-07	-4.424045904101346e-07	0.002743871000024017	0.00011392500336233303	7.15293141277518e-05	-0.00010360627931434761	9.177798102799586e-05	4.7694834869401315e-05	-0.000127220223420572
14.83	6.529881461445822e-07	5.053621764818151e-07	0.0032247460912413505	1.6016998757073992e-07	-3.204273701689378e-08	0.002742621752316621	0.00010554205628775534	7.851209472538499e-05	-0.0001537406003565013	9.163611752474665e-05	3.0505172795416214e-05	-0.0001150975447293869
14.84	1.2913247258777405e-06	1.4547251403538514e-06	0.0032231263562131603	9.648536672961217e-07	3.2121246433820966e-07	0.002741858731792753	2.8491216476620272e-05	6.431750629961435e-05	-0.0001399567631190385	6.452921371639557e-05	4.1655045751772786e-05	-5.9414290216712266e-05
14.850000000000001	1.1837320225210584e-06	1.4872883051080733e-06	0.0032225832023967367	1.23691239015631e-06	3.8606598852174066e-07	0.0027416799527196028	-5.426486382588859e-05	-2.5942618353856186e-05	4.065495458063521e-05	8.676602918478942e-07	-2.917833365836261e-05	6.045588708596155e-06
14.860000000000001	2.858686052639525e-07	1.0058665859246752e-06	0.0032236129350585747	6.752097288905577e-07	5.930614902736554e-08	0.002741940605346634	-9.856603811133878e-05	-5.9105863433604126e-05	0.00013127999528700235	-9.05580892481062e-05	-2.967617269322545e-05	2.220953863994223e-05
14.870000000000001	-5.907621570252949e-07	1.1271425597426451e-07	0.0032251065206231966	-1.5877250500627749e-07	-3.1908123061269327e-07	0.002742227189281668	-0.00010004457577460378	-8.849454748200869e-05	0.00015902493732351493	-9.497593538456884e-05	-4.112527420562332e-05	5.088652910232596e-05
14.88	-1.2882751873566141e-06	-6.929303645231641e-07	0.0032262539081975446	-7.334055831376052e-07	-6.735829105043323e-07	0.0027427240963135598	-5.603867832251393e-05	-4.738504449438523e-05	4.6214378047997504e-05	-3.5824223454244608e-06	-3.507018978696016e-05	7.982077672133744e-05
14.89	-1.3000846578884547e-06	-8.326952954868486e-07	0.0032260738272287116	-7.195196775538729e-07	-7.814589772136928e-07	0.0027434320621913966	3.976492268232279e-05	1.744387683303105e-05	-7.549543736862952e-05	7.704401630867288e-06	1.4541055932224652e-05	5.1703484555782166e-05
14.9	-6.905898434125788e-07	-3.7427160798156384e-07	0.0032249219853450915	-5.472361364820954e-07	-6.413420038070435e-07	0.0027437786631289243	6.486300256947961e-05	7.695618078738552e-05	-0.00013343023944535615	2.163837599738081e-05	2.7340829843487925e-05	3.9624724318483876e-07
14.91	1.3872208349968618e-07	3.1956370628178174e-07	0.0032237097460179422	-3.7117878109581244e-07	-1.0621330044813324e-07	0.0027435351316935884	8.727571975659023e-05	7.765560775764169e-05	-6.876813319892197e-05	4.087478991684761e-05	6.73429031342251e-05	-7.002795087580065e-05
14.92	1.0153275683110545e-06	1.0312384377690587e-06	0.0032233827804770162	1.7871660177835698e-07	4.20560123800016e-07	0.0027424873573948885	5.9126675964764146e-05	8.192028122493291e-05	3.7456605334717575e-05	7.80788983536634e-05	3.444067110359275e-05	-0.00012434155870143075
14.930000000000001	1.5850651927717648e-06	1.42621490236531e-06	0.0032240170869823627	8.457347451617903e-07	3.965103012577018e-07	0.002741355174994586	5.1582340961546535e-05	7.429477105120116e-06	9.14515564130974e-05	7.304436248936294e-05	-5.131651489210715e-05	-6.972137108447254e-05
14.940000000000001	1.6867743728244475e-06	1.0703980055616921e-06	0.003225107779189013	1.38757226744898e-06	-2.860914983344724e-07	0.0027410794983439087	-7.290730107968165e-05	-6.638164034242604e-05	9.64467033591901e-05	1.6270669655886012e-05	-7.049189913798351e-05	5.2656877985987345e-05
14.950000000000001	5.644130667242319e-07	-1.5212315377873368e-07	0.003225496110585056	1.0232572779925178e-06	-9.21857704716384e-07	0.0027423240405635525	-0.00013583003658514998	-0.00013787482949009712	-2.709607488427554e-05	-9.110160686008601e-05	-4.195430864590506e-05	0.00017328508868916744
14.96	-7.899881713535417e-07	-1.42532300162292e-06	0.003224956671784871	1.5960112476374433e-07	-8.45547202996744e-07	0.0027439269464821195	-0.0001310991115824943	-0.0001197635013486753	-5.1191486084138494e-05	-9.030313622172618e-05	5.3711900752500096e-05	0.00014032010055966927
14.97	-1.6781636557930942e-06	-2.1124146555172824e-06	0.0032247147383304958	-9.193070671234186e-07	-3.542064544832224e-07	0.0027444969495874078	-3.0161651358797317e-06	-9.302846538313523e-06	4.644053996300178e-05	-0.00010144357101924075	5.1344316874798456e-05	-3.881222231412046e-05
14.98	-9.58538417390299e-07	-1.7560668866603189e-06	0.0032253662950928953	-1.2331318500741393e-06	4.65882319072542e-07	0.002743559801533306	0.00012102236328883644	9.193316227150933e-05	6.868883990367043e-05	2.944548829660217e-05	0.0001008192364982544	-0.00011869789856379818
14.99	4.6254482142824136e-07	-4.40320932459366e-07	0.0032260649896886867	-8.74217028037651e-07	1.4647498419881541e-06	0.0027423220991512243	0.00014611091321630907	0.00015800352062168754	4.431563588228016e-05	3.972634571635613e-05	6.594513042298135e-05	-0.00010824157211068466
