0.0	-1.337151448501382e-05	1.4481188853544833e-05	0.003226275022616231	-8.394075262441701e-06	4.425543503611238e-06	0.0027438235675765342	0.00026978248543506247	0.0002095338218041606	0.00011528922591001745	0.0001689759105079264	0.0001407847161245449	-3.32827161357224e-05
0.01	-1.0494800156101647e-05	1.62591713137653e-05	0.003226856817694189	-6.429047988714215e-06	6.077233757226334e-06	0.002743158209789437	0.0003125375075091792	0.00013984139661444637	-2.6401853416128144e-05	0.00021416637353415566	0.00019738413633622794	-0.00010055430653609726
0.02	-7.138110148415727e-06	1.7270530156661914e-05	0.003225943540103238	-4.375598793874705e-06	7.847011160056243e-06	0.002742249900618482	0.0003549974739355219	4.886025340689541e-05	-0.0001347939259657897	0.00021691339832794265	0.00016264059179738565	-6.162593538843207e-05
0.030000000000000002	-3.6608140237687534e-06	1.727762121430652e-05	0.0032241318133953817	-2.3884117763221756e-06	9.289924396804706e-06	0.0027418030575948795	0.0003520880278876537	-5.3992106922401394e-05	-0.00020030213932305835	0.00018855425859990634	0.00013253197671760187	-2.0281851205392783e-05
0.04	-1.6251975782746915e-07	1.6050099954631547e-05	0.003222637066565299	-2.923389851866348e-07	1.0042611641529308e-05	0.002741841861579028	0.00035543359534944395	-0.00018780082888416794	-6.819844616842817e-05	0.00024385896525151675	1.8563082549156673e-05	1.5990040149292783e-05
0.05	3.3112478315708254e-06	1.3546804640397211e-05	0.0032227715852872416	2.1028595251307394e-06	9.94114453422532e-06	0.002742157704603212	0.00032180142874231073	-0.000320152226876926	0.00011713104236519661	0.0002344930003922363	-6.901269502883509e-05	4.1024254618711476e-05
0.060000000000000005	6.534476845299812e-06	9.786441139928197e-06	0.0032246900590219437	4.166266778962671e-06	8.76099054886113e-06	0.0027424979909864183	0.0003054280457921537	-0.00041692508091272857	0.00022092574363129789	0.00018088873955729047	-0.00015453104021193213	2.6097377031456943e-05
0.07	9.38694518744191e-06	5.262265839051453e-06	0.0032264067261302412	5.743696497528232e-06	6.7919984553023445e-06	0.002743180415934598	0.0002445044915269248	-0.0004999538356060726	9.394246879550222e-05	0.0001472081248304087	-0.00022606158920320665	7.181286548960457e-05
0.08	1.1494813864160629e-05	5.914228054540166e-09	0.0032268196217496103	7.110111943541517e-06	4.306028833587469e-06	0.0027438774332777063	0.00017232862816386643	-0.0005530477865972535	-1.680944613892956e-05	0.00011783938889233222	-0.0002648367527295149	8.043577584801696e-05
0.09000000000000001	1.2610606126359766e-05	-5.4895555370742135e-06	0.0032259561997940002	7.831790267394615e-06	1.6651199602937802e-06	0.002744146015980582	6.337532129499526e-05	-0.0005465825595608137	-0.00012016025076721804	2.91598688882754e-05	-0.00027129460713619163	-9.328165615897516e-06
0.1	1.2906893696723037e-05	-1.0917030837670697e-05	0.0032245796211621243	7.606176477290659e-06	-1.1971486016610609e-06	0.0027437991666096396	-2.9824548278212688e-05	-0.0005178170249815716	-0.00014947029238166168	-5.8504846302225396e-05	-0.0002840777301457723	-8.182500872650469e-05
0.11	1.2318749182895572e-05	-1.5770656809096247e-05	0.0032235523391507467	6.7076360280709295e-06	-3.89877016471725e-06	0.002742451409474456	-7.961396902794733e-05	-0.000437079848684382	-3.4215361407646686e-05	-0.00011010802944034308	-0.00025395940257797036	-0.00014918021334568287
0.12000000000000001	1.1046132141295538e-05	-1.9806890648610642e-05	0.003223655966974936	5.310233825822304e-06	-6.263549534660079e-06	0.002740829940893094	-0.00015825635201500125	-0.00037629268038445415	3.3028790511270046e-05	-0.00018923059164428524	-0.00021932374671188034	-0.00014495296201369736
0.13	9.367436610747677e-06	-2.3122677504354146e-05	0.0032238380030952265	3.1404969244547048e-06	-8.286056877347489e-06	0.002739874651527535	-0.0001873287217711194	-0.00027981886749989634	2.0808162904685226e-05	-0.0002185825660608708	-0.0001907980523045203	-2.2144365215159425e-05
0.14	7.621139731069235e-06	-2.549905704459809e-05	0.003223955499093825	9.074371369246664e-07	-9.989005796017385e-06	0.002740637813903899	-0.00016893333952782002	-0.00020927360375809414	9.828015223802624e-06	-0.00021719813403079283	-0.00015376016938709676	0.00015460168078547046
0.15	5.904982888918017e-06	-2.6853297690011766e-05	0.003223947967583148	-9.694347429174432e-07	-1.1260958793925184e-05	0.002742595246363703	-0.00014766443590042105	-8.536370060411987e-05	-9.233608920288162e-06	-0.00014064434544770456	-9.498696032326807e-05	0.0002167120863086894
0.16	4.6312822062652755e-06	-2.6875048863203193e-05	0.0032241978249675043	-2.1233668048982777e-06	-1.1751920628718521e-05	0.002744547173277195	-9.488464271745015e-05	5.609458479771782e-05	5.203396403439344e-05	-0.0001193530971294874	-1.9764642772074335e-05	0.00015267969776079404
0.17	3.826482028785631e-06	-2.5792113000867645e-05	0.003225153720578599	-3.089448606968416e-06	-1.1650452542803988e-05	0.0027454824519686782	-7.943067319056166e-05	0.00015033349996862797	0.00011570489815241566	-8.503561685994714e-05	4.311771727504994e-05	1.9840936799452996e-05
0.18000000000000002	3.1821653381930478e-06	-2.3872711253005986e-05	0.0032262778483159436	-3.548906847001599e-06	-1.0723553013380415e-05	0.0027451355564496746	-4.520497914451855e-05	0.0002294909586576354	8.868064343682751e-05	-3.20209849226282e-06	0.00013312459685913322	-9.356188989962516e-05
0.19	2.9344448761216686e-06	-2.0878547500960478e-05	0.0032266466042845565	-3.185916115992094e-06	-9.128664611770982e-06	0.0027436598615420563	-1.9584268658107595e-05	0.0003282918263278742	-2.0445161809793332e-05	8.811384142109251e-05	0.00015630451709730054	-0.00017623530836156635
0.2	2.8498598683482103e-06	-1.723027802465456e-05	0.0032257064615622702	-2.0329842608728526e-06	-7.267491816168245e-06	0.0027419235099173343	1.7696974204298135e-05	0.000390161977364186	-0.00015904467449997427	0.0001396609359247511	0.0002035014134783591	-0.0001645319573393501
0.21000000000000002	3.3133758475136286e-06	-1.3204779167234082e-05	0.0032239045645954235	-2.808606412049682e-07	-4.9653006581021464e-06	0.0027408746929142797	5.287948562255052e-05	0.00041971302692360283	-0.00017665589664645482	0.00019907878217939308	0.0002411105597953281	-3.905490830063504e-05
0.22	3.606757759611794e-06	-8.792876686384998e-06	0.0032227855403445436	1.6423574743885775e-06	-2.4003581578437986e-06	0.0027411991274213783	1.9053992211804453e-05	0.0004340377011672141	-5.579680056157951e-05	0.0002037631311168436	0.0002694468141737785	9.341317816024469e-05
0.23	3.951403690382651e-06	-4.601979938816655e-06	0.0032230055127993574	3.4329284255447013e-06	4.2084553056960043e-07	0.0027422505217842104	5.0614762855488055e-05	0.00040236122862191936	9.204248488427982e-05	0.00016764304461703149	0.00027875548775843395	0.00012142795223217625
0.24000000000000002	4.242151190505339e-06	-5.681495828627481e-07	0.0032244764680273066	4.9748468420499035e-06	3.020606531338206e-06	0.002743536922231712	4.734760747089277e-06	0.0003804455187300282	0.0001752185585495998	0.0001301374489473669	0.00023649424255352006	0.0001202080475257615
0.25	4.182473478436046e-06	2.9967012864374386e-06	0.0032263712588643544	5.960828631822046e-06	5.110989479027331e-06	0.0027442692647543236	-1.3930596540357668e-05	0.0003264743918453765	0.00017124556545741341	5.3723219341348524e-05	0.00017756115260613963	4.02943708331437e-05
0.26	3.7471397338174886e-06	5.814062637087114e-06	0.00322744400799786	6.416780802459519e-06	6.501324147727127e-06	0.002744033024052223	-8.297232636060708e-05	0.00023672990368355472	3.425487866755334e-05	1.943536720962188e-05	8.53937780911027e-05	-5.4867431571118064e-05
0.27	2.3146129540528223e-06	7.317717288971488e-06	0.003226836453614431	6.120787240879656e-06	6.848926738272612e-06	0.0027431494046724703	-0.0001795726839211352	9.33690418774461e-05	-0.0001529044785439707	-8.495300417899999e-05	-1.617742287487067e-05	-9.33391210959263e-05
0.28	1.4646236242953975e-07	7.897098613294963e-06	0.0032245905001118606	5.01324175726589e-06	6.462851978516148e-06	0.002742173235224435	-0.00026324692529079225	2.7879705102665743e-05	-0.00025583857917850365	-0.0001441409481308621	-8.4657359660321e-05	-8.243570960072062e-05
0.29000000000000004	-2.549348185008779e-06	7.846841443841869e-06	0.003222217169641773	3.3183726510662654e-06	5.270744622051309e-06	0.00274145270686824	-0.0002728081934729334	-3.219473258565628e-05	-0.0001845543554355973	-0.00019863855305099438	-0.0001496172106001973	-4.899411909053752e-05
0.3	-5.200648544847095e-06	7.253539345300639e-06	0.0032217102707212454	8.269014480209782e-07	3.7453344894205663e-06	0.0027411707086515283	-0.00024089875784870493	-7.99011987230077e-05	8.341223632036205e-05	-0.00028486811187217404	-0.00017696805545658212	4.4789378291163894e-06
0.31	-7.3313195578703595e-06	6.240529297626668e-06	0.003223427636399712	-2.2094620707021687e-06	1.9211772444731e-06	0.002741560429886433	-0.00019340906347687932	-0.0001120803253495672	0.00023500596495808863	-0.00029220262586287214	-0.00020301908735014505	5.62618422245351e-05
0.32	-9.045044790405297e-06	4.78249547977326e-06	0.003225975708111349	-4.925167964936006e-06	5.023978216880656e-09	0.0027424621214395934	-0.0001761324542407355	-0.00015539660296950882	0.00022659536775538323	-0.00024885701663155974	-0.00018597381423130882	0.0001173665330998904
0.33	-1.0459364851923199e-05	3.4175093907061704e-06	0.0032274887212331684	-7.12322784260227e-06	-1.8048921543888404e-06	0.0027435143102290767	-9.82496005355035e-05	-0.00012900021216126606	4.412910578690956e-05	-0.00018085006444595062	-0.00018476755360289713	0.00010497114857323093
0.34	-1.088522944991172e-05	2.455637128209312e-06	0.003226869526557948	-8.787107972071444e-06	-3.6244491638721395e-06	0.002744403916926513	1.0990005579793666e-05	-9.828984043620966e-05	-0.00015667813953816164	-0.00014840006315673562	-0.000186859338915917	6.743281857254753e-05
0.35000000000000003	-1.0117229755537452e-05	1.7253131737030742e-06	0.003225060511267001	-9.78787759704001e-06	-5.103833450732721e-06	0.002744711523021207	0.00013797716370601224	-1.7944374331931127e-05	-0.000192652722171182	-4.758355618237081e-05	-0.00010705526415160757	-2.4205268035844848e-05
0.36000000000000004	-7.978480219484157e-06	1.929917617582167e-06	0.003223715358037005	-9.529885684139894e-06	-6.146599710299211e-06	0.0027438653593124807	0.0002681469159078266	6.163641456514773e-05	-6.756325447047264e-05	0.00010022030111081173	-8.330569657815566e-05	-0.00015309399737679485
0.37	-4.737272249001883e-06	3.0197634966347093e-06	0.0032236852473860765	-7.930582021616126e-06	-6.6263238150803945e-06	0.0027422624912015036	0.0003747665809448245	0.0001428545413090951	2.839405396244085e-05	0.00019057706309973108	-5.7968115242658625e-06	-0.0001721229881681032
0.38	-8.678896634185802e-07	4.889332082521688e-06	0.003224081036535474	-5.885074250190452e-06	-6.0568776267563084e-06	0.002740977435156899	0.00040619028896553467	0.000250326711852108	4.128177790485365e-05	0.00021720401768798164	0.00010323492904906638	-7.361819182947719e-05
0.39	3.5973291223823602e-06	7.845163394975696e-06	0.003224483230048727	-3.2975928137970543e-06	-4.4203590594318325e-06	0.002741155053236433	0.0004631836476165417	0.0003332755506191245	1.945399973642865e-05	0.00030777766769653924	0.00020630459524784066	8.976546112970693e-05
0.4	8.239042042685077e-06	1.139115410772715e-05	0.0032248150792335978	-1.644259651932496e-08	-2.1652375923907274e-06	0.0027425012341923383	0.0004513510081532887	0.0003780690027527655	5.511334106501551e-05	0.00035976992001881224	0.0002525438641638409	0.00015218049507001593
0.41000000000000003	1.2754519167363622e-05	1.5132806137479019e-05	0.0032253855356880992	3.6579523389726065e-06	4.748358626108678e-07	0.002743664138308574	0.00044949385028118663	0.00037398798104256836	6.339983124199092e-05	0.00035795930664664545	0.00028834453165565586	9.599904248914572e-05
0.42000000000000004	1.7047117279364542e-05	1.8929863802674694e-05	0.00322581897667043	7.102196138469006e-06	3.4804613111083058e-06	0.0027442393357677394	0.000395517151034382	0.00036809597860979176	2.9416352566986653e-06	0.0003185214535058857	0.00031641529543639124	1.9966201227834744e-05
0.43	2.045335144539385e-05	2.221505283130363e-05	0.003225296023305157	1.0016043335890036e-05	6.628226549498787e-06	0.002744094327773744	0.0002782633089150466	0.0002827466789687952	-7.93160490202647e-05	0.00024748783960388925	0.0002927358960581819	-6.597091862991302e-05
0.44	2.2914510927100634e-05	2.440499692631007e-05	0.003224637553158238	1.2218516236048604e-05	9.410464158112493e-06	0.0027430957174085337	0.00019077329760074332	0.00016489590684542305	-5.939338019489325e-05	0.00018880134667111835	0.0002454077042716624	-0.00011109242745341458
0.45	2.3977611652619942e-05	2.5380509121119792e-05	0.003224016744637148	1.3575726377771172e-05	1.1228157906880122e-05	0.0027422675816945706	3.688064268288395e-05	2.5622673489853665e-05	-5.9061007262918087e-05	6.989950930442706e-05	0.00011480835512664034	-5.295944331054322e-05
0.46	2.3386257539511045e-05	2.459339818285968e-05	0.0032235821123331506	1.3774328886514838e-05	1.2015558634187724e-05	0.0027420583410505957	-0.00014988286172932546	-0.00016020183066740469	-3.113507850643924e-05	-2.147835498608181e-05	3.955040650504203e-05	3.0310013807608624e-06
0.47000000000000003	2.1152959494515345e-05	2.2509971921581107e-05	0.003223677650716249	1.3162414017422729e-05	1.1978161900665594e-05	0.0027423188011898177	-0.00029302608183896025	-0.0002678468929126307	4.328573393010377e-05	-0.00010549151045691121	-6.545936015327809e-05	5.3823006964389104e-05
0.48000000000000004	1.78783374456379e-05	1.9235490106353235e-05	0.0032244018145858398	1.162800157291711e-05	1.0708531272599125e-05	0.002743100403779862	-0.00037233269009932443	-0.0003852933653100522	7.631100202648222e-05	-0.00018407795211058313	-0.0001727112951995975	6.795810979136293e-05
0.49000000000000005	1.3480020005925813e-05	1.4780223248006183e-05	0.0032250114304091682	9.361494391660376e-06	8.805716222755459e-06	0.0027436114059714947	-0.0004883538306431525	-0.000497410255964001	4.5140201782296904e-05	-0.0002724142360280193	-0.00024188080817759435	2.3708719036616862e-05
0.5	8.250383097605414e-06	9.768402654975353e-06	0.003225329360476984	6.537040441073177e-06	5.994118725931877e-06	0.0027438749467243147	-0.0005528668851413459	-0.0005092202064083136	4.56983947977481e-05	-0.0003122910961983173	-0.0003291637881532153	4.5940811238016945e-05
0.51	2.5045396929965384e-06	4.448307815539516e-06	0.003225559959530441	3.6248083326218172e-06	2.5513660076673983e-06	0.0027441123837196307	-0.0005878854447064956	-0.0005481982392459017	6.050718508110569e-06	-0.00027819107165126127	-0.00037646231131837726	4.8689641366260556e-08
0.52	-3.376910293055533e-06	-9.510631064246777e-07	0.0032256209466625255	6.666622350577645e-07	-1.3968184361811675e-06	0.0027437006365649344	-0.0005787587558389453	-0.0005320834813632068	7.688080216550006e-06	-0.00032202745551194025	-0.00039336777618601996	-5.2612239345967434e-05
0.53	-8.889756706453451e-06	-6.088314913739467e-06	0.003225375459816432	-2.6364585422639217e-06	-5.191425237667389e-06	0.002742935332238635	-0.0005114380068808235	-0.0004779012851567236	-2.6941607149516273e-05	-0.0003597375981759686	-0.00037337448142118253	-7.717103032947653e-05
0.54	-1.385384952256763e-05	-1.025090139697421e-05	0.003224931422383428	-5.966256481463884e-06	-8.5573142287866e-06	0.002742423765327541	-0.0004408328293653649	-0.00034967859909640743	-5.390594159843679e-05	-0.00031052225077769514	-0.0003004388080229801	-4.648329468748367e-06
0.55	-1.7742410866948378e-05	-1.3149388988151076e-05	0.003224520673825505	-8.921817290981013e-06	-1.1185308737410798e-05	0.0027426980928782776	-0.0003484034575088866	-0.0002348035063321143	-1.155711073048236e-05	-0.00027094978754241945	-0.00022040178211608441	4.50856794928158e-05
0.56	-2.0516998907580324e-05	-1.4770069872134324e-05	0.0032247274036737708	-1.12267263694734e-05	-1.2669031716119372e-05	0.0027430449408634436	-0.00018629188927437432	-8.702282257720456e-05	5.434032453791461e-05	-0.00018087861753850347	-7.816007071592983e-05	6.834321622634453e-06
0.5700000000000001	-2.1796454330995568e-05	-1.4761314988059732e-05	0.003225374775898981	-1.2533008440813885e-05	-1.2749521137077368e-05	0.0027431843388662034	-6.379255935398235e-05	8.10575249261781e-05	5.139270627291964e-05	-6.441575115383885e-05	6.173470922593298e-05	1.6043229962684856e-05
0.5800000000000001	-2.1680090957452286e-05	-1.3237673910397991e-05	0.0032256799383114563	-1.2245362575244593e-05	-1.1665928540158624e-05	0.0027433521294059223	8.481484954293378e-05	0.00019000994052340437	-1.688989738714232e-05	0.0001107718978353058	0.00016014210386905528	1.9535053672819812e-05
0.5900000000000001	-2.0422048268729232e-05	-1.0779538556130843e-05	0.0032251442157299535	-1.0730881943481217e-05	-9.698890491788773e-06	0.002743387909837107	0.00017998029113775076	0.000297380272707117	-8.05536201468695e-05	0.00016931976239187752	0.00023095053033838332	9.99788011916705e-08
0.6	-1.8104209918302743e-05	-7.280231969218482e-06	0.0032243349325915133	-8.519181788264525e-06	-6.856298317545813e-06	0.0027433038741261125	0.0002881099839203217	0.00040546256396864825	-6.028212351242359e-05	0.0002549082495872534	0.00032994076746074234	-4.7869386282104467e-05
0.61	-1.467527050594769e-05	-3.2969324661347464e-06	0.0032243227980272558	-5.79432835690634e-06	-3.5602979611094317e-06	0.002742770477831965	0.00037385839192766764	0.00038569962412834203	2.210739036143745e-05	0.00027684337417249445	0.0003444452049641598	-5.556144968883798e-05
0.62	-1.075687121105352e-05	6.548215466751745e-07	0.0032245921793047035	-3.0398066929039093e-06	5.593338825966081e-09	0.002742083853392515	0.0004100944164130324	0.0003834001983584786	2.8303775456773965e-05	0.0002904197641610541	0.0003558816071844152	-5.3220412060066944e-05
0.63	-6.407007282173254e-06	4.370715408559671e-06	0.0032247437456905032	-1.2827490197145744e-07	3.4997272209849644e-06	0.0027418941212349543	0.00044526992762012837	0.0003556024650005652	-1.405725294787583e-05	0.00027454051157200523	0.00033352689349645993	2.6762035519179773e-05
0.64	-2.078670769888012e-06	7.698243661529872e-06	0.0032245740100823165	2.3398552683947967e-06	6.633381790816158e-06	0.0027424445606137357	0.000408438991035763	0.00030496948713926847	7.859204885672478e-06	0.0002340831515683643	0.00027374835199520613	7.064386866047984e-05
0.65	1.6559920744259965e-06	1.0104969463460907e-05	0.003224740947971113	4.452666546527901e-06	8.650815163096571e-06	0.0027430897423819855	0.0003387822229332976	0.00017372766884640565	1.75797179763831e-05	0.00020179458488138292	0.00014959933658519398	6.556373034080206e-05
0.66	4.731849895314471e-06	1.1297429698717528e-05	0.0032248751062779867	6.147162795770446e-06	9.726882152798407e-06	0.00274362230649213	0.0002795379543506319	4.762589273543869e-05	1.6978067961073406e-06	0.00013108378670454853	3.917100784492369e-05	2.1714180556617335e-05
0.67	6.7517747838249525e-06	1.124130681395657e-05	0.0032249328475665922	7.173717065611489e-06	9.858926192582526e-06	0.0027434971775751574	0.00012249412392444556	-6.438769078702417e-05	-7.140002956236356e-06	6.564743364780067e-05	-1.07318652725587e-05	-3.39127385275461e-05
0.68	7.289762273222977e-06	9.918882733979627e-06	0.0032248006921261887	7.543583522398449e-06	9.617789122641258e-06	0.0027429864777618307	7.720015166699594e-06	-0.0001923210812904755	-1.2811234247942663e-05	3.4604444898430396e-05	-4.9176437218243596e-05	-7.450028263823283e-05
0.6900000000000001	6.954806498386425e-06	7.61771964340626e-06	0.0032246104251453414	7.565842535028135e-06	8.945892325912123e-06	0.0027423728035784675	-9.181440492632612e-05	-0.0002760980059895628	-1.8750774018974387e-05	-1.6965879130969788e-05	-0.00011032729565368723	-4.172226138419287e-05
0.7000000000000001	5.8717801913438955e-06	4.176412906308102e-06	0.0032245770385618475	6.994296610626272e-06	7.170250398900428e-06	0.002742421855395442	-0.0001327178045268842	-0.00038223306188247614	1.638375055216999e-05	-9.617930755677099e-05	-0.00021373000445529947	4.622687898770157e-05
0.7100000000000001	4.123110075781625e-06	1.0868168112904911e-07	0.0032247509833317083	5.977141796010331e-06	4.6942943706559455e-06	0.0027427203038600007	-0.0001942862997118237	-0.0004271746910431296	2.5305905635007873e-05	-0.00013566590629096337	-0.0002755882283903628	3.057208833179525e-05
0.7200000000000001	1.8799874541906184e-06	-4.368041557848391e-06	0.003224901807319738	4.437200631576815e-06	1.7874773466154088e-06	0.0027430745383223037	-0.0002734239359658684	-0.0004816743569965537	1.4512412609664544e-05	-0.00014602689190232443	-0.00032023004600534766	3.5858207710566826e-05
0.73	-9.930634066576803e-07	-9.044282727669401e-06	0.0032248650604027817	2.7598076545380335e-06	-1.5612450798458112e-06	0.002743292710542041	-0.0002628307311145238	-0.0004424121351388751	-1.7339019310089028e-05	-0.0002032748226184174	-0.0003477793002440057	6.104919708106802e-06
0.74	-3.6077514695423023e-06	-1.3128219779844172e-05	0.003224801378082038	4.6145413362388535e-07	-4.751564279462581e-06	0.002743057769238613	-0.00025609767586286475	-0.0003687969188256221	6.29736621900891e-06	-0.00024402645093349098	-0.00030281432604569857	-6.654463055879105e-05
0.75	-6.222128119380954e-06	-1.6653956883982167e-05	0.003224825285376756	-2.075819940786544e-06	-7.665568140106472e-06	0.002742690671352785	-0.000272377385162482	-0.0003111883997466291	-7.845445530176473e-06	-0.00027017429385475393	-0.0002709423365964721	-1.3865282615290701e-05
0.76	-8.643067108844813e-06	-1.9210728734905482e-05	0.003225200916111416	-4.430113041469945e-06	-1.0097588317014292e-05	0.002742657174858182	-0.00020544521179646988	-0.00018016027405330184	3.5945783889138803e-05	-0.00021564192068705945	-0.00020924647684779062	1.1316292308079649e-05
0.77	-1.0374381265636024e-05	-2.0499786303661062e-05	0.0032255265466782064	-6.358742421898678e-06	-1.1851725222042164e-05	0.002742939725586216	-0.00014251970567735845	-7.522720899581773e-05	2.0345810977743993e-05	-0.00016296347587398528	-0.00015132824130837825	1.9346672910966573e-05
0.78	-1.1336316873295841e-05	-2.0549794693936954e-05	0.003225484282127928	-7.717602413413533e-06	-1.2984913898079127e-05	0.0027431298083472762	-5.2725174986665905e-05	8.223564232451193e-05	-2.592839623074772e-05	-9.947693444282029e-05	-6.316732770039984e-05	4.209673312693246e-05
0.79	-1.1341710439864802e-05	-1.8990605066901648e-05	0.0032249192388777584	-8.45199393294283e-06	-1.3069575140775352e-05	0.0027435171422597274	5.000045673158094e-05	0.00022091764157949683	-7.680381062065826e-05	-4.089597824900348e-05	4.2407618137769305e-05	3.169293114466902e-05
0.8	-1.0194866146789e-05	-1.5906059824577726e-05	0.0032243257878727125	-8.474579899944754e-06	-1.2207301669992245e-05	0.0027435474490354723	0.00018977012177158256	0.00039867397340947135	-4.395140820669546e-05	4.808332401108085e-05	0.00011145941027945466	-1.4062092170840574e-05
0.81	-8.02727655594314e-06	-1.1195900130634499e-05	0.0032241651395944065	-7.523046416593055e-06	-1.048638757404282e-05	0.0027432522930969858	0.00025157370796473425	0.0005509097695241405	4.334774138080629e-05	0.00012080805648716943	0.00021892947825717443	-4.1465349535216726e-05
0.8200000000000001	-5.15768818250449e-06	-5.123646391558557e-06	0.0032248287330787187	-6.371617420451513e-06	-7.982758887165085e-06	0.002742679701160636	0.00033295720885966317	0.0006403146782580667	8.391218370190475e-05	0.0001228401437667656	0.00028655921150881733	-4.957238921851476e-05
0.8300000000000001	-1.614585537221995e-06	1.7368011826315438e-06	0.0032256996580459687	-5.0061543642915255e-06	-4.857019754462552e-06	0.0027421482721067245	0.00035945315400357923	0.0007054071207876088	3.7916619941718065e-05	0.00016761755581466424	0.00036589574391337554	-4.419176861001495e-05
0.8400000000000001	2.1882565675361274e-06	8.778725750218113e-06	0.0032256159233139355	-3.049334698200668e-06	-1.2008730526937105e-06	0.002742343257904064	0.0004319323833049506	0.0006896838716974136	-6.54979702152278e-05	0.0002218020211871338	0.00036899861836988106	6.229022352070292e-05
0.8500000000000001	6.485107984384899e-06	1.5628821034144318e-05	0.0032248136175112834	-6.71199225863844e-07	2.8145742511707136e-06	0.002743009990766054	0.00043209208183639684	0.0006684276441366158	-8.487629834049304e-05	0.00023991618903571358	0.00042192981651883625	5.5312301496552904e-05
0.86	1.0639707784015041e-05	2.1916812355932785e-05	0.0032242387665759576	1.6999937596431944e-06	6.812570854071358e-06	0.0027436059515913	0.0003913514990888781	0.0005729345184327967	-2.850580165551886e-05	0.00024597802530535107	0.00038330553128957724	3.834686841681962e-05
0.87	1.4247119370988764e-05	2.7047120086261617e-05	0.0032241974809767457	3.920934293102866e-06	1.0317901037741143e-05	0.0027436925536747053	0.00033242792197643085	0.0004466171401968671	2.6816610579105893e-05	0.0001978762879526346	0.00031521164537055255	-9.221713203154788e-06
0.88	1.764372199192056e-05	3.09568189969353e-05	0.00322433129413846	5.785014217181677e-06	1.3095266614018697e-05	0.0027430893031575214	0.0003144861974119125	0.0003094230105837733	1.5194409118227164e-05	0.00018822539769938957	0.00027581876332982263	-7.779438744839847e-05
0.89	2.010149752117192e-05	3.317817709686636e-05	0.003224629392174716	7.5550315979275754e-06	1.5556940427381918e-05	0.002742323842595866	0.0001924662497318021	0.00016680079018023007	1.821439933189585e-05	0.00014766182524934593	0.00020818846761791934	-4.554850858785067e-05
0.9	2.140507355075822e-05	3.396196549067939e-05	0.0032248737323660203	9.116402028357533e-06	1.696958131015317e-05	0.002742143883006225	7.100197259859474e-05	-2.946939902832099e-05	1.0770842854732812e-05	0.00014607880987962734	7.756183051179331e-05	2.0504185944013198e-06
0.91	2.1542693449673522e-05	3.2851578167963986e-05	0.0032246425022150835	1.0227280846080086e-05	1.6937659075855507e-05	0.0027425580045499385	-5.367616016499184e-05	-0.00018147728076571437	-4.846215920290259e-05	7.227064603664692e-05	-8.44338286570693e-05	8.372293363691719e-05
0.92	2.0441139394138193e-05	3.0039466281934682e-05	0.003224202012919323	1.02943579408185e-05	1.5430796791387156e-05	0.002743175675284369	-0.00016427572929070258	-0.00037014864923512545	-1.0532269996629336e-05	-5.2222898559298246e-05	-0.0002163686625418326	4.263290594036453e-05
0.93	1.8215481981963524e-05	2.572783212687897e-05	0.0032242574149704147	9.47553786025807e-06	1.28221747243599e-05	0.0027434633585363467	-0.00027449080455148165	-0.00048111896765808354	4.627022539151036e-05	-0.00011726891621503535	-0.0003001226113601338	8.802081756228835e-06
0.9400000000000001	1.5030789549436661e-05	2.0366212846983875e-05	0.003224901101634361	7.908065933462714e-06	9.369153572533123e-06	0.002743288929692377	-0.00035670678032364737	-0.0005781195363964849	8.925277533619213e-05	-0.0001889068474679484	-0.00037975531731334277	-2.3269492022028528e-05
0.9500000000000001	1.1311256838656892e-05	1.4323919211339452e-05	0.003225707819069684	5.73332273761708e-06	5.23459808217351e-06	0.0027431303461662743	-0.00036823443936890313	-0.0006187815163071931	4.890440178234225e-05	-0.00025204031964299933	-0.0004515684733304644	7.2351105987819055e-06
0.9600000000000001	7.321227610298388e-06	8.27299783674571e-06	0.0032257562813276927	3.060861036967969e-06	7.743451717460517e-07	0.0027430373891855864	-0.00042520810666083603	-0.000591602058082285	-2.571432499606687e-05	-0.00028680874246276157	-0.00042270424698370555	-2.9253230038994986e-05
0.9700000000000001	3.2750052026267714e-06	2.6107689892794003e-06	0.0032251463566296346	2.403922226471762e-07	-3.139504268534757e-06	0.0027428190317760853	-0.00040942830752112156	-0.0005453470878662972	-8.241887324026507e-05	-0.0002758931966434236	-0.0003603599181875533	4.0013926932802307e-07
0.9800000000000001	-5.243991672967588e-07	-2.658465647130604e-06	0.0032245573965028014	-2.4065019589562403e-06	-6.331032151702641e-06	0.0027427357400468073	-0.00034601463737858444	-0.0005048963138418961	-3.302088502048753e-05	-0.0002351905944828763	-0.0002876990707751534	-8.499128520253894e-06
0.9900000000000001	-3.7752639956104287e-06	-6.883470460626059e-06	0.0032243233183922404	-4.436642542668736e-06	-8.767155437581796e-06	0.0027425715769576016	-0.0003005691115920128	-0.0003518190163081917	1.0695864461025595e-05	-0.0001842131713150126	-0.0001731552520500426	-2.9654675697921468e-05
1.0	-6.55448801213096e-06	-9.855979737995773e-06	0.0032246084286749427	-5.899339360297093e-06	-1.0000854398173868e-05	0.0027422148421072465	-0.00022380595773175058	-0.00024810862418837506	4.982415851642251e-05	-0.00011461162729404186	-7.551386703592981e-05	-3.0196695915372194e-05
1.01	-8.3155800519573e-06	-1.1688337300579964e-05	0.003225087639112387	-7.059479853023754e-06	-1.0225085194112437e-05	0.002742218203596652	-0.00011716973507122863	-9.740965051272657e-05	2.608523862046355e-05	-9.386925850743244e-05	2.3952763569665223e-05	1.63618199112551e-05
1.02	-9.357728186844347e-06	-1.2120246217552844e-05	0.003225159518962257	-7.64220599583042e-06	-9.545268278068019e-06	0.002742895515108728	-9.316932306451023e-05	-4.323302757909579e-06	-1.1378868667706417e-06	-3.629823731983263e-05	0.00012349879146850268	7.87520819614545e-05
1.03	-9.744879058058154e-06	-1.1793710655129768e-05	0.0032251689026393518	-7.659597423707351e-06	-8.236471570740352e-06	0.002743330816289166	1.3788443017129564e-05	5.863974031829814e-05	2.087538785849265e-06	1.7440706922048167e-05	0.00015359316031073029	1.1285896270366639e-05
1.04	-9.22679788532228e-06	-1.066864532572168e-05	0.0032249074727917393	-7.051825077997488e-06	-6.530853714626976e-06	0.0027435330497003426	9.93243545823592e-05	0.0001494849352353406	-4.078923889265744e-05	8.599992088492074e-05	0.00020642265489252516	3.535662109390476e-06
1.05	-7.82551018959325e-06	-9.124487302065906e-06	0.003224684266068656	-5.8598766860993975e-06	-4.49793264029145e-06	0.002743442615768299	0.00018426929668605756	0.0001807143814272117	6.370925054299793e-06	0.00013306710011941065	0.00019566836331931858	-1.9831346811224894e-05
1.06	-5.6384784650442545e-06	-7.086717586759167e-06	0.003224930140771962	-4.337448717306798e-06	-2.4793133361134594e-06	0.0027429807371101137	0.0002618447550825739	0.00021678088360353493	4.028341060472992e-05	0.0001748858775086588	0.0002131817186556598	-7.072605382814661e-05
1.07	-2.6859994578115175e-06	-4.870219242168221e-06	0.003225202504136093	-2.4345759705361543e-06	-6.621712837253871e-07	0.0027423732928150094	0.00032032902176143283	0.0002271020904698377	9.506118578026704e-06	0.00021418758991823667	0.0001811071640089792	-2.762501453677613e-05
1.08	8.498526667926594e-07	-2.547402415581522e-06	0.0032252225942006364	-3.651061550207201e-08	9.80316130105273e-07	0.002742219809881183	0.0003575566319100472	0.00020538979518711347	1.8852357013112744e-06	0.00023278610402548255	0.00014682861944002867	5.786312375748048e-06
1.09	4.204324031899616e-06	-4.5972187135059535e-07	0.0032250694556817793	2.3145823803321617e-06	2.3799929125192407e-06	0.002742448949396342	0.00032564038704657554	0.00020056034749942948	-3.6303515145420456e-05	0.00021838992552997247	0.00014077416723393588	1.90752075593365e-05
1.1	7.295409161719399e-06	1.097864153073961e-06	0.0032247088663995478	4.3864493299359474e-06	3.859200129842171e-06	0.0027426823530418564	0.00029187757685365074	0.00011658842894931663	-2.1603116739662014e-05	0.00021512978390610078	0.0001107081890832519	2.0554052151842015e-05
1.11	9.801506074766001e-06	1.8695989414597438e-06	0.0032246587454639753	6.3585420920702444e-06	4.672973669322501e-06	0.002742845356045347	0.00021706584278793103	3.33228302271696e-05	5.230217096854572e-06	0.00015605449475812808	3.6516690778196465e-05	2.107520115970136e-05
1.12	1.1544350956074391e-05	2.003134578327183e-06	0.003224900472820472	7.5740968856849825e-06	4.777518426206776e-06	0.0027431018482034606	0.00013763159790695795	-3.640898111989343e-06	2.1594272713598916e-05	9.120991449180901e-05	-5.704148108036418e-06	-2.3807986996988794e-06
1.1300000000000001	1.252789818232967e-05	1.766407700915312e-06	0.0032251084562016957	8.166827800459535e-06	4.5243494954350206e-06	0.0027430121974546984	7.596770099580864e-05	-1.958071105294316e-05	3.454591160708754e-05	1.9727700477263453e-05	-3.466351226208683e-05	-4.1414080734411625e-06
1.1400000000000001	1.292908397184206e-05	1.2927619208598027e-06	0.00322525861306008	7.974992920965693e-06	3.9192678619689685e-06	0.0027430206261726824	-1.2124505130898626e-05	-6.0297556277406404e-05	-8.928941225297627e-06	-7.341346944704863e-05	-7.646357633630594e-05	-2.193109373096121e-05
1.1500000000000001	1.2138671358745508e-05	4.574945601158008e-07	0.0032250474552238543	6.740683999248351e-06	2.9540117826047516e-06	0.002742916632942896	-0.000138517812930993	-0.00011640956831087875	-3.5007302615426816e-05	-0.00017690039696450092	-0.00011776309824357169	-6.790065953201504e-07
1.1600000000000001	1.0571654708949131e-05	-7.661590032265627e-07	0.003224772107588853	4.699033171764799e-06	1.7264852592727456e-06	0.002742937803195279	-0.00018030183428576646	-0.00015008190574421372	1.1635496380618829e-05	-0.00019255472355327938	-0.00012101700501870816	-2.3465527945122264e-07
1.1700000000000002	8.793047738947451e-06	-2.146652138582596e-06	0.0032249512497759384	2.5177990495496076e-06	3.188554218494975e-07	0.002742917537473253	-0.0001864932636728692	-0.00013539443425305251	1.4041284281912516e-05	-0.00021556885471574457	-0.00017116312751283577	-2.1992635921218515e-07
1.1800000000000002	6.696089481940632e-06	-3.194862516124827e-06	0.0032251183750874233	3.5573621095406435e-07	-1.4926719120985888e-06	0.0027427303732957334	-0.00023069068028835974	-0.00010236788663963498	5.1126278656969425e-05	-0.0002002078993105032	-0.00014998834413260868	-4.684999352128629e-05
1.19	4.136542239532176e-06	-3.796186916494881e-06	0.003225482420374123	-1.5093025584262e-06	-2.9576184659494454e-06	0.0027424446377079734	-0.0002826227832051364	-8.632000312642685e-06	1.990773607158433e-05	-0.00019133815859513338	-0.00014716297651042683	1.1767884614246188e-05
1.2	1.6051086908423474e-06	-3.978775656814427e-06	0.0032254267576789413	-3.366756217942125e-06	-4.1355513719945824e-06	0.002742875071330147	-0.0002331109972029894	-1.5005629135102724e-05	-4.920371922925595e-05	-0.00015334501576079723	-9.718543097209242e-05	6.61771574245537e-05
1.21	-1.7674902524533875e-07	-3.865725625788738e-06	0.003224715987027303	-4.783153142438632e-06	-4.8244761355487195e-06	0.002743313441823479	-0.00015048747507466522	3.5457537371571695e-05	-7.865424191673852e-05	-0.0001293817870093874	-5.2108302351659026e-05	3.468973410040241e-05
1.22	-1.2468156348050045e-06	-3.149521094514002e-06	0.0032240416475347103	-5.8148746497212e-06	-4.949567720732601e-06	0.0027434116831234765	-5.934236322827442e-05	0.00010378107270019997	-3.620899405884288e-05	-4.4119916685817154e-05	3.242405092739269e-05	-3.169857723068823e-06
1.23	-1.4383214691107196e-06	-1.7950490095073308e-06	0.0032241351078132747	-5.729721022866279e-06	-4.188301977669684e-06	0.0027432652198528568	3.0022686927917294e-05	0.00016515933026742553	4.8810857178876614e-05	7.911313144899446e-05	9.772503227714807e-05	-4.7125642956109984e-05
1.24	-6.927136497755705e-07	1.1374547931847496e-07	0.0032248861961516086	-4.7630263319360196e-06	-3.0857113899292685e-06	0.002742950326980512	8.607913359465186e-05	0.00018727761837311458	0.00010894279680518572	0.00011265367545322232	0.00010199096553711642	-7.875189556035456e-06
1.25	3.431506692486109e-07	2.329433314375458e-06	0.0032258585929295764	-3.4743485840850772e-06	-2.047178345136241e-06	0.002742737903593557	0.00010929584455707197	0.00023561449419938496	6.519954196528576e-05	0.00015119338709500488	0.0001183221310247199	-3.0309629329392944e-05
1.26	1.380426653203861e-06	4.740583048488215e-06	0.0032259097383384927	-2.1533995043577764e-06	-7.639489728783206e-07	0.00274247848411142	9.941303835931466e-05	0.0002319681150712692	-6.420697263805545e-05	0.00016620368149512972	0.00015394476196134782	-2.267942470178464e-05
1.27	2.487398415466832e-06	7.265471038593165e-06	0.0032248289935429774	-3.537946400106036e-07	8.391875452137697e-07	0.002742530720023389	0.00011307358508950479	0.00026854720144750603	-0.00014164855777579771	0.00019662488638847017	0.00015997200720163835	-7.82212534341627e-06
1.28	3.526073440412896e-06	1.0109592892391528e-05	0.0032235680978646136	1.5696909689861317e-06	2.33794686794399e-06	0.0027425021973556877	6.949671867493137e-05	0.0002923830469032632	-9.173235008524027e-05	0.0001881833316075266	0.00014982041201599248	-5.9347634445255326e-06
1.29	4.113862915997936e-06	1.2643249443504175e-05	0.0032233157940319236	3.3624085021953448e-06	3.651224858015239e-06	0.0027421807015525507	5.599306018548572e-05	0.0002255160600645069	2.5881055374615712e-05	0.00019009489402864628	0.00010987519393011569	-2.331317846896368e-05
1.3	4.281373281965132e-06	1.4719206369145033e-05	0.003224221416709503	4.914980100231602e-06	4.5402857196754765e-06	0.0027419830907337967	-2.4633634533139875e-05	0.0001825778255137146	0.00015483419527511703	0.0001271471562563329	7.034401468426269e-05	-2.3488383846777533e-05
1.31	3.8078957194637105e-06	1.6529645482271502e-05	0.0032257801685921855	5.788902354381631e-06	5.316472970279826e-06	0.0027422016968884446	-6.129789063401496e-05	0.00013182648371858185	0.00013723810981967191	6.09963732279588e-05	5.9130336574371914e-05	7.446985023500142e-05
1.32	2.7198555753402306e-06	1.7460593832986015e-05	0.003226331585071514	6.047273520621869e-06	5.76683058189917e-06	0.0027431554031005154	-0.0001554997860487551	5.9564285579903835e-05	-3.5509098046207256e-05	-1.4484486041554555e-05	2.065573030254849e-05	8.939775417111991e-05
1.33	1.1041562548422246e-06	1.7928910548643824e-05	0.0032254673982046915	5.790420863658075e-06	5.6578399217621515e-06	0.0027439515139668683	-0.00016855631347769526	4.765698063190109e-05	-0.00011245575632593856	-7.892951046119153e-05	-3.795370596580392e-05	2.33078894364417e-05
1.34	-8.787289195281067e-07	1.8300951068641516e-05	0.003224479939712809	4.854370819969114e-06	5.262878455951154e-06	0.0027438803890508286	-0.00021821345226439334	9.336512980720781e-06	-9.065665995024308e-05	-0.00012877868010332212	-4.872493754031734e-05	-3.1707098777378204e-05
1.35	-3.0888585515392896e-06	1.8020270088802445e-05	0.0032241083326959886	3.170877774717652e-06	4.668397910188079e-06	0.002743259120686683	-0.00022447981177291847	-5.8746836621961734e-05	6.541476754376298e-06	-0.00021081679647566473	-6.054205646506244e-05	-5.8973677225094186e-05
1.36	-5.39907761557083e-06	1.7322084260991506e-05	0.0032242295497205927	7.611506196223148e-07	4.088962835663077e-06	0.0027425896953232275	-0.0002519753354793778	-7.972973488366515e-05	5.253090397021755e-05	-0.00024322653378844222	-3.9796535179815764e-05	-8.295900225298076e-05
1.37	-7.826277771769777e-06	1.6440191560315674e-05	0.0032248025125654984	-1.6694470062459188e-06	3.6490898254088435e-06	0.002742068476559995	-0.00022633735711435486	-0.00010400776789665645	5.01144634111737e-05	-0.000221432645823391	-4.390420502115847e-05	-1.772977943111366e-05
1.3800000000000001	-1.0156032237474294e-05	1.5321735212320553e-05	0.003224984920458379	-3.6844164119815314e-06	3.2592182715648646e-06	0.002742153822542569	-0.00021800715594691992	-0.00010997096466522734	5.1118048520751735e-06	-0.00019349707388030698	-2.3319949102458018e-05	4.9904761066256784e-05
1.3900000000000001	-1.1779242878390604e-05	1.4139938285133e-05	0.0032249495621924887	-5.36614147463031e-06	3.2034826855077307e-06	0.002742995394937786	-0.00013680037878115677	-0.00013778449298943745	1.4571074767203269e-05	-0.00015147000474727344	-8.391531252440092e-06	0.00011127771196211596
1.4000000000000001	-1.2735149714399824e-05	1.2621281670276692e-05	0.0032251613841743324	-6.759623508969175e-06	3.1724016827201515e-06	0.002743804770722018	-4.8587427283807377e-05	-0.00017008489850990497	2.3988060122994295e-06	-0.00013157675554189955	-1.0310687168382087e-05	5.065662655111865e-05
1.4100000000000001	-1.2824818058135256e-05	1.0594759988219055e-05	0.0032252874587764746	-7.796565390025301e-06	3.084927767446243e-06	0.002743996704013522	2.8388846119273766e-05	-0.00023128761337444455	5.3486071520244455e-05	-8.800691806303e-05	6.582316035279877e-06	-2.2359889582035995e-05
1.4200000000000002	-1.1997578563966745e-05	8.109278282168759e-06	0.0032256336093450127	-8.29159330276852e-06	3.2533121326171484e-06	0.002743144640766551	0.00013759319180078392	-0.0002466528297940352	9.415682838431221e-07	1.0830057527935711e-05	2.0132924324387575e-05	-0.0001211951437938454
1.4300000000000002	-1.0346359994258454e-05	5.500365726876688e-06	0.0032253363508977693	-7.796348519518639e-06	3.3285290245939677e-06	0.0027421190164463646	0.00019104444120102338	-0.0002660358940449108	-6.577994266567198e-05	8.310122381676223e-05	-9.26675550757161e-06	-7.30386246061812e-05
1.4400000000000002	-7.911230823475154e-06	2.984758462007936e-06	0.0032243714418216103	-6.7838311690534275e-06	3.08739805862173e-06	0.0027417180373243305	0.00026863450311865526	-0.00023463805249113943	-0.00012397987847134412	0.00012480365611557023	-2.0955623856949595e-05	-8.5294022520757e-06
1.4500000000000002	-4.840393695268947e-06	7.176659873278903e-07	0.003223526049008937	-5.106879027237874e-06	2.7519167675949947e-06	0.002742032871737749	0.0003502471138131815	-0.00024289672589581217	-4.0112429502639426e-05	0.00022430337803072667	-4.721624699811319e-05	4.784189252665202e-05
1.46	-1.1545221714432189e-06	-1.8992971094816443e-06	0.003224055241701675	-2.5505863207909955e-06	2.1978276397130014e-06	0.0027425834046775587	0.00037746118747572147	-0.00025731864380530196	0.00010273692235907474	0.00026651758679860566	-7.212394425567686e-05	3.9052273439921684e-05
1.47	2.6115204787744357e-06	-4.651974978440119e-06	0.0032253207925809746	2.4437493516385595e-07	1.3822462300188705e-06	0.0027429244529168844	0.00036406480563734003	-0.00029265517734123687	0.00011860163651512317	0.00025764475459921733	-0.00010152983094305641	3.625717649004716e-05
1.48	6.139835476536749e-06	-7.70872863900316e-06	0.003226095477071594	2.672554678782552e-06	8.636750358889913e-08	0.0027433625390298846	0.00031904179163792004	-0.00031155997243264584	2.5295438175799454e-05	0.00020894429001153694	-0.00016433482722560567	1.8691362004167065e-05
1.49	9.152923563055717e-06	-1.0759511609009524e-05	0.0032258059655271443	4.458191984757215e-06	-1.6870504526510754e-06	0.002743460239515001	0.000278830974077212	-0.00028636126382374996	-9.47349395034341e-05	0.0001587454995735468	-0.00018844033545727945	2.7469173548990843e-05
1.5	1.1338863320386327e-05	-1.365464108611662e-05	0.003224565781388681	5.553525134780558e-06	-3.6315343514846575e-06	0.0027436861644830725	0.00018433644136461064	-0.0002763350491051691	-0.00011593493962787612	9.282770477416192e-05	-0.00018991056764761563	-6.7593978245414325e-06
1.51	1.291865113630759e-05	-1.6150427108692614e-05	0.0032237981919150025	6.26794659960316e-06	-5.239537354645389e-06	0.0027431172327870364	0.0001272253025195745	-0.00020598820116321715	-5.935531483371984e-05	2.4828916504064522e-05	-0.0001460053660905154	-7.690308244136318e-05
1.52	1.3886219869484893e-05	-1.7857315000438008e-05	0.003223783402074634	6.366269901780098e-06	-6.831556470542414e-06	0.002742496073251991	4.204554648733387e-05	-0.00011895622376985569	4.093952815059565e-05	6.08930325834623e-07	-0.00014961219206006024	-5.8498663783591536e-05
1.53	1.4082809929027339e-05	-1.8706185813011465e-05	0.0032244942175246294	6.386293318967427e-06	-8.45726011445203e-06	0.002742122035959184	-2.626645553868682e-05	-5.5074063892388045e-05	7.737269685952567e-05	1.936008094857902e-05	-0.0001585017545687482	1.2001549300227636e-05
1.54	1.3346053483984081e-05	-1.887095778144331e-05	0.003225290893483113	6.301563881985944e-06	-9.769951743453919e-06	0.0027424009390536975	-0.0001128580315833738	2.4423010544479382e-05	5.004099601790131e-05	-4.476401851563422e-05	-0.00010216646988107419	5.708493811521689e-05
1.55	1.1693023796429425e-05	-1.812663337350001e-05	0.0032255023602551654	5.639952632229014e-06	-1.035123147977293e-05	0.0027429109292307877	-0.00021386052314889336	0.00013578626420814363	7.511620853665651e-06	-7.728777233856812e-05	-1.6392434078477713e-05	5.195863906220962e-05
1.56	9.053609073490119e-06	-1.610532136875991e-05	0.0032254035511098955	4.687382680948174e-06	-1.0181376552833614e-05	0.002743490359890656	-0.00031168502701951913	0.0002597879504965021	-1.327857080277006e-05	-0.00011271399139588982	4.759876393345142e-05	5.672187156440402e-05
1.57	5.877530139072691e-06	-1.2911210897864435e-05	0.00322513755275142	3.344767685240051e-06	-9.135877806103306e-06	0.0027440696666693755	-0.0003274432897308859	0.00034593132915360087	-2.8980735300444065e-05	-0.00016429389040352365	0.00014255516942727136	4.8075316265065646e-05
1.58	2.5640445227769624e-06	-9.151137789606178e-06	0.003225050506572169	1.6958676356012491e-06	-7.28471591786367e-06	0.0027441248217223513	-0.00031350759439795255	0.00039818198659601496	6.7807368167432205e-06	-0.00016315399212889575	0.00020191691524255246	-6.387228338129724e-05
1.59	-6.280989392860462e-07	-4.732305060475982e-06	0.0032250888556488487	8.424456068438886e-08	-4.959920631273637e-06	0.002742933783318388	-0.0003143775468443786	0.00047976515809458235	9.554563470215147e-06	-0.00014673772982804606	0.00022779264849593264	-0.00015146401783352808
1.6	-3.6738170097261512e-06	3.79503207850669e-07	0.003225132638314957	-1.2124358787988e-06	-2.6239151615447424e-06	0.002741638098626247	-0.0002876732086919027	0.0005251967963448173	-3.766357434212182e-06	-0.0001266411444524041	0.00025714781291648597	-9.912693543305942e-05
1.61	-6.348183235561808e-06	5.601452541921777e-06	0.003224900965612144	-2.387446744186896e-06	-2.4420518819209903e-07	0.002740853452855595	-0.0002500968369738509	0.0005256565529087734	-5.46495112284147e-05	-0.00010567729083999141	0.00021570111484177547	-3.511975255261218e-05
1.62	-8.369547676496913e-06	1.0886797650386058e-05	0.0032243127583978736	-3.420307941135359e-06	1.7999433690357522e-06	0.002741479582525384	-0.0001593921150094	0.000547301717045907	-6.807656712647492e-05	-0.00012011990927747117	0.00020390983251551234	0.0001245391835870728
1.6300000000000001	-9.764668076250005e-06	1.6233998497325067e-05	0.00322401622144976	-4.316983483127367e-06	3.827201287181332e-06	0.0027429090526677447	-0.00011863245280699697	0.0005149349608806995	2.4656599365556084e-05	-7.04600203178492e-05	0.00019504798793146188	0.0001517119842345598
1.6400000000000001	-1.0395014569205832e-05	2.0840330100554215e-05	0.0032245996640459474	-4.877706507503122e-06	5.509598646125599e-06	0.0027442714907424132	-2.5182755554393746e-05	0.00041425751942201957	7.1934242007337e-05	-5.104629133203082e-05	0.00011933184164263078	6.542363485350851e-05
1.6500000000000001	-1.0314686956698059e-05	2.4387549837877047e-05	0.003225117426383841	-5.239085096102549e-06	6.473198326010951e-06	0.0027443468431579124	4.673577145042905e-05	0.0003053560997722705	3.726125477099449e-05	-2.8465325436163226e-05	7.968590664646036e-05	-4.3760082863751845e-05
1.6600000000000001	-9.394756744372378e-06	2.6876518862025693e-05	0.003225401706759673	-5.278083221371216e-06	7.265045199992493e-06	0.002743491246494072	0.00013106986143767015	0.0002109528607081264	1.2619370749668903e-05	3.2567440940421635e-05	7.329681527604967e-05	-0.00011506628035699402
1.6700000000000002	-7.770906256293191e-06	2.881072737186701e-05	0.00322525090343327	-4.604904500184863e-06	8.088770564706772e-06	0.002742568930395104	0.000182074769849724	0.00017864624765651	-5.806442685098824e-05	7.529920183729541e-05	7.951413575738352e-05	-7.118008773300755e-05
1.6800000000000002	-5.978590410968298e-06	3.0281023599452108e-05	0.0032245771386786035	-3.6741962915461013e-06	8.669446211322089e-06	0.002742106696385978	0.00020895046197534406	0.00010495961086360765	-6.928304047102697e-05	0.00010344755035812061	4.879409062432221e-05	-2.111607914811967e-05
1.6900000000000002	-3.843037329061687e-06	3.067861334331313e-05	0.0032238408119315614	-2.589021336837985e-06	9.024467559492185e-06	0.002741869296858649	0.00019627952726369535	-9.652875890267773e-07	-6.010740466652653e-05	0.000129359244670956	3.276727969383429e-05	-1.9160335195091294e-05
1.7000000000000002	-1.626537700706726e-06	3.0196957326586036e-05	0.003223509186168833	-1.3839343868900442e-06	9.35355160374567e-06	0.002742079712092932	0.0002638446366564447	-8.037801771132521e-05	-2.7220087047923025e-06	0.00011149379999816758	3.212964840455601e-05	6.810888578612055e-05
1.7100000000000002	1.1239949047132073e-06	2.896005436751786e-05	0.003223800472160812	-3.8549137053181206e-07	9.673546066365401e-06	0.002742825459455426	0.0003039842892577394	-0.00019692185405905817	6.128772095983412e-05	0.00011024412824401427	3.522760299086769e-05	7.614857781381466e-05
1.72	3.966453436863943e-06	2.6342515625005156e-05	0.003224732425487853	6.567566122005288e-07	9.582559930873222e-06	0.002743529456231074	0.0002937622951618405	-0.00031302658054730104	0.0001089687885228859	9.951623328406286e-05	-2.939567378322638e-05	4.967235634749128e-05
1.73	6.7122077749895965e-06	2.268302300416566e-05	0.003225673194462486	1.5401178908533823e-06	9.107846987125656e-06	0.002743985870123067	0.000279260937926401	-0.0003972513006350497	6.635798078138467e-05	0.00010334245066424446	-7.2734492637023e-05	3.329115384722096e-05
1.74	9.40108519453971e-06	1.856864433488794e-05	0.0032261303354117012	2.4977744811508956e-06	7.999866038053756e-06	0.0027439872143534346	0.0002561445219911028	-0.0004090027962827407	1.382462728399793e-06	0.00010021838581439795	-0.00014216357514816895	-6.273320602388744e-06
1.75	1.1676159725391618e-05	1.4299734128564491e-05	0.003225517990360098	3.3894718060851187e-06	6.323612489238486e-06	0.00274370714784557	0.00019379714383683727	-0.00045956793732421735	-9.87457369492135e-05	7.895212081406542e-05	-0.00018123407618227317	-4.161911330128296e-05
1.76	1.3290585023824328e-05	9.328145048591091e-06	0.003224296004161008	3.9674219331062325e-06	4.445877202172683e-06	0.0027432220284341413	0.0001222031502984071	-0.0005193544380724424	-0.00011346382002552022	4.892751036804507e-05	-0.00019603526773233029	-7.106313514724591e-05
1.77	1.4068903118331165e-05	4.273239912180205e-06	0.0032233045218283147	4.30665536263034e-06	2.4292454445807237e-06	0.0027423645535053025	3.367785806411372e-05	-0.0005205126816232626	-5.824860317806382e-05	3.3511840194768954e-05	-0.00020468710826697045	-0.000102854642385573
1.78	1.4084137415915047e-05	-8.51688971930461e-07	0.0032231905666202953	4.646067183850613e-06	2.591366745160068e-07	0.0027413643618515986	-4.186723974072603e-05	-0.0005016171741837383	3.695619158844608e-05	6.130233299829275e-06	-0.00021717425853700514	-7.356199957409503e-05
1.79	1.3481390412980761e-05	-5.5643851078378e-06	0.0032238899433397776	4.637027503724597e-06	-1.875168203599895e-06	0.0027409430657778003	-7.947668166585623e-05	-0.00046033743863994675	0.0001094532576968708	-3.5190143540265344e-06	-0.00021594558497366805	1.6423345864810402e-05
1.8	1.239808914062267e-05	-1.0232212889550221e-05	0.0032250286683988996	4.29472121517848e-06	-3.991718763269601e-06	0.002741546710148873	-0.00013794248828136424	-0.00044446274440784056	7.895591726042542e-05	-4.1581663853229096e-05	-0.00020040544844869137	0.0001063288769238728
1.81	1.0876820714018022e-05	-1.422591168998966e-05	0.003225240884438828	3.537447355368343e-06	-6.013982779138315e-06	0.002742826820352109	-0.00015833940722452614	-0.0003367033813815155	-3.503481177373071e-05	-9.838897087439312e-05	-0.0002203606422611112	0.00012541444184228112
1.82	9.118789861671667e-06	-1.7031536754602235e-05	0.0032247953475281004	2.5147220146288756e-06	-8.059787037850875e-06	0.0027438537620944952	-0.00020385404728897553	-0.00022153598244421506	-5.7648911454000274e-05	-0.00010830076250596508	-0.0001467985589564864	7.019994873699925e-05
1.83	6.957808974413904e-06	-1.8715430290088824e-05	0.0032243913406971424	1.4281469786687906e-06	-9.030130969966297e-06	0.002744082272663196	-0.00022840485881557367	-0.00011502771638638616	-1.6006730026847e-05	-0.00011555966426068348	-6.159730730660087e-05	-3.489671749189049e-05
1.84	4.552057435770054e-06	-1.9457771638027187e-05	0.0032245330790829927	1.5391551310901022e-07	-9.46394998177483e-06	0.0027431791942942292	-0.0002250851168124447	-1.9998471509723657e-05	3.6561477551487745e-05	-0.0001343529340897034	-1.3909558811032898e-05	-0.00013527793584682617
1.85	2.356702141049049e-06	-1.8911297162832518e-05	0.003225027263929246	-9.265134374746248e-07	-9.359666386910078e-06	0.0027418866167501143	-0.00021762117000368377	0.00011586572256695838	4.524707415658804e-05	-8.650937046613407e-05	1.929750464119082e-05	-8.929195224075602e-05
1.86	9.631627483043322e-09	-1.6943641335980718e-05	0.0032250090649041632	-1.6719270377956347e-06	-8.882690807831093e-06	0.002741717276928817	-0.00024577397584086457	0.0002457261633110065	-2.977121564200167e-05	-4.9556370826285726e-05	8.436139424325908e-05	5.064354272205713e-05
1.87	-2.2345985032099925e-06	-1.3960305345777126e-05	0.0032244969988738793	-2.075683607351285e-06	-7.880731184260497e-06	0.0027424550224547585	-0.00019673979601748066	0.00031562800753509894	-6.780015946800318e-05	-1.3066552954798608e-05	0.0001179445269197305	8.024539400419471e-05
1.8800000000000001	-3.956843983682708e-06	-1.0312695716673557e-05	0.0032238968327989678	-2.121490744387231e-06	-6.233488362881684e-06	0.002743196701658833	-0.00016472389064889833	0.00039882573760187693	-2.7184657612868026e-05	-2.0042719467751047e-05	0.00021603995806928765	5.487154181988706e-05
1.8900000000000001	-5.467473943195821e-06	-5.81080846428594e-06	0.003224190923802878	-2.3163735390568793e-06	-4.005288881157112e-06	0.0027432846590210755	-0.0001463761690809257	0.0004898587936374812	0.00010643913855413637	7.260534397930278e-06	0.00022665499351088602	-2.8702537411773883e-05
1.9000000000000001	-6.610228839643995e-06	-8.198801709977061e-07	0.0032254595597369386	-2.255634636414664e-06	-1.5815652329969742e-06	0.002742866988624351	-9.345878241491259e-05	0.000496749897881175	9.049969797874715e-05	2.508867993441179e-05	0.00025393857516005055	-4.9132488111794585e-05
1.9100000000000001	-7.54077228330056e-06	4.214667353270095e-06	0.003225935748717449	-1.8080837319403837e-06	8.080893455420164e-07	0.0027426380579565384	-8.988265477701413e-05	0.00048136821455924855	-6.715227123903303e-06	5.367123994171994e-05	0.00022670878746840756	1.692081966972458e-05
1.9200000000000002	-8.066514465504085e-06	8.792563124261338e-06	0.0032253987865117095	-1.3826888744627593e-06	3.0989094673064585e-06	0.0027428862382601078	-2.6708818347592482e-05	0.00043481607564028026	-0.000118580741232622	4.772800799181493e-05	0.00023456774634061063	1.888870280346851e-05
1.9300000000000002	-8.160915221237526e-06	1.2657834439988256e-05	0.0032241264063151438	-1.184270704899893e-06	5.2108475679687546e-06	0.0027430758285187876	1.2959007134187425e-05	0.0003326285415536937	-0.0001267483396961694	-7.90065467049798e-06	0.000195468362257601	-1.5036238671006489e-06
1.9400000000000002	-7.940978711415231e-06	1.5750038478764137e-05	0.0032231945296852782	-1.1564975056370846e-06	6.937582178240885e-06	0.002742960160691161	3.8027351047481984e-05	0.00025930127643809673	-5.486683043676403e-05	-2.3535964184252608e-05	0.00016072751863680459	-2.9746339146310515e-05
1.9500000000000002	-7.519816823387679e-06	1.786106551530719e-05	0.003223228462986331	-1.3374623166268217e-06	8.452902016693763e-06	0.002742397867855864	3.470552059657525e-05	0.00016792792310585576	6.773189552853683e-05	-4.9844598064828976e-05	0.00012912092646935093	-6.874546974860131e-05
1.9600000000000002	-6.996281715619529e-06	1.9076226087559978e-05	0.003224398869655118	-1.9618926609729243e-06	9.124358433683527e-06	0.0027419192300186467	7.331156602935914e-05	8.106504148224288e-05	0.00014758098307905227	-9.149143189213129e-05	2.1519525090332125e-05	-2.877465861378722e-05
1.9700000000000002	-6.412215331046911e-06	1.960984055283649e-05	0.0032256045147551165	-2.689988847134032e-06	8.92728520734801e-06	0.0027416420355907325	3.833106761146647e-05	1.3576906324913489e-05	7.449941542763301e-05	-4.983813423810273e-05	-3.2807755141838863e-05	-1.4661682758523697e-06
1.9800000000000002	-5.865266114322149e-06	1.927731614241415e-05	0.0032258387661267024	-3.223413947110502e-06	8.436130278917984e-06	0.002742316707751992	6.964560019367852e-05	-8.952299758017201e-05	-3.511829124380126e-05	-2.6810692049884767e-05	-7.571293097101615e-05	9.867401755059171e-05
1.99	-4.800195408944146e-06	1.791076966613833e-05	0.0032251745039791873	-3.652225402007227e-06	7.536942450026072e-06	0.00274333445178443	0.0001307421949191303	-0.00017576596825815083	-0.00011286123594361981	-1.767118220629928e-05	-0.00012171796085445615	9.326692143634537e-05
2.0	-3.0883341824212353e-06	1.5924346483178627e-05	0.003224149936593735	-3.85996778742928e-06	5.940241678259749e-06	0.0027438416837057274	0.0001938767516236922	-0.00021554237363965404	-8.039562215816123e-05	3.6863760983158347e-06	-0.00019167961889377867	1.1725482561420069e-05
2.0100000000000002	-1.1707739946034195e-06	1.3489068954506776e-05	0.003223782281001065	-3.432165962948691e-06	3.8488911444857435e-06	0.002743574511946683	0.00019825753050493672	-0.00024940046230502113	1.0007498176123972e-05	6.57292108061435e-05	-0.00021020330366759268	-7.159309699140146e-05
2.02	1.0132289101822406e-06	1.0812232087315528e-05	0.0032241387543017197	-2.600427852790304e-06	1.7857465922522508e-06	0.0027426734786567494	0.00020375467896805824	-0.00026861642673137756	7.098002185432437e-05	0.00011043897574977899	-0.0002353286979940041	-9.158371572665487e-05
2.0300000000000002	3.3898120642205672e-06	8.162058022559326e-06	0.0032251821229512647	-1.332051024635812e-06	-3.929694186014112e-07	0.0027419803166129748	0.00024610889444205155	-0.0002649168500291893	0.00010789477545976335	0.00014632037154162724	-0.00020264300596766602	-2.9526626281956716e-05
2.04	6.035327561695033e-06	5.730025293853169e-06	0.0032257425220877716	7.542435214800961e-09	-1.9966278293926948e-06	0.0027422671710426324	0.0002501995595896715	-0.00021846178299630504	1.3983871033287065e-06	0.00013692709130340997	-0.00012124179185293496	5.589278676253226e-05
2.0500000000000003	8.517845701709698e-06	3.6815365867873317e-06	0.0032252015076092923	1.5448435502321377e-06	-3.115244638107308e-06	0.002743177183994746	0.00022284561569137524	-0.00019376896809283927	-0.00010005195199492375	0.0001450061850941929	-0.00010138702818628487	0.00010884907872993272
2.06	1.0623930095583516e-05	1.8529885293092745e-06	0.0032244291051515606	2.856989757752697e-06	-4.153316927007523e-06	0.0027438305740281306	0.00017739396181196956	-0.0001814660143740364	-3.4797220221332624e-05	0.00012880215809112045	-0.00010671611883282203	1.7037256202604836e-05
2.0700000000000003	1.1987761183170831e-05	6.344266419951649e-08	0.0032243825052184565	4.158040590479303e-06	-4.689426424893374e-06	0.0027434538258110175	0.00010918789785867393	-0.00016600671091686396	1.9335660027051338e-05	0.0001479053598327547	1.1194184824498213e-05	-9.327692171028445e-05
2.08	1.3045078304397947e-05	-1.4002833113372702e-06	0.0032249973492685007	5.5327086733478425e-06	-4.454307192662156e-06	0.0027424390362767287	9.376266659245893e-05	-0.00012925500398606508	9.04466865297332e-05	0.00013649002821185623	1.4893268234374475e-05	-9.693393730695018e-05
2.0900000000000003	1.3496208674215115e-05	-2.479651660145303e-06	0.00322571241777634	6.5003010384219164e-06	-3.878068182030849e-06	0.0027421160909348492	7.58641652014763e-06	-7.292953740063516e-05	4.803160302132257e-05	5.431422861411096e-05	9.38627829445313e-05	2.3698721566390482e-05
2.1	1.3030625756379168e-05	-3.0440756687907553e-06	0.0032257070093759887	6.791921862459898e-06	-2.8353424779940995e-06	0.0027423448113762915	-8.942445824333098e-05	-5.55482922446836e-05	-4.441954160774739e-05	-1.724605153452451e-05	0.00011279250181809013	5.0993296236103916e-05
2.1100000000000003	1.1706709651816495e-05	-3.5608318514179797e-06	0.0032249785532694995	6.204523003632078e-06	-1.7804515706134128e-06	0.0027428582010874734	-0.0001737112444085321	-5.2626093570183076e-05	-8.990068844405139e-05	-6.534213324717563e-05	9.889083287676923e-05	4.456481155979292e-05
2.12	9.583662856548531e-06	-4.02723124463179e-06	0.0032241520776462437	5.5299661555670485e-06	-7.418802739098565e-07	0.0027429592850472017	-0.0002446720987479799	-3.3660748374237045e-05	-8.09727521029837e-05	-6.41343904047032e-05	0.00010357507822869237	-2.350793737856667e-05
2.13	7.153225063512365e-06	-4.331167292379183e-06	0.003223738388090251	4.677369958678191e-06	4.5422981960690656e-07	0.002742762105630851	-0.00026347423149695407	-3.161750295968983e-05	1.3237485820914478e-05	-0.00010600361260738871	0.0001240436446122138	-1.9625899923670352e-06
2.14	4.3336720884375705e-06	-4.781980100441246e-06	0.0032242093228417256	3.5765228780961744e-06	1.308647515329348e-06	0.002742510031083393	-0.00030987631854325243	-3.661858380590223e-05	0.00011099777967453432	-0.00010819920693070332	7.487181942381401e-05	-1.2602164048633976e-05
2.15	9.441029573291582e-07	-5.007718034074322e-06	0.0032255835114699334	2.4567231597822328e-06	1.7529645775717518e-06	0.002742566789081801	-0.00035703926923425134	-8.831261783269311e-06	0.0001316997236332944	-0.00013979840724629572	2.9219321765586925e-05	3.0053101730233512e-05
2.16	-2.5600676703353277e-06	-5.1260345160899625e-06	0.003226451701980478	8.185663708422945e-07	1.8901732294470012e-06	0.0027429904148939897	-0.0003463478008597764	-1.9333421004289007e-05	2.1935202799550345e-05	-0.00016929573499081907	3.434144834990364e-06	5.603572223418469e-05
2.17	-5.97567309066864e-06	-5.5605191096147995e-06	0.003225855701255386	-8.52042372289766e-07	1.9351644456448807e-06	0.0027435617016973797	-0.0003486490045691583	-6.399359193383369e-05	-0.0001260739703073802	-0.00018242502349834154	6.585254449247253e-06	4.6896111681483526e-05
2.18	-9.439172295893988e-06	-6.160433932731585e-06	0.003224528208426754	-2.7550396623636003e-06	1.7488327569814248e-06	0.002743685904608879	-0.0003309197779282517	-6.920880759889449e-05	-0.00013902417677623326	-0.00020844336898503173	-6.696416599033255e-05	-2.7397767130385486e-06
2.19	-1.2785047097088506e-05	-7.293382231654844e-06	0.0032235054248912743	-4.791467313809879e-06	9.395073937963435e-07	0.0027431631279372236	-0.0003129566814988303	-0.00015129437113759443	-6.70058968598291e-05	-0.0002090750540427123	-9.74136156883136e-05	-8.109365219415517e-05
2.2	-1.5563249629009842e-05	-8.52442005499101e-06	0.003223140238071516	-6.59275067784285e-06	-7.113963445564141e-08	0.002742109647747213	-0.00024238768587171478	-0.00013650446941308324	1.8651644364047954e-05	-0.00016241437520587428	-0.0001074224786763715	-0.00010121465675966282
2.21	-1.7645436541592084e-05	-1.0077262774002136e-05	0.003223843471616414	-7.847169522684223e-06	-1.2847957061292643e-06	0.0027414534173022067	-0.00014421272558154055	-0.0001618136031129718	0.00011720849921582747	-0.00010118257672193176	-0.0001249295511383182	-2.2569935111761513e-05
2.22	-1.8572711837691034e-05	-1.15453130947529e-05	0.003225041969907118	-8.588246931569325e-06	-2.680162086488382e-06	0.0027417331286392643	-4.39120475602321e-05	-0.00012050949135492109	0.00010742185609298829	-4.179582023956892e-05	-0.00013375649469359518	8.312168545545197e-05
2.23	-1.8541377928919135e-05	-1.2449759954980778e-05	0.003225823662830116	-8.705953609305326e-06	-4.0143641989807456e-06	0.0027426587670205263	3.664234839109485e-05	-8.034879995215265e-05	5.105880955251948e-05	1.793279637633163e-05	-0.00014120087603177188	0.00011044412509904603
2.24	-1.7958906820273447e-05	-1.2927738814904163e-05	0.003225860817279433	-8.304436831759264e-06	-5.452996815286682e-06	0.0027436067760748333	9.085690011694947e-05	-2.180940682179511e-05	-2.3157251773393267e-05	4.6926372929083506e-05	-0.00013064054097085124	8.042070367393677e-05
2.25	-1.675597241083624e-05	-1.281974237045146e-05	0.0032252773726297165	-7.455815659172314e-06	-6.811054436417748e-06	0.002744109296661445	0.00015061824540592154	4.39070543925986e-05	-7.638084727443496e-05	0.00010814542652460486	-0.0001123764024682852	-1.114291283435295e-06
2.2600000000000002	-1.500427468221339e-05	-1.2087104681532861e-05	0.003224474136334803	-6.197847397105055e-06	-7.508388943177781e-06	0.002743669498529396	0.00019759568460802775	0.00012343392980935833	-5.8606755103374645e-05	0.00014102832850227545	-3.143972855130885e-05	-9.342723710293823e-05
2.27	-1.2721557585493108e-05	-1.0259546265870464e-05	0.003223940695980084	-4.54396901369181e-06	-7.373300617825657e-06	0.0027424940300976534	0.00025971750298263115	0.0002451543537350625	-4.161785690681738e-05	0.0001697550773286073	6.089915168379962e-05	-0.00013336717329011494
2.2800000000000002	-9.755263398197944e-06	-7.553812344052017e-06	0.003223922961655403	-2.599798236244337e-06	-6.569715543489721e-06	0.0027414317188468955	0.0003038271493686146	0.0003083034744168582	3.862722246006352e-05	0.00021188322874522245	7.926059448331575e-05	-4.9106542894518675e-05
2.29	-6.871307881551645e-06	-4.23432065434471e-06	0.0032245475443448816	-4.970492966433431e-07	-5.6120609632970875e-06	0.0027413191765495244	0.0002731891544186805	0.0003545367912747381	6.180818353802012e-05	0.00019328130374990244	0.000136374009573009	6.018641826057404e-05
2.3000000000000003	-4.290749253989184e-06	-5.416888140932006e-07	0.0032251327506173863	1.2251547955336428e-06	-3.7096223541201584e-06	0.0027421326934399595	0.0002532060024336383	0.0003795985653078428	5.202482266089736e-05	0.00014912106094518125	0.00021647182841959516	0.00010044080103257336
2.31	-2.141024186871077e-06	3.6453747340268284e-06	0.0032256307519526978	2.5278323812015437e-06	-1.140940171105301e-06	0.0027433261155295117	0.0001627958512177352	0.0004651150883158254	2.918839752677185e-05	8.456150236513816e-05	0.00027402799373745553	9.048732409701374e-05
2.3200000000000003	-8.055159263730347e-07	7.946061973591779e-06	0.003225585364232227	3.1718919051815728e-06	1.6736071121669556e-06	0.0027440521263337415	0.000131892375343902	0.000395919492778765	-5.44011440102189e-05	4.836351548390944e-05	0.0003044297936965142	5.6623681853260326e-05
2.33	3.224785647268257e-07	1.1776118179670379e-05	0.0032249911434532983	3.364918227432839e-06	4.503505251949112e-06	0.0027441062727958216	0.0001059945012792552	0.00036798926052915884	-8.242334486748825e-05	-8.94818825178234e-06	0.00025822504061616793	-5.128658810132168e-05
2.3400000000000003	1.0552879280625611e-06	1.502731198169399e-05	0.0032243710815111153	3.2754421525662106e-06	6.937481736956811e-06	0.0027434193998053594	5.727578187388682e-05	0.0002723889175802639	-3.230470810493536e-05	-1.6406292823719497e-06	0.0002273903729802878	-0.0001021413746043363
2.35	1.443048435754021e-06	1.7030355798341826e-05	0.0032242113971082346	2.9169929208748113e-06	8.880492836969695e-06	0.002742352642273974	2.7480380280539796e-05	0.00014642956625499345	2.439186221853631e-05	-5.2584641772330134e-05	0.00015471219473238613	-0.00012416441696569
2.3600000000000003	1.8810859939578166e-06	1.795783793581332e-05	0.0032246804112934344	2.269143696971842e-06	1.0184429993868888e-05	0.0027413270861150443	5.9551313530052485e-05	2.9173340243739324e-05	4.122089647377869e-05	-5.141068010177943e-05	9.297718353298352e-05	-8.792433617844933e-05
2.37	2.537072778707163e-06	1.7452952278155804e-05	0.0032249106276225114	1.7052710628935315e-06	1.0795344635240748e-05	0.002740974047465016	7.064252470808359e-05	-8.577737991498901e-05	-2.4951553145989333e-06	-6.0073777884532286e-05	1.1115453981676105e-05	3.697385553356196e-05
2.38	3.291403280008152e-06	1.6075452834031053e-05	0.003224756666703571	1.0130954097793007e-06	1.0459863251845958e-05	0.002741872833506226	8.239557831912355e-05	-0.00019884798315131165	-2.471530963102867e-05	-8.182465704811713e-05	-6.505315057391944e-05	0.00013304554758677308
2.39	4.080990537323261e-06	1.3411504693506335e-05	0.0032243464720544722	4.3761347377703786e-07	9.408539010599111e-06	0.002743333170144855	7.535007967367898e-05	-0.0003137691476764965	-4.1017188156800196e-05	-5.038654027849327e-05	-0.00014378840110843466	0.0001446168212280329
2.4	4.817361934693882e-06	9.830480997357142e-06	0.003224211310061289	3.4483162451846156e-08	7.364487131475389e-06	0.0027442979973228087	0.00010492452876986053	-0.0004214436770612324	4.8088217628096944e-05	-4.331916945091346e-05	-0.0002544573298375335	5.3053727518245085e-05
2.41	5.906232967642433e-06	5.206612638142002e-06	0.0032249333530057363	-1.923166639929621e-07	4.68350599243529e-06	0.002744238835121953	8.545549811464006e-05	-0.0005007523685469636	7.795947465546732e-05	6.876960299995789e-06	-0.0002603049576968141	-6.325020999116102e-05
2.42	6.610685230444251e-06	4.446709354765414e-08	0.003225518832801674	-1.798220185493276e-07	2.163193539208249e-06	0.0027431544151261932	4.970463591681003e-05	-0.0005310016640249037	2.2785674919941532e-05	-6.0843392242798515e-06	-0.00024051585054477102	-0.00012114608903323933
2.43	7.3824352097967835e-06	-5.0992771986829365e-06	0.003225284820336508	-2.11276352894885e-07	-1.400689364011388e-07	0.0027420322381508534	0.00010024443380777311	-0.0005044100712655738	-6.392780548034101e-05	4.163182285035152e-06	-0.00021953550320025155	-0.0001155147712684728
2.44	8.329444803440773e-06	-9.911874160712451e-06	0.003224395089435625	-1.0174249114127858e-07	-2.321798385979103e-06	0.002741256715300732	9.521274168401803e-05	-0.00046965138343898094	-0.00010039351182224919	1.2517243647092733e-05	-0.00021164963032648706	-2.251038741175651e-05
2.45	9.305968395973718e-06	-1.463854139250362e-05	0.0032236036630739263	2.6615788571645175e-07	-4.336403037208644e-06	0.0027413859685695005	0.00010438809483876144	-0.000444450801776492	-6.154162339584228e-05	5.3847362676706465e-05	-0.00017899503474456545	4.9586987839021556e-05
2.46	1.0363223083427689e-05	-1.8496618370517772e-05	0.003223306367274526	7.193030013107081e-07	-5.831922573266258e-06	0.0027421916779172034	0.00010650174745310721	-0.0003426518923419776	1.5520303620213397e-05	2.6063130588723877e-05	-0.0001370723824723577	7.145879318423847e-05
2.47	1.1327888522918412e-05	-2.14328254908301e-05	0.003223617927594413	1.3228994532115627e-06	-7.054387853097797e-06	0.002742762087626109	0.00010463180185176865	-0.00024082905938035994	6.497107064408182e-05	7.933932908124668e-05	-9.64559326951634e-05	5.4486747179361764e-05
2.48	1.2264766148962087e-05	-2.3546201744291548e-05	0.0032246132396620106	2.304527348007665e-06	-7.918043110398841e-06	0.0027430132109430736	7.617401417477217e-05	-0.0001715115545346412	0.00014485341320759934	0.00010896208004831627	-6.984721524081147e-05	2.4854069023455784e-05
2.49	1.2842355739394454e-05	-2.480534674504192e-05	0.0032258143643546086	3.5339805393856213e-06	-8.332468474162904e-06	0.0027433746819507327	4.372952970659455e-05	-8.570972478839269e-05	9.464566423412709e-05	0.00011737302163308991	-1.7801106211848972e-05	1.679421867962288e-05
2.5	1.3032539724462847e-05	-2.504035729783844e-05	0.003226292090102029	4.494711886675912e-06	-8.251584630143387e-06	0.00274353120577465	-1.825866615767259e-05	3.451344998917692e-05	-1.3413873034542473e-05	8.0484496451765e-05	5.3195955051593306e-05	9.104522830502041e-07
2.5100000000000002	1.2509976015325062e-05	-2.3954419053854156e-05	0.0032256768376950533	5.283411956633935e-06	-7.716188255970666e-06	0.0027434270983059126	-5.557569387807625e-05	0.0001834488190690043	-0.00011211380659008066	6.646476711233937e-05	6.075006428374781e-05	-1.1450512759708383e-05
2.52	1.1621322997908316e-05	-2.178277470259189e-05	0.0032244033569647085	5.536079751475406e-06	-7.225550112022938e-06	0.0027430856804554903	-0.00011305015109460029	0.00024900063636018556	-0.00013994759763444632	1.4369171371917354e-05	8.300553735136914e-05	-5.64166435835078e-05
2.5300000000000002	1.0256146412183167e-05	-1.9224307996576445e-05	0.003223335615418011	5.378536545178538e-06	-6.271430584604698e-06	0.0027424222123740545	-0.00014417770687870436	0.00028007698906248874	-6.0640131741077474e-05	-1.727097083578473e-05	0.00011313193240645234	-8.343740161909961e-05
2.54	8.467906438974922e-06	-1.618850486986261e-05	0.0032236351332856753	5.0043672201834885e-06	-5.136540797988739e-06	0.0027418876203391587	-0.00020390532181727624	0.00033696527860360416	9.551889038592278e-05	-4.886317527398509e-05	0.00012369988352859936	-8.705589109848943e-06
2.5500000000000003	6.037125478495468e-06	-1.2628460041060468e-05	0.003224989198139726	4.357518835560181e-06	-3.992537333096355e-06	0.0027419249969938917	-0.00024445569842397526	0.0003943305217115104	0.00015065083059942613	-7.701011943874212e-05	0.00010037477450004183	3.080696837287907e-05
2.56	3.4753735854333454e-06	-8.394360031724151e-06	0.0032262870556541514	3.2728433317966226e-06	-2.9995141423189016e-06	0.002742301210942863	-0.00027417606581573773	0.00042407813676837385	7.645744053383856e-05	-0.00012516747465645452	0.00011872684806471585	6.853203547108457e-05
2.5700000000000003	7.891713863844699e-07	-4.2661430679437e-06	0.0032264642178330724	1.92697427146786e-06	-1.933889894049206e-06	0.002743259464928914	-0.0002832110433855092	0.00040834784291081226	-2.6268575672321983e-05	-0.00014992770830289415	0.000114453085506038	0.00012428090127739445
2.58	-2.2657652690306445e-06	-2.1043104482191912e-07	0.00322545854155158	1.8460145529092962e-07	-6.754952325909121e-07	0.00274433129122443	-0.0003107122550668782	0.0003882023779944148	-0.00014782735412371677	-0.0002067089042269123	0.00013109432820411065	5.790574331798566e-05
2.5900000000000003	-5.179304414191014e-06	3.6307903324339427e-06	0.00322427162526678	-2.0443335203778433e-06	7.654638572656837e-07	0.0027440846670909865	-0.00026503908604873607	0.00037655562654240367	-8.890662898988446e-05	-0.0002193919738182558	0.00016567795888174195	-0.00012378230075988376
2.6	-7.609145136757707e-06	6.956722636839224e-06	0.0032236968059413005	-4.431391917461251e-06	2.2830810449249325e-06	0.0027423667648747243	-0.0002202372785320679	0.0003043158298483862	7.266884109103564e-07	-0.0002262183682399149	0.00013112879417961966	-0.0001820924067456979
2.6100000000000003	-9.383855548914049e-06	9.718497085710055e-06	0.0032240548520290576	-6.466768187564841e-06	3.4091962705212337e-06	0.0027408022742607106	-0.0001310132454874757	0.00023420045131219598	7.201219069657018e-05	-0.0001478064051842679	0.00011533321486720147	-9.472134688494205e-05
2.62	-1.0294920719821187e-05	1.1852015525869008e-05	0.0032245681723568954	-7.399148501502645e-06	4.576955375823421e-06	0.002740819793088131	-5.878799076674249e-05	0.0001731663140255276	4.102691065394863e-05	-4.8118365753043306e-05	8.83860289316006e-05	9.784686419607298e-05
2.6300000000000003	-1.0294455472849571e-05	1.3298714146257277e-05	0.003224851399586214	-7.705900631911024e-06	5.157632522714569e-06	0.0027422961952376776	3.522418557821604e-05	0.0001183106498597762	1.677880506117009e-05	7.541428257143356e-06	1.525644524123742e-05	0.00018035947665540674
2.64	-9.342192384405618e-06	1.391217692507193e-05	0.0032250086155923728	-7.257733724740362e-06	5.463593607404083e-06	0.002744047105968949	0.0001475581407110129	-1.6485111187557976e-06	2.675341417315843e-05	7.043848611787304e-05	7.555177806875524e-05	0.00016854443882566351
2.65	-7.710782138146459e-06	1.3699901793253115e-05	0.003225340044935534	-6.265707023191032e-06	5.951608701030836e-06	0.00274492830780888	0.0001846548517008169	-5.8178794234220314e-05	3.8427980451604415e-05	0.00012186419292377407	2.597486665437894e-05	5.84645280416604e-07
2.66	-5.542863564047438e-06	1.2771532664271535e-05	0.003225622104750971	-5.0830118914361935e-06	6.376897392588201e-06	0.002744308621471071	0.00027210279609025777	-0.00011874596875388323	1.519849321507017e-05	0.00011481796786935665	2.6501541310317204e-05	-0.00012873668939993895
2.67	-2.69554924165649e-06	1.1106303020495748e-05	0.003225540812550855	-3.7014040612628577e-06	6.368463150037058e-06	0.002742613448967164	0.00029374174603445544	-0.00019392567785586593	-3.438685863975613e-05	0.00015116511487772239	-2.593213779807961e-05	-0.00017847335122135735
2.68	3.00105967147726e-07	8.813940635788253e-06	0.003224655003333766	-1.7561255768924185e-06	5.799746492345108e-06	0.00274127395825769	0.00032552384812790854	-0.00025223379727754827	-0.00013740129833704758	0.0002084646566404244	-8.306129608888099e-05	-8.980278366759569e-05
2.69	3.5863975718617686e-06	6.0106308908158746e-06	0.0032233303989676336	2.328829087240592e-07	4.804565241321425e-06	0.0027407918609354217	0.0003296414094476393	-0.0003058968557082954	-0.00010294664261579655	0.00019562247136935794	-0.00010942858162530591	3.713375632509761e-06
2.7	6.810097572812321e-06	2.804857755376048e-06	0.0032229606158784554	2.115243009728722e-06	3.2950072178807076e-06	0.0027412200935457744	0.00031842337495175733	-0.0003106511280635267	2.3941077533830488e-05	0.0001900769894231018	-0.000165521091102255	6.589122600441574e-05
2.71	9.87301300772681e-06	-3.8027658439771644e-07	0.0032235284829547116	3.987445136631037e-06	1.417775754774714e-06	0.0027421096129387865	0.00028986302365597666	-0.00030033326662467325	9.661995253730055e-05	0.00016509038766919485	-0.00020295160979226048	0.00010734167285950771
2.72	1.2557486877596218e-05	-3.5263698905930815e-06	0.0032246635780905975	5.5104497064420575e-06	-8.052066904735892e-07	0.0027433630228055473	0.00023889760580133912	-0.0003043124998437158	0.00011431248505982787	0.000136800373953509	-0.00021407060868139022	0.00011993735062833194
2.73	1.4321523163238551e-05	-6.395598230786514e-06	0.003225718309356457	6.521759608100504e-06	-3.359079843148304e-06	0.00274423042293326	0.00010774707215965653	-0.0002718185616826571	9.989002676131777e-05	7.324123678613306e-05	-0.0002710588846181575	7.906710391163263e-05
2.74	1.503986025727942e-05	-8.909428961119776e-06	0.0032264056063380955	6.966301638976901e-06	-5.8111502581821436e-06	0.0027443057929399223	3.758613794990203e-05	-0.00023600804663711543	3.380888853670034e-05	3.3525726212048336e-05	-0.00022941901183836936	-5.7479876397084024e-05
2.75	1.4993204294685976e-05	-1.1040871602642855e-05	0.0032262624952675524	7.105263923065949e-06	-7.756290515420533e-06	0.002743107261174669	-5.0923425466588325e-05	-0.00017297553339190979	-5.054149893682874e-05	-1.6813710016219694e-06	-0.00015787351862825923	-0.0001437805665747273
2.7600000000000002	1.4003532257843263e-05	-1.2259559966223427e-05	0.003225255198439668	6.6786872594430556e-06	-9.212416644903766e-06	0.0027419635032012923	-0.0001430421307572682	-5.3723594448609776e-05	-0.00014811063319635146	-8.863885137173829e-05	-0.0001048175032833629	-9.229676565151616e-05
2.77	1.1972694817376548e-05	-1.232121462668775e-05	0.0032235505721155623	5.710810874004481e-06	-1.0066508615398194e-05	0.0027412988805827323	-0.00025717839653071337	4.502102180846591e-05	-0.00017417863727635385	-0.00011295314375513297	-5.8419042542344475e-05	-5.6420015317789326e-05
2.7800000000000002	9.238638540054364e-06	-1.1007059331436489e-05	0.003222536105620165	4.395400550485418e-06	-1.0321155600794116e-05	0.002741128672592946	-0.0002928247685351359	0.00021942610412578197	-2.5927353979555416e-05	-0.00016140534255571092	1.7296149767992802e-06	2.629937710143813e-05
2.79	6.300844531397002e-06	-8.18106880586369e-06	0.0032231088747158615	2.6958584593837585e-06	-1.007731492856197e-05	0.002741834127290001	-0.0002878068672077548	0.00036712096252256883	0.0001399968262528935	-0.0001894616091805752	4.977748504137697e-05	9.629927351401734e-05
2.8000000000000003	3.1303688658663925e-06	-3.967472297039857e-06	0.0032247928183672956	6.721493565409637e-07	-8.970030262667683e-06	0.0027428752121545765	-0.00032060119573655484	0.0004899028504988686	0.00016508340866654625	-0.0002074635373397663	0.00017851052437492176	0.00010805220190606713
2.81	1.1843309357734015e-08	1.1284668417638778e-06	0.0032261860156013174	-1.3315728224785626e-06	-6.670306373363865e-06	0.002743825157586968	-0.00028273142120572025	0.0005394904861477527	0.00011116216401863494	-0.00019166786813820837	0.00026918651324459177	8.28325707495034e-05
2.8200000000000003	-2.6591549536206175e-06	6.7249279216847556e-06	0.0032265877473703756	-3.2010045651769607e-06	-3.539635556221878e-06	0.0027443249721535233	-0.0002471492746243592	0.0005595017364154473	-2.6998745193684477e-05	-0.00017833600728403998	0.0003356316438535848	7.484925177076865e-06
2.83	-4.9046346807060266e-06	1.2497070675742093e-05	0.0032257345255521375	-4.754060080402608e-06	2.0054922733482488e-07	0.002743964892507906	-0.0001808052983969886	0.0005988733810106229	-0.00012996621455492336	-0.00013034894469351476	0.0004012805000815647	-7.738384973341993e-05
2.8400000000000003	-6.622738104407837e-06	1.822381703439413e-05	0.003224423086158003	-5.718521990234415e-06	4.174159423466848e-06	0.00274321047834669	-0.0001641468915019796	0.0005354090475327557	-0.00012517694535206655	-6.534499711270053e-05	0.0003738800818181981	-6.246274538315914e-05
2.85	-7.73097033903175e-06	2.3263738004747738e-05	0.0032234157035088144	-6.154310182569109e-06	7.740389483748844e-06	0.0027424968537862575	-7.155545509362771e-05	0.00046554133380974236	-5.077207634806308e-05	-6.177680876774693e-06	0.0003271594776877134	-7.682677942947833e-05
2.8600000000000003	-7.865808932147684e-06	2.7231779351384694e-05	0.003223625435848049	-5.964526095447131e-06	1.0548198859390309e-05	0.002741816859744372	3.0515673277338722e-05	0.000351435368007689	8.006844784950648e-05	4.5931293831074954e-05	0.0002421352255949078	-4.1788000210222966e-05
2.87	-7.152435316400845e-06	3.0086961315465263e-05	0.0032243491486417886	-5.013129907402704e-06	1.270967376738976e-05	0.0027417502818061212	0.00012162331279727719	0.00020885839036563185	5.6993596982638346e-05	0.00011712823726901942	0.00018855654866779264	1.459815236236402e-05
2.8800000000000003	-5.916682326961618e-06	3.127811108176455e-05	0.0032246450411834624	-3.890387003790514e-06	1.4213653345349204e-05	0.0027421176365301277	0.00014206046109625206	3.6346772395858746e-05	-8.539905097190369e-07	0.00011707567359928177	7.541916864379262e-05	5.8571276168605236e-05
2.89	-4.2690431267103075e-06	3.087789990865652e-05	0.00322469997866571	-2.663015256114903e-06	1.4471100201899447e-05	0.00274295146733926	0.00018092921824267068	-0.0001194176096977785	2.1834657024016157e-05	0.00011941228476715756	-2.6779672324690284e-05	0.00011682946251589597
2.9000000000000004	-2.364657703305859e-06	2.8836889437705253e-05	0.0032248315505162754	-1.3008539874283026e-06	1.3552852293571109e-05	0.0027438433228455616	0.00019569480051498996	-0.00027990735919785313	4.175682136237204e-05	0.00015565443785619672	-0.00012757621441571225	6.19714437437771e-05
2.91	-4.242250414016725e-07	2.518774301682085e-05	0.003225206481391679	3.416003594502123e-07	1.1752418504501777e-05	0.002744183323795586	0.00022820784922764387	-0.00044321403191444384	4.707257665596998e-05	0.0001635492506329591	-0.0001996744198587506	1.5585283733095708e-05
2.92	1.722986099377909e-06	2.0300839208934975e-05	0.003225583779999501	1.8149979599637457e-06	9.46110337402562e-06	0.0027436769499437786	0.00020316274411373984	-0.0005416368858630442	1.1272089411711489e-05	0.00012074863920880743	-0.00023672879920980444	-0.00010633638707082258
2.93	3.520956724852421e-06	1.4383637007381675e-05	0.003225251745792679	2.9955756900901233e-06	6.807232405421807e-06	0.0027424028202355866	0.0001620751653485867	-0.0006238341832449726	-7.559433850466672e-05	8.160119432724801e-05	-0.00028436551051395925	-0.00013787711045282517
2.94	5.074449904063849e-06	7.916431163800077e-06	0.003224400899541881	3.8125705499680345e-06	3.7765471678875307e-06	0.002741376982365412	0.00015446393363706943	-0.0006401670789314356	-8.832774411647693e-05	6.0938315814634527e-05	-0.00031854643925284445	-5.546895038919621e-05
2.95	6.584373607608152e-06	1.3525191154013348e-06	0.003223828510669929	4.210999437093162e-06	7.461810075852453e-07	0.002741404159740951	0.0001359408644567809	-0.0006488448354781376	-1.0228955928435937e-05	5.4595664544691265e-06	-0.0003125667092958485	5.947748635565632e-05
2.96	7.880978934144556e-06	-4.772237059421005e-06	0.0032240613374117373	4.255154198899992e-06	-2.2112895461656312e-06	0.0027422470178111676	0.00010667637401399154	-0.0005791435607619136	4.634068277158959e-05	-1.3659052038571752e-06	-0.0002712279879457143	8.494214706097732e-05
2.97	8.654943483577564e-06	-1.0168955954605712e-05	0.0032246288008779054	4.06046411356204e-06	-4.758624002386435e-06	0.002743115839053495	5.56639034102416e-05	-0.0005034218547218178	5.148793430135985e-05	-1.6610403794670398e-05	-0.00024143851918747834	7.789427912588354e-05
2.98	9.066681570577088e-06	-1.4888836272029785e-05	0.0032249771745982234	3.709528505014149e-06	-7.045111992783227e-06	0.0027436576270153954	1.0894140314702558e-05	-0.0004249458257639029	9.623582346997755e-06	-3.7977834495637535e-05	-0.00022664982023753438	3.257928850761689e-05
2.99	8.88895880059275e-06	-1.8450638418847126e-05	0.0032252547062063598	3.286065049308819e-06	-9.046731035452856e-06	0.002743609386416814	-4.864406089039452e-05	-0.00025419221427117733	2.520887560722527e-05	-4.3788607598876406e-05	-0.00016305399591799217	-3.0092821844000547e-05
3.0	8.20610220956941e-06	-2.0282452798063492e-05	0.003225404559465699	2.9350281009459144e-06	-1.0343596152547692e-05	0.0027430552567517764	-7.807745439799444e-05	-0.00013462922671615273	3.856018223650713e-06	-2.909065486640046e-05	-7.584369390019522e-05	-7.570052034945395e-05
3.0100000000000002	7.2205276405134545e-06	-2.0805366576433252e-05	0.0032250655458142138	2.578961971729315e-06	-1.0638837839026285e-05	0.002742459202591265	-0.00010868259551730484	1.712178388530273e-05	-5.855780270358439e-05	-6.264921354467556e-05	1.8597908807746714e-05	-4.951953705573025e-05
3.02	5.856783648301267e-06	-2.003947208177393e-05	0.0032242596346008386	2.0397549516574328e-06	-1.001733156142199e-05	0.0027418903012771485	-0.00014904968389788678	0.00014048470102019352	-7.062752669646032e-05	-6.323053200799478e-05	0.00010502186920863547	-4.321149267312956e-05
3.0300000000000002	4.464460880408703e-06	-1.80346164473969e-05	0.003223584127307415	1.4801487931613004e-06	-8.957786721573654e-06	0.002741772826721224	-0.0001222479566259013	0.00025102456713760844	-4.782615388669369e-05	-6.649239561625747e-05	0.00012564205677735859	7.90896942962221e-06
3.04	3.257434143483609e-06	-1.513871415198596e-05	0.0032237264950938766	7.186630104153065e-07	-7.313555302024193e-06	0.00274209388399615	-0.00011556097650056586	0.00031697573305829424	4.281496226722257e-05	-8.340445165170061e-05	0.00021186790706938984	4.819262681044065e-05
3.0500000000000003	2.25872269797145e-06	-1.1784985777269671e-05	0.003224489452302538	-2.155737032278679e-07	-5.0874794791314085e-06	0.002742758656361299	-8.621305029829419e-05	0.0003608319998930722	8.170540166755512e-05	-9.315788050818359e-05	0.00021692511935991583	8.391405795621212e-05
3.06	1.3871861198900518e-06	-8.23954029409949e-06	0.003225270980786323	-1.1222578247383143e-06	-2.686058194114853e-06	0.002743545387552409	-9.818623451956985e-05	0.0003545001184290051	6.434544602620269e-05	-6.498911911002319e-05	0.00024565003149167546	8.451012500669227e-05
3.0700000000000003	6.473297049406481e-07	-4.818481325962013e-06	0.0032258021920832177	-1.705062696964877e-06	-3.5996684716664903e-07	0.002744253182624739	-5.5908107130243953e-05	0.00032091916504725713	3.282431028641787e-05	-6.211544376774369e-05	0.0002267210838742014	3.0431675518743767e-05
3.08	3.298824953494426e-07	-1.7670908470913414e-06	0.0032257799833908083	-2.190659940670043e-06	1.7848390860972919e-06	0.002744027671441188	-8.344112719251637e-06	0.0002883182097759063	-2.227405066452948e-05	-3.8007973880842856e-05	0.00018943764414075623	-4.937549524583145e-05
3.0900000000000003	4.0381002124996015e-07	9.409206937543611e-07	0.0032253228883571336	-2.152269745519114e-06	3.249343886723844e-06	0.002743207304973245	3.7355434755509605e-05	0.00025218058494625643	-7.95865845542644e-05	1.9596627143405973e-05	0.00012292552978684001	-9.643997853876989e-05
3.1	8.08097861942969e-07	3.092720703272931e-06	0.003224435311525969	-2.0469519939108474e-06	4.1606930267125814e-06	0.0027421715792617708	6.369539350167915e-05	0.00018344801920819377	-8.094512005342935e-05	7.506944343152833e-06	4.423854193156785e-05	-9.056886387243614e-05
3.1100000000000003	1.5097677480839124e-06	4.645884456007616e-06	0.0032235298254551657	-1.697206423878421e-06	4.1646715284828555e-06	0.0027414920003365063	6.843751721709472e-05	0.00012708737587749868	-7.695913263617333e-05	5.368977261348494e-05	-4.743175719295207e-05	-3.3940640889842597e-05
3.12	2.2812419561259314e-06	5.5294991874359855e-06	0.00322327977331258	-8.810400211436609e-07	3.3830315222554573e-06	0.0027412485160345046	9.3748942824902e-05	6.759417877591453e-05	2.3695348919384297e-05	9.591126960141523e-05	-9.055339724659686e-05	-1.9200410675436487e-05
3.1300000000000003	3.271636273969937e-06	5.999300266625441e-06	0.0032236898330069447	2.3984443933641424e-07	2.5170833061799846e-06	0.0027414895942477566	9.959344801074486e-05	4.889968080910027e-05	7.312992679901572e-05	0.0001425023686285355	-4.526056249932139e-05	6.741205490708643e-05
3.14	4.125465301726026e-06	6.311163814592173e-06	0.0032243462919664865	1.5714239242121746e-06	1.9835229688935232e-06	0.002742294161902807	7.344710732209718e-05	1.8684150363506195e-05	6.200193222211472e-05	9.799070967229572e-05	-6.622085760212739e-05	8.711240476231275e-05
3.1500000000000004	4.683480867910021e-06	6.655070383531008e-06	0.003225040038643927	2.6163949927959095e-06	1.4693516879542362e-06	0.002743255802568731	3.8050884356881904e-05	1.790580378697196e-05	5.700023706596423e-05	0.00013841578491074398	-2.0869268881532534e-05	0.0001053905406322111
3.16	4.6498745908665e-06	6.6944315733744935e-06	0.003225632505983715	3.843827851951189e-06	1.1412125440795088e-06	0.002743809423934182	-9.685721114060108e-06	-1.0903255176830907e-05	4.7710405488376385e-05	8.602522538356612e-05	-5.897977699945e-05	3.3617874928159755e-05
3.1700000000000004	4.374138545440781e-06	6.541633433468122e-06	0.003226007786028401	4.679665719883955e-06	5.989327877739716e-07	0.002743790101571702	-4.882339819103621e-05	-2.4736598018255367e-05	1.8826496272388434e-05	8.35154277499505e-05	-4.708459395909641e-05	-2.026355477146232e-05
3.18	3.3863477363762144e-06	6.4807567706051936e-06	0.0032258295318999893	4.989556914252915e-06	2.1608273446340898e-07	0.002743271063532148	-0.0001507820193614385	3.8459229174960645e-07	-6.251333543862995e-05	-1.4497924865224336e-05	-3.4501559313466954e-05	-6.0286221737309136e-05
3.19	1.7259111192687842e-06	6.448011112355073e-06	0.0032248197869746	4.587233298374727e-06	-1.753582485842624e-07	0.002742820019268366	-0.00021130661949001647	1.0874237990037982e-05	-0.00010723459346877	-7.389473103665495e-05	-3.75440218120472e-05	-4.5526871862405755e-05
3.2	-5.116149571531589e-07	6.618006856683704e-06	0.0032240801885931422	3.585186811582871e-06	-2.3946396316475646e-07	0.0027424814256591513	-0.00024065076775160778	9.649930180473652e-06	-3.3061593771676644e-05	-0.00012784016923075573	1.4159731888217465e-05	-1.9212467329290176e-05
3.21	-3.0338645520259574e-06	6.7151751749667835e-06	0.0032239319582817736	2.084862766247672e-06	-7.998733882736968e-08	0.0027423761349288033	-0.00027947562046435676	1.425832573398997e-05	6.048195850464578e-06	-0.0001704195390103087	1.1182391410477847e-05	-2.430201120428436e-05
3.22	-5.9201649577900085e-06	7.092857379100539e-06	0.003223996456077516	1.759966885794164e-07	6.94580498531286e-08	0.002742422918037085	-0.00028881919004642776	5.941777504942712e-05	1.816133804779882e-05	-0.00017660571556161033	2.2497821318500215e-05	2.493307793092073e-05
3.23	-8.466718909651483e-06	7.677255767001151e-06	0.0032245011044819178	-1.6105062590775768e-06	2.914395829586365e-07	0.002742806276732244	-0.0002378665846407322	4.444441112512489e-05	7.540974841770336e-05	-0.00018591378226016672	3.4126050444984232e-06	3.1950504712836504e-05
3.24	-1.0687408013302728e-05	8.140623926153027e-06	0.0032250963356263485	-3.3906992837905626e-06	1.9160929646734685e-07	0.002743048981921753	-0.00018408519039172778	3.659571364330117e-05	2.4190697663391522e-05	-0.00018704257158505427	-1.4314099547274102e-05	-4.2994502563710183e-07
3.25	-1.2199190432077625e-05	8.437834038871957e-06	0.0032250292291547905	-5.150286366445037e-06	-9.077575057514367e-08	0.0027429818129063414	-0.0001069540865133763	2.799743127693594e-05	-4.576803693662493e-05	-0.00014446819468650593	-3.0232870588988342e-05	-6.6896236230737005e-06
3.2600000000000002	-1.2926620577443437e-05	8.757974159937005e-06	0.003224823704314002	-6.471334052237745e-06	-2.610361143783752e-07	0.002742836111848347	-4.5517582772068793e-05	3.109491054566664e-05	-1.3178370290074856e-05	-0.00014343496473873934	-1.3671949406229535e-05	-2.1540514534731137e-05
3.27	-1.2838005056256916e-05	9.421233511374936e-06	0.003224792059088578	-7.512460565836959e-06	-4.426544031090405e-07	0.0027427651432167396	6.246280276401993e-05	7.971696006207228e-05	-4.7927828845861394e-06	-5.594628755030852e-05	-8.806509760970323e-06	5.164575640204617e-06
3.2800000000000002	-1.2103635914288235e-05	1.0021038913967144e-05	0.0032248270985310535	-7.682220008002278e-06	-2.1277683309088336e-07	0.002742720314445075	9.376612343969981e-05	4.194022907080793e-05	5.318536836484274e-06	3.0623015730842527e-05	5.592065333373108e-05	-2.1421908353923953e-05
3.29	-1.0709784602650154e-05	1.066666689773482e-05	0.003224835298544069	-7.164864280627738e-06	4.113806049907012e-07	0.0027424847587501867	0.00017598419326137984	5.9659308698796125e-05	1.0302724571464542e-05	7.275321635865927e-05	6.359982302169215e-05	-1.7941621485715714e-05
3.3000000000000003	-9.004889090726403e-06	1.1077650495085747e-05	0.0032248125218105827	-6.02318971049655e-06	1.192073614051963e-06	0.0027423840276401957	0.0001848294480119512	9.07248432330159e-06	-1.4841869619399413e-05	0.00011657461737388097	6.423447756126361e-05	-1.8587384789576856e-07
3.31	-6.981218706596289e-06	1.1169644432541917e-05	0.003224542526348453	-4.717997892413093e-06	1.8439070604998414e-06	0.00274260394604338	0.00022678371512121516	-8.95914657140973e-06	-1.969971943122574e-05	0.00014746143667000784	5.655717274919474e-05	2.3576069749564396e-05
3.3200000000000003	-4.3395801874236725e-06	1.0952174951791179e-05	0.003224450730875186	-3.11694732123165e-06	2.354506416046396e-06	0.002742828471087414	0.0002951208976888971	-3.284697701675978e-05	6.998846568449387e-06	0.00015234397973292016	4.901035298662789e-05	8.25288270869138e-06
3.33	-1.4269828402155928e-06	1.0711438897162759e-05	0.0032247949145831154	-1.5694831037907762e-06	2.912231010873578e-06	0.0027428054420934227	0.0003124142271561968	-2.6950547428819036e-05	4.814290797516276e-05	0.00016561660853896796	6.29050896404303e-05	-2.2292632397377785e-06
3.3400000000000003	1.8211031146939653e-06	1.0236523494320131e-05	0.003225177418480446	3.166024844231896e-07	3.3445711652350297e-06	0.0027424362138502773	0.0003175606937217075	-6.193952084711959e-05	1.7405197365850392e-05	0.00019886359327248444	3.3746092040734306e-05	-4.0546362166824384e-05
3.35	4.7820004704151575e-06	9.63853166684898e-06	0.0032251245007263525	2.3489707078172725e-06	3.7054151760933216e-06	0.0027421359677121558	0.00027431444266784097	-5.1880532486614716e-05	-2.1870406067863842e-05	0.00018233115267079556	4.446888949969926e-05	-3.54365903705061e-05
3.3600000000000003	7.204381382068158e-06	8.741789993161895e-06	0.0032247288021755305	3.820017731325748e-06	4.056283551150127e-06	0.002741962196277769	0.00021318600056578286	-0.00011553981436580794	-5.602459552166597e-05	0.00010949102307771418	1.8572108352579304e-05	-1.2068087905466394e-05
3.37	9.113936450327709e-06	7.2206864255583645e-06	0.0032242846058778184	4.504787747150012e-06	4.037841173322105e-06	0.0027420081651062713	0.00017028438803448503	-0.00019982930650203214	-3.353567886098675e-05	3.556574906243885e-05	-3.106470958628885e-05	1.8267440630919392e-05
3.3800000000000003	1.0558801393404065e-05	5.202258136925042e-06	0.0032241534610506586	4.763949300830564e-06	3.755270791710647e-06	0.002742639002539725	0.00013593413876126178	-0.00020377377195959063	-5.002696351440016e-06	2.525972468457804e-05	-5.354084111149399e-05	8.664092988747388e-05
3.39	1.1373479876030976e-05	3.0599008998609142e-06	0.0032244637249472918	4.723076628022956e-06	3.093047095658771e-06	0.0027433896921766473	3.1345779234128136e-05	-0.00021957109496219355	6.1022578324376174e-05	-4.9402378279254856e-05	-8.790858060268457e-05	6.152295379693386e-05
3.4000000000000004	1.1352310569656407e-05	7.53594081485175e-07	0.0032250649140697844	4.4122414313919585e-06	2.0365916925947404e-06	0.0027437844605805706	-3.722469814577614e-05	-0.00024078048346268637	7.898617579677532e-05	-2.883379189672389e-05	-0.00012005656349323318	1.2028098451773115e-05
3.41	1.0663762935199887e-05	-1.7173179794591234e-06	0.00322585477348226	3.9057280339508784e-06	8.569903766381575e-07	0.002743478710522708	-9.11264861014475e-05	-0.00025072014780692985	6.654474639620384e-05	-8.602937330856092e-05	-0.0001254229467091432	-6.089740979004613e-05
3.4200000000000004	9.71645316576436e-06	-4.440401420016653e-06	0.0032260055414771575	3.0900311671892777e-06	-2.2763159538353786e-07	0.0027425446513785288	-0.00010284441571921367	-0.0002794200938330259	-1.1051461489513306e-05	-9.492409373370816e-05	-9.905809650039681e-05	-9.627454811465222e-05
3.43	8.612746305039137e-06	-7.125753604166369e-06	0.0032255564335677287	2.118763885172712e-06	-1.4020786288639747e-06	0.002741924886023336	-0.00013579174613232922	-0.0002558705040176205	-8.672612281080368e-05	-7.8269217554881e-05	-0.00014143200776511053	-4.055903673511738e-05
3.44	7.259708928487178e-06	-9.687466795708382e-06	0.003224379382970157	1.5275204396066123e-06	-2.628837967330062e-06	0.0027419321062059224	-0.00015396854776354477	-0.00024474882728162833	-0.00012097032796504972	-6.316192042669581e-05	-0.00012972826191545264	3.9120408554324017e-05
3.45	5.798131391213309e-06	-1.1816644920649702e-05	0.0032234490467480037	1.1254719116102745e-06	-3.880929897637329e-06	0.0027428509004038355	-0.00014276749266302474	-0.00019839154361605304	-4.421990660899731e-05	-3.292915254776876e-05	-0.00010060668598182522	0.00011805844758039736
3.46	4.0762466510230825e-06	-1.369164443048426e-05	0.003223631727585261	7.320550921278128e-07	-4.560335921895052e-06	0.002743769328120524	-0.00018104086309141622	-0.00017014697673338003	6.896682751287022e-05	-3.637677086840977e-05	-5.5764134769067295e-05	5.205459356855009e-05
3.47	2.243860543324345e-06	-1.4980144948076828e-05	0.003224861845159786	5.422462117435519e-07	-4.924516726147525e-06	0.0027436775749698455	-0.000182557130461982	-8.998147030591927e-05	0.00018136621001701173	9.595338844097927e-06	-3.255239600982081e-05	-4.384918420946286e-05
3.48	4.0096728667802417e-07	-1.542905469716221e-05	0.0032262213736483233	9.265366731699668e-07	-5.230045388432587e-06	0.002743320633686625	-0.0002117542063005106	-2.617990898655957e-05	8.441368044161005e-05	7.150103378514401e-05	-6.236669104031799e-05	-1.7804695839306928e-05
3.49	-1.4308971094649293e-06	-1.5236531614875139e-05	0.003226510919392821	1.468136666563763e-06	-5.998625340358513e-06	0.0027432231880063374	-0.00016520363596807727	4.126687896702167e-05	-3.6890654341764265e-05	3.3541260705206944e-05	-7.278234632035469e-05	-7.635363918813396e-06
3.5	-3.0486251093173056e-06	-1.44437869841832e-05	0.0032254456635970206	1.4026317644033676e-06	-6.4834819029135535e-06	0.0027433710043512217	-0.00016914880849865161	0.00011610018115993811	-0.00015403516457402553	-1.2469945991581543e-05	-2.8546125885269237e-05	2.6575875942278e-05
3.5100000000000002	-4.688783311938024e-06	-1.315828345696094e-05	0.003224109181602948	7.755572364085344e-07	-6.637557170210959e-06	0.002743182125612769	-0.00016694811772139344	0.0001335787613867076	-0.00010211040070919447	-8.88643409435234e-05	5.5849306898780466e-06	-6.138009108534605e-05
3.52	-6.430724276016219e-06	-1.1434930371428972e-05	0.0032235283363899457	-4.854818042922273e-08	-6.256936871589336e-06	0.0027425294434611203	-0.00016022393347231748	0.00020688305135198272	-8.799470612247173e-06	-6.489802629505653e-05	7.266852834584483e-05	-6.782218495764785e-05
3.5300000000000002	-7.98438495827755e-06	-9.298482290292335e-06	0.00322379945851036	-7.593935061169593e-07	-5.433693373032895e-06	0.002741928277646941	-0.00015087861363039328	0.0002262170486310302	6.799361231715337e-05	-8.357082587694218e-05	0.00010725488864512413	-4.310066991524622e-05
3.54	-9.104773176983203e-06	-6.751073181206791e-06	0.00322460181184333	-1.6383833445276194e-06	-4.263293581741458e-06	0.0027416849559270054	-9.094690956676759e-05	0.00028764839591078397	9.36779302684819e-05	-8.14899703500784e-05	0.00013235556733260376	-1.1845932019648324e-05
3.5500000000000003	-1.023603123218732e-05	-3.753721934822554e-06	0.003225378146819213	-2.3952242408576583e-06	-3.016023776488477e-06	0.0027418978900616313	-0.0001210411379617039	0.0002976531991191528	6.122393250518633e-05	-7.681975351036379e-05	0.00012473406192866523	4.252669336617529e-05
3.56	-1.1312304147430288e-05	-8.806476619566631e-07	0.0032255956272917983	-3.0047677533090042e-06	-1.6340397340339792e-06	0.002742799022576698	-8.135008094071747e-05	0.0002891671156933194	-6.970609073091492e-06	-7.115753134264467e-05	0.00017197725495516448	0.0001327823163280443
3.5700000000000003	-1.2093903702278638e-05	2.1363605516573507e-06	0.0032254327289317204	-3.822840311591232e-06	1.2939260025259214e-07	0.0027440363613392867	-5.062047263668757e-05	0.00031152917464183306	-4.115197838045511e-05	-7.452852841661065e-05	0.00017540990356681044	9.837678291413925e-05
3.58	-1.2346146954550613e-05	5.172216057959395e-06	0.003225016190332253	-4.359206253551794e-06	1.8880130932778454e-06	0.0027444034103843275	-7.953677021871238e-06	0.0003002198896553272	-3.7406085736534396e-05	-3.774611203504689e-05	0.00016476818716800243	-1.2203518111889578e-05
3.5900000000000003	-1.211149735505546e-05	7.718519341734719e-06	0.0032248495849126263	-4.464424940294919e-06	3.5602378031331483e-06	0.0027436309608393945	7.697088439580478e-05	0.00020822194106165734	4.081803284737251e-06	1.2363137787734684e-05	0.000148651020503659	-0.0001392680759825112
3.6	-1.122061267052864e-05	9.658481720048201e-06	0.0032249736372555148	-4.308301000787318e-06	4.929790857220418e-06	0.002742089109467918	8.466399269015105e-05	0.00017650425748229535	2.522965118421301e-05	1.7918007401209084e-05	0.00012001393011564687	-0.00014483155986730106
3.6100000000000003	-1.0245502673949472e-05	1.1055301053921835e-05	0.0032246285052682337	-3.7029446729690074e-06	5.715425467527665e-06	0.0027410371551355533	0.00010619869118867249	0.00010381156586024902	-6.640622621332685e-05	9.257627595955889e-05	7.26048234210544e-05	-4.784774517673684e-05
3.62	-8.980142409883667e-06	1.1773239248608228e-05	0.003223700074180124	-2.7168902948360346e-06	6.2960671266732295e-06	0.002741020768168581	0.00015731721928233868	4.8967012511522174e-05	-8.727945743899295e-05	0.00011455294713545798	3.8188876467268474e-05	2.0527425222699054e-05
3.6300000000000003	-7.023800869186285e-06	1.184385358750135e-05	0.0032232525802905827	-1.8019539635452756e-06	6.3479896444006146e-06	0.0027415107190536434	0.00023136585415177492	-3.198909111802042e-05	-3.053696763465457e-05	7.508631272968081e-05	-1.8707511913841014e-05	7.161444935064371e-05
3.64	-4.993284049685017e-06	1.1220665880654873e-05	0.0032238144625009266	-9.003581582807132e-07	5.962760734144023e-06	0.002742253892550894	0.00017019303392532573	-6.119941764690334e-05	0.00012640528498104566	8.460979769093998e-05	-7.219583323003356e-05	6.48243794136213e-05
3.6500000000000004	-3.0993917318562725e-06	1.0361256217501918e-05	0.0032251507066408005	-3.1301740925778183e-07	5.263310747104654e-06	0.0027431850569555583	0.00017924767313114208	-0.00011916992308158935	0.00010998532185685687	4.8647139921904694e-05	-6.227818804826721e-05	0.00010383729644623135
3.66	-1.1100195665205026e-06	8.88046281304113e-06	0.003226108905797679	1.3209667322423336e-07	4.576090893895269e-06	0.0027440746899647173	0.00021678141680392426	-0.00017856731365308828	8.326765928046436e-05	5.172200948230258e-05	-8.736187292613365e-05	5.3183774788686315e-05
3.6700000000000004	7.141297561365937e-07	6.905756137592462e-06	0.0032264456311237918	7.390982048993715e-07	3.48092364947988e-06	0.0027442910298299886	0.00016093123910509267	-0.0002265074762698867	-2.815317275232544e-05	5.7306084199525075e-05	-0.00012759724269879004	-2.0141734925534497e-05
3.68	2.359173490572857e-06	4.638978691143111e-06	0.0032256301318537234	1.422504910869813e-06	2.2237930556705664e-06	0.002743605906502682	0.00012995103380620065	-0.0002224217131528711	-0.00012649686250028864	8.16902280209519e-05	-0.00010877690813638284	-0.0001168985744540946
3.6900000000000004	3.7231688344696595e-06	2.441785206090812e-06	0.003224204737295022	2.2595630078284356e-06	9.58568042380308e-07	0.0027421695481105587	0.00015111687887797232	-0.00023855754311746376	-0.00013273187240695757	9.071049644718209e-05	-0.00011761319557359023	-0.00014014154312672888
3.7	4.863525525899026e-06	-3.859030406856273e-08	0.003222940604338692	3.015671375448959e-06	-2.7387534281984547e-07	0.002741112119852488	8.704921967021186e-05	-0.00024232647586129631	-9.963719239543988e-05	6.290121644307662e-05	-0.00013595847966787396	-5.689686841529525e-05
3.71	5.461721672629385e-06	-2.28833136853724e-06	0.0032226981855369057	3.4380984286775857e-06	-1.6835897938613378e-06	0.002741298994489203	5.1073851938196506e-05	-0.00020647934241508394	4.06265829730025e-05	1.8368510109518463e-05	-0.0001329936012793822	4.8173092554309826e-05
3.72	5.644062894273546e-06	-4.129824086754308e-06	0.0032238978294792525	3.5047449111125424e-06	-2.8163439283919507e-06	0.0027421541393013965	-1.9890891906644265e-05	-0.00018610339349065365	0.00021262360983051348	8.723840823342846e-06	-9.337959329713905e-05	0.00011002282113712176
3.73	5.119593501976517e-06	-5.678318630092768e-06	0.0032258108293491336	3.3909688554735757e-06	-3.6071705182820395e-06	0.002743411172474833	-4.917174979164199e-05	-0.00012771840485790856	0.0001601119979630418	-1.3251945289439663e-05	-5.6602721180842995e-05	0.00011273850455501043
3.74	4.414969779542358e-06	-6.782750083450047e-06	0.0032269898604945944	3.1307987343426414e-06	-3.931697143020627e-06	0.00274418295762046	-0.00010183848713537307	-8.866371977974426e-05	5.052300146888321e-05	-3.806501862894677e-05	-3.814018866186619e-06	2.3618535392197935e-05
3.75	3.0654738867360065e-06	-7.593391165228284e-06	0.0032267129899516828	2.506678319731719e-06	-3.907606869873042e-06	0.0027439883300243192	-0.00015880122690780315	-8.372092882508301e-05	-7.987964584890411e-05	-8.719158125755367e-05	4.77076160798175e-06	-6.860917499177855e-05
3.7600000000000002	1.4977465544578454e-06	-7.984693136932116e-06	0.003225470425359192	1.5764658928467642e-06	-3.824556197992774e-06	0.0027431697813060075	-0.00018976136261894167	-8.147088311006113e-06	-0.00016012448370869334	-7.575341936240428e-05	2.3324019044206146e-05	-8.507155324055866e-05
3.77	-8.082459018999023e-07	-8.03608449598958e-06	0.0032240088030087797	7.396527581325322e-07	-3.580262053317505e-06	0.00274232819891807	-0.0002497602993685243	1.8123847336812e-05	-0.00014197817455706606	-8.952305806282785e-05	2.956538041081454e-05	-7.49324622445675e-05
3.7800000000000002	-3.5266096107868413e-06	-7.632623590042697e-06	0.0032230730546381463	-7.683097608355162e-08	-3.1236777050159816e-06	0.0027416467835249436	-0.00029100178252698905	6.223261085228409e-05	-4.498078046097556e-05	-9.280261587151356e-05	8.304232772723349e-05	-5.8223245929213234e-05
3.79	-6.394245087719976e-06	-6.687647941262458e-06	0.0032233565223943957	-9.546130009073075e-07	-2.023488204229033e-06	0.0027413728335970687	-0.00027584113831176333	0.00011651583984657361	0.00010417425479371221	-9.812152553747379e-05	0.0001441825897886153	5.1457031427459475e-06
3.8000000000000003	-9.097236698335487e-06	-5.493272076300333e-06	0.0032246969180905888	-2.032904919916384e-06	-6.942501977770463e-07	0.0027417589275735227	-0.00026363413140997936	0.00011137280457851288	0.00012111005472339495	-9.589887008434478e-05	0.00013148886000638905	4.9949979255393434e-05
3.81	-1.1540484242843813e-05	-4.486107543635364e-06	0.0032256615965352464	-2.9608593805570075e-06	4.703244807606432e-07	0.002742575075217093	-0.0002233388741015754	0.00010686142972852748	5.057884743612674e-05	-9.323782388685918e-05	0.00010160600098634735	0.0001089360852177186
3.8200000000000003	-1.3573861630906162e-05	-3.660501527423973e-06	0.003225604276316302	-3.7891331228272077e-06	1.3549629478077671e-06	0.0027439199501683264	-0.00020523757289432718	5.387771790032383e-05	-3.315323686372254e-05	-8.560579089885105e-05	9.02204116706678e-05	0.0001156851765973674
3.83	-1.523043147361237e-05	-3.117534803806378e-06	0.003224958540015631	-4.586082407079481e-06	1.8419783701789889e-06	0.0027445854845187757	-0.0001110005562970619	3.8171441953094385e-05	-7.993834880138076e-05	-6.796781827088223e-05	1.0099224001845243e-05	-3.008072284182309e-06
3.8400000000000003	-1.6198555026837837e-05	-2.7588458515594044e-06	0.003224481105714585	-5.287769098562221e-06	1.6139946932393243e-06	0.0027439753140662423	-0.00010053523524001139	4.938278215047749e-05	-9.081958862288638e-06	-5.5186419019247824e-05	-2.3368551086380845e-05	-9.781856609990991e-05
3.85	-1.6846496327266078e-05	-2.187213299509467e-06	0.003224545176681282	-5.832184217582772e-06	1.1824659903881935e-06	0.0027424542513229534	-4.02092412560393e-05	4.7111475749515836e-05	4.7508495267441004e-05	-6.10709674029687e-05	-5.524301055023216e-05	-0.0001801404486919584
3.8600000000000003	-1.6827243259779233e-05	-1.675932809814697e-06	0.0032248507887571764	-6.188388699316797e-06	4.5245371768124487e-07	0.002740873227631461	5.521226723921138e-05	6.052744816529263e-05	1.2585164641093557e-06	3.0299893551930763e-06	-7.05463531336545e-05	-9.683659980513884e-05
3.87	-1.5832207530483826e-05	-1.2507675915490688e-06	0.003224673577568672	-5.862139917520583e-06	-2.770465197412533e-07	0.0027407554316452773	0.00013686427386593584	2.53616787307155e-05	-2.0006575717565914e-05	4.1812549029286456e-05	-7.855454642387055e-05	4.753596926456741e-05
3.8800000000000003	-1.4455352614043819e-05	-7.827541640082574e-07	0.0032246342896859338	-5.343187323533723e-06	-1.1228674031600241e-06	0.0027417592194188423	0.00015060568716584733	9.118997495914067e-05	5.900040092377038e-06	7.43822379329982e-05	-0.00011239072779223881	0.00015286061617888615
3.89	-1.2724725042766652e-05	3.2646165214107576e-07	0.003224786110630131	-4.2668925031097215e-06	-2.186815244385559e-06	0.0027433560587502804	0.0002154012589416776	0.00013202751729762263	3.3857003791915144e-05	0.00011930327037060938	-9.434110079764112e-05	0.00015780348164227091
3.9000000000000004	-1.044667123811049e-05	1.7901202659946917e-06	0.003225359365283833	-2.9589487404555673e-06	-2.667434497036136e-06	0.0027444286911346254	0.0002544982258591211	0.00015053509615756532	8.351960079518206e-05	0.00013506609613731023	-1.2299852974114262e-05	5.61894952980338e-05
3.91	-7.666002678702862e-06	3.3063349255143633e-06	0.003225971933717018	-1.5910841531910262e-06	-2.3334388246376906e-06	0.002744242463704855	0.0002807476553749502	0.00017785689669209988	2.7954913321800862e-05	0.00013726962449763137	8.07188097934297e-05	-9.497608483948591e-05
3.9200000000000004	-4.727675117962245e-06	5.11691083621977e-06	0.0032259569292276014	-5.519071741874528e-07	-1.523486602542577e-06	0.002743100229508965	0.0003017767763303994	0.0001697703541484704	-1.0636166009343599e-05	7.010021498798524e-05	7.334848025627937e-05	-0.00013088367853446957
3.93	-2.124421484757641e-06	6.758620119263741e-06	0.003225345821399343	1.629427135960893e-07	-7.880553774302515e-07	0.0027418578133354393	0.00023297833051277774	0.00017898768331215247	-0.00013256508586136247	6.052428380789272e-05	0.00010422865822976245	-9.305878649972147e-05
3.9400000000000004	2.54483979167316e-07	8.574297657442246e-06	0.00322396466452101	5.606457007093374e-07	4.704163510088876e-07	0.002741682343721312	0.00021933407790567284	0.00017665034260111454	-0.0001435080098085077	2.9696397797415588e-05	0.00016160984740384081	2.430603795261577e-05
3.95	2.2162817190635827e-06	1.023815392946796e-05	0.0032230531623612412	8.729241735149878e-07	2.1196170863410124e-06	0.00274208629293564	0.00018524162288408204	0.0001510188063399736	-2.1911815866866366e-05	2.169691517881152e-05	0.00015777787768857983	8.097418664495016e-05
3.9600000000000004	4.058746291112776e-06	1.1382652231828839e-05	0.0032235521155771466	1.1337274029079796e-06	3.5414850258620725e-06	0.0027426388786167192	0.0001794836209527894	0.00011294378256031836	0.00010684187530302575	1.1703168762677794e-05	0.00013253516902175544	4.771597334551134e-05
3.97	5.436716215623206e-06	1.216284924260793e-05	0.003224746712247883	1.2647416267411074e-06	4.806874529553737e-06	0.0027429767288162615	0.0001027667946091724	4.419727913050168e-05	0.00012181598230924604	2.1395506580324077e-05	0.00010659184584915376	4.965102663491227e-05
3.98	6.412860371208809e-06	1.2501072704510118e-05	0.0032257086381728695	1.803300446260095e-06	5.908197933574576e-06	0.002743335473752011	9.246623778536866e-05	-7.5392697982458605e-06	6.38727414775402e-05	8.580820152180577e-05	0.00011404974251813841	1.8346643129786277e-05
3.99	7.279232635886637e-06	1.2332386001643028e-05	0.003225794985340421	2.5962249092862966e-06	6.807276428556239e-06	0.0027433394857438965	7.458697359176017e-05	-3.902078279658907e-05	-3.7048002337501085e-05	8.149834150962819e-05	5.4705038254014437e-05	-1.1830844072525203e-05
4.0	7.841406948957002e-06	1.1613961283421365e-05	0.00322549786661258	3.222102292861525e-06	7.0722678310163205e-06	0.00274284291965688	2.309805086321919e-05	-0.00012131894333642634	-3.6742409952614093e-05	4.083358854394242e-05	1.2205957654412397e-05	-7.469412734122021e-05
4.01	7.823183521904577e-06	9.819901894270101e-06	0.00322497510209127	3.654951001814316e-06	6.959871668422651e-06	0.0027422798753476796	-2.8803640685472233e-05	-0.00022168154246529807	-6.480842967403749e-05	4.263154974228476e-05	-5.082440136670552e-05	-1.6843893826137387e-05
4.0200000000000005	7.2358249260455494e-06	7.255575120988384e-06	0.003224330717318281	3.842852264057933e-06	6.084326531413615e-06	0.002742455646337355	-8.545907899933009e-05	-0.00027826830732482946	-8.0200830543908e-05	1.2542699521841677e-06	-0.00012726423618840394	4.764297001185462e-05
4.03	6.2312533280502384e-06	4.335634135713637e-06	0.003223822085558872	3.6739657222085732e-06	4.45249708323212e-06	0.0027430536752851005	-0.00012107207447180883	-0.00032639581595669294	9.793219268357966e-06	-2.8298885228931474e-05	-0.00019472645110819273	6.044276674934747e-05
4.04	4.790552607471598e-06	9.355354617213634e-07	0.003224227353908762	3.3308323924410553e-06	2.2109258832895517e-06	0.0027436311608581756	-0.00016117011880967743	-0.0003575038483050636	6.199479032299748e-05	-4.819774665605561e-05	-0.0002398181956529308	3.38398104368165e-05
4.05	3.022393619614726e-06	-2.594594531080676e-06	0.003225114724775356	2.6951677034304976e-06	-1.8707001761687552e-07	0.002743523819845134	-0.0001881047935369876	-0.000340348144414233	9.644781029250241e-05	-8.047669922014282e-05	-0.00026078088387818126	-5.496975161587604e-05
4.0600000000000005	1.1057784062578098e-06	-5.875784313790858e-06	0.0032259637684081263	1.6380541482273321e-06	-2.6924102529910143e-06	0.0027428111525557874	-0.00017313264646585637	-0.00032307842462163383	7.834436975330978e-05	-8.464367993274892e-05	-0.0002197512408236557	-6.112770249423477e-05
4.07	-7.956763503390163e-07	-8.920387776911024e-06	0.0032261182417805292	9.191846724824418e-07	-4.933974981060691e-06	0.002742386794688064	-0.00020708335342230495	-0.0002717071204210603	-6.255203524874464e-05	-5.7856707007028155e-05	-0.00020259378663419622	-2.3451807760844655e-05
4.08	-2.9359786288306123e-06	-1.1337748054196508e-05	0.0032250005253376905	1.0532902982152132e-07	-6.745622974724242e-06	0.0027425384422831095	-0.0002053451104043192	-0.00019536931177068745	-0.0001204218944020539	-8.500837965042863e-05	-0.00015684538657349437	4.3976878990174904e-05
4.09	-4.803191315895164e-06	-1.2832335626568137e-05	0.003223938214701188	-8.514654339742383e-07	-7.762325936463511e-06	0.002743062982081207	-0.00015715222289818898	-9.927136213137775e-05	-9.13429777558749e-05	-9.512621762021847e-05	-5.548591522279972e-05	3.9096783097408215e-05
4.1000000000000005	-6.330189757642676e-06	-1.3457837900950341e-05	0.0032235537437694897	-1.8341405356867363e-06	-8.16735819538639e-06	0.002743133534540355	-0.00015913515914828084	-4.408150655939145e-05	1.4164979853009156e-05	-8.960710541440153e-05	-3.137048676338692e-05	-2.465134267717554e-05
4.11	-7.88294587205514e-06	-1.3464344616129633e-05	0.0032244391074208057	-2.7171577695041803e-06	-8.350089650859039e-06	0.002742901533022186	-0.00014268927209133548	2.9554008244441105e-05	0.00015389578842633808	-9.410016537126277e-05	2.5221245409314504e-05	-2.7069968749324562e-05
4.12	-9.001048955705133e-06	-1.2554284499732487e-05	0.0032258552829380473	-3.58584354588322e-06	-7.901949663962157e-06	0.0027427371248365307	-8.854433551353306e-05	0.00014456381923199355	0.00011696555748196035	-6.026178334272883e-05	7.96957543222997e-05	-1.0068864947962435e-05
4.13	-9.675623683844783e-06	-1.069758119491731e-05	0.003226446481868106	-4.016599714209457e-06	-6.880101046636257e-06	0.002742875280767084	-1.9395662728977145e-05	0.00021589442422523716	3.883166192366135e-06	-3.6293556931909966e-05	0.00012179630811159925	3.361897807211268e-05
4.140000000000001	-9.434616655034856e-06	-8.108895760487043e-06	0.0032257900069604384	-4.232991141535968e-06	-5.438334141482137e-06	0.0027432205641130486	6.130717848614836e-05	0.00028181556288030886	-0.00010831731604503313	7.4702064329604436e-06	0.00016001260221253555	4.44893003765268e-05
4.15	-8.567108743731618e-06	-5.2426688826606385e-06	0.003224270134970164	-3.9001353258849625e-06	-3.5388121776343196e-06	0.002743420200904833	0.00012979400972116173	0.0003260952313388251	-0.00014412980646744632	5.823530719255767e-05	0.00017816283846328504	-1.672097503482546e-05
4.16	-7.3128336307622804e-06	-1.8502594341631137e-06	0.003223235319154673	-3.120756733681714e-06	-1.7679576037705091e-06	0.002743102746596726	0.00013958426047976872	0.00033168697278533935	-4.484982362056947e-05	9.093616738333241e-05	0.00016120413466097939	-3.037013929465581e-05
4.17	-5.574269876205194e-06	1.498359800043734e-06	0.003223550383702366	-2.1168260477465883e-06	-1.0267936564158499e-07	0.0027426073857841834	0.00020067404569497897	0.00033503519465201653	9.884723369949969e-05	0.00010083616647650666	0.00017385250513302224	-5.427793991028196e-05
4.180000000000001	-3.4351496485864026e-06	4.640834742161906e-06	0.003224861392595375	-1.117076925687092e-06	1.8953303290360375e-06	0.0027420317164876225	0.00020740547528420413	0.0002816756099338157	0.00013627472950676075	0.00010468901027120587	0.0001959793775079006	-3.134002953015021e-05
4.19	-1.3994066485637318e-06	7.506076121410905e-06	0.003225492662784957	2.1213525718481753e-07	3.7295309965096515e-06	0.0027417619175037003	0.00018705642491656966	0.000305833331112392	1.9693551330230014e-05	0.00011725375422723791	0.0001603037467166486	2.0631216647413652e-05
4.2	4.0972681775080873e-07	1.0132440127966782e-05	0.0032251305660910235	1.2927879269245978e-06	5.235820747786884e-06	0.0027422936603086296	0.0001510009506615148	0.00023714425827953578	-6.402249991244681e-05	8.487992507401091e-05	0.00013108934760274913	7.9159176833348e-05
4.21	1.910662591837663e-06	1.2054222830667308e-05	0.0032244609664114003	1.8799647224372794e-06	6.4126251694740305e-06	0.002743188806253635	0.0001355784823383518	0.00015907456694133761	-4.9128328503250265e-05	2.4487998596034118e-05	0.00010430233482393295	5.742736675902144e-05
4.220000000000001	3.0950981324444892e-06	1.314594322355426e-05	0.0032244487089456114	1.937502099009468e-06	6.865733202553977e-06	0.0027436126826688575	9.670993609461668e-05	6.503325025529277e-05	4.289222853282012e-05	-2.5966931607219412e-05	-3.5301899502804605e-06	-5.702618160764906e-06
4.23	3.878015269129988e-06	1.309214803192431e-05	0.003225105242254992	1.5053967641722422e-06	6.67603386159518e-06	0.0027434131070597427	7.447350501131733e-05	-3.010050323279071e-05	7.823474772965828e-05	-4.708403410311044e-05	-4.334544295125982e-05	-2.4633250460626986e-05
4.24	4.398083975879837e-06	1.2347961060117707e-05	0.0032256613152039943	1.0553320160062322e-06	5.820194538494714e-06	0.0027431293256702264	2.1558031283269506e-05	-9.641616841664205e-05	4.1226239234481625e-05	-4.9627884940617344e-05	-0.00013147297814006882	-4.230024330464405e-05
4.25	4.470551411863539e-06	1.1128147407705472e-05	0.0032257368283168633	7.544024103299875e-07	4.358678979748253e-06	0.002742741721470739	9.547052037690179e-06	-0.00013962937925934274	-1.3542194333550071e-06	-3.7083820819054304e-05	-0.00015897166800146132	-2.008820107088209e-05
4.26	4.373993424385415e-06	9.608360753263754e-06	0.0032254099003391173	5.280105681631704e-07	2.733307748206218e-06	0.0027428180487062436	-1.808449941331372e-05	-0.00015693787677609441	-7.43832049698457e-05	-1.5126321583895554e-05	-0.00017435402054464082	3.471856122142328e-05
4.2700000000000005	4.364897609080951e-06	7.913734836247436e-06	0.0032245084748560656	4.845702349686993e-07	1.072259515320045e-06	0.0027434024191350533	3.252893061295355e-05	-0.00017794001238040014	-8.872232579626774e-05	7.886596875650561e-06	-0.00014472118438339272	5.3129805163715884e-05
4.28	4.995838987004578e-06	6.076832197996631e-06	0.003224092228108554	8.263748685920852e-07	-3.681038956799252e-07	0.0027438528387138655	6.0850933298668534e-05	-0.00015867466960898613	1.1572650409125809e-05	2.6465343653605133e-05	-0.00013730445081750264	1.6961526068199005e-05
4.29	5.754293005043062e-06	4.549650330437595e-06	0.00322464545738566	9.496327832770899e-07	-1.5624138397090254e-06	0.0027435834458262383	5.7012575591026335e-05	-0.00014569159704364026	7.807883877110466e-05	1.3738184206459266e-05	-0.00010913874522847574	-7.557076865572172e-05
4.3	6.216030751324296e-06	3.26837246195208e-06	0.0032254573501925127	1.091778561103552e-06	-2.3897565841065204e-06	0.002742663836189057	3.797683273790011e-05	-0.0001212123932425938	7.076033637204275e-05	2.114116160620273e-05	-8.568391920025499e-05	-8.644406568277092e-05
4.3100000000000005	6.5383196266085224e-06	2.3091941718366513e-06	0.003225509076762636	1.548844895758884e-06	-2.805452668743889e-06	0.002741944248548383	2.0778063186287803e-05	-8.33685314246709e-05	-4.509792598408557e-05	5.486112050531878e-05	-3.463564631117824e-05	-6.69443834743941e-05
4.32	6.846470012318506e-06	1.765919766297215e-06	0.003224717590248965	1.91794543226251e-06	-2.6245166454057844e-06	0.0027413286842667005	2.2842120915708604e-05	-6.109367603344628e-06	-0.0001145074423737457	1.433901696060829e-05	4.1336930543260094e-05	-2.8232705805365854e-05
4.33	7.0058818342901165e-06	1.8906224194626918e-06	0.00322372118350076	2.2209447794488852e-06	-2.0143560111895456e-06	0.002741350643085697	-9.317176249295587e-06	2.5749494846526098e-05	-6.0395226013792405e-05	1.518698371077125e-05	8.327643510443983e-05	2.360890174642737e-05
4.34	6.708899584872151e-06	2.181922498515757e-06	0.0032235591729149757	2.4227470294379553e-06	-9.252893261207607e-07	0.002741912104085296	-3.703224396662275e-05	3.827518966773407e-05	2.5585172661936808e-05	4.392096480443049e-06	0.00013813556943622222	5.822466621594221e-05
4.3500000000000005	6.194615397575459e-06	2.6588975287016868e-06	0.0032241648919736202	2.4069602442858963e-06	1.850808877423859e-07	0.002742363446817129	-8.341360693879002e-05	4.5529411178024216e-05	8.636355459254122e-05	-1.1965309327427955e-06	0.00011112184161076675	3.038432589346763e-05
4.36	5.329176643943414e-06	3.1344263925831356e-06	0.0032251658817816467	2.365203595372317e-06	1.2546892079230401e-06	0.0027427579956773593	-0.00010583769685776879	3.161316169832319e-05	9.123052957555286e-05	-2.386542473365263e-05	0.00010584699892555041	3.843330445448995e-05
4.37	4.277126160641598e-06	3.577530004125185e-06	0.0032255914844049145	2.175938684003216e-06	2.0895427063120255e-06	0.0027431255447465143	-0.00011130440100933359	4.085551157233082e-05	5.4307257723274064e-06	-5.739397495440069e-06	6.565264998088861e-05	3.6553303075349716e-05
4.38	3.0163007295105023e-06	3.7665259113320923e-06	0.003225234593821237	1.716862214835428e-06	2.7324894228892686e-06	0.002743437466676733	-0.00013216420918740556	7.629478404654622e-06	-5.849254665096582e-05	-4.8464280411228466e-05	2.954785083712558e-05	2.5058308633165573e-05
4.390000000000001	1.4915306480158173e-06	3.977487383844489e-06	0.003224635405038563	1.1573073594152368e-06	3.0348753643156485e-06	0.0027433688621280625	-0.00016232718347494675	1.8833377527751496e-05	-5.701489333708655e-05	-6.273230222744947e-05	2.1189742234499546e-05	-1.8477917701118926e-05
4.4	-6.980467027076176e-08	4.44553621515473e-06	0.003224168623432048	5.753715942937634e-07	3.248993589560538e-06	0.0027429419963255135	-0.00013258023593656513	4.219023769085854e-05	-1.2870520915223358e-05	-4.062884821495066e-05	-4.02258875823414e-06	-3.692159476111321e-05
4.41	-1.3545455215927979e-06	4.767358295960822e-06	0.0032242769730232625	-1.8317198445791205e-08	3.216510263729237e-06	0.002742358564359466	-0.00013568531367610712	2.4900804196569555e-05	2.9212687269159698e-05	-7.633327633843525e-05	-1.4725878568566422e-07	-5.836187449124844e-05
4.42	-2.8230817000015096e-06	4.728346213969227e-06	0.0032244642976284967	-7.007905667695042e-07	3.077027411768958e-06	0.002741922567287213	-0.00013711117285607294	-4.324010905018524e-05	2.5099313308099226e-06	-7.224969911245649e-05	-3.881134335514395e-05	-3.9832617781343294e-05
4.430000000000001	-4.024902325905928e-06	4.200813925293211e-06	0.0032246739675549784	-1.337286088131035e-06	2.719361992191473e-06	0.002741923325505261	-0.00012858152038900278	-8.508310960961023e-05	3.0148459090017985e-05	-4.305225349724327e-05	-4.056079455681502e-05	3.085786943304917e-05
4.44	-5.253023921635654e-06	3.334996868710056e-06	0.0032248325548054207	-1.710215771444359e-06	2.2574257828395417e-06	0.0027425320753329267	-0.00012385975963952433	-0.00010659362257855681	7.82362528986874e-06	-2.5824993357784306e-05	-5.5661348052570713e-05	0.00010746526941494882
4.45	-6.352365380401167e-06	2.089085051921284e-06	0.0032249559369985034	-1.7910322468594494e-06	1.4383654280346219e-06	0.002743470555684184	-0.00011027718272474464	-0.00014279196118710172	3.0401003623639257e-05	-1.5320698687854641e-06	-0.00010602819962796202	6.561591480026457e-05
4.46	-7.285889972634365e-06	5.472511450420016e-07	0.003225345834907071	-1.7296016490909786e-06	4.976132943846318e-07	0.002744116230962068	-8.669420321047669e-05	-0.00018360708492316078	7.0148449019074995e-06	-1.1971722610084153e-05	-5.900643904973872e-05	2.629081873000454e-05
4.470000000000001	-7.762690709222393e-06	-1.4866302908767586e-06	0.0032254407651659393	-1.7909629129525949e-06	-5.8983567788949104e-08	0.002743836910927387	-2.7119572753554558e-05	-0.000202717539067909	6.90913837943986e-06	-7.3212313894762304e-06	-5.1665502558866654e-05	-8.750395049090172e-05
4.48	-7.724284585243035e-06	-3.449321488859173e-06	0.0032252457426771393	-2.0404308364398587e-06	-3.2295973005583467e-07	0.0027427228836807913	2.7953935537647604e-06	-0.00020626262590243386	-2.7193824744310693e-05	-3.661247627915105e-05	-1.1327238895409929e-05	-0.0001565184438712416
4.49	-7.654545091638225e-06	-5.289288483839089e-06	0.003224809000773425	-2.457919834945574e-06	-5.101952122476905e-07	0.002741500773501155	2.4861182873003983e-05	-0.00017983512039596283	-3.337752627089686e-05	-5.2836213971935256e-05	-2.0242883624130494e-05	-8.202527502959568e-05
4.5	-7.250402763761351e-06	-7.2136347443189e-06	0.00322430120112706	-2.9401507040269896e-06	-4.7347928765442807e-07	0.002741099544221952	4.354685728365327e-05	-0.00018942015094626768	-5.746911410312236e-05	-3.65089895649941e-05	1.5532345616753048e-05	5.707667365237996e-07
4.51	-6.808451559353947e-06	-8.96503966720069e-06	0.003223638094668724	-3.0009179095910685e-06	-3.902589971283501e-07	0.002741574833627712	6.0268956869182074e-05	-0.0001673727652014592	-5.024572431803909e-05	-5.8290748368461245e-06	-2.5294900395321146e-06	8.695808307391978e-05
4.5200000000000005	-6.1210994388135095e-06	-1.0829023175849451e-05	0.0032234387103558413	-3.1498346103989105e-06	-2.7302496878495053e-07	0.002742587126140547	7.389163772782873e-05	-0.00019727119350615443	2.9030809763358558e-05	-3.5162691769173063e-06	1.7627218695613305e-05	9.355835203448169e-05
4.53	-5.0635940080904135e-06	-1.2961700106918013e-05	0.0032241879710279463	-3.0191825031904164e-06	-2.4333428712221233e-07	0.0027435061284922465	0.00013773793507324572	-0.0002285681504657224	7.702564156230043e-05	5.086445988743027e-05	-4.3008118350129236e-05	7.15275427672719e-05
4.54	-3.3406868965158405e-06	-1.5240962052191895e-05	0.0032251924524171714	-2.4541796880850838e-06	-9.985732193480452e-07	0.0027436076019347637	0.0001900240225860438	-0.0001985817428572745	0.000113422434520163	5.4693919439162636e-05	-9.965318351774495e-05	-3.488759805296161e-05
4.55	-1.2503477061836045e-06	-1.7263083462323218e-05	0.003225919104486021	-1.83402639748203e-06	-2.2338523231501657e-06	0.0027432449676641217	0.0002535660573147258	-0.00018380388197057317	2.1266054800003012e-05	7.226728220584943e-05	-0.00013287141685185922	-6.489472667714476e-05
4.5600000000000005	1.272234514089275e-06	-1.9118997218874953e-05	0.003225659359332533	-9.977606456467218e-07	-3.7187930644701496e-06	0.0027425891490077715	0.0002763615225382571	-0.00018880487329075532	-6.581384587747065e-05	8.667727497585084e-05	-0.00016981803950795842	-7.61381768939237e-05
4.57	4.114149042576678e-06	-2.080949621519994e-05	0.003224469735907987	-2.5807637900145556e-07	-5.35572558042723e-06	0.0027419601335446657	0.0002780278166362579	-0.00011899280140405315	-0.00014958376749145465	5.770497644931483e-05	-0.00015612346940680223	-3.9452916165760255e-05
4.58	6.817870114183656e-06	-2.1832283719968408e-05	0.003223125728413323	4.4507396169754447e-07	-6.75824440616849e-06	0.0027417257288007003	0.00025004409609236523	-8.31717828425973e-05	-0.00011402307944225071	7.488732363305314e-05	-0.00011580467239340832	1.0875678398498701e-05
4.59	9.227336652795201e-06	-2.2103562030917318e-05	0.0032225702280491582	1.2824033861906769e-06	-7.7999081517764e-06	0.0027420855421279276	0.0002416774672566768	2.4105783158369753e-05	2.9070225875563937e-05	8.596638053798464e-05	-8.097721793834641e-05	5.8515610599593834e-05
4.6000000000000005	1.1653670242222725e-05	-2.119108071715098e-05	0.0032234967563250397	2.0669849773548114e-06	-8.477375887407287e-06	0.0027425035811385603	0.0002332105771380886	0.00013643068008318187	0.00014945664412361996	7.489551285225282e-05	-4.987087433752904e-05	4.6931914814513837e-05
4.61	1.3480198220361357e-05	-1.939580875430258e-05	0.0032252742689327716	2.7882904782684718e-06	-8.749149565155757e-06	0.002742985936428806	0.0001492637267565077	0.00023828097920925123	0.00015300273682470564	8.673789853052647e-05	-6.0110587621379775e-06	4.957980612137463e-05
4.62	1.4822021475165003e-05	-1.6454396967870625e-05	0.003226516565698666	3.594077993453248e-06	-8.471845055408442e-06	0.0027435291615782757	0.0001241596378111274	0.0003359015529479736	5.672995120056522e-05	6.626312375812691e-05	6.670053045656868e-05	6.028624587199526e-05
4.63	1.5949530979203856e-05	-1.2776255252788455e-05	0.003226462369904975	4.366948669979458e-06	-7.518586222589558e-06	0.00274394720607178	7.941307923187832e-05	0.00040618105980426606	-7.745448284609426e-05	7.029235884505324e-05	0.00011377461670963293	2.6501974034231322e-05
4.640000000000001	1.6498456709357948e-05	-8.173850637815013e-06	0.003225293353903622	4.7371359124498115e-06	-6.1150074383647264e-06	0.0027438621078899016	3.4939508460733395e-05	0.0004951417352207546	-0.00012610994590157637	1.608062571726258e-05	0.00018143298837506824	-5.932701095697798e-05
4.65	1.6288016268972085e-05	-2.806883123375003e-06	0.003224198590382538	4.853163426023802e-06	-4.221351503317061e-06	0.0027430078533699134	-6.459273292704014e-05	0.0005501672902926777	-8.92693867639063e-05	5.580597160822039e-06	0.00020368226533991533	-0.0001016575085611606
4.66	1.5291711597861134e-05	2.915117770337708e-06	0.0032237347754403923	4.712293346723056e-06	-1.7902409748975436e-06	0.002741909728076273	-0.0001303436626822274	0.0005840860669454818	-3.396923918028884e-06	-2.8538675074766646e-05	0.00024999475351554983	-0.00011601981014590563
4.67	1.3724011307969429e-05	8.567253087436831e-06	0.003224057430918496	4.319941810517565e-06	6.231217545309971e-07	0.0027408110889293145	-0.00018900815570468618	0.0005642105426410909	5.746207214273268e-05	-6.93565414114507e-05	0.00022822640259884827	-8.124371741486557e-05
4.680000000000001	1.1683069929483971e-05	1.3738098499153017e-05	0.0032247399718251385	3.6564689370894064e-06	2.8940204328014733e-06	0.0027405320117193104	-0.00023518830062823726	0.0004642039938717412	6.58439065899122e-05	-5.97907332082405e-05	0.00022298490704544891	3.413716492088392e-05
4.69	9.510397473084818e-06	1.826102182942322e-05	0.0032250799939061883	3.0751635638179135e-06	5.2502839138256106e-06	0.002741743536593521	-0.0001970616201901748	0.00043876213837973024	2.3121307052720636e-05	-4.961969977757602e-05	0.00024846465691777	0.00019530361136153344
4.7	7.184121597105442e-06	2.2171527496259243e-05	0.0032250392117819347	2.580606736311085e-06	7.5834360225141716e-06	0.0027439904312204126	-0.0002512530573515727	0.000328758536824854	-3.054762280447957e-06	-4.038207765865936e-05	0.00020603243064101697	0.0002178419416205163
4.71	4.771549219169182e-06	2.4977105223554877e-05	0.0032250131606600956	2.4000875910067573e-06	9.536850035252405e-06	0.0027457686888890543	-0.0002544483153767471	0.0002334844772907999	1.159959922406461e-05	-7.276986117711035e-06	0.00018632507861265994	9.803892507105517e-05
4.720000000000001	2.2048176986579524e-06	2.6659821758021906e-05	0.0032254420077307824	2.1064564400082637e-06	1.1404239822095164e-05	0.0027457741882372625	-0.0002489774066844995	0.00010340243700905885	8.512634433133523e-05	-7.001942815505646e-05	0.00017204000864321804	-0.00011760367512977875
4.73	-2.8163509380528424e-07	2.7117007753308112e-05	0.0032262571376487975	1.429198561980284e-06	1.284264297065455e-05	0.002743799449421307	-0.00026107453118574093	-4.606242858314402e-05	6.401026262577522e-05	-7.170833018856636e-05	9.795551320231834e-05	-0.0002460766487322437
4.74	-2.787694579773314e-06	2.5655717773742783e-05	0.0032264647775872976	8.095237212524e-07	1.3584783902662593e-05	0.002741327430581207	-0.00024959802580630215	-0.0002500133428964951	-7.207795864140487e-05	-5.5426265485777284e-05	4.998873671636831e-05	-0.00021700438609200025
4.75	-5.056383153715139e-06	2.243993886770655e-05	0.0032250266736404214	3.1784093274507563e-07	1.3573154855787619e-05	0.0027400247977219117	-0.00022347654631973445	-0.0003790057509349328	-0.00018469406837294967	-2.9049229733806064e-05	-4.398626417241272e-05	-5.092681195625522e-05
4.76	-7.52074085021495e-06	1.8113824182043533e-05	0.0032232680835765546	-1.6693039484523202e-07	1.2542921583536622e-05	0.0027405276754817118	-0.0002573148929873933	-0.0004800723953702352	-0.0001655583704807713	-5.546999725532604e-05	-0.0001429130493955602	0.0001312640268673571
4.7700000000000005	-1.0101817798062966e-05	1.2761036270136686e-05	0.0032222728076376534	-1.0307849829215876e-06	1.0548215707996027e-05	0.002742139758569935	-0.00024732777704470477	-0.0005980065518159018	-2.826298218452098e-05	-9.731583964029926e-05	-0.0002393131960727764	0.0001638591007398922
4.78	-1.2248955276194489e-05	6.273048397216156e-06	0.0032228957135373394	-1.9356664875550256e-06	7.673366936779072e-06	0.002744037590660991	-0.00019436308882207128	-0.0007076685086357334	0.00015421238112206192	-8.850514508310386e-05	-0.000328601658942788	0.00018678994169518744
4.79	-1.4173367225421919e-05	-8.276883328706766e-07	0.0032252906161475813	-3.108293431244205e-06	4.236009501076525e-06	0.002745205140987264	-0.00017817312467065236	-0.000736179418908524	0.00030008319285420703	-0.00013469057248588964	-0.0003598930231292423	6.5172553333527095e-06
4.8	-1.574034403297338e-05	-8.29715371834381e-06	0.0032280413633718258	-4.30357141343854e-06	5.589121676597733e-07	0.0027444148759502318	-0.00013849485669104356	-0.0007429762441808354	0.0001800162294974655	-0.00010279737865611178	-0.0003531589720362928	-0.00013398429176819914
4.8100000000000005	-1.6853690607453886e-05	-1.5193569749617946e-05	0.00322829102088087	-5.3077981416717845e-06	-3.2126223677567713e-06	0.0027433163828864647	-9.56104128550936e-05	-0.000648818560262889	-0.00014014973427450253	-8.152620285562972e-05	-0.00039843563682085456	-8.05731326759299e-05
4.82	-1.7530186066556266e-05	-2.139447049397534e-05	0.0032256985861325014	-5.800818607951029e-06	-7.307207108507483e-06	0.002742746451224498	-3.183462804460462e-05	-0.0005752148647688156	-0.00036403866962921575	-4.550213089936304e-05	-0.00037871440933630427	-5.5668375680977886e-05
4.83	-1.7581805719933233e-05	-2.6375783998671126e-05	0.0032221063760740245	-5.88248481714667e-06	-1.0623397603724658e-05	0.002742410336941279	1.1059468444285146e-05	-0.00044072902639904593	-0.000279404432747268	8.503124997169956e-06	-0.00029580581579320356	-2.337988421193893e-05
4.84	-1.7385107089905164e-05	-3.0016046197742092e-05	0.003220841213026021	-5.597463883654927e-06	-1.3191080639760516e-05	0.002742212539838879	3.0339831011423095e-05	-0.0002631716322124466	2.9964098139999528e-05	3.557542252831167e-05	-0.0002213772538304167	-9.124590883838192e-06
4.8500000000000005	-1.6750208506602172e-05	-3.155679042232092e-05	0.003222636336478863	-4.73609087869073e-06	-1.4913487854222066e-05	0.002742262105498385	9.247137230535327e-05	-4.515470395115843e-05	0.00030527695945063103	9.263679896444674e-05	-0.00010867460044152907	1.6780854145159754e-05
4.86	-1.5687604790170192e-05	-3.128163766468146e-05	0.0032258668965786585	-3.875851474871426e-06	-1.5227152974278247e-05	0.0027423929249470306	9.907589705526631e-05	9.587086818760426e-05	0.00031619462888129177	7.454162405706844e-05	4.1789966816433514e-05	1.1171271200111048e-05
4.87	-1.4579439511765929e-05	-2.9517579265879437e-05	0.0032279167012204298	-3.119613015052923e-06	-1.4406867686885777e-05	0.002742754281923625	0.00014999367761086915	0.00025592180443992704	6.737636900529399e-05	9.546751986865333e-05	0.00011752986766403088	8.61487111123875e-05
4.88	-1.2936637080464178e-05	-2.6384647818257856e-05	0.0032270448880750433	-2.106848918360523e-06	-1.2566395856319984e-05	0.002743761442468347	0.00016658816895187724	0.0003815560389078757	-0.00020930506470180478	0.00010543243260389718	0.0002419260855916729	0.0001059706041438113
4.890000000000001	-1.134006578988836e-05	-2.1919187676496385e-05	0.003224511179153101	-1.1323315325230352e-06	-9.973864633528062e-06	0.0027445692611144834	0.00015524498382510514	0.0005017201059662654	-0.0002706895413778725	8.402892824128457e-05	0.00028340411630073907	2.8973796086431658e-05
4.9	-9.923484299748477e-06	-1.6478580947003188e-05	0.0032226578978508205	-7.171549309354725e-08	-7.282070623932014e-06	0.00274412135052095	0.00011800086847900885	0.0005700079789811667	-6.79677803738686e-05	9.573299018244634e-05	0.000284448021215409	-0.00011564438293170665
4.91	-8.855455835495195e-06	-1.0466583724888837e-05	0.0032227199675993064	8.614332148641287e-07	-4.1827331523333e-06	0.0027423010433746333	0.00010220491136815712	0.0006200361943348773	8.609595772265397e-05	5.3621358571649376e-05	0.00033928030801862	-0.00018551987694229914
4.92	-8.010974837013126e-06	-4.206913087420967e-06	0.0032241080494546655	1.4336832503522083e-06	-7.814209755897879e-07	0.002740466795064515	6.99863864061963e-05	0.0006335993019195999	0.00017642431514925002	5.134961658402028e-05	0.0003373811035026585	-0.00013467284399469462
4.930000000000001	-7.6160111494783704e-06	1.7949693677571957e-06	0.003225495014668068	1.6439250199083351e-06	2.3915311344135744e-06	0.0027399655114593038	2.035586519421521e-05	0.0005985832103894967	8.805090438074923e-05	-1.7817696432394195e-05	0.0003134779233141645	5.5460650283598996e-05
4.94	-7.625560950114041e-06	7.522500836807728e-06	0.0032254348789396044	1.1638856027099657e-06	5.41208450168419e-06	0.0027415209752823153	-7.095001332308699e-06	0.000526371658715947	-5.383897334108471e-05	-6.756466051724139e-05	0.00028289245559067725	0.00024258141606652044
4.95	-7.542632253603627e-06	1.245399588839137e-05	0.003224611135449344	3.684679160557748e-07	7.87603163806832e-06	0.00274387581649635	1.689284131408545e-05	0.0004475738470059302	-8.49843099215786e-05	-8.161818840358739e-05	0.00022835442444838914	0.00021285685165749053
4.96	-7.320979426027765e-06	1.6445538126938083e-05	0.003223858976171594	-8.47983153755356e-07	9.709026169013967e-06	0.0027454358582452657	6.513178033762133e-06	0.0003402633993846731	-3.279237315204299e-05	-0.00012221908546789786	0.00012728570194103631	9.454878006357298e-05
4.970000000000001	-7.135970153739743e-06	1.9294070049308963e-05	0.0032242090200930405	-2.0423733164111463e-06	1.0545182092515816e-05	0.0027453126254487936	3.3670554324380974e-05	0.00023110494887193213	9.126892325866906e-05	-0.00011531460403498352	3.08411279777413e-05	-0.00012183974931916654
4.98	-6.70216244220131e-06	2.0977013090167208e-05	0.003225508956947651	-3.029045172695411e-06	1.0369907639380897e-05	0.0027433819526937776	6.287929725544658e-05	0.00012087331016816861	0.0001408412536809675	-8.635299509149045e-05	-6.0404463753378215e-05	-0.0002503713790757115
4.99	-5.980037250956145e-06	2.134537146043786e-05	0.0032262602315809193	-3.7988930128165616e-06	9.315105248470138e-06	0.0027411533241282556	9.884424132664548e-05	-4.1774948963372946e-05	6.882426302522129e-06	-6.801015929155404e-05	-0.00015030634027150117	-0.00016200766594778415
5.0	-4.876019769826251e-06	2.0472954669456958e-05	0.003225724157307081	-4.21697914890205e-06	7.479800654000082e-06	0.002740477219087248	0.0001354717506757664	-0.00013226706541985666	-0.0001262008368895146	-3.730193394611998e-05	-0.0002051074561769773	1.3252059098865736e-05
5.010000000000001	-2.980132781134936e-06	1.873869942889419e-05	0.0032239777872651565	-4.507113673811669e-06	5.394210815437207e-06	0.002741356836309194	0.0002214064811286599	-0.00020979133652860145	-0.00018219906255567442	-5.6364019512013126e-06	-0.0002032528222533852	0.00015655808293177562
5.0200000000000005	-7.349188045771521e-07	1.634046915609327e-05	0.003222654408099688	-4.087287180032474e-06	3.2001621976725576e-06	0.002743192243094584	0.00024724755287066643	-0.0002736498832570078	-4.563157583598777e-05	8.585193533422534e-05	-0.0002018618134580474	0.00017106722148367996
5.03	1.947004434969581e-06	1.3492859697827704e-05	0.003223329387707806	-2.811467246250789e-06	1.2160992243151202e-06	0.002744494377644113	0.00027361955582389457	-0.0003151236140399211	0.00016025416342726708	0.0001687500644797287	-0.00017414615232627924	7.90297604241702e-05
5.04	4.954090223845147e-06	1.0559227752806255e-05	0.003225562790274109	-9.70349358629811e-07	-6.338580849989222e-07	0.0027442981081601107	0.00032566796276097226	-0.00027770549215245925	0.0002483330609908668	0.00018809653255952394	-0.00020684379055195318	-0.00011067744694222471
5.05	8.108985698417643e-06	8.102081864884519e-06	0.003227333615495056	7.08567300834733e-07	-2.284797121487406e-06	0.0027429800236317583	0.0003274638101048515	-0.0002325865046533784	9.002925548741279e-05	0.0001620921979620944	-0.00014193161652228421	-0.00014922003286068535
5.0600000000000005	1.110927969011815e-05	5.953504514507931e-06	0.0032273479997220237	2.4039694218015436e-06	-3.5471776805237476e-06	0.0027415888331613213	0.0002742923117175821	-0.00020644939480922003	-0.00011528408254326482	0.00016558141191851645	-0.00011586056623507474	-9.277860557700616e-05
5.07	1.370781455146159e-05	4.226824047495723e-06	0.0032250976634962073	4.077472322660856e-06	-4.504490340943913e-06	0.002741530025133899	0.0002567526975630012	-0.00014813835854800097	-0.0003002633819790375	0.00017265132562611698	-9.390777683618286e-05	6.401001918262313e-05
5.08	1.603747231985915e-05	2.8658698306746922e-06	0.0032222844246929828	5.870984805556217e-06	-5.333789875299744e-06	0.0027425602837418904	0.00018741914422787224	-0.00012110874268011262	-0.0002227551467405062	0.0001653345014870064	-6.298862437668188e-05	9.988454595375503e-05
5.09	1.7656879493136883e-05	2.1797126641722033e-06	0.003221254237208747	7.512387714250278e-06	-5.628262353805682e-06	0.0027430902790863063	0.00012000690419693053	-1.5503945527152017e-05	3.0271668728847178e-05	0.00012091703487904737	-5.706905853036687e-06	-1.789365042432911e-05
5.1000000000000005	1.8261228683915988e-05	2.408456155471365e-06	0.00322291308841357	8.300088093019279e-06	-5.29648397841207e-06	0.0027425298201537323	8.747829161088293e-06	6.115705012231225e-05	0.0002723461567501369	4.132123440171308e-05	7.473775126785196e-05	-8.50080939407403e-05
5.11	1.7906461822856976e-05	3.702315417365332e-06	0.0032259172576167665	8.528768596839982e-06	-4.01518770214704e-06	0.002741942842404527	-6.591325873940629e-05	0.00017232750885431237	0.00030105177421943454	-1.177942068918665e-05	0.00016449360495405268	-1.249223571020088e-05
5.12	1.6584540443124673e-05	5.4831483139052685e-06	0.003227950155483085	8.108006135516241e-06	-2.218772084624973e-06	0.002742493322575061	-0.00019177229708126136	0.00019859528027536206	7.119999635584689e-05	-5.0867633544437235e-05	0.00018024202431278608	0.0001122666909592462
5.13	1.437751209485271e-05	7.660134410394647e-06	0.0032272889576710206	7.266797587086683e-06	-4.758069686733574e-08	0.002743827572555123	-0.00026358316991454236	0.0002136081796821704	-0.00018352168878630484	-0.00010817586587651727	0.00024028349764911998	0.00014595407085768943
5.140000000000001	1.1260391919844269e-05	1.002972806203718e-05	0.0032251063323191	5.745945933328786e-06	2.268666718017854e-06	0.002745006966415927	-0.0003734604792281417	0.00025621491254303473	-0.00020897077159935827	-0.0001697444735362807	0.0002275991041561457	7.305958331713795e-05
5.15	7.373731963885496e-06	1.2628274543519839e-05	0.0032236508349176474	3.859333542453246e-06	4.5921793534835125e-06	0.0027449287645338496	-0.0004128749299822792	0.00025878727174713224	-4.575873363473758e-05	-0.0001891273969859783	0.0002228834355808913	-0.00011576949083034004
5.16	3.1752873887049575e-06	1.4861260057079458e-05	0.00322396225379187	1.8984456241898243e-06	6.551493517518202e-06	0.002743127435301618	-0.00042448686430429444	0.00017188799347204407	0.00010168777550628457	-0.00020284551206654208	0.0001828937222507183	-0.00021571829753109064
5.17	-1.088637639635996e-06	1.6488005363390293e-05	0.003225260210538712	-4.022901328592648e-07	8.222217681203672e-06	0.002741021231629123	-0.00040435777877360685	0.0001063375870141535	0.00012762644966996485	-0.0002334351564377276	0.0001369553145295033	-0.00017738541745249646
5.180000000000001	-5.060406623746416e-06	1.7122352589598414e-05	0.003225949806367776	-2.6505001143773486e-06	9.471176869077508e-06	0.0027401846219967663	-0.00037384100247255105	2.3525674848595736e-05	7.416589160183833e-06	-0.00019881981077647174	0.00011362933117733495	1.266911881366331e-05
5.19	-8.51010595599191e-06	1.6853364618630647e-05	0.0032253314436297025	-4.409566317660925e-06	1.0109870668463056e-05	0.002741055009182851	-0.00031759435497793	-7.771433320056287e-05	-0.0001268113929050702	-0.0001349366122981437	1.9320312042675514e-05	0.00015678654492790267
5.2	-1.1339461268618844e-05	1.5630691941622595e-05	0.0032239820107975493	-5.484264204470126e-06	9.785143823373262e-06	0.00274268535979422	-0.00026134137647255447	-0.00018302191634771592	-0.00011179133024164401	-7.117849902811087e-05	-8.776261023590534e-05	0.00015312880115625065
5.21	-1.347770187059164e-05	1.3478109133160762e-05	0.0032236597735375906	-6.034730616907947e-06	8.68767234667169e-06	0.0027438413363144627	-0.00017050729289587888	-0.0002499283534852711	5.478454712677288e-05	-3.908793437258069e-05	-0.00013021266671975728	7.194978102692003e-05
5.220000000000001	-1.4792123358309378e-05	1.030462715362574e-05	0.003224496216629454	-6.218473749298669e-06	7.2438292392682594e-06	0.0027441739452157654	-0.00010982063989052841	-0.00035938950793996195	0.0001085146546174359	-4.0956771653643047e-07	-0.0001747743263609913	5.791783562661124e-06
5.23	-1.580953293338695e-05	6.577481349656346e-06	0.0032256825172556902	-5.763223968736014e-06	5.257674844009048e-06	0.002743783916392849	-8.479798697244551e-05	-0.0003733198215991498	9.469484102928095e-05	7.610051377605472e-05	-0.0002061113378416133	-6.6737575317641e-05
5.24	-1.6214506532029277e-05	2.691678115899026e-06	0.0032260962726526217	-5.051284409230087e-06	3.056764143426749e-06	0.00274289899184154	-2.7723368576225867e-05	-0.0004121147945968389	-2.39769249169902e-05	8.052651919316831e-05	-0.0002283654426873747	-8.559514850339094e-05
5.25	-1.6064912413096348e-05	-1.6892251388679794e-06	0.00322524154286455	-4.26376640317396e-06	6.307021893981113e-07	0.0027421283395533446	6.463243857809443e-05	-0.0004569972609479113	-0.00012488176001620223	8.70929349518845e-05	-0.0002588868511300609	-6.47708340492527e-05
5.260000000000001	-1.525670905459615e-05	-6.077651041119188e-06	0.003224091820443488	-3.154783283255081e-06	-2.0027664817426475e-06	0.002741563098149809	9.815571025445726e-05	-0.00039981852262803056	-0.00010500607569743434	0.0001247356518733359	-0.00025532374947799156	-2.8047384384204165e-05
5.2700000000000005	-1.4124009698071514e-05	-9.863931006958452e-06	0.0032233156671088734	-1.9989700090324056e-06	-4.476325526997257e-06	0.0027416107334016075	0.00012384336526877817	-0.00035851116304305366	-3.6406851297247623e-05	0.00013834017021035997	-0.00024488794960509134	1.9015723323290796e-05
5.28	-1.2998614540290268e-05	-1.2969181070381598e-05	0.0032236021404727106	-8.504103879149293e-07	-6.642045835466659e-06	0.002742172036377816	0.00010975592564887184	-0.0002560957457788958	7.88897026618852e-05	0.00011143862561751878	-0.0001991784997031896	9.004315312340281e-05
5.29	-1.1712406611751309e-05	-1.524946095217984e-05	0.0032245364147146837	3.1334158755552726e-07	-8.282290702504057e-06	0.0027431305580739762	0.00013689845184826656	-0.00019177428013847676	9.8058841005654e-05	0.0001336324517360075	-0.0001289837820932908	9.016845087681523e-05
5.3	-1.031134969653007e-05	-1.6632526310033034e-05	0.0032251498760172727	1.4926203763771123e-06	-9.159539185755258e-06	0.0027439296314837303	0.00014172391800533184	-6.724809717605485e-05	2.4995852287592783e-05	8.149061307761088e-05	-6.613429364111267e-05	7.078274865437921e-05
5.3100000000000005	-8.901417246302552e-06	-1.6712805311393354e-05	0.0032254426806194256	2.276290696910602e-06	-9.404936221558375e-06	0.0027441204208170336	0.00013306592753155246	6.64995944027956e-05	1.4957467147242234e-05	6.934585969871685e-05	2.6985057859277147e-05	-4.952859372288734e-05
5.32	-7.981753232101964e-06	-1.5497890831819265e-05	0.003225506049276556	2.8158983277935064e-06	-9.041371000587346e-06	0.0027434657314843497	8.533866162441093e-05	0.0001720642480275245	-2.5480139338134713e-05	3.925895585628129e-05	5.78402940545811e-05	-0.00011644474499997176
5.33	-7.3858621015507005e-06	-1.3377232162095688e-05	0.003224923537449747	2.8203353712581926e-06	-8.176065947733706e-06	0.0027422683219577287	4.659963577078156e-05	0.00023642566995094966	-7.004424405497304e-05	-6.389250435593788e-05	0.00011334326731384581	-8.482510496663914e-05
5.34	-7.146839028368763e-06	-1.0625035836518622e-05	0.0032241253535024257	1.8581571441951996e-06	-6.7315741034381666e-06	0.002742066003322181	9.164629407541207e-06	0.0003086262634456643	-4.583930869364632e-05	-0.0001364119605971466	0.00016721812757435043	2.7747457294831458e-05
5.3500000000000005	-7.099953688379835e-06	-7.324918015035852e-06	0.0032237660384132785	4.6511914883320154e-07	-4.73504120565032e-06	0.0027422309596666574	-2.133115286705617e-05	0.00034177428092336447	-1.4289190786488518e-05	-0.00015862566723834622	0.00022469242522927136	2.635099840268213e-05
5.36	-7.185273895440631e-06	-3.930028073876604e-06	0.0032242225479709803	-1.2459750841838888e-06	-2.153726708380897e-06	0.002742621434367137	-4.0552482484818654e-06	0.0003388273951397746	8.880790916109818e-05	-0.0001874054129425593	0.00026679211695703647	4.7408666351533445e-05
5.37	-6.976754672285026e-06	-5.204387040327993e-07	0.00322535302739646	-3.010387249370653e-06	5.045831762630754e-07	0.002743019889524208	5.380857013534053e-05	0.00033750103573807654	9.122119666199665e-05	-0.0001749661525912785	0.00025097977736895905	2.5280610647913354e-05
5.38	-6.238314739434488e-06	2.9040360529606997e-06	0.003225790783016994	-4.759480517807962e-06	2.8697451137300847e-06	0.0027433143803993485	7.996679817197595e-05	0.0003432374535645706	3.1555596717065e-06	-0.00017626749394608705	0.00020576780132739407	3.8209397836318345e-05
5.390000000000001	-5.21478942654349e-06	6.157608982494796e-06	0.0032255585018209827	-6.080713019396566e-06	4.686803821942182e-06	0.002743297530887789	0.000126752425568554	0.0003272332696883276	-5.891411769345825e-05	-8.915178886446945e-05	0.0001619619679559455	-3.947806958750575e-05
5.4	-3.904637671030233e-06	9.254666198743269e-06	0.0032248378622423777	-6.733695151372505e-06	5.909055052962154e-06	0.0027429279955903754	0.00015506686828927025	0.00027670560243205447	-8.251668785644218e-05	-4.64896840044097e-05	0.00010073474667675099	-5.494335959473291e-05
5.41	-2.151334156562976e-06	1.1531357045149294e-05	0.0032242211006255402	-6.8208981823998e-06	6.736045579143178e-06	0.0027421004083863685	0.0002090752468674914	0.00018882537798409018	-4.2362365970564385e-05	2.304278040307014e-05	7.553122644871635e-05	-9.584020821284083e-05
5.42	4.469772562629051e-07	1.308911042035262e-05	0.003223928273346718	-6.126308084010231e-06	7.493996495809885e-06	0.0027416791448318014	0.0002942412427361608	0.0001181946798155004	2.703519173898222e-05	0.00012041407065459492	5.3813940860327074e-05	1.302781881267384e-05
5.430000000000001	3.89911884359488e-06	1.3697849314835079e-05	0.003224444525055824	-4.603024025538211e-06	7.665154172563396e-06	0.0027421453317480506	0.00038023754550629407	-1.2199682035862858e-05	6.667045569593408e-05	0.0001875025588348003	-3.7026451764688464e-05	9.421903736054916e-05
5.44	7.71992504367567e-06	1.3016965690684835e-05	0.0032251617592883937	-2.6337278543152215e-06	6.969169555585792e-06	0.0027431555263086	0.00038329331136810024	-0.00011596796639085064	4.162178513154767e-05	0.0002371523217425098	-9.68673933362968e-05	0.00010730253143753037
5.45	1.1605906034889099e-05	1.1540455185052556e-05	0.0032253814029486808	1.8946815489958977e-07	5.858419863483198e-06	0.002743821718013573	0.0003778945772742349	-0.00016475446130513285	1.1091539616242113e-05	0.0003179366863306557	-0.00011380406090479481	3.365359635397645e-05
5.46	1.539619348126768e-05	9.640443224240981e-06	0.0032252000171171936	3.1786058279702403e-06	4.573728147799946e-06	0.00274352565257606	0.000373276513140302	-0.00018165279913771038	-4.458387437426129e-05	0.00032077643180652694	-0.00014482160778601789	-8.165935521276096e-05
5.470000000000001	1.9086621493255693e-05	7.618940036779523e-06	0.0032246827399076126	6.2273513728431155e-06	3.357256244517595e-06	0.002742533399516997	0.00035478495043267383	-0.00020299410568643458	-5.1134703942305456e-05	0.0002889560823300897	-0.00010484231088897542	-0.0001163275177020417
5.48	2.2093361955029117e-05	5.2560997671813405e-06	0.003224157893692022	8.817579450901263e-06	2.0654612770214833e-06	0.0027414860119940308	0.00023312873150294522	-0.0002686462502188601	-4.590937737393841e-05	0.00022541060410186006	-0.00017593210387052731	-7.842801962304274e-05
5.49	2.363271349321059e-05	2.5411599870918435e-06	0.0032236827455536642	1.0752878961182819e-05	2.2455376081449816e-07	0.0027411031415328635	9.550016361073205e-05	-0.0002506425664485757	-3.694078187136484e-05	0.00017658891203742476	-0.00016441905326424277	4.268581394148983e-06
5.5	2.3855404031655505e-05	2.7380029759610536e-07	0.0032236295442302086	1.1980627471785531e-05	-1.5937586424999195e-06	0.0027417194643481915	-6.01976636783686e-05	-0.00020707246745269684	5.074035490750945e-05	8.785867469398362e-05	-0.00017513078280081344	9.912261965177246e-05
5.510000000000001	2.2725828501902165e-05	-1.696764942302628e-06	0.003224594968216808	1.252118350684313e-05	-3.2403575927026937e-06	0.002742863100041445	-0.00015663179758450095	-0.0001824000772129515	0.00012450724128430768	1.4466573915240015e-05	-0.00016870688514676168	0.00013674441865470395
5.5200000000000005	2.0217907991656268e-05	-3.1985456300012037e-06	0.003225927309144005	1.2252896550683072e-05	-4.626564300936147e-06	0.0027440032952297634	-0.00031638278118350025	-0.00011736342187843925	0.0001113108649998544	-6.76425914851111e-05	-0.00011166795917195169	9.148262967483749e-05
5.53	1.6443348085193666e-05	-4.139413352741668e-06	0.003226527048414549	1.116027207706642e-05	-5.267108782475998e-06	0.00274438619251325	-0.0004520108371769273	-7.60039587216839e-05	-1.1774868153534368e-05	-0.00014765933648239356	-2.525042227605995e-05	4.7490925908447684e-08
5.54	1.1477016936403262e-05	-4.578575990961646e-06	0.003226090640877278	9.259272031530098e-06	-5.037882597067938e-06	0.002744221695880906	-0.0005486691263680533	-2.7724047955248477e-05	-8.960881901531753e-05	-0.00023230846934253077	5.111320562960037e-05	-3.9996597789124125e-05
5.55	5.65698535916078e-06	-4.54257003205633e-06	0.0032251493795845357	6.205615000190733e-06	-4.323532213133268e-06	0.002743588267431442	-0.000621525128350861	4.528336517504777e-05	-8.184167114908413e-05	-0.0003667625700998443	8.346030036621973e-05	-9.156267413739853e-05
5.5600000000000005	-5.922877279174222e-07	-3.7773769221726786e-06	0.0032243640590911356	2.1558578056234456e-06	-3.363420842823767e-06	0.002742412292177159	-0.0006486189638797214	9.881608445975498e-05	-6.0973667777017765e-05	-0.00042234593705333463	0.00012329614797623162	-0.00012631492753757017
5.57	-6.534976314403514e-06	-2.788808445982121e-06	0.0032241086717870065	-1.8625317739760802e-06	-2.313774285179915e-06	0.00274135509640166	-0.0005395827093097045	0.00012223727276022557	1.78389511818619e-05	-0.00039923694632327834	0.00011586939305805949	-5.921713277656342e-05
5.58	-1.1767715569171763e-05	-1.6107646796817683e-06	0.0032241822205520696	-5.718837328650927e-06	-9.690712992101621e-07	0.002741076693521584	-0.00048361732087007193	0.00012945620103714693	-2.240741760534083e-05	-0.00038021987991157026	0.00015494677836566873	1.4248330830242763e-05
5.59	-1.6335716103765958e-05	-5.721058100541799e-07	0.0032244346877587323	-9.336448582913677e-06	7.371412920753161e-07	0.00274193452555078	-0.00042000999513298827	0.00010090431648348758	6.120595690221824e-05	-0.00032239171737586997	0.00015398411254875267	0.00012130205591232391
5.6000000000000005	-1.988068356727868e-05	2.810046077106296e-07	0.0032250447463711826	-1.20237609492298e-05	2.140678294184679e-06	0.0027432552034220136	-0.00029751591187318497	8.987259888342545e-05	5.7455235489573396e-05	-0.0001953696590953178	0.00012195863085267769	0.0001180051166602056
5.61	-2.235888560760647e-05	1.0350149099601506e-06	0.0032257441751261245	-1.3337010355275424e-05	3.1651093179736845e-06	0.0027443941094169007	-0.00018444612465376613	5.107449329124826e-05	6.89240171565701e-05	-5.132672096934785e-05	0.00011011356369415961	8.267517027126961e-05
5.62	-2.3358210480251472e-05	1.4968238762602227e-06	0.0032259672340952976	-1.3185154766173613e-05	3.958140554798726e-06	0.0027445263229512818	-3.153016376393752e-05	-2.0052039062079206e-06	2.9538307239221963e-07	6.793313702512908e-05	5.0807092700029385e-05	-5.073144196521213e-05
5.63	-2.3056317497678895e-05	1.1838986803644483e-06	0.0032253632005886266	-1.1914025826460546e-05	4.402267029961289e-06	0.0027437844957771953	0.00010248968135787808	-9.219304964393084e-05	-9.631165245314797e-05	0.00017751512968652627	1.8063304274976783e-05	-0.00010968301186679268
5.640000000000001	-2.1465198762110193e-05	1.9111790353508087e-08	0.0032242981779263447	-9.655924972480879e-06	4.4527719260178885e-06	0.002742325055028863	0.00024031197454802417	-0.000147542925872276	-0.00010308991601360991	0.00029291412468978814	-2.601425709635839e-05	-0.00015916573361983606
5.65	-1.8503532563181992e-05	-1.6651682552479266e-06	0.0032234845136223014	-6.591279329640068e-06	3.8784960290094115e-06	0.0027412714589995944	0.00034074538953656185	-0.00019973469408489654	-4.630998980807359e-05	0.0003274625149888897	-8.173353332327913e-05	-4.225925961710009e-05
5.66	-1.4910469518834883e-05	-3.4883595134531426e-06	0.0032233392019537905	-3.5175447854847298e-06	2.901522976699106e-06	0.00274132281545846	0.00036321039449202345	-0.00018420518565743046	2.5821643135343998e-05	0.0003023268939570374	-0.00011438534995989034	6.077869508388611e-05
5.67	-1.1222369455150291e-05	-5.394106975766865e-06	0.0032240736656950677	-5.232104580585019e-07	1.5931547327190854e-06	0.0027423031434917655	0.00037971715948072735	-0.0001806506817519585	9.6452263910577e-05	0.00027440428786330666	-0.00011595544580212572	0.00012088189947250446
5.680000000000001	-7.507517378692256e-06	-7.093167095838619e-06	0.0032251167347893328	2.029426482027414e-06	4.514321453136703e-07	0.002743614488466821	0.0003592773254235623	-0.0001652014070761318	6.496331523055159e-05	0.0002475259661161452	-0.00011857220054130526	0.0001388142788513205
5.69	-4.083537017473868e-06	-8.461358795092545e-06	0.0032260541724556976	4.005948382601596e-06	-7.408485547787675e-07	0.0027447255522170307	0.00031774319070927346	-0.00011916762672023409	8.031231296760184e-05	0.0001595620189536416	-0.00012802969051616355	6.736333232779745e-05
5.7	-1.0191728724863366e-06	-9.640622587398484e-06	0.0032264713680946197	5.098364247193468e-06	-2.1779839438044107e-06	0.0027448333124838447	0.00028159837324982334	-0.00010798816468896742	6.370690588013967e-06	8.803635236617047e-05	-0.00014503499841914965	-4.524957179254815e-05
5.71	1.289270150880173e-06	-1.0448882614814464e-05	0.0032260271133971114	5.481991421884177e-06	-3.5060766150665215e-06	0.0027439182690244	0.0001950124057205026	-7.059662212489613e-05	-8.353317408640538e-05	2.0755412216256015e-07	-0.00012551099015992514	-0.000113417399964476
5.720000000000001	3.026816527115243e-06	-1.1062522638030024e-05	0.0032248297336942263	4.978057732492663e-06	-4.671435732718084e-06	0.002742653362847787	0.0001332301925410004	-4.529409738266772e-05	-0.00013038997505839523	-7.436818268539972e-05	-9.45618760561916e-05	-0.00013349436096874966
5.73	4.037576595629788e-06	-1.1426414086535015e-05	0.003223674877329744	4.1858662890155465e-06	-5.53245355256085e-06	0.0027415783975959546	8.380463182152285e-05	-3.4985200991862424e-06	-9.27092233209161e-05	-0.000113636261776575	-0.00010085602539114846	-7.14808587372594e-05
5.74	4.7077068473280955e-06	-1.1332183437435964e-05	0.003223145643391187	3.01953499229446e-06	-6.492069183687633e-06	0.002741175189736304	4.187796971958666e-05	5.626559518618127e-06	-1.5062018221723563e-05	-0.00012664389726118306	-8.630226631774999e-05	-1.2654479324050731e-05
5.75	4.962870309248979e-06	-1.0774927239728372e-05	0.0032233817851547966	1.6984982309486973e-06	-7.203974340195121e-06	0.0027414120754017312	1.4675023732013475e-05	0.00011324444601172846	8.088426042199792e-05	-0.00013165991830271453	-5.135016223002194e-05	6.146622289812144e-05
5.760000000000001	5.197682926605341e-06	-9.305999290648459e-06	0.0032245195341816437	4.094936515598661e-07	-7.452520081328431e-06	0.002742216969820822	4.851362189342897e-05	0.00018877005769613563	0.00014084154288536365	-0.00013073217999937873	1.4578342829914475e-05	0.00010536699124968934
5.7700000000000005	5.783747164824479e-06	-7.28673625425463e-06	0.0032259829698728882	-7.580133168793211e-07	-6.7042776534063425e-06	0.0027431255145659006	6.580108613612513e-05	0.00020873175615877118	0.00012710839445639782	-9.599370540662573e-05	0.0001298499775761596	5.629279238388422e-05
5.78	6.565790710184302e-06	-5.161199319003957e-06	0.0032267170729162187	-1.4540899638054416e-06	-4.92981631092785e-06	0.002743753314688974	8.433947722096346e-05	0.0002205541003493613	-1.4371578160648724e-06	-4.305084614252056e-05	0.0002224010839032337	5.743853013291954e-05
5.79	7.561870038583649e-06	-2.5569755061715027e-06	0.003226035837094094	-1.5495510159040362e-06	-2.668183095209478e-06	0.0027443338990015952	0.00011319192714673586	0.0002966823361302797	-0.00013375301105639792	8.643897164445484e-06	0.0002141189162820889	4.0761031942966553e-05
5.800000000000001	8.568440889689195e-06	4.211347483750724e-07	0.003224811272281576	-1.0776950227863109e-06	-6.41420763508925e-07	0.0027441536743206016	0.00011744981358530016	0.0003068176302457358	-0.00011961454012727262	8.651342903694366e-05	0.00020150378186107568	-7.623360051173421e-05
5.8100000000000005	9.655755006603472e-06	3.2829737773363464e-06	0.0032238588963161125	-1.858376456491341e-07	1.2158917351829986e-06	0.002742716391782878	0.00011191780643830197	0.0002573442430109675	-5.7368416500497465e-05	0.0001027197371454956	0.00019473056050340197	-0.000161766209555119
5.82	1.085333018733037e-05	5.376684757278035e-06	0.0032235596649444432	1.130656206711053e-06	3.0296786567879114e-06	0.002741286733822891	0.0001021777319004726	0.00017725726305207145	8.402201115903072e-06	0.00016900915706982998	0.00017250050330386887	-8.695287787171338e-05
5.83	1.1744367978587388e-05	6.6729284579378504e-06	0.0032239337356954165	2.6411144955349476e-06	4.7439116177589395e-06	0.002741034388213742	6.818090339618281e-05	8.072342505542234e-05	6.433091499125911e-05	0.00013057683928110225	0.00015453246829460148	1.4173056516516423e-05
5.84	1.2214694278591429e-05	7.346708541825084e-06	0.003224927198474068	4.0252433569376885e-06	6.0493371901217706e-06	0.0027418051166355397	2.525281303051595e-05	6.128377824870912e-05	0.00010801200552195424	0.0001197397116886328	0.00010688976452707493	0.00012878630928591893
5.8500000000000005	1.2354869401971375e-05	7.857222926471741e-06	0.003225840418485899	5.000054823198815e-06	7.036666531702834e-06	0.002743293191906703	-6.206687663568884e-06	1.9822632523116913e-05	4.925622187294094e-05	7.025064429512805e-05	8.971534632932244e-05	0.00015962760739443178
5.86	1.1966155236103918e-05	7.556844914737323e-06	0.0032259128372023375	5.2387027314322724e-06	7.628335572419734e-06	0.00274486874960643	-6.55684352451518e-05	-8.523817783686409e-05	-2.7728850451739897e-05	-2.4935349478145676e-05	2.9039913031312066e-05	0.00012072429871846688
5.87	1.0922662410397845e-05	6.217556229473537e-06	0.003225578279016589	4.543469351877535e-06	7.4223301255019974e-06	0.00274530232502503	-0.00012395394458820407	-0.00016318999058827194	-3.215752811432955e-05	-0.00010495417936778675	-5.599804215763586e-05	-3.90732314280973e-05
5.88	9.394121252353773e-06	4.5244731036583665e-06	0.0032252190344644735	3.444255942354431e-06	6.637324353598989e-06	0.0027441579402289014	-0.00017033028853515197	-0.00019916277581838175	-6.248339938407389e-05	-0.00011939381750202032	-0.0001161030260234073	-0.00017093020541416302
5.890000000000001	7.65398974775421e-06	2.3882560975592395e-06	0.003224695336381116	2.3875471983857925e-06	5.0882220479703295e-06	0.002742150247426451	-0.00022220878056026003	-0.00022206565851324634	-4.094917746853413e-05	-8.52406043713946e-05	-0.00018265691808338677	-0.00021096922830907494
5.9	5.4013410270513955e-06	-4.9077442727724325e-08	0.003224124735224737	1.7502310746639557e-06	2.956127231409242e-06	0.0027402114468560424	-0.00023248160962924974	-0.00023918699351371494	-7.430108586625605e-05	-4.8364675535594775e-05	-0.00021237077343858662	-0.0001340436869875666
5.91	3.0206608490416917e-06	-2.701190530342595e-06	0.0032234783183504563	1.4504804267721744e-06	7.30629978519432e-07	0.002739698567060146	-0.00024353299661921212	-0.0002757365038344854	-6.0967398803195295e-05	-5.0287910216252225e-05	-0.00024813441017735585	2.2917309059420028e-05
5.92	8.207007863321003e-07	-5.372736503373632e-06	0.0032232070350160114	6.172082988289419e-07	-1.759710311740081e-06	0.002740628998710467	-0.0002211253380213045	-0.00027588333243583053	-1.8544590702201567e-05	-8.73328257472177e-05	-0.00024182495438602184	0.0001528722430548781
5.930000000000001	-1.4399197373410812e-06	-7.874317766401121e-06	0.003223602151313214	-3.1600903123534187e-07	-3.9056938100009495e-06	0.0027424360413333985	-0.0002329586010781286	-0.00020720695847231932	0.00010539281181502663	-0.00010113651197725932	-0.00019628683075932515	0.00021549289398216097
5.94	-3.53479326765958e-06	-9.671578967167031e-06	0.003224971783906706	-1.189389096128351e-06	-5.968202704363122e-06	0.002744353048294275	-0.00018663843488443907	-0.00015595848199630586	0.00017373856471322456	-8.616235800990633e-05	-0.00021026053777864628	0.00014544086749026776
5.95	-5.232004816033604e-06	-1.0842993273708599e-05	0.0032265195817454224	-2.012012824305309e-06	-7.698206062864215e-06	0.0027452460890315254	-0.00014705922768139306	-7.690602836111916e-05	0.00012109533587113997	-7.504637257468783e-05	-0.00013739103873502097	2.9533251136850942e-05
5.96	-6.7666466503289895e-06	-1.1284071123369463e-05	0.003227139538179759	-2.784466929064894e-06	-8.77032414296181e-06	0.0027447771644528293	-0.00016265719303871923	-1.5883365223279124e-05	-5.963053403399535e-06	-7.615434647099015e-05	-6.750699786890045e-05	-0.00010678661636619695
5.970000000000001	-8.091397429851176e-06	-1.089657184975662e-05	0.003226393933933933	-3.4309852324285814e-06	-9.167097690405972e-06	0.002743606816864536	-8.98327278858944e-05	8.667695658689651e-05	-0.0001516004169113425	-5.849077986405078e-05	-2.3047574713814277e-05	-0.00011989213528295428
5.98	-8.625754732028422e-06	-9.549535757012306e-06	0.0032243886007772907	-3.850744388738834e-06	-9.265814964210865e-06	0.0027424464776505866	-6.0301203727944854e-06	0.00018035725229290818	-0.0002326498339445521	-1.7499519068123786e-05	2.2183779102451452e-05	-9.130248201402822e-05
5.99	-8.444988371478657e-06	-7.125704941593929e-06	0.0032225269483666785	-4.050279049664582e-06	-8.662993348011022e-06	0.002741613757138197	4.825231592718268e-05	0.0002880747429807832	-0.00011812585840285564	-4.213530431969477e-06	0.00010641694726644781	-5.6884517670008307e-05
6.0	-7.82251804215699e-06	-3.647088603497174e-06	0.00322215277336445	-4.218681015056398e-06	-7.17726826767229e-06	0.0027410287821047867	6.968662548624739e-05	0.0003963637402040202	5.3446673553327455e-05	-8.786470387511594e-06	0.00018292362025922767	-3.2278164989103256e-05
6.010000000000001	-6.6606249317811915e-06	5.711185514845439e-07	0.0032233072002219834	-3.994337219845203e-06	-5.115568335929068e-06	0.0027412115873890214	0.0001422489176158719	0.00043454055952365535	0.00018091815318252048	4.9032638164863795e-05	0.00023710268672200863	8.155595483504626e-05
6.0200000000000005	-5.170966699307942e-06	5.06023020543296e-06	0.003225397313971811	-3.2758686705732273e-06	-2.371307804795135e-06	0.0027423459308446962	0.0001664587023334157	0.00044766633818267066	0.0002085769905320073	7.085150667538848e-05	0.0002993903322334965	0.0001465770369782194
6.03	-3.2851069739443137e-06	9.657176163186246e-06	0.0032268680966769793	-2.419513942457647e-06	8.545633759092645e-07	0.002743931334477726	0.00020633451269269846	0.0004410781399018385	7.47513507941335e-05	0.00011124090899451446	0.00032112656737830355	0.00017227825741644818
6.04	-1.2615626150999856e-06	1.4051179051491827e-05	0.003226825054361847	-1.100926695196537e-06	3.95202238198244e-06	0.0027451579858400847	0.000187498073367972	0.00041183812134821743	-6.642566666701153e-05	0.00016842715500997558	0.00031122540057464685	6.250865634989129e-05
6.050000000000001	5.177808638519497e-07	1.7818704784834214e-05	0.003225645922173427	5.453740080719757e-07	6.707163011937892e-06	0.002745018730723928	0.0001834522380512869	0.0003399343464258969	-0.00015763214547018974	0.00013906974341279822	0.00023691396086252778	-8.147403553035137e-05
6.0600000000000005	2.2536958270770126e-06	2.0873818128347564e-05	0.0032241085019359622	1.8485525774431719e-06	8.744896169063969e-06	0.0027435282743798555	0.00015896154133705957	0.0002513459842362911	-0.00010466435660931934	0.00010640837227471933	0.00015385001601019865	-0.0002038414099337979
6.07	3.986691468295658e-06	2.2746405515741458e-05	0.003223622817132216	2.758043643799401e-06	9.944152273026955e-06	0.0027413864665689794	0.00016637771176304135	0.0001534002122246555	-1.8488150522186827e-05	8.194025290113392e-05	7.414793431621547e-05	-0.00019771343783092207
6.08	5.29443034431885e-06	2.329853764006752e-05	0.003223738559497727	3.2771845750577996e-06	1.0371765588596707e-05	0.002739873369282278	0.00011129194400221574	-1.862560705033936e-05	4.7278402012133384e-05	3.56265363650438e-05	2.5020954429214082e-05	-8.276845317190474e-05
6.09	6.020990071580089e-06	2.256634718972647e-05	0.0032243268347951627	3.607015080273393e-06	1.013289737855157e-05	0.0027400767804815584	6.02059185864919e-05	-0.00011903874070809803	6.67469593615464e-05	1.03189578264357e-05	-7.209245121546466e-05	0.00012483668743396129
6.1000000000000005	6.358713286141562e-06	2.0972337936656708e-05	0.003224724235090638	3.6152028174682907e-06	9.007686141168415e-06	0.0027421479651879004	9.375067419212488e-06	-0.0002021406594682484	1.17137591192423e-05	-4.8148156404349345e-06	-0.00015493633876873325	0.0002771844402066037
6.11	6.316464049668219e-06	1.8606610194512758e-05	0.003224911670294076	3.580901685431922e-06	7.351338531055881e-06	0.0027446096644233382	-2.3944587588610793e-05	-0.0002695097669873981	1.5590163488447974e-05	-2.9009621178263513e-06	-0.00015991614394241847	0.00017844119387630178
6.12	5.765493366635254e-06	1.534631639981617e-05	0.003225289945756706	3.58602240746163e-06	5.677297956381406e-06	0.002745383356522085	-8.527750160519923e-05	-0.00037841156159389947	5.590543838976456e-05	-1.6388977140647712e-05	-0.00017866518116753884	-3.95692090763653e-05
6.13	4.624838969496591e-06	1.1175705632580762e-05	0.00322586494326924	3.1086347268735334e-06	3.830791696510009e-06	0.0027440820583117687	-0.00013626741332662512	-0.0004517666282140833	3.1363815397303366e-05	-6.309953160413277e-05	-0.0001814594693279198	-0.00019924959016970478
6.140000000000001	3.122606359659757e-06	6.416678547319e-06	0.0032258366319825728	2.101352734954833e-06	2.1098049111917367e-06	0.0027421673248894806	-0.0001624343566226079	-0.00045842915860285475	-4.202443094961774e-05	-0.0001231666174297744	-0.0001451787171619833	-0.00016558332778372835
6.15	1.3266301661659468e-06	1.6375096291959207e-06	0.0032248904139627185	7.848796419607391e-07	6.949590238238432e-07	0.0027411008400167734	-0.00019460504048242903	-0.00047629274670038003	-0.0001277163761938096	-0.00014789977055215634	-0.00010722587842555153	-4.420744710471677e-05
6.16	-6.584026336019534e-07	-3.0084296147510086e-06	0.003223569373535326	-5.6545243650474e-07	-3.0218059706850465e-07	0.0027411069106650495	-0.0001990267575267075	-0.000449658931792351	-0.00013137131951618987	-0.00014248301777995562	-0.00010187247727857767	6.779938102666238e-05
6.17	-2.6905250813273695e-06	-7.330379892030566e-06	0.003222704467899634	-1.7605633936932236e-06	-1.0524441746349791e-06	0.0027421404198101386	-0.00021251854537521884	-0.0003997192352014915	-1.4911881068544922e-05	-0.00011101903972624549	-6.973022357745298e-05	0.00012328287795623538
6.180000000000001	-4.249772671364929e-06	-1.1017475045919192e-05	0.003223195145063122	-2.893330133209546e-06	-1.7105532246710152e-06	0.0027432705537515805	-0.00011465671424749037	-0.0003462797835671123	0.00011247904105878679	-0.00012156912239867435	-7.426310947489383e-05	9.073677611642951e-05
6.19	-5.2677805611310266e-06	-1.4402432169177818e-05	0.0032249469701557507	-3.857986167146693e-06	-2.7184841114737396e-06	0.002743709560575343	-7.346764766792974e-05	-0.0002843663438426945	0.0002186379779857432	-8.42857384455514e-05	-0.00011300899541460186	6.7024321653812395e-06
6.2	-5.669285438764905e-06	-1.6807171422669388e-05	0.003226727552284985	-4.532497329685638e-06	-4.1084715506589205e-06	0.002743511717001641	6.376274819909867e-06	-0.00019954835479614943	0.00010500624865293593	-3.994634125307482e-05	-0.00014873086868544082	-2.9665912143961848e-05
6.21	-5.508187365799678e-06	-1.8548757063610125e-05	0.0032268764257948725	-4.817895071670414e-06	-5.455005356745741e-06	0.002743014228485002	2.12576876449938e-05	-0.00013929589547295366	-8.401533587294072e-05	-1.927992634621867e-05	-0.00010660925864213586	-5.4931655404649016e-05
6.220000000000001	-5.1976914342249316e-06	-1.941671026035081e-05	0.003225389352948042	-4.743767237324833e-06	-6.29230603951953e-06	0.0027425239303578157	6.601785138468354e-05	-4.596467917679521e-05	-0.0001612002593313201	4.865826951249196e-05	-6.787331552299294e-05	-3.0247437893494353e-05
6.23	-4.323805155126572e-06	-1.937052474839471e-05	0.003223640321538203	-4.22592484557503e-06	-6.714455825107161e-06	0.0027422442305566528	0.00012548462053284007	5.3805840915380614e-05	-0.00015149049091101572	4.0817223031534145e-05	-6.916236050814503e-06	-3.635749182214394e-05
6.24	-2.9671068005209206e-06	-1.8281171285186304e-05	0.0032227365111823438	-3.632480324316982e-06	-6.862224428629464e-06	0.00274208598108484	0.0001625731762241578	0.0001538370762483269	-1.3413241995492843e-05	7.846780492348586e-05	-7.996845613702808e-06	1.6898070523367582e-05
6.25	-1.0960545327683243e-06	-1.621743194450803e-05	0.0032231526864847098	-2.7999285027219833e-06	-6.608985024147259e-06	0.00274230461046351	0.00019838660791530812	0.00024709322846343875	9.230538215816382e-05	8.307019525456987e-05	4.74370887604884e-05	1.1048085737831233e-05
6.260000000000001	1.1018797523853134e-06	-1.359903491490827e-05	0.0032243883426642628	-1.9083188165125194e-06	-5.550943784164055e-06	0.0027425209643741244	0.0002572816634922922	0.0002668267592094786	0.00013609659887941735	0.00011997410271875668	0.00013874070698380339	3.920676269138231e-05
6.2700000000000005	3.927004236293242e-06	-1.0720411504322577e-05	0.003225836074393755	-7.211860046035771e-07	-4.2288779821357246e-06	0.0027430180332222256	0.00032263578712193316	0.0003170878394009503	0.00010751824994856338	9.78512603396608e-05	0.00014202849290270267	5.931364341211963e-05
6.28	7.2416359546050806e-06	-7.415849278067742e-06	0.0032262351016716854	3.6221221792642e-07	-2.87738521991088e-06	0.002743525889149776	0.000344256999013837	0.00036370039910530935	-1.9701857935084493e-05	0.00010743247889355633	0.000117393392779174	2.5556322392205126e-05
6.29	1.0524326867360138e-05	-3.638714133179691e-06	0.0032256693247039196	1.6549837255888113e-06	-1.7512808241733313e-06	0.0027437688839503623	0.00032732391793001897	0.00035541707722289633	-8.364248794001154e-05	0.000156538224100693	0.00012151213156989162	2.8874852091697184e-05
6.300000000000001	1.3801924758937943e-05	-3.940429381331744e-08	0.0032246947124918166	3.2366301815566715e-06	-6.929327592838669e-07	0.00274365273560447	0.00029861062477082415	0.0003746343231406433	-9.416358911866e-05	0.0001475574769221419	9.819959284258355e-05	-6.0992492250202034e-05
6.3100000000000005	1.641117918945186e-05	3.7215604985637696e-06	0.003224246491607368	4.542451594535136e-06	1.9733666905905408e-07	0.0027428622989298587	0.00021088985064398878	0.0003907370533884415	-1.9803428334113048e-05	0.00012162480039436038	9.4638346190735e-05	-8.816076474093147e-05
6.32	1.8257758196869334e-05	7.385114788020147e-06	0.003224052602055708	5.819752389704942e-06	1.1063083206785638e-06	0.0027419363274902497	0.00016726920935430684	0.00036669112631190483	-2.3570956858718907e-05	0.0001272339995007868	0.00010543366756686716	-9.49089854060478e-05
6.33	1.954196352035376e-05	1.103255374534788e-05	0.003224168257697981	7.135522120982711e-06	2.314085046595887e-06	0.0027411042268513336	8.218236310506531e-05	0.0003619305197750661	2.414680955053158e-05	0.00012812077647369132	0.00013198413192661506	-6.47849923748371e-05
6.340000000000001	1.9843230330926593e-05	1.4608562325615307e-05	0.003224566079982362	8.239493456634014e-06	3.5803575329444275e-06	0.0027408213447654506	-2.01941410912776e-06	0.00036039019522905735	3.596979518647938e-05	6.974046572588306e-05	0.00011039238950608176	5.321611971852024e-05
6.3500000000000005	1.969296822603992e-05	1.7838742766289353e-05	0.0032246218411440667	8.74618629718535e-06	4.641633235752292e-06	0.00274198861921637	-4.886704054862541e-05	0.0002911256520551396	-5.874542702128795e-06	2.621185916198065e-05	0.00011200368536435172	0.00017517728300756903
6.36	1.8827612896818117e-05	2.0444742959365358e-05	0.003224679215114926	8.912472078396292e-06	5.78350676814769e-06	0.0027438008069203663	-0.00010214659984340527	0.00021742602747176285	1.328530060030153e-05	-9.402256514533724e-06	0.00011887161649723492	0.000163337917300213
6.37	1.7386523128520604e-05	2.215525344239055e-05	0.003225104600098422	8.48017644554192e-06	6.685763458422786e-06	0.00274486868536754	-0.00019665622811989905	0.00011391377637225647	6.61301625922574e-05	-6.227561060903126e-05	6.540110736723218e-05	4.9840513524349905e-05
6.38	1.4787770522639343e-05	2.2846388759621694e-05	0.00322562786221342	7.541841030576811e-06	6.986213972743308e-06	0.002744542767172417	-0.00029762907050160845	1.951712954723389e-05	3.0254006553460915e-05	-0.00012486205829200992	2.156582590980122e-06	-0.00011324730311099096
6.390000000000001	1.1303264940680199e-05	2.2723942177109022e-05	0.003225439860331836	6.3455549915334696e-06	6.772849045518001e-06	0.0027430620944066523	-0.0003798802824633556	-6.481620020980056e-05	-6.012746559239092e-05	-0.0001379779451075023	-2.4418609025759798e-05	-0.00015095297374622174
6.4	7.229638287822255e-06	2.1658324495101472e-05	0.0032247796636892625	4.877931814100282e-06	6.562882608051053e-06	0.0027418156011618992	-0.00042811468704632624	-0.00014188563161426533	-6.819405243483655e-05	-0.0001721125092896907	-1.726756160573798e-05	-9.033811953877475e-05
6.41	2.707175147605734e-06	2.005559538022089e-05	0.0032242236574964614	3.1248319660711294e-06	6.0618796971809126e-06	0.0027414969427312086	-0.0004470550378459092	-0.00016738668824164632	-4.720228235563626e-05	-0.0001779140490840505	-8.582018670793759e-05	4.720511465385782e-05
6.42	-1.7698266303831624e-06	1.7916116583935772e-05	0.0032238184003309353	1.247446848589491e-06	5.054524732967371e-06	0.0027421994292408888	-0.00043934376463385105	-0.0002431941702983483	-2.043064438166702e-05	-0.00020361261030483284	-8.893293851817547e-05	0.00010753900215037966
6.430000000000001	-5.97494397515531e-06	1.5462679634067942e-05	0.0032242120801877494	-8.40727200909538e-07	3.868083336647156e-06	0.002743291609218326	-0.0003954600386301319	-0.00026318339098338863	9.69603198051063e-05	-0.00022080492806335165	-0.000153814417756906	0.00012308986286989088
6.44	-9.720523618837837e-06	1.2691539694901797e-05	0.003225052330436219	-3.1742554384145034e-06	2.328257249272589e-06	0.002744150331878829	-0.00035448010580859475	-0.00029952282600283995	7.2970414365669e-05	-0.00022923311406992478	-0.00017222462567980466	3.746997262346777e-05
6.45	-1.2902077387856341e-05	9.933136066486679e-06	0.003225561586243634	-5.49391483553069e-06	8.398096926976091e-07	0.002743960057311258	-0.00027713298396392854	-0.00029136651420542004	2.7194741539981144e-05	-0.00022606644738734644	-0.00010998340893516174	-5.136955523563466e-05
6.46	-1.5150747802432579e-05	7.370155883175438e-06	0.003225360565394011	-7.477576260479359e-06	-2.508589984923964e-07	0.0027429168332958206	-0.0001793328204962402	-0.00021830348666386973	-5.600010779223891e-05	-0.0001743090349817299	-6.750818095277226e-05	-0.0001328744725495447
6.470000000000001	-1.616619923273334e-05	5.260587511824498e-06	0.0032244887477269786	-9.152460100550793e-06	-8.220341502773686e-07	0.002741918293063786	-3.6060759187810826e-05	-0.0001895076996271148	-8.487566597453922e-05	-0.00014377833220649918	-1.809804539417881e-05	-6.55431651797535e-05
6.48	-1.586607732790489e-05	3.5831805975829235e-06	0.0032237169361697673	-1.025679724635021e-05	-9.050981356916788e-07	0.002741698860069625	9.793867420760302e-05	-0.00015351469167618372	-5.813936398343042e-05	-7.110437599476085e-05	6.217578145486812e-06	3.085325337577008e-05
6.49	-1.4430156375008343e-05	1.96127081690416e-06	0.0032233693422133156	-1.0738805126193916e-05	-5.258306752014682e-07	0.0027422110057973605	0.0002055520490060135	-0.00016356930303019587	1.8260945290646142e-05	-4.699957709874746e-05	4.359246324958208e-05	7.032583448765477e-05
6.5	-1.1631733267624516e-05	3.4950333809551746e-07	0.00322425133995978	-1.077890773312083e-05	1.0624678066220166e-07	0.002743005484274586	0.00033187476486918786	-0.000151407564101588	0.00014055216634774675	4.564841829737072e-05	8.341012633923514e-05	8.797009256916444e-05
6.510000000000001	-7.969816117320468e-06	-1.037332152015229e-06	0.003225661358378488	-1.007552002821782e-05	9.553569585546102e-07	0.002743802051854293	0.0004108475791573151	-0.00013390345709706855	9.62186837757249e-05	9.860138451697989e-05	8.701860968214261e-05	6.026832763693249e-05
6.5200000000000005	-3.033588264701024e-06	-2.430695120139093e-06	0.0032261363154948946	-8.514847896552486e-06	1.7954751031914608e-06	0.002744039097542366	0.0005353750856130191	-0.0001342010171474676	1.8357215715057048e-06	0.00022421618498639435	8.139179836552047e-05	-9.128217618718017e-06
6.53	2.429941985327695e-06	-3.9613363541803105e-06	0.0032257743955858707	-5.793401785873465e-06	2.4729394149353955e-06	0.002743692327790628	0.0005796892832511768	-0.00018277348803180378	-0.00011142621415226046	0.00031094262947089905	3.4345080200015124e-05	-5.304808458074663e-05
6.54	8.281281599413329e-06	-6.048889569780942e-06	0.003224497278582745	-2.4629781248065683e-06	2.734311466535392e-06	0.0027430304224077707	0.0005779257111859514	-0.0002473714452506241	-0.00012860245775651958	0.00034824776496642456	6.040792043285507e-06	-9.066522864251853e-05
6.550000000000001	1.406573372718346e-05	-8.540973673473209e-06	0.0032235280970712033	1.0984809494126562e-06	2.546371318181974e-06	0.0027419612375716032	0.0005700279782865794	-0.00025319236443246474	-5.631995238459414e-05	0.0003595986832600658	-5.726166582358608e-05	-9.958897037065173e-05
6.5600000000000005	1.9285150150629654e-05	-1.1160835509215304e-05	0.0032236054180301453	4.5622689593704855e-06	1.5512817207683095e-06	0.002741366528112697	0.00045489566236865247	-0.00025829610652129903	5.8158348327998994e-05	0.0003463206987037512	-0.00014217319962317131	-7.3921669181255885e-06
6.57	2.3569988642816767e-05	-1.4146796116441249e-05	0.00322435069268681	8.043812268681203e-06	3.8323445551022075e-08	0.002741768110794418	0.00038999251093919425	-0.00029974802500572554	6.047051194262392e-05	0.0003490696000018697	-0.00015964157685814616	0.00010108320630953756
6.58	2.6508542886463595e-05	-1.7034567751813133e-05	0.0032249029940823104	1.1350304844753922e-05	-1.6762165717456592e-06	0.00274305024197304	0.0002348693579748689	-0.00027194898993022465	5.141389152793742e-05	0.00027935930014128066	-0.0001767956422585261	0.00015241900467613255
6.590000000000001	2.8275464183960156e-05	-1.943428152884445e-05	0.0032252626755245057	1.334587420566976e-05	-3.6127396907567265e-06	0.0027445958375372248	9.633894696672454e-05	-0.0001907523000657019	2.2389466526449716e-05	0.00015493764454085952	-0.00017970135347213776	0.00013649907981762706
6.6000000000000005	2.845066373876142e-05	-2.11180646581222e-05	0.0032253799889281694	1.4263516221174643e-05	-5.413023929343271e-06	0.002745300366144131	-5.7499421338309795e-05	-0.00014438676141136826	3.886664740627312e-06	1.8035023868884445e-05	-0.00016654998967945527	-3.4248295759842156e-05
6.61	2.685134756841891e-05	-2.218394729275614e-05	0.003225217689895103	1.4003170388880493e-05	-6.8811144591937724e-06	0.0027440529899059665	-0.0002468967583764727	-7.058992594584635e-05	-4.383341138849548e-05	-6.447239071448849e-05	-0.00013957184285336895	-0.00019575650125600185
6.62	2.3593339463627302e-05	-2.221980687809441e-05	0.0032244409869286185	1.2633516821739758e-05	-8.184216426743182e-06	0.0027419330216599852	-0.00040647461512698986	5.946281557882465e-05	-0.0001160425549233934	-0.0001752852933807647	-0.00010780203117992215	-0.00020500748129215275
6.63	1.8957563646153336e-05	-2.120244778790373e-05	0.0032236725652935363	1.0579083483831816e-05	-8.921614141804806e-06	0.0027404031587787542	-0.000525751565941053	0.0001421476396923338	-5.287640111738454e-05	-0.0002523827752089402	-4.034676276251558e-05	-9.791390636343536e-05
6.640000000000001	1.3215082572954137e-05	-1.9165909207303308e-05	0.0032234368631747666	7.766771898510925e-06	-8.90206682407354e-06	0.0027402012127059477	-0.0006133887092417882	0.00023587388659427195	-2.3987070201933806e-06	-0.00029857865610714374	3.286748830673963e-05	4.848474949536462e-05
6.65	6.93355134911968e-06	-1.641817765098164e-05	0.0032238285557173976	4.871941157692616e-06	-8.628364390263087e-06	0.002741309156734337	-0.0006437772559832996	0.0003081321028696852	7.6210727928478e-05	-0.0002936365945930109	3.347571593900412e-05	0.00017828357105423079
6.66	5.958649341640738e-07	-1.2640436589077978e-05	0.0032247575908232544	2.0036338954536446e-06	-7.961006221845414e-06	0.0027433386589288365	-0.0006136311947118817	0.000433283939756976	0.0001190566812538582	-0.0002772393563871026	9.459994434459136e-05	0.00019450031160144559
6.67	-5.472200397838135e-06	-7.643478114020827e-06	0.0032261848080184534	-9.289698497200416e-07	-6.669086949290405e-06	0.0027449149097730683	-0.0005985736111571381	0.0005636091088593503	0.00014093930551894448	-0.00029009310056422926	0.00015856674323078037	9.389330496175654e-05
6.680000000000001	-1.1264051824656616e-05	-1.5716344309089389e-06	0.0032270328345332	-3.84865649405306e-06	-4.909644867932515e-06	0.00274520726107428	-0.0005701727265058321	0.0006347651500828508	2.837190307081345e-05	-0.00028395377687881696	0.000185576706426078	-2.3531883368346705e-05
6.69	-1.67311211432194e-05	4.805985292375481e-06	0.0032266818018843505	-6.655568931454042e-06	-2.778222683948187e-06	0.0027444597210040515	-0.0004984592926555688	0.0006378718036428266	-0.00012366881827851502	-0.00025207141220735335	0.00023509559098405173	-9.196725557155446e-05
6.7	-2.0964925662407895e-05	1.1104223877310988e-05	0.0032251023071270357	-9.164754136143667e-06	-3.19003678238376e-07	0.0027432608034883886	-0.0003862404804511897	0.0006120948095517265	-0.00018189531309080462	-0.00024018217275188197	0.00024894352721315335	-0.00013872819930280157
6.71	-2.4227280276449632e-05	1.7072536663791885e-05	0.0032232153518039494	-1.1291782696589938e-05	2.1671853722778968e-06	0.0027417774006904504	-0.000250511204729149	0.0005547965570411532	-0.00016974928083624512	-0.0001733542307990411	0.00025607911182605285	-0.00013536582269153992
6.720000000000001	-2.6148874712145568e-05	2.250761138509803e-05	0.003222220869767775	-1.2391936520567267e-05	4.8040669838876444e-06	0.00274097041862392	-0.00012423950632341397	0.0005143657729444417	-3.096889642951283e-05	-4.6818689016052836e-05	0.00025091194649423426	-2.4889172555715635e-05
6.73	-2.6836162584978258e-05	2.710953717376758e-05	0.003222869360671244	-1.2451362985664982e-05	7.4796646706616264e-06	0.002741146560087886	-2.1415659683696352e-07	0.0004104241552035836	0.00014868550561601842	3.2090151316516974e-05	0.0002650044859262402	8.245179543989093e-05
6.74	-2.6246510814415454e-05	3.063170353386088e-05	0.003224687086595459	-1.155371432351791e-05	1.013971444079832e-05	0.0027422148763069205	0.00011017746529221021	0.00027979627202375803	0.00019538894394324852	0.0001401261940309975	0.00025467186166548824	0.00014301396328734916
6.75	-2.450793075930333e-05	3.297708610366152e-05	0.0032264829052467605	-9.800728245313876e-06	1.2267020672401507e-05	0.0027438429826144	0.0002290582636132089	0.00016066951723319798	0.0001215480725136484	0.00020996777349608574	0.0001659935916190288	0.00016850218874430166
6.760000000000001	-2.1956849671551773e-05	3.3967387840410424e-05	0.0032269002610534284	-7.637094851923377e-06	1.3339345338152699e-05	0.002745273885620508	0.00030234609992066554	2.891196658241484e-05	-5.988313575303898e-05	0.00023477982756939104	6.251110496003959e-05	7.993635972470336e-05
6.7700000000000005	-1.8752466864923683e-05	3.3718696001002327e-05	0.003225904338418302	-5.215208909067086e-06	1.3357826237345012e-05	0.0027452851006983616	0.0003427022737793864	-7.739429574475373e-05	-0.00015379717437546364	0.00024181299641974868	-5.5040814256984546e-05	-8.996587804789287e-05
6.78	-1.5295014318743384e-05	3.210379349992469e-05	0.003224148282823446	-2.9047689748185612e-06	1.2542739718210918e-05	0.002743818600681308	0.00035103016505825976	-0.0002655996454373541	-0.00015735878590216967	0.0002174089624186298	-0.00010208393721342402	-0.00019603780413854406
6.79	-1.1722587605812304e-05	2.8813824524392833e-05	0.0032229440966992703	-9.417461002284022e-07	1.1231164651607662e-05	0.002741828828383971	0.0003576752851214765	-0.000390883515063614	-5.39763471115248e-05	0.00018993611301979362	-0.00015508768843233275	-0.0001716599907454062
6.800000000000001	-8.081621683909025e-06	2.4167922254081817e-05	0.0032230956240506276	6.0771405954116e-07	9.389865147600816e-06	0.0027408492749101615	0.0003623404301274542	-0.0005238199712808226	7.801025534993172e-05	0.00011136973262057268	-0.00020657372176077353	-2.165478522260237e-05
6.8100000000000005	-4.2863787983321975e-06	1.8666929729258273e-05	0.003224198781100367	1.376939261736363e-06	7.0918735872389495e-06	0.0027411873404518477	0.00036784033130817233	-0.0005713599817081826	0.00014586637098085457	3.680714296677177e-05	-0.0002333025151078713	0.0001030485887210325
6.82	-8.330605555490409e-07	1.280995519779919e-05	0.003225507653250109	1.594472169557791e-06	4.6723705578772925e-06	0.0027426248077512963	0.000333843343379074	-0.0006051733886720028	0.00011739707611078578	1.3978660258440787e-05	-0.00023761058757511795	0.00016416469954523327
6.83	2.3667332899125146e-06	6.6535952502846866e-06	0.0032262447369755024	1.5095348126050996e-06	2.2994273601141386e-06	0.0027440868824641245	0.00031601089506268194	-0.0006066245853890786	3.785516860343416e-05	-1.7101285043440238e-05	-0.00021923617921688736	0.00011591450197891146
6.840000000000001	5.332823800982691e-06	6.057749127016738e-07	0.0032260540341412644	1.4777610667359798e-06	2.194180882020816e-07	0.002744728210117472	0.00029218525007290047	-0.0006068354227100481	-6.293073214354463e-05	4.604431006929757e-06	-0.00021618000506926202	7.174525457970361e-06
6.8500000000000005	7.893394731209293e-06	-5.226688169642552e-06	0.00322543293581133	1.6973812215819654e-06	-1.926707755902258e-06	0.0027443307555630224	0.00022261574221586262	-0.0005555167239280234	-7.04624241683711e-05	7.759609463744486e-06	-0.00022714254717060229	-8.730107525521764e-05
6.86	9.980425819331916e-06	-1.0665488903509859e-05	0.0032246905966345743	1.8023024290757287e-06	-3.7982949562342034e-06	0.0027430489948410087	0.00020752854097096581	-0.0005104482944089079	-6.518173988206726e-05	1.5528846346693013e-05	-0.00015640566993630262	-0.00013401230797503236
6.87	1.2002482761498986e-05	-1.5477734629271065e-05	0.003224199633324806	2.073300101599823e-06	-5.229567330121018e-06	0.0027416876056368072	0.0002040754390954048	-0.0004440174992219378	-3.2610647449561826e-05	5.4084412990770555e-05	-0.00010297529476640781	-0.00011906156631230207
6.88	1.4109179860450896e-05	-1.9372282068088955e-05	0.0032240034193422784	2.7069624363078187e-06	-6.193044893186216e-06	0.0027412217725448287	0.00020921448172614727	-0.0003275998821375663	-1.2425671501384695e-05	8.42704538524967e-05	-7.297543372586188e-05	3.2843526997368355e-05
6.890000000000001	1.59497501534499e-05	-2.2253848776654384e-05	0.0032239490225550002	3.3958220338399576e-06	-6.8293583356080235e-06	0.0027420303256009966	0.00015110678129785662	-0.0002599955386960887	5.1434429458001065e-06	4.4927529483724794e-05	-5.207882409164463e-05	0.00011402674925794864
6.9	1.7509852648463842e-05	-2.423465661953267e-05	0.0032241957927429607	3.779858700545887e-06	-7.320458047359382e-06	0.0027432945592272486	0.00014381907299607772	-0.00017095919189839142	3.74161795532662e-05	1.3007810547091716e-05	-2.72444441500463e-05	0.00012544876081907062
6.91	1.888740749212966e-05	-2.554892381145877e-05	0.003224818938997116	4.096367517355341e-06	-7.399274352914257e-06	0.0027440621191187195	0.00013239084162274404	-8.683102758134093e-05	7.289229280668933e-05	2.2352368704548597e-05	1.521549667272716e-05	3.5734439435288674e-05
6.92	1.999566262520904e-05	-2.642136020267981e-05	0.0032252421498703268	4.236296099852463e-06	-7.238880112243672e-06	0.0027442287947332424	7.66409528188941e-05	-4.208302639640748e-05	-1.1112886497529886e-06	1.3423163876317355e-06	1.2714174682754597e-05	-5.728038934262989e-06
6.930000000000001	2.0491730264851388e-05	-2.6578832403088934e-05	0.003224915159044354	4.310776464097846e-06	-7.067729921971606e-06	0.002743751554562492	5.2225511098306136e-05	1.0735734025839713e-05	-6.193187216728784e-05	2.5572570330383728e-05	2.6799008696474725e-05	-8.834116074249764e-05
6.94	2.069985874950831e-05	-2.6132378336177216e-05	0.0032244779324497462	4.303122684721149e-06	-6.568000285983548e-06	0.0027426292149435884	1.30851464602246e-05	6.975800947484856e-05	-1.0608665338074173e-05	3.809264983459645e-06	5.146510511656781e-05	-0.00013535361010132607
6.95	2.0482115753225237e-05	-2.4932536457586145e-05	0.003224279072164943	4.527734474617917e-06	-6.24664813163602e-06	0.0027413400572199272	-6.615751114645201e-05	0.00015667190355082156	-4.342606605749492e-05	4.758917789132547e-05	4.828883774984745e-06	-0.00010078843654427165
6.96	1.957808560093961e-05	-2.3300678338369424e-05	0.003224057942060898	5.124809913095159e-06	-6.206763031806382e-06	0.002740853337843026	-0.0001251844446467375	0.0001852959411963092	-6.687942211686529e-06	5.923482096932491e-05	5.782247253222601e-07	2.094262995260052e-05
6.970000000000001	1.8001190967366702e-05	-2.1378735914704674e-05	0.003224014330053143	5.6204903689614735e-06	-6.236342624308548e-06	0.0027415113018100104	-0.0001933133152549828	0.00021689041531632215	-7.799659310618073e-06	2.587550701146519e-05	1.7143698794153879e-06	9.498349108318156e-05
6.98	1.562935985388204e-05	-1.8742732693282996e-05	0.0032241353597159458	5.761456277934985e-06	-6.110697829288499e-06	0.0027425655821709622	-0.00029563286136976815	0.0002822743719446685	4.349334233637283e-05	-5.009914948654655e-07	4.320763992028749e-05	0.00010178109292158408
6.99	1.2360706123057556e-05	-1.5543976924602907e-05	0.0032246262334867334	5.615017209657012e-06	-5.6075573317343265e-06	0.0027436919157679605	-0.00035458243252718615	0.0003567865016487623	8.091117575041445e-05	-1.6676555460387573e-05	8.215998924271073e-05	0.00010455565931784883
7.0	8.738912255871279e-06	-1.1651821860980498e-05	0.0032254978103189113	5.225324939734803e-06	-4.520466557105805e-06	0.0027446584397412353	-0.00037900654922852777	0.0004100933026915303	6.817148927877802e-05	-7.35336827533559e-05	9.885673389326028e-05	6.777623521941989e-05
7.010000000000001	4.805456069561401e-06	-7.188528130637663e-06	0.0032259671119713083	4.547517856830996e-06	-3.4377304114492955e-06	0.002744621552365118	-0.00040329573079119147	0.0004938373876530328	3.230041672005241e-05	-8.671078336079717e-05	9.567265929137517e-05	-7.225253501580076e-05
7.0200000000000005	6.752666030174462e-07	-1.935917122669384e-06	0.003225920595545031	3.388902825436719e-06	-2.480950852675115e-06	0.0027435702465147334	-0.0004075246445735425	0.0005443819525199799	-2.5381670587376707e-05	-0.00013517841326653572	0.00010822018581956235	-0.00013761257383471264
7.03	-3.2715066159994314e-06	3.282719190484529e-06	0.0032251212862754977	1.8760037739288565e-06	-1.358785288270222e-06	0.0027423200309202385	-0.00039068809512455324	0.0005385387785550096	-0.00013363269357679456	-0.00015537493984712022	9.882225396505421e-05	-0.00010166975070747404
7.04	-7.334963414345828e-06	8.598873249124371e-06	0.0032237525567163825	1.2148746744598652e-07	-2.737179066021521e-07	0.0027414719742470785	-0.0004079970960739206	0.0005311957821464132	-0.00013511108713996987	-0.00021793723967411467	0.0001334148429106531	-7.009323787682225e-05
7.050000000000001	-1.1217399021105267e-05	1.396109479276621e-05	0.003222787799355195	-2.292874769962634e-06	9.336516884380536e-07	0.00274125978482773	-0.0003756202121610649	0.0005385656751194747	-5.293972145512582e-05	-0.0002531894815911803	0.0001227813282387819	2.027512607256474e-05
7.0600000000000005	-1.4670336999207921e-05	1.9481091011464812e-05	0.003222843155264101	-4.7950977837099925e-06	2.1893721754670757e-06	0.0027417371660772823	-0.00031690083048978806	0.0005364205896320471	7.579224112668468e-05	-0.0002572235780060373	0.00012099579967117028	6.0947708893568756e-05
7.07	-1.7426288187173546e-05	2.460324777255081e-05	0.00322421204068636	-7.36474335852605e-06	3.5006039988185247e-06	0.002742491173366488	-0.00022734672728737961	0.00048231244095511627	0.0001711952152507767	-0.0002520080194060525	0.00015862176432960008	7.14729378947547e-05
7.08	-1.9420167704011414e-05	2.9024289663153074e-05	0.0032256565116755027	-9.585347937569846e-06	5.34066556244055e-06	0.002743218032721871	-0.00015040042177576841	0.0003876848412321608	0.00011090102483642586	-0.00019714534393044098	0.00021230901472715663	9.014895260747712e-05
7.090000000000001	-2.030295477228178e-05	3.292513040847107e-05	0.003226167503647542	-1.12548095672189e-05	7.4790721875323925e-06	0.0027442181331589883	-3.8886486151107235e-06	0.00035599606750469457	3.939593012949033e-06	-0.00014544143557934042	0.00023202424504299802	9.3976966067479e-05
7.1000000000000005	-1.9669609682281394e-05	3.5948394064614065e-05	0.0032256181654335817	-1.2075068414930836e-05	9.869806728277806e-06	0.002744804483137851	0.00014238953116239427	0.0002540755867457913	-7.378015122477665e-05	-2.8922207010577095e-05	0.00024376051654157022	2.466652624572078e-05
7.11	-1.7610379746788474e-05	3.793761331627588e-05	0.0032248757132652974	-1.1880946867734569e-05	1.2127258841651501e-05	0.0027445211085408406	0.0002693042305862344	0.00012262497057946337	-6.498528121889667e-05	5.230151743957096e-05	0.00019167505188137434	-7.203278392077678e-05
7.12	-1.4151332113465607e-05	3.835962092875435e-05	0.0032242698471129866	-1.0743972765331115e-05	1.3840658363779795e-05	0.002743385316941222	0.00040686722501177385	-4.145950005439613e-05	-3.7289823671544525e-05	0.0001647926857312538	0.00013842933630269123	-0.00017194800187590972
7.130000000000001	-9.421517989869447e-06	3.729880375184243e-05	0.0032241052004586502	-8.713686941259912e-06	1.467707278839985e-05	0.0027419789934121394	0.0005307539144075489	-0.0002157286407105825	-1.6378518959917138e-05	0.00023634377481663142	4.013354259847351e-05	-0.00011191065976606434
7.140000000000001	-3.7465700582158857e-06	3.44006568331613e-05	0.003224043693041383	-6.047611682780724e-06	1.4600482979516238e-05	0.002741253019026757	0.0006004012221126694	-0.0003749815159537787	5.669413969211984e-06	0.0002928891091818828	-4.353289475614262e-05	-2.0726759700798364e-05
7.15	2.6370367641089173e-06	2.98731685109463e-05	0.0032241694718230587	-2.765871613593074e-06	1.3727586626554874e-05	0.002741564747988889	0.0006445948619670403	-0.0005245599252991399	2.916926690816826e-05	0.0003422993337064547	-0.0001518510216753743	6.852220202496566e-05
7.16	9.01019728424149e-06	2.4098732634034242e-05	0.003224397962058807	5.7482396790831e-07	1.1776067383768369e-05	0.0027426702903706863	0.0006389502269603627	-0.000621867216977244	1.824117974373199e-05	0.00032376265054032545	-0.00024193187383784502	9.352271485645843e-05
7.17	1.513267385097024e-05	1.7508580507180092e-05	0.0032247485161117236	3.72676760851283e-06	8.716793266265158e-06	0.0027437351080747754	0.0005840618262672425	-0.0007023953660951559	5.0454200020567846e-05	0.00029565026499997303	-0.0003426595691343405	0.00010034000794365629
7.180000000000001	2.0695006678806052e-05	1.0455237374456509e-05	0.0032254340975163822	6.6496539583000615e-06	5.084373945535399e-06	0.00274436212100352	0.0005388157630292192	-0.0006903747501294365	8.563034073745087e-05	0.0002818346813014291	-0.0003685248028218108	6.952491495656512e-06
7.19	2.5299770126479088e-05	3.5121476329605966e-06	0.0032261297591675247	9.29132744130978e-06	1.4565156623494399e-06	0.002743932213773418	0.00038956653565508777	-0.0006850890219878069	2.73767683741116e-05	0.000245159018796694	-0.0003404082966619588	-6.750157730388095e-05
7.2	2.8338616672828333e-05	-3.0316740947131073e-06	0.0032258788743798283	1.1463568365338396e-05	-2.0878901126134993e-06	0.002743218248492813	0.00021545733788216174	-0.0006312639170264726	-9.201206656758892e-05	0.00018469284892641536	-0.0003471961382299185	-6.051246360756963e-05
7.21	2.965142150194537e-05	-9.108075704370434e-06	0.003224543350318231	1.2905686918664805e-05	-5.387616538937824e-06	0.0027427833218666778	4.444249403014111e-05	-0.0005936309729213886	-0.00015777489553137126	9.70428496486037e-05	-0.00030329611912582047	-1.995951632755286e-05
7.220000000000001	2.932554400807273e-05	-1.4620446226011867e-05	0.003223448331692709	1.3224508993647454e-05	-8.032566594945134e-06	0.0027424593033405177	-0.00011622801246897419	-0.0005070188139556409	-5.31837694929604e-05	-1.3596910459560183e-05	-0.00021286349496958058	-4.097053263011786e-05
7.23	2.7479819648000075e-05	-1.8983438794773355e-05	0.0032235104880100657	1.25715131670985e-05	-9.622809599248358e-06	0.0027419352527746185	-0.00024345249461469663	-0.00037711970675217776	6.046172812132081e-05	-0.0001175550394872663	-0.00012930264576381702	-4.1958552785591316e-05
7.24	2.4513596690379876e-05	-2.198138523656219e-05	0.003224297256173616	1.1119805790589824e-05	-1.0533788963577623e-05	0.002741944737262247	-0.0003732445514909876	-0.0001998964797964647	0.00010307903985512317	-0.00015446178607651055	-5.10021026685275e-05	5.9960091101487284e-05
7.25	2.0290782997368837e-05	-2.3308311026221946e-05	0.00322543171742975	9.450761659001617e-06	-1.0528041200528337e-05	0.0027427455276039297	-0.00046670126645171445	-5.963008321801221e-05	0.00010406500052989319	-0.00018761429798342663	1.2271622011477843e-05	7.818949211079692e-05
7.260000000000001	1.5177159063994578e-05	-2.3138980047095223e-05	0.0032260594219190985	7.5358245242353205e-06	-1.0316999048981347e-05	0.0027436113395464096	-0.0005567195899228185	9.087646831705686e-05	4.111231039473879e-05	-0.00020912572658415311	4.552993386016823e-05	8.898972758959361e-05
7.2700000000000005	9.282663644057399e-06	-2.1672342052824526e-05	0.003225964880652542	5.247790807277478e-06	-9.502700567992027e-06	0.002744582178760962	-0.0006348563952652712	0.0001924995509397154	-5.3123915242495425e-05	-0.0002487594597168217	0.00011983447136830485	7.405688557291861e-05
7.28	2.7492906378571507e-06	-1.9269039924571422e-05	0.0032251720601453883	2.763903734211197e-06	-7.956798416275898e-06	0.002744791822936796	-0.0006644857680722369	0.00030869690268025423	-8.754399073247657e-05	-0.0002734387454807773	0.00018238334363413487	-3.231145798022182e-05
7.29	-3.999309515288913e-06	-1.6133120765992045e-05	0.0032246692484161244	-1.5124372175856877e-07	-6.129501606071799e-06	0.0027438881416156787	-0.0006635313591698873	0.0003313222830004644	-1.5642876685043093e-05	-0.0003004921647897466	0.00018902509465298025	-0.0001372332730476333
7.300000000000001	-1.0476967146699679e-05	-1.2651423378838073e-05	0.0032246579317096497	-2.9791923885468764e-06	-4.1094746336697735e-06	0.002742315152829387	-0.0006332931872305468	0.00036363428209041444	6.086888871419946e-06	-0.00025550836194698616	0.00018567177326008166	-0.00014374500283655564
7.3100000000000005	-1.6504193818035938e-05	-9.077853388006779e-06	0.0032246093487740234	-5.47354011781959e-06	-2.1446456157727327e-06	0.002740972913195376	-0.0005556112751117617	0.0003533323205467684	-1.2780308970191052e-05	-0.00025113389867154886	0.00020534870338747866	-0.00011661789779452168
7.32	-2.148159755880121e-05	-5.503407341253474e-06	0.0032241945262605136	-7.936547512782965e-06	-3.080391727861406e-08	0.0027406462652099866	-0.0004274834334120808	0.00036201254945592975	-7.574702080110676e-05	-0.0002511913330257864	0.00020831557922824657	4.723942138055205e-05
7.33	-2.5116142099944612e-05	-1.910820512376936e-06	0.0032235568300324935	-1.030293828137717e-05	2.04591520248197e-06	0.0027417870099620666	-0.00029904845996478	0.0003532808299614763	-3.335972153803857e-05	-0.00023478629590046156	0.00019933241734918706	0.00014463177495282052
7.340000000000001	-2.7489936893334266e-05	1.4693501349884462e-06	0.003223696855080746	-1.2358604979567359e-05	3.6852796716217084e-06	0.0027429577939704994	-0.00018745052025759975	0.0003285626025799724	5.3424780929534684e-05	-0.00018086473834772566	0.00014534193781423174	8.640762703231506e-05
7.3500000000000005	-2.8584919477827345e-05	4.550107641596616e-06	0.003224630729157387	-1.3590657779255396e-05	4.779047797580613e-06	0.002743441682765438	-2.803567133657092e-05	0.0002872906262945404	0.0001430930352668253	-7.826716008822931e-05	8.373753780984011e-05	2.4305597298879118e-05
7.36	-2.8088594874217054e-05	7.065158462750451e-06	0.0032258293118258034	-1.3964027437196097e-05	5.286400199342173e-06	0.0027437138617735553	0.0001314244091617274	0.00023414161982251804	0.00010363741180637607	-4.609378887841628e-06	1.8328133725652687e-05	2.8751540193360055e-05
7.37	-2.575133838949003e-05	9.015573597571773e-06	0.0032267552942406314	-1.3665987061656867e-05	5.159063702057494e-06	0.0027436877756493293	0.00031420851950188613	0.00014914761165764006	3.719990534117412e-05	9.406104133365946e-05	-5.440346998347376e-05	-1.4864343017183729e-05
7.380000000000001	-2.1945705402662966e-05	1.0100250010918904e-05	0.0032262184889120553	-1.2328404714927313e-05	4.485459501532515e-06	0.002743477029411108	0.000431616434295684	9.048049827279096e-05	-0.0001360645680930396	0.00017775083378034526	-8.867399347837613e-05	-3.433820790026525e-06
7.390000000000001	-1.705586158244347e-05	1.0667692757952172e-05	0.0032243536089822393	-9.887933526549074e-06	3.325706549279805e-06	0.0027433812764893688	0.0005203087662179519	1.875346092896339e-05	-0.0001925641735569441	0.00029664261714716736	-0.00012113490417504795	-3.682954984966077e-05
7.4	-1.147416177765938e-05	1.0587638200043523e-05	0.0032226663827841363	-6.634871139559739e-06	2.1138731595931483e-06	0.002742813357225475	0.0005917936849967497	-3.17269994780564e-05	-0.00010170767918469048	0.00035136115053060145	-0.00011146641423688814	-5.8658221433000205e-05
7.41	-5.484367317507797e-06	1.0272791753567425e-05	0.0032226993752885757	-2.914851148917025e-06	9.545868975750142e-07	0.0027422462845869988	0.0006122213551003056	-3.113923861965928e-05	9.100119583611994e-05	0.00038025061907201875	-0.00010151230583247741	-3.187148003197312e-05
7.42	5.114339823208179e-07	9.99695294025089e-06	0.003224303011775843	7.762180819113144e-07	-1.7619084607613396e-07	0.002742086377736976	0.000576068839098699	-4.503102090477302e-06	0.00020321944998114033	0.0003724291796664772	-0.00012367538616040694	-3.6206628970862507e-06
7.430000000000001	6.032332553582484e-06	1.0011476268246773e-05	0.00322600750475313	4.374508629814673e-06	-1.2370299316242976e-06	0.0027423187146411064	0.0005317962668378081	1.7577171594014752e-05	0.00010518187139468327	0.000318477874349855	-8.438995034235941e-05	4.696995707028346e-05
7.44	1.1018515275873768e-05	1.0109919015167824e-05	0.003226560715356483	7.222331392447993e-06	-1.8160847263345174e-06	0.0027428095865287758	0.0004719471673460613	8.132092577689663e-06	1.603056979586131e-05	0.000248736618891545	-2.8458019751649922e-05	6.597876177767634e-05
7.45	1.5124503202262063e-05	1.0373035888853328e-05	0.0032262431543090696	9.355705850771362e-06	-1.971780964596519e-06	0.002743604987102258	0.0003411138345553983	4.195127731601262e-05	-7.695631547273687e-05	0.0001804969846594028	6.6316018670699576e-06	7.464107940062855e-05
7.46	1.779589871139484e-05	1.0786837775334066e-05	0.0032250886208702576	1.0585749254750202e-05	-1.6191658143527307e-06	0.0027439585652926576	0.00020735302778516896	6.742536216367878e-05	-0.00012361564195353643	7.150980931890448e-05	6.816352068210377e-05	-5.0975531820402755e-06
7.470000000000001	1.9162981117458165e-05	1.1294914082014395e-05	0.0032240049815948435	1.0698246090771879e-05	-6.846003908775061e-07	0.002743667228090411	6.176919790182123e-05	6.517069968171101e-05	-7.749415663033698e-05	-2.6651907757828157e-05	0.00011992597387871317	-6.338036779855787e-05
7.48	1.915217282720669e-05	1.1828574999600128e-05	0.003223590174496606	1.0216839830325898e-05	4.191250339584776e-07	0.002742783697396747	-6.030294911200515e-05	3.2476447401876416e-05	2.318833739356748e-05	-6.608554516577804e-05	0.00013524572299573103	-0.00010242097324265713
7.49	1.8066970881755108e-05	1.1942557322215706e-05	0.003224254283749978	9.249081247323758e-06	1.7126345360980454e-06	0.0027418920528946016	-0.00014891291629136566	1.3229303133761417e-05	0.00010545071003858697	-0.00010079695732229076	0.00012831593487016053	-4.4526011256330266e-05
7.5	1.6379932140454254e-05	1.192040855570623e-05	0.003225222699697521	7.917503087149378e-06	2.7990988350773046e-06	0.0027415873234662197	-0.00021493674753419713	-2.2685478484609272e-05	6.054054349404232e-05	-0.0001733307902392302	9.202132695984145e-05	3.92297420202848e-06
7.510000000000001	1.3915467375092268e-05	1.1568692799794099e-05	0.003225417179717083	5.9360449974300954e-06	3.698623236710505e-06	0.002741987180108083	-0.00027455280039404554	-3.448022396110891e-05	-3.0057372534517136e-06	-0.00021062033261025158	9.401643215420764e-05	7.521040010038354e-05
7.5200000000000005	1.0909342726547492e-05	1.1149716031407783e-05	0.0032250090344671696	3.6696160753167657e-06	4.458116425245031e-06	0.0027430446706955946	-0.00032782255485825593	-5.195493354678742e-05	-5.569979264006445e-05	-0.00023724485910216778	5.049093580582258e-05	0.00012679490115945663
7.53	7.633050100749439e-06	1.0535123664912757e-05	0.003224759525925086	1.2827291924459142e-06	4.767366189766615e-06	0.002744090085985972	-0.0003277382804919147	-8.508418103945692e-05	-2.210842561130319e-05	-0.00023295246609204108	6.8529780563693854e-06	7.129028746791993e-05
7.54	4.463273939216759e-06	9.44576988899721e-06	0.0032250070156048193	-7.527411757101457e-07	4.617189233121694e-06	0.002744434504996047	-0.0003016477343789135	-0.00012815646439191884	6.921287264160005e-05	-0.00017976309632903982	-2.1829304592664253e-05	2.0265478292205026e-05
7.550000000000001	1.5349907471406699e-06	8.142189694985032e-06	0.003225616776463876	-2.5533221880437753e-06	4.119059969425598e-06	0.002743945114525202	-0.00026834373424024596	-0.00015008604967410794	2.0181903669484344e-05	-0.00017900742701623833	-8.454285844724695e-05	-8.762023908814137e-05
7.5600000000000005	-6.775582907799549e-07	6.563026342682985e-06	0.0032253300586353065	-4.1591064003146304e-06	2.987091954616574e-06	0.002742879994154826	-0.00018308015316553255	-0.00017206589755239303	-6.242994325993989e-05	-0.000129937714948384	-0.00012582515709780477	-0.00011250940022071695
7.57	-2.2136519230243787e-06	4.6538898216070785e-06	0.0032245691500608535	-5.235867554922832e-06	1.7462805209610565e-06	0.0027418156461787003	-0.0001295820806920852	-0.00020396242896804405	-7.476850413722728e-05	-9.738382085019818e-05	-0.00013996803950073656	-0.0001046161829539263
7.58	-2.9845860607009545e-06	2.7347678053486007e-06	0.0032239583691902724	-5.884772856838772e-06	1.7652304978207065e-07	0.0027411874202535698	-5.51059592368336e-06	-0.0002107341889631393	-1.915097477794632e-05	-4.529024775722397e-05	-0.00017370212320588294	-1.0447360287067433e-05
7.590000000000001	-2.4140367073510464e-06	8.08671847035278e-07	0.0032241368603302878	-5.8978583603213e-06	-1.6203997948425745e-06	0.0027414311961855586	8.113314194134912e-05	-0.00017166878734167735	2.7560780122097073e-05	3.6362971896253515e-05	-0.00017106727894069702	6.264129684967688e-05
7.6000000000000005	-1.2261638801937455e-06	-8.309318597129579e-07	0.0032245612576353817	-5.036753332349254e-06	-3.0723443189788146e-06	0.0027424754574681	0.00014915991589237323	-0.00014302255893539076	3.770886021737221e-05	0.00012125545873086296	-0.00012423518136304117	0.0001469201566305695
7.61	4.951629035065527e-07	-1.963688894627214e-06	0.003224942908799938	-3.713657908031459e-06	-4.096111828360312e-06	0.00274382603204478	0.00018681902810248625	-8.43992905112461e-05	2.531767550314712e-05	0.0001489742070739542	-0.00010277637709505442	9.638058717945783e-05
7.62	2.257342370132715e-06	-2.4781695625200026e-06	0.003225357628848756	-1.8461357825013306e-06	-4.890009532636231e-06	0.002744372259997942	0.00017059079192854908	-1.4453863486107698e-05	5.009868418396e-05	0.0002299911640008621	-4.462967090994639e-05	-1.437327504817642e-05
7.630000000000001	3.7839377821893237e-06	-2.318981946185946e-06	0.0032257806666607623	5.491636927224831e-07	-4.9932920563500636e-06	0.00274365543890259	0.0001541743358964733	4.974479531716647e-05	2.0949008183645644e-05	0.0002452341800801569	1.7149758872737505e-05	-0.00012737903226042453
7.640000000000001	5.394056211284482e-06	-1.365875082371792e-06	0.003225622567250595	2.906187940800865e-06	-4.399156416068906e-06	0.002742339449522124	0.00015527436584446134	0.00011186211925951117	-7.129390549361344e-05	0.00020988817327240265	8.929060072967718e-05	-0.00012102022755016249
7.65	6.75617120684806e-06	-1.9042232382581783e-07	0.0032246791144892838	4.813774842119662e-06	-3.3572971386927514e-06	0.002741592023978619	0.0001316570240936639	0.00010958402905007235	-0.00011072030678445129	0.00015656955918369925	0.00011871488563349992	-3.3133937113203154e-05
7.66	7.643508490108826e-06	9.494932253577084e-07	0.0032237809667240917	5.972897114225873e-06	-1.9929738490758223e-06	0.002741857119485333	6.243510944815019e-05	0.0001310259235079726	-6.049945586425855e-05	7.441941802984947e-05	0.00016710810735488495	6.18691888435488e-05
7.67	7.696475943610299e-06	2.4649151650836794e-06	0.0032236273885326992	6.337597574858897e-06	-2.4451795646005823e-07	0.0027424616999817144	-3.52875398876385e-05	0.0001391336277751292	3.740905603726492e-05	3.6624532312993295e-06	0.00016906950244186154	4.0221717130129355e-05
7.680000000000001	6.932292571303939e-06	3.5874034705130197e-06	0.0032242210203172555	6.102674179136744e-06	1.7205115450755781e-06	0.0027428044765250865	-0.0001234151838272843	9.111930971618122e-05	7.181151307325102e-05	-4.09594276020816e-05	0.0002139059813798033	2.721441254477462e-05
7.69	5.194266198122645e-06	4.574752963916962e-06	0.003225245556290656	5.671956485608328e-06	3.7162377407896e-06	0.0027427677233934815	-0.00020168953977510267	0.00010278358910197957	0.00010508176066413053	-6.998526293783522e-05	0.00017534641931734481	-2.2899299406351083e-05
7.7	2.905359933407338e-06	5.415666307143017e-06	0.0032261941175250842	4.851895764850976e-06	5.252086169798433e-06	0.0027425455884627675	-0.000259572810543496	5.545481657146983e-05	6.304664649062756e-05	-9.989538710621204e-05	0.00013678216600418062	-9.65725644945485e-06
7.71	1.0934126885231591e-07	5.5376911848965595e-06	0.0032260017885493834	3.514844348130762e-06	5.98018743804512e-06	0.0027425899305725363	-0.0003130834053500002	-8.50122157012369e-06	-9.326233871100594e-05	-0.0001766002024158171	1.9754224033807982e-05	-3.449384981299023e-06
7.720000000000001	-3.0708508580171862e-06	5.069078118131885e-06	0.003224567633752549	1.4866284404675142e-06	5.48632511208795e-06	0.002742383386335754	-0.00031599227188914045	-8.952901040541374e-05	-0.0001579385011350644	-0.0002157352542694031	-9.741304690630842e-05	-1.747074661202897e-05
7.73	-6.2599336953838465e-06	3.884822856365362e-06	0.003223100354918447	-5.914947283738033e-07	4.144630100004355e-06	0.002741970961620322	-0.00030953383393130375	-0.00012905088559259347	-0.0001020360180480108	-0.00021324265159196432	-0.00018075513290300398	-4.213743584879849e-05
7.74	-9.156923887684664e-06	2.511848885817057e-06	0.003223035455186506	-2.778550281739981e-06	2.35886434977974e-06	0.0027416436720858516	-0.0002627374077287455	-0.0001389271722385581	5.8297601605414554e-05	-0.0002109011282222584	-0.00017466366411630725	-1.9319547609814434e-05
7.75	-1.1667717210101528e-05	1.1502491094678694e-06	0.0032240543458296475	-4.929993101201333e-06	2.965574354987775e-07	0.0027417358403818725	-0.00022910859747036802	-0.000129090721243577	0.00013754777403838793	-0.000217459918655239	-0.00023618014623458155	4.690061177858121e-05
7.760000000000001	-1.3559981413376644e-05	-4.2259505495666277e-07	0.003225082981203601	-7.01300981121728e-06	-1.9149803808731384e-06	0.0027424601675180324	-0.00014579087570944083	-0.0001700081754468219	6.337585249206045e-05	-0.00019357445392626662	-0.00020460699398058894	0.00010099788022061327
7.7700000000000005	-1.464376723861824e-05	-1.9116512408902435e-06	0.0032253276685992546	-8.912323305552976e-06	-4.02366054232793e-06	0.0027436770617990775	-7.642196964098927e-05	-0.00015077369057929152	-1.2276721689341103e-05	-0.00016856483530428194	-0.00020481552861283724	0.0001067467629901449
7.78	-1.4712451192665555e-05	-3.0590833001933463e-06	0.0032249986717873985	-1.0080434398608618e-05	-5.620080348693904e-06	0.0027444475757471866	4.467811751855395e-05	-7.607761670756525e-05	-2.974650400542892e-05	-6.548819287529421e-05	-0.00012134354385579688	4.177801111804672e-05
7.79	-1.3619198744532172e-05	-3.5245801284407396e-06	0.0032248476330780478	-1.0528535698961995e-05	-6.1977233232634365e-06	0.0027443749604311478	0.00016050220313680117	-1.8010591557265638e-05	6.143144653758068e-06	-1.8238545516461373e-05	-2.32472560633794e-05	-5.530414791666776e-05
7.800000000000001	-1.1588599145319032e-05	-3.4326328663191963e-06	0.0032250807139938653	-1.0580854478324596e-05	-6.109250286392765e-06	0.002743340672020461	0.00025229305483811675	4.267498792585536e-05	1.741455542887171e-05	2.5239342847661563e-05	3.7977427300694284e-05	-0.00015685705343270508
7.8100000000000005	-8.589233523410123e-06	-2.5034315959652614e-06	0.0032250449369452205	-9.763799830549124e-06	-5.50417967548691e-06	0.0027417971713345874	0.0003440592392546355	0.00012791723978794104	-2.8125282204695128e-05	0.00011967490125863704	8.17275458971957e-05	-0.00014485803937748704
7.82	-4.671304744530434e-06	-6.175161533268773e-07	0.003224320182988584	-8.261218704977345e-06	-4.43683947235799e-06	0.0027409128296082682	0.00043632174966213753	0.0002320786182008386	-8.370493933500063e-05	0.00018736755190135014	0.00012267344210750204	-1.241489102188131e-05
7.83	5.5609848577965855e-08	1.6208243345700927e-06	0.0032234200991420312	-5.911974918185377e-06	-3.01653081103996e-06	0.002741446812338367	0.0004915119861257432	0.0002185793004149828	-6.691440055006325e-05	0.0002688513049517245	0.00016304552437800755	8.47084505736754e-05
7.840000000000001	5.217224896132903e-06	3.7730834671065938e-06	0.003223413241388286	-2.717615986592651e-06	-1.4621587084126786e-06	0.002742771488868108	0.0005341194475226285	0.00019576768062741734	7.53010344338739e-05	0.0003400155416862177	0.00015877398624260884	0.00016097031753365315
7.8500000000000005	1.0484941080551851e-05	5.7719042547905445e-06	0.0032245145660455142	8.869456933444767e-07	1.518726953069259e-07	0.002743986571986455	0.0005253056771634432	0.00019067237330040203	0.0001459386355853045	0.00036599809590643386	0.0001729853241206518	8.761058128163614e-05
7.86	1.5676884958905242e-05	7.6692284833304e-06	0.0032259596540409	4.627690043881239e-06	1.872991317542119e-06	0.0027442558433979822	0.0005056683608934511	0.00017957438641560654	0.00012468039541114353	0.000365991358658826	0.0001881718724023299	-2.3421750174355542e-05
7.87	2.024409607723724e-05	9.34307216410947e-06	0.0032268045377849075	7.939157408368895e-06	3.46506001718515e-06	0.002743573781507077	0.0003887179183417776	0.000115282748007032	2.874279043745032e-05	0.00029955842977172733	0.00014607622700410226	-9.439647874085682e-05
7.880000000000001	2.3556789316028848e-05	1.0392473197985354e-05	0.0032262473646366362	1.0767867254556178e-05	4.92439183197581e-06	0.0027427382135883317	0.0002669743083511681	6.532286598119923e-05	-0.0001551903016327312	0.00027107342464730553	0.0001451914874296456	-7.127879882800153e-05
7.890000000000001	2.5401815840219068e-05	1.0860335180512719e-05	0.0032242686795307305	1.3033415931606423e-05	6.331730634032833e-06	0.002742298500498397	0.00010295825269153404	2.932936807032092e-05	-0.00020318090719029987	0.0002012989491099531	0.0001331327521032771	1.413754534573673e-06
7.9	2.5576343601785835e-05	1.0859253931556423e-05	0.0032228790655025154	1.4641387587890916e-05	7.32911331230052e-06	0.0027424445586698818	-4.480776618532144e-05	-2.9430902586416293e-05	-5.99709914309892e-05	0.00010498086510369623	5.4999031080728784e-05	2.210018885569331e-05
7.91	2.43783573613878e-05	1.0065495658013127e-05	0.0032230879235215977	1.5104542337864847e-05	7.619162061036919e-06	0.002742570166014155	-0.00018041129981657766	-0.00013667074506291211	9.169041887500449e-05	-1.4884376028944739e-05	-1.8965181688494055e-05	-5.940748222630393e-06
7.920000000000001	2.1568355351093112e-05	8.601611821772842e-06	0.0032244464774025578	1.4297664831002724e-05	6.904336734514987e-06	0.0027426088909897066	-0.0003743408100570779	-0.00017832769298790116	0.00017249152637101601	-0.0001399295397370629	-9.974109675875524e-05	7.135175956276914e-06
7.930000000000001	1.720716407317303e-05	6.211926840375647e-06	0.00322598614251444	1.263129644097815e-05	5.650603224115697e-06	0.0027428580061084357	-0.0005195976094178845	-0.0002884389558259096	0.00010197041949166176	-0.0002158180860076176	-0.00014287741778386655	3.4356592956396583e-05
7.94	1.1627575573744201e-05	3.0563653045955074e-06	0.0032266817189537823	1.0091957296192715e-05	4.026532529328452e-06	0.0027433483594640246	-0.0006069065562332829	-0.0003490167873775595	3.5221941881965434e-05	-0.000292102573218999	-0.00019187131183736998	5.6891245566787304e-05
7.95	5.1630180024982e-06	-4.302120199576829e-07	0.0032262971213168237	6.534388728248217e-06	1.9315930362064647e-06	0.002743882511461425	-0.0006807365211189097	-0.0003729841273630279	-9.499475726459575e-05	-0.00039697693278327245	-0.00022040718444603846	4.159213805768111e-05
7.96	-1.9294312826238214e-06	-4.420342057747627e-06	0.003225184194462001	2.251183376947746e-06	-3.9962277291246516e-07	0.0027438931997760497	-0.0007100711894814373	-0.0003961163716317674	-0.00013118211887078749	-0.00042196125764317935	-0.00023361706594211219	-2.6901983326830073e-05
7.970000000000001	-9.11441148091411e-06	-8.390600736576457e-06	0.003224016992497866	-1.8799235862495996e-06	-2.7161871288041246e-06	0.0027431823264185396	-0.000714442117565122	-0.0004172242092370254	-8.600274617544628e-05	-0.0003908888154070725	-0.00021752661853032432	-0.00012756615578811759
7.98	-1.5893026296175027e-05	-1.2280714404122649e-05	0.003223508353761598	-5.683957296605637e-06	-4.731312577806873e-06	0.0027419594142362646	-0.0006201329838211749	-0.00036233291946808857	-6.492378353787113e-06	-0.0003609940818293865	-0.00017965351941010143	-9.521859674412579e-05
7.99	-2.1587787736498412e-05	-1.53773202002205e-05	0.0032237697244459334	-8.972285044702512e-06	-6.436057215842133e-06	0.002741132448131348	-0.0005193610004673334	-0.00028573991284613714	5.1941215528955295e-05	-0.0003105516235475289	-0.00014070688924371376	-3.182074228869458e-05
8.0	-2.6001867950061392e-05	-1.7564905437518215e-05	0.003224349573079839	-1.1708451171489697e-05	-7.802186943044147e-06	0.002741469059154077	-0.00037344268773716223	-0.00013291101982312848	6.453359783797329e-05	-0.00026454352230230715	-0.00011391568747852133	8.491677337040019e-05
8.01	-2.9061425383591993e-05	-1.85986090655571e-05	0.003224802926501657	-1.3910889699513602e-05	-8.516497365534757e-06	0.0027427292404875263	-0.00022653707875929665	-6.802945397832e-05	2.9778147652851912e-05	-0.00017602711711443172	-3.618346764235922e-05	0.00013394259189751216
8.02	-3.049901501616876e-05	-1.8763157937375607e-05	0.0032249063556903826	-1.4988144857811125e-05	-8.607161581570844e-06	0.0027441665051399313	-6.329167718883417e-05	1.9626370162319638e-05	8.814597349949743e-06	-6.008893464744127e-05	3.0887540235627755e-05	0.00013706181852181267
8.030000000000001	-3.0233626684810928e-05	-1.8410310686784088e-05	0.003225013273252432	-1.4944907145811371e-05	-8.122652510013037e-06	0.002745073939806038	0.00011285619474461383	8.586389882571309e-05	4.439548443440881e-06	4.904952510558525e-05	7.04941196220193e-05	1.1492438573589362e-05
8.040000000000001	-2.8322719467155036e-05	-1.7428892736152526e-05	0.0032251529955345695	-1.388343286861735e-05	-7.264142445250875e-06	0.0027444250402598675	0.0002556841935698685	0.000122384905586629	3.0297969208257333e-05	0.00016239934149942412	0.00010834940094754383	-0.00012201663858855677
8.05	-2.5131559366437454e-05	-1.5865588930980018e-05	0.00322547623859598	-1.1983972808636855e-05	-6.142682289821725e-06	0.0027428167945244422	0.0003943172337517482	0.00015633852817250373	3.973714106814951e-05	0.00022969761963757167	0.000135917700261673	-0.00017127463225893923
8.06	-2.054080341305227e-05	-1.4030015804118813e-05	0.0032254595782251778	-9.36518088857696e-06	-4.555448878390616e-06	0.0027413991451267906	0.0005091199371918742	0.00022738002314858248	-5.386589767070557e-05	0.0002786161651340344	0.0001707425915240957	-8.170134015604954e-05
8.07	-1.5188097419863867e-05	-1.151075247700492e-05	0.003224537908020118	-6.4998422929351164e-06	-2.7277011435350412e-06	0.002741184772849421	0.0005463446854578406	0.00025739917080375976	-0.00011847366023706995	0.0003029731014601368	0.00019912099591116447	6.209907944620159e-05
8.08	-9.663822067505704e-06	-8.964810013662696e-06	0.0032235498846018024	-3.193089567558231e-06	-8.302070651213253e-07	0.0027421032543652746	0.000567811329569368	0.00027178338230402963	-7.117828958917122e-05	0.0003682942518269246	0.00017993884285500984	9.337561734485288e-05
8.09	-4.124975470627768e-06	-6.48163368862154e-06	0.003223322658013588	2.4666140922267156e-07	7.910741594047283e-07	0.0027429777219676937	0.0005286231248888822	0.00022706439116508732	2.465482729512292e-05	0.0003198318419719335	0.00015220831193766076	7.524393239439052e-05
8.1	8.91663935465037e-07	-4.412652167368636e-06	0.003224141586587446	3.025355080252716e-06	2.1668109913392226e-06	0.002743524251614342	0.0004973219312614427	0.00019289096670521114	0.00012683428629617452	0.00025739712951728354	0.00012732801076608853	3.207024862519089e-05
8.110000000000001	5.783506900962948e-06	-2.49499082243697e-06	0.0032256496213905715	5.1173879746401326e-06	3.0992931246924284e-06	0.0027435249165256312	0.0004664789968951994	0.00018417646918335827	0.0001444998418792202	0.00018559229304194305	8.492889264265398e-05	-2.6138146764579578e-05
8.120000000000001	9.913251060616969e-06	-9.075770967000792e-07	0.003226587988534227	6.66570103805544e-06	3.711445024300901e-06	0.0027430394730502293	0.00037321320483535	0.0001521498742783985	3.517090749991408e-05	0.00013435710767230146	4.4642970062609074e-05	-6.540765791417157e-05
8.13	1.3285324673071604e-05	3.2710059509457266e-07	0.003226134768329857	7.459708406670294e-06	3.913885387747126e-06	0.0027425456168651756	0.00029219090841674754	0.00010624610649168271	-0.00010789412907338767	3.802923998370562e-05	2.6345744916429006e-05	-1.9803841556165632e-05
8.14	1.584588025261769e-05	1.023758560390225e-06	0.003224669642881331	7.593569513589082e-06	4.185797169536867e-06	0.002742343924601026	0.00019338964535154935	1.8582626292205772e-05	-0.0001563409569681855	-1.357013782043189e-05	1.4967648154015445e-05	-2.9575823996436e-05
8.15	1.7206522876889994e-05	8.043984494421065e-07	0.0032231844939522203	7.180041557177485e-06	4.013585209470801e-06	0.00274210358407108	7.550440297509099e-05	-3.663086525229584e-05	-9.146035470078958e-05	-4.832912461643312e-05	-6.532289124531444e-05	-4.033488077461177e-05
8.16	1.747109174843794e-05	3.3050749231830706e-07	0.003222910568627038	6.276383006188347e-06	3.158748219812654e-06	0.002741725739030249	-1.3569042770556216e-05	-5.3445971317586686e-05	7.16735417076513e-05	-0.00012090040328746944	-0.00011929641546049795	-5.4166676617067826e-06
8.17	1.7015354840706818e-05	-2.429137771597407e-07	0.0032241870246901873	5.089443441962245e-06	2.0094771308149065e-06	0.00274169265179395	-8.304791101214354e-05	-6.448312713040271e-05	0.00015496174097446365	-0.00013245132005537653	-0.0001248025402691941	1.3302722683083934e-05
8.18	1.5755122413579362e-05	-1.112880034462293e-06	0.0032258545181866973	3.7876055372062716e-06	6.930648308069319e-07	0.002742017949746948	-0.00017772658732424277	-8.551710165110043e-05	0.00014327762917618736	-0.000142493701894443	-0.00012379235535473583	6.434948981933656e-05
8.190000000000001	1.3762198914020205e-05	-1.7289705721792176e-06	0.0032266026566616104	2.4485773256995738e-06	-6.292831949892782e-07	0.0027427774029662876	-0.00022640881628552332	-5.47003964715152e-05	3.3915253957005263e-06	-0.00014545596608319484	-0.00012141160994307622	0.00011398798468332448
8.200000000000001	1.1620439785763215e-05	-2.2575624319982546e-06	0.0032259668970212427	1.003881668027742e-06	-1.639055910690856e-06	0.0027438665844143023	-0.00023060295365299628	-5.2735092800296984e-05	-0.00012111750333546849	-0.00012625907983294748	-8.882977306854855e-05	9.232037436404893e-05
8.21	9.337251594689968e-06	-2.5932316965188536e-06	0.0032246057252264277	-2.342707673321366e-08	-2.538940370439017e-06	0.0027444233351745415	-0.00019791228451371354	-4.2344360132786385e-05	-0.00011399249064018462	-5.411228007842891e-05	-9.136076284620597e-05	1.8700818255875258e-05
8.22	7.566191703480513e-06	-2.9224802273940642e-06	0.0032237721206354857	-5.513030937503507e-07	-3.589840172097591e-06	0.0027441040488344792	-0.00014770341645120165	-8.620394650155917e-06	-2.2094272657288036e-05	-5.877024894604113e-05	-0.00010137417672600958	-6.870530127811632e-05
8.23	6.143322534517901e-06	-2.8903431488550267e-06	0.0032242667462971898	-8.073974765403512e-07	-4.499881958566596e-06	0.00274307756117735	-0.0001271730031655082	-7.242657197054177e-06	0.00010469839211756846	-1.3910452848731062e-05	-6.522272851305635e-05	-0.00014504569955315488
8.24	4.8012903365352e-06	-2.7344126502912798e-06	0.003225308708103485	-7.116421421085266e-07	-4.700709340121399e-06	0.0027418745071315642	-0.00013612736664963006	5.5009242639711154e-05	0.0001117913647771435	3.339715531913249e-05	1.732235472124493e-05	-0.00010511617166385662
8.25	3.6201598580537323e-06	-1.929541157557928e-06	0.003225968027275426	-2.483388913620847e-07	-4.322457107777058e-06	0.002741554029616548	-9.512361680555205e-05	0.00011432510896835677	2.1560219104433744e-05	5.567530407755192e-05	5.506042632017613e-05	3.1018632229249564e-05
8.26	2.667161645612714e-06	-5.230585285927408e-07	0.0032254976182689785	5.451577673095141e-07	-3.6695347233621363e-06	0.0027423719489785984	-0.0001150160480569835	0.00017247776525547139	-8.768696235096866e-05	7.615272229156977e-05	8.634826144696474e-05	9.435624159044257e-05
8.27	1.4516222050514257e-06	1.1426743509800133e-06	0.003224415400807725	1.1005625788769155e-06	-2.5871619638494057e-06	0.0027430935236237167	-0.00013148509217602916	0.0001813300715893065	-0.00012228337506102872	4.0395759703671664e-05	0.00012268595722482743	5.8877703256031506e-05
8.280000000000001	1.7523548824070688e-07	2.6983335832853e-06	0.0032236093045347634	1.5313702551507122e-06	-1.528773439897432e-06	0.00274332012942023	-0.00012717198402700805	0.00012715836893675188	-1.799662592893097e-05	1.4120972154764923e-05	0.0001092095815088063	-8.961437070370236e-07
8.290000000000001	-1.208968284945606e-06	4.077670702133413e-06	0.0032241662555071854	1.5755300316798445e-06	-1.7208962124349082e-07	0.0027429080783253216	-0.00012115774103705689	0.00015950381576156268	8.605876343637511e-05	-2.953232827162583e-06	0.0001589602837511148	-6.778600796478593e-05
8.3	-2.4061922751582062e-06	5.475559353050122e-06	0.0032251569425747187	1.5172109682630508e-06	1.5100711879271844e-06	0.00274194432439559	-0.00012789595700852174	0.00011705174921098375	7.310806865271161e-05	-1.5060964472456633e-05	0.0001578538956901742	-0.00010762178471388443
8.31	-3.913538113485838e-06	6.537271816716863e-06	0.003225380758686377	1.399192100226339e-06	3.0671803302075227e-06	0.0027411831522768143	-0.00016935629619419331	9.074752686216864e-05	-6.337221717678872e-05	-3.79540858044515e-06	0.0001516724547302961	-1.3925573492886287e-05
8.32	-5.7934946323041895e-06	7.197654844588755e-06	0.0032245902029366794	1.1898976224480227e-06	4.330634493539833e-06	0.002741592361446019	-0.0002203723047062511	3.6179280716800445e-05	-9.640054786873086e-05	-2.1077742197134282e-05	0.00010209391408721373	0.00010870632761023446
8.33	-7.981908202304007e-06	7.017976693780575e-06	0.0032237150283941965	6.823577560377274e-07	4.963226959379213e-06	0.002742982010156081	-0.00021677097243840847	-6.0734736387748534e-05	-7.254854897532345e-05	-9.488830428667676e-05	1.3762143916908572e-05	0.00015667424481589722
8.34	-1.0198569466494993e-05	6.0602833935431984e-06	0.00322360079872018	-6.90574147641538e-08	5.004068062272459e-06	0.002743922377497869	-0.00020843663562171173	-0.00012837509627414633	5.2615181367976434e-05	-7.390246866658197e-05	-2.19106259957908e-06	3.4947252757275006e-05
8.35	-1.230638350080369e-05	4.5165075756864625e-06	0.003224702784788225	-9.729194655184896e-07	4.591195765389981e-06	0.002743947124401254	-0.00019231635835424636	-0.0001799263081359922	0.0001434134432221128	-0.00011976288867616522	-6.053486963063909e-05	-2.474667428248068e-05
8.360000000000001	-1.4341397614808241e-05	2.721680764058774e-06	0.003225936962765521	-2.2212485891250953e-06	3.7753526427681926e-06	0.002743415015522965	-0.00019424718620931675	-0.00017426289831340788	0.00010262865627352548	-0.0001154214822770678	-9.865848225440541e-05	-6.878354114661672e-05
8.370000000000001	-1.5857869534820202e-05	8.300495172656359e-07	0.003226555891568074	-3.2764429431006835e-06	2.493471960313164e-06	0.0027427795415446926	-0.00012310832220492908	-0.0002136935524752752	-3.310080547136e-06	-9.330073853458831e-05	-0.0001436772706411448	-3.1604309585723015e-05
8.38	-1.7198021682795818e-05	-1.3390229005308928e-06	0.0032257336490695903	-4.1707906280664415e-06	1.0335167993251867e-06	0.0027425343725898587	-0.0001235796891785607	-0.0002446028279499932	-0.0001625996901412267	-0.00010355253946157625	-0.00015606372678764058	-1.0045171500105373e-05
8.39	-1.8137901260964438e-05	-3.872314803319273e-06	0.0032238032310527047	-5.216890667932342e-06	-5.764520952835982e-07	0.0027427333694639744	-5.170775423492026e-05	-0.00026017450843625464	-0.00019580600638423505	-8.869267052955116e-05	-0.0001749356202097954	2.5495057405508555e-05
8.4	-1.8320501005330125e-05	-6.227997092675652e-06	0.003222635026940785	-6.120115516998597e-06	-2.4310410874249333e-06	0.0027428184615825215	1.9786140167085485e-05	-0.00021099654251801282	-3.434960678612943e-05	-5.098880350720097e-05	-0.00020987116018697123	-2.1403735956830703e-05
8.41	-1.807990566300665e-05	-8.347723029847143e-06	0.0032233077245632604	-6.584539246535836e-06	-4.550602745150241e-06	0.0027424957549086896	3.7626417263621396e-05	-0.0001963968426400561	0.00016210999755597653	-3.770340985394041e-05	-0.00019031826187248773	-5.173429590418252e-05
8.42	-1.73216520157474e-05	-1.0035803256204058e-05	0.003225342489137398	-7.0010128052189726e-06	-6.372113344183696e-06	0.002742102696184969	0.00010094190560070924	-0.00011544435020905907	0.00020217911721965548	-4.204390662067433e-05	-0.00016761980470340033	-6.228117702139774e-06
8.43	-1.6018672651601504e-05	-1.103857632602859e-05	0.0032266417642752873	-7.217565431681803e-06	-7.615464241884897e-06	0.0027424775579351413	0.00016529712945907338	-4.868294765010636e-05	4.9781767882866955e-05	-8.228109483376832e-06	-7.60825769272285e-05	8.275378801634544e-05
8.440000000000001	-1.3886422220238707e-05	-1.1148627627345604e-05	0.003226512559870654	-7.180774438325323e-06	-7.801333554682727e-06	0.0027437823751222208	0.0002621976429505532	1.5486228878027578e-05	-5.289763055555237e-05	1.610381636864258e-05	3.834576344579929e-05	0.0001371925879161562
8.450000000000001	-1.0922470389635229e-05	-1.076179384072707e-05	0.0032255755838227046	-6.725188274468368e-06	-6.982296956282394e-06	0.0027445652689325256	0.0003358485573587795	7.42622381075623e-05	-0.00012104844900092167	6.499696156774733e-05	0.00011090118066735914	5.780589999097962e-05
8.46	-7.399715586510482e-06	-9.462705188022336e-06	0.0032244820946735102	-5.803140374981899e-06	-5.638614366780096e-06	0.0027444401682496576	0.00038242067114733114	0.00017103213703720585	-7.72512182770947e-05	0.00011954157012533515	0.00015871932333006006	-7.917060703367325e-05
8.47	-3.2689781083143824e-06	-7.92044481264394e-06	0.003224018270475339	-4.271956165271653e-06	-3.7693745439266913e-06	0.0027431882170176536	0.000433880744289746	0.000165758248594792	-2.4479411687482262e-05	0.0001911249728081813	0.00020211603273960824	-0.00015730246709008903
8.48	1.095532673130292e-06	-6.2964003349785815e-06	0.0032241609255166935	-2.2413724861095415e-06	-1.7372174198755393e-06	0.002741764101793085	0.000439263025752496	0.00016030255703061095	3.458973642040206e-05	0.00020696297713720626	0.00020511377456811585	-0.00013189288744479998
8.49	5.2709560918052404e-06	-4.774948892705909e-06	0.003224559989126484	2.697303396605934e-09	3.2100901963342127e-07	0.0027408134879653412	0.00042325057879470386	0.00013904113624019923	5.4448749463818335e-05	0.00024460921018989366	0.00021062484487881713	-2.743850301875685e-05
8.5	9.32501970139439e-06	-3.541328885018289e-06	0.0032249763064071393	2.2358239712848424e-06	2.0837861575873178e-06	0.002741239439142453	0.0003860092764801773	0.00011376598809486173	2.7721127052371437e-06	0.0002157967053083622	0.00016909748448897373	0.00011578877923526253
8.51	1.2992233368108672e-05	-2.514759633396115e-06	0.0032247818365588503	4.114930512399689e-06	3.4664837547747437e-06	0.0027427074148681564	0.0003301288743084899	9.086017985196095e-05	-2.320265193156442e-05	0.00016207446550463701	9.093122160981625e-05	0.0001672559502954921
8.52	1.5950262367652037e-05	-2.122863710018913e-06	0.003224602494912066	5.785473351539665e-06	4.027054037408572e-06	0.0027442995949668375	0.00024703691986768475	2.5842928594878275e-05	5.977474383159852e-06	0.00014589503842280825	3.102448610197796e-05	0.00011217593968350813
8.530000000000001	1.806478958781447e-05	-2.2156795513931925e-06	0.0032250351814334145	7.154035360745853e-06	4.049111999524353e-06	0.0027447984977043752	0.0001595252403764988	-3.0041100024006932e-05	8.328017616523698e-05	0.00012542874449892761	-1.1539596644987425e-05	-2.3183363326237885e-05
8.540000000000001	1.8964005453861145e-05	-2.677739338018705e-06	0.003225888871073408	8.099893440868028e-06	3.6422172196419416e-06	0.002744344943219859	3.479071265829276e-05	-7.107487876324642e-05	7.420552562181623e-05	3.926213347430556e-05	-7.873281041294407e-05	-6.182187490356547e-05
8.55	1.877495641170347e-05	-3.724895555375655e-06	0.00322617624008446	8.354376205762284e-06	2.8115195319501854e-06	0.002743609535298622	-7.576163500602377e-05	-0.00012116012241512557	-5.462502125610636e-06	2.02399819162018e-05	-9.145729920722326e-05	-6.990997647444011e-05
8.56	1.7548249828958755e-05	-4.990639348539936e-06	0.003225682816724232	8.46086953772758e-06	1.8652433870780108e-06	0.002742742558766638	-0.00017232518952186893	-0.00013033711998903385	-0.00010317797436991413	-4.74580310455497e-06	-0.00010205591688982047	-8.27813203885631e-05
8.57	1.555543627788679e-05	-6.507553521996409e-06	0.003224736912277617	7.99256225060163e-06	4.647997379992061e-07	0.002742134798187958	-0.00025596997494003456	-0.00015397604256127078	-9.560468837557972e-05	-7.35774676947143e-05	-0.00015722664574515933	-4.799541276666044e-05
8.58	1.2560107127267411e-05	-7.7096538419785e-06	0.0032237185612209044	6.921305733884122e-06	-9.963615793187209e-07	0.0027418699508212053	-0.0003461910507647432	-0.00010323609337001533	-7.819803813290046e-05	-0.00014924387289012712	-0.0001193003245555895	-7.809653083038793e-06
8.59	8.709443917786417e-06	-8.384008609968178e-06	0.003223448513489688	5.09038880909024e-06	-2.2720902810038413e-06	0.0027420962794950793	-0.0004301636725870865	-5.071317893550853e-05	3.0604611263268755e-05	-0.0002076507211402959	-0.00010692821683755983	4.7761949619433705e-05
8.6	4.204922135574177e-06	-8.56264459998439e-06	0.003224528191442055	3.0635783214643e-06	-3.103491307062314e-06	0.002742717647898092	-0.00046191012747140203	5.490619133902848e-06	0.0001490703657958468	-0.00020108215903115594	-6.673831630220307e-05	7.198659395230547e-05
8.610000000000001	-4.083928423499801e-07	-8.104927543065545e-06	0.003225892965271522	1.3571038792997852e-06	-3.7762416796579223e-06	0.00274367017917522	-0.00044381710682025967	7.91604324879035e-05	0.00010251365543327586	-0.0001774239902610946	-7.380697398546218e-05	0.00010120151431374538
8.620000000000001	-4.850810353862608e-06	-6.9302115499371365e-06	0.003226631514986486	-5.078289827865038e-07	-4.3504595972380315e-06	0.0027444070156280977	-0.00043138579545184415	0.00016124996161549988	5.7593724833186306e-05	-0.00018308681275297267	-5.5115668760621306e-05	3.02600853231192e-05
8.63	-8.826390926246532e-06	-5.16315760878299e-06	0.0032265229967391217	-2.1368098996254166e-06	-4.653005913380841e-06	0.0027442998870021904	-0.0003788369446725195	0.0001952646670952767	-6.956172419321777e-05	-0.0001432481535363476	-1.4737921350354383e-05	-5.419067447077881e-05
8.64	-1.229581929100467e-05	-2.8248114436997777e-06	0.003225322340846047	-3.439405339983898e-06	-4.586247570977106e-06	0.002743744512312213	-0.0003014546751921783	0.0002753988586534096	-0.00016119880578728947	-0.00012689233037387973	2.9823318797458425e-05	-6.816702637703074e-05
8.65	-1.4952570856577067e-05	-2.53755102925345e-08	0.0032238937808515074	-4.610766867106937e-06	-4.13562810767091e-06	0.0027427349106998945	-0.00021944531903700647	0.0002704954002399493	-0.00011401195439886548	-8.964100354724916e-05	5.28362202791166e-05	-0.0001383479970536489
8.66	-1.664273250703639e-05	2.8702695324912726e-06	0.003223161883803971	-5.436792628668201e-06	-3.390997325103772e-06	0.0027416498439653647	-0.00012154924571171946	0.0003143361041240871	-7.720977022680876e-06	-8.719693192623523e-05	0.00010439762924950542	-6.282452223949196e-05
8.67	-1.7501557741842546e-05	6.2886859673053e-06	0.0032236985413165017	-6.433831268630923e-06	-2.0121626655371e-06	0.0027415377800251097	-8.756723476728402e-05	0.00034028063907772963	9.99675666287958e-05	-9.723223101222201e-05	0.00016832566641050307	5.3038771455604465e-05
8.68	-1.8091238397406715e-05	9.760719206483702e-06	0.003224953415975581	-7.283488549973944e-06	-9.921582875762521e-08	0.0027422346540110164	-2.049864718209812e-05	0.0003778163078340886	0.00013830808508689038	-7.786501998182963e-05	0.0001967589681403803	8.007387972949519e-05
8.690000000000001	-1.796767799594358e-05	1.325905269700195e-05	0.003226126914476796	-8.030342573060798e-06	1.862616848124759e-06	0.0027434733279958095	5.416807937156747e-05	0.0003339259945125381	7.02863197476842e-05	-2.8866688699612497e-05	0.00018744296747155874	0.0001374866254570275
8.700000000000001	-1.701954765433406e-05	1.6319111909544593e-05	0.0032264630189761823	-8.082910571845427e-06	3.775751382330119e-06	0.00274469276096708	0.00010189954579858826	0.00027318939620642554	1.3453252399506736e-05	1.688256851155501e-05	0.0001866221630448178	8.295079528012185e-05
8.71	-1.563721749844494e-05	1.88798365825344e-05	0.0032263219958287913	-7.732571367791096e-06	5.3638884859675395e-06	0.0027448071739478606	0.0001864958918231002	0.00022230585840276614	-3.4183788495638744e-05	4.761945642000736e-05	0.00014235026028357948	-6.929596467090699e-05
8.72	-1.3297184510069053e-05	2.0854956662479273e-05	0.0032257683080184466	-6.780849524187132e-06	6.805467552511658e-06	0.0027435700721381543	0.0002747064884429314	0.00017042170039310934	-7.399271945809685e-05	0.00013571334207208518	0.00014340584229551845	-0.0001528192598385632
8.73	-1.0431757822608549e-05	2.2191389655778985e-05	0.003224670929663286	-5.399491446436683e-06	8.00088235415883e-06	0.0027421437964057715	0.0003262297475760781	0.00010024749452783405	-0.00012144409591740217	0.00013998677606153465	8.194398192259851e-05	-0.0001301572827938018
8.74	-6.848461789922056e-06	2.2928084390911385e-05	0.0032234484600892296	-3.756941380280199e-06	8.764199732927718e-06	0.002741248450573778	0.00039253540119759745	4.446839374438065e-05	-9.636843096352529e-05	0.00019415556659966644	6.251344095139087e-05	-2.410215821598066e-05
8.75	-2.7595148249476003e-06	2.2625451956525188e-05	0.0032230534866187067	-1.6987344848219039e-06	9.25139599674187e-06	0.00274139518780025	0.0004182851841232928	-0.0001001823471586312	5.264913891229044e-05	0.00019638209644687527	4.207732092472659e-05	3.1490766281686174e-05
8.76	1.4099925068233065e-06	2.1214689455764545e-05	0.003224046812336916	1.9450167758113482e-07	9.306226632191551e-06	0.002742028796859043	0.0004014432139507906	-0.00018959632204288297	0.00012747344573210668	0.0001882265640739071	-3.068814946569052e-05	0.0001063374214602048
8.77	5.263189100080481e-06	1.8878329242362877e-05	0.0032253469279892896	1.849615471180445e-06	8.781126060543853e-06	0.002743286204546808	0.00036254915615008867	-0.00029321657478459834	0.00010946409821164542	0.00016487693100332334	-9.206728174324787e-05	0.00014497839014419254
8.780000000000001	8.593260668268731e-06	1.5193336002458656e-05	0.0032259873236472614	3.348108225967994e-06	7.862033812634969e-06	0.0027445326319550057	0.00029642553205463473	-0.0004152596728855154	2.0670939147705848e-05	0.00013685210767831624	-9.702790767869438e-05	7.675322768328526e-05
8.790000000000001	1.1491203773336205e-05	1.0713673898846252e-05	0.003225834954944176	4.534756580650583e-06	6.437854054848361e-06	0.002744743608074588	0.0002678051616273896	-0.00046916996077655165	-3.467074870465656e-05	9.205108068776223e-05	-0.00017289496023239158	-2.7218724941151633e-05
8.8	1.3828121732060098e-05	5.862927565537731e-06	0.003225449248523246	5.595791317915855e-06	4.540384925074322e-06	0.002743957703617648	0.00019064369991686177	-0.000491768187094831	-5.074264404081414e-05	0.0001097786462391793	-0.00019401382454754611	-0.00012265434216378673
8.81	1.570207136509537e-05	8.294032232303114e-07	0.0032247123161730823	6.7576246255558435e-06	2.4037280686358894e-06	0.002742503092231877	0.0001539559973179146	-0.0005135794816427798	-9.66774730800685e-05	0.0001029436158954117	-0.00021595838742383637	-0.00014581471737285258
8.82	1.659722182879358e-05	-4.108299192527821e-06	0.0032239327223856314	7.674650666161751e-06	4.010899236069123e-08	0.0027414321985155224	2.6292697838497994e-05	-0.0004729389361033682	-5.207468609535469e-05	6.435664179252142e-05	-0.00024353723036964312	-4.4587981805369736e-05
8.83	1.643865740377807e-05	-8.792253983156021e-06	0.003223641826682737	7.839733321763936e-06	-2.2255193319843205e-06	0.0027413982816027567	-6.387742353646019e-05	-0.00044228289363547	1.3278311860344798e-05	-2.589574945824362e-06	-0.00020461054027465938	1.757778385696295e-05
8.84	1.5471940091217767e-05	-1.3063864000968027e-05	0.0032240643163582235	7.547458253472089e-06	-4.076929078706182e-06	0.00274200029198744	-0.00014860379373043357	-0.00042031550309653794	7.1370518264218e-05	-4.157434944175625e-05	-0.0001340307049238668	0.0001091115161354187
8.85	1.3718209822465373e-05	-1.7149402487665583e-05	0.003225001122565122	6.782683967101475e-06	-5.324526000520282e-06	0.0027433309858782623	-0.00022066029231260822	-0.00036646941856132483	9.75177980121056e-05	-0.00011008986633422511	-0.00011689562436679183	0.000135848391817864
8.860000000000001	1.1167902017444236e-05	-2.0330232794596937e-05	0.0032258142082707713	5.486203032470962e-06	-6.574714701757981e-06	0.002744344131576693	-0.000281973545726413	-0.00028258983508687793	5.79653864177438e-05	-0.0001551474288002468	-0.00012287524781395893	6.537490368725499e-05
8.870000000000001	8.332744577371561e-06	-2.247382783343008e-05	0.0032258754375399695	3.6799136431933693e-06	-7.577997872950869e-06	0.0027444066902649997	-0.0003013052681831273	-0.0001583380478603972	-3.369809182597403e-05	-0.0001951629206409885	-7.705464743243458e-05	-2.371930057317214e-05
8.88	5.0889212005693225e-06	-2.3674660496611327e-05	0.0032252427896778983	1.9947750052246444e-06	-8.45988352494441e-06	0.0027437242555037157	-0.00033363985069669315	-9.022627288382331e-05	-0.00011279389412883517	-0.00013329832746667865	-6.35629407124526e-05	-0.00011788573609396318
8.89	1.7963670356770049e-06	-2.3910042011214623e-05	0.003224229090820695	6.353131566494697e-07	-8.806962532993115e-06	0.0027424372034363523	-0.00031524595480247983	3.597222602492754e-05	-6.615023112886408e-05	-0.00014008673727392872	-1.4007775485143835e-06	-0.00012727666632726388
8.9	-1.432361458867841e-06	-2.3088588154148997e-05	0.00322359092512781	-5.978590944708382e-07	-8.470315773907514e-06	0.002741248927693744	-0.00032651164246533026	0.00012289399868269733	-4.522470791277102e-05	-0.0001152818153462032	5.772006068389917e-05	-9.444786480420118e-05
8.91	-4.747074711526894e-06	-2.1209183571730848e-05	0.00322365784019419	-1.7319339870221351e-06	-8.061954609523778e-06	0.0027409041905941288	-0.0003268094236184183	0.00022915567846006556	9.031011979162459e-05	-9.590794234005016e-05	3.946983013217986e-05	8.698635585618555e-06
8.92	-7.896953532762716e-06	-1.8500036168495352e-05	0.0032248048549247737	-2.5935548287900925e-06	-7.641877407730323e-06	0.0027418064506058858	-0.000288482546819297	0.00030806666981324476	9.178961048408399e-05	-8.029499045267262e-05	6.836065747806409e-05	0.00014351995661040002
8.93	-1.0647293597927022e-05	-1.5248781190255692e-05	0.0032255988814276584	-3.280262167011092e-06	-6.827725699704589e-06	0.0027432997677090984	-0.00025630964838998914	0.00036218965961528694	3.3721977090253926e-05	-7.078032181746415e-05	6.73498011371046e-05	0.00014345935011370108
8.940000000000001	-1.2879658403356315e-05	-1.1112943850867551e-05	0.0032255622945168688	-4.033548305093025e-06	-5.8563822286545285e-06	0.002744392549959489	-0.00022006880273454146	0.0004451506537559762	-3.0328563970036123e-05	-6.210000924287053e-05	0.00012076953699025526	7.589799469183161e-05
8.950000000000001	-1.4680281574542184e-05	-6.348025918640251e-06	0.0032251161082587545	-4.591594069426792e-06	-4.696014526890577e-06	0.002744684399203154	-0.0001530434765461734	0.0004789312166264312	-2.1517799656187147e-05	-2.2556417973773006e-05	0.00011939322945008869	-2.376344903800839e-05
8.96	-1.584772498794383e-05	-1.4466412390999933e-06	0.0032248942726135943	-4.769866566982161e-06	-3.291598015201278e-06	0.0027440927826674066	-5.699982912769226e-05	0.0004930711991534948	-3.060213825052343e-05	-2.1725580517694916e-05	0.00017246142360311548	-7.29555397506738e-05
8.97	-1.6398463190784062e-05	3.3466802493580263e-06	0.0032246006463567383	-4.9026429870063905e-06	-1.6414834485728117e-06	0.0027428212686637535	-4.9883821865454825e-05	0.00047865245541354784	-2.7431078945719667e-05	5.372304953601051e-07	0.00019209089574286021	-0.00016836435882266264
8.98	-1.6633858890508135e-05	8.115324571076277e-06	0.003224333892915485	-4.944332285539938e-06	4.6556525512269203e-07	0.002741249357264186	-3.146584299431279e-05	0.0004625966165753042	-1.8530391013763147e-05	-4.206817576991566e-06	0.00023745013727990213	-0.00012206513225838264
8.99	-1.6619497425606864e-05	1.250268034271974e-05	0.003223964330928857	-4.93016194218348e-06	3.081310762093878e-06	0.002740797012500221	3.913345614005084e-05	0.00041238565019292487	-4.236584114620551e-05	2.0658936726920072e-05	0.00028416554168707146	4.323222249570898e-05
9.0	-1.583627122913727e-05	1.622861637959283e-05	0.003223688524627822	-4.621831969615543e-06	5.7634299470721105e-06	0.00274194252449415	0.00011597241267137658	0.00033408239353590593	-1.1438569341034678e-05	3.0748180032939915e-05	0.0002440432607277293	0.00016803966053246155
9.01	-1.4409407264087404e-05	1.9127419481359386e-05	0.0032240112614946212	-4.303323921960862e-06	7.840491089618875e-06	0.00274359760120844	0.00018897965773513478	0.00024543725242627486	8.230865843008145e-05	3.4504628036079956e-05	0.0001933510485636775	0.00015153564731714293
9.02	-1.2239140318978038e-05	2.1161065985015577e-05	0.003225131385558063	-3.867641032899219e-06	9.35321294224934e-06	0.0027449664293567305	0.00023243781524264991	0.00017674500388316662	0.00011642665618403109	4.8162252240956994e-05	0.00011791436020875586	0.00011309247897183535
9.030000000000001	-9.733529903642121e-06	2.2291522281357337e-05	0.0032260346849729703	-3.093337998822807e-06	1.0165960701201849e-05	0.0027454980333489224	0.00026357242561940707	3.926009748464941e-05	6.36238819221318e-05	9.364664335461266e-05	6.768329703740061e-05	3.3169359243696463e-06
9.040000000000001	-6.974680718353378e-06	2.2197606172724216e-05	0.003226318280847784	-1.8568424160698856e-06	1.0648268809711016e-05	0.0027446588832988734	0.0002701467586968897	-7.407573683131307e-05	-2.4717091376857047e-05	0.00013518517398519963	3.699069489808083e-05	-0.00016169630441350923
9.05	-3.914679281928149e-06	2.094060896996632e-05	0.0032255006325380814	-3.0093326377224604e-07	1.091826705648316e-05	0.0027424920640869953	0.00030181532333526236	-0.00020892786548971055	-0.00011997909652148892	0.000140719527348402	-2.7365106754496697e-06	-0.0002418684482145814
9.06	-1.0962706876759343e-06	1.8299575697510018e-05	0.0032243050847412403	1.0209281907226426e-06	1.0453911680645156e-05	0.002740319448462221	0.00026353048078790644	-0.0002964661586240625	-0.00011431781796031719	0.00014659943889637524	-7.617617037619827e-05	-0.00016033627983015505
9.07	1.2856828646435023e-06	1.452722575964557e-05	0.0032232037598573958	2.4768741721599366e-06	9.21515929395397e-06	0.0027398714287872545	0.0002167153116913133	-0.00045048077112576937	-7.924155779461168e-05	0.00012015586350808779	-0.00016743820964196262	4.924385493549493e-05
9.08	3.1934093580575958e-06	9.673502604663984e-06	0.003222848786071087	3.5750419927462038e-06	7.248612008675017e-06	0.0027412134402399653	0.00016788356228277228	-0.0005363040035613179	2.49468826966643e-05	8.266468420974346e-05	-0.00022419832602950488	0.0001837636035179807
9.09	4.691872812329013e-06	3.897138495304909e-06	0.003224000269959658	4.065210685741649e-06	4.8030191978315065e-06	0.002743303761140419	0.00014146513677800845	-0.0006057369212276657	0.0002015516046074284	3.66335421994476e-05	-0.00025647580831720623	0.0001957484358576181
9.1	5.714765156901673e-06	-2.0897962285068837e-06	0.00322620689159571	4.39501101444638e-06	2.045829905332393e-06	0.002744657199673751	8.104109028425806e-05	-0.0006045108940856576	0.00018599159626468613	3.9006310278555425e-05	-0.00029193924561261847	8.664152673272872e-05
9.110000000000001	6.389242457729971e-06	-7.97864014119147e-06	0.003227444488780492	4.41632181143832e-06	-8.705760038715518e-07	0.0027450969419322477	4.885403715584034e-05	-0.0005833820865686641	3.916020972178471e-05	6.297594326339989e-06	-0.000306989642285756	-3.623307623929573e-05
9.120000000000001	6.623658238796215e-06	-1.3555826237086822e-05	0.0032272304867904055	4.214250846690675e-06	-3.966734669444604e-06	0.002744303055425292	-1.733070704002392e-05	-0.0005034418536121737	-9.675212042379695e-05	-3.765304983835041e-05	-0.0003049025816566082	-0.00013249020752897193
9.13	6.162635132123976e-06	-1.8310362584089142e-05	0.003225575975624909	3.470856261557691e-06	-6.942039658089015e-06	0.002742579743806739	-6.522530915430739e-05	-0.00043568301901775316	-0.00023177055783140624	-9.608378189360768e-05	-0.00026842264114079387	-0.00018052898617395443
9.14	5.280408204131249e-06	-2.2068750055106728e-05	0.003223217780705683	2.354311001743384e-06	-9.440393412263571e-06	0.0027411437051249057	-0.00011336135575529522	-0.0002884928326529725	-0.00020829950365944418	-0.00011387163690256605	-0.0001891815704046099	-0.00011305792450163459
9.15	4.031596794131289e-06	-2.440123461764422e-05	0.0032217115096028395	1.3559566158114803e-06	-1.1299835873157836e-05	0.0027404579893606537	-0.00014005499861657346	-0.0001863230650279446	-5.476626179192832e-05	-0.00011046387771084601	-0.00017451395838470862	-1.9565192982978163e-05
9.16	2.5360733407881697e-06	-2.5370957950223492e-05	0.0032222277213291074	1.9336733493419188e-07	-1.2471352244647111e-05	0.0027410578201090326	-0.00018416946150393653	-4.105176173635298e-05	0.00014843513593444665	-7.934937756468782e-05	-6.43876544788051e-05	0.00011529757006717241
9.17	7.175934924754373e-07	-2.494977358194492e-05	0.0032246682614841932	-7.150854586433335e-07	-1.303881828958207e-05	0.0027424864138271944	-0.00015470205246693945	0.0001124844440574655	0.0002869792170364503	-0.00011399447891247632	-5.064154458280609e-05	0.0001526691460712631
9.18	-8.706878941721548e-07	-2.2892036319039407e-05	0.003227309226988801	-1.6909920017013442e-06	-1.3265422814842528e-05	0.0027440879990638213	-0.00016123624546890756	0.00029405522369424633	0.00020377866845288492	-9.734795894856765e-05	-5.863000776415266e-06	0.00016057770917358776
9.190000000000001	-2.1701408252850774e-06	-1.9040123120569486e-05	0.0032281880921062648	-2.7939741396967966e-06	-1.2589574344701136e-05	0.0027451431116417894	-8.725449958112286e-05	0.0004417899988319625	-3.28875138529006e-05	-0.00011363636109515045	0.00013058733568128896	6.340773248421773e-05
9.200000000000001	-2.8583566217449495e-06	-1.4003859343312214e-05	0.003226886721128077	-3.768516750188084e-06	-1.0626263486507648e-05	0.0027449187599072602	-6.53769441541547e-05	0.0005692421289693209	-0.00020628460236152656	-6.14608077264122e-05	0.00025368341865968016	-0.0001020190800522712
9.21	-3.331447542436837e-06	-7.833836758474056e-06	0.0032244411227545407	-4.056142874733855e-06	-7.550868925093202e-06	0.0027431775318627143	-1.6557054730782427e-05	0.0006347038687536849	-0.00023542984515414656	-2.8636761701034684e-06	0.00034081787706096095	-0.00024911980024600196
9.22	-3.086003171599561e-06	-1.1747559011029445e-06	0.003222405532818289	-3.983372483345917e-06	-3.9226985900299036e-06	0.0027408094231535177	6.716004394416698e-05	0.0006859884874276298	-0.00014762531932133906	3.840992776421862e-05	0.00037452331577596536	-0.0002240833627378942
9.23	-2.1021202811987215e-06	5.625046558166507e-06	0.0032218549476992165	-3.6619251105675505e-06	8.627303610654685e-08	0.0027391495377111115	0.00010945435833511634	0.000690886577155638	3.936247705053327e-05	6.0372926366353944e-05	0.0003921947715415849	-8.92285288432229e-05
9.24	-1.0279964151508688e-06	1.2234961667595139e-05	0.0032228982306400557	-2.8581797162839044e-06	3.902875475136441e-06	0.0027391508481003036	0.00010261420359013923	0.0006117047970987383	0.00015141618682602972	0.00011216442892661559	0.00038138836663035013	9.52600123091393e-05
9.25	-1.1030473222937303e-07	1.777013906353538e-05	0.0032245369807470535	-1.6602433160091435e-06	7.490578797659513e-06	0.002741170091009083	7.204457217758494e-05	0.0005152275308594843	0.00015697255808379496	0.0001392149323366056	0.0003363704525552222	0.0002704769684361129
9.26	7.189641479954364e-07	2.237220445183077e-05	0.003225975171902713	-2.1209642368434812e-09	1.0481886381249643e-05	0.0027441300077703282	9.85685175884803e-05	0.0003936217519057652	0.00011643261238714808	0.0001911884176817482	0.00026449460762891294	0.00028678959200258267
9.27	1.7057983886225905e-06	2.5563928959447244e-05	0.003226713286907184	1.7531782300259834e-06	1.2649317162907993e-05	0.0027463023289835205	0.00010783123231510603	0.00023411043058532574	1.705335013552525e-05	0.00011652557527681254	0.00017436012497350854	0.00011229955823528568
9.280000000000001	2.4766184245658443e-06	2.7080532864697152e-05	0.0032265958894039867	2.7593060574830835e-06	1.3928585845098918e-05	0.002746259587795729	5.06867808658602e-05	6.601251128471779e-05	-6.308283144221777e-05	7.398957882435865e-05	9.350921518059988e-05	-0.00012765832143757835
9.290000000000001	2.608350354952784e-06	2.671516437419984e-05	0.003225674398338201	3.4431428621074203e-06	1.4605841929481739e-05	0.002744245532820165	-3.84903602121791e-06	-0.00012315265047480424	-0.00013243219256793925	6.226041201487884e-05	1.5429395105697025e-05	-0.0002424114987812924
9.3	2.3473618138864336e-06	2.46607404034665e-05	0.003224355721342518	3.70716560280892e-06	1.4081840233216074e-05	0.0027415666215791718	-2.9016359155198232e-05	-0.0002895144276432113	-0.00013711806893805254	-1.4498096605746186e-05	-0.00011902234944111287	-0.00025148818706033
9.31	1.866058081101962e-06	2.0682821962349404e-05	0.003223262331255577	3.4251867897520938e-06	1.2426477879217393e-05	0.0027396464962378864	-4.21153971142563e-05	-0.0004934813324052548	-9.440031613211544e-05	-3.675300790527889e-05	-0.000200028018220231	-9.763436285196677e-05
9.32	1.4716689093269712e-06	1.5309643221925733e-05	0.003222668030123545	2.996805817888809e-06	1.007684689196759e-05	0.0027395963151392597	-6.29426613062832e-05	-0.0005954497380860532	-1.4508512394041175e-05	-5.302885013165939e-05	-0.00028235352987560465	8.433664002165541e-05
9.33	5.636566042548657e-07	8.863746250898993e-06	0.003223193591028255	2.3420890133988837e-06	6.558322728751786e-06	0.0027411729277688145	-9.672451924225869e-05	-0.0006785897489761924	0.00010291850672003882	-6.018829716256217e-05	-0.00040250585729291363	0.00019775777117616984
9.34	-5.790368223690549e-07	1.7732868555056254e-06	0.0032244730785034753	1.6820577080416847e-06	2.459086593698339e-06	0.002742921048217055	-0.00013741497421555554	-0.0007124029529526324	0.00015496818647065991	-7.154225167214485e-05	-0.00040951941281994875	0.0001307018174075376
9.35	-2.0113840829233104e-06	-5.274811827088361e-06	0.003226155656821825	9.576622392719976e-07	-1.7882704155087983e-06	0.002744232572287982	-0.0001534897255818363	-0.0007055172521015213	0.00016261917561833554	-9.674546418508418e-05	-0.00042435427545174875	0.00011431195067618161
9.360000000000001	-3.454004192953323e-06	-1.173601382468874e-05	0.0032271375650248847	-1.5452803239623317e-07	-5.822862767010177e-06	0.002745057656912005	-0.00013110095082844204	-0.0005907047504345608	4.162587382134303e-05	-0.00012962743485319124	-0.000372105493847052	1.3374331851232626e-05
9.370000000000001	-4.63161983210988e-06	-1.6783687722665316e-05	0.00322690994109263	-1.1921975561292939e-06	-9.305828436311116e-06	0.002744746341248316	-9.244678479367291e-05	-0.0004245689419088533	-8.423068484192736e-05	-9.30053564002348e-05	-0.0003178976463328308	-6.527604776415558e-05
9.38	-5.593939047963048e-06	-2.033186889595615e-05	0.0032254775422802862	-2.168732685121874e-06	-1.1903677194787738e-05	0.002743650936388681	-9.565904382788731e-05	-0.0002720632684782935	-0.00017074879937549353	-8.006740825484472e-05	-0.00020623220275362215	-0.00012015790009027997
9.39	-6.32068285020277e-06	-2.2441826719667256e-05	0.0032238590706544826	-3.010239503411028e-06	-1.3490942108639021e-05	0.0027423670949056622	-6.433033496292978e-05	-0.00011253878865359085	-0.00013717335082691256	-0.00010608934407050407	-0.00011505742201550721	-0.00012312367454929857
9.4	-6.330574460880973e-06	-2.270466673329281e-05	0.003223109046059951	-4.052982918398731e-06	-1.409620551552453e-05	0.0027413843755259245	3.602503584562914e-05	4.211597141646618e-05	1.10723499289376e-05	-0.00010508966886734226	-1.3528896619011191e-05	-6.085208514441536e-05
9.41	-5.727459468385683e-06	-2.1459690969432904e-05	0.0032237583133239117	-4.8340620839365624e-06	-1.3815986662728029e-05	0.0027412484565319563	8.783638060931825e-05	0.00019119139307524055	8.358322712013394e-05	-5.0682052995624924e-05	6.181069209223149e-05	2.4526858440037654e-05
9.42	-4.598689026925097e-06	-1.9065851052759076e-05	0.0032246066545728175	-4.870624301033667e-06	-1.2639152608303614e-05	0.0027419907202812697	0.00013974260264124574	0.0003128969128473698	9.552919320755629e-05	3.262705676930534e-05	0.00017988917308313238	0.00012625028644158676
9.43	-3.205374137905604e-06	-1.5558055493167884e-05	0.003225373589284266	-4.428302441666271e-06	-1.0346723344946838e-05	0.002743244425389605	0.00013761302837506426	0.00039557163168349213	6.339209343770297e-05	5.871938943921764e-05	0.0002772250998603223	0.00013430039867006914
9.440000000000001	-1.6094281914072468e-06	-1.1351707753453677e-05	0.0032258287294188756	-3.801113518950791e-06	-7.1803096868527795e-06	0.00274448920365409	0.0001893529758294158	0.00042693379786356835	2.7792258477188384e-05	5.9053588957701644e-05	0.00035708754721101176	8.605171757882207e-05
9.450000000000001	1.8917062457407084e-07	-6.8800221940902565e-06	0.003225814043103972	-2.8681637080198354e-06	-3.3520849408886554e-06	0.002744879262913261	0.00018847681153878057	0.0004578705481624312	-1.0814464455210762e-05	0.00012286633640983007	0.00039858491488170534	-3.9962064062901584e-05
9.46	2.1137840465380327e-06	-2.543814152690494e-06	0.003225357791880788	-1.663932729388387e-06	5.992753163624896e-07	0.0027438035812200477	0.00020458705091459152	0.0004037649478002128	-9.888465884383033e-05	0.00013573139211469962	0.0003680179448457203	-0.00018017953491197033
9.47	4.4261513572351835e-06	1.1390810100518375e-06	0.003224161476163313	-9.717503833299545e-08	3.985532851531588e-06	0.0027420295062673913	0.0002462863795745988	0.0003421642529129574	-0.00010676208118384181	0.00016512855176625466	0.0002939991696413771	-0.00017256222575490006
9.48	6.74519341465027e-06	4.229856786953679e-06	0.003223356441941506	1.8167619364428493e-06	6.702172028102548e-06	0.0027406244946026233	0.0001932953604604043	0.00026678559134644275	-5.359256825774368e-05	0.00019017304236942378	0.00023972373818505953	-9.653082064431886e-05
9.49	8.475839054521274e-06	6.277142740444241e-06	0.003223133612826944	3.7270244009723617e-06	8.519492960659397e-06	0.0027405223963812494	0.0001562603970596356	0.00014785154114386177	-1.7190046621854065e-05	0.00017605879392423716	0.00010209633489437846	6.598625621884939e-05
9.5	9.758894732489123e-06	7.522285969281388e-06	0.00322344887401465	5.237163643871694e-06	9.042801660336293e-06	0.002741579472330387	7.746738920818776e-05	8.040825304516191e-05	6.812083799907836e-05	0.0001195348916765105	-4.946094735811284e-08	0.00014278491911973588
9.51	1.0227965427933678e-05	7.932566227405993e-06	0.00322448107717545	6.163564482028922e-06	8.532080267060114e-06	0.0027431937396091817	1.7956320194895395e-07	-1.4826216823321742e-06	0.00012936743445996198	7.062719243756313e-05	-8.014418549898965e-05	0.00015860439217455603
9.52	9.88648652685036e-06	7.56574711303497e-06	0.0032257591691008756	6.595891562570879e-06	7.596981116972993e-06	0.0027445818675724703	-8.725846853348299e-05	-5.185892955400724e-05	0.00011103401727756074	7.2851198667771525e-06	-0.00012271902802519458	9.315257162427086e-05
9.530000000000001	8.480527773670871e-06	6.528822541739651e-06	0.003226620788045477	6.35492458842068e-06	6.0077759943333696e-06	0.0027449680963129693	-0.00018186057674475351	-0.00016288850607105776	4.515610540054923e-05	-7.847998485864711e-05	-0.00019902555593329866	-2.194087088906061e-05
9.540000000000001	6.465566626725917e-06	4.74121516914852e-06	0.003226313262805326	5.090871420738031e-06	3.870520737869072e-06	0.0027441193386314932	-0.00022648476070137501	-0.000180905508932648	-0.00011487049961054242	-0.0001732086437887782	-0.00023377091702584947	-0.00011615093232207132
9.55	3.9954381355831465e-06	2.8697706681901737e-06	0.0032250469701105003	3.023807802334782e-06	1.144382412325142e-06	0.0027428248638894696	-0.0002680579566985769	-0.00017176662786358668	-0.00016276465748996729	-0.0002133328558922826	-0.0002806573748743672	-0.0001265834539427933
9.56	1.2188688032444144e-06	1.1309250558380976e-06	0.003223491619018415	9.088355825184627e-07	-1.6411252195910068e-06	0.0027416997591636445	-0.000267643597840015	-0.0001652536060291035	-0.00013690048532608286	-0.00021381073482815925	-0.0002569595243814759	-7.080977083864359e-05
9.57	-1.5073010352009713e-06	-3.2572837467585735e-07	0.003222665660233988	-1.0963506891269122e-06	-3.87936034535416e-06	0.002741361308553695	-0.00025208846512576747	-0.00013127808087043754	-9.740908388340681e-06	-0.00019264646488151855	-0.00017709828308324496	-1.4941033586672212e-05
9.58	-3.911848167643406e-06	-1.2682290498483666e-06	0.0032232232931436225	-2.987394040412481e-06	-5.707570551328567e-06	0.0027415407981390824	-0.00020463945044905892	-5.7189457751784656e-05	9.788044887758222e-05	-0.00018939179340595128	-0.0001908607244094065	4.977630421214681e-05
9.59	-5.622436549903236e-06	-1.4336518682819246e-06	0.0032245670587492665	-4.7631353084549845e-06	-7.367143396376723e-06	0.0027423295808640725	-0.00014035242374997383	1.4671309311286911e-05	0.0001594229718353629	-0.00016472457168743097	-0.00014070574748371973	0.00010722621135283484
9.6	-7.020353642411688e-06	-9.211334767132055e-07	0.0032260563690485844	-6.0858456261394965e-06	-8.329155563238072e-06	0.0027435257648001704	-0.00010209838443521603	8.298561706856757e-05	0.0001319853513221865	-7.880682474275893e-05	-6.594099811179442e-05	0.00011299100902124986
9.610000000000001	-7.646109006340424e-06	3.4345736197818016e-07	0.0032267862329732363	-6.687889492059241e-06	-8.157385922804616e-06	0.0027444323690773843	-6.830174797723403e-06	0.00016982445874994215	1.563325388670642e-05	-4.773562398805255e-05	6.979519786814829e-05	6.892508484369854e-05
9.620000000000001	-7.4137681400227955e-06	2.669203781917457e-06	0.003226430765675259	-6.888039460484693e-06	-6.8618144823817915e-06	0.002744822451501246	6.338470460668649e-05	0.00027952878700093835	-0.0001003820396747267	8.631752860353594e-06	0.00016653222781501433	4.427181128042958e-06
9.63	-6.3702113792096715e-06	5.6425057729958574e-06	0.0032252304445796963	-6.615555577348794e-06	-4.759783760850246e-06	0.0027442788794224456	0.00016839577196918075	0.00031570621909389723	-0.00011876816635489961	5.361920042613775e-05	0.0002468885698228755	-9.850271552934931e-05
9.64	-4.276552660006052e-06	8.761144595835662e-06	0.003224377055877494	-5.76532377342353e-06	-1.9039116337018666e-06	0.002743115036999238	0.000266423953764463	0.00031863686837870804	-7.42798165757232e-05	0.0001451740215445157	0.0002870799271805496	-0.00013973361565903735
9.65	-1.4171027022072787e-06	1.1903553151116546e-05	0.00322405074309579	-3.82044241931584e-06	1.0127390800532946e-06	0.002741502845001055	0.0003155787658501179	0.0003334212782265577	-5.520130144830642e-06	0.00022240952168951498	0.0003066092638540816	-0.00015419393739059863
9.66	1.8125192744527214e-06	1.481972163515619e-05	0.0032238857542306576	-1.4928832623804988e-06	3.850904887651827e-06	0.0027402074555305128	0.0003148177412649477	0.0002538478979913138	-1.9751383678612767e-05	0.000232410643601283	0.00028071944590065003	-8.287855327400796e-05
9.67	4.890669653596312e-06	1.6980147106387025e-05	0.0032238108729205	8.957855620872142e-07	6.285962679704029e-06	0.002740283221413139	0.000299840821363282	0.00017565978917706156	1.2313421108466574e-05	0.00024714526559766034	0.00022145634780587845	9.043299500035662e-05
9.68	7.665339783499682e-06	1.8224586031637782e-05	0.0032240171107175983	3.3377972342246937e-06	7.987773532713425e-06	0.00274185905463246	0.0002660134224603902	7.137232219407216e-05	3.589984515836367e-05	0.0002252009639059504	0.0001242873892219684	0.00016694370220515954
9.690000000000001	9.929814924359657e-06	1.8498172890849604e-05	0.0032245045982091276	5.571836620856555e-06	8.864328008708812e-06	0.0027434717004460115	0.0001781775289054293	-2.7516734360732515e-05	5.6075448131386906e-05	0.00021588432783151604	5.625784328097052e-05	0.00015229987749797313
9.700000000000001	1.1375396962175035e-05	1.770583349516372e-05	0.003225067586731539	7.523738485997784e-06	9.114132212604972e-06	0.0027445105993451056	0.00010224731687070311	-0.00013504945726609179	5.3269990097841924e-05	0.00018222546444671484	-3.224921553596378e-07	4.430839040153986e-05
9.71	1.185500030988066e-05	1.5996584180911697e-05	0.003225605789957803	9.107972906335787e-06	8.696683025405877e-06	0.00274417760748711	7.45400508312509e-06	-0.00021519201132458746	5.8004211095592e-05	0.0001013846021123088	-5.915855155824722e-05	-0.0001098570494402893
9.72	1.1545860216969967e-05	1.3287846568497978e-05	0.0032258763072191632	9.739629937626363e-06	7.805943394094654e-06	0.0027426320309526008	-7.211268232927582e-05	-0.0003158562118772399	-1.6106718525787373e-05	2.1631853716443052e-05	-0.00011939933473303265	-0.0001759897066553634
9.73	1.0239340370092967e-05	9.80235700584804e-06	0.0032252748693501524	9.450803377713824e-06	6.3434683477099415e-06	0.002741396861684719	-0.00019008910050512915	-0.00038645637205536067	-0.00013106329803687502	-5.870835929665368e-05	-0.00017178195305221367	-7.149362916707272e-05
9.74	7.966515683558362e-06	5.739664049361091e-06	0.0032236884544869456	8.309186925508412e-06	4.195308822826222e-06	0.0027411777180810265	-0.0002753704424514852	-0.00044156752226937984	-0.00014512023818240307	-0.00016462805158735713	-0.00027058254631275014	1.5707850518063347e-05
9.75	4.7316226267138856e-06	1.2011323507217164e-06	0.0032227043287153517	6.278459782451896e-06	1.3110125407374254e-06	0.002741876274932091	-0.00038230623510882906	-0.00046977876214847027	-3.7189974690764446e-05	-0.0002282972188835124	-0.000294730959205602	8.970578239097102e-05
9.76	5.621611562646945e-07	-3.3304756389519283e-06	0.0032232474915634725	3.764496689281153e-06	-1.8503025001527667e-06	0.0027427466724755435	-0.0004364859720647963	-0.0004495138267994726	0.0001318602060424636	-0.000247289919532544	-0.0003112445059708624	7.610003803515926e-05
9.770000000000001	-3.847426706674449e-06	-7.833102589116372e-06	0.0032249443725220223	1.4023737078537556e-06	-5.088442554888159e-06	0.002743357153442271	-0.00043003990094609004	-0.0004345306880970546	0.00017918100973970215	-0.000235914209427114	-0.00030964296566643505	2.8488728869889644e-05
9.780000000000001	-8.28389030950537e-06	-1.1538300140356621e-05	0.0032262486486183115	-9.905202901147812e-07	-7.752043382473184e-06	0.0027435051635022133	-0.0004560257558213424	-0.00028567761925470353	5.8529150220161134e-05	-0.00023210336596785343	-0.00022059844465193492	-2.0754020345071536e-05
9.790000000000001	-1.26451437812193e-05	-1.4027835605531462e-05	0.0032262478752675128	-3.268613846226518e-06	-9.442688421247378e-06	0.002743201003483087	-0.0004391333355874776	-0.00019166207499707566	-8.308472844090159e-05	-0.00021519973315803703	-0.00012736764174550285	-3.953817323570135e-05
9.8	-1.6792877117193293e-05	-1.5127886575438671e-05	0.003225109936491361	-5.31474878447775e-06	-1.0389130512359537e-05	0.002742761362119537	-0.0003867541213837735	-5.081910862054938e-05	-0.00016691121255100127	-0.0001895462932197861	-5.588620017220932e-05	-5.087156986286141e-05
9.81	-2.0409501763150964e-05	-1.5050982266124817e-05	0.0032234148742494536	-7.040409067334853e-06	-1.052621467843848e-05	0.002742299728982898	-0.00031817336362176675	6.651489093399016e-05	-0.00012897177218124732	-0.00014511127932837628	1.8020334278495357e-05	-4.0611786987417035e-05
9.82	-2.2885082408954198e-05	-1.3899034451046052e-05	0.00322249887609008	-8.255113476765124e-06	-9.827342701624424e-06	0.00274170623019147	-0.0001887383584033099	0.0001779313096525368	-1.3417396525126269e-05	-0.00010678945942351599	0.00012938023295393607	-8.253218952503682e-05
9.83	-2.418952552770268e-05	-1.1326214008429377e-05	0.0032232495306749563	-9.285128155591177e-06	-8.03760729260769e-06	0.002741366873950631	-7.385815495987639e-05	0.00032264480699869836	0.00013948762024669067	-0.00010793619719908894	0.00021892312781394881	1.16050538390125e-05
9.84	-2.4049721223227885e-05	-7.796312451529115e-06	0.0032249237309738893	-1.0053606772999592e-05	-5.669454530638484e-06	0.0027420367220439066	9.537979389278773e-05	0.0003871949377890296	0.0001942192150519708	-4.872203576414863e-05	0.0002629662366588008	0.00012519637159294345
9.85	-2.249158665512552e-05	-3.88568016996835e-06	0.0032262546564876754	-1.0390963456216524e-05	-2.8523337199711968e-06	0.0027434260419687963	0.00022533211496781328	0.00038733935520194934	5.473144010616735e-05	-8.693060147936041e-06	0.0002988337062262366	0.00014756085287774
9.860000000000001	-1.9379213106649747e-05	1.456075089562155e-08	0.0032262248640779587	-1.0232403168165929e-05	1.9074869590871192e-07	0.00274469633211767	0.00037717200992785986	0.0003917503267708013	-6.682694711627435e-05	3.4479704157542726e-05	0.00030654310597414135	6.757707447323733e-05
9.870000000000001	-1.528277195812602e-05	3.4407716545787264e-06	0.003225395988776578	-9.445117323407127e-06	3.2830935400910364e-06	0.00274484056455751	0.0004553028919523914	0.00029751961197380463	-9.742405110405401e-05	0.00012208862987346614	0.0003049157572501504	-4.580199560956907e-05
9.88	-1.0195161372883133e-05	6.0787342451195e-06	0.003224643691788664	-8.02501660638486e-06	6.123907085153269e-06	0.002743978371992514	0.0005413778434238088	0.0002176549086127968	-4.1134379230159275e-05	0.00017522179753306575	0.0002665927660320433	-0.00011334099745131258
9.89	-4.558597535668019e-06	7.368667630604348e-06	0.0032246356076065445	-5.908257420867229e-06	8.681229587613403e-06	0.0027425768543077843	0.0005649111110727002	6.675942499142335e-05	2.8860329748796703e-06	0.00025793767046843627	0.00022895093301968547	-0.0001548518720634885
9.9	1.2149193976158543e-06	7.479366157508245e-06	0.003224562633910364	-3.1941865672912374e-06	1.0169225077426437e-05	0.0027412905918153155	0.0005930874539848557	-5.207008398860402e-05	2.0615274017772987e-07	0.00028187910711580317	8.055931416257357e-05	-7.472437268573249e-05
9.91	7.058602022697451e-06	6.419810851961462e-06	0.003224518417998744	-3.5572587926901407e-07	1.0426885653540726e-05	0.0027410741815949487	0.0005679624929497425	-0.00017366735902330616	-1.2334697798268092e-05	0.00027923256343568567	-3.055709259222805e-05	4.623590187328968e-05
9.92	1.2425587298986613e-05	4.2436152584583825e-06	0.003224534800782999	2.575431076040178e-06	9.587090321408793e-06	0.00274221579477232	0.0005136036638263152	-0.0002701621826133176	1.1696138079173478e-05	0.0002830794380919158	-0.00014378404228127138	0.00016588018318526535
9.93	1.718302696304107e-05	1.1538733987525868e-06	0.0032247334875733407	5.25841858870221e-06	7.982397265441445e-06	0.0027437529213547715	0.0004164638385216637	-0.0003626710867669524	3.3287689338060044e-05	0.0002363137250408645	-0.0001993298900514168	0.00013781085304883053
9.940000000000001	2.101351271357106e-05	-2.5376700244995275e-06	0.0032250265538902273	7.463906882001505e-06	5.39797430053059e-06	0.0027447101585451068	0.0003439504555097897	-0.00039157048362698535	3.0082427052250517e-05	0.00019376811228965555	-0.0003046198209419035	2.4736806750282313e-05
9.950000000000001	2.4191408557479873e-05	-6.678707497821695e-06	0.003225116189105927	9.08327329037321e-06	2.0595501537499613e-06	0.002744361751143339	0.00028185421083365327	-0.0004188826017903325	3.016901619788601e-05	0.00014411219326235532	-0.00035740564283534906	-0.00010403945658190946
9.96	2.6228474008655755e-05	-1.0749689689849473e-05	0.003225485841458092	1.0219111364757361e-05	-1.6186670536622894e-06	0.0027429176914196478	0.00014274835552520674	-0.0003846975635017218	1.698029737904745e-05	8.319968279569446e-05	-0.00039292747821323496	-0.00015242921085081208
9.97	2.7024878016289696e-05	-1.4122873814998386e-05	0.003225210639539755	1.0818682366527486e-05	-5.35018848935009e-06	0.002741539963755567	-8.684083659118834e-06	-0.0003201422913564053	-6.216384647058971e-05	2.9170280211566546e-05	-0.00035094820890403536	-0.00011143047118514687
9.98	2.648499931873908e-05	-1.661325250535853e-05	0.0032244612966735673	1.0834769677889475e-05	-8.797983356376603e-06	0.0027409744559209843	-9.872517019991437e-05	-0.00017347758990856403	-7.919218579487464e-05	-1.830472867369699e-05	-0.0003308392295082891	6.392594522471769e-06
9.99	2.4981288174143745e-05	-1.7709298215360666e-05	0.003223698764445457	1.0748347918638651e-05	-1.1784365567512101e-05	0.002741616372788016	-0.00022523809345845647	-4.379255264778275e-05	-7.448305670489997e-05	-2.4152303475936853e-05	-0.0002447115812766126	0.00010098593509577696
10.0	2.2316834797299563e-05	-1.7444824747415207e-05	0.0032235749090850046	1.0120014696366614e-05	-1.358790127470494e-05	0.0027429757529450964	-0.00029725321809649733	9.63168697668408e-05	3.0386019656024004e-05	-8.548286066117586e-05	-0.00012880554899207428	0.00014989450321495554
10.01	1.889507540965223e-05	-1.576501713489023e-05	0.003224471818278051	8.931886794605765e-06	-1.4388068655103727e-05	0.0027439805073578203	-0.0003744618399500799	0.00023312757317380195	0.00010554091079179689	-0.00014183877844292143	-8.56492164441733e-06	5.70212504955349e-05
10.020000000000001	1.4800960430931929e-05	-1.2683937390992931e-05	0.003225606389951379	7.286240106768506e-06	-1.381611703166382e-05	0.00274368251308545	-0.00042246911377608585	0.0003672437531782657	8.990078050340705e-05	-0.0001890625118531532	0.000123678348107788	-8.46731752559132e-05
10.030000000000001	1.0439756874813689e-05	-8.270860223879181e-06	0.003226275062277664	5.274213732095909e-06	-1.2085835132917494e-05	0.002742751424644181	-0.00046603809774369546	0.0005132455217473454	1.2081576005876275e-06	-0.00023830276138388755	0.0002175656278049015	-8.036113376812076e-05
10.040000000000001	5.729331631894747e-06	-2.6538169720869895e-06	0.0032258950021146512	2.750854233782428e-06	-9.455790986195759e-06	0.0027419578260802265	-0.0004958299605907513	0.0006248974762220795	-3.6098904656910255e-05	-0.00025302183149351274	0.0003054046708786125	-4.537426054411743e-05
10.05	5.280531187412132e-07	4.237014455699603e-06	0.0032249013759387875	1.658659158100605e-07	-6.353307362579678e-06	0.0027420469366219325	-0.0005505133527719695	0.0007285302081526141	-0.00011606572133309659	-0.0002644874524264459	0.0003262555521435213	5.4561009873855336e-05
10.06	-4.620470286854965e-06	1.1702038090847738e-05	0.003223822808423914	-2.3243655347006807e-06	-2.6818824673200676e-06	0.0027426287462302768	-0.00046914204181068586	0.0007617918251935964	-7.719190166932997e-05	-0.00022449821043595862	0.000393909014708639	5.925059798156702e-05
10.07	-8.834868070767126e-06	1.9049829975674773e-05	0.003223662804182911	-4.246895385451741e-06	1.2910851758276566e-06	0.002743240896915262	-0.00040637154467139077	0.0007154151661349771	5.463133001876052e-05	-0.0001680080357492812	0.0004151944687508982	5.210563958925575e-05
10.08	-1.2541832192269225e-05	2.5847718551601627e-05	0.0032244517345926	-5.636482914737534e-06	5.543608277000263e-06	0.0027433119244381033	-0.00033978675018073965	0.0006550072052331769	9.068103029260974e-05	-0.00011224821552543922	0.0004366294863799897	5.030332259293331e-07
10.09	-1.5839697004341788e-05	3.176249066666556e-05	0.0032255360691004547	-6.570968103598452e-06	9.75667565562716e-06	0.002743236273584386	-0.0002978713297331989	0.0005188770603310825	0.00010796649074914788	-8.056454437025717e-05	0.00040565223940161176	-8.844768775442166e-07
10.1	-1.837459967427807e-05	3.607532893003635e-05	0.003225946236837664	-7.164715905505304e-06	1.3581523656845395e-05	0.0027434589594988487	-0.00019921721207350574	0.0003509013078970955	-3.340294143537694e-05	-1.9132884296793376e-05	0.0003507766163860995	5.9129944099384136e-05
10.110000000000001	-2.0071445211038427e-05	3.8858005019254475e-05	0.003225203998895635	-7.157386874605609e-06	1.6500364740224028e-05	0.0027438910125444117	-0.00015981180531834735	0.00021110857012189633	-8.518923761506471e-05	2.3744458366174245e-05	0.00023947435292173715	2.7189056463984465e-05
10.120000000000001	-2.1545220955223127e-05	3.978530507529211e-05	0.0032243111649303286	-6.762275858032518e-06	1.8540989320902173e-05	0.0027438771772880957	-0.00012085159228068977	-2.6704260751488913e-05	-9.812218095900281e-05	5.5698711152227595e-05	0.00016737573381109445	-4.946203549779647e-05
10.13	-2.229646030863705e-05	3.8519680716310036e-05	0.0032237747157930715	-6.01184990273397e-06	1.9509399241165768e-05	0.0027428636829384726	-3.664666358864931e-05	-0.00022000288526054137	-1.3188149689640403e-05	7.764821321144362e-05	2.831657387637213e-05	-0.00011443815374363088
10.14	-2.239903260741901e-05	3.5390263511269376e-05	0.003223935939739386	-5.340539153662878e-06	1.9019340958221965e-05	0.0027417069732758527	2.3872327388794617e-05	-0.000405979125536739	3.981605029916135e-05	6.154365176797737e-05	-0.00013150170272523582	-9.225449195530154e-05
10.15	-2.1773345368033854e-05	3.053586820333909e-05	0.0032243560032616933	-4.425784531933559e-06	1.6735311197440597e-05	0.002741337903468157	0.00011827038358920298	-0.0005652121062957109	4.1603077560738297e-05	0.00013107029906148952	-0.00028781651747539043	9.939345013593754e-06
10.16	-2.0248389625861814e-05	2.425436449623196e-05	0.003224547161520858	-3.2052007185177973e-06	1.3116125916127061e-05	0.0027417598543714406	0.00017289252878787873	-0.0006992552727500974	-2.4542050754507135e-06	0.00011879938863980714	-0.0004275358141996633	0.00010277716485327682
10.17	-1.8408844247134777e-05	1.6911610699823825e-05	0.0032243740534075214	-2.1882801086987595e-06	8.41234399321786e-06	0.0027432212143516576	0.00016626694824298073	-0.0007578513187797324	5.290696698765533e-06	7.861394149613251e-05	-0.0005043994401361379	0.00017593913745391542
10.18	-1.6421244174050466e-05	9.196851164933311e-06	0.00322481037338798	-1.5912597210395008e-06	3.425220009136282e-06	0.002744711625136459	0.00020385900814790827	-0.0007971593618691733	8.718499812506139e-05	3.420606153344327e-05	-0.0004951886557282658	9.337259488000154e-05
10.190000000000001	-1.4260226795708799e-05	1.393607165613301e-06	0.0032256380474351217	-1.3744920116009407e-06	-1.2755820412848513e-06	0.0027447074373309526	0.00021729287057385574	-0.0007697788083797173	5.9299536947483874e-05	-3.5968925952705264e-06	-0.00043859361142359907	-6.468268639319829e-05
10.200000000000001	-1.2077736068472693e-05	-6.236867698789464e-06	0.003226097998990226	-1.48680657754535e-06	-5.426191369010698e-06	0.002743796174225755	0.00021960403920548603	-0.0007311491186987823	1.8253056796425886e-05	1.3100734123368632e-05	-0.000390163718485912	-0.00011038950857936337
10.21	-9.939487053269304e-06	-1.2678501222148483e-05	0.003225649337766871	-1.2713040353095405e-06	-9.072567358191109e-06	0.0027424200754871887	0.0002149394314417606	-0.0005707861194036379	-8.9848795054873e-05	2.519407543005088e-05	-0.00031638048086705993	-0.00015082513039977162
10.22	-7.6476464629006e-06	-1.7600240057892707e-05	0.0032244306744717206	-1.0462119692211774e-06	-1.1583748644810706e-05	0.002741065491995544	0.0002512324070395964	-0.0004349936791380666	-0.0001452705585908839	1.3218573080398726e-05	-0.00017342436414749315	-9.926086948745734e-05
10.23	-4.783250179621212e-06	-2.107213626613948e-05	0.0032232271597113643	-8.128317513971473e-07	-1.2782218140042976e-05	0.0027408242373670637	0.0003129576219439301	-0.0002751685921156898	-0.00010134397469832935	2.393029765356011e-05	-7.030097609210086e-05	4.773280516003569e-05
10.24	-1.8593657439446885e-06	-2.299496846302197e-05	0.0032228905751458107	-6.160125387248891e-07	-1.310521995914884e-05	0.0027415882440924486	0.0002770740763016838	-0.00010717358020687092	6.360855315741089e-05	4.270905899831219e-05	1.1788580065120751e-05	0.00010434073988577197
10.25	5.982873076008474e-07	-2.32967107909439e-05	0.0032242261062542113	-1.5766658032625678e-07	-1.2512502181393201e-05	0.00274286279215517	0.00022794520791052204	2.741338898319259e-05	0.0001741097343901784	4.014967059656958e-05	0.00010713753182678594	0.00012326268710665915
10.26	2.7787852876278213e-06	-2.231312536339856e-05	0.003225915259511551	3.033869187371256e-07	-1.1093115140271417e-05	0.0027441073467954686	0.000207261672362133	0.0001423471991658394	0.00013178422417079965	3.9570571145375395e-05	0.00018283429060434882	0.00011072434736970423
10.270000000000001	4.63413799037437e-06	-2.0326553248070893e-05	0.0032268308604595825	8.870178650232544e-07	-8.787505396410729e-06	0.002744778448497178	0.0001711803673417666	0.00023234595786196356	5.5670066900338826e-05	8.078615359121313e-05	0.0002669984480894551	9.558217528838911e-06
10.280000000000001	6.182295850619257e-06	-1.7498938777987423e-05	0.003226603852995036	1.865141407076379e-06	-5.9815140448671914e-06	0.0027442340269469593	0.00014574433867865373	0.0003364578953473925	-9.007139188181557e-05	0.00012445483833451173	0.00031420246959557794	-0.00010398811153580787
10.290000000000001	7.405862872339178e-06	-1.3776938446896596e-05	0.0032250451412819733	3.16594685199584e-06	-2.7120919425584353e-06	0.002743066120521298	9.317855756988354e-05	0.0003822487407203626	-0.00019360470217796025	0.00013460482533990983	0.0003212333872016586	-0.00012877104748084157
10.3	8.220761791377495e-06	-1.0111035846339718e-05	0.0032231485867699966	4.240747061379407e-06	2.4562567774950123e-07	0.0027418014029395843	6.0752276361998055e-05	0.00034710434452352575	-0.0001637485870260264	8.246158507665701e-05	0.0002755591073545082	-9.927658440564679e-05
10.31	8.704283956077324e-06	-6.632779377739511e-06	0.0032224339995400387	4.761047542216723e-06	2.6156624675956345e-06	0.002741136757562294	1.838079156564279e-05	0.0003394428412298914	1.9780378339264472e-05	8.53359594137262e-06	0.00018529558766733348	-1.993406730561486e-05
10.32	8.575405973402007e-06	-3.4260881537431768e-06	0.003223357007519188	4.475369814313289e-06	4.346679449573436e-06	0.002741161570341405	-5.357240595462098e-05	0.00029869593293089505	0.0001505982012819324	-4.7165246870027154e-05	0.00012768061834865895	3.357527060172134e-05
10.33	7.653822659332106e-06	-5.986976279447845e-07	0.00322510181581189	3.8982717835630095e-06	5.330373736965574e-06	0.0027419019381938184	-0.00010736317767494249	0.0002720686698099814	0.0001619536520826937	-6.134140515815379e-05	5.261865379326626e-05	0.00013040835625157532
10.34	6.7646320342103805e-06	1.7752248635060175e-06	0.0032263044518517467	3.2710731892065134e-06	5.370399947982407e-06	0.002743368536548524	-6.627434594388633e-05	0.00021396889749155946	5.886804092965144e-05	-6.539011832692596e-05	-3.345504159549151e-05	0.00016056200237613493
10.35	5.832872627424327e-06	3.6122498303901705e-06	0.0032262965735246735	2.5619441456861953e-06	4.561740704346028e-06	0.0027447653439542823	-0.00010305913836480985	0.00016046046244307046	-4.046614526495736e-05	-9.211090807211977e-05	-0.00013003572678118428	8.318712127802308e-05
10.360000000000001	4.754334980793661e-06	5.0097070207020736e-06	0.003225830609100883	1.669087639253297e-06	2.9708758374087715e-06	0.0027448782016633593	-0.00011543127431553528	0.00011231412834151436	-7.830081451655824e-05	-8.998284889245745e-05	-0.0002010324905346978	-5.763141074924904e-05
10.370000000000001	3.5544443110240317e-06	5.86727095392246e-06	0.00322490888097526	9.62257685755337e-07	8.109866170510142e-07	0.002743875789060209	-0.00012442486673990997	8.65151509957804e-05	-9.737476517659946e-05	-5.8001881002255926e-05	-0.00022293930346356622	-0.00014338940014354932
10.38	2.3725579750892308e-06	6.861256141437552e-06	0.0032240926985053087	3.405003235874262e-07	-1.4512259029012851e-06	0.002742465568720984	-9.874774632187424e-05	0.00010572745919241854	-3.786777801225722e-05	-5.0407647200736004e-05	-0.00022765689885092744	-0.00011714382875424606
10.39	1.6727881136896551e-06	8.145555299599017e-06	0.003224049770867721	-2.8447862549585394e-07	-3.6597807704497114e-06	0.002741556987807751	-7.661722145334286e-05	0.00013139946758819462	1.0863954869400033e-05	-8.238677752864769e-05	-0.00020315682055093977	-7.024404662331628e-05
10.4	7.616020032313861e-07	9.735863103664737e-06	0.003224192257985681	-9.154229932109524e-07	-5.40928071050581e-06	0.002741379622602687	-0.00010168647180820035	0.00018084271857805688	3.485625537695897e-05	-5.78061954095799e-05	-0.000145421924844533	4.333950146071211e-05
10.41	-2.033113320703959e-07	1.1731371313569217e-05	0.0032246266024725774	-1.2954136106678388e-06	-6.328385399692949e-06	0.002742134173355691	-8.459876158174777e-05	0.00020552791050255557	2.8915969068160325e-05	-5.4072990622449285e-05	-4.0394817689144754e-05	0.00010593554430498168
10.42	-1.2892122395621996e-06	1.4113002638720406e-05	0.0032248431298030657	-1.5793180641451062e-06	-6.01329990727597e-06	0.0027432219933423312	-0.00010876589087378931	0.00029528529616403693	1.6726651411323105e-05	-2.889393175115928e-05	9.391827687021117e-05	0.00011076898087373181
10.43	-2.4291581463946347e-06	1.7331249441399333e-05	0.0032248781541329404	-1.6630780605015107e-06	-4.5320238138168064e-06	0.0027440812433129694	-0.00011600801424859963	0.0003498859158290196	1.1222792238652524e-05	-2.9588878555020735e-06	0.00021640334185035574	5.9048137118344146e-05
10.440000000000001	-3.5019304587867865e-06	2.0837204939753184e-05	0.0032251670908583314	-1.689986404577952e-06	-2.050666866984831e-06	0.002744351023094375	-9.91831085177978e-05	0.00034934006992136775	3.199974423743045e-05	4.1178255898771096e-06	0.0002987141376784298	-1.0359464457353972e-05
10.450000000000001	-4.247499769636556e-06	2.4150755014166995e-05	0.0032251977194710404	-1.7074132965662003e-06	1.288625155246698e-06	0.0027437286447945723	-5.281972524300875e-05	0.0003320967773297716	-1.9488741701197415e-05	-1.1808502199501346e-05	0.00037850000326281063	-0.0001137301616745644
10.46	-4.80797892469174e-06	2.716062234938189e-05	0.0032245701603446806	-1.700483711747631e-06	5.337753775620226e-06	0.0027423199498676563	-7.493845779669154e-05	0.00024361705915977263	-8.316927137537863e-05	2.3935008019145542e-05	0.00042025742561688483	-0.00014780256251817485
10.47	-5.589014702947045e-06	2.947752410439323e-05	0.0032236925917640195	-1.4336555022282609e-06	9.582250123118405e-06	0.0027411325031282013	-6.325946880363948e-05	0.00020132842222037606	-4.4812863896364835e-05	2.620129403192334e-05	0.00042890960531755253	-8.77494741022583e-05
10.48	-6.294914160959364e-06	3.092358462788692e-05	0.003223622134007804	-1.0418391317081124e-06	1.3626949632976089e-05	0.0027405069299131974	-8.124875830613417e-05	6.585654531640576e-05	1.8935802304667194e-06	4.408270154800496e-05	0.0003667123891344132	-1.349096893754087e-05
10.49	-6.924126963424463e-06	3.0756308485338695e-05	0.0032238492917140596	-7.364414211037605e-07	1.6817952534136502e-05	0.0027409057482573724	-5.955449089659305e-05	-0.00012564025599109691	3.9376627914153856e-05	1.5416459626422093e-05	0.0002705356682113301	9.360576969027412e-05
10.5	-7.431470750235966e-06	2.8677606370846567e-05	0.0032244937197825297	-5.941081906014232e-07	1.9028571307695337e-05	0.002742485241928661	-3.876044083356525e-05	-0.00030470254074268984	8.678562785983376e-05	1.0678521406226341e-05	0.0001567587074042243	0.00017277112286128007
10.51	-7.789433465490411e-06	2.4553778685768782e-05	0.0032252620037788943	-7.047647768034239e-07	1.9766563446388915e-05	0.002744036163527432	-2.5624945986802334e-05	-0.0005132450475076206	5.898318523194632e-05	-2.3014470756759234e-05	-1.503768449624616e-05	0.0001135919361051806
10.520000000000001	-7.82837342205777e-06	1.8413701035008816e-05	0.0032258025563385744	-9.297574302335174e-07	1.868234156679573e-05	0.002744616286907203	6.185917056219967e-07	-0.0007023192404507315	3.2827688336464226e-05	-7.258604916145978e-06	-0.00018845494527210962	1.1127815004369487e-05
10.530000000000001	-7.805790091099266e-06	1.0362144448433255e-05	0.003225977055744955	-1.3806969744652782e-06	1.5971226133889507e-05	0.0027441573741394613	1.5855083780911055e-05	-0.0008842673791533386	-2.892693017021135e-05	-8.055827122550248e-05	-0.00036043894776341466	-0.00010115314265435068
10.540000000000001	-7.383485734587487e-06	7.667873398350658e-07	0.0032251899766945753	-2.048030231037542e-06	1.1617086496953042e-05	0.002742906561128078	6.773634865415825e-05	-0.0009993242669019346	-0.00011745014700762795	-6.42465847022367e-05	-0.0004954966938177238	-0.00013563144415064003
10.55	-6.38003901445164e-06	-9.320195954067284e-06	0.0032241754233941957	-2.3238264085268005e-06	6.1223569327953225e-06	0.0027418554708081083	0.0001299422011163431	-0.0010360297537995995	-8.455916419232653e-05	3.15622880903699e-06	-0.0005900078386858585	-6.088654597503576e-05
10.56	-4.842921940071675e-06	-1.9800979873853793e-05	0.0032235016978357533	-2.17043157446025e-06	8.974023650480889e-08	0.0027417044524133335	0.00019826613931352754	-0.0010278790730987345	-2.2427651834306645e-05	1.4240901700006182e-05	-0.0006223690325215246	3.913691674868734e-05
10.57	-2.969581562068807e-06	-2.9745527437327412e-05	0.0032236827846724523	-1.9914794346760666e-06	-6.181789549136077e-06	0.0027422680071370366	0.00018584934268818634	-0.0009493686992192114	4.151404962859497e-05	3.846476926923687e-06	-0.0006144449434302508	5.3369936962121466e-05
10.58	-1.3335252378910348e-06	-3.866016076140169e-05	0.003224316587123647	-1.94813908753149e-06	-1.208081068578083e-05	0.002743056517066696	0.00014727830046698827	-0.0008057653255776009	0.00010377618179683958	-4.038757249943573e-06	-0.0005638690796652394	7.278661400671044e-05
10.59	3.3010195918174276e-07	-4.5778196897128885e-05	0.003225268298929557	-1.9401675381389666e-06	-1.715168601700099e-05	0.002743716422994861	0.00019029998219775903	-0.0006074001103538711	8.01145952959977e-05	-3.045160180916047e-06	-0.0004445569728101044	5.754846339390663e-05
10.6	2.171314274843453e-06	-5.057274266751724e-05	0.003225713036157763	-1.9686705705949505e-06	-2.109409479052926e-05	0.0027440338043484753	0.00019969325792507396	-0.0003408438306746863	1.1176103255874084e-05	-6.02566205435465e-06	-0.0003458176400356308	7.190737467978924e-06
10.610000000000001	4.422869642081925e-06	-5.2712337107907194e-05	0.003225679471375859	-1.6250099927002258e-06	-2.3742394151651453e-05	0.002743939861753007	0.0002471104431508818	-8.32303824986751e-05	-3.8218318639438076e-05	7.254447507437428e-05	-0.00019059938698332826	-2.8465797635394758e-05
10.620000000000001	7.066773669009435e-06	-5.2217451878172994e-05	0.0032249683885219064	-8.362651611745489e-07	-2.4578100049924943e-05	0.0027434877507446797	0.0002871096802448185	0.00020084526617675322	-7.254406603525696e-05	9.221843094337207e-05	1.5617394751552392e-05	-5.0808977068931885e-05
10.63	9.87939267655804e-06	-4.883883298951586e-05	0.0032242256462574922	1.341931554845947e-07	-2.3560234423586494e-05	0.0027430295258315447	0.00027950786708893024	0.00048820674030582774	-7.462536330731728e-05	0.00010032192218746892	0.00020682430783259637	-5.773418647907493e-05
10.64	1.2708146325832457e-05	-4.274982180182707e-05	0.003223647148005869	1.2706963763443724e-06	-2.089438403644576e-05	0.002742437583546665	0.00027952937706255743	0.0007219714464860406	-2.6168367572499057e-05	8.711017397219781e-05	0.00032666575037583294	-4.737844427623375e-05
10.65	1.544302622886093e-05	-3.4558179807987113e-05	0.0032237208157284607	2.1957174280293164e-06	-1.6897738759769966e-05	0.002742209389716185	0.0002601299016225657	0.0009089815034291998	5.137301267800129e-05	9.778519119741687e-05	0.0004629255467556038	-2.5667208340155146e-06
10.66	1.7665534927872273e-05	-2.4902879046859737e-05	0.0032244709902719652	3.222258185052293e-06	-1.199158605197393e-05	0.002742159608850842	0.00018739019915927035	0.000995748263815843	8.538588022391357e-05	0.00011245718548238802	0.000527676434309882	-1.7522800966106027e-06
10.67	1.9139928471616282e-05	-1.4525861816929018e-05	0.0032253846834554576	4.233886557786947e-06	-6.769317125529385e-06	0.002742641514263376	9.999260216173515e-05	0.0010723017467061382	8.925125337757439e-05	0.00010246639422394082	0.0005222438293609824	8.96291617540976e-05
10.68	1.97074205267349e-05	-3.767183629534818e-06	0.0032260707851948507	5.316289938133769e-06	-1.420160786512701e-06	0.0027436542631306196	8.085269780889399e-06	0.0010752502796915482	2.4426206574259908e-05	0.00012711369686593208	0.0005339084546427599	9.918496769204896e-05
10.690000000000001	1.963546068330446e-05	6.655274108223854e-06	0.0032259595049290634	6.421433137384182e-06	3.817349180355729e-06	0.0027443995089415163	-2.226093173144282e-05	0.001002032743739966	-3.8119358362734926e-05	8.647996910944929e-05	0.0004957467615849231	2.6676955240435167e-05
10.700000000000001	1.8813578257507383e-05	1.6166147907293496e-05	0.003225396907474671	7.0353892672326475e-06	8.53922096818975e-06	0.002744057376082178	-0.00012282964709020848	0.0008867300195337503	-7.830245504374194e-05	4.737638338466378e-05	0.0004447036000382927	-0.0001007927972990279
10.71	1.7357745371106982e-05	2.4205462388740337e-05	0.0032245179250731766	7.279056561320562e-06	1.2592395282082772e-05	0.002742702600375698	-0.00018784242941788625	0.0006923229109731234	-9.881735362693024e-05	2.4154184625679202e-05	0.00037687452560339677	-0.00014845392098327437
10.72	1.5225900167883342e-05	3.0008212228153638e-05	0.0032237295546035842	7.544196271828011e-06	1.590146129683999e-05	0.0027413995427295764	-0.0002505297521235647	0.00046927159365612236	-4.766898711971961e-05	7.331627503330911e-06	0.0002736447527538326	-7.613049249542583e-05
10.73	1.2521531900557173e-05	3.372696821617313e-05	0.003223604633118976	7.2911061344697695e-06	1.785986581534272e-05	0.002741067447017262	-0.00032441673759541433	0.0002715987040346393	1.844883655101931e-05	-6.041403822528767e-05	0.00011111057050106834	4.9388302826607535e-05
10.74	8.90390107233433e-06	3.5099372018981075e-05	0.003223987013432092	6.162157192382722e-06	1.812837396706397e-05	0.0027421342195090626	-0.0003798388770999326	1.2392906416336568e-05	7.593817463377386e-05	-0.00012211753811437696	-5.458876050687577e-05	0.00014282422457695472
10.75	4.769165008901106e-06	3.411416028765133e-05	0.0032249870105828236	4.67641690913101e-06	1.6795271614647367e-05	0.0027435694929519613	-0.00042977496470009884	-0.000200105997284859	8.35047716828043e-05	-0.00016028481276027384	-0.00020890301249203687	0.00014549532343654227
10.76	6.692859628278553e-07	3.1252831470557856e-05	0.0032258236864731605	2.863500497989104e-06	1.4191967453617426e-05	0.0027446715661724004	-0.0004218429421749284	-0.00036762673241603057	9.168807712767051e-05	-0.00018109865965200173	-0.00030770423601164394	6.79649974100215e-05
10.770000000000001	-3.6964188055227314e-06	2.687220399207424e-05	0.0032265854242619235	8.540091061485012e-07	1.0830595532648665e-05	0.0027447031357171613	-0.0004366263791684155	-0.0004896238801933565	4.430694674267853e-05	-0.0002092492022886452	-0.00037386711091977223	-5.791250678669838e-05
10.780000000000001	-7.716380497246854e-06	2.1397886610578956e-05	0.0032262055264750834	-1.1627921897940956e-06	6.913464558053644e-06	0.0027433263484145914	-0.000383279782039325	-0.0005876622498194293	-0.00010359330681650548	-0.00018829906826736703	-0.0004069706220653213	-0.00021887723649847214
10.790000000000001	-1.14273307200508e-05	1.5243678023901378e-05	0.003224567998203124	-3.0779226657648764e-06	2.903369255751013e-06	0.0027414367406706393	-0.0003648193509207179	-0.0006293084078238097	-0.00018983225258817113	-0.00018151868634605947	-0.00040380799091831486	-0.00014856084365377206
10.8	-1.4656367801440542e-05	8.914460157615021e-06	0.003222909910043206	-4.736441063254251e-06	-1.077965650924424e-06	0.002740528032718642	-0.00028367928422729356	-0.0006282172062392502	-0.0001267710637300731	-0.00016456089243525236	-0.00040020536646912533	-3.609856359601005e-05
10.81	-1.7034693243549215e-05	2.656009494331239e-06	0.0032225090125860083	-6.1354648519220034e-06	-5.067879945292892e-06	0.002740893303599024	-0.0001716520734854359	-0.0006000991310301914	4.84048183314511e-05	-9.179962526065347e-05	-0.0003872786110450665	9.941030623457914e-05
10.82	-1.8445503850449685e-05	-2.851602166785393e-06	0.0032236528599619285	-6.85739729613683e-06	-8.464980940898838e-06	0.0027423656653721468	-8.635720650442767e-05	-0.00048058375798574153	0.00015797992534399114	-4.407610828699844e-05	-0.00031077607588111483	0.00015806088301686112
10.83	-1.8809375109305765e-05	-7.063116757775776e-06	0.0032252557612420206	-7.209885142220027e-06	-1.1079873943222591e-05	0.0027438015503452044	-1.242361951149371e-05	-0.00034093648290709573	0.00014296347515286697	1.2440178167695075e-06	-0.00018132977809898264	0.00011798632294054985
10.84	-1.87671239147476e-05	-9.801985807430338e-06	0.003226414156256895	-6.805183755576567e-06	-1.2264994774921147e-05	0.0027446798767410724	3.3210849061404256e-05	-0.00019832798194797035	8.52596038045304e-05	6.438978310680885e-05	-4.6856275955478466e-05	4.899340237903665e-05
10.85	-1.8123022891775368e-05	-1.110788108911819e-05	0.0032268317034233785	-5.911559241698801e-06	-1.2057696332052996e-05	0.002744763864071397	8.294787095320218e-05	-5.2011795619925e-05	-1.532431963303943e-05	9.62669518045514e-05	7.720278951016221e-05	-2.2470006937821736e-05
10.860000000000001	-1.697381870658941e-05	-1.1105538201781405e-05	0.003225992552073013	-4.984220961719895e-06	-1.0807183841274955e-05	0.0027440381524652478	0.00014393411925436186	6.654110651907279e-05	-0.00012538332845443706	7.668706755188284e-05	0.0001801010306844578	-0.00013917592084997676
10.870000000000001	-1.5316608209166204e-05	-9.724456629886059e-06	0.0032244689076095802	-4.197554196084428e-06	-8.491119888397794e-06	0.0027423366001130644	0.00018316012462453216	0.00019415910534874306	-0.0001498311268508114	9.006042619345187e-05	0.0002777474225567862	-0.00016248117763877982
10.88	-1.3517231727044913e-05	-7.1399750803622206e-06	0.003223324628807408	-3.33222029895974e-06	-5.459401271241767e-06	0.0027410659242491768	0.00020859953892316126	0.0002938780340393564	-8.371640263321284e-05	7.874766167346432e-05	0.0003241826519786601	-9.405054029022643e-05
10.89	-1.1344316975530413e-05	-4.1359018800889636e-06	0.0032230846124874026	-2.689411748543951e-06	-2.108406914635289e-06	0.0027406872238768818	0.00021676244160898553	0.00030466994012859073	4.207035662916734e-06	8.285234430029829e-05	0.0003525503432131134	1.4270824330939533e-06
10.9	-9.125887944251357e-06	-9.933260725022181e-07	0.0032235235218855745	-1.8703605684341076e-06	1.469027779931453e-06	0.0027412617911968373	0.00023052994439160844	0.00031341258616049915	9.039354883419962e-05	9.995958970827837e-05	0.0003592513656655109	9.847520865129944e-05
10.91	-6.771339097488937e-06	2.0309113442608044e-06	0.0032246775865960647	-7.277257919116357e-07	4.773413664012328e-06	0.0027426786204813153	0.00023579197803720836	0.0002806112005775706	0.00011533169089451732	0.00015101906504096883	0.0002811152167168772	0.0001736696337310551
10.92	-4.4066591254463825e-06	4.798916226845035e-06	0.003226115766449093	4.921761555717434e-07	7.308930375790916e-06	0.0027441337251129815	0.00022067674954804318	0.00023533778829816878	0.00013715381791141524	0.0001010785047314988	0.00023193185876496094	0.00010230338238843433
10.93	-2.2329268967096865e-06	6.695757613152365e-06	0.003226911710621325	1.4708064710547605e-06	9.54546374280544e-06	0.002744723012606276	0.00022128404199762205	0.00015275242412202025	3.0090561611093026e-06	7.053804661440435e-05	0.00021177441584528369	2.6636791163994853e-05
10.940000000000001	-1.6529353461388477e-07	7.488445123791009e-06	0.0032262159663268854	2.0228613217516277e-06	1.1107638646072243e-05	0.0027444700329263827	0.00019115786840545544	1.3435190593345101e-05	-0.00014041492619005458	2.6441660996876865e-05	9.62659276714737e-05	-6.690424672939826e-05
10.950000000000001	1.6043554051249375e-06	6.742828606722485e-06	0.003224634244013657	2.0252180261800026e-06	1.1385181497846107e-05	0.00274335472257616	0.00016267461044365382	-0.00014477071674304744	-0.0001660713440178317	-1.679987928035752e-05	-4.01403086821214e-05	-0.0001432171740705656
10.96	3.0896591620590023e-06	4.819613217753059e-06	0.003223307908141008	1.6479432757212688e-06	1.0887096986095505e-05	0.00274174356980329	0.0001324057631614686	-0.0002572702559917176	-7.523043314727133e-05	-5.1574708008221134e-05	-0.00010601954256985634	-0.00014307358110113817
10.97	4.186373870624896e-06	1.5097284168330189e-06	0.003223112656549379	1.0845740024824247e-06	9.086431836947927e-06	0.0027404958870344558	0.00010210866615833693	-0.0004059306531392143	3.288502198013958e-05	-4.5640432690443686e-05	-0.000249070801468348	-7.523983894532711e-05
10.98	5.12302701051136e-06	-2.5397281538700697e-06	0.003223679895445689	5.755307932704489e-07	6.084770160276501e-06	0.0027406440797412912	7.27827554820118e-05	-0.00041109855317275444	8.895742553538748e-05	-5.457308516754502e-05	-0.0003269934143642108	8.227909504685751e-05
10.99	5.906651241355613e-06	-6.7420400800234235e-06	0.003224528182821012	2.0997883560833124e-07	2.810878402215729e-06	0.0027420833272174543	8.051566795298063e-05	-0.0004261773941582504	8.438472463908914e-05	-2.2156314991741603e-05	-0.000327818084113867	0.00017557248648291553
11.0	6.629187537425574e-06	-1.0971080795819827e-05	0.0032254009670879217	-1.6158995282648874e-07	-4.7339002953348446e-07	0.0027437927585768013	6.872353365322408e-05	-0.00041641223616139156	7.650731672667495e-05	-3.254352743421076e-05	-0.0003164600502686616	0.00015897982621522266
11.01	7.372665245229627e-06	-1.5099955665203976e-05	0.003225758926019335	-9.308019153391708e-08	-3.6174339933746213e-06	0.0027448081248010966	6.390251374438866e-05	-0.00039905222298264813	-1.602972001430203e-05	3.659710739806482e-05	-0.0003014555033477489	2.7328726160813758e-05
11.020000000000001	8.078811758728293e-06	-1.8604192775113465e-05	0.0032253796018665284	2.5853762501989437e-07	-6.429983130715161e-06	0.002744458130071942	9.074231510112342e-05	-0.0003140920488294681	-5.677875432734802e-05	5.080405547683261e-05	-0.0002575276661571575	-0.00010182403417036156
11.030000000000001	8.994666159154119e-06	-2.1182976256573406e-05	0.003224774504687988	9.780325892188102e-07	-8.72846367305513e-06	0.0027430852040667107	9.880004656446301e-05	-0.00019781917380561398	-8.017848229834197e-05	0.00010796816798841721	-0.00018676099223153989	-0.00015504333239518654
11.040000000000001	9.995436848386378e-06	-2.259907381055737e-05	0.0032239398428105257	2.274114494524769e-06	-1.0385424023057742e-05	0.0027415243326097487	8.687546349023897e-05	-8.113349100517899e-05	-6.600286944399848e-05	0.00014142060821560663	-0.00015377485769712618	-0.00011679650572226757
11.05	1.0801572031284019e-05	-2.270537386282574e-05	0.0032234796331058026	3.7003071721060415e-06	-1.1648281974653766e-05	0.002740819900564681	6.451773744578282e-05	5.104851901786629e-05	3.7943781948238335e-08	0.00013478498947843212	-9.151687831461724e-05	-3.645398520154512e-05
11.06	1.1284693602009653e-05	-2.1698852016786118e-05	0.003223812425572874	4.849098659957121e-06	-1.1838049488343449e-05	0.0027410234843641876	1.8502239752782697e-05	0.000174487148579176	7.080998993958725e-05	0.00011098470771246844	4.569278959695857e-05	9.589363823345002e-05
11.07	1.1019391256073574e-05	-1.944002303837085e-05	0.003224605775496613	5.544482382346751e-06	-1.0936768681791767e-05	0.002742404636537465	-6.391003785450767e-05	0.0002499013584384313	9.070072511843815e-05	4.0128127524888245e-05	0.0001430592944952539	0.00016817712924613591
11.08	9.935315173333667e-06	-1.6247368007717055e-05	0.0032254909039808356	5.795443512159643e-06	-9.217335426427687e-06	0.002743826187235862	-0.00016402130356260922	0.0003670083297041137	0.00010124124942131908	3.3290802751790837e-06	0.00021283276389043272	0.00011367105240416006
11.09	7.937573067868196e-06	-1.20101549546145e-05	0.0032260803514769457	5.640201192446605e-06	-6.882299966444449e-06	0.002744459774480358	-0.00022050545152829977	0.00046776956561985395	3.564051411402484e-05	-5.90110905592277e-05	0.0002638273671026086	5.0609993822417805e-06
11.1	5.529924785121935e-06	-6.942561952800041e-06	0.0032261327554893794	4.695744565629136e-06	-4.383779501772178e-06	0.002744137501928102	-0.00027230187003160256	0.0005491582812003808	-3.9662499392822547e-05	-0.00012762114096279492	0.00025153155433004995	-5.199800935093218e-05
11.110000000000001	2.579275330933555e-06	-1.319801015155719e-06	0.0032252327938793444	2.957542710677534e-06	-1.4984411318552129e-06	0.002743218128522746	-0.0003169666037913825	0.0005784313902261584	-0.00011716494337213348	-0.0002098764793846513	0.00029735841803497665	-0.0001347653982565004
11.120000000000001	-7.241886117868442e-07	4.300874469384937e-06	0.0032241650184728944	9.527870926379923e-07	1.333462985292726e-06	0.0027422095081279145	-0.0003493485811123989	0.0005253874260959475	-8.483453476115662e-05	-0.00017407787352595436	0.00026374856825068393	-9.774689147268787e-05
11.13	-4.155237848731625e-06	9.170209352718733e-06	0.003223630844985653	-1.006889133189095e-06	3.849728534863828e-06	0.002741686322857539	-0.00032364601482221173	0.0004413442595430488	-2.5143897411139947e-05	-0.00021235448629660123	0.00023115379852639193	7.003754294941438e-06
11.14	-7.392044299805257e-06	1.3042487311106088e-05	0.0032237447263472217	-3.109086648755624e-06	6.049238390045228e-06	0.0027418994176324363	-0.0003190006081863485	0.0003318654093222723	6.568191747185013e-05	-0.00020229092702020156	0.00019309862149284154	2.9434712375449682e-05
11.15	-1.0336908989976036e-05	1.5727768814456983e-05	0.0032247101349803047	-5.137363896548773e-06	7.860005961592923e-06	0.0027424581664054286	-0.00025924545610195825	0.00020667443174123034	0.00013444152605090331	-0.00020768781185082598	0.00014813814793663676	9.26115166459361e-05
11.16	-1.269840562273058e-05	1.733828093336908e-05	0.003225841768978393	-6.710140352095143e-06	8.940346256884526e-06	0.002743225808078752	-0.00021456859116303226	0.00010762068433184852	6.328748590039679e-05	-0.00012250180166060434	8.049592721218528e-05	7.650529088727748e-05
11.17	-1.4227424353080372e-05	1.7895993333400435e-05	0.0032257500598456973	-7.458094819245032e-06	9.400176354444506e-06	0.002743683059148444	-9.831839362231262e-05	1.1985542115497542e-05	-6.500709149323516e-05	-4.6648069150271485e-05	7.400054959995584e-06	3.5219243239680984e-05
11.18	-1.4668292446166156e-05	1.763409487947674e-05	0.003224906493233492	-7.761250472646077e-06	8.85113722101466e-06	0.0027436833735909015	-6.52829434787963e-06	-7.114471729108232e-05	-8.96038738873451e-05	5.249809764113775e-06	-9.182962946013033e-05	-3.8178417327151494e-05
11.190000000000001	-1.4038814820241592e-05	1.642380228287305e-05	0.003224174391923355	-7.47471675648589e-06	7.691071205675136e-06	0.00274310123460109	0.00013918423797780414	-0.0001780052468786525	-5.246528521083354e-05	6.943306926097774e-05	-0.00014590147699775446	-7.68746794248841e-05
11.200000000000001	-1.225502175798635e-05	1.4364666253928928e-05	0.003223831449364557	-6.3892405660366525e-06	6.1259657321387475e-06	0.002742442855736041	0.0002075894426580145	-0.00023149400904380764	-2.821573873842594e-05	0.00014059271315557145	-0.0001666495318992683	-6.618353051453862e-05
11.21	-9.977701991888934e-06	1.1664405163671255e-05	0.003224099073551433	-4.943399318656961e-06	4.228297521142405e-06	0.00274186989062235	0.0002421819038230206	-0.00028184330388986313	4.809548749727837e-05	0.00016828096524356605	-0.0002011759412764224	-5.409638455610037e-05
11.22	-7.003745188172832e-06	8.79965265904333e-06	0.003224602277126125	-3.155796972203049e-06	1.8122606005486972e-06	0.0027415078953397765	0.0002974694006159038	-0.00029384856599325756	6.608275484444869e-05	0.00019583335319584312	-0.00027595793612034337	-2.878126483766277e-05
11.23	-4.044649220476414e-06	5.841009824439287e-06	0.0032251918726927675	-1.0573252312328502e-06	-8.583635457542417e-07	0.002741706893503807	0.00026339554289964346	-0.0003137701516771718	3.438225132731119e-05	0.00022075761257020886	-0.00024277641488441962	6.995626219365864e-05
11.24	-1.2696367653098194e-06	2.5897149721666097e-06	0.003225369393290044	1.2278656344399567e-06	-2.986609098679332e-06	0.002742816799129674	0.0002656165473809866	-0.000316695523402713	-2.8367710986293638e-05	0.000224613378462314	-0.00015229541449638417	0.00015218582804656962
11.25	1.2524622850588779e-06	-4.05174583433831e-08	0.003224847716231848	2.9073825293254465e-06	-4.202194332578787e-06	0.002744451264648463	0.000247888259179772	-0.00020308727507876566	-7.644061743158906e-05	0.00014757652284432004	-8.967221626531977e-05	0.0001240445149315291
11.26	3.4181037641079535e-06	-1.874118603178568e-06	0.0032244272021219123	4.197518614358236e-06	-4.6017166543284235e-06	0.0027450516655618405	0.00017202335683353875	-0.00013945361349051522	9.799776191832812e-06	0.0001085621156418698	1.1043085770863882e-05	-3.361006612402397e-05
11.270000000000001	5.101460331896556e-06	-2.8212087003057425e-06	0.0032250312489920667	4.881642098861129e-06	-4.0245513138797465e-06	0.0027436768114800416	0.00016741778429140997	-5.775361770818892e-05	9.881370343900659e-05	3.755230620081282e-05	0.00010001065203278388	-0.00018323756579679437
11.280000000000001	6.652467887049614e-06	-3.1503385918362503e-06	0.0032258663244541966	4.970029870059822e-06	-2.8995392608090495e-06	0.002741935103759761	0.0001377356694491345	-1.904369022121346e-05	6.438324898120365e-05	-3.712814619727803e-05	0.0001040788017344578	-0.00015260004673408692
11.290000000000001	7.866397308871011e-06	-3.3154870628197044e-06	0.003225728783468425	4.457559812424127e-06	-1.8506752272436327e-06	0.0027409418540650494	0.00010122999566131094	2.6234607290526597e-06	-8.094264783084788e-05	-7.94358178117007e-05	9.696327184561328e-05	-2.6568058127509832e-05
11.3	8.816930955043032e-06	-3.313960978948096e-06	0.0032245105804612545	3.6398560969810345e-06	-5.407605361256345e-07	0.002741478796711405	7.338061613002237e-05	-7.093229143384308e-06	-0.00013860714660505742	-8.072552239732246e-05	0.0001586092310510535	0.00010610715780672368
11.31	9.247399229631995e-06	-3.185034148656474e-06	0.0032236045061411634	3.004298464223772e-06	8.880119169052709e-07	0.0027427365589266822	2.1290216024465126e-05	2.9958485478974786e-06	-5.889976596198369e-05	-5.425397573047326e-05	0.00011969943778543283	0.00013215419499560627
11.32	9.472476149366907e-06	-3.328965873311939e-06	0.003223735938393752	2.4077768068270917e-06	2.1861827045587943e-06	0.0027436084794214993	3.6480351512243056e-05	-1.516934821043609e-05	8.364983728711814e-05	-4.62017343339672e-05	0.00011625247519625973	4.2633281330018875e-05
11.33	9.549479158171155e-06	-3.5061848103720107e-06	0.0032250858806757666	1.7773928654788546e-06	3.226115204193983e-06	0.002743822768333483	3.326412546585501e-06	-3.253262002644006e-05	0.00016755751725817096	-7.715689856407966e-05	7.759902908405873e-05	-2.7282724920640183e-07
11.34	9.40058384343439e-06	-3.949425161738672e-06	0.003226527733809763	8.128151028711714e-07	3.7828948823375885e-06	0.002743676212579102	-2.8381612389973697e-05	-4.9723708075914394e-05	8.558717994048275e-05	-9.527198311936503e-05	1.9810013387391163e-05	-3.333567798334232e-05
11.350000000000001	8.910513158719749e-06	-4.759534207294798e-06	0.003226619734796967	-7.645815470216809e-08	3.944197834922201e-06	0.0027432574234957283	-5.2446886141713805e-05	-8.14473473208442e-05	-6.098028217503461e-05	-7.862689168242922e-05	-9.4902526370088e-06	-7.38926607037001e-05
11.360000000000001	8.457553963071235e-06	-5.654450770681291e-06	0.0032251346415117614	-5.513068397931061e-07	3.6086400465839384e-06	0.002742473606091759	-5.3800230241217374e-05	-8.986426294221301e-05	-0.00018069763553380463	-3.159759454889143e-05	-7.034795669337342e-05	-6.168001604658765e-05
11.370000000000001	7.872529889288767e-06	-6.650689055806244e-06	0.003223434505837398	-8.504234350874036e-07	2.8178637281853192e-06	0.002741939479186348	-4.5089019440497546e-05	-0.00011304813374170023	-0.00012825737568703444	-1.141090559216873e-05	-8.086868440409084e-05	-3.1171992713554945e-05
11.38	7.245371510149838e-06	-8.0751366305058e-06	0.0032229367066251543	-9.804843137523727e-07	1.9016429288419963e-06	0.002742003174007167	-6.353929638596307e-05	-0.0001403948112607898	2.4855971506129875e-05	1.8971056094042663e-07	-0.00012509935717006866	2.7781424448349017e-05
11.39	6.507964481837561e-06	-9.607694130780887e-06	0.0032237798668657393	-6.092241682024474e-07	7.424263681405695e-07	0.0027426223406214066	-7.22236310687003e-05	-0.00016095638007681984	0.00012238375175974888	3.784358715969274e-05	-0.00011454054698664967	7.845199468165514e-05
11.4	6.13187615690172e-06	-1.0882366633631085e-05	0.003225145685594195	-1.2117623173520953e-07	-7.864268261899784e-07	0.002743327259742332	-2.928411243797499e-05	-0.00012367851148149968	0.00012457873143842534	5.022909341526087e-05	-0.00017722034796202902	7.820107875583861e-05
11.41	5.96928960269497e-06	-1.2059122504660717e-05	0.0032260237124546736	6.949087923714332e-07	-2.5954993215141494e-06	0.0027438531216901325	1.722556917730641e-06	-9.799604400020443e-05	4.739477938337482e-05	8.470887924685951e-05	-0.00017506093261787778	1.804813704961582e-05
11.42	5.830168994689517e-06	-1.274567554253913e-05	0.0032260389674880255	1.4274928248966332e-06	-4.156050541585694e-06	0.002743682141738481	-2.3868952470084942e-05	-5.176474514780973e-05	-3.2796848387031494e-05	6.534916114100454e-05	-0.00012631589249648012	-4.62233122341851e-05
11.43	5.3594707487019755e-06	-1.2972803391368506e-05	0.003225275606231012	2.1691736229050726e-06	-5.497248944901136e-06	0.002742962243877416	-5.049974599981684e-05	2.330417438883257e-05	-8.692749054725599e-05	8.943066292961569e-05	-0.00014955507269350326	-9.594040953838093e-05
11.440000000000001	4.675660574235846e-06	-1.2187275644596306e-05	0.003224216669185025	2.9665529907694854e-06	-6.922385777652976e-06	0.002742307509482578	-8.836577838910241e-05	0.00012640973596890438	-0.0001156724489817762	6.866620586474369e-05	-0.000124771350467147	-3.283054445516259e-05
11.450000000000001	3.613827597380488e-06	-1.0634545767782862e-05	0.0032232993129442744	3.563772398929864e-06	-7.972387863178318e-06	0.002742232512215241	-0.00011276127222918083	0.00017806076424082366	-4.759439229199082e-05	5.158800791118451e-05	-7.372553381110195e-05	1.3330124752255243e-05
11.46	2.3323346551099365e-06	-8.400227335344052e-06	0.0032232943172457937	3.995040500385294e-06	-8.480600079795445e-06	0.002742561156299476	-0.00014164403644755885	0.00027436398794182575	5.5397929401461436e-05	1.7102043053785665e-05	-5.045836365213157e-05	4.9283033072309427e-05
11.47	5.464412988579667e-07	-5.280846191585247e-06	0.003224125428768054	4.3661900104617776e-06	-8.64600641708905e-06	0.0027428210098609813	-0.00019298084806621557	0.0003764021876558122	0.00010570493861344129	1.7222511489250733e-05	1.0726173929725688e-05	1.4838378384231272e-06
11.48	-1.377572899457256e-06	-1.0304748030209015e-06	0.0032252068915595866	4.405206126874325e-06	-7.99868129820529e-06	0.0027428026478081907	-0.00019416281329392814	0.000482005312267264	9.04920110587731e-05	-2.7432168371738796e-06	0.0001118557803380109	3.6273616601097035e-06
11.49	-3.5992421446766177e-06	3.9968159550978306e-06	0.0032257630769841673	3.904800442334753e-06	-6.266087359664722e-06	0.0027429185911527526	-0.00022877871062402112	0.0005100339679099835	1.787140401367668e-05	-0.0001014407501910187	0.00023002356717601648	1.6509177093001444e-05
11.5	-5.847180878643595e-06	9.304805633293666e-06	0.003225736939618501	2.5345782369659425e-06	-3.661725620804271e-06	0.002743020617660023	-0.0002303494787044992	0.0005605526802333962	-4.20583580032346e-05	-0.00017711202055866395	0.00030768531122955036	1.2150063543170348e-05
11.51	-7.898091257835742e-06	1.4968976551258874e-05	0.0032250374896499357	6.179703116461298e-07	-4.1054996114575563e-07	0.002742897127795371	-0.00020448876320238121	0.0005447986172730508	-8.376703972941609e-05	-0.00020661685895237533	0.00033623102714242637	-9.489210304751526e-06
11.520000000000001	-9.92566772234954e-06	2.021528698643797e-05	0.0032241782152410393	-1.4901651496273965e-06	2.8300600122129195e-06	0.002742769744680918	-0.00020887757248976794	0.0005116387968454291	-5.818445641573757e-05	-0.00022989798950699884	0.00029947766373289263	3.22511493410828e-06
11.530000000000001	-1.1862790835649358e-05	2.5219236977770696e-05	0.0032241324167628705	-3.937412756395695e-06	5.775505230279343e-06	0.002742923366585938	-0.00013787096484129636	0.0004799037315615298	2.7944777868958457e-05	-0.0002459695213190496	0.00031938463858017624	1.516654762167765e-05
11.540000000000001	-1.2977350329806766e-05	2.963227546151167e-05	0.003224644892913406	-6.192596085119012e-06	8.95908242113443e-06	0.002743239375002562	-7.634054427873515e-05	0.0003981975359913902	5.015106686086747e-05	-0.0002112184746515145	0.0003006371947930514	4.889092883301346e-05
11.55	-1.3201439700887013e-05	3.2779007717314444e-05	0.003224867797169335	-8.09217255031284e-06	1.16919816543889e-05	0.0027438641983581215	5.334162721418468e-05	0.00024139837397839516	2.1075557674756144e-05	-0.00015212306777877407	0.00023560280458591112	4.196323785840899e-05
11.56	-1.2251709565462426e-05	3.446060176705954e-05	0.0032250432017972494	-9.533100732785245e-06	1.3920798971209519e-05	0.002743978066641251	0.00012944109941235972	8.608736150633397e-05	2.704969022848689e-06	-0.00013121815914202034	0.00017987856562301998	-5.585202045635033e-06
11.57	-1.043954261747846e-05	3.475004065969246e-05	0.0032249143713244544	-1.0426175650714412e-05	1.5149464160561437e-05	0.0027436004443094357	0.00024275089974660856	-1.966120547968234e-05	-2.386503855465608e-05	-3.7031196200276164e-05	8.427536822030702e-05	-7.591019363891181e-05
11.58	-7.619337693699093e-06	3.365686584590977e-05	0.003224901242284099	-1.015083971778711e-05	1.5296339839482416e-05	0.0027425359622214878	0.0003263909476711836	-0.00021246634570677483	-4.3533976383297e-06	7.517231887764376e-05	-4.8830798866598475e-05	-0.00011663007107933237
11.59	-3.884035219642382e-06	3.0876179546134024e-05	0.003224898813048208	-8.83278295203746e-06	1.4445346086584753e-05	0.0027417023149510474	0.00043537132092868254	-0.0003303084836101816	-3.5843695492074816e-05	0.00018882849228693936	-0.00012524547759471655	-3.824753637639647e-05
11.600000000000001	7.477060041536846e-07	2.666121567030075e-05	0.0032244699050978315	-6.7898292322669026e-06	1.2781454914719804e-05	0.002741824695894963	0.0004755660342026224	-0.0004731541126338189	-5.598097568327198e-05	0.00022755866462035172	-0.00020953516367230136	5.034057818478375e-05
11.610000000000001	5.656753851045356e-06	2.123752242967032e-05	0.003224106534912113	-4.24112515987725e-06	1.0058582298247693e-05	0.002742302596077786	0.0004789187838432831	-0.0005993399481287412	-4.611411642546873e-06	0.0002898994553162278	-0.0003282259121275781	4.675600779369582e-05
11.620000000000001	1.084311981691122e-05	1.4846390587882553e-05	0.003224331826302175	-1.0182074464171018e-06	6.419530291721847e-06	0.0027426187941012965	0.0005236702278922146	-0.0006841974402325943	2.8138582985214212e-05	0.0003213243907144133	-0.0003828642400222551	3.8030496144273825e-05
11.63	1.5960759286501345e-05	7.639072163311772e-06	0.003224644144303404	2.3274380410583942e-06	2.4904346512663537e-06	0.002743028412716337	0.0004882687103359749	-0.000754005821634162	3.946604429949287e-05	0.00034585675072146526	-0.00039085965901644105	4.7844436683910465e-05
11.64	2.059063000993361e-05	7.064579946473042e-08	0.0032252180424508763	5.8721812753796285e-06	-1.4069790143986272e-06	0.002743181681219224	0.0004399836836140886	-0.0007517287391285272	5.572320111000039e-05	0.00036609179196584634	-0.000381553626352111	-1.7779612414064984e-06
11.65	2.4481114080781996e-05	-7.286118121343401e-06	0.0032255434708377863	9.526532989457453e-06	-5.019072417449513e-06	0.0027431135184430603	0.00033016659699136054	-0.0007078644359678316	-6.04499692033005e-06	0.0003387225435944383	-0.00032799118162200576	1.3587176775675039e-06
11.66	2.712958233413381e-05	-1.3748191725497226e-05	0.0032251412764005	1.2651526189104177e-05	-7.95475014669884e-06	0.002743064711099708	0.00018153163438301584	-0.000571232106570365	-6.904793558063748e-05	0.0002794410613048171	-0.00027654950874023376	-1.0064633489460921e-05
11.67	2.8339099162074044e-05	-1.870233440779889e-05	0.003224648269554363	1.4979070153199042e-05	-1.0324083519992485e-05	0.0027428878011958777	4.44564796177965e-05	-0.00041922841590564055	-2.893293270198966e-05	0.0001637415760829144	-0.00018333141044824027	-1.814254670344077e-05
11.68	2.7769315097443256e-05	-2.2184658240830233e-05	0.003224355661816446	1.572969219623506e-05	-1.185399022152583e-05	0.0027427206540908662	-0.0001543781471152697	-0.00026078551047594106	-1.0627522655954122e-05	-1.95356030847606e-05	-0.00011580926567347895	-2.4736967311917742e-05
11.690000000000001	2.5163812347357252e-05	-2.389947301932599e-05	0.0032244129722825256	1.494478081282288e-05	-1.254695152801067e-05	0.002742400716482679	-0.0003351895704547569	-8.744326723308036e-05	2.421299676411109e-05	-0.00011494812956951522	-2.065551674776512e-05	-5.276438743073206e-06
11.700000000000001	2.0929418658084392e-05	-2.401985003172703e-05	0.0032247285136840754	1.3198324634528196e-05	-1.2566942421779614e-05	0.0027427047435473095	-0.0005037239537312563	6.187231155862393e-05	4.7337467025179174e-05	-0.0002475552405502893	4.6595700164581516e-06	4.9928271257566756e-05
11.71	1.5341496847635233e-05	-2.2570432802537416e-05	0.0032249334528517723	1.0030189590609302e-05	-1.1948856439556692e-05	0.002743209262189253	-0.000613740774107593	0.00022196991605529943	-2.38817467210631e-06	-0.00037073485782115857	0.00014404047813359452	4.699501362449553e-05
11.72	8.704936388962275e-06	-1.9692294239948965e-05	0.003224962004433106	6.155693707344891e-06	-1.0083145068147992e-05	0.0027434989129535943	-0.000688041751301948	0.0003503724953007486	1.0702501328491243e-05	-0.0004200575070655884	0.00020597459702039933	3.1973368598487135e-05
11.73	1.4389525389684982e-06	-1.5817298860386218e-05	0.003225123088947504	1.7112366632091419e-06	-7.6023017194100385e-06	0.0027434534791794278	-0.000734857009947361	0.0004461068549756951	1.7964966370204764e-05	-0.0004567838421739433	0.0002719249816976866	-4.2927748743375166e-05
11.74	-5.647091773414896e-06	-1.108508274920883e-05	0.0032252074021333283	-2.705840705424707e-06	-4.723074667884914e-06	0.0027429389860009557	-0.0006593670562723239	0.00048755353605401655	-7.068265326776534e-06	-0.0004414530277787395	0.0002976037955150869	-5.064499114830108e-05
11.75	-1.1996817137067945e-05	-6.137381755220955e-06	0.003224981166666618	-6.853131102873015e-06	-1.6794028490176533e-06	0.002742449384946466	-0.000575790960675359	0.0004823827443649759	-5.01879140750854e-05	-0.0003750715710845455	0.00032920860982621974	-5.380248916636276e-05
11.76	-1.7182089812233255e-05	-1.2427808711863783e-06	0.003224225442630718	-1.0198390163119062e-05	1.2429354429216375e-06	0.002741967503730421	-0.0004505951404012212	0.00047382358746665313	-7.581281538713349e-05	-0.00029312430009753815	0.00028306691411227297	-2.4336341841637735e-05
11.770000000000001	-2.085534160320469e-05	2.961538346951954e-06	0.003223812423230742	-1.2849915540622397e-05	4.012448992546738e-06	0.0027420400452111554	-0.0002611875694827033	0.00037859898423297725	-4.903353886483422e-06	-0.00022625959193433765	0.00026390051745890994	3.178997715158387e-05
11.780000000000001	-2.2490429292082012e-05	6.308319887375051e-06	0.003224082899526811	-1.455730539292186e-05	6.288703362916441e-06	0.0027424425980008683	-7.154168234762137e-05	0.00027306062691581916	4.170358217401582e-05	-0.00013075822888000783	0.00018438148337572227	4.2521573711622095e-05
11.790000000000001	-2.2504815464575694e-05	8.767421711527431e-06	0.003224723804895806	-1.5225516815777547e-05	7.629101280053261e-06	0.0027427927216929	7.749251774117609e-05	0.0002233509571881719	6.391956626355652e-05	-9.57690344281336e-06	7.763017044884044e-05	3.604830749720029e-05
11.8	-2.0988237429799586e-05	1.0620240935113465e-05	0.0032254212736535933	-1.4839946635806025e-05	8.197749391030507e-06	0.002743071381468669	0.00021870653623413562	0.00015184281836870599	5.356494053363101e-05	9.09777833412213e-05	3.2488528530258775e-05	1.4685767261488887e-05
11.81	-1.8135822415975316e-05	1.1436054655886605e-05	0.0032252775315540372	-1.3361698885529421e-05	7.983558523682283e-06	0.002743225423015211	0.00036406825577457404	6.922784173062906e-06	-6.089061640620165e-05	0.00019509757199584428	-5.6637384738902575e-05	2.155724057969125e-05
11.82	-1.3625359596349738e-05	1.0975612337243574e-05	0.003224671092480312	-1.0972795719891852e-05	7.251809721889673e-06	0.002743105808810105	0.0005092268039141897	-9.711392884834583e-05	-6.001534859895373e-05	0.00027493336030930154	-8.929645060802758e-05	-2.4002353344026857e-05
11.83	-8.269301046373694e-06	9.471999462582782e-06	0.0032243092032048525	-7.774777742696729e-06	6.0115048746535304e-06	0.0027427107051674043	0.0005594513936925411	-0.00018156307169602445	-2.7023685853459992e-05	0.00035834224031146576	-0.00013643017114480213	-5.331096515168501e-05
11.84	-2.275863892503638e-06	7.356345727472971e-06	0.003224255008422617	-3.878545880557505e-06	4.317574789589409e-06	0.0027423274584178806	0.0006027513899567795	-0.00021708947333936665	2.1261794622997924e-05	0.00041461601287190073	-0.00019408436440884072	-1.2062476487553922e-05
11.850000000000001	3.980287552594854e-06	5.170572149618986e-06	0.003224689324651616	4.4030233312968994e-07	2.2028979306015946e-06	0.002742325012347236	0.0006566169117727021	-0.00023549763040087005	5.9102339314387905e-05	0.00044642447441182456	-0.00023430682111393421	-5.374065414748416e-07
11.860000000000001	1.0317515551672798e-05	2.5510967909868387e-06	0.0032250936894802577	4.916070297345615e-06	-1.14192310111006e-07	0.0027425529490995326	0.0005985254438753352	-0.00026576776948467664	2.7476109192500378e-05	0.0004445498926715097	-0.0002437716721344212	2.953878782304768e-05
11.870000000000001	1.5807834805034304e-05	-1.3756807433310974e-07	0.0032250426847407077	9.417336074152567e-06	-2.4904665726077804e-06	0.002742875229361896	0.0005172087740757461	-0.0002716236422145185	-1.3049532137948916e-05	0.0004295856954060092	-0.00021289864758635246	2.873561681204002e-05
11.88	2.0268653006437426e-05	-2.6082422146974447e-06	0.003224934481668032	1.3357924529736018e-05	-4.475086214514467e-06	0.002742974933939292	0.0003612223431066504	-0.00022098364878661052	-1.0215446022237357e-05	0.0003425207274863769	-0.0001874611881699496	-1.6864677629815212e-05
11.89	2.2996575920165295e-05	-4.559103380165674e-06	0.003224884852896868	1.605288252233114e-05	-5.961861560408963e-06	0.0027426773882757525	0.0002043379915258306	-0.00017601766307752135	-9.05034230196785e-06	0.00018857062134004397	-0.00012366606890054223	-3.6286358397262556e-05
11.9	2.4188191863724326e-05	-5.819355986918398e-06	0.003225012401576813	1.751621369203523e-05	-7.0912338408540344e-06	0.002742520476715743	4.6673268886281274e-05	-7.078907657062146e-05	7.473735478761089e-06	8.161660506781946e-05	-0.0001036227525459874	-2.4161146967053773e-05
11.91	2.3525392155029823e-05	-6.365752652337174e-06	0.0032250145743046026	1.7521854128327853e-05	-7.681232959662674e-06	0.002742302633644405	-0.00016455196004845602	-2.1515538710221698e-05	-6.557606911468309e-06	-9.268848601619282e-05	3.296617433482303e-06	-2.2434735389822614e-05
11.92	2.0935782662306653e-05	-6.091745212066341e-06	0.003224645636522886	1.6017243889796413e-05	-7.171608393119446e-06	0.0027423529842081984	-0.0003410604893358071	7.990843298642815e-05	-4.402294893583385e-05	-0.00020388072457199448	0.00010849539052740817	4.480502234073364e-05
11.93	1.6496392251356758e-05	-4.6764911403413565e-06	0.003224413457388398	1.3147977539261419e-05	-5.840565639156049e-06	0.0027429326535782722	-0.0005025379179242236	0.00019522815264459757	-2.1718770987997953e-05	-0.0003627718092712165	0.00014442835601442093	5.2858316003053715e-05
11.940000000000001	1.0720482989811464e-05	-2.705906800767371e-06	0.003224489573782246	9.07537627437218e-06	-4.098867402211947e-06	0.0027433620190043203	-0.0006485777827886253	0.00020863673979995952	1.727623710544276e-05	-0.00043465168962055086	0.00022849518469675973	3.1259674964489993e-05
11.950000000000001	3.7952117475420194e-06	-2.216857288558385e-07	0.0032246283291766796	4.325859820709501e-06	-1.8072296856311567e-06	0.002743286419367164	-0.0007100318142930803	0.0002811402482541517	2.630375811874801e-05	-0.0005124641833684277	0.00025195394673053356	-2.8302006856475102e-05
11.96	-3.281271071910406e-06	2.457547249947556e-06	0.0032249934658870553	-7.663153939273913e-07	7.460147289832068e-07	0.002742908824395947	-0.0007021155869196817	0.000252586817127929	1.539530449102427e-05	-0.0005046917979469179	0.000265599335584278	-5.126501822086845e-05
11.97	-1.0161891585514597e-05	4.867487161323985e-06	0.0032248810505208342	-5.4624149013323725e-06	3.276992050914877e-06	0.0027424003246116204	-0.0006434399229548947	0.00024300184509715516	-1.5048697800765211e-05	-0.000438557025072124	0.00023376348951653395	-3.0956541458347376e-05
11.98	-1.5860114175772173e-05	6.878011329987451e-06	0.0032247075099712708	-9.33450696783894e-06	5.481649040999848e-06	0.002742470558472334	-0.000498723131965736	0.0001732702853344747	-3.4278821030755765e-05	-0.00033749772310458286	0.0002105213429064514	2.2366474395720917e-05
11.99	-2.0222818790102367e-05	8.384793304421573e-06	0.0032244808507618586	-1.2039479438509366e-05	7.466607069084988e-06	0.0027428514872032605	-0.00035650765936325393	9.703925601998348e-05	-1.2555315993776519e-05	-0.00022155446825478973	0.00017372662298418743	4.1230762587043897e-05
12.0	-2.3330341005191775e-05	8.885690178366263e-06	0.003224604329958414	-1.3737859182925388e-05	8.817795291305229e-06	0.0027432115071777496	-0.0002450908165906346	-2.9156253231091327e-06	3.243309394563729e-05	-0.00011703500315311814	9.711236868050561e-05	7.191169658706194e-06
12.01	-2.486632577644156e-05	8.112451151291436e-06	0.0032249639070147324	-1.4357247952156106e-05	9.253657148072545e-06	0.0027430115453335882	-4.232180523995018e-05	-0.0001372962967324352	3.590410707103187e-05	-1.3404564899778206e-05	2.6007865485192635e-05	-2.7803445015601732e-05
12.020000000000001	-2.4537412969632638e-05	6.09498258294228e-06	0.003225189906763211	-1.3984227066008823e-05	8.792404093945085e-06	0.0027429619908571038	9.497811064637026e-05	-0.0002764206665747555	1.9174147162438715e-05	8.692599790521839e-05	-0.00010518911164515991	8.728174553969248e-07
12.030000000000001	-2.264833959797005e-05	2.93220114984618e-06	0.0032251187761860277	-1.2559950013984434e-05	7.279991163199356e-06	0.0027428330002643732	0.00026514238949765977	-0.00032690763021884844	-3.019019416235137e-05	0.00018870324347274538	-0.00019776123076856243	-2.8277402514882577e-05
12.040000000000001	-1.9547858247203176e-05	-6.174904904196245e-07	0.0032246387648979134	-1.0279186510505212e-05	4.819308069727305e-06	0.002742489038024553	0.0003529324892518159	-0.0003559086812189891	-6.642586144061624e-05	0.000287454577936784	-0.0002750150742872916	-3.392469538420609e-05
12.05	-1.5841680335242454e-05	-4.240855485098085e-06	0.00322395679674031	-7.287215143781943e-06	1.9290154713167624e-06	0.0027422978094213844	0.00038958101907044245	-0.00036935277939805633	-4.36099417472688e-05	0.00030478179345507254	-0.0002922353749834373	-4.091159822185892e-06
12.06	-1.1588948005014255e-05	-7.991348626107655e-06	0.0032238332476833198	-4.148617108975092e-06	-9.169586059821159e-07	0.0027425236280482035	0.0004407710967026179	-0.00036270683283396815	4.057309163143127e-05	0.00031979479755149623	-0.0002775993806959696	4.1816902980586016e-05
12.07	-7.161661705877619e-06	-1.1495455348814008e-05	0.003224512332235467	-1.0373439261339133e-06	-3.45112504087708e-06	0.002742805926425355	0.00041332982384272314	-0.0003255104847000532	8.132843755651613e-05	0.00029781792570800333	-0.00022794229208611633	7.499932411469333e-06
12.08	-2.9445757192784086e-06	-1.420714126451481e-05	0.0032252746832688323	1.9887627414901222e-06	-5.701109083788777e-06	0.002742980341228303	0.00041109459558550884	-0.00022908482686389073	5.6405984428470354e-05	0.00031235621646199895	-0.00020084146775023047	2.6612641628856985e-05
12.09	9.408019609558584e-07	-1.5880071962322095e-05	0.003225622790019431	4.726870068133741e-06	-7.828657395419653e-06	0.002743208140032475	0.00035065365251201483	-0.00010635721938744141	-6.584577359075511e-06	0.00023028887910127557	-0.0001735347305808987	1.5291376419526533e-05
12.100000000000001	4.119765133404713e-06	-1.6246924308493612e-05	0.0032253078320616936	6.849843255259598e-06	-9.232001657531733e-06	0.0027432855996094466	0.00028084675925020634	1.1874018304693119e-05	-6.835356762787325e-05	0.00019117404897200314	-0.00011349887884101918	-1.5913731930726407e-05
12.110000000000001	6.512080313011511e-06	-1.5585538666649833e-05	0.0032243480486433655	8.243309756337364e-06	-9.986303133024565e-06	0.002742980509986499	0.00019460386511309548	0.0001231541840258629	-0.00010151515777075396	9.741259512303833e-05	-3.608294038365142e-05	-4.659381827548524e-05
12.120000000000001	7.776350945748858e-06	-1.3766845361267685e-05	0.003224063755100145	8.690944817921565e-06	-9.849828776914525e-06	0.0027427030291212635	5.5632041266711414e-05	0.0002484902593865425	3.1088037053821035e-05	-9.923720265440909e-06	6.394895469350236e-05	-2.301243588173986e-05
12.13	7.761630046705785e-06	-1.1139055709014041e-05	0.0032247242391140866	8.259044030294417e-06	-8.652594499866383e-06	0.002742297489136222	-5.1242930696528825e-05	0.0002829556500385776	6.92876352532162e-05	-5.90499360603572e-05	0.00016622802729243755	-3.5645521730239186e-05
12.14	6.722816013937322e-06	-8.006039749922854e-06	0.003225092203470122	7.128128225628954e-06	-6.714140308651708e-06	0.0027422348105572212	-0.00015267830600077423	0.00036807794782016596	1.607668239784401e-05	-0.00017194017932827885	0.00024234245788465583	1.441659120118196e-05
12.15	5.037334104533591e-06	-4.10741363939392e-06	0.0032251076782893197	5.390417664970992e-06	-4.276602404301519e-06	0.002742386637720753	-0.0001784533836149575	0.00042543084247777306	-1.328065921239504e-05	-0.0001903985931980155	0.00025992293418593927	1.0064961876130683e-05
12.16	2.8644652145555584e-06	4.735328575684236e-07	0.0032247883939583474	3.2231023915124977e-06	-1.4636393824449735e-06	0.0027423675724225914	-0.0002514053012328783	0.0004847353428006859	-5.6253326904623656e-05	-0.00022955523268687893	0.0002988271518465897	2.1820208038910175e-06
12.17	-4.0826660920386023e-08	5.161777960926083e-06	0.003224099940047676	9.163751450810517e-07	1.560451486406665e-06	0.0027425800858486733	-0.0002977538558482814	0.0004542075204392099	-7.702828704428422e-05	-0.00023015931488407014	0.00028848829055321207	2.7513215758744068e-05
12.18	-3.218807714502085e-06	9.446506940489355e-06	0.0032238857069604235	-1.4461757571123459e-06	4.263077002713632e-06	0.0027428300407085072	-0.0002977621416579939	0.0003897404769533706	1.7655452879725416e-05	-0.00024250295854910025	0.0002573696487922977	1.3058276192576062e-05
12.190000000000001	-6.10292956248638e-06	1.3252959930256673e-05	0.0032245231176774103	-3.684091060706226e-06	6.404584704405164e-06	0.0027426743104823144	-0.0002860140713449812	0.0003551294656692847	7.916686917157547e-05	-0.00019639248157394295	0.00020776073584774136	-3.166810292326533e-05
12.200000000000001	-8.680378871323295e-06	1.6268162422507204e-05	0.0032250696841406635	-5.4599713116654156e-06	8.214383314465107e-06	0.002742306977338107	-0.00022956259452116407	0.00023959603983967633	2.4990216504378312e-05	-0.00016234632030012869	0.0001549268560091534	-3.086429763072266e-05
12.21	-1.0425443743162426e-05	1.7892894759419847e-05	0.003225202418486798	-6.7399040571851185e-06	9.678404349212578e-06	0.0027421631271027135	-0.00012671022059113784	0.00010050790919902608	1.807120085283499e-05	-0.00010285053750414028	0.00010528211348972806	4.928640034644581e-06
12.22	-1.1072888666766048e-05	1.847178985053148e-05	0.0032251816132406624	-7.527739014845985e-06	1.0456400088048052e-05	0.0027426571168717505	-1.7203908573366422e-05	1.4839205511923915e-05	-2.2716766476205832e-05	-4.670981432469792e-05	3.96895223144442e-05	7.222371761661511e-05
12.23	-1.0696128311223512e-05	1.794046356746791e-05	0.0032248245569427877	-7.953207578452441e-06	1.0444764493774032e-05	0.0027432725943919243	9.146609187630079e-05	-0.00012173100532903903	-5.3823359078289864e-05	-7.57138004116222e-06	-1.4428943839850761e-05	6.398833416448903e-05
12.24	-9.615712199935674e-06	1.6217065804434778e-05	0.0032242600894071844	-7.4875099983976e-06	1.002801480738683e-05	0.0027436889002282407	0.00012331229535749057	-0.00021981437030052194	-4.159106066882947e-05	7.766717283586911e-05	-7.823267858080443e-05	1.5272679214404323e-05
12.25	-7.717723074122427e-06	1.3670453899833829e-05	0.003224249487042937	-6.258612427696698e-06	8.919557249266368e-06	0.0027436317077518483	0.0002302384511662729	-0.0002962321861163713	3.696857431075255e-05	0.00015416940436365642	-0.00015531987206420306	-3.5806135331335286e-05
12.26	-5.123689218846844e-06	1.0211346710406623e-05	0.0032251386959983733	-4.441775262190021e-06	6.8129163757708e-06	0.0027429960448794198	0.0002814302345704992	-0.0003990760509725703	0.00010609655444345866	0.00019632862960764142	-0.00023619930552316165	-7.786672581274206e-05
12.270000000000001	-2.054565563707023e-06	5.826298418967138e-06	0.0032257912512416013	-2.2085854687750764e-06	4.327049624784399e-06	0.0027421583563643917	0.00031110807493525157	-0.0004635587469575072	3.808295451755746e-05	0.0002504962120414027	-0.00027545040232261413	-7.505531388033328e-05
12.280000000000001	8.897898958698328e-07	1.2213197929922064e-06	0.003225579934007697	2.4191920872210514e-07	1.5364963043376713e-06	0.0027415491162400244	0.00028556779717536833	-0.00046744841394704166	-8.524290396589986e-05	0.00024222396373410157	-0.00029454826740281067	1.1352662515848062e-06
12.290000000000001	3.880476859036497e-06	-3.246593813620952e-06	0.0032242312941481955	2.479906135732954e-06	-1.026942785930813e-06	0.0027421560854818615	0.0003011112131221658	-0.00043094547545407695	-0.0001601647493011021	0.00019245354302138348	-0.0002265596460282418	8.595974234164164e-05
12.3	6.835977477257588e-06	-7.201612706149635e-06	0.003222936801504252	4.2767314047029e-06	-3.5019335220513083e-06	0.002743144013511285	0.0002892917136122691	-0.0003685555223838229	-8.471186881170165e-05	0.0001525333039647121	-0.0002379814912944109	8.208842896881867e-05
12.31	9.22408118604294e-06	-1.0665044879331322e-05	0.0032229818934022777	5.572204999545639e-06	-5.707386201600273e-06	0.002743455389415226	0.00021700267115600793	-0.00031258106813449325	0.00011716750620777035	8.31646359965085e-05	-0.00018803803796980213	-1.0660076526481266e-05
12.32	1.0899110725777304e-05	-1.309454556820502e-05	0.0032247171813393704	6.134573381406938e-06	-7.478516001677505e-06	0.0027428477661526583	0.00011578450178160879	-0.00018549757052269304	0.0001743820280452132	2.0838078405219006e-05	-0.00014685328006481814	-8.703490729516087e-05
12.33	1.1730438975861486e-05	-1.4393071943574447e-05	0.0032264237310897117	6.1776197324983586e-06	-8.854560295047783e-06	0.002742093285975689	3.194197392546377e-05	-7.326324117496343e-05	0.00010806734068358783	-1.3011852456064613e-05	-0.00010676131926175282	-4.1175786412586165e-05
12.34	1.1896733670474355e-05	-1.4701470230541185e-05	0.0032266478178563074	5.914931001399896e-06	-9.517816499323342e-06	0.0027421801347899425	-3.103632375921808e-05	2.1059517562639796e-05	-8.809159688947274e-05	-2.7941665405852257e-05	-3.765186683611263e-05	7.107963736124717e-05
12.350000000000001	1.1316786049534351e-05	-1.4070361046526796e-05	0.0032254356385940978	5.325441201419674e-06	-9.36553294098027e-06	0.0027429503311925045	-9.980011446217558e-05	0.00011185888659906928	-0.00015312817466511726	-8.366701612174748e-05	5.816758501492583e-05	9.495397565557323e-05
12.360000000000001	1.0081456589679967e-05	-1.2452057796508546e-05	0.0032240144730799345	4.43882907240038e-06	-8.107028831960494e-06	0.0027436242997709165	-0.00014840918948734423	0.00020868000246087806	-0.00013724795850588071	-9.97425189396976e-05	0.00018208830228111814	4.4159454566272503e-05
12.370000000000001	8.377059949697929e-06	-9.942093182560996e-06	0.0032232537582275404	3.419653651891324e-06	-5.795730707805339e-06	0.0027437931426714302	-0.00018695161868557787	0.00030457906934827	1.2084426530056236e-05	-0.00011583445200310959	0.00025386964686723593	-2.6468228051473903e-05
12.38	6.383516629301996e-06	-6.666896343062565e-06	0.003224150921023249	2.4234222656692167e-06	-3.0898816779829574e-06	0.0027429977194335354	-0.00021677914285948925	0.00036083979447452854	0.0001538944717689142	-7.652273135842294e-05	0.0002708350564083491	-0.00012995433139700733
12.39	4.046865383744295e-06	-3.23013113154692e-06	0.003225761738525349	1.6974057053971834e-06	-2.689098396611671e-07	0.0027418484994476268	-0.00021727161674398295	0.0003370621019595641	0.0001343727074676874	-6.851080199773261e-05	0.00027734516295655165	-7.251217225934564e-05
12.4	2.0140923369374114e-06	8.37527206718995e-10	0.003226368269646916	1.040850925522533e-06	2.732942759172275e-06	0.0027418514082740864	-0.0001951898693122963	0.00030929450249014134	-2.080002917026983e-05	-5.883696682203402e-05	0.0003305230104645783	7.075454717023046e-05
12.41	-6.701271225978366e-08	2.6036073258907137e-06	0.003225498893818713	7.077537915229623e-07	5.473869321407671e-06	0.0027430201489257616	-0.00021916199420978294	0.0002285005418076167	-0.0001420444680883203	-3.818337316291239e-05	0.0002264844656976275	0.0001462778845749064
12.42	-2.3700785620202995e-06	4.6098351369106645e-06	0.0032238967446076264	2.4942011824203995e-07	7.2732732469328645e-06	0.0027441478639334414	-0.0002376305737278359	0.00016678280432136364	-0.0001579514143523744	-5.7979579800698414e-05	0.000131822496567562	5.270121088961865e-05
12.43	-4.8136133653382305e-06	5.751096632003248e-06	0.003223106592456133	-3.8371724785377217e-07	7.870352362557381e-06	0.0027439548431528716	-0.0002438112316754589	6.466421895819641e-05	3.3259106837057296e-05	-7.13246398473494e-05	1.4961224692400017e-05	-0.00010191465276964025
12.440000000000001	-7.3997085325457405e-06	5.734497838929142e-06	0.0032240701168280202	-1.1735645470876147e-06	7.57809731050945e-06	0.0027427692809704717	-0.0002413984335345142	-6.0035955932893136e-05	0.00015583438855248127	-9.261369517550741e-05	-4.2242240486804156e-05	-0.0001149592898266958
12.450000000000001	-9.659454523999329e-06	4.50033443276932e-06	0.003225752858884948	-2.108848041326965e-06	6.770690599276589e-06	0.00274181208138757	-0.00023485351484864436	-0.00017967600247770292	0.0001399742587362029	-9.225947849513823e-05	-0.00013467023367785496	-6.450163100447392e-05
12.46	-1.1836090315146839e-05	2.1148135445093057e-06	0.003226776388448594	-3.2365010197507493e-06	5.2191416977141255e-06	0.002741618543694377	-0.00019519141463093584	-0.00027603297897538866	6.466456438395085e-06	-0.00010302314417169291	-0.00019803000758314136	3.534314101850427e-05
12.47	-1.3458991355279386e-05	-9.382984343212733e-07	0.0032257519104433264	-4.118793202849709e-06	2.9538275402994333e-06	0.002742635563436911	-0.0001242461780189322	-0.00031751953316905664	-0.00019529390900002768	-9.183488349979512e-05	-0.0002471417032243691	0.00014102447160240625
12.48	-1.4329395689728538e-05	-4.304050685868741e-06	0.0032238228602760356	-4.849415737282317e-06	1.938342257514312e-07	0.0027438220865142753	-6.522251650745797e-05	-0.0003385244564528447	-0.00015831217804045697	-4.945933364137536e-05	-0.00031982421136393446	7.796828920471948e-05
12.49	-1.4686812325275293e-05	-7.483223948244286e-06	0.0032230485615755648	-5.350254597346535e-06	-2.8941668421687154e-06	0.002744144435615159	4.731894645950366e-06	-0.00030542293265377736	5.282649071233193e-06	-5.8322605687019435e-05	-0.0002723380036117011	-1.962854818209977e-05
12.5	-1.4434757877295942e-05	-1.0041756914686696e-05	0.003224010744838624	-5.889665556801029e-06	-5.28401108822713e-06	0.0027434570455521275	5.7334314013497635e-05	-0.0002054750031757242	0.00015188609920727472	-5.544020262026845e-05	-0.0002164564383017482	-9.947413760201751e-05
12.51	-1.3411590207515259e-05	-1.1875087335851083e-05	0.0032256778300135207	-6.294724699637788e-06	-7.062016604544097e-06	0.0027421395179228827	0.00017404996288859843	-0.0001740878679323975	0.00014312840157245017	1.272379929022201e-07	-0.00015123364786528095	-0.00013174828109769414
12.520000000000001	-1.146716070221055e-05	-1.313414652345852e-05	0.003226292053653897	-5.9545891034343616e-06	-8.394367893813998e-06	0.0027412800049897218	0.0002008188320405214	-4.8777421267261896e-05	-7.83219414431839e-06	5.5735686086876237e-05	-0.00012270117401624297	-3.9611562434145695e-05
12.530000000000001	-9.392342763726259e-06	-1.3263330844698956e-05	0.003225317017558718	-5.171716025495588e-06	-9.28173444787121e-06	0.002741657961612162	0.0002124868065579007	2.7387215031825798e-05	-0.00016505663842843703	0.00010363232683258746	-7.583642684597679e-05	0.00010297277706689088
12.540000000000001	-6.799697227622079e-06	-1.2667615565956031e-05	0.0032237129191439715	-4.041457158570305e-06	-9.559966389149205e-06	0.0027427644118044464	0.0002981063298331006	0.0001016027378709048	-0.00012996138693478534	0.00013603286161433558	1.5304459858848017e-05	0.0001118348950041203
12.55	-3.796028473699748e-06	-1.1032257281704195e-05	0.00322304186992399	-2.5694632111286742e-06	-9.111934391498333e-06	0.002743631309092709	0.00029357519705020793	0.00023020266604622877	1.2882239844913705e-05	0.0001445071021597768	9.730885292170151e-05	6.75216759045667e-05
12.56	-8.171824300415179e-07	-8.430837362278341e-06	0.003224004491209739	-1.0302881589318437e-06	-7.788038226346554e-06	0.0027436945511278214	0.0002903378631313169	0.00029370052488306196	0.00018590987344020544	0.00017444635902765686	0.00018887671384810618	-3.632961990713006e-05
12.57	1.8477555584125593e-06	-5.309880474584093e-06	0.0032259516263681985	7.303944869698831e-07	-5.5942465087377135e-06	0.002742955539734309	0.00026063793816227603	0.0003204767589916118	0.0001854647619130496	0.00016851933634479403	0.0002279036481872115	-8.404354447903667e-05
12.58	4.39341669960567e-06	-1.948845863795455e-06	0.003227028471244132	2.24723811005467e-06	-2.917070656179045e-06	0.002741957610124935	0.0002239956953610597	0.0003591437198287978	1.6312523554753685e-05	0.00011611036284219562	0.00029762910424990525	-7.198823253772153e-05
12.59	6.564262378116508e-06	1.8426841989492967e-06	0.003226129991678557	3.4243584000527584e-06	-4.31559513761904e-09	0.0027417671374967215	0.00020307560294394384	0.00039064216583093055	-0.0001957453035909655	0.00010916698165905529	0.0002894178874428148	4.606575713400676e-05
12.600000000000001	8.282692017533754e-06	5.577623161563214e-06	0.003223970086165543	4.056431972323894e-06	2.8061025927393604e-06	0.0027424891480896814	0.0001358583681465833	0.00033481577063526613	-0.00018734721372359406	3.731304331363993e-05	0.00024057316314569262	7.959815156983564e-05
12.610000000000001	9.535768385105076e-06	8.620710007038833e-06	0.0032226275346995317	4.463424521336381e-06	4.9535358316783135e-06	0.002742998743164274	8.518634972387048e-05	0.0002641946505299498	-6.728196252280477e-05	6.074368616605399e-05	0.00021760352530725432	-1.5023797368061501e-05
12.620000000000001	9.921112482639124e-06	1.0847707155960059e-05	0.003222939718100358	5.071629267477142e-06	7.130689024198543e-06	0.0027426710005309125	1.4297053546012622e-05	0.00017771066374385643	0.00012050704327360423	7.526971356637714e-05	0.00020692921633022208	-4.9851114428930254e-05
12.63	9.788997036313887e-06	1.2102336240522338e-05	0.003224611910025083	5.6246218469110264e-06	8.523858329289832e-06	0.0027420630753684765	-3.288089005916162e-05	7.515229449848337e-05	0.00020704854401206328	7.392856371811651e-05	9.923784078506238e-05	-3.558465081891117e-05
12.64	9.275549929194664e-06	1.220156693407256e-05	0.0032265186724311987	6.3549845059366195e-06	9.100121673796009e-06	0.002741937666702709	-7.621612187765702e-05	-4.662593712681087e-05	0.0001377156189875343	7.508596111114442e-05	1.0818776651827116e-05	4.028115283858992e-05
12.65	8.202508020892938e-06	1.1021349707117961e-05	0.0032268607437900628	6.898753640376632e-06	8.610801070978371e-06	0.0027428243855105176	-0.0001252307738128031	-0.00018117316799144115	-4.041858529877149e-05	1.7300155856367733e-05	-0.00010866159648805946	0.0001275003394727767
12.66	6.37165678107207e-06	8.825076959707005e-06	0.0032257112962010745	6.907949234661047e-06	7.141966348838767e-06	0.0027440943368774767	-0.0002549759890182498	-0.0002620205225220445	-0.00014909484278187993	-3.176601231824794e-05	-0.00018227374251961705	9.889694572618071e-05
12.67	3.4096023141402547e-06	5.8646756714584e-06	0.0032242888764652386	6.123150942533898e-06	5.097926478668184e-06	0.0027445970640212988	-0.00034650089712257097	-0.0003279510165219076	-0.00011495836740029238	-0.00012594179692316634	-0.00022972887343314887	-2.8183847411613368e-05
12.680000000000001	-3.7356229818046475e-07	2.3634052828182986e-06	0.003223532870598134	4.71976039850328e-06	2.817742316193183e-06	0.0027435954393539835	-0.00041739130793267575	-0.00036607706634963073	-2.396730152955622e-05	-0.00015150907939810113	-0.00023872454109385372	-0.00015358752847399775
12.690000000000001	-4.735610086640865e-06	-1.4378352701865074e-06	0.003224029074681449	2.970439821312898e-06	4.6232846857760017e-07	0.002741755227861568	-0.00045082744300886033	-0.00037459041478608466	0.00010825300558517494	-0.00020933594193851056	-0.0002453076925688321	-0.00017310529438638965
12.700000000000001	-9.239840658693688e-06	-5.048778400554831e-06	0.0032249279531509955	5.845412658242002e-07	-1.924761604820959e-06	0.0027405772320116765	-0.00044349478971628835	-0.00034481681642615304	7.549434838646942e-05	-0.00025799062807744556	-0.0002414731887511044	-6.251450295019082e-05
12.71	-1.3741099847825784e-05	-7.93502977022343e-06	0.003225129890294999	-2.0276120193944734e-06	-4.376256758042197e-06	0.002740602736953027	-0.0004346765642222002	-0.00022832949107557746	-1.494594878761981e-05	-0.0002659359327033149	-0.0002458232231146292	9.24746197207932e-05
12.72	-1.7666979306496983e-05	-1.01092906654344e-05	0.003224384488500563	-4.592763574770451e-06	-6.495208987985559e-06	0.0027420996229312114	-0.00036662999002379595	-0.00018304356936468949	-0.00010247871935217358	-0.0002614342354381069	-0.0001552035050560272	0.0001987261589800867
12.73	-2.084146597121823e-05	-1.1431017446132261e-05	0.0032236632904304825	-7.067807382192908e-06	-7.68557861940254e-06	0.002743958701028862	-0.00028224880871911	-7.143068249171878e-05	-3.866837198084643e-05	-0.00023991387341354387	-7.597213752078938e-05	0.0001511596781405029
12.74	-2.3086771088702643e-05	-1.187794080058591e-05	0.0032237899167178404	-9.111164970149808e-06	-8.332651073912534e-06	0.0027449001351880008	-0.0001629267418434411	1.3854226044904801e-05	7.397134152157377e-05	-0.00018428332067221492	-6.543232044820953e-05	7.84104681251848e-06
12.75	-2.4317022745468592e-05	-1.1370834512691234e-05	0.003225049349192534	-1.064941630658356e-05	-8.59747961357921e-06	0.0027440641054856368	-5.470221338493075e-05	9.569261481713903e-05	0.00015094738659980085	-0.00011485789891042456	1.3549310974320632e-05	-0.0001566824729658274
12.76	-2.4459270540682742e-05	-1.000445880378803e-05	0.0032262312851862557	-1.1330218039878778e-05	-8.022763191780739e-06	0.002742242331819191	3.3440802702901955e-05	0.0001717318580871522	7.174892054822898e-05	-4.49525661012024e-05	9.814567071428019e-05	-0.00019057977209256324
12.770000000000001	-2.349137647672114e-05	-8.085090883096758e-06	0.0032259288045629773	-1.1654774194461673e-05	-6.554408330063384e-06	0.0027409428590624845	0.000178323215595573	0.00022423537018025042	-0.00013607428250799822	-1.348448193204267e-05	0.0001681419448912677	-7.120056183949544e-05
12.780000000000001	-2.106419125310821e-05	-5.354928283228479e-06	0.0032239314219874395	-1.1455229973341519e-05	-4.5701919944162975e-06	0.00274113415417828	0.00032095511316068237	0.0003029855032278251	-0.0002236048635774746	2.6668654100745728e-05	0.00023593404337315032	8.942017150195539e-05
12.790000000000001	-1.7234570879320424e-05	-2.0617525594684624e-06	0.003222163457266686	-1.0970478117363788e-05	-2.081848490456807e-06	0.002742396005123212	0.00043794477660464274	0.0003277694180599378	-9.332659680838776e-05	8.927700688064641e-05	0.0002501607007557793	0.00013024812209174903
12.8	-1.2295755309349645e-05	1.3403781096151634e-06	0.0032225239825883043	-9.542460368493331e-06	5.615745425146546e-07	0.0027434049704126856	0.0005491022535105101	0.0003374149246431389	0.0001840373444602904	0.00015686299371778822	0.00027384425834225376	6.373470947847813e-05
12.81	-6.415568447703711e-06	4.43613736584116e-06	0.0032250561597815196	-7.754847208110624e-06	3.0035608644216435e-06	0.0027436763910557377	0.0006211609596765423	0.0002737930582605485	0.0002844161847969276	0.00020587754763219692	0.0002217017418382487	4.624488988000524e-07
12.82	4.1626036140956476e-07	6.922207435446352e-06	0.0032274612003341265	-5.379030145002628e-06	5.161009342358726e-06	0.002743508312410098	0.000702987507116807	0.00021003155496658853	0.00013867036151304647	0.00027211363988216986	0.00019351606444395172	-4.862673444505125e-05
12.83	7.557433128392519e-06	8.504382161161432e-06	0.003227599137771034	-2.443155701595369e-06	6.974473813916949e-06	0.002743093200496562	0.0007152243010190935	0.00011390112094751846	-0.00012910986821729333	0.0003124183056956306	0.00017267874481043796	-2.3767140730444904e-05
12.84	1.4605337442667011e-05	9.130501409765933e-06	0.003225297083547873	9.300654217039447e-07	8.317130173076938e-06	0.002742863959565676	0.0006683021696050468	-4.94170112603244e-07	-0.000273590645310035	0.00035623752164864856	0.00010014977057882116	-3.352590813839079e-05
12.850000000000001	2.0978565717862097e-05	8.930086161973263e-06	0.0032226185985160635	4.3217648969025776e-06	9.026822670171238e-06	0.0027424287005344563	0.000593502480250639	-5.94812001277649e-05	-0.0002164959968842263	0.0003233910212873074	3.9418880417235394e-05	-4.794760847494195e-05
12.860000000000001	2.6673736149812912e-05	7.816271596633292e-06	0.0032216072122043197	7.533398839427555e-06	9.082497852417576e-06	0.002741741724501538	0.0005331962536099519	-0.00015632990257110523	3.8744288472470094e-05	0.0003229372660007101	-2.7523683382432695e-05	-8.499102062358635e-05
12.870000000000001	3.136080542500308e-05	5.559172952816282e-06	0.003222765391354728	1.0463992485327271e-05	8.524302017495455e-06	0.002741260663665571	0.00039138138706504906	-0.0002955262020449804	0.0001985445625287944	0.00025112604174276637	-0.00010828844188881268	-2.8382998543076052e-05
12.88	3.46533675674239e-05	2.084102024540162e-06	0.0032249154104523788	1.2445440134242364e-05	7.099698154066144e-06	0.0027414853350040177	0.00027318312581662706	-0.0003982429289778426	0.00019988282732179565	0.00013826252148716348	-0.0001570061122090395	6.863063865571727e-05
12.89	3.6605128018530116e-05	-1.9183315919759584e-06	0.003226310077496226	1.3468599058074392e-05	5.236903982706707e-06	0.0027426747232696725	0.00010815385267990949	-0.0004235939464008019	8.141126664573182e-05	7.954823807085661e-05	-0.0002017929118380759	0.00017011847651353767
12.9	3.691677365670087e-05	-6.295444627933668e-06	0.0032261840968339523	1.3917411149844076e-05	2.96026044316309e-06	0.00274451986490061	-4.4629924255989915e-05	-0.00046479022513305643	-8.147989986412332e-05	-1.6107958470824355e-05	-0.00024096543657777967	0.00018416402150677104
12.91	3.572879013388055e-05	-1.1043380945187781e-05	0.003225017043577227	1.3516869152668649e-05	3.862372367525517e-07	0.0027458918510806767	-0.00020501786452809936	-0.0004579250730187587	-0.00010343815148630967	-8.923883822145639e-05	-0.0002698333322535981	7.432885138394091e-05
12.92	3.2770659222242135e-05	-1.563011945462981e-05	0.003224097733660523	1.2483553335664835e-05	-2.2826903472292922e-06	0.0027456145765880637	-0.00037584759644351595	-0.0004458589121014099	-5.2902566591819485e-05	-0.00013212174786890422	-0.0002588905953516866	-0.00014950578398062128
12.930000000000001	2.8353145992339282e-05	-1.9967378163051147e-05	0.0032239333253744314	1.0870033738907372e-05	-4.801111924250131e-06	0.0027433643811018	-0.0005009268965839308	-0.0004125133730830751	1.94289756990002e-05	-0.00017413062119752724	-0.00024904242998675095	-0.00027374652620920187
12.940000000000001	2.2904638095413103e-05	-2.3807508257775084e-05	0.0032240727957588773	8.767597530947572e-06	-7.126909553634578e-06	0.0027407049794723154	-0.0005637844319354127	-0.00034009581683656345	2.3050552787020722e-05	-0.00023532026844903694	-0.00022421331494960997	-0.000219519899869851
12.950000000000001	1.6891201470567966e-05	-2.6562053189809796e-05	0.0032243036093170378	6.384376446029755e-06	-9.007660163631055e-06	0.002739201800947805	-0.0006197726990342701	-0.0002130970208835616	1.3386762262133507e-05	-0.0002530445922016902	-0.00017636135680178366	-5.192927241543542e-05
12.96	1.0606348604234629e-05	-2.8256406308500627e-05	0.003224395544831768	3.856802008268161e-06	-1.0583287427800994e-05	0.0027397661854914393	-0.0006541068646815882	-0.00011654027877103549	-1.1999145376385039e-06	-0.00022962762962623848	-0.0001385964707394734	0.00015055089310785013
12.97	4.0323387306452706e-06	-2.8959569302254222e-05	0.0032241219528790868	1.7698668796499862e-06	-1.1689003690330437e-05	0.0027421687970918002	-0.0006505944801178002	-4.2303095957866624e-05	-4.841746219320685e-05	-0.00018112335885059723	-0.00010379639265557469	0.0002947528814965324
12.98	-2.7895485027826264e-06	-2.8694176875567134e-05	0.0032238971129248005	-1.0934753168719174e-07	-1.2283931663948184e-05	0.0027447230332218746	-0.0006875959501995808	9.247369572294787e-05	1.8820567468839937e-05	-0.00020493057450984769	-3.424730674395951e-05	0.00017543332588402374
12.99	-9.727954508228992e-06	-2.710930886328577e-05	0.003224655923939815	-2.0715423032317285e-06	-1.2247768414885315e-05	0.0027454217569837527	-0.0006805202671206765	0.0002189681797786777	0.00011911791958126921	-0.00019764955773620321	4.7834841359695174e-05	-3.4803289603743464e-05
13.0	-1.6206461420087327e-05	-2.441619526966256e-05	0.0032259961978290726	-4.032513792749735e-06	-1.1459605155019069e-05	0.0027442250097850446	-0.0005935556115408436	0.0003213304243966518	0.00012421166030902525	-0.00018684851443491487	0.00012694608789460957	-0.00017534581778318534
13.01	-2.1430078724436912e-05	-2.0662376174843262e-05	0.003226583164814468	-5.7037359281425565e-06	-9.690936579832481e-06	0.002742557333742446	-0.00045820030469171486	0.0004269458700437577	5.482399337859402e-08	-0.00015158542045821805	0.0002250289701867033	-0.000135349691291429
13.020000000000001	-2.5469462165556845e-05	-1.5859563141817976e-05	0.0032256413058962125	-7.145058701290025e-06	-7.111981338962403e-06	0.0027414786629904866	-0.000334060783132412	0.0005229291540925183	-0.00018797994167068605	-0.0001509479940361963	0.00027210698057012384	-4.508106674283176e-05
13.030000000000001	-2.8264382471119272e-05	-1.0560519533406696e-05	0.0032232644629771514	-8.596932148494745e-06	-4.217873155424566e-06	0.0027417851028231468	-0.00021028255136413035	0.0005371304517774374	-0.00023800435567024458	-0.00013058697966062983	0.0002782496858590217	7.274530998795028e-05
13.040000000000001	-2.9924477262851344e-05	-5.033014996279849e-06	0.0032218820760409306	-9.87997989236126e-06	-1.333623028303186e-06	0.002742546186535406	-0.0001369439937890148	0.0005353943310441417	-1.6772810756922554e-05	-9.960088604568876e-05	0.00027612418487036613	7.359527382171112e-05
13.05	-3.066657526905744e-05	1.8082185531925038e-07	0.003222920200147252	-1.0619182877891973e-05	1.197149870698439e-06	0.0027428808473527575	-5.388160465233122e-06	0.00050094083647903	0.0002107594953330945	-2.1037309168043734e-05	0.00022502308386694272	-2.082915635831205e-05
13.06	-3.0041265851770898e-05	4.896945777596752e-06	0.003225517817426771	-1.0585394454827708e-05	3.224171961585998e-06	0.00274258385997356	9.894927393840693e-05	0.00046548967873500454	0.0002483965452876773	4.922399507530295e-05	0.00017849970307442435	-1.2798390319676825e-05
13.07	-2.8302774582457993e-05	9.316457340532756e-06	0.0032271751293521745	-1.0001112493507703e-05	4.587317864559965e-06	0.0027425853630972533	0.00022671048805972946	0.00039869280013919624	6.727922930986415e-05	0.00010256080312803696	0.00011801516296504805	4.0096690346080936e-05
13.08	-2.5444034594312982e-05	1.2865081710811412e-05	0.0032268647182959243	-8.908234580141013e-06	5.42795619389155e-06	0.002743270671933566	0.0003297159835272897	0.00031318121727938486	-0.00013342835919534374	0.0001254819456589894	6.542254072405857e-05	7.890185862698499e-05
13.09	-2.1855186524660643e-05	1.5670546453056854e-05	0.003224994320500785	-7.697136186342364e-06	6.087937395503316e-06	0.0027440705882573356	0.00042491504886034616	0.00024466690434496745	-0.000234465673712041	0.00011879449658564984	5.3122150350936485e-05	5.4373308438694205e-05
13.100000000000001	-1.742048487947953e-05	1.7922512526558465e-05	0.0032230323767451904	-6.452849669693494e-06	6.407331364106509e-06	0.0027441769399845603	0.0004465167980058639	0.0001882809826980558	-0.00013083801522812682	0.00012514637944519122	1.6368789556386882e-06	-3.884672714345356e-05
13.110000000000001	-1.2533084303210973e-05	1.948976860938942e-05	0.003222464787130686	-5.076302394395014e-06	6.345976492210279e-06	0.0027434859002508963	0.0005263973436832535	0.0001302057034927045	2.9565210860562713e-05	0.00015939743149091025	-1.7611079832206788e-05	-0.00012907607507419143
13.120000000000001	-7.156204692890356e-06	2.0455931554589133e-05	0.0032236976400527614	-3.4604544483005172e-06	6.0302783995284755e-06	0.0027422761967492914	0.0005400535381411279	6.507531448566457e-05	0.00017209452602975393	0.00015914252803149125	-3.921028994458604e-05	-8.873591763927107e-05
13.13	-1.7286830385754422e-06	2.091967591266713e-05	0.003225442326803762	-1.7285775325895498e-06	5.892752499194726e-06	0.0027418497327978118	0.0005375399199789528	1.5273492743087277e-05	0.000146225416899062	0.0001746948168329207	6.8836149358082855e-06	9.684413371708309e-06
13.14	3.6803585365968214e-06	2.0608062651166322e-05	0.0032262204367704715	-8.983958251787978e-09	6.042176579059669e-06	0.002742299438777574	0.0005369011899196028	-8.641649947195255e-05	-2.4909841120566567e-07	0.00017042366836710827	7.07384279141115e-06	7.190196551803319e-05
13.15	8.746204229487999e-06	1.9517311898420753e-05	0.0032257425261681557	1.6690143251996743e-06	6.093784544741612e-06	0.0027432221420489165	0.00048464456375015604	-0.00014163792894493021	-9.44071841833242e-05	0.00017168708186805008	1.8128525526574785e-05	9.953920072362178e-05
13.16	1.353263063825429e-05	1.791220818099905e-05	0.003224721733115326	2.992028992369581e-06	6.179706953227561e-06	0.002744067201091083	0.0004946102026385659	-0.00017942130483801142	-0.0001053596727291664	0.00010253708250305473	1.4543965550602782e-05	4.555247998629694e-05
13.17	1.7960927311383396e-05	1.5537165148205906e-05	0.00322413690406074	4.128557391572269e-06	6.100206847117244e-06	0.00274394079401089	0.0004154138247986225	-0.00030683621609259824	-4.693805816120812e-06	0.00011309295576502769	-2.485184823250994e-05	-5.270178887961452e-05
13.180000000000001	2.1652765867311697e-05	1.2332651449950809e-05	0.003224406068410933	5.307404416921995e-06	5.725525692178285e-06	0.0027430765084120435	0.00033412790881514275	-0.00033975815581267446	3.7348280143659764e-05	0.00012571992663033314	-7.620344109828544e-05	-0.0001372706811829606
13.190000000000001	2.461632251180972e-05	8.90480607990928e-06	0.003224720924974637	6.631767309532198e-06	4.6313244690411156e-06	0.0027419425157268556	0.00025306296620700766	-0.00035668619047740137	1.8371888637655086e-05	0.00016199261196371857	-0.00014678268899933196	-7.109379930520727e-05
13.200000000000001	2.692806268095993e-05	5.240220057547799e-06	0.003224807430982114	8.269225174092762e-06	3.1430234196301694e-06	0.0027419223437615877	0.00017765587446780023	-0.0003898765440218569	-2.3974957757109462e-05	0.0001943809035599408	-0.00015738448916651746	3.7526092149393875e-05
13.21	2.8037220801181476e-05	1.072104439615112e-06	0.003224555899226891	9.709522714270004e-06	1.66950428135921e-06	0.0027423734818771382	3.7300378690673565e-05	-0.0004415158432517606	-2.9268507029790476e-05	0.00011246897259497326	-0.00014637953288029566	5.570853672286124e-05
13.22	2.797863614624537e-05	-3.2274145222330863e-06	0.003224592009126791	1.0586861852803348e-05	2.048161192467526e-07	0.0027434062393928127	-7.32647413631653e-05	-0.0004319577387575589	1.84928739674601e-05	7.424254674220966e-05	-0.00013742365408676323	0.00012898555912399182
13.23	2.657727766812222e-05	-7.549908576240922e-06	0.0032251052736882893	1.1029280773119566e-05	-1.2623583327999032e-06	0.002744202541312444	-0.0001935177914429672	-0.0004254633952491375	7.274677832944111e-05	1.849960745579035e-05	-0.00013984488664385886	1.913264154339856e-05
13.24	2.402807880053652e-05	-1.1592638069709968e-05	0.003225818111660805	1.0608763939580532e-05	-2.6038219048022747e-06	0.0027439235561839913	-0.0003030923055833518	-0.0003935813399630585	5.358170228051988e-05	-7.205514530249408e-05	-0.00014587935441597163	-5.840862890082837e-05
13.25	2.0473856931347064e-05	-1.522661968644464e-05	0.003225661358218347	9.57962800194867e-06	-4.3855575480685205e-06	0.002743222834127266	-0.0003803377570445934	-0.00033014213169561764	-8.04904221488196e-05	-0.0001501730746439078	-0.0001986141519206833	-7.76388830741542e-05
13.26	1.62989058060298e-05	-1.8300218566260035e-05	0.003224803755040764	7.703633540524672e-06	-6.3860351493291475e-06	0.002742748888217833	-0.00045225065795659173	-0.00029679565485377795	-9.070129880393155e-05	-0.00021722099720055505	-0.00021204205728495023	-1.446635910483971e-05
13.270000000000001	1.1792295592912421e-05	-2.100244413534589e-05	0.003224054553463254	5.162444139685361e-06	-8.352499935333808e-06	0.00274247642675446	-0.000469707699872311	-0.000235158346181269	-4.517814872237147e-05	-0.0002634579364510012	-0.00017650949240099217	-4.6805432214891274e-05
13.280000000000001	6.912904872085163e-06	-2.2782172534606387e-05	0.0032237868493752058	2.598926399042366e-06	-9.650704448306092e-06	0.0027421020308945124	-0.00048088317629353493	-0.00012169231398820187	2.8854240989892315e-06	-0.00024945589343173505	-9.693963320928583e-05	-1.8440872898526586e-05
13.290000000000001	2.071667245145621e-06	-2.3243361965728184e-05	0.0032240250293268423	2.3114715592621566e-07	-1.009896322602715e-05	0.0027420804610700025	-0.0004635208765372831	4.203965124693175e-05	3.834056228085834e-05	-0.00022528216423022077	-9.963278708080536e-06	1.3356098249851914e-05
13.3	-2.0930589055799205e-06	-2.2130935446214572e-05	0.0032244622438352293	-2.0456377230837556e-06	-1.0015088862573361e-05	0.002742166928398997	-0.00037454099941697244	0.00018703898522847478	3.853235323980317e-05	-0.00020898795515497066	5.008710879366681e-05	-5.903971389249263e-06
13.31	-5.560013904268812e-06	-1.994845942278801e-05	0.0032249023473174486	-4.205243047998288e-06	-9.213397945465813e-06	0.002742369394325413	-0.00031472719690333256	0.0002600509681339455	4.977218917316566e-05	-0.00021376003573164015	0.00010243487944507947	3.125551645270543e-05
13.32	-8.346319448953283e-06	-1.6815838580138398e-05	0.0032253816363539446	-6.102517559668629e-06	-8.23269157160872e-06	0.0027427638878585593	-0.0002619262806625388	0.00037088694017399607	2.520333075897925e-05	-0.0001389348425514824	9.570804714939294e-05	3.9433585435481173e-05
13.33	-1.0319822873463512e-05	-1.270345824750909e-05	0.003225240770751307	-6.9817132543917125e-06	-6.911446367623388e-06	0.002743220984292577	-0.00012948684172249845	0.00045190554167677055	-3.994196940160188e-05	-4.3238939967837305e-05	0.00018083741261866148	3.578337741627445e-05
13.34	-1.1008014322348704e-05	-8.064883616441524e-06	0.0032248440350349404	-7.155205972982377e-06	-5.176286915377442e-06	0.0027434911618984047	-7.361817528497909e-06	0.00048531946049977943	-1.1557168966087347e-06	1.8622603281122042e-06	0.00016445935344775193	-8.013933107840503e-07
13.350000000000001	-1.0387024658770391e-05	-3.1442756816264926e-06	0.00322496637849385	-6.929593255780873e-06	-3.2962199333198965e-06	0.002743101228934578	0.00012038779775886332	0.000518600249364524	3.11871837623387e-05	1.549550814787301e-05	0.0002070276879586925	-6.245683902332358e-05
13.360000000000001	-8.881219348020377e-06	2.318482808681823e-06	0.0032251256959605836	-6.600819759909506e-06	-1.2429051093315797e-06	0.0027424461649826525	0.00016566247097394324	0.0005533738609158412	-5.009602484438219e-06	5.869996787895164e-05	0.00018288161648228804	-5.071207671213424e-05
13.370000000000001	-7.013639791169338e-06	7.580239774756268e-06	0.0032249415650689515	-5.76026467597884e-06	7.27476120052873e-07	0.0027421711506802923	0.00024419569896377727	0.0005021848821451349	-1.6013976714444224e-05	0.00011196657853279294	0.0001879345997061428	1.4510410148470523e-06
13.38	-4.195964119031151e-06	1.2389611711679368e-05	0.0032248657180089834	-4.660388655895937e-06	2.507208180302095e-06	0.002742309502672043	0.0003229937217397902	0.0004769669411956121	1.3487114797649983e-05	0.00011649976571006028	0.00015291164226309456	3.928283917412227e-05
13.39	-9.387493158264374e-07	1.6850228019771287e-05	0.0032250108617499296	-3.1525939117228555e-06	3.985205368380913e-06	0.0027429087096043636	0.0003338009492107921	0.0004378538260706228	2.907323497551505e-05	0.00016630939783829669	0.0001579294630098566	7.41814460806302e-05
13.4	2.456445660755037e-06	2.0749724564863905e-05	0.003225271968873893	-1.5316150564314115e-06	5.476091246033501e-06	0.002743566861067828	0.0003501822649436588	0.00035313502329014084	3.773865632184672e-05	0.00015601143024646528	0.00014795976601126128	6.675942547370746e-05
13.41	5.953514070630444e-06	2.3675140051187098e-05	0.0032255371396557515	-6.861781166030111e-08	6.865649361235462e-06	0.002743837261197012	0.0003416158002513914	0.00022964770920167333	-1.2565900122081144e-05	0.00014887507615468662	0.00013075965903178172	7.701194633526707e-06
13.42	9.260459067639137e-06	2.5567424789638233e-05	0.0032250328558799304	1.223586297061638e-06	8.07910284486345e-06	0.0027435303635329447	0.00031934675346501453	0.00013345329677296063	-8.699081090335765e-05	0.00011305497419208431	0.00010824269586817973	-5.059474898025935e-05
13.430000000000001	1.2100183981643667e-05	2.6112823915326196e-05	0.0032242860146742876	2.1939006664989862e-06	9.043399867685233e-06	0.0027428684949698332	0.00024309979569798698	-1.0891172874220003e-06	-6.386557256399003e-05	0.00010350734919651507	8.095952473689747e-05	-6.699826146853947e-05
13.440000000000001	1.4258144170569857e-05	2.5681131035392704e-05	0.0032238891058319137	3.1535228080460533e-06	9.436104625072538e-06	0.00274226295897166	0.00020059899047950402	-8.695672865235369e-05	-5.3423613128045507e-05	9.122093267517153e-05	3.6421091683541276e-06	-5.063368565349035e-05
13.450000000000001	1.5994442567214375e-05	2.4398511459955706e-05	0.0032238763406739496	4.113192813408101e-06	9.37612660231172e-06	0.0027417452381170693	0.00013994612701657622	-0.0001797730396945386	3.114546387800813e-05	7.91618343652967e-05	-3.047070841302868e-05	-4.055766594863118e-05
13.46	1.7131258042613653e-05	2.2192154246957214e-05	0.003224368970349592	4.9114337499169255e-06	8.549210070614596e-06	0.002741651903418055	9.125330829793784e-05	-0.0002655203839841932	6.803765704693367e-05	9.167561440100885e-05	-0.00011478436621884674	2.1384903777886284e-05
13.47	1.7524190346296962e-05	1.9085986890058712e-05	0.003224514526896947	5.772699645975926e-06	7.182443126947888e-06	0.002742426666186375	-2.7965775137132816e-05	-0.00035606676274207907	-1.3109231801839858e-05	9.827679620613594e-05	-0.00015730509889245984	0.00011503937169610812
13.48	1.7081214489862667e-05	1.5125811498075258e-05	0.0032243610001744514	6.566400674262159e-06	5.2222081574215586e-06	0.002743305751620015	-7.485611910949407e-05	-0.00043054451924349113	3.5790379839235583e-06	5.810215592540689e-05	-0.00021482900438514563	3.5664024127780485e-05
13.49	1.5826767800989306e-05	1.0628043509387964e-05	0.0032246524129413445	6.821328130838405e-06	2.7543311295209682e-06	0.002743443801826467	-0.00016575711627266586	-0.0004559845492508724	2.8943818554144355e-05	-1.6961700732302196e-05	-0.00024808103793482915	-9.690134021894077e-06
13.5	1.3855652483979739e-05	5.952907080804568e-06	0.003225094957140708	6.709681942661246e-06	5.906179717787343e-07	0.002743169177899663	-0.0002263581219635828	-0.0004677179791197872	5.4407794684467966e-05	-2.0224217867179187e-05	-0.0001683096260521265	-2.402845263122774e-05
13.51	1.111837683685615e-05	1.2910374585323879e-06	0.003225533551152723	6.2491856890742715e-06	-1.0706124082666954e-06	0.002742860007176282	-0.0003069004621286062	-0.00045902881447255683	-7.674698361273083e-06	-4.8284506387153754e-05	-0.00018012813786702337	-1.7331789305668453e-05
13.520000000000001	7.98352318023583e-06	-3.331390712019381e-06	0.003224914561806612	5.695218332082428e-06	-2.647831314009765e-06	0.0027428236233119955	-0.00033570375063093726	-0.0004554142683498864	-9.907492033458044e-05	-6.901207520595165e-05	-0.00013491940151503235	2.978525284430741e-06
13.530000000000001	4.342966390524413e-06	-7.635470582664521e-06	0.0032241277835008534	4.715380085360763e-06	-3.7286520701728968e-06	0.0027428358683528552	-0.0004035928727784399	-0.00038369765341167536	-6.068661506669984e-05	-0.0001243543156809195	-8.579882936544334e-05	-3.059577426594265e-06
13.540000000000001	1.8635051155725877e-07	-1.117444084441069e-05	0.0032238953375868305	3.2894604308191057e-06	-4.313176981659655e-06	0.0027428399754819586	-0.00044760955451513175	-0.0003349497222614917	-3.581553479649415e-06	-0.0001689780426367871	-4.531452143910039e-05	1.0091647836375638e-05
13.55	-4.040483498756828e-06	-1.4030259639743874e-05	0.00322412655788709	1.504597693043925e-06	-4.903907754640182e-06	0.0027425511891732207	-0.0004221637201396149	-0.0002269268060336365	3.294763418193479e-05	-0.0002005750063708386	-6.455216115130695e-05	-4.9604687786766384e-05
13.56	-8.07371766976406e-06	-1.5879207152594772e-05	0.00322451780745693	-5.797494800950008e-07	-5.422455572822703e-06	0.002742161862352266	-0.00037828621537392315	-0.00015161314431564937	5.0329061853596645e-05	-0.00021444757933241813	-4.089012070153072e-05	-4.366314505020595e-06
13.57	-1.1688424639794086e-05	-1.7114050545613657e-05	0.003224853494055337	-2.922532499019035e-06	-5.7021730286469504e-06	0.0027425043825001754	-0.0003503126203298255	-0.00010247794425363213	4.125846776983132e-05	-0.00025744962653758915	-3.2803271653119505e-05	7.054897565847261e-05
13.58	-1.4972664950821312e-05	-1.806834672837374e-05	0.0032250133196134838	-5.2220739268203286e-06	-5.890112348949868e-06	0.0027432394731954036	-0.0002951490709391317	-6.386282384018884e-05	6.952299546563283e-06	-0.00020505329133490248	-1.0628091599654825e-05	7.522092001645685e-05
13.59	-1.737893136004877e-05	-1.8145712996134352e-05	0.0032250472715257095	-7.097682304516032e-06	-5.705599866207077e-06	0.002744000473919947	-0.00018789560683776682	2.7762566749794525e-05	-2.1175734846585613e-05	-0.0001765386292878063	5.503822021311431e-05	6.903697687732131e-05
13.600000000000001	-1.8791416189857995e-05	-1.77350294838405e-05	0.0032249445898992913	-8.627489413807665e-06	-5.015162117509648e-06	0.002744370057212685	-9.226464552566604e-05	6.128788015022303e-05	4.987909614532411e-06	-0.000142722453778569	7.34645707814138e-05	2.6284637172551203e-06
13.610000000000001	-1.9501351228505974e-05	-1.657812222869053e-05	0.0032250160533827173	-9.678803893079184e-06	-4.357395484307457e-06	0.002743957053983515	-9.486759537607144e-06	0.0001416048796708531	2.5910176211002652e-05	-7.80633752869373e-05	5.6859428001479065e-05	-9.311635601097583e-05
13.620000000000001	-1.8987861156147727e-05	-1.5077458586603605e-05	0.003225240775309013	-1.0302128858408604e-05	-3.5999869201174727e-06	0.0027429246536797374	9.748197918105725e-05	0.00017338742325061058	1.9015963127310107e-05	-2.1154070142572327e-05	9.06789554542969e-05	-0.00011331308513870227
13.63	-1.7415492660882167e-05	-1.2892094536840043e-05	0.003225194456203227	-1.0168134230558948e-05	-2.727986193201571e-06	0.0027421049749887095	0.00022224626936769024	0.00022195999464634983	-1.733161514438016e-05	5.181878011575782e-05	7.512481851177219e-05	-3.665541180490333e-05
13.64	-1.4570258638300089e-05	-1.0575233768049475e-05	0.0032247147294377663	-9.174716584997443e-06	-2.0247474430699117e-06	0.0027423091032592168	0.00034039860188121365	0.000247755308787423	-5.138045364925556e-05	0.00015223577930924387	5.515059805550977e-05	8.07450304232104e-05
13.65	-1.0815964826370206e-05	-8.000471382499282e-06	0.00322437602108895	-7.311968642586365e-06	-1.5978794773785303e-06	0.002743347752565726	0.0004094141865433932	0.0002614170208645991	-2.3544202886351393e-05	0.0002249387390983415	2.2820614813276592e-05	0.00010680557764620721
13.66	-6.3561257907967765e-06	-5.485476589873917e-06	0.003224533360578162	-4.875583414708392e-06	-1.3704604119197375e-06	0.0027440067511504797	0.0004776284715864881	0.0002608169654339007	2.9609741608265724e-05	0.00026394116803035093	6.7520714668437775e-06	1.9987475431551204e-05
13.67	-1.510337547604307e-06	-2.537648089442993e-06	0.003224929422770554	-2.1418527687160274e-06	-1.3488955746580575e-06	0.0027436754978033356	0.0004996732705608976	0.0003202660390271024	4.943110850319604e-05	0.00027577796963118415	-8.193928520743357e-07	-6.717265919362464e-05
13.680000000000001	3.487289210377022e-06	5.719673136872779e-07	0.003225552871186848	5.545077646829809e-07	-1.4000466313971892e-06	0.0027428697519735878	0.0004985890252563005	0.0003066351321925091	5.2129868227864124e-05	0.00027196124075259243	1.4261926402911285e-05	-8.110209953797972e-05
13.690000000000001	8.386581070132548e-06	3.4234933326484718e-06	0.003225519930448247	3.669516117493287e-06	-8.882232178559111e-07	0.0027421638748108493	0.0004749163484001127	0.0002716247724301683	-7.94707340255375e-05	0.0003029330183934442	0.00010526826908444418	-3.216877288814871e-05
13.700000000000001	1.2634621757602368e-05	6.120941816202531e-06	0.0032245425936970966	6.6483016819060915e-06	2.1050614311592176e-07	0.002742342921430065	0.0003863163359653756	0.0002668527455171389	-9.184526665786706e-05	0.0002841164733498461	0.00010583105720286268	3.665431211291889e-05
13.71	1.5984172736597915e-05	8.760599922207382e-06	0.003223915751696539	9.156900204257898e-06	1.1704432362323265e-06	0.002742783784997067	0.00027667855815796736	0.0002627106014262359	-4.888013830321185e-06	0.00021294741145499736	0.00011359048947398035	4.4809338261365896e-05
13.72	1.7970944509824118e-05	1.0893897159335843e-05	0.003224067638104929	1.0929008596000949e-05	1.9935574781855133e-06	0.002743160524050617	0.00012558218558279206	0.00016337566334258556	3.273918680964962e-05	0.00012170310167182415	7.333987578140726e-05	2.6794053695405047e-05
13.73	1.8433162771896718e-05	1.251353462161812e-05	0.0032246529896875517	1.1815045968818176e-05	2.8252431441142142e-06	0.002743241692455279	-2.6043275148454288e-05	0.000142221735422638	7.610252186124309e-05	2.4443914961811255e-05	9.421600892024464e-05	-1.172474633505231e-05
13.74	1.7372528750254476e-05	1.3794082330782054e-05	0.0032256642044459025	1.160682876813638e-05	3.698729153633408e-06	0.0027432495316923027	-0.00018820362501391659	0.00010162321301833103	0.00011091180068006119	-6.163588682958495e-05	9.549790713148577e-05	-4.159574592619599e-06
13.75	1.4883180185245527e-05	1.4673522437708339e-05	0.0032262252845094226	1.0650788530536996e-05	4.623584616634685e-06	0.002743283722052184	-0.00029430082083640704	5.730993051208338e-05	-1.769655388745669e-05	-0.00012764749868126124	8.520360237262824e-05	1.627615026797454e-05
13.76	1.1421366858862141e-05	1.4655132338808312e-05	0.003225532214065433	9.062762572144896e-06	5.635096940027799e-06	0.0027433908909540975	-0.0003868549981376951	-4.4394191011033124e-05	-0.0001181045576949206	-0.00021007808840476066	0.00011504613707699289	1.2653076663330773e-06
13.770000000000001	7.178516921950133e-06	1.4117359772853165e-05	0.0032241348509832505	6.53308133225541e-06	6.480824606818965e-06	0.0027434510632681104	-0.0004664882276384125	-5.9056375735037415e-05	-0.00011834477490047765	-0.00028991377951265634	9.283240812609535e-05	-1.120776773418981e-05
13.780000000000001	2.2246498567636835e-06	1.3307189759771383e-05	0.0032235973019444984	3.284988182297428e-06	7.086137364813323e-06	0.0027430419234700854	-0.0005497140058587242	-0.0001147413816789755	5.739877168075702e-06	-0.00034488150992970497	1.2115892635813786e-05	-7.923791365840714e-05
13.790000000000001	-3.437377098248729e-06	1.1719885759546678e-05	0.0032238421114167025	-2.698597362023303e-07	6.826308845428547e-06	0.002741897282362526	-0.0005604012382599069	-0.0001988557667616471	5.075810201801335e-05	-0.00038662419169382397	-5.82216156733831e-05	-0.00012895488050062754
13.8	-8.817650026061898e-06	9.430191317071548e-06	0.0032246341171622253	-3.967320032769092e-06	6.154693789586604e-06	0.0027407868694343087	-0.0005042876258927266	-0.00025392607013061114	0.00011328879902350368	-0.00034388506090904755	-7.504938569133745e-05	-6.034344522483737e-05
13.81	-1.3304495945660248e-05	6.873392400540329e-06	0.003225419199513129	-7.132793661943868e-06	5.330127377484434e-06	0.0027408498597849464	-0.0003975641668065627	-0.0002827629342777762	3.704112763210566e-05	-0.0002883527643405096	-9.782009456989146e-05	6.976278774123626e-05
13.82	-1.6802828016576676e-05	3.918592414821785e-06	0.0032252873231128397	-9.840438916738799e-06	4.452762321546281e-06	0.0027420837260556203	-0.00028893568198950093	-0.0003171799296508682	-4.724301287384986e-05	-0.00024380250603970685	-0.0001055051847932979	0.00014447199872180179
13.83	-1.9054669323331993e-05	6.435912593813033e-07	0.0032246240388630674	-1.2001993675347069e-05	3.1885184295627055e-06	0.0027437307963017504	-0.00017298632681001582	-0.0003529102208903527	-5.0178646892195375e-05	-0.0001594787357367303	-0.00014077249285333112	0.00016333319743348413
13.84	-2.0054974706861882e-05	-3.2194264041995352e-06	0.003224609952710028	-1.3186771581119355e-05	1.7538220384008951e-06	0.0027446003778121178	-4.103533767045368e-05	-0.0004348184837457775	5.117137280116257e-05	-6.123110804614847e-05	-0.00015506452907066104	2.8184908004888878e-05
13.850000000000001	-1.970982559954936e-05	-7.559184912065487e-06	0.0032253248838321094	-1.2901616860973221e-05	7.430815515467236e-08	0.0027442426210278785	9.823538415948279e-05	-0.0004362821574525897	8.03732807964291e-05	7.300389509036575e-05	-0.00015861893331838378	-6.862136046012868e-05
13.860000000000001	-1.8169386405297135e-05	-1.1778373559096165e-05	0.003225649028417256	-1.1853129320581482e-05	-1.352013808601838e-06	0.0027432477688089114	0.00021153697192524055	-0.0003956712789671132	-1.5663904142271928e-05	0.00013486536544326128	-0.0001436371706834424	-0.00013110384420139185
13.870000000000001	-1.5490940466617475e-05	-1.5460275468772123e-05	0.003225211137206986	-1.0216199546005572e-05	-2.6740554001413274e-06	0.0027418320838700364	0.00031561952911449067	-0.00035388677991000635	-6.795670531220995e-05	0.0002094027860817963	-0.00014048569703320018	-0.0001419968030989366
13.88	-1.1817397010126585e-05	-1.88653183212028e-05	0.0032241851223295272	-7.603895713585942e-06	-3.781984364812352e-06	0.0027408857833465397	0.0003998738054741012	-0.0003136397123611205	-0.00014669409012661274	0.0002972589367152372	-7.477787894253554e-05	-7.454750904771279e-05
13.89	-7.515996101129606e-06	-2.186436430948194e-05	0.003223028891298411	-4.223707461317487e-06	-4.636427770594183e-06	0.0027406835123370494	0.0004302015213479128	-0.00025114956719593344	-6.180932965481563e-05	0.00034348907026522326	-9.843716654160716e-05	1.9132116449582357e-05
13.9	-3.162148912334789e-06	-2.412343598855487e-05	0.003223019025162147	-7.626271999628705e-07	-5.655119738785519e-06	0.002741450222952388	0.00046034155225069983	-0.0001826988520631177	5.5431706416228016e-05	0.00032658470631369865	-9.939821821967926e-05	0.00011703571873121275
13.91	1.4120049684219755e-06	-2.5623436458756586e-05	0.0032240118861402677	2.487096593338415e-06	-6.534933277702418e-06	0.002742533973137974	0.000433103969977699	-0.00010456650492108892	0.0001370282649989125	0.00032130250759110785	-7.704979615029462e-05	9.244138059944135e-05
13.92	5.430993996648892e-06	-2.6201702343907495e-05	0.0032253977567137443	5.323258477628702e-06	-7.211913797752014e-06	0.0027434422723689946	0.00037752728772550695	-1.6753777377292743e-05	0.00011680471225888611	0.0002416927682927344	-6.130469307238743e-05	7.340451604627077e-05
13.930000000000001	8.870364961391313e-06	-2.6059007190109255e-05	0.003225981891703736	7.3675135075101274e-06	-7.81964357685033e-06	0.0027440251629083524	0.0003118791946899036	6.430790855778851e-05	1.61081429356533e-05	0.00015823083486042304	-4.221741574200682e-05	5.2171982003504025e-05
13.940000000000001	1.1678262113146065e-05	-2.5165976746492414e-05	0.0032256584336036644	8.619233992248075e-06	-7.775807767983266e-06	0.002744160644592148	0.00024025610311720908	0.00011997832351412709	-5.96810367175966e-05	8.508749439584298e-05	3.963273452282913e-05	-1.8493056376811023e-05
13.950000000000001	1.3541339850052335e-05	-2.3616131089695718e-05	0.0032248889187191875	9.02722047470443e-06	-7.32512305635532e-06	0.0027438042035418425	0.00014469520945027952	0.00019720632588401547	-6.770893284523611e-05	-5.454825322254572e-06	5.572379120145295e-05	-6.785700685876118e-05
13.96	1.4216199729437493e-05	-2.1407889745834023e-05	0.00322426678613037	8.553600508726357e-06	-6.583907016373561e-06	0.0027428393809444166	1.1003609332604689e-05	0.0002503376574772872	-4.962777195321808e-05	-8.420711630597051e-05	8.702022763869667e-05	-9.92503530483028e-05
13.97	1.384488805728663e-05	-1.8712599879853744e-05	0.003223953639324753	7.406712982733533e-06	-5.520521282513186e-06	0.0027418411341017645	-7.140180001386088e-05	0.0002869065595840213	-7.461646169226148e-06	-0.00014872903195678678	0.0001299269316875081	-8.026978005104699e-05
13.98	1.2653011828720899e-05	-1.5483947582979175e-05	0.0032240303877862355	5.757928467440403e-06	-4.038839481945986e-06	0.002741361790260265	-0.00017025532737572632	0.0003555249610331897	3.0015659528429604e-05	-0.00017771112198574954	0.00014609257782061913	-2.103565018218485e-05
13.99	1.0820413743412787e-05	-1.1860925246101488e-05	0.0032243584281219473	3.825037056682601e-06	-2.5530847455835153e-06	0.0027416328276403095	-0.00019918397223173104	0.0003563295934939859	2.6008914392585743e-05	-0.0001953746838653273	0.00016559090711703973	8.144155633853214e-05
14.0	8.721105902412489e-06	-7.933488626898498e-06	0.0032244877280358875	2.2134784501937465e-06	-8.507292936160175e-07	0.0027424957039344534	-0.000251862328438734	0.00038490278614043596	2.8749271980064452e-05	-0.00014580975058552526	0.00016412997547139994	8.616345509215317e-05
14.01	6.136053405815769e-06	-4.3080037194389415e-06	0.0032246451671044144	7.756085909585558e-07	7.431664598976158e-07	0.0027434841619007598	-0.0002710794579815957	0.00034080721634400314	2.9537274861649254e-05	-0.00011159669550403074	0.000148536098029881	9.448131429437288e-05
14.020000000000001	3.4040835240630405e-06	-1.089642009092778e-06	0.003224967588089113	-2.1139081254811226e-07	2.0315137321571117e-06	0.00274409909116543	-0.0002724794352077233	0.0002645895041334671	5.209747392156705e-05	-8.248812067713464e-05	0.00013067714206615314	1.914503897448294e-05
14.030000000000001	6.401549028486694e-07	1.382768983374972e-06	0.00322532471528249	-8.847824924745558e-07	2.8582245950801013e-06	0.002743704815639992	-0.00025561403117576	0.00023335638909241228	5.784461432881194e-06	-5.6777179344378855e-05	6.220723893392332e-05	-9.748601489884173e-05
14.040000000000001	-1.7609913153930755e-06	3.3801722722002323e-06	0.0032251059577290413	-1.4215393641856465e-06	3.3707023765714325e-06	0.0027425720575396085	-0.0002190735020983258	0.000156802305097807	-6.24494753739131e-05	-3.747867160038134e-05	3.348524800381129e-05	-0.00012405101060805314
14.05	-4.116792134135102e-06	4.6695218564233196e-06	0.0032242669930977086	-1.657869914409898e-06	3.475538339730007e-06	0.002741490092774442	-0.0002580208443415316	9.277804433036747e-05	-9.922388957654872e-05	-1.9749278301608375e-05	-2.8992471555835967e-05	-8.510992522120724e-05
14.06	-6.465633804974347e-06	5.568179332952278e-06	0.0032233927269569233	-1.562262446363054e-06	3.244511692998232e-06	0.0027411638442399583	-0.00024088138830441531	9.06786829361717e-05	-6.222539999611927e-05	3.488782856721785e-05	-3.9790375247124494e-05	2.46447449746727e-05
14.07	-8.743404934708448e-06	6.207418929354085e-06	0.0032233071856006762	-1.1669156304852293e-06	2.533769940594511e-06	0.002741756059070296	-0.0002331692171706968	4.3869569098333735e-05	3.5790172832633026e-05	4.101582601065397e-05	-9.45420610900902e-05	7.576908633470828e-05
14.08	-1.0957140755696702e-05	6.652700323162668e-06	0.003224225581536258	-6.739846908708316e-07	1.634978820819535e-06	0.0027428116413125902	-0.00021239842338912837	4.1520274779364405e-05	0.0001255371412728873	4.846255811007306e-05	-0.00010812386863548259	0.00010515289599898699
14.09	-1.2991001908249678e-05	7.147675348496292e-06	0.0032256316612612294	-2.666861388988116e-07	6.973261605916545e-07	0.0027438499239317393	-0.00019565284451964003	6.631454371378664e-05	0.00010932935463113028	3.478882084363934e-05	-8.651689540884505e-05	8.357968735455139e-05
14.100000000000001	-1.503794967811395e-05	7.673061934081576e-06	0.0032263150821914832	-1.2257918891682827e-07	-3.2292938595506235e-07	0.0027443781243526866	-0.00022581797812339156	5.5883452444122424e-05	-1.7810547515236854e-06	-1.2433616637273885e-06	-9.789935460226005e-05	1.3439359298336058e-05
14.110000000000001	-1.727693243422474e-05	8.169510548280802e-06	0.003225908649611367	-2.1251905174961243e-07	-1.1238306702138464e-06	0.0027439554359478305	-0.00021643801982698855	4.362456053564545e-05	-7.108053296092018e-05	-2.0122511062282908e-05	-9.47484322508966e-05	-7.306986725441561e-05
14.120000000000001	-1.9513779816967986e-05	8.847311175689542e-06	0.003224794614229787	-6.377314644258504e-07	-1.5712649476832059e-06	0.00274297247076087	-0.00022870609055684768	9.167074823035427e-05	-0.00014454217266315976	-6.64450921094058e-05	-1.3842303975832421e-05	-0.00014024099141227684
14.13	-2.1871692555353094e-05	9.940547894397123e-06	0.0032233605303966816	-1.4694252060194314e-06	-1.2209775437285902e-06	0.00274170769459897	-0.00022024912613696212	0.00012614026410568874	-0.00011330175508696202	-0.00010244297573091468	8.182948367848015e-05	-0.00010142872167604391
14.14	-2.3830846126830307e-05	1.1279930037885445e-05	0.0032227992190420247	-2.556869550325881e-06	-4.377224947278224e-07	0.002741145942881001	-0.0001687211140788551	0.0001320647175050703	2.062941962142241e-05	-0.00012345746448937052	8.967786706582923e-05	5.621483742014078e-06
14.15	-2.545276165981501e-05	1.2425598998880598e-05	0.003223549586660652	-3.7045230863291315e-06	7.402026755301674e-07	0.002741589588706808	-0.0001448800991581902	0.0001210682823422564	0.00011940693260719635	-0.00010764803870944477	0.0001428716442418339	9.959517720104482e-05
14.16	-2.6715453922308684e-05	1.355668954388822e-05	0.003224615999182674	-4.923562886984683e-06	2.3115558849347484e-06	0.0027428496233167154	-8.761322643007627e-05	9.820059882696347e-05	0.00011082401593416597	-0.00013331556424352385	0.00017164238418996384	0.00014799514166138306
14.17	-2.7195929137444063e-05	1.4411714486947384e-05	0.0032253755272922875	-6.1058968932881326e-06	3.84631399585143e-06	0.002744294123760064	6.242245525947833e-06	5.230469606783524e-05	4.7861031816306054e-05	-0.00012429328963000003	0.00012879045297151212	0.00011716678388714577
14.180000000000001	-2.6739055993731715e-05	1.4869752246941663e-05	0.0032255181730808536	-7.298615395734054e-06	5.186879625838578e-06	0.0027448999787025186	7.918013944527925e-05	3.176547408259052e-05	1.2557809532865142e-05	-8.778769485842864e-05	0.00014434749314946752	-1.6751806063885876e-06
14.190000000000001	-2.5426346344580582e-05	1.4995209334097597e-05	0.003225392572890498	-8.051374346529528e-06	6.683083550590506e-06	0.0027444035084982464	0.00017068424094582015	-2.9091299807552905e-07	-3.081965533489631e-05	-4.73132848107343e-05	0.00016650891546775347	-0.00010263989623633057
14.200000000000001	-2.3380768190362324e-05	1.4563327853143525e-05	0.003224979035566193	-8.361773008635377e-06	7.986125487953587e-06	0.0027430880262987937	0.00023655764029168423	-8.95608488587233e-05	-2.9605350793019346e-05	-1.633907168441535e-05	0.00012041788958509762	-0.00014229020641207018
14.21	-2.06763769093305e-05	1.3175286920708214e-05	0.003224733921228156	-8.460388583284423e-06	9.017939689721325e-06	0.002741900245997843	0.00031492462968268805	-0.00018421700518937698	-2.6721486383443548e-05	6.2038427211222794e-06	6.981157387946827e-05	-9.22325362448359e-05
14.22	-1.7247754285985637e-05	1.0635944965132925e-05	0.0032245317790202694	-8.119969994912222e-06	9.351305969227904e-06	0.002741489622548512	0.0003843714193784776	-0.0002996842656037205	-1.8605580458036592e-05	5.307421114882171e-05	4.455818490837189e-06	1.0334320202479846e-05
14.23	-1.3130701448591745e-05	7.241616487481176e-06	0.0032244472606709454	-7.219965755945574e-06	9.008855912236903e-06	0.002742110240475512	0.00042743684454099113	-0.0003690772548065812	-1.0414561556954504e-05	0.00013423280041439183	-6.839295811796298e-05	0.0001219208015134374
14.24	-8.56000107970207e-06	3.2642604845327507e-06	0.003224504061859079	-5.706431445077826e-06	7.924675154153109e-06	0.002743286617774435	0.0004929285776020722	-0.00041035206940206147	2.1159390007141208e-05	0.00015648542679985426	-0.00013299332861299183	0.00012199471950076986
14.25	-3.2674874992281616e-06	-1.3638098104901904e-06	0.0032250830919271735	-3.837250497930575e-06	6.181590408303779e-06	0.0027441294714029623	0.0005515039510135356	-0.0004927615491993866	0.00010584565337039945	0.0002385336527707755	-0.00021007979931001605	3.330328975620014e-05
14.260000000000002	1.993303999200235e-06	-6.4426332984357614e-06	0.003225973528123038	-1.2306853634357416e-06	3.7183762862930255e-06	0.0027442777535083705	0.0005018526382881656	-0.0005198793391093785	7.227039751052028e-05	0.000255424717374239	-0.00027569811393583375	-2.256807542878152e-05
14.270000000000001	6.828046542253985e-06	-1.171263608163737e-05	0.0032263914904879895	1.4701607380409462e-06	6.417370278021922e-07	0.002743689791179552	0.000474174495196064	-0.0005269157539155887	-3.0011458821611792e-05	0.00026258976499276524	-0.0003229572117503949	-8.05754396397366e-05
14.280000000000001	1.1267139602259554e-05	-1.673096191622769e-05	0.0032256071252265545	4.081233683106499e-06	-2.618870692130642e-06	0.0027429990148340137	0.0003992290640299018	-0.00047826429093829673	-0.00011128198419595776	0.00027095677601630296	-0.000334089347085883	-4.6740064815460904e-05
14.290000000000001	1.4892982662767039e-05	-2.1342471980633165e-05	0.0032241550824119894	6.548151244856872e-06	-5.7218627410534855e-06	0.0027427157783926543	0.000299038368692093	-0.00046062592330702186	-0.0001473298038451017	0.0002285661884655519	-0.0002913101663534749	-1.8345285411995813e-05
14.3	1.7433161160512958e-05	-2.54976615747927e-05	0.0032231735487997693	8.612850855115236e-06	-8.448021783184839e-06	0.002742668369850333	0.00021305093885218778	-0.00035324988505362986	-4.147436920263876e-05	0.00017546741978960795	-0.00026746399270761165	5.278838733797523e-07
14.31	1.9046078501089567e-05	-2.8209300176596816e-05	0.003223388345735352	1.0189598798071198e-05	-1.0745075603744403e-05	0.002742464714920515	0.00011834264525431881	-0.00019146754612391515	8.496070014002957e-05	0.00014304670841933198	-0.0002141346332008289	-2.7661247595907076e-05
14.32	1.9513352413491727e-05	-2.9410516722716472e-05	0.0032246326586446695	1.1432666446878127e-05	-1.2470846431635694e-05	0.002742075776274264	-1.772705546450721e-05	-5.460760145989025e-05	0.00012953530215388276	0.00010785857939462625	-0.00010917334941129533	-1.966694516738575e-05
14.33	1.8534506359779613e-05	-2.9349669785290557e-05	0.003225430748875649	1.1984230009083453e-05	-1.3292207039828582e-05	0.0027421788381070088	-0.00017247599722641291	8.767311947655324e-05	1.8086249304427846e-05	1.7603412527752132e-05	-2.979324916122373e-05	2.3606100538722425e-05
14.34	1.6048980908417605e-05	-2.7877717680880627e-05	0.0032250884880344463	1.1648106471434307e-05	-1.3031407086889781e-05	0.0027426585278854487	-0.00032634808115412814	0.00023066220941720699	-9.162794692785829e-05	-7.180916788598364e-05	8.137583595436542e-05	6.0077202929568644e-05
14.350000000000001	1.2140488953046399e-05	-2.5078087340661287e-05	0.0032241712044617597	1.044457721710245e-05	-1.1707138461893194e-05	0.0027432950834915992	-0.0004493075059121251	0.0003371972624608574	-8.293348033099448e-05	-0.00017435909932549609	0.00017436366854126613	4.2478052105603004e-05
14.360000000000001	7.0865100650602836e-06	-2.1215847027683476e-05	0.003223680685575241	8.110004034454484e-06	-9.629293203962588e-06	0.0027434747658822705	-0.0005414155689771947	0.00043161914457779776	-2.4418503006181052e-05	-0.00028067677176148224	0.0002490049506636202	-1.2506772587424264e-05
14.370000000000001	1.3732222462235945e-06	-1.6675200369723264e-05	0.0032240179589430712	4.954887443647188e-06	-6.7059902882791644e-06	0.002742985731543837	-0.0005829282018114564	0.000502247875500663	9.309362122495522e-05	-0.00033303825234492937	0.00031604537249217023	-6.1031005687778684e-05
14.38	-4.657841631343475e-06	-1.1263426210486663e-05	0.003225261555628258	1.2048851719140351e-06	-3.379733061114985e-06	0.00274223817025248	-0.0006116272133956043	0.0005663244765072201	0.00012976198642047665	-0.00040900082166152465	0.0003352980256220138	-7.003839234918687e-05
14.39	-1.0882374244984781e-05	-5.507481935204512e-06	0.0032260027727190306	-2.844615854556866e-06	-5.658465964553757e-08	0.0027420336916332572	-0.0006271498647574538	0.0005880266823598407	-4.858158925832297e-06	-0.0004033815221999734	0.0003084799616450894	4.090657654434195e-05
14.4	-1.68245730807842e-05	8.632375624931601e-08	0.0032252836220266153	-6.790178084492982e-06	2.734479837900328e-06	0.002742737970128957	-0.0005680746266566185	0.0005308632338051787	-0.00012454182494891613	-0.00035933525317812084	0.0002578162299916764	9.174353768457488e-05
14.41	-2.197413893764133e-05	5.158593521099545e-06	0.0032238662570165397	-9.97817215012322e-06	4.8330074711497646e-06	0.002743719651258427	-0.0004615578826534563	0.00048047893158132494	-8.999843057092096e-05	-0.0002880594410734695	0.0001673231367331232	0.00010230164162069624
14.42	-2.589438578607876e-05	9.504526694980846e-06	0.0032233572115310653	-1.2455723228505089e-05	6.067038128120857e-06	0.0027442572122353447	-0.00031286895199713504	0.0004047058971043013	4.7454234175447405e-06	-0.00019650621122648283	0.00010479185280221613	-8.965400132280475e-07
14.430000000000001	-2.837700244939369e-05	1.2877208690039188e-05	0.0032240563669951837	-1.3917923820464672e-05	7.057678236197287e-06	0.00274394623785921	-0.00018334210821403663	0.00028086376276708594	0.00010720989421203533	-9.715254382300703e-05	7.0608825128126e-05	-7.531571825759823e-05
14.440000000000001	-2.9508782009791723e-05	1.519628571755597e-05	0.003225520195525721	-1.4384572690126077e-05	7.462951641406219e-06	0.0027429262326235763	-3.963435611888923e-05	0.00017799819342557196	0.0001418449832429737	-1.2900732378921048e-06	2.530298739383159e-05	-9.809624388045009e-05
14.450000000000001	-2.913558291012386e-05	1.6376882354243568e-05	0.0032261403547873854	-1.409876734563282e-05	7.342619161176141e-06	0.002742220814381469	0.00011251681880860827	4.7560474397406394e-05	-5.170233715902746e-06	6.78830034512705e-05	-6.158255244264548e-05	-4.634510749880971e-05
14.46	-2.716242255499618e-05	1.676876420344644e-05	0.0032254475451225285	-1.3357841505907851e-05	6.734946988135398e-06	0.0027421711136049005	0.0002834757452808743	2.0251442642711672e-05	-0.00013455731025708437	7.425726573749668e-05	-8.811480702496766e-05	4.0634075096758894e-05
14.47	-2.3633792087535162e-05	1.6502525462835277e-05	0.0032237629950971443	-1.2235781394031662e-05	5.708203657125351e-06	0.002742810414893479	0.0004383577512184804	-6.304748491202374e-05	-0.00017455712165705763	0.0001760831673505766	-0.0001019238771771724	9.947793591051656e-05
14.48	-1.888080346663108e-05	1.5456016039624208e-05	0.003222674622804383	-1.0172305158894954e-05	4.50886477938922e-06	0.0027435906938529163	0.0005118547947389138	-0.00013659674204621585	1.1145042594458882e-05	0.0002314571540165075	-0.00012946096923388914	2.5537071751342243e-05
14.49	-1.3258098465037723e-05	1.3864699563211445e-05	0.0032239539481990144	-7.709013935348262e-06	3.26937064040729e-06	0.0027436041414477842	0.0006018505993913009	-0.00020288477561666943	0.00019685019704450546	0.00025848757852182713	-0.0001306982485277363	-4.199894587325554e-05
14.5	-7.117814660504538e-06	1.1766280852072558e-05	0.003225942919521701	-4.956989425049504e-06	1.927344073293623e-06	0.0027428810327895284	0.0006125306325469214	-0.00019748217145317177	0.00018165935297495285	0.00029098972859432513	-0.00012766264706712458	-7.97898902221918e-05
14.510000000000002	-1.2219381177318492e-06	9.469758321968542e-06	0.0032270370555932265	-1.7901890653261774e-06	6.656107528711021e-07	0.002742367560684773	0.0005837659134329084	-0.0002247326052509655	2.8846556639808358e-05	0.000346514117194514	-0.00011987557325037665	-2.1469374143002276e-05
14.520000000000001	4.531863369753378e-06	7.437450175615371e-06	0.0032260601907748813	1.8675710978464635e-06	-4.855315480203287e-07	0.0027425699480803007	0.0005286858023537569	-0.00019971389887259497	-0.00018832108891574383	0.00034944737998191243	-9.733568349062247e-05	7.688812330812768e-05
14.530000000000001	9.3962768505978e-06	5.7370931220551765e-06	0.0032239862057429364	5.074457575398059e-06	-1.4058966929369663e-06	0.002743316167530558	0.0004276047172174852	-0.00015273049420194373	-0.00018614198283557404	0.00028144700551309187	-7.701163949718856e-05	5.337613230264402e-05
14.540000000000001	1.3355427576737312e-05	4.44276456150219e-06	0.003222927279305257	7.566443060353275e-06	-1.77853853053013e-06	0.0027434345710098825	0.0003352641305963755	-0.00011525648154255486	-3.704170176897039e-05	0.00021193132760496757	-1.253351543783062e-05	-2.185536779399289e-05
14.55	1.6124335468971277e-05	3.4333504631142986e-06	0.0032233237310777337	9.328343285216357e-06	-1.7431600580418922e-06	0.0027430010588341677	0.00020638258558561964	-6.448908449873635e-05	0.00011393437681748665	0.00014531293282703353	3.277563806532508e-05	-8.298837471013582e-05
14.56	1.7288509018338982e-05	2.8745750889568718e-06	0.0032248066461385443	1.0139042501920083e-05	-1.1505741335172328e-06	0.0027420688659300354	2.4720970783700335e-05	-4.789956340254181e-05	0.00015459832622175863	4.728826527495973e-05	8.317831731892864e-05	-7.218619235777083e-05
14.57	1.6955938162564517e-05	2.382024740795281e-06	0.003226033587915649	1.0214249980160072e-05	-5.9479596797326696e-08	0.002741892126922723	-9.801948104234896e-05	-3.804047199547605e-05	6.415255424725121e-05	-3.012353628319271e-05	0.00012442155990973936	3.130190094676806e-05
14.58	1.560022353581759e-05	2.065549148589388e-06	0.003226161494628513	9.783626091985867e-06	1.285036693164778e-06	0.0027423530273530993	-0.00018187874657489648	-3.247146883787897e-05	-1.1894801182590906e-05	-9.783419107062288e-05	0.0001428058795781352	5.921983697268041e-05
14.59	1.3313947712812472e-05	1.6586520761067803e-06	0.003225395579644746	8.569881551215856e-06	2.602017510758618e-06	0.0027432028997122753	-0.00026498247020831454	-3.948001604750554e-05	-0.000114933106288505	-0.00016861297857073034	0.00011842222719899692	0.00012278171834031535
14.600000000000001	1.0063199046863478e-05	1.1178283017391233e-06	0.003224406240666205	6.882558691440451e-06	3.3830783226069078e-06	0.0027441353779753606	-0.0004043721314074814	-6.133077923198575e-05	-6.482470340421652e-05	-0.00019039784519514168	3.2080693537313934e-05	4.289443146862003e-05
14.610000000000001	5.898910033370326e-06	3.1936368279229364e-07	0.0032240267265673823	4.7958187115464e-06	3.5457088296694385e-06	0.0027440695762599747	-0.0004324893358132821	-8.23263066908122e-05	-1.4215395285761436e-05	-0.00020674891494188463	4.951759283194207e-06	-5.3806011225095106e-05
14.620000000000001	1.7093451609468748e-06	-6.86048978517941e-07	0.0032243543381332202	2.6175000580383324e-06	3.5610855093367417e-06	0.0027429722256732533	-0.0003990202261964231	-0.00011305840670808336	6.639973821996885e-05	-0.00023339280610081367	-1.83037569412236e-05	-0.000139749605248317
14.63	-2.6202261946702846e-06	-2.0322277485707495e-06	0.0032250164696517344	2.456550164708022e-07	2.9992493115544884e-06	0.00274161761306151	-0.00043739011838176474	-0.00016718502974289535	2.3219821745441765e-05	-0.0002548281763516364	-6.964706444252843e-05	-9.959980998191108e-05
14.64	-7.195250868515548e-06	-3.731343450641903e-06	0.0032250516513977084	-2.066873944255703e-06	2.113106455810284e-06	0.0027413124574975217	-0.00045581047724638533	-0.00019206576168499584	-1.170524620992304e-05	-0.0002265115175103922	-0.00012224206639429447	4.2339756573686664e-05
14.65	-1.1357995013266337e-05	-5.935081027863804e-06	0.003224444344678445	-4.4046002453109476e-06	5.76666120948765e-07	0.0027422558401905867	-0.0003647410197581631	-0.00024777166067610555	-8.376177512733053e-05	-0.00021463410116061014	-0.00016937560961813596	0.00011286902600643844
14.66	-1.4382827672729807e-05	-8.356192454904485e-06	0.0032239037207093574	-6.60281099192856e-06	-1.173120133422755e-06	0.002743613447893064	-0.00024238569931341858	-0.00024236139520038974	-2.4962171101858724e-05	-0.00022663423144636403	-0.00015365228948435822	0.00012867186762765482
14.67	-1.6417085959602675e-05	-1.0682997613707528e-05	0.003224393029704707	-8.404663727222205e-06	-2.7282089101646623e-06	0.002744451058228211	-0.00014674250419493824	-0.00022727497031091955	0.00012814973984210507	-0.00013599647445795116	-0.000177145010674362	-8.041793810873637e-07
14.680000000000001	-1.7251760599341198e-05	-1.2828855738866673e-05	0.0032257781507939263	-9.293307740574027e-06	-4.2193665163554505e-06	0.0027439270730734923	-1.8378216732649788e-05	-0.00018241079489172843	0.0001404918152407644	-4.896228834602522e-05	-0.00014523155246390303	-9.897508336748392e-05
14.690000000000001	-1.6676652237705456e-05	-1.4365436727722385e-05	0.003226393457954131	-9.582904422516851e-06	-5.456797162289691e-06	0.0027427458970113567	0.00011045946784300127	-0.00010509413374218271	-2.9609117033071345e-05	1.0034256318552035e-05	-0.00010960818356816077	-0.00013338441496700776
14.700000000000001	-1.5130902928242202e-05	-1.5049593423706263e-05	0.003225235346474875	-9.101799707160049e-06	-6.263042160671434e-06	0.002741721940874449	0.00017727768420345812	-3.633172158460446e-05	-0.0001896394092805647	6.74611540272188e-05	-5.430001452210292e-05	-7.188318176006986e-05
14.71	-1.2859614819159176e-05	-1.5059764876722161e-05	0.0032234183993778928	-8.153058332824283e-06	-6.67437994838417e-06	0.002741502021192177	0.000254557441314446	5.403159172625666e-05	-0.00013283644266463206	0.00012230335894984918	-4.775444834153969e-05	2.2046467666756343e-05
14.72	-9.802920360906636e-06	-1.3912594842455122e-05	0.0032226075111872958	-6.666683629642717e-06	-7.102978153784115e-06	0.00274207109411791	0.00035529926032355026	0.00015315005459140888	-3.2774166029766832e-06	0.00019015786005041063	-1.5762324340063205e-05	7.192109682305743e-05
14.73	-6.029854216237034e-06	-1.2428749926299506e-05	0.0032233132745741705	-4.80885375818147e-06	-7.019635993490891e-06	0.0027427888545641173	0.00038972951850288983	0.00015873809264012488	0.00010887327872015348	0.00019405560884054075	5.081291052982271e-05	6.21789399729261e-05
14.74	-2.0270899022417183e-06	-1.0559388657423892e-05	0.0032249014589000157	-2.5755662297146495e-06	-6.323907309299797e-06	0.0027433764808351565	0.00042851546377982804	0.0002123438621663202	0.00017773902392107926	0.000250788343111324	8.248433265055599e-05	4.7698856622851574e-05
14.75	1.9909493581082038e-06	-8.399773328602298e-06	0.003226609601430573	-2.725857745811767e-09	-5.102587604026919e-06	0.0027436827129812785	0.0003901012813279816	0.00024150962679020353	0.0001378556777339022	0.0002762696896331168	0.0001619430238417525	5.627451783553023e-08
14.760000000000002	5.977825437445942e-06	-6.018089957977797e-06	0.003227068853671324	2.749065790375619e-06	-3.39708848662477e-06	0.002743532208745717	0.0004023702760230342	0.0002617709954467229	-6.071338875328004e-05	0.00027046100402243077	0.00020469657557247098	-2.6570020660801047e-05
14.770000000000001	9.761745036740059e-06	-3.4211055649879665e-06	0.003225618889465622	5.1136651301952e-06	-1.2745897747785923e-06	0.0027430230847237994	0.0003567078172783204	0.00027844408103764044	-0.0002152767463637279	0.00022082156107259342	0.00021005514596774265	-6.652873628359011e-05
14.780000000000001	1.3108769549777125e-05	-6.820737212116758e-07	0.0032235168374140696	6.966182938931829e-06	6.74613257191201e-07	0.0027424306412398205	0.0002889681319146875	0.0002577888106973713	-0.00017000181174749398	0.00014593491052790613	0.00018970763038414108	-5.1588252203846364e-05
14.790000000000001	1.5425020190766745e-05	1.8501408822518294e-06	0.0032224969602507813	8.225989877837442e-06	2.4917494733926692e-06	0.0027420934983501226	0.00019390274731419512	0.00024975805822338097	-1.324462018019173e-05	0.00010186459648149798	0.0001715481678476817	-9.116626324694208e-06
14.8	1.6806046872146794e-05	4.064971028082685e-06	0.0032233073922210615	8.90008221461766e-06	4.012051523982863e-06	0.0027420345540043176	6.669480816609995e-05	0.00019446037578506434	0.0001704917524526641	3.726901476101189e-05	0.0001350048005911601	-5.1589274383413895e-06
14.81	1.688276535893817e-05	5.453156466133276e-06	0.0032254715113465443	8.836717323134607e-06	5.072344820320656e-06	0.002742135954514436	-6.531291632349546e-05	7.159415948168497e-05	0.0002101531565154005	-3.235377891145662e-05	7.201711262495747e-05	2.3505402435517053e-05
14.82	1.5631947427688647e-05	5.320877099660501e-06	0.003227046600234588	8.266432709444351e-06	5.167145436546918e-06	0.0027426439746665145	-0.00016691527301153461	-7.39046341121047e-05	7.837975379697012e-05	-8.113647508075694e-05	-3.322518470166111e-05	9.113514697023495e-05
14.83	1.3569082825082555e-05	4.29426170815959e-06	0.0032269261350406494	7.066862383840421e-06	4.478108230672969e-06	0.002743702576621904	-0.000249801247983438	-0.00012764911080210872	-8.495108474161202e-05	-0.00014856518992833142	-9.312350947749293e-05	0.00010473265056389838
14.84	1.0722012169559106e-05	2.6724866706651995e-06	0.0032256588865214575	5.249527121876099e-06	3.122081899660217e-06	0.002744474095725706	-0.0003065577447135703	-0.0001795242184391026	-0.0001716860742942799	-0.0002115073414486996	-0.00016356198076194925	3.542992523723103e-05
14.850000000000001	7.106830933559223e-06	6.582239273267998e-07	0.003224281155393437	3.050152493830744e-06	1.541043058728026e-06	0.002743858810612817	-0.0003989524555914468	-0.00021245090525562888	-0.00010343691616255174	-0.00021371627564215187	-0.00016855853146703617	-0.00014170895333854043
14.860000000000001	2.9085727993760827e-06	-1.4813872053967813e-06	0.0032236681835845697	8.655852778278679e-07	-1.4154582985280858e-07	0.0027421456200455345	-0.0004259356620361043	-0.00021113365173979618	-2.566602849003906e-05	-0.00021542454231662824	-0.00015773302457121097	-0.00016364708779674196
14.870000000000001	-1.125842974492155e-06	-3.4853043339970406e-06	0.003223767782626929	-1.0876180150866369e-06	-1.615985202234566e-06	0.002740859911114728	-0.00036221089101238184	-0.00020695307667094692	5.15616905214118e-05	-0.0001705090986254901	-0.00012276098669206206	-7.963542436450342e-05
14.88	-4.778312502437015e-06	-5.489823664250343e-06	0.0032245049576008645	-2.6772295284673516e-06	-3.0599359810324834e-06	0.00274076486113395	-0.00036348311765436607	-0.0001826320015202034	6.657586748459004e-05	-0.00014103397611460217	-0.0001505557443613542	7.704592379394946e-05
14.89	-8.170737456267681e-06	-7.2103201980598285e-06	0.0032250392250015667	-3.877569910835609e-06	-4.164219222486795e-06	0.0027419903619575092	-0.00031991350929518064	-0.00014831749260027163	3.252389510009387e-05	-9.829336168753894e-05	-9.061494457838229e-05	0.00014561394348564774
14.9	-1.1023823713805313e-05	-8.477503682071676e-06	0.0032251037329244555	-4.613808095812549e-06	-4.896727678820129e-06	0.0027436470382126875	-0.000257957331848982	-0.0001091585342957569	-2.0574127494692046e-05	-4.6842545292008355e-05	-3.543326974199802e-05	0.0001431904801369618
14.91	-1.3199816180456375e-05	-9.130787599929315e-06	0.0032250186444876716	-4.947401543149302e-06	-4.802592935504397e-06	0.0027445045124826384	-0.00017910833773830643	-2.4736643159593087e-05	2.3149378249249547e-05	-1.565624172800884e-05	1.781895873753015e-05	1.566843844489696e-05
14.92	-1.442912530815319e-05	-9.255999173565746e-06	0.003225437343633193	-4.93958868703393e-06	-4.167411168080748e-06	0.002744064061553438	-7.663353433873028e-05	2.24716529848175e-05	2.6346308992093598e-05	3.388773574088264e-05	7.456124412950545e-05	-0.00010082980946331095
14.930000000000001	-1.5016275348686512e-05	-8.703310295441928e-06	0.0032255159861081144	-4.343591079956549e-06	-3.2998115954137938e-06	0.002742924953527037	-3.3411097042071375e-05	8.729837103203848e-05	-2.5448760230198114e-05	7.566272169911557e-05	0.00010822017630903914	-0.00012446889753689865
14.940000000000001	-1.5193775837918739e-05	-7.4888661096004136e-06	0.0032248416504096766	-3.6789431662661036e-06	-2.453386329955874e-06	0.0027418757106659718	-2.279456726500108e-07	0.00014960074588139758	-8.321858636722757e-05	4.3221251789149065e-05	6.913862088724651e-05	-8.590086429435912e-05
14.950000000000001	-1.50917538968455e-05	-5.889073586550911e-06	0.0032238520674907605	-3.134933071615713e-06	-1.78581519171515e-06	0.002741641050066682	2.379187429569048e-05	0.00016084712934606472	-8.466020447787394e-05	5.475614167329217e-05	7.559193175797124e-05	3.956160719878711e-05
14.96	-1.46352492420082e-05	-4.300933767275427e-06	0.003223206959800224	-2.575218903454166e-06	-1.161305003828643e-06	0.002742256643736418	6.438782574013911e-05	0.00018096661386269157	-1.915995076880263e-05	4.076700563816518e-05	5.788144040282817e-05	7.953022429685673e-05
14.97	-1.3664786871368219e-05	-2.7868087586027033e-06	0.0032234150201590544	-2.2144295639463074e-06	-4.977085113681758e-07	0.002742923222879812	0.00010325907457698326	0.00010867938481123539	7.087381028997647e-05	2.15149457362067e-05	7.517480504705104e-05	6.596769509483552e-05
14.98	-1.2864406307512504e-05	-1.638108896425667e-06	0.0032248113148998993	-1.9997660547907122e-06	2.2689459693351936e-07	0.0027435655228560244	7.981705503168109e-05	0.00011484258529584737	0.00015885596376147198	2.5738826067287555e-05	7.792748727280087e-05	5.316791105940899e-05
14.99	-1.1947012293079155e-05	-4.147840002429425e-07	0.0032263079437759444	-1.666441978358908e-06	8.266542771312365e-07	0.0027438850298645645	8.369472254168373e-05	0.00013246550218156411	0.0001408308675855351	1.400176771500611e-05	4.262026215216077e-05	1.8922751623584846e-05
