0.0	-0.00013354956655892286	-0.00011518098703513724	0.0032093755021357596	8.030861234878994e-05	-2.3197860902347408e-05	0.002761576383855712	-0.012662933742390966	0.011498523643286409	7.57602857698191e-05	-0.0018823428012160544	-0.005969901268213953	-2.6269452434132627e-05
0.01	-0.00018438448696489544	3.2014439955536346e-05	0.0032095302382385486	3.0182586139215682e-05	-6.456745939802532e-05	0.0027621739085492334	0.00328873109713871	0.015634364958334573	-7.577876388057192e-05	-0.007371622174270591	-0.001657527519284273	0.00015855936692935377
0.02	-7.758342092920801e-05	0.00015146736015089833	0.0032087881864135506	-4.557337422581701e-05	-5.146088304152998e-05	0.002763131266583256	0.016387357996090108	0.006418454360836162	1.6307006637276745e-05	-0.0065964345275699365	0.004067792133453435	-3.4532470150865106e-05
0.030000000000000002	9.539950951340572e-05	0.0001419641512608697	0.003210285118551203	-8.248549135552713e-05	4.659390297097741e-06	0.0027614039111844794	0.0154988943765529	-0.00820771635931385	0.00022105943533047453	-0.00020242492934667718	0.006334172766049763	-0.00024998898864426854
0.04	0.00018663257483777265	1.1216337116673241e-05	0.0032111574539827707	-4.891695746576233e-05	5.6934089891160956e-05	0.0027596243021854455	0.0013011807681769928	-0.015877665503116978	-0.00011161957634856909	0.006395566818739615	0.0033010477167900814	-5.4358830248634156e-05
0.05	0.00011807192505490873	-0.00012880257714632584	0.003209185267693184	2.6479213263396738e-05	6.12560655991691e-05	0.0027599859582084847	-0.013935247772019847	-0.009935958672353156	-0.00019479970325145992	0.007509443595165593	-0.0025114590693267208	7.842638230875629e-05
0.060000000000000005	-5.067434764283783e-05	-0.00015888454382309415	0.0032085851260703667	7.90014890702468e-05	1.391891560944713e-05	0.0027603058222915203	-0.01722315505339387	0.004382964788849353	7.658842181884478e-05	0.002201084463502064	-0.006221196536994391	-2.1325018135740963e-05
0.07	-0.00017624564725257554	-5.3532943990133534e-05	0.0032093375635806965	6.393905669354569e-05	-4.526466252236647e-05	0.0027605579895091385	-0.00590123820506052	0.01503575799235266	2.7184536196838736e-05	-0.004983400080168175	-0.0046565663087519546	0.00012094418908450406
0.08	-0.00015118831868443498	9.738910536300497e-05	0.0032088432114954486	-5.650252291423875e-06	-6.605343146312311e-05	0.0027624550667921786	0.010487906784328085	0.0128054101627426	-5.210548406356817e-05	-0.00785051765730058	0.0008570851436938759	0.000189524872964112
0.09000000000000001	2.3653233299558117e-06	0.0001651384228571631	0.0032094684440270157	-7.005797479179848e-05	-3.10750440302889e-05	0.002763405609487223	0.017843756058026922	-0.000318487654793474	0.0001967451527389037	-0.004055947116024351	0.005580590733619168	-8.271693927754669e-05
0.1	0.0001535515065140347	9.205131867357402e-05	0.0032116669044050363	-7.487478970266688e-05	2.977210187655032e-05	0.0027618244069993214	0.01002831315204626	-0.013188821319292016	0.00011760505045512562	0.003154368358371147	0.005645361154740153	-0.00015156689708906002
0.11	0.00017296426867704034	-5.966245888649339e-05	0.0032113944399536644	-1.5979135485014877e-05	6.536756092735408e-05	0.0027614630343452905	-0.00641219799979452	-0.01477586512054674	-0.00015063163512042896	0.007705010587370775	0.0009064844179708169	5.584396038195594e-05
0.12000000000000001	4.466162345754687e-05	-0.00016009081427368195	0.003210050971410067	5.642430174272891e-05	4.531136500956923e-05	0.002761896977492418	-0.01725066711226352	-0.0037813711279011757	-5.325995120615542e-05	0.005663136451630169	-0.004594686327429151	-2.7337358252322074e-05
0.13	-0.00012178538272636601	-0.00012406423715954578	0.0032101251199838816	8.097894665263979e-05	-1.3093023586943342e-05	0.002760869430779107	-0.01343320111619614	0.010455556612901854	1.5397456976426797e-05	-0.0011578855240031662	-0.006182031168270866	-0.0001109289960226036
0.14	-0.000184047087602571	1.817103913766536e-05	0.0032095444199693513	3.6495050958965064e-05	-6.0530205407971426e-05	0.002760793863093347	0.001944193422079368	0.01575268644962952	-0.0001279695722335215	-0.007035937862673401	-0.0025483640836013685	0.00011637144086513977
0.15	-8.908949248075004e-05	0.00014465902836488425	0.003208267190134604	-3.883895030149705e-05	-5.666842092637689e-05	0.002762045016133304	0.01555637814918596	0.00760464637828797	-8.520892808283014e-05	-0.006852099309414654	0.003251930146632448	6.654418763938276e-05
0.16	8.158559096386523e-05	0.00014794810801438982	0.0032086906668992664	-8.071404012045724e-05	-5.432808706604089e-06	0.00276169543144275	0.015925054186466905	-0.006988704815370877	0.0001239009933099594	-0.0008913495256456529	0.006237286376336803	-0.00011465438000110734
0.17	0.00018252626495059187	2.5036550339980536e-05	0.003209701264323144	-5.4064273515831785e-05	5.016210856369265e-05	0.0027611239489560005	0.0026850395999058895	-0.015628454091207472	4.292904674570226e-05	0.005820044186810279	0.004019476305186719	1.919586445102112e-05
0.18000000000000002	0.0001274624255834161	-0.00011868820661740362	0.003209518475394675	1.860543381268533e-05	6.329086387140686e-05	0.00276174354309875	-0.012800042651099896	-0.010872655820753835	-1.0197242431857932e-05	0.007562145318299638	-0.001578232414229712	4.8457562999227615e-05
0.19	-3.5960001056325425e-05	-0.0001609878931241066	0.0032101647290318507	7.532147496007236e-05	2.2948896454398877e-05	0.0027612781891282437	-0.01734316855969198	0.0030464645409636892	0.00013010973436626108	0.002911566219452611	-0.005868788855403532	-0.00012153526326813591
0.2	-0.00016865424844585055	-6.634796356331945e-05	0.0032111892307855427	6.823278230165075e-05	-3.705366280915616e-05	0.002760483244236315	-0.007100321938655644	0.014393010290598057	1.9430006035903645e-05	-0.004233874771135456	-0.005205073236841505	1.5401154018443704e-05
0.21000000000000002	-0.0001572322850547144	8.43981796855734e-05	0.0032103284864951802	3.002156232323101e-06	-6.584668931208932e-05	0.0027616539644929375	0.009178935325164464	0.01340182259863913	-0.00014326175752588636	-0.007788192959492993	-0.00010677992121552696	0.0001546663494322213
0.22	-1.2103049217654758e-05	0.00016284541663032364	0.0032095118779701262	-6.464208952659195e-05	-3.879929782381098e-05	0.002762180386780085	0.0175621545647585	0.001078435260653212	3.109718203075329e-05	-0.004694568744891946	0.00509887080257872	-9.02661456860456e-05
0.23	0.0001430143112844332	0.0001028095309417318	0.003210459100097333	-7.721195832973327e-05	2.114666218153896e-05	0.0027608251471393373	0.01104456878223231	-0.01220273876812128	6.0475716737532355e-05	0.002358739647794051	0.005976713144650005	-9.563850825061219e-05
0.24000000000000002	0.00017569707643480192	-4.4931498919970795e-05	0.003209723628266118	-2.421415913261009e-05	6.324520496592662e-05	0.002760781712387007	-0.004977547061357161	-0.015030161761414224	-0.0001783967669893269	0.007384879011987303	0.0017933123676553326	7.286331366175242e-05
0.25	5.8494673345190084e-05	-0.00015391246121290356	0.003208409647056901	4.86694909483945e-05	5.169574581695564e-05	0.0027612225508119926	-0.01662503967448573	-0.005084841279767053	-1.5801844340883004e-05	0.006057516317603574	-0.003914031949930048	-5.0942037761390465e-05
0.26	-0.00010828042617637608	-0.000131963556348936	0.003209539760412575	7.95445722179964e-05	-3.411948815975319e-06	0.002760162224421008	-0.014147740241246941	0.009133682401398375	0.00016047089815980327	-0.0003549759069901465	-0.0062581688395425	-9.523484898354066e-05
0.27	-0.00018242142500082004	2.277446151013141e-06	0.0032102721308901266	4.270647452326526e-05	-5.5560132742264524e-05	0.002760313471177332	0.0005000466423634738	0.01559361290123358	-1.9616606737148983e-05	-0.006447868557894648	-0.0033340196929295958	0.0001226796042106769
0.28	-0.00010041026063481567	0.00013382050055044578	0.003209445885749336	-3.048124094518076e-05	-6.034418151013392e-05	0.002761736274009386	0.01458718712086911	0.008680872627228086	-3.713141511505501e-05	-0.007026318904738156	0.0024406240901757963	0.0001148293916801797
0.29000000000000004	6.648812817218447e-05	0.0001513522356437585	0.003210365197358809	-7.760272558261827e-05	-1.4114815109042736e-05	0.002761754335567571	0.016216542542776036	-0.005468331816500372	0.0001410728922173787	-0.001668227554603737	0.006080352555470523	-5.9038318557062835e-05
0.3	0.00017639468895606607	4.028788501001191e-05	0.003211085355202193	-5.88667968655724e-05	4.3869360716672274e-05	0.0027613817026178595	0.0040457919400047025	-0.015004366059695245	-4.7235112320453744e-05	0.005147628550553597	0.004622706395186004	1.943788256693099e-05
0.31	0.00013578510601860058	-0.00010479901677065001	0.003209843657662804	1.0051612679551067e-05	6.473195747692831e-05	0.0027619926508974193	-0.011512795680685214	-0.01175470409279943	-0.00013028390270231893	0.007548166727942586	-0.0007891624539012094	4.73394158709744e-05
0.32	-1.9772389513922987e-05	-0.000161000185265346	0.003209614863090422	6.99423307016647e-05	3.088326981629513e-05	0.0027613356960993693	-0.017224471635700598	0.0013940823975923063	8.457553586038521e-05	0.0035236291678260915	-0.005474653056025813	-0.00017521774086104696
0.33	-0.0001584616496180458	-8.040578478880793e-05	0.003210288189125559	7.043890057263147e-05	-2.887542116552661e-05	0.0027597067669800903	-0.0083243728086621	0.013470484451942811	-1.0385272279864013e-05	-0.003476334809685438	-0.0055390785754973445	-8.119859286966012e-05
0.34	-0.0001616366537248821	6.8707109900912e-05	0.0032092565238900465	1.0471464621692454e-05	-6.397353765704293e-05	0.002759743758772643	0.007704920145320036	0.014038540959155684	-0.00014427534654532957	-0.007568348466831018	-0.0009063085888684349	8.003376155116108e-05
0.35000000000000003	-2.736837291006097e-05	0.00015902289138147122	0.0032091737227043144	-5.8600063664725464e-05	-4.45438688801785e-05	0.0027602279801895216	0.017061221173408792	0.0026568721500697385	0.00013998794935444047	-0.005157311109580876	0.004483870434568563	6.575764049740627e-07
0.36000000000000004	0.0001301139156705809	0.0001140072543143969	0.0032111344967196247	-7.765409928205935e-05	1.2741266947929833e-05	0.0027598425548716436	0.011936106273086439	-0.010967434751978365	0.00017787410136452583	0.0016554700178737745	0.0061026075394975485	-1.0566347375823964e-05
0.37	0.0001760613863516839	-2.7823758841050385e-05	0.00321147855812242	-3.0365861227943973e-05	5.937649555434522e-05	0.002760798511825671	-0.003459063116988794	-0.01518288619970611	-0.0001042462191563452	0.007056390990096443	0.0024903559609234377	0.00018321011031396356
0.38	7.173351150315228e-05	-0.0001454311066855597	0.003210606813486214	4.276202769428468e-05	5.533282906975848e-05	0.0027622992304819336	-0.015803324787818172	-0.006546616082165203	-1.3085855192633505e-05	0.0064207672214457836	-0.0032094752414807246	5.862410294830766e-05
0.39	-9.384452751304016e-05	-0.00013958682184330955	0.003210947343128894	7.948596879810962e-05	4.422746609119334e-06	0.0027617392478255327	-0.014750519577657864	0.007646363002069127	3.785570334939088e-05	0.0003512108988987675	-0.006199036919824642	-0.0001171664526314094
0.4	-0.00017942319257650103	-1.4976397742859871e-05	0.003210432622933646	4.831366834568186e-05	-5.0285660294366266e-05	0.0027609694477713697	-0.0010501226246323262	0.015319443845992058	-0.00014420955695471102	-0.006103168330197876	-0.0038988138848279506	-3.628057474419449e-05
0.41000000000000003	-0.00011209360445748725	0.00012186413757560035	0.0032089085649817293	-2.4586991932295855e-05	-6.202540029810925e-05	0.0027607097404780435	0.013458105236502389	0.009927184607718319	-9.923208878484882e-05	-0.007323477332683679	0.0016881598615061044	-7.138789763080614e-05
0.42000000000000004	5.045397385914028e-05	0.0001549697793128513	0.003209505055210492	-7.65062731690606e-05	-2.153476265144276e-05	0.0027590690005909954	0.016544387335136433	-0.0038438121242790678	0.00018177820622503152	-0.0022687183940662357	0.005786864565377159	-0.00021246165978918742
0.43	0.00017009064739834746	5.603564928967767e-05	0.0032108246707603936	-6.301460191583022e-05	3.7234596463575345e-05	0.002757863683328608	0.005504088816121269	-0.014392649582725516	2.8370670931853204e-05	0.0047654221949734316	0.005041598755032505	3.1917824477158874e-05
0.44	0.00014468197171700565	-9.035894814889355e-05	0.0032101724264615083	4.66508506160165e-06	6.435789669884252e-05	0.00275923420210524	-0.010170640585451375	-0.012611397458357565	-7.944599042952767e-05	0.007679877288769691	-4.067641617124764e-05	0.0001619072105506118
0.45	-3.7756771294807315e-06	-0.00015953137036735075	0.0032103648259576437	6.812353450348699e-05	3.6564582482092213e-05	0.0027602219251157472	-0.01721700237738028	-0.00017234466633247629	0.00012963455085006784	0.004028005831560504	-0.005063310475251028	3.145237966493828e-05
0.46	-0.00014891855491831591	-9.326021197114144e-05	0.0032113987104407725	7.358881799843181e-05	-2.2219133570692835e-05	0.0027607288707915097	-0.009528692364594417	0.01239306551573337	1.56906824709126e-05	-0.003033694786496025	-0.005786140117697359	8.853601785449763e-05
0.47000000000000003	-0.00016641571605662195	5.195769757011149e-05	0.003210603690866379	1.619192016812057e-05	-6.220397519237678e-05	0.0027618433387573806	0.006256965358411259	0.014364172661791219	-0.00011451927366004273	-0.007521655453712043	-0.0016090026976193633	0.00012651052190214553
0.48000000000000004	-4.238947357446174e-05	0.00015268796846025045	0.003210204390489944	-5.458650355347817e-05	-4.953389710361006e-05	0.002762027290171358	0.01661907725020705	0.004226547498374536	5.678366405730826e-05	-0.005534178350999787	0.00391977413343615	-0.00012950699430733486
0.49000000000000005	0.00011745670636721215	0.00012411847868539443	0.0032111396393348863	-7.87063625090123e-05	4.954313223232921e-06	0.0027599859531130624	0.012822996932895993	-0.009529367791450874	5.582643762250494e-05	0.001087915752017009	0.006143318280172741	-0.00019613118730480263
0.5	0.00017665092665768197	-9.833255188264868e-06	0.0032102902545103093	-3.574225719984867e-05	5.529127165994811e-05	0.0027590643681782564	-0.001907504344040013	-0.015175341121043866	-0.0001768688874927934	0.0068547722764431	0.0031411548646489763	6.951047337373455e-06
0.51	8.551110640623728e-05	-0.00013493783480632803	0.003209055007722977	3.7782116849462396e-05	5.8538695836215254e-05	0.00275896144012988	-0.014915972509281106	-0.007919578153821447	-3.347369861315884e-06	0.006726131931973014	-0.0025304201017367772	-7.728269447696562e-05
0.52	-7.827289241965651e-05	-0.00014540332213149095	0.0032102241057030577	7.908244764552979e-05	1.202978281502731e-05	0.002758005091024519	-0.015304093756814768	0.006028422015127622	0.00017344686239518305	0.0008802141313898042	-0.006053620209498223	-7.384889617565032e-05
0.53	-0.0001750212197960935	-3.1918437898945195e-05	0.003210846925496175	5.2707492176903916e-05	-4.4849114796857476e-05	0.002758911237550851	-0.0025282417207813613	0.0148846514081084	-0.0001006747947537641	-0.005748442920605611	-0.0044175586072670294	0.00025056806638827737
0.54	-0.00012215286105747163	0.00010843797760751155	0.0032097996765324045	-1.8638627475055523e-05	-6.340281319884707e-05	0.002761635625578548	0.012246773339577794	0.011017730973999	-2.8322554932540052e-05	-0.007409684905170545	0.0009580629081985365	0.0002052855805168648
0.55	3.4278324900701774e-05	0.00015687387325933293	0.003210942318336568	-7.38015342325537e-05	-2.853557471232391e-05	0.0027618696987466943	0.016620282548374075	-0.0021101579700188	0.00021508049790198874	-0.0027713710548196114	0.005479951932632389	-0.00010157752946350572
0.56	0.00016140420745735745	7.192531124726916e-05	0.0032124591646086136	-6.603098044813734e-05	3.0304389063884323e-05	0.0027608277452206885	0.0068150779837097	-0.013561235418528234	1.4889375410666301e-05	0.0042231727149548886	0.005393769324421071	-5.736164984142752e-05
0.5700000000000001	0.00015067729740746266	-7.390883458284593e-05	0.0032112373494101397	-2.0192022040216985e-06	6.309473799936392e-05	0.002760556992146996	-0.008804169675228653	-0.013369694481758235	-0.00016026504873293418	0.007585319550939049	0.0006660916851216199	-7.707963929762973e-05
0.5800000000000001	1.1639511981122626e-05	-0.00015700453427080032	0.003210650634984171	6.3285394611877e-05	4.217729040638182e-05	0.00275899740267409	-0.016845948555132495	-0.001950932559991999	1.6303361387926006e-05	0.004484628461239974	-0.004527325384659343	-0.00021502851855311866
0.5900000000000001	-0.00013686368733852082	-0.00010673098860314721	0.0032108055684275916	7.456218710627714e-05	-1.42847843317516e-05	0.002757385052657375	-0.010519875215870356	0.011223079758102038	-5.641094241258629e-05	-0.002392848136242823	-0.005920257618703681	-4.973473238492042e-05
0.6	-0.00016809227998281363	3.4217113871837145e-05	0.0032094391998479096	2.216708461714219e-05	-5.8722393822922655e-05	0.002758419494270897	0.004718857733150163	0.014756376341313349	-0.00017698768378405645	-0.007237569873672093	-0.0022525318840393733	0.00021390309864788347
0.61	-5.6475768488136005e-05	0.00014569693729466878	0.003208955110450923	-4.915930976412725e-05	-5.298741273326241e-05	0.0027601201872465477	0.015873467473175605	0.005828277470173433	0.0001420904010391936	-0.005897897824988102	0.0032951523851326115	8.006405343739737e-05
0.62	0.00010338552311541428	0.000133580192158992	0.003211496817790804	-7.879793168252193e-05	-2.3888849958675053e-06	0.0027603950368069578	0.013589570105431357	-0.008092121984532819	0.00024769387362296	0.0004359897089142857	0.006068121365912181	3.0253225669324034e-05
0.63	0.00017503311871315354	7.498334537167531e-06	0.003212517198561769	-4.145280332193662e-05	5.046587994527843e-05	0.002761478318234924	-0.00035946356056687414	-0.015151526022902546	-3.8416877355006116e-05	0.006463866591850738	0.003674859348403931	0.00015241985767264468
0.64	9.761187780377368e-05	-0.00012485765621380733	0.0032118332760837434	3.09958088453594e-05	6.0342682895916484e-05	0.0027622340682713162	-0.01389133328757023	-0.009269387317063676	-2.1262552000881718e-05	0.006891148668744477	-0.0018309641368011277	-5.553807296124911e-05
0.65	-6.258700436955389e-05	-0.00015109743049115842	0.003212115661997312	7.667303399402641e-05	1.9159471756070898e-05	0.0027604228534459873	-0.015654246260483118	0.004456574771708031	2.395424354291933e-05	0.0014925196603022039	-0.005772385343987202	-0.0002353824028319562
0.66	-0.00016933386314544759	-4.8761660552541325e-05	0.0032112003678400505	5.671424223785017e-05	-3.838338615794249e-05	0.0027588245460894076	-0.004018667358206777	0.014415845040268797	-0.00023354551228172156	-0.005200613253475889	-0.004824287652237053	-4.068281976646997e-05
0.67	-0.0001314266741701513	9.480480716981727e-05	0.0032089991020021378	-1.1668121012722101e-05	-6.313656540914123e-05	0.0027588003701312803	0.010974196779763782	0.012095209548976974	-0.00011924353949561769	-0.007409466797665066	0.00025137411732689897	-2.3557608291432783e-05
0.68	1.8031732760451563e-05	0.00015759552693445035	0.0032096731990989215	-6.996263692501957e-05	-3.430763086073755e-05	0.002757933952995857	0.01662014462898573	-0.0005016797383568924	0.00018674622841466447	-0.0033644737495491773	0.005048427697503555	-8.20810182706762e-05
0.6900000000000001	0.00015194933997640675	8.611497847382015e-05	0.0032110822210833115	-6.880790778203319e-05	2.3335627622244868e-05	0.0027580228276408085	0.008073158999592394	-0.012658587730732668	4.278849332293151e-05	0.0035754964874298704	0.005581865295431268	0.00017503349687220037
0.7000000000000001	0.00015630099795522907	-5.8331393520458245e-05	0.003210947743509828	-8.743277734845294e-06	6.08116943407264e-05	0.002760677338582615	-0.007250626130020733	-0.013974568196951252	-3.383991699134471e-05	0.0074780955357267465	0.001359492504500427	0.00028284222917207357
0.7100000000000001	2.8133582865711537e-05	-0.00015305675944015838	0.0032116586511103102	5.84769549886757e-05	4.660580656835282e-05	0.002762213937682477	-0.016410971864310914	-0.00349761628557924	0.00017000600199408588	0.004942751458913172	-0.003960109839185249	-1.826315518015675e-05
0.7200000000000001	-0.0001239841177590936	-0.0001178093730651576	0.0032131523528653432	7.574188742642278e-05	-6.992796173443594e-06	0.00276126874403622	-0.011617997385977125	0.010023102133893678	5.134564097174381e-05	-0.0017215609364275085	-0.005919538808832912	-9.705058845951042e-05
0.73	-0.00017003832448463714	1.7566223068648382e-05	0.0032121459069532083	2.8620697347469612e-05	-5.45802472559511e-05	0.002760859511460746	0.003084111322784155	0.014941118494966217	-0.00019209540678728326	-0.006958395183018116	-0.0028410533922560758	-4.534143654073929e-05
0.74	-7.156388912484537e-05	0.00013754333323491474	0.003210875452925838	-4.278753307601405e-05	-5.5742315767439156e-05	0.00275964845296285	0.015095636974948565	0.007216004751413205	-3.0364973269700326e-05	-0.006238326281934275	0.0026168672723566725	-0.00019076530522791255
0.75	8.780160556157533e-05	0.00014065531241950365	0.0032111668567177394	-7.781385264435392e-05	-9.681699281431347e-06	0.0027574026472383323	0.014287061019595683	-0.006685042374734712	1.4688726177759417e-05	-0.00022818497368994736	0.00589363256827697	-0.00017701413127688015
0.76	0.00017187930220540043	2.366270827438109e-05	0.0032101183414153453	-4.662810628732929e-05	4.505765767799886e-05	0.0027571696046935403	0.001221450591799935	-0.01482750036805469	-0.00019610009899621346	0.005994400742162648	0.004199394147511146	0.0001326777661062075
0.77	0.00010905916649830078	-0.00011257535659169408	0.003208840868378684	2.4225331772439307e-05	6.172033330826064e-05	0.0027586924901342553	-0.012778936801728182	-0.010302462815719263	3.198469153758322e-05	0.007077150822794072	-0.0011393151098018977	9.297275239697714e-05
0.78	-4.651269674259936e-05	-0.000152848736390368	0.003210520175323682	7.400343547012017e-05	2.5915837325512364e-05	0.0027586317017066577	-0.01591040621978366	0.0028910764493238895	0.00023600239491227578	0.0021095430583669716	-0.005470598853468264	-4.6507081024289065e-05
0.79	-0.0001625182053952366	-6.317939503193066e-05	0.003211994485084911	6.0560387528004217e-05	-3.1676051530409476e-05	0.0027591148394658254	-0.005454278045757675	0.013628461454984307	3.207943147919824e-05	-0.004588175263037697	-0.005161084745951342	0.00015551876774660484
0.8	-0.00013981705292689532	7.983084457640217e-05	0.0032115941499712836	-4.137978228804414e-06	-6.221003264570743e-05	0.002760967628353249	0.009606662700400639	0.012741845016943852	-1.744965560552267e-05	-0.0073524847936327214	-0.0004728872273824011	0.0001562217583681068
0.81	1.4708721771454126e-06	0.0001552186615711011	0.0032125194891679774	-6.509360988840407e-05	-3.972430685640529e-05	0.002761079872405088	0.01649253256802338	0.0011449230007341436	0.00016315162608149857	-0.0039052247174024995	0.004611924085873842	-0.00011309903763459859
0.8200000000000001	0.0001413817157714919	9.909805961145304e-05	0.003213116847626547	-7.071703931508962e-05	1.651736112774917e-05	0.002759877498707735	0.00929387189845631	-0.011504727175626919	-8.665843606328534e-05	0.0028531773681389513	0.005799326607198244	-5.4300154122702954e-05
0.8300000000000001	0.00016041672604412438	-4.127252432828139e-05	0.003211016431664683	-1.6144820391436e-05	5.901059472127514e-05	0.0027599435811184844	-0.005766001216572074	-0.014390183452466178	-0.0002453700303240545	0.007200205040258783	0.0020418782695479343	3.1179746522082616e-05
0.8400000000000001	4.3362643563918976e-05	-0.00014662163645493513	0.003210033734459108	5.193975006504712e-05	5.1680805899878013e-05	0.0027591791506771015	-0.01583144988562132	-0.0050789943247456235	6.836768148850805e-05	0.005361725697045382	-0.003379051872655521	-0.00018550083790267328
0.8500000000000001	-0.00011021638027975224	-0.00012761810534656776	0.0032109555510115573	7.555670350314743e-05	7.960472350251216e-07	0.00275741850149617	-0.01247040259790774	0.008604586213601982	5.829223468194173e-05	-0.001007458464907382	-0.0060016230145465005	-0.00010975360851896904
0.86	-0.0001692570268723097	6.883300934357369e-08	0.0032104845691206946	3.4677660389492663e-05	-5.089646362536449e-05	0.002757571996170047	0.0015562263664636318	0.014911189182656555	-0.00010783701783265302	-0.006525476397395972	-0.003538556631389683	0.0001078897781644151
0.87	-8.422297825682241e-05	0.00012705599032186214	0.003210351760451208	-3.566357195668908e-05	-5.949053880713536e-05	0.002758845204841508	0.014116704598490949	0.0085440214664714	0.00011029960907004854	-0.006457734820344188	0.0019325954160306844	9.30679777034386e-05
0.88	7.21270358768482e-05	0.00014617995575707995	0.0032123873775910233	-7.557044115273058e-05	-1.7900393097867308e-05	0.0027594257573985864	0.014707940990301148	-0.005022130068077136	0.00021245771377057876	-0.0009155295549853629	0.005775249698430927	6.986399869754122e-05
0.89	0.0001667192845583409	4.116480550088393e-05	0.0032131873437851073	-5.112245380075191e-05	3.897117227495477e-05	0.0027607737358910783	0.0027474578395172105	-0.014333047420524825	-4.8638358212330855e-05	0.005418326070361792	0.00471119713770759	0.00018059975443841136
0.9	0.00011941072705667322	-9.846639979807437e-05	0.0032125436556818634	1.693089109435027e-05	6.275474783020654e-05	0.002761864463400229	-0.01146347162149324	-0.011450477984966059	-6.867054792548332e-07	0.007099239935965891	-0.0003311086653569366	-5.713011386742131e-05
0.91	-2.9257440383995304e-05	-0.00015471231872628096	0.003213391872769957	7.034087253856654e-05	3.3183139800336974e-05	0.0027598457755403974	-0.01598717382844396	0.0011094832267396191	8.273206764610438e-05	0.002763877151611844	-0.005129397689117095	-0.00026445867313805535
0.92	-0.00015318915421462027	-7.94295446484727e-05	0.003212657804958026	6.377800649336986e-05	-2.5012644906430525e-05	0.0027582164178131486	-0.006835587107435118	0.012779689776348387	-0.0002526692208502413	-0.003964049436402632	-0.005599998645014473	-4.904640971870735e-05
0.93	-0.0001461495528916223	6.303806117179582e-05	0.0032097195948467927	2.883665858695135e-06	-6.220416790364695e-05	0.0027582414953206368	0.008109919676434407	0.013496193729411602	-0.0002201723922053998	-0.007245282454410268	-0.0012513770157366435	5.43029826203866e-06
0.9400000000000001	-1.4846136203452242e-05	0.00015185425472472838	0.003209481953150706	-5.9974085158130654e-05	-4.667731146095179e-05	0.002757779459128654	0.01612002301959851	0.002866680380250854	0.0001304786910501592	-0.004350748390681528	0.004139905360485982	-6.578040674701999e-05
0.9500000000000001	0.00012926613946919187	0.00011175086717348067	0.0032109850935540694	-7.151409847234273e-05	8.412130363097457e-06	0.0027579170341014087	0.01043555543455571	-0.01027324350338807	0.00010292163990750753	0.002234741896788038	0.00602229696980958	0.00011469226999921844
0.9600000000000001	0.00016338001397411255	-2.3560191914115982e-05	0.0032112840422618815	-2.2001599680254108e-05	5.625232357455886e-05	0.002760119170691847	-0.004131290646961353	-0.014656976628789797	8.103444152523647e-06	0.006888728266759245	0.00280615196523519	0.0002561432115085869
0.9700000000000001	5.8848823650371264e-05	-0.0001387028441673108	0.0032121944420345425	4.5949652875506746e-05	5.636652164063508e-05	0.002761349196603057	-0.015141760243387436	-0.0066017150041857075	0.00019484077579252988	0.005657113245885913	-0.002759840576258271	-4.4680281977579625e-05
0.9800000000000001	-9.56071105900187e-05	-0.00013612375626584813	0.0032139180061070915	7.461031071724149e-05	8.95913132700198e-06	0.0027602930108295187	-0.013333710669091066	0.007084275156436259	4.30630185268136e-05	-0.00038401020247445827	-0.005986432840935833	-0.00010592239395305298
0.9900000000000001	-0.00016843831125650026	-1.792194326096185e-05	0.003212845838782105	3.967622737173133e-05	-4.630047802928977e-05	0.002759763750987923	-8.569319034891937e-05	0.014691289366979682	-0.00023519073924395498	-0.006074643081156682	-0.004188479010597546	-1.7511723514114718e-05
1.0	-9.767984889462325e-05	0.00011482838069255645	0.0032110271927787157	-2.915615265785085e-05	-6.220934040557986e-05	0.0027590450612814113	0.01313056990091731	0.00983672858752655	-6.0274775658705674e-05	-0.006588762521074605	0.0012345785344695787	-0.0001689015946913053
1.01	5.628489667532443e-05	0.00014987617886750318	0.0032114549182853435	-7.277128952696791e-05	-2.5264339913305342e-05	0.0027568843186010143	0.015265336306928312	-0.003370055833533415	6.218601906000854e-05	-0.0014562434516781776	0.005582704330183772	-0.00017494422272739543
1.02	0.00016219430032643017	5.751172114879118e-05	0.003211288836115435	-5.432949363688883e-05	3.338595861784132e-05	0.002756484792874827	0.004265972713005022	-0.013647770822760256	-0.00010236234331176334	0.004862288703027493	0.005225712300215925	0.00011427648394740642
1.03	0.0001295183570303778	-8.316873302144678e-05	0.0032104432333029875	1.0158518906646735e-05	6.356115223133345e-05	0.0027580527266879437	-0.010252267385400119	-0.012305154642781039	1.024692772476031e-05	0.007030401522461814	0.0003544315074596391	0.00011335664582224391
1.04	-1.3053853258828603e-05	-0.00015327759807615406	0.003211736394314689	6.580647472739537e-05	3.9597115133457476e-05	0.0027583916119219873	-0.016043440309097833	-0.0006116691722082224	0.00016163884724721173	0.0032430813042866866	-0.004776850088417848	2.158908431508367e-05
1.05	-0.00014439050911378248	-9.350874986563917e-05	0.003212524739189004	6.533957135323521e-05	-1.803705290454052e-05	0.002759497473158316	-0.008145712832188724	0.011629972037890735	-3.2017311884079417e-05	-0.003333104828662242	-0.005823849168100389	0.00019589107809507312
1.06	-0.00015230364512678796	4.520443861384589e-05	0.003211606533940255	9.138254930729136e-06	-5.987190780414476e-05	0.002761441295743184	0.006651400362595566	0.013941041089117175	-5.990048786952154e-05	-0.007027100786734989	-0.0018879958146362198	0.00010597239234225789
1.07	-3.125110805826481e-05	0.0001453807584395226	0.003212208922206633	-5.4647127841640974e-05	-5.069088690668192e-05	0.0027604398019855547	0.015717438412529938	0.0045785186768331305	0.00017496851923742932	-0.004740858613942008	0.003571272164844451	-0.00027775935018757353
1.08	0.00011616040995000713	0.00012279153822208273	0.0032135080944384435	-7.202847693989754e-05	1.381293136251129e-06	0.0027576991210033004	0.01144782956983378	-0.008746054097879987	1.2402835083257265e-05	0.0015687140345288497	0.0060427358129788375	-0.0001846012400204091
1.09	0.00016406155722081234	-4.147832805413707e-06	0.0032123072369996592	-2.7701728623712564e-05	5.2601204673812526e-05	0.002757123217199613	-0.0025701209417051426	-0.014629441665549	-0.00018273707192540566	0.0065553169461900615	0.0033783785526591823	3.3062499548444436e-05
1.1	7.266426637705324e-05	-0.00012714156352432878	0.0032113360485576644	3.983933579712476e-05	5.89364631490454e-05	0.0027571285215598315	-0.014301449536375384	-0.00808601237754672	3.241836176233761e-05	0.005893673410545	-0.0021879661617788186	-4.211104209036783e-05
1.11	-8.048722114423048e-05	-0.0001422622885517855	0.0032118917498518084	7.327807783899725e-05	1.5245321789050464e-05	0.0027568200531488097	-0.013945576853442635	0.005331081082490274	6.916493913463017e-06	0.0002550688671521466	-0.005889785190443069	3.9578255046064325e-05
1.12	-0.00016514606081969847	-3.610411446527262e-05	0.0032110678390336305	4.433551056071522e-05	-4.167564516970335e-05	0.0027586008229004986	-0.001674687686352825	0.014193174179966732	-0.000127677978006827	-0.005603615194783411	-0.004608386660324875	0.0002679687741536038
1.1300000000000001	-0.00010942268565820518	0.00010027194639460135	0.0032106717763750368	-2.2357843692708012e-05	-6.321992134250773e-05	0.0027606212111957592	0.011920501600625506	0.010986579962632925	0.00012091928085127896	-0.00667746067581159	0.0006382126094043056	8.624289741358664e-05
1.1400000000000001	3.858622037118915e-05	0.00015196583930357765	0.003212976010266463	-6.978134321731744e-05	-3.1221691196243475e-05	0.00276005873140576	0.015396735366476578	-0.0014850247347446843	0.00027314607757565927	-0.0020864967051734047	0.005298038606629644	-0.00010961422499068798
1.1500000000000001	0.00015322139005068456	7.459029007716006e-05	0.0032141901280737673	-5.789391243629592e-05	2.7507559400326743e-05	0.0027595698038178356	0.0057637834841697926	-0.01278338020914483	-4.142582034807657e-05	0.004281095864702602	0.005523993144235039	1.7598977054577554e-05
1.1600000000000001	0.00013738356896750466	-6.599242759562258e-05	0.003213316129779575	3.1157433026915374e-06	6.301680135723419e-05	0.002759596347889791	-0.008697600410902496	-0.01314031749144401	-5.817132563828263e-05	0.006976210862051234	0.0010401382351519402	-6.454601619973883e-05
1.1700000000000002	4.70287043084298e-06	-0.000150365167752564	0.0032134671119463344	6.137716246504767e-05	4.5250069364624744e-05	0.002757956780685426	-0.015780563423101614	-0.002423098893872006	2.9283904697244688e-05	0.0037721430933416477	-0.004300832665342146	-0.00021377737328359477
1.1800000000000002	-0.00013190540124143657	-0.0001069510140993354	0.003212514880270824	6.737844061025919e-05	-1.0753777056171665e-05	0.0027568235884724754	-0.00938427037940433	0.010411427257717494	-0.00024287067674507291	-0.0026790110184667995	-0.006014684306860495	2.205789201617486e-05
1.19	-0.00015587303153534715	2.722582270607289e-05	0.00320976982016958	1.5739738796780873e-05	-5.7360987462277473e-05	0.0027577711221009184	0.004933858465334841	0.014329818094927452	-0.00019756610883827619	-0.006795286770512865	-0.00256530640928366	0.00010171562440684884
1.2	-4.7787873569092526e-05	0.00013818589899199397	0.0032099099006308264	-4.883967434747263e-05	-5.4847524610747935e-05	0.002757921906391829	0.015041780675545855	0.006123078745099655	0.000218592346928447	-0.00511789884567673	0.0030186858896796664	-9.405503581467942e-05
1.21	0.00010089128002310772	0.00013202708791679212	0.003212303704011156	-7.190693998487528e-05	-5.7635448852977855e-06	0.0027571648126902474	0.012379149614648718	-0.00729161771591366	0.00019012861532108143	0.0008873100815328214	0.006054590084457567	8.793700089788659e-06
1.22	0.0001633586224849504	1.3966186417714056e-05	0.003212951580934525	-3.3798873498751335e-05	4.845378097791589e-05	0.0027584569820625162	-0.0008272412598822823	-0.014489613463216956	-1.1490478209935628e-05	0.006147152235646353	0.003939872951982053	0.00018963542645548476
1.23	8.724621829340031e-05	-0.00011571621084854654	0.0032132352676277763	3.2844407777000134e-05	6.149062235817716e-05	0.002759358339083469	-0.013226909496252014	-0.009486603324146246	9.985524663516349e-05	0.006149264264788111	-0.0015199210496087917	-2.8429636631362724e-05
1.24	-6.295950810158903e-05	-0.00014747738617273043	0.0032142595994624685	7.12172564080837e-05	2.2463486371864704e-05	0.002758405602127285	-0.014466531324699059	0.003644793471683852	2.2812219144321228e-05	0.0009425226769363323	-0.005707034466407924	-9.697957499531309e-05
1.25	-0.00015934812995735436	-5.349064612470769e-05	0.0032129709985029477	4.873060427172396e-05	-3.6035186424780604e-05	0.0027584583040066984	-0.003301261248699929	0.013659043048206879	-0.00024833780447350485	-0.005091022812489302	-0.005066344104795933	8.553731509648117e-05
1.26	-0.00011976406927509221	8.597253248077769e-05	0.003211034738004338	-1.5655815820103782e-05	-6.390599137614542e-05	0.0027589081864476833	0.01058487504802442	0.012072537198106205	-4.444238814451513e-05	-0.00675483457905649	-0.00010136245301286715	-6.158602048006165e-05
1.27	2.1632432139281775e-05	0.00015292484175666898	0.003211977739595858	-6.67071247160011e-05	-3.755586320930044e-05	0.0027573887971128613	0.01548477461934178	0.0002633627712494783	0.00016630521346488943	-0.002685476559677064	0.00495737370459307	-0.0001800028240419818
1.28	0.00014438505187275777	8.997910407805035e-05	0.0032129752205507034	-6.130865671523143e-05	2.0982974722709444e-05	0.0027566704559851907	0.007134222728329535	-0.011874327127718444	-6.604831257812844e-06	0.003719167395415002	0.005827631111027746	8.549292052141479e-05
1.29	0.00014363644865117596	-4.9271843606165565e-05	0.0032124397016576314	-3.1383912102820043e-06	6.178932318768002e-05	0.0027583308859794706	-0.00722987517412128	-0.013822937127759876	-1.7520375505531856e-05	0.00698897418505306	0.0016894640699606103	0.00013544421075694494
1.3	2.1020000222589314e-05	-0.00014643011559086914	0.00321319753377706	5.791799180310902e-05	4.993678895839554e-05	0.0027586026815532	-0.015425897675291267	-0.0040975017440860045	0.00015651357898259434	0.004272033479954458	-0.0038698254672302024	-5.7612682712170376e-05
1.31	-0.00011949888200737259	-0.00011891507704441848	0.0032137767450363566	6.966440789982224e-05	-4.465760271319173e-06	0.0027585088824004437	-0.010493721983310347	0.009152819657278813	-0.00010010449450594222	-0.002087780483137712	-0.006171323977188011	7.149273945711521e-05
1.32	-0.00015816773714881035	9.79718895778151e-06	0.0032119091281395695	2.2442040068764516e-05	-5.5226394903300276e-05	0.0027595233058281105	0.003336096674811591	0.014587150066958333	-0.00016586723901827245	-0.006618582399906545	-0.0031817206576835178	4.5076207028205235e-05
1.33	-6.261484424477467e-05	0.0001301245102898304	0.003211448455355246	-4.356723505773043e-05	-5.895040584240191e-05	0.0027588140374791305	0.014290746517006826	0.0076505031986285514	9.380448843873961e-05	-0.0055653404944971275	0.0024659254481802866	-0.00019841918073469237
1.34	8.610139212282102e-05	0.00014037344093686862	0.0032124900780630956	-7.239176175245164e-05	-1.273167556127816e-05	0.002756638018154894	0.013105442428683844	-0.00578722043208761	2.3773812058945225e-05	0.00025174295924756214	0.006064525745361498	-0.00014090294422754418
1.35	0.00016105106323177003	3.1014792286782925e-05	0.0032115739206475752	-3.927603558643476e-05	4.456152644622861e-05	0.0027567551507863713	0.0007388590432804544	-0.014335575446461583	-0.00015554700270427592	0.005871659314058739	0.004488919475046358	0.00012304032919272374
1.36	9.902686147412208e-05	-0.00010458950894803717	0.0032109644611160526	2.7220549742203034e-05	6.393544611749534e-05	0.002757626013516829	-0.012182160436760086	-0.010665664496353281	8.96802329528962e-05	0.006409384740215738	-0.0009165001519220125	6.445914279764531e-06
1.37	-4.7225866577966045e-05	-0.00015149805639905192	0.003212553046733726	7.024021259562411e-05	2.90703467339162e-05	0.002757237370948935	-0.014764544326811024	0.0020440553350378346	0.00013362563699259147	0.00154113013211163	-0.005505368024998368	-1.3177538721484208e-06
1.3800000000000001	-0.0001530103441904192	-6.954237374048267e-05	0.0032128192516592104	5.3490262151355505e-05	-3.049415917773365e-05	0.002758556023471739	-0.004742612504775312	0.013089804974393028	-7.016809374757265e-05	-0.004627933604968876	-0.0054913938190660734	0.0002264750013773783
1.3900000000000001	-0.00012863605115169145	7.188116057092419e-05	0.0032123343834018943	-8.615213618794614e-06	-6.44405455920354e-05	0.0027603123782487006	0.00923102087108115	0.013021502407185038	5.420579261026681e-05	-0.006819545486247999	-0.0007723859141855603	6.48532448962602e-05
1.4000000000000001	4.7475796171070295e-06	0.00015263360901303607	0.0032140671950853504	-6.317855277954517e-05	-4.353136360918995e-05	0.002759700789965693	0.01540681009228876	0.0018670788504179994	0.00019104089309037578	-0.0032374064055443645	0.004630563159900488	-0.00015222060654823138
1.4100000000000001	0.00013403728523601492	0.0001036444122709518	0.003214407886871345	-6.377107100732892e-05	1.4818407512364844e-05	0.002758688256893756	0.00842354602036372	-0.010900886353943462	-0.0001324375299020491	0.0031307910872201724	0.006098141507336806	2.606115421739556e-06
1.4200000000000002	0.00014898063810379815	-3.3278358669572106e-05	0.0032125114393500177	-1.004010682933656e-05	6.074100559689701e-05	0.0027588338528864668	-0.005658819365380266	-0.01434438953896643	-0.00015435661458172126	0.006785566199925741	0.002345633906345474	-3.728958096993327e-05
1.4300000000000002	3.752042948960875e-05	-0.0001418811994442381	0.0032121706908807214	5.219535357190789e-05	5.5057671082738294e-05	0.002757287711765574	-0.014932948442198323	-0.0056815360453151866	5.3591429235340375e-05	0.0047085706632627455	-0.0034197669583719355	-0.00022587373689044094
1.4400000000000002	-0.00010592985498315835	-0.0001297813052869633	0.003212615231333522	7.000707793914625e-05	2.3850619087993854e-06	0.002756133682295157	-0.01148220760568733	0.007909862357332268	-2.4877908418219766e-05	-0.0014116064973497943	-0.006317015128934662	2.9531018349911237e-05
1.4500000000000002	-0.00015862487803070728	-7.045858480068553e-06	0.0032115256937881604	2.8111518925549746e-05	-5.2471501952447394e-05	0.0027574890360376175	0.0017276604996935207	0.014747013639779653	-9.491110496177668e-05	-0.006318089984595501	-0.0038100161662746007	0.00016850140018627178
1.46	-7.680684605337865e-05	0.00012206447686334843	0.00321180630446788	-3.723338322332837e-05	-6.273868955162804e-05	0.0027581377764301952	0.013379296167125104	0.00908950372709484	0.0001370288273516515	-0.005775913472385894	0.0019255045343295398	-4.1181621951008155e-05
1.47	7.005910312341892e-05	0.0001481055143530854	0.003213126670278039	-7.05504439953243e-05	-1.9509283242167e-05	0.0027577519548003184	0.013687401793797795	-0.004329866774441437	3.131442940636933e-05	-0.0003955185776479618	0.006040361037706326	5.3143711240576054e-05
1.48	0.0001567473993278115	4.819059246154659e-05	0.003212450246813737	-4.3941975949459585e-05	4.043063956732262e-05	0.002758920321891106	0.0022744563777013873	-0.014097215709773419	-0.00011026895250717377	0.005303823498011647	0.005015274469052999	0.00013099322016880388
1.49	0.00010965822604666371	-9.270278024286558e-05	0.0032124154734778235	1.974026400378046e-05	6.623901323439133e-05	0.002758906227169335	-0.010948581084761027	-0.011914128592843918	0.00011351940725689776	0.006432416004034214	-0.00026664981835431285	-0.00015021132669652763
1.5	-3.0644383575979505e-05	-0.00015526662672029075	0.003213847328601169	6.626587733423333e-05	3.574263649426713e-05	0.0027567277792790506	-0.014933447198576854	0.0004112209683857943	8.774214046058773e-05	0.0021340807147653042	-0.005362141340893575	-0.00017356312921662986
1.51	-0.0001448461086549144	-8.565326784180713e-05	0.0032131302454893183	5.61156426991426e-05	-2.545496796072143e-05	0.0027566084529118693	-0.006127198230432368	0.012423724312828443	-0.00023779284413342672	-0.0039975936338270375	-0.00593320296561926	0.00012016796496046928
1.52	-0.00013556209484789155	5.674955449302582e-05	0.0032109378934924784	-1.8230583302113404e-06	-6.522191413466288e-05	0.0027579372247108452	0.007818979156554242	0.013849759447132546	-0.00010844220937229915	-0.006666959383691064	-0.001437276363272219	4.963718587695831e-05
1.53	-1.1335633005423117e-05	0.00015091138849057152	0.0032114038906654145	-5.769481699214257e-05	-4.98596348616726e-05	0.0027577841473405973	0.015101215144492955	0.0035041880004443443	0.0001449359993671399	-0.0036568991424634966	0.004270179713684151	-4.7256473153881346e-05
1.54	0.00012260115942043333	0.00011672164469721767	0.0032122417333182987	-6.422090432946535e-05	8.131651548990178e-06	0.0027580148024329196	0.009551730901760815	-0.009814069425535995	-6.3108005489753776e-06	0.0024451953445470626	0.006413116659534711	0.00010890607180791017
1.55	0.00015183035813874407	-1.6665514139651945e-05	0.0032119851299890942	-1.5793163930641207e-05	5.914667924250434e-05	0.002759293285661945	-0.004125645774676711	-0.014787178697539873	2.1826417682134015e-05	0.006461684849085198	0.0030169380372894864	4.257450423394988e-05
1.56	5.22895632396456e-05	-0.00013618297833253788	0.0032134536630034536	4.5835950763508305e-05	5.9976559236605954e-05	0.00275831492818169	-0.014249787937762224	-0.0072571947875072	0.00021658876958287465	0.004916274481884759	-0.0028935285326673597	-0.0001888560390867543
1.57	-9.165974827330593e-05	-0.00014015622175150765	0.003214868022480626	6.847380740220459e-05	9.502449062425494e-06	0.002757187996141586	-0.012278386456658798	0.00656762710962158	-1.933455857791316e-05	-0.0007743771303557736	-0.00639905189111754	1.473089487726314e-05
1.58	-0.00015705370181664718	-2.423480658198653e-05	0.0032130549110572365	3.244748521625949e-05	-4.91621354125383e-05	0.0027582959235158363	0.00019747453906896986	0.014797104339890394	-0.00026101290713683844	-0.005845813322636083	-0.004413196183844528	0.0001358006707582387
1.59	-8.85442908407263e-05	0.00011254188788544764	0.003211596971935924	-3.121083658998654e-05	-6.61180115108227e-05	0.0027586307325551084	0.012432862581637347	0.010457508488021166	6.12417879865048e-06	-0.005889425606291035	0.0012763568948988401	-8.695684550699989e-05
1.6	5.5401423605323406e-05	0.0001541780494525627	0.0032123063621404624	-6.800698082815784e-05	-2.7111190421635046e-05	0.002757457937085411	0.014094651609731062	-0.0028310722894616305	6.56306759507658e-05	-0.0008972249161251917	0.005950137890440238	-6.680000512152339e-05
1.61	0.0001519238424689773	6.436699852611582e-05	0.003212010964844057	-4.6524651979801694e-05	3.528970113760107e-05	0.002757794126162922	0.0037210816547348104	-0.013733827677078647	-5.923206933696905e-05	0.004866667825265286	0.005540797355729953	0.00010391933178945731
1.62	0.00011927788928008114	-8.048254169537065e-05	0.0032123983421876207	1.4867992475003856e-05	6.742125036978292e-05	0.002758159279297547	-0.009735303689119556	-0.012978382276189663	0.00017778305684233722	0.00642371023031397	0.0004255086604988583	-7.593925162722338e-05
1.6300000000000001	-1.4479529482123154e-05	-0.0001572681986846101	0.0032145478458967683	6.347756647915292e-05	4.241796970074966e-05	0.0027568236503573693	-0.014926738517873316	-0.0011510111130324805	0.00013644139478437148	0.0025519739734209757	-0.005081201221738996	-9.162919438816094e-05
1.6400000000000001	-0.0001355593374923198	-0.00010005773747418611	0.0032141283504262567	5.817441030959008e-05	-1.934177372964493e-05	0.002757449819024259	-0.007381096749967395	0.011685448855372517	-0.000200240677750711	-0.003559491453024608	-0.00629372010466301	0.00020008245767667623
1.6500000000000001	-0.00014096700032573622	4.237530015559559e-05	0.0032120449535464894	3.134567316879726e-06	-6.477617891258587e-05	0.002759364755508908	0.006357886733331063	0.014576833488130225	-0.00011426668296984528	-0.006576395926700245	-0.0020859627216476924	9.136332521238599e-05
1.6600000000000001	-2.6802384496945254e-05	0.0001492297997605563	0.0032124489563783594	-5.4124574728105506e-05	-5.529395532818995e-05	0.0027590663136874104	0.014717070578608455	0.005106177784548722	9.801492080363064e-05	-0.004017586290056804	0.003878086965082926	-0.00010351598553855762
1.6700000000000002	0.00011031601345180382	0.00012919479825578833	0.0032127884132900847	-6.530736205146555e-05	1.2901761799865812e-06	0.002758691671824032	0.0105684966061294	-0.00880061791337049	-4.95126255217473e-05	0.0019587475422754197	0.00654752144061218	6.714092549540747e-05
1.6800000000000002	0.00015354654540786499	-9.412196775516406e-07	0.003211883660980062	-2.0829392614836045e-05	5.634261467764077e-05	0.0027593545881714654	-0.0025592243066712055	-0.015189753306033867	-4.926714574016514e-05	0.006254573132441014	0.0036184939367845384	-1.2497379624726595e-05
1.6900000000000002	6.645314141903554e-05	-0.0001303200306304147	0.0032125191912227066	4.116790780472334e-05	6.343142937235828e-05	0.0027576527433116403	-0.013526695673458274	-0.00869219768844695	0.0001364948255422491	0.0052064522554945555	-0.002313585008319409	-0.0002940782401650286
1.7000000000000002	-7.72455450904307e-05	-0.0001491468758035288	0.0032131381784914113	6.798380246180603e-05	1.6371902759209055e-05	0.0027554708844209227	-0.012963682741093602	0.005253857169059275	-7.626057855059937e-05	-0.000249885144732216	-0.006377964170140803	-8.620813147030819e-05
1.7100000000000002	-0.00015468202871309975	-4.0831280937950986e-05	0.0032115113212685844	3.6603636195118595e-05	-4.5227864335288786e-05	0.002755945408765943	-0.0013468194626677977	0.014697827363708777	-0.0001860995977935898	-0.005524303739141107	-0.004960658558299441	0.0001360362951635514
1.72	-0.00010034614484377354	0.0001020531972168823	0.0032111617467874883	-2.612608641647786e-05	-6.830737819868124e-05	0.0027567255344613717	0.01138350006562015	0.011657337799357964	0.00011603462018957857	-0.006062212351035212	0.0006949029491022892	-1.538755184746448e-06
1.73	3.960335048935204e-05	0.000158273984390247	0.003212639336250467	-6.660245146422821e-05	-3.327078666635172e-05	0.002757027442096806	0.014443581404380212	-0.0013099280845001104	8.805580754819041e-05	-0.0014072884212336172	0.005781694703857923	0.00010916720454382981
1.74	0.00014591691631491864	7.967069905824098e-05	0.0032123266433308735	-5.041822344521128e-05	3.0328380844589536e-05	0.0027591267205838064	0.00515713553543524	-0.013159156559076192	-8.83860117881155e-05	0.00439365603753222	0.005917323084646782	0.0002746522507942256
1.75	0.0001282882381218558	-6.641073646887987e-05	0.0032125040854282896	8.508211922809383e-06	6.804939652279194e-05	0.002760757545641844	-0.008402041447004798	-0.013786892653817402	0.00014326185619896562	0.006467554506819268	0.0010431668942885123	-4.534774285016225e-06
1.76	2.0523042714088537e-06	-0.0001563080967679791	0.0032147701300520365	5.991018452984149e-05	4.8154658910384906e-05	0.002759427226886233	-0.0148972809376238	-0.0027858822586758133	0.00020136292275102843	0.0030294481761141095	-0.004720083848655312	-0.00016687736688563457
1.77	-0.00012580882926134824	-0.00011338203117827956	0.0032147393843380547	5.99930962162313e-05	-1.2755469003511015e-05	0.002758354510127527	-0.00868564312233017	0.01069100947605246	-0.00020596069848200497	-0.0029962932992784147	-0.0065127095625566915	-5.008873446447354e-05
1.78	-0.00014637470345911155	2.6005716452852848e-05	0.0032121621002173697	8.956059798721407e-06	-6.299806144868885e-05	0.0027577622834634367	0.004864356374786282	0.015008019893966234	-0.00019500840704783062	-0.006403139538533542	-0.0027590685762612565	-0.00012060071209511609
1.79	-4.2426282909136246e-05	0.0001435472374107629	0.003211431249894388	-4.948885658202293e-05	-5.9775949720034315e-05	0.0027555546476747497	0.014314180039368622	0.006651203608236985	1.0848288640140611e-05	-0.0043755991688961444	0.00336954633774178	-0.00024629465608722273
1.8	9.79972686071257e-05	0.00013897036591093483	0.003210876182814161	-6.58277063033032e-05	-5.5564852290432814e-06	0.0027543433790712052	0.011548558256857744	-0.007498755178368978	-0.00015428422762498942	0.0013738298276103904	0.006635862782613028	5.582878423052241e-05
1.81	0.00015442674760692576	1.5680895707511666e-05	0.003209376976162099	-2.5949209834420874e-05	5.348306796123314e-05	0.002756112676359478	-0.001106967988733334	-0.015224218898620986	-2.7363088510986398e-05	0.005966803081977464	0.0042685762099618505	0.00023201643560067013
1.82	7.946352615787119e-05	-0.00012131200715206531	0.0032114601021083155	3.589097972635189e-05	6.718950980559734e-05	0.0027575680539045255	-0.012734468610664355	-0.010034442258970136	0.00038771118240731907	0.005436349957093846	-0.0017230511963052739	5.1259085329302196e-05
1.83	-6.297878161447623e-05	-0.00015537008349524598	0.0032146511533699233	6.695597950691424e-05	2.367432742826262e-05	0.002758177148798547	-0.01353394775025734	0.003805940977508441	0.0001466907874787527	0.00029155063621085804	-0.0063363365842932975	0.00014898838102865312
1.84	-0.00015141177105612499	-5.676549785043549e-05	0.0032143888891084916	4.108482978659061e-05	-4.061329519776839e-05	0.002760485572668372	-0.0027773638795882695	0.01434236709717352	-0.00012873914855332874	-0.005055141426210495	-0.005510970576513058	0.00021958322842334724
1.85	-0.00011097336450784086	9.002364487486827e-05	0.0032137905782463685	-1.9300483085517367e-05	-7.046131968777369e-05	0.002760795506704155	0.010228844496200576	0.012753627234257827	1.846562027168386e-05	-0.006083574854845399	-1.1305502328194477e-05	-0.00017730512806841918
1.86	2.3685928646571836e-05	0.0001610792048579063	0.003213916201701214	-6.322609932259447e-05	-4.073691705559122e-05	0.002758292339854115	0.014589559291799363	0.00031337029462077427	-6.362434164416698e-05	-0.0020220184960372547	0.005524286193210387	-0.0002165777740917989
1.87	0.0001379157227031967	9.496324241489342e-05	0.0032115205951466683	-5.347960587672477e-05	2.3904179334239546e-05	0.00275711965921089	0.006474519110518172	-0.012492378019298686	-0.0003375950753414068	0.0038118513106508998	0.0064036956200081915	-9.098397629659339e-06
1.8800000000000001	0.00013461935174259641	-5.1992256703226885e-05	0.0032095337792382	1.530528676956684e-06	6.822586045532028e-05	0.002756534436238754	-0.007058864166452195	-0.01462360901161775	1.278099265399244e-05	0.006316358846908563	0.001788598245597044	-0.0001352987092248399
1.8900000000000001	1.7204233622035976e-05	-0.0001550199109314147	0.0032113258048845892	5.491655045259393e-05	5.4484325448819636e-05	0.0027550721091974912	-0.014632378722452101	-0.004337645168094508	0.00022859811325885146	0.003531067329766611	-0.004347031905325493	-7.473575936696931e-05
1.9000000000000001	-0.00011493646393700623	-0.0001257185542342464	0.0032128480526445002	6.155441537440016e-05	-6.158287566628985e-06	0.0027561846361611915	-0.009726671136034952	0.009731658859353539	4.704375985958311e-05	-0.002300314481960787	-0.006829741535487164	0.00030422905661625264
1.9100000000000001	-0.00014919517702315853	1.0642712010738369e-05	0.0032132571858702707	1.5665873180389085e-05	-6.213649251303939e-05	0.002759346502985274	0.0034064895262946784	0.015434971805817635	0.00011524934966650229	-0.006157407603570514	-0.0034519003230270152	0.00024054943340029447
1.9200000000000002	-5.672528608961629e-05	0.00013832769636891156	0.0032150507432083955	-4.3562770065851466e-05	-6.530101065972278e-05	0.0027602279602069154	0.013646035310366149	0.00810735053866781	0.00019398709685633161	-0.0047550008028411	0.0028694673356191285	-4.091459467476202e-05
1.9300000000000002	8.399088565334771e-05	0.00014854936303084366	0.003215103505105442	-6.566431241618896e-05	-1.2831758143564812e-05	0.0027600390909205325	0.01227648941393203	-0.0062240440759734564	-0.0002013367327561782	0.0006787261172656926	0.006799025100287507	5.160248655725028e-05
1.9400000000000002	0.00015279989854864644	3.2361339278245476e-05	0.0032120070724317145	-3.192159224757801e-05	5.064447838403922e-05	0.00276039956015862	0.00044822450406197786	-0.015223493810541706	-0.0002728758520124734	0.005539514779965079	0.004914431988593337	-5.40687304912411e-05
1.9500000000000002	9.175980104319894e-05	-0.00011179547376171085	0.003211066414703483	2.8698575195867257e-05	7.113679879358315e-05	0.0027581432513965275	-0.011723822292000604	-0.011381079841332301	6.260300444834483e-05	0.005670289997007673	-0.0011360336362060857	-0.00035978798426730457
1.9600000000000002	-4.729327347411873e-05	-0.00016121878780010572	0.003211474460423289	6.485668180073301e-05	3.125647511628691e-05	0.0027550903399887394	-0.013927030295131213	0.00227252979190202	-3.072462052911691e-05	0.0009884610655636545	-0.006235174183043239	-0.00014808573896709116
1.9700000000000002	-0.00014556870959530008	-7.292023886809832e-05	0.0032106258811463403	4.5594945371288025e-05	-3.544909336745792e-05	0.0027555461329284055	-0.004228960190826254	0.013999557978707111	-8.980448931522912e-05	-0.0045397377143376735	-0.006026481802755883	0.00014741620682541152
1.9800000000000002	-0.00012000278737928026	7.767431785671289e-05	0.003211358486836111	-1.270029867532799e-05	-7.176170352306635e-05	0.00275670754116586	0.00895297391823689	0.013792548304138133	0.00025790254526660944	-0.006193680587584325	-0.0006843246277566997	3.734525755122485e-05
1.99	7.678108485349352e-06	0.000162788369395841	0.0032141492440371424	-6.029521505810023e-05	-4.7052308399967845e-05	0.002757250516004955	0.01456932064789622	0.0018627097679048364	0.00018905074705718975	-0.0025930048869095925	0.005247402605879549	0.00013441691079750138
2.0	0.0001284587528647611	0.00010915298925421449	0.0032141138037461796	-5.659050740963328e-05	1.8155043596637803e-05	0.0027598996223821962	0.007700595824120107	-0.011747432430874515	-0.00014978989356516872	0.003283458909208885	0.006750462179230843	0.00035568063632671667
2.0100000000000002	0.00013972339323272748	-3.763967227042984e-05	0.0032129910688593584	-4.715605986403729e-06	6.83223454861675e-05	0.0027619757646438797	-0.005601708566936323	-0.015347427001719078	-1.30289451420453e-05	0.00627254514716629	0.002491409752357781	7.10958942382781e-07
2.02	3.232497026505995e-05	-0.00015299731192516195	0.0032135006471698518	5.0614807359103434e-05	6.0799508686935035e-05	0.0027600211875350835	-0.01419389817631663	-0.005909316621746544	3.6321837000356556e-05	0.003960992978212255	-0.0038790567194868235	-0.00029792525887499934
2.0300000000000002	-0.00010233625164199041	-0.0001381131125475996	0.0032125760772537177	6.287416044235642e-05	1.5853484206242177e-06	0.0027579073493485293	-0.010618980883768229	0.008663971407802422	-0.00020052054179655533	-0.001720303011302012	-0.007043570358618846	-9.009844246847189e-05
2.04	-0.0001492498634547727	-5.555705786862095e-06	0.0032109370904137564	2.1540085813416134e-05	-5.922047345917282e-05	0.00275711648786346	0.0019324664836135506	0.01579738728319415	-2.9028214039692166e-05	-0.0058999482207220625	-0.004135821461442269	-0.00012749548300029296
2.0500000000000003	-6.936715074741313e-05	0.00013186946612567021	0.00321224584577206	-3.7855040036225396e-05	-6.931375463981607e-05	0.00275530695682738	0.012821794967816486	0.009544586597433454	0.00021309424677091652	-0.005080688717362535	0.002297694794370943	-0.00016841891086990477
2.06	6.951775105934031e-05	0.00015713434027571355	0.0032131819344660925	-6.506692767990208e-05	-1.9822672882162906e-05	0.0027555412102737223	0.012783864886379706	-0.00490512511080773	-4.8535849491690474e-05	5.2867517550628446e-05	0.006830834569842666	0.00023513685489357772
2.0700000000000003	0.00014890833000291413	4.837057474327166e-05	0.0032117918860063432	-3.6779731919384565e-05	4.7133919378709154e-05	0.0027588185648399783	0.0018890206508920314	-0.015128918092602913	-0.00013935777712936984	0.005122672990449342	0.005508961789130099	0.00032050196476759703
2.08	0.00010199396452163292	-0.00010159369583311373	0.0032122321105601008	2.2307998545538548e-05	7.425811320495346e-05	0.002760051000493521	-0.010560388112833257	-0.01255939554437315	0.00020390567324641667	0.00578917670794797	-0.00047942438944916936	-5.82120592141995e-05
2.0900000000000003	-3.180692668589134e-05	-0.00016580052980442642	0.003213899106840787	6.218816468035508e-05	3.869711573301405e-05	0.0027594743182087784	-0.014127011429742327	0.0007413132386906967	3.941897984472697e-05	0.0015560855656325987	-0.006107794014353625	1.0970062874723445e-05
2.1	-0.00013853746352669055	-8.870872287999191e-05	0.0032129518503750303	4.9227465950438845e-05	-3.0061558771314696e-05	0.0027599098647023744	-0.005566444101401733	0.013473199774904859	-0.00017454292369964566	-0.003952626712076843	-0.006566267297795202	2.445883176323734e-05
2.1100000000000003	-0.0001274531361376479	6.413997700043694e-05	0.00321220564401702	-5.217832379403445e-06	-7.325806531954109e-05	0.002758719585186391	0.0075970008117678236	0.01473994549730884	6.984639715290737e-05	-0.006100383722297035	-0.0014002141876232755	-0.00024391612138436377
2.12	-8.360830636765248e-06	0.00016307297359680623	0.0032132528876511065	-5.492949323182684e-05	-5.396254207189191e-05	0.0027561110306607937	0.014387763039951864	0.0034553152939129335	3.956965887458546e-05	-0.0030942439902468663	0.004983644079017011	-0.00016630838134659744
2.13	0.00011785579209859627	0.00012259304594070434	0.0032120413681817816	-5.799566325476634e-05	1.1803378633312477e-05	0.002756320111801219	0.008885102047652808	-0.010897085586637333	-0.00025295747179845783	0.0025140999233891222	0.007158797596042984	0.00018048059714284793
2.14	0.00014371906402623887	-2.2529962880559364e-05	0.003210409652066932	-1.174641474323823e-05	6.777408940589175e-05	0.0027579023727288057	-0.004093097644086281	-0.01588203665308893	-4.712723881120312e-06	0.005988000176028182	0.0031861614676276058	7.179572961955755e-05
2.15	4.763394600536688e-05	-0.00014897557758294423	0.003211845580454899	4.4352176476538954e-05	6.636868739886832e-05	0.002757840792436113	-0.013643948783072585	-0.0074343943942641955	0.0001670988974011305	0.004373641885691251	-0.003447656850002633	-8.790911098081583e-06
2.16	-8.913180140009998e-05	-0.00014883856409002053	0.0032123986064804067	6.287580020860552e-05	8.616245474562405e-06	0.0027586369202157687	-0.011551952240104997	0.007465351712816267	-6.400581833712188e-05	-0.0009661124836163468	-0.007231905570731236	0.0001819829066444967
2.17	-0.0001496013662916535	-2.1947522559263352e-05	0.0032117435192221397	2.8085987718522003e-05	-5.6695085847721827e-05	0.002760031147740083	0.00036959068236217495	0.01595333447341634	2.2549566183252602e-05	-0.005442602262477752	-0.004822902562887428	-2.027821811359686e-05
2.18	-8.309737563817255e-05	0.00012390106846000486	0.003213198183348068	-3.0015853900602306e-05	-7.365378402585687e-05	0.002758311403404866	0.011899410008410683	0.010945193882158791	0.0001881913711500346	-0.005303192896823326	0.0016710039390400776	-0.00025836141162068434
2.19	5.400005619766193e-05	0.00016425955439672329	0.003213816686650316	-6.27668364403061e-05	-2.768059402279739e-05	0.0027568204676587235	0.013356195232610715	-0.003506243905537246	-0.00012086201549821817	-0.0007149717005642336	0.006797182214420444	-2.3178426886732115e-06
2.2	0.0001445625283743788	6.441238288956068e-05	0.0032115915736615993	-4.2257179695774786e-05	4.247258868545514e-05	0.0027577234795368223	0.0033845445009543754	-0.01488861682744278	-0.0002123639058001086	0.0044741176295676425	0.006100899074051377	0.00011568910428329148
2.21	0.00011246000928067268	-9.039821654889784e-05	0.0032111478554487077	1.3748055532298813e-05	7.645214116936428e-05	0.002757706971039263	-0.009295796521480167	-0.013675142638321893	0.0001079714381189227	0.005857584497667817	0.000188032823287725	-0.00012853152853779107
2.22	-1.4955303151037293e-05	-0.00016862958735776697	0.0032122553770530383	5.779322237407412e-05	4.542774486729274e-05	0.0027571376133798124	-0.014172188313376397	-0.000721716831618317	1.4297864254645111e-05	0.0022654608629780622	-0.00594815974405157	7.326725118829684e-05
2.23	-0.00012926253026879892	-0.00010294812265297467	0.0032114445502290636	5.2483076075022406e-05	-2.4896236849909938e-05	0.002758850282482374	-0.00693906955892571	0.012830138870142324	-0.00011073684655346477	-0.003260541452714007	-0.007022219991037335	0.00020462930959823502
2.24	-0.00013377720804202118	5.029758702626853e-05	0.003211827321922685	2.3918996312875134e-06	-7.40940500279422e-05	0.002759397525787932	0.006100640053131824	0.015460549250552494	0.0001878069074030233	-0.005976331356134148	-0.002067683908319245	-0.0001199004867986262
2.25	-2.4782761862124153e-05	0.00016124206258626869	0.0032138826818539057	-4.952713303602781e-05	-6.012810056025803e-05	0.002757652144850978	0.014014242200260768	0.004956638569533037	0.00011376221770871627	-0.0036199187218780805	0.004648318801609852	-0.00013325708864914623
2.2600000000000002	0.0001052937908120809	0.00013444171793483494	0.0032133151944626482	-5.92901743443631e-05	5.288198853215073e-06	0.002757738510109828	0.00994157734960622	-0.009893418329749633	-0.0002120054436120082	0.0018348629629694464	0.007418536865187093	0.00013577839251684043
2.27	0.00014542379160687832	-7.119439398033094e-06	0.0032116370222466787	-1.858385532400484e-05	6.637441452424301e-05	0.002758732963231504	-0.0025311187017587828	-0.01623385529506308	-2.6838648996890998e-05	0.005672975191380227	0.003828103106063306	-1.9096685713108634e-05
2.2800000000000002	6.202702287848134e-05	-0.0001430951532300461	0.0032122939086354856	3.7536156023574236e-05	7.07061976967247e-05	0.002757452043139832	-0.012859163644983606	-0.008814969687422772	7.414328125674298e-05	0.004698041595249926	-0.0030243788295013516	-0.00011462776835026969
2.29	-7.407773599558546e-05	-0.00015707810753684862	0.0032117420303233923	6.201304957207417e-05	1.4665035058898416e-05	0.002757649601903749	-0.012227206904279992	0.0062253153880896805	-0.00015895948800242855	-0.0002152298613753776	-0.007289138367283225	0.0001585210039060155
2.3000000000000003	-0.0001468153927402395	-3.733181527922833e-05	0.0032104765965235487	3.401381481828237e-05	-5.363203339071188e-05	0.0027592003866999644	-0.0012170243583343445	0.01586071620341361	2.946166989255888e-05	-0.004927019866726722	-0.005297147167516264	5.401961743578687e-05
2.31	-9.516523889906487e-05	0.00011444603925498717	0.003212535050726229	-2.2569673265683168e-05	-7.605380091068591e-05	0.0027583264378617557	0.010782274685428986	0.01213109204657687	0.00029911348663519264	-0.005507828583557746	0.001141001173730888	-0.0001634427663772345
2.3200000000000003	3.739183046959327e-05	0.00016929815900893218	0.0032142281487600247	-6.00465898943368e-05	-3.374233368879076e-05	0.002757288854734442	0.013655174031579918	-0.002051400275005957	-2.7811874432838667e-05	-0.0013864135664179635	0.0066773322494822355	1.2532848549936584e-05
2.33	0.00013778052884098598	7.95523159352015e-05	0.0032124607561896793	-4.622881433498979e-05	3.776598995283497e-05	0.00275821548209626	0.004871700000923142	-0.014480392291393227	-0.00021544583114010664	0.003907612537562128	0.006488074339506168	9.859070474538866e-05
2.3400000000000003	0.00012105598780892992	-7.805536401136625e-05	0.0032115422946894785	6.817706508885594e-06	7.70872532775777e-05	0.002758054630816282	-0.007964185819351611	-0.014621566160869483	4.733650931728223e-05	0.005869548539333209	0.0007665791742875815	-0.00013923274836111387
2.35	1.6078715121604925e-06	-0.00016979426958934642	0.0032120131061552618	5.419637386347296e-05	5.059786828492503e-05	0.0027570202329888415	-0.014037505639206322	-0.0022407452982658	-4.875173534050407e-05	0.002863454323477225	-0.005649353073091481	1.9579659053954216e-05
2.3600000000000003	-0.0001186430291256439	-0.00011664371921302857	0.003210384293543078	5.522632524727659e-05	-1.9257728434855738e-05	0.0027584822323190534	-0.008167382967553535	0.012034153243957211	-0.00019195009644499932	-0.0026539530069088074	-0.007204418876976494	0.00020644869439447367
2.37	-0.00013847052278795382	3.5595784439765166e-05	0.0032102077864819075	9.40800437279382e-06	-7.229469690019345e-05	0.0027596205778210284	0.004526428293756841	0.016072901988357872	0.00021329144732491688	-0.005797927810521928	-0.002587368895574758	-5.294315134497725e-05
2.38	-4.097969930386468e-05	0.0001579494319241579	0.0032131114207000523	-4.40994220098657e-05	-6.407865004590125e-05	0.0027583468877254366	0.013434214550253702	0.006463969512491965	0.00024859314860393403	-0.004097046990903386	0.004141986315259996	-0.00010460651307968703
2.39	9.092589642818484e-05	0.00014554523356262057	0.003213869690332607	-6.0456280030967305e-05	-1.5187985449496702e-06	0.0027584349059739137	0.010881269022227857	-0.00875317796183729	-7.467224530027099e-05	0.0010982232847485795	0.007422538340396719	9.489284822660823e-05
2.4	0.00014487692126395109	8.820931873037305e-06	0.003213060338320367	-2.5386009457481633e-05	6.236362077797267e-05	0.0027589193633168634	-0.0008970097680332962	-0.016432187226283684	-2.6125647249286896e-06	0.0053706154422023845	0.004349214369247529	-6.99782900517876e-05
2.41	7.576315082580786e-05	-0.00013547417106526667	0.003213581790902785	3.116075452647092e-05	7.310843708208222e-05	0.002757496423903812	-0.011882567324426373	-0.01019090333032361	4.524837210705736e-05	0.0050798039328556	-0.0024090997501664798	-0.00012474096754184447
2.42	-5.7731433599170085e-05	-0.00016432904499428538	0.0032123463752441917	6.151348081683656e-05	2.1201393304609203e-05	0.002757835475112692	-0.012731746043115076	0.004850855380790253	-0.0002814907821146779	0.0005104260944730707	-0.007169780107550265	0.00018183590505920394
2.43	-0.00014198513645224798	-5.305133025511986e-05	0.003209805459736764	3.983519932852788e-05	-4.907357215634022e-05	0.0027597484899181857	-0.0028402611109067553	0.015685640243087877	-0.00012480512913429925	-0.004489464589828226	-0.0057669627860523626	9.128260870160576e-05
2.44	-0.00010637348459815904	0.00010386603125629598	0.003210747002290568	-1.5110205162253217e-05	-7.746588818757757e-05	0.0027588307270864586	0.009468666508405802	0.01324457843121783	0.00025059912784743707	-0.005689066469724663	0.0005039234765779427	-0.00020991475728777417
2.45	1.9927468840443096e-05	0.00017278919864889078	0.003212856724222322	-5.721937130808933e-05	-4.018900227704144e-05	0.0027575452853461327	0.013806000999350775	-0.0005661906281250863	8.608351715312124e-05	-0.0021136292949086445	0.00639592365355379	2.6375202508585033e-05
2.46	0.00012901069721969673	9.413802563634351e-05	0.0032126459569719293	-5.065597849391839e-05	3.182539536795796e-05	0.002758877791948335	0.006314622598973161	-0.01391013423637358	-4.245839509268683e-05	0.003282582915694863	0.006851144670036739	0.00014934681537250797
2.47	0.0001286593780354909	-6.469039312542777e-05	0.003213444098064085	-1.259040007245244e-06	7.670186736393466e-05	0.0027590752319307074	-0.006409895186151845	-0.015382358899951421	0.00018290525048652884	0.005832403946604536	0.0014299079626506359	-8.942565158857261e-05
2.48	1.9359420015571648e-05	-0.0001684741416408511	0.0032144692227054493	4.928770619503618e-05	5.631388943568167e-05	0.002758019253298672	-0.01374662302323267	-0.003730700453811324	-7.498702742623765e-05	0.0034618328711721897	-0.005210568060968098	-1.817846365288903e-05
2.49	-0.00010614925158988678	-0.00012824404403135765	0.003211928926668072	5.795365812187589e-05	-1.2245581287847674e-05	0.0027592101502834526	-0.009415280940111525	0.011120116034493498	-0.0003571169671262319	-0.0018757802334510329	-0.007427212260133999	0.00017629811075291533
2.5	-0.00014186363253533132	2.1080619702293903e-05	0.0032098942361658287	1.748189419588735e-05	-7.030868860049086e-05	0.0027596783141826692	0.0028036108362699177	0.016420205021534913	2.1255345263778463e-05	-0.005566898759932301	-0.003300236711336036	-0.00013150798885401034
2.5100000000000002	-5.733774580685833e-05	0.00015262567160618964	0.003211026181200768	-3.768040341297815e-05	-6.873808164667372e-05	0.0027578578406447494	0.012762888703256993	0.007826738291509731	0.00012685467518345637	-0.004606719227958533	0.0035884064683426903	-0.0001441046333797251
2.52	7.6073871163286e-05	0.00015421171078096064	0.0032114283979075707	-6.111663489681447e-05	-8.926556875602194e-06	0.002757780776586696	0.01182993894454198	-0.007534620497010773	-5.207470142137869e-05	0.00027476717942313226	0.0074381883309478335	0.00012195383940459866
2.5300000000000002	0.00014488774487308025	2.4242375458272307e-05	0.0032115462128724163	-3.2866459046405014e-05	5.8185704221481753e-05	0.002758688106449673	0.0008763571760709826	-0.01642230030483179	0.00015286824407875448	0.004912950459801825	0.00493216643106019	1.1460727421792224e-05
2.54	9.080726243743523e-05	-0.00012658903793069754	0.0032142740914613203	2.2868552492234886e-05	7.551123416350983e-05	0.002758192954980943	-0.01085813713137184	-0.01137217371124285	0.0002938857712431265	0.005390393235496764	-0.0017324635099524137	-5.5456904787003883e-05
2.5500000000000003	-4.068546623426033e-05	-0.00016946237225433776	0.0032149106875173044	5.9236577460759684e-05	2.830732035114366e-05	0.0027587271916815334	-0.01336199866623137	0.003486841847773023	-0.0001625103336473854	0.0012896776004422805	-0.006953686439224352	0.00017878903228903857
2.56	-0.00013714104696610054	-6.750576533637812e-05	0.003212310131459341	4.49581097928998e-05	-4.337068896192264e-05	0.0027605154991429885	-0.004459144821165275	0.015297130086531508	-0.00024211059809973431	-0.00391079024247003	-0.006235843390964662	7.38363111576332e-05
2.5700000000000003	-0.00011726873055865024	9.189033905281114e-05	0.003211544113495239	-7.3148327041906534e-06	-7.804449456893492e-05	0.00275956347876776	0.008157224129749105	0.014110203583994405	2.859569422522494e-05	-0.005741579234051317	-0.00019077904788657906	-0.00023110894166409704
2.58	2.2690757056895385e-06	0.00017332930687251867	0.0032116198242372273	-5.321942299861273e-05	-4.632344918535344e-05	0.0027577410250052992	0.013882411588619428	0.0008831794611564415	-0.0001017823631492861	-0.002714771077619623	0.006031426067577662	-0.0001034059629840764
2.5900000000000003	0.00011945412706639352	0.00010697560597122658	0.0032099743682313764	-5.3995073683800246e-05	2.48260100867145e-05	0.0027576596899543996	0.007760925585302254	-0.01307613917017421	-0.0001273347367599005	0.0025782118062795496	0.007080219674181523	8.373070992012122e-06
2.6	0.00013520166137773697	-5.018921939064507e-05	0.0032105942732783446	-9.286789676881325e-06	7.469136008808617e-05	0.002756857652463812	-0.004867134225475992	-0.015943919655129608	0.0002510292223145901	0.005667672250774389	0.0021098091122705247	-0.00017979322012323453
2.6100000000000003	3.601953795249e-05	-0.0001651280728966173	0.003212980214796042	4.30503782468213e-05	6.076621231324719e-05	0.002755608144052496	-0.01341940870126948	-0.00519760051313828	0.00012573477866889936	0.00400398070696707	-0.00471595212293231	9.117254480378184e-06
2.62	-9.384521090883779e-05	-0.0001386380315869792	0.0032124882239468367	5.872793778176667e-05	-5.529711094412215e-06	0.002757438681874396	-0.01053961016732503	0.010052908034267153	-0.00013786710290573064	-0.0010971534027291636	-0.00750144487996186	0.00030913408237976607
2.6300000000000003	-0.00014410434959042726	5.8850650385955465e-06	0.0032117461236739267	2.452944113138875e-05	-6.71465842775076e-05	0.002759982771506876	0.001260207286505687	0.016625608241197198	5.916893096734073e-05	-0.005202413652893292	-0.003852575403958759	0.00012782141677693173
2.64	-7.217393932245219e-05	0.00014549090229224343	0.0032131137302246395	-3.051217841697057e-05	-7.16259303254439e-05	0.002760261825858945	0.01202171676076004	0.009076320493007974	0.00010249606423936615	-0.004928471007846864	0.0030240250985822336	-1.5511828079999425e-05
2.65	6.113082137830208e-05	0.00016075588980983416	0.0032127326688008453	-5.960685974761032e-05	-1.5439212098705768e-05	0.002760647576066881	0.012567144796448014	-0.006240975710251117	-0.00017050272678333404	-0.0004511964822608301	0.007326163390678461	9.158726985398886e-05
2.66	0.00014243154708609132	3.9323559299448615e-05	0.003211601995163664	-3.8220078140674625e-05	5.348277427369696e-05	0.0027603141939757966	0.0024573392137053956	-0.01615350554485772	2.2021860528953743e-05	0.004366873202165293	0.005405082713225485	-0.00022113120336123826
2.67	0.00010321451786340986	-0.00011550880020218038	0.0032130882829825924	1.5121776635626179e-05	7.719130201682661e-05	0.002756934138461665	-0.00971521400532655	-0.012390345766475805	0.00018083937198689866	0.005506680530748447	-0.0010745189275102333	-0.00036860478312666163
2.68	-2.3630720324598088e-05	-0.0001716620785393116	0.003213408543304462	5.580135851110629e-05	3.4639795474571825e-05	0.0027549763306029063	-0.013690084456277552	0.002041019285869782	-0.00016141563797004153	0.0019738024311462114	-0.006760390657529712	-1.5144002869098264e-05
2.69	-0.0001301850280125099	-8.111259491776762e-05	0.0032111140563115485	4.908230825256536e-05	-3.783889228732538e-05	0.002756030163993095	-0.005998400966637954	0.01461595855928671	-0.00020309014704799117	-0.003220387677300242	-0.006595599450483855	0.00012933219057068804
2.7	-0.00012622085782850451	7.821865675133627e-05	0.003210834280712243	9.109307326322766e-07	-7.772558201140491e-05	0.0027568798645540124	0.006715140217812724	0.014781183038027812	0.00010685362108926426	-0.00567454149789671	-0.000778677896091693	7.740847190323966e-05
2.71	-1.5270714760111677e-05	0.00017115361508761382	0.0032116796575540536	-4.821150510344656e-05	-5.131491731446391e-05	0.0027586332690985142	0.013733049570647587	0.002327576122760626	-5.180688867684805e-06	-0.0033860200588929175	0.005660643468079409	0.00027820921947682844
2.72	0.00010811944212598417	0.00011820166408050742	0.003211271087669484	-5.674431591519596e-05	1.8427232900311113e-05	0.0027616301352862958	0.009041455223664913	-0.012071238538811948	-6.19867593566222e-06	0.0017935288923434994	0.0071998041889611295	0.00022208693372587863
2.73	0.00013997743996122745	-3.483379661104485e-05	0.0032126869171663747	-1.7546881407190812e-05	7.196400274446964e-05	0.0027616491184682774	-0.0031430251332021635	-0.016200521533675957	0.00026082145975989417	0.00543454669978137	0.002689297994183673	-0.00022743875919239583
2.74	5.349497660369289e-05	-0.00015833971597192497	0.003215054924095396	3.615446618224692e-05	6.405946592996811e-05	0.002758549083619147	-0.012790014468216853	-0.006553432029876438	7.138275795129232e-05	0.004475823908817084	-0.004148662424370068	-0.0002789626525173493
2.75	-7.810756586832112e-05	-0.00014670487149744574	0.003213541614986297	5.893479461467738e-05	1.2377213580803112e-06	0.00275706199803144	-0.011483001032786563	0.008685727699006461	-0.00030747456988487244	-0.00027020291102746304	-0.007432391503595361	-4.1766424507327564e-05
2.7600000000000002	-0.0001430879991118598	-1.0080198129140847e-05	0.003211089940989093	3.1555770506222646e-05	-6.277710916171211e-05	0.0027561715542339296	-0.0004953832950813868	0.016504053769804756	-0.00011019057220328871	-0.004771134059424443	-0.004353319504622178	-0.0001554679060951921
2.77	-8.665842299360837e-05	0.00013525994879227447	0.003210889397364743	-2.259837381196621e-05	-7.35104013066702e-05	0.0027547997608348756	0.0109343837710778	0.010299496519909116	-3.535735285461077e-06	-0.005215691498246269	0.002397751299274192	-3.4322386854562566e-05
2.7800000000000002	4.342963351794794e-05	0.0001651799637215574	0.0032099777449557908	-5.764253412613592e-05	-2.1486773742923072e-05	0.0027561644430302663	0.01305708666934761	-0.004771333309269291	-0.00014366788758944524	-0.0012308723754889525	0.007192509897501833	0.0002973095578089966
2.79	0.00013654335389359884	5.4215996076559e-05	0.0032096281522049678	-4.3858651121157594e-05	4.8953869663058205e-05	0.002758973535614558	0.00414862205155073	-0.015696921378645704	0.00014662774176666505	0.003768995873060533	0.005800192397027229	0.00017977620892672223
2.8000000000000003	0.0001143954101195293	-0.00010298657707922378	0.003212888305957211	6.70780383990981e-06	7.750931980843584e-05	0.002759306358551764	-0.008256354767125624	-0.013285116780924781	0.00039037567306325464	0.005596221690189767	-0.0005239930840575117	-3.941416737201575e-05
2.81	-4.5345708484071856e-06	-0.00017218036580842356	0.0032153564548060777	5.163573874393666e-05	4.0186838713952575e-05	0.0027593864815792886	-0.013674792194259539	0.0005463883387286794	4.9833930480134154e-05	0.002706141074192033	-0.006370063944956185	7.849273325423364e-05
2.8200000000000003	-0.00011919036088197943	-9.421511859793066e-05	0.0032145458764279316	5.250165034836011e-05	-3.1372504582510476e-05	0.002760196663437886	-0.007501347447300874	0.013805061778400777	-0.00010073178926096296	-0.0025190550909513576	-0.006828924657295242	-1.2021122161615127e-05
2.83	-0.0001330696382225077	6.368967822967439e-05	0.0032142713238264573	8.790542931297851e-06	-7.609940795453259e-05	0.0027584719954168394	0.004964334165755303	0.015311302332028985	1.230055793077417e-05	-0.005540420585996061	-0.0014317498907344213	-0.0002703509454163171
2.8400000000000003	-3.415130322285634e-05	0.0001671189611730551	0.0032129844649223267	-4.226351557196869e-05	-5.5807840351220125e-05	0.002756338088700551	0.013275156301289108	0.0037554994316331136	-0.0003219240505603533	-0.00388899237058392	0.005181171716446412	-6.0226161328902185e-05
2.85	9.341757559747699e-05	0.0001280493977068597	0.003209246641580735	-5.7659344862054445e-05	1.2324080533658329e-05	0.0027570036675278113	0.010270162184783504	-0.010942289037279212	-0.00031624782374625217	0.0010569357422894035	0.007370782357615423	0.0001141097912179001
2.8600000000000003	0.00014186695952292491	-1.9807644378749847e-05	0.003208576284394088	-2.4277569308267827e-05	6.985834893215628e-05	0.002756843533174917	-0.0013107521257121996	-0.01635845520075972	0.00018577864586790156	0.005098640581457196	0.0032601362476720793	-0.00013182150461870344
2.87	7.030211677927179e-05	-0.0001510707187773183	0.003211462633360372	2.9694828089037365e-05	6.78732555187653e-05	0.002755836418379422	-0.011881741006294409	-0.007848715319994051	0.0002743387275077336	0.004865167029005761	-0.003624942209224283	2.7898570190119542e-05
2.8800000000000003	-6.1027443736878456e-05	-0.00015350478338825344	0.0032131323482062373	5.856475993908504e-05	7.780664551665899e-06	0.0027578617781029787	-0.012338022690032127	0.007366998276898777	7.332982806818615e-05	0.00044805099058400195	-0.007434256429086394	0.0003034771150059079
2.89	-0.00014073742591458948	-2.5450590027707426e-05	0.0032143616104779896	3.743309830270136e-05	-5.8829279298020464e-05	0.0027598611959518877	-0.002360591695420378	0.01625474414528709	0.00019768282449029792	-0.004327350356264347	-0.00487590725659508	5.853485374536342e-05
2.9000000000000004	-0.00010104861826091736	0.0001244637905834553	0.0032162685950479692	-1.5519091470873114e-05	-7.54383686746989e-05	0.002759553285810244	0.00970004078854982	0.011378401951638778	7.043885275743296e-05	-0.005450173790042229	0.0018361651360186166	-3.289121902746932e-05
2.91	2.472989941155754e-05	0.00016821118426751756	0.003214321050725095	-5.574773175334957e-05	-2.7587595269934892e-05	0.002759888397416122	0.013496632341463598	-0.0033062622992870707	-0.0004262093253955941	-0.001970809167708687	0.007007186340465882	8.216476205644649e-05
2.92	0.0001294899652984281	6.883912771617783e-05	0.003210429178393667	-4.894025044497995e-05	4.385200937550979e-05	0.00275976752290528	0.005865403999323114	-0.015032424575408784	-0.0002322017358720497	0.0032053045405393233	0.006170540245831578	-0.00017471744705108665
2.93	0.00012473766812777607	-8.879085468990345e-05	0.0032099912548785	-1.112554370235799e-06	7.803792748357083e-05	0.002756681434883372	-0.006736650277564121	-0.01405315110375213	9.93990312116102e-05	0.005655955874610824	0.00013561436924215732	-0.0003433182532709465
2.94	1.3918788082940667e-05	-0.00017093634943567306	0.0032106022627267916	4.767549954806019e-05	4.593789900962618e-05	0.002754816276782881	-0.01370893038343033	-0.0010670884201958836	9.012367519747502e-06	0.003336419557436256	-0.006088811086461624	3.0682797288011337e-05
2.95	-0.00010905845588955724	-0.00010738240835017885	0.003210650382472798	5.5786573817637446e-05	-2.5706755773771038e-05	0.002756317824942397	-0.00896428912747415	0.012781744103175147	0.00011192524494099215	-0.0018282171943183512	-0.007125151284573392	0.00017207665701752275
2.96	-0.00013946721164015017	4.7497486150228116e-05	0.0032131070220562134	1.6775851872040113e-05	-7.54871147441266e-05	0.0027573135759038536	0.0033533417982274166	0.015788052056930325	0.00033747624578464477	-0.005389639731774018	-0.0020756619049716015	5.902870095665091e-05
2.97	-5.145092320947626e-05	0.00016200598328675785	0.003215115704449317	-3.656878032407906e-05	-6.08760455746948e-05	0.002758796770085456	0.012886951471207405	0.005305096880652023	5.507831762341502e-07	-0.00442797415196705	0.004767023770054394	0.0002706215277708169
2.98	8.036669318912494e-05	0.00013817553725845852	0.0032136347878446636	-5.8785196585119365e-05	6.053654165205666e-06	0.0027619486847865345	0.011414524396996865	-0.00967880253052932	-0.00020578020635596394	0.0003348324983145806	0.007558635008375897	0.00026362101465893803
2.99	0.00014405732458043025	-3.101094439557613e-06	0.003212727957449451	-3.147176116748737e-05	6.772391609059214e-05	0.002762149733876991	0.0003372780936260947	-0.01636919920236755	4.13605972514037e-05	0.004718858832369555	0.003835360724891249	-0.00023664605277101542
3.0	8.553397076790548e-05	-0.00014186910827212738	0.0032132230916735493	2.238816050249216e-05	7.176102475397898e-05	0.00275891042800819	-0.011143682334386751	-0.009178393809327353	-1.5748200883442827e-05	0.005228196445328355	-0.003102585534783895	-0.0002979705716459108
3.0100000000000002	-4.574939645040714e-05	-0.00015964536972961824	0.0032117230773967345	5.745673280448078e-05	1.4526700180040986e-05	0.002757062017477965	-0.013058283440066784	0.00587707242495097	-0.00022976556183402596	0.0012409229698256497	-0.007438315015828518	-9.668594475628334e-05
3.02	-0.00013806770694522127	-4.173251596131359e-05	0.003210458606403695	4.372549422478186e-05	-5.500837921289054e-05	0.0027560819951818866	-0.003969865946091278	0.01588589394334568	2.4305192434452195e-05	-0.0037821000403594836	-0.005395885553885516	-0.0001374501890608096
3.0300000000000002	-0.00011307417107966257	0.000111813726784527	0.0032117966967357956	-7.280446956972797e-06	-7.761131917699884e-05	0.0027547423729934882	0.008576179275484168	0.012402048534326929	0.00012676295009646468	-0.005652796982334082	0.0012242952580776123	-1.9081289417557783e-05
3.04	8.402031868039681e-06	0.0001698126083466617	0.0032117587666698603	-5.258805144696082e-05	-3.4093250088535046e-05	0.00275647811660378	0.013798624906126449	-0.0016941960628937434	-0.00011238340752049849	-0.0026786348493040486	0.006815023015112407	0.00033746515426685077
3.0500000000000003	0.00012277107589712144	8.315677388395619e-05	0.0032111490347858465	-5.3190772958636486e-05	3.848079549090311e-05	0.0027596926241933253	0.00731939591145485	-0.014321076706303516	8.127981541969164e-05	0.002564272738473684	0.006581624889653996	0.00019760359913911262
3.06	0.00013378181051384335	-7.471305112587604e-05	0.0032132240281797903	-8.911615615816941e-06	7.817792879948114e-05	0.0027600701392891474	-0.00535227359584472	-0.014817120295327243	0.0002573568321273591	0.00562746765919585	0.0007645162292489086	-6.315079870704084e-05
3.0700000000000003	3.079557668335923e-05	-0.00016935957434021862	0.0032145219828892653	4.275816825419415e-05	5.131753697974696e-05	0.0027599352585983864	-0.01361179934291214	-0.0026127479713168615	-6.50395967368546e-05	0.003939366463411467	-0.005723786949819643	4.246409236587251e-05
3.08	-9.833369427626588e-05	-0.00011973071564135331	0.003212996522289645	5.835647315105251e-05	-1.937936260202284e-05	0.0027600138226188714	-0.010226852796988503	0.01175797624425687	-0.0001376989183933363	-0.0010882063842776954	-0.007295433025828112	-7.951121124344834e-05
3.0900000000000003	-0.00014401131199224146	3.152499916188569e-05	0.0032126423419862916	2.4578218367737955e-05	-7.348922237742332e-05	0.0027578447748898395	0.0018223579589137806	0.016182565149088408	5.0110103700110205e-05	-0.005162293710478576	-0.0026707135611243956	-0.0003158903581286584
3.1	-6.704287677241559e-05	0.00015619550637097128	0.0032123841701480454	-3.0244192202581637e-05	-6.511625465598253e-05	0.002755769693657394	0.01235867939605591	0.006795507324822201	-0.00016452852300996484	-0.004938024778831578	0.004223810639574904	-2.9065367113854006e-05
3.1100000000000003	6.699407369420122e-05	0.0001474775719532305	0.00321019462461919	-5.960040018851674e-05	-9.506433831275875e-07	0.0027570435115569754	0.01237220097606213	-0.008380861747402019	-0.00019231195443592596	-0.00047450698651454705	0.00757775301995699	0.00017416382288232195
3.12	0.0001444007352638577	1.3498488455883901e-05	0.0032102062066627283	-3.860258212606396e-05	6.405059625114169e-05	0.002758009601473232	0.0019112144320307686	-0.016368374025059137	0.00020208046458784998	0.00433917669747383	0.004410160293015027	-6.286631969290994e-06
3.1300000000000003	9.934046525752879e-05	-0.00013219032487204977	0.003212584264322693	1.4778857366411895e-05	7.475625582554205e-05	0.002757827835971224	-0.010238506181671724	-0.010471829628902318	0.0001524588396245795	0.00551520047677949	-0.002469871960194605	4.342035510165054e-05
3.14	-3.0334228878829627e-05	-0.00016523930800381632	0.003212832252182671	5.5758527450971094e-05	2.1578016175718004e-05	0.002759297269928347	-0.013648616548883196	0.004364900445768901	-7.632293273256552e-05	0.002031241125299087	-0.007333187620997804	0.00021636442509131805
3.1500000000000004	-0.0001340910956384473	-5.781774447545098e-05	0.0032128734109577173	4.915030700373076e-05	-5.0061647713518305e-05	0.002760657423784296	-0.005498454485486182	0.015428561151264897	0.00012107214864367771	-0.0032264639437707123	-0.005870406023437121	-3.202003854436699e-05
3.16	-0.00012412164566794339	9.852164732392198e-05	0.0032142783391896474	5.738871421383638e-07	-7.89999333967288e-05	0.002759089019241815	0.00735423060514125	0.013413967227554295	6.800292842766316e-05	-0.005744586582638801	0.000529717592362302	-0.00015737605520912704
3.1700000000000004	-8.345935496342108e-06	0.00017089305647172268	0.0032133226041791674	-4.864696178747474e-05	-4.0886513077167633e-05	0.002758506273901741	0.013948461552155778	-6.875666826833056e-05	-0.00024586709694881376	-0.003347569949248677	0.006513180375989412	4.31898553752907e-05
3.18	0.00011415867119191848	9.774328039932701e-05	0.0032110935175384265	-5.650525734432769e-05	3.19502217303979e-05	0.002758866511374834	0.008684023227162224	-0.013418980660693521	-0.00011957020148969486	0.001881793341723717	0.006914914799798009	-4.5535649138403577e-05
3.19	0.00014003305417374111	-5.850004635014255e-05	0.0032114064207172813	-1.6491211788492294e-05	7.734913859371172e-05	0.002757346875018967	-0.003915593694048125	-0.015406299728458483	0.00012900945951830424	0.005492217268486326	0.0014548980389250217	-0.00017431838044694046
3.2	4.68245579961196e-05	-0.00016494438840447648	0.003211977035086407	3.779794696556793e-05	5.66675618857301e-05	0.002756557408918127	-0.013239906191952259	-0.004209201188671286	-4.9639964886485784e-05	0.004489762751382943	-0.005286307680203141	4.743821155031022e-05
3.21	-8.59115242031885e-05	-0.00013061748517776268	0.0032110158127586154	5.9998440478170625e-05	-1.2671599881904138e-05	0.0027580468660832703	-0.011251189613001748	0.010493424144249353	-5.074668444269681e-05	-0.0003815646375275461	-0.007491596200393689	0.00016025295767903348
3.22	-0.00014593046337741072	1.4613094454737408e-05	0.0032122189942344797	3.1488607826800875e-05	-7.103934292130777e-05	0.0027584889049321075	0.00017671560592733877	0.016321567248966187	0.00025303691952554695	-0.004885183523560779	-0.0032937615181653055	-5.279060496124186e-05
3.23	-8.216562441448427e-05	0.0001479587828626467	0.003214162551132114	-2.3775221803841873e-05	-6.871424689291648e-05	0.002758364448152943	0.011578096667332085	0.008226288876116945	3.931228656139317e-05	-0.005303615923044099	0.003724398525572069	7.50337822198488e-05
3.24	5.1652982615491e-05	0.00015482179652496724	0.003213249986665963	-5.899066225375318e-05	-7.665375580735509e-06	0.0027599106344354395	0.013104709655304294	-0.006928142550090839	-0.00015536082319299058	-0.001190381768768987	0.007516500701153618	0.00015978267829612946
3.25	0.00014178996052830654	3.0046161685987532e-05	0.0032123663192711246	-4.415146379561706e-05	5.982878611332817e-05	0.0027599378625216306	0.0035354783580890522	-0.016096389469126744	5.036261979427833e-05	0.003896267546694576	0.0049259052095071984	-0.000147313521842834
3.2600000000000002	0.00011189469934640636	-0.00012044790465022492	0.003212870986082173	7.843721982224034e-06	7.647661922029427e-05	0.002758085829535191	-0.009063613954549212	-0.011653600775099398	-4.3463613129187125e-05	0.005728411593268287	-0.0018658739482718713	-0.00015074428033269734
3.27	-1.3016984636502763e-05	-0.00016833884405583805	0.0032109529762350277	5.356274800656704e-05	2.7829151699777835e-05	0.002757877316298822	-0.013952924665133303	0.00279849888476673	-0.0002718514154518196	0.0026917182897345246	-0.007086955586043734	6.162001001736965e-05
3.2800000000000002	-0.00012673920615421453	-7.321554834526982e-05	0.0032096518001664357	5.3625471512609856e-05	-4.429036065265255e-05	0.002758134849685008	-0.007036270148534316	0.014745645058399225	5.8736755697829876e-05	-0.0026494135490938704	-0.006213542203150327	-7.542126709479802e-05
3.29	-0.00013315308695417086	8.40835966454462e-05	0.003211983030524502	8.142570603725778e-06	-7.832858722109136e-05	0.0027570928449823728	0.005880485598882789	0.014265120148317562	0.00028075679321178223	-0.0057498401086262686	-6.88726358627744e-05	-5.398345794997125e-05
3.3000000000000003	-2.6241984298284892e-05	0.00016974659864673182	0.003213391567711648	-4.436601556269226e-05	-4.50986063629053e-05	0.0027579292556366443	0.013807758128194934	0.00152620885338034	1.5165239872357582e-05	-0.003945702311913812	0.00617363452629972	0.0002196818387484169
3.31	0.00010276475215081835	0.00011055284024038257	0.003213296597326586	-5.919789770045568e-05	2.6427129614530578e-05	0.0027600243358138214	0.010029681792022474	-0.012397166087830156	4.049766379951724e-05	0.0012058358918289249	0.007027110315561979	0.00014337929351301414
3.3200000000000003	0.00014500575474201116	-4.2492162786215266e-05	0.0032144220213216608	-2.376769097697275e-05	7.494490609401436e-05	0.0027603249911829215	-0.002251233242829386	-0.015843037446435827	0.00010851544501796547	0.005337872390793895	0.001974167666041499	-5.4780716566308806e-05
3.33	6.393177367920381e-05	-0.00015961384765454423	0.003213895668432166	3.2143776893675775e-05	6.008472369596139e-05	0.0027598164569388977	-0.012702681259893643	-0.005730592854091133	-0.00023382801388041483	0.004960179713953329	-0.004743350751938608	7.144598784422907e-06
3.3400000000000003	-7.170293416653189e-05	-0.0001402243342420861	0.0032110155190716873	6.068774634542893e-05	-5.8044961055105235e-06	0.0027598389340260606	-0.012311198256510518	0.009242928692113035	-0.00023079589133324785	0.00032788728725570475	-0.007425498721065684	-6.644869391418608e-05
3.35	-0.00014662180776079002	-1.6727235436516225e-06	0.0032105496046287768	3.798013660273998e-05	-6.665360452211207e-05	0.0027575111968699524	-0.0015105271402117775	0.01631842969433966	0.00011919197249059542	-0.004520548290850656	-0.003804777979204442	-0.00036213248458264857
3.3600000000000003	-9.698111709988641e-05	0.00013831422037500286	0.0032119838300213952	-1.6897731565862838e-05	-7.083629002345485e-05	0.0027549076954092684	0.010664506271866426	0.009491337571343177	5.836351212301122e-05	-0.005623934380557225	0.0030295734543868773	-8.310440962312564e-05
3.37	3.5357739050985876e-05	0.00016019066799211623	0.003211394179581561	-5.780463760888404e-05	-1.458687198224015e-05	0.0027558732886786043	0.013716756563490622	-0.005430898023599699	-9.784845924987333e-05	-0.0019254331089554946	0.007333159620421149	0.0002227893372023921
3.3800000000000003	0.00013733522554702226	4.601733132706296e-05	0.003211390973117524	-4.9826333981643536e-05	5.394907267175783e-05	0.002757861870403643	0.005126735079237769	-0.015673235674982935	0.00014049638996616536	0.0034183614508556657	0.00531010528283209	0.00014611215022107438
3.39	0.0001226564359292467	-0.00010755130267612426	0.0032131403206945622	6.727665975390117e-07	7.606191997968154e-05	0.002758948482476331	-0.007859851100351182	-0.012607772931370071	0.00011398219277167413	0.0059126937298705565	-0.0012275283847221106	0.0001323347055203783
3.4000000000000004	3.459407205908558e-06	-0.00016937724089028392	0.003213028296128482	5.114599889651573e-05	3.3065539146971774e-05	0.0027608873830728747	-0.014102915625642382	0.0012047977865266653	-0.00010907827690849398	0.0033588481154867675	-0.006689443869553988	0.0002229691618398995
3.41	-0.00011824867185480623	-8.725676529986628e-05	0.003212163581204664	5.817804779048138e-05	-3.778795785163883e-05	0.0027616321138024696	-0.008383431719637166	0.013941906249531056	1.8183776795588155e-05	-0.0020614829423289236	-0.006388089663654822	-0.00011338301314245913
3.4200000000000004	-0.00013983069132224123	6.890094632886158e-05	0.0032131902130752682	1.6052954604674206e-05	-7.627648470612357e-05	0.0027588588434479732	0.004443305634071351	0.01488568959329296	8.119777169601619e-05	-0.005718013804735472	-0.0007049839785262917	-0.0003425590139701463
3.43	-4.2279934004898196e-05	0.0001662941839120842	0.0032124832455065716	-3.9637581630136496e-05	-4.952026942045488e-05	0.002756492564986317	0.013531637388413094	0.003060057340104142	-0.00019933239947596463	-0.004582634218930347	0.005644344821315281	-8.21174585312881e-05
3.44	9.097663486014998e-05	0.00012175778101346093	0.003210723070529055	-6.209205143108282e-05	1.9585810763811017e-05	0.002756359817282907	0.011065883977394952	-0.011250700227811423	-7.556179578343684e-05	0.0004582818627507636	0.00710002398979555	-1.234457135040353e-05
3.45	0.00014725135318102112	-2.6149932610631513e-05	0.0032113221246639024	-3.183901899986225e-05	7.180638163505595e-05	0.002755905219674214	-0.0007293826361750547	-0.016064164146310986	0.0001407245979333417	0.0051632686888350675	0.0025416374718411584	-6.53971993509695e-06
3.46	7.830645970633834e-05	-0.0001521005349302292	0.003212053448793538	2.6003005291427054e-05	6.305149111067749e-05	0.0027569041381375423	-0.011987379068693318	-0.007146654545550985	-4.429322165976784e-05	0.005503423811147537	-0.004187868071804929	0.00025739036092144114
3.47	-5.7177253080515534e-05	-0.0001482303089513673	0.003211255251718376	6.20254692606527e-05	7.347441273525256e-07	0.002759923385989262	-0.013010270358585239	0.007822816007820355	-5.0700023017165626e-05	0.001157845844785726	-0.007313803121529337	0.00024475168319245175
3.48	-0.00014440859740113955	-1.8450915944330556e-05	0.0032126015262504077	4.579278633646432e-05	-6.164013506415523e-05	0.0027607652747460064	-0.003066901700107127	0.01614740491812465	0.00027300978345948815	-0.0041406211807832796	-0.004197925352034127	-9.543035020700651e-05
3.49	-0.00010906381162255208	0.00012716769173494745	0.0032148517958405	-8.802909712496801e-06	-7.12909313882249e-05	0.002759662997969912	0.009590250829485166	0.010670154729642138	0.00010232515392285318	-0.005961359221672596	0.00243730261328452	-7.090265865193642e-05
3.5	1.935402445229085e-05	0.000163767193658509	0.0032137309743142566	-5.5978462811440354e-05	-2.007420885607024e-05	0.0027591856012446772	0.014064293749592874	-0.003914027971637137	-0.00025520753272840086	-0.0027287224795326617	0.0070066127240422	-5.638042923152698e-05
3.5100000000000002	0.00013131615236528752	6.078617886837956e-05	0.0032116288127256713	-5.5667261402824375e-05	4.796652435621754e-05	0.002757713781433651	0.006617221142687678	-0.015111755565340676	-8.604727390053548e-05	0.0027924961905066684	0.005545729449146239	-0.00027395862326553584
3.52	0.00013254980822722279	-9.44006783477677e-05	0.0032111465951379843	-7.9857974243035e-06	7.47865192248793e-05	0.002755390911344264	-0.006405997609649457	-0.013480182040258765	-6.516157351742503e-05	0.005983917388014916	-0.0005824598386375419	-9.520858622434259e-05
3.5300000000000002	2.133343204357482e-05	-0.00016886312746364576	0.003209728189784536	4.6374098536270886e-05	3.79595950693409e-05	0.002756535082225733	-0.01411343514195182	-0.00025916983586657155	-0.00018240459209146619	0.004049737289545383	-0.006232453912280601	0.0002858994537029362
3.54	-0.00010844165925665473	-9.934975454959273e-05	0.0032094759067386367	6.107559307933734e-05	-3.142208086700373e-05	0.0027589725758785867	-0.009835820447594769	0.013071490870939279	0.00019524794258595336	-0.0013087912969847373	-0.006566232736532177	0.00012217401598501064
3.5500000000000003	-0.00014675442820750117	5.45218314458406e-05	0.003212962830104744	2.3956442391849935e-05	-7.415432442684283e-05	0.0027589455257609266	0.002803158693619237	0.01531184020286597	0.0003650643340691526	-0.005548075241489672	-0.0013181046901797342	-3.781342664144908e-05
3.56	-6.047874103727517e-05	0.00016185453259798304	0.0032148893636321113	-3.34936194699723e-05	-5.381838910885405e-05	0.0027594388722211615	0.013107018213738077	0.004448811812237596	-9.458134361198792e-06	-0.005043242242972772	0.005082130271170568	0.00012716930654729344
3.5700000000000003	7.691602234393163e-05	0.00013070601702285363	0.0032138385736811656	-6.240579010006141e-05	1.2393850840393386e-05	0.0027604556269931026	0.012256270687894378	-0.010160702384300356	-0.00010161683268786138	-0.000319477423355251	0.007124443700226084	-1.2757022450382752e-06
3.58	0.00014905272875761398	-1.1555726747533625e-05	0.0032136130750839253	-3.879506461967946e-05	6.795030155436383e-05	0.0027588791653135086	0.0010507211087287783	-0.01610640075161873	1.9668546456506624e-05	0.0047024403431293075	0.003103479090500731	-0.00025343816073627827
3.5900000000000003	9.447887601904898e-05	-0.00014397518611291554	0.003212628891638727	1.8151386082332462e-05	6.58879101746705e-05	0.002757238816064892	-0.01111916660667691	-0.008282059694316828	-0.00024897494286858345	0.005804603445426985	-0.0035067380226914526	-3.172259376581846e-05
3.6	-4.043407852334516e-05	-0.0001533029360118463	0.0032097222159979018	6.007221031045958e-05	8.030306620827872e-06	0.002757716619929953	-0.013774524370990533	0.006523553151140274	-0.00023374889239198058	0.0019205998417978207	-0.007158738269579025	3.7081317142833255e-05
3.6100000000000003	-0.0001412022161028868	-3.2648712784794e-05	0.0032096485613076747	5.104439271140264e-05	-5.63115796041867e-05	0.002757191479868547	-0.004821076820239329	0.015767396188627172	0.00020467721664096903	-0.0035989442807606454	-0.0047407646631109435	-0.00013100072355458093
3.62	-0.00012249899551347156	0.00011591062959216522	0.00321222112875752	-1.4680526657383098e-06	-7.2965648354297e-05	0.002756322528579375	0.008310525157191214	0.011619737805454172	0.00020733221947369748	-0.006109732689047127	0.0016730705423287878	3.0248915128160038e-05
3.6300000000000003	5.788252866995017e-07	0.00016549593686056456	0.003212744541152829	-5.3045134401378364e-05	-2.7348313969856962e-05	0.002758203626433972	0.014383557560681232	-0.0024544647186300252	-4.7797804200839944e-05	-0.003395734580122832	0.0067294403182092425	0.00026695111718958456
3.64	0.0001232151937781231	7.432466154189539e-05	0.0032131152455809656	-5.922636145595246e-05	4.152228323352113e-05	0.002759724835518735	0.008278270119194199	-0.014365976347867978	0.00014742165872783601	0.0022106731204370577	0.00600253846682809	-1.3165069580123196e-05
3.6500000000000004	0.00014173750699821263	-8.000901684905717e-05	0.003214114514290566	-1.5134545225093375e-05	7.527957558991634e-05	0.002758930071760415	-0.004912382104525457	-0.014074807895071855	-2.864612105693393e-05	0.005937095349252123	0.0002011405890361121	-5.505712758129111e-05
3.66	3.947685144931643e-05	-0.0001658657669527707	0.0032120468652733136	4.229553757198841e-05	4.464319353606316e-05	0.002759159369073191	-0.013936313546065313	-0.0017609036432232324	-0.00034446438576009233	0.004617454583286637	-0.00583829471458511	6.577256285626198e-05
3.6700000000000004	-9.61840299166377e-05	-0.00011062395187736495	0.0032094174401756034	6.390198098852568e-05	-2.409749790164776e-05	0.002759055312433669	-0.011110305083515166	0.011932991915839816	-5.825232581170008e-05	-0.0006144184982738093	-0.006819533715084566	-0.0001428647643978848
3.68	-0.00015054871180142522	3.834148364708641e-05	0.0032107034613014836	3.19115022248771e-05	-7.210479737431223e-05	0.0027566107590943937	0.0011164072120775663	0.015548461984439899	0.00021694621362328302	-0.005311256061759953	-0.0020642556462144744	-0.00023847737986871937
3.6900000000000004	-7.692054605524726e-05	0.00015466871329165158	0.0032120981572974993	-2.725113790965789e-05	-5.866621701322457e-05	0.0027558639747182517	0.012454950442848552	0.005893743602524826	2.8714880547408056e-05	-0.00559460306236718	0.004551925722822476	9.75711990277941e-05
3.7	6.1947976897867e-05	0.00013883812960752164	0.003211977458511711	-6.331805194900824e-05	5.544308997252706e-06	0.0027575919814988407	0.013166990673743129	-0.008759997168083934	3.874787133673517e-05	-0.0010523338845815529	0.007257779997686878	0.00015746631906450159
3.71	0.0001483108210282224	5.00870575827978e-06	0.0032133887167559924	-4.54132007422733e-05	6.50127864513349e-05	0.0027583608885374594	0.002768655373573662	-0.015943125317704507	0.00018615620035580094	0.004343626150928536	0.0037210761078719213	2.22478935136418e-05
3.72	0.0001086124333687988	-0.00013326505179105523	0.0032139172453130526	1.097866513039737e-05	6.891868358642964e-05	0.002759192219582556	-0.010078581781857289	-0.009532976411261858	-0.00011716341748391195	0.006059708920208607	-0.002993761282847681	0.00016282011171131223
3.73	-2.3444687977668952e-05	-0.0001576474566933779	0.0032117716259871857	5.7685336947598973e-05	1.391305423947396e-05	0.002760927748211435	-0.014300144344496335	0.004989236469326152	-0.0002060718302770224	0.0025738195919976768	-0.007142799549182506	0.00010821021109178786
3.74	-0.00013590895333668766	-4.8299312685606e-05	0.003211687684191355	5.543252182172487e-05	-5.283307221460945e-05	0.002759925774211963	-0.0064477599767520585	0.015203918838114927	0.00019958250457672132	-0.0029957567477834988	-0.005169190050893776	-0.0002922616758673146
3.75	-0.00013331503626760375	0.00010230289370348636	0.0032135677243730924	6.269917400747063e-06	-7.461720121033955e-05	0.002756865307137198	0.006958597277480297	0.012546607191032934	7.974221792728681e-05	-0.006074526485534461	0.0011846670652688345	-0.00024256753323207794
3.7600000000000002	-1.7214783442323326e-05	0.00016549602198960667	0.003212643173488381	-4.82486747979245e-05	-3.2499736017521346e-05	0.002756142864600449	0.014446895706277019	-0.0008889914501677208	-0.000202824907802873	-0.003960611035229508	0.00654779632607128	4.34252910293214e-05
3.77	0.00011334030945527438	8.79537645842585e-05	0.0032116521106429654	-6.148723867011145e-05	3.7197572075117505e-05	0.0027564565991680967	0.009676566647389202	-0.013415666266333602	2.9454992835815764e-05	0.0015006095573093714	0.006317042039762759	-2.785187576030494e-05
3.7800000000000002	0.00014794933009050447	-6.419494352043981e-05	0.0032124427125225425	-2.2532151842293632e-05	7.527141076168685e-05	0.0027565396282711436	-0.0033265386845255564	-0.014658964552129948	4.1178583845321174e-05	0.005681602965652419	0.0007006420497454475	0.00012358036671805946
3.79	5.670601972486079e-05	-0.00016153146987389483	0.003211841871310606	3.5769366704391796e-05	4.909626326902245e-05	0.002759001117479018	-0.01347856292210316	-0.0033107980401455616	-0.0001521116450615214	0.005042539760277039	-0.005524550020608668	0.00033066053197600045
3.8000000000000003	-8.235059265739134e-05	-0.00012134270703972902	0.003211322141736655	6.347705661282375e-05	-1.8714310758367644e-05	0.0027617096905172963	-0.012217753873237836	0.010721509070540224	0.0001344913959854023	8.779186873767591e-05	-0.0069687832271856575	0.000105054195756114
3.81	-0.0001522016580346674	2.1799053243733213e-05	0.003214110772672524	3.76362369280561e-05	-7.027358612481422e-05	0.0027607311752413984	-0.0006497343774777477	0.01568761407686161	0.00031208727593921354	-0.00487440425575056	-0.002531016226965251	-0.00020792906600096907
3.8200000000000003	-9.261699974129804e-05	0.000146136272708874	0.003215298385677589	-2.0351917773593995e-05	-6.201408564952432e-05	0.0027593018870700294	0.011618101893461952	0.007250755897131811	-0.00012489026752985225	-0.00580590034037194	0.0040816990851753375	-6.253440203425839e-05
3.83	4.59212301212466e-05	0.00014555171983989673	0.0032130166589734526	-6.10723514050527e-05	-5.136468026953444e-07	0.002758583595418118	0.01393777601459714	-0.007330504831307659	-0.0002206918123522587	-0.001707325137357983	0.007237872027341204	-0.00014219343909853258
3.8400000000000003	0.00014548119107982214	2.1128772605629567e-05	0.0032119950944915396	-4.958496878233968e-05	6.131406383357768e-05	0.0027564642020901993	0.004424936166266093	-0.01562734018625548	-1.7421560484915927e-05	0.0038191587602670104	0.004187217824858286	-0.0002403121354403347
3.85	0.00012120205722467852	-0.00012146712423745182	0.003211176895688301	4.435431849060046e-06	7.111608093838107e-05	0.002755581630285808	-0.00893112057101381	-0.01064194722246617	-0.00017995053694291776	0.006125042209710235	-0.002405884846990412	9.42283001361261e-05
3.8600000000000003	-6.711236150415042e-06	-0.00015999030360278876	0.003209210174896295	5.487996297843942e-05	2.0211880197914734e-05	0.0027575343014543175	-0.01463992790997188	0.003503552199588306	-0.00010739066171359569	0.0031882828317173176	-0.006969715871432759	0.0002011904343297177
3.87	-0.0001290917166907475	-6.23474206971448e-05	0.0032105546623937367	5.899851030674991e-05	-4.76744560505685e-05	0.0027584145709663947	-0.007958690440569115	0.014516356145969078	0.00034222934846323444	-0.0024133634741834685	-0.005570885100637447	-5.214240851750254e-05
3.8800000000000003	-0.0001423821059750627	8.860534768182429e-05	0.003213916828111287	1.3164128866621177e-05	-7.515637990300539e-05	0.002757856681760964	0.00554613711103373	0.01326373823857987	0.00019039028713528644	-0.006057353603457494	0.0005287497298357862	2.3663892669627633e-05
3.89	-3.4628694197931304e-05	0.00016361401324830764	0.0032137715794539608	-4.42469878644308e-05	-3.862268284709511e-05	0.002759535154312157	0.01432947469966519	0.0005733404689760298	-0.0001466830101167056	-0.004501082162705503	0.006182437699983765	0.00024342053791910867
3.9000000000000004	0.00010240458058968606	9.904492191650446e-05	0.0032131452333189706	-6.394784669304528e-05	3.0512347706741212e-05	0.002760805182116018	0.010988494375195406	-0.012467449956983694	8.983409107914566e-05	0.0008369478063800558	0.006545165780099017	-6.29739590841118e-05
3.91	0.0001528926325589602	-4.946773403022215e-05	0.003214377357823632	-2.952318302618476e-05	7.341933638496258e-05	0.002759072643449569	-0.0017165367006131461	-0.014934809604307334	3.735868763910024e-05	0.005503030407495896	0.0013550501734845887	-0.00018012200616275074
3.9200000000000004	7.28878587741837e-05	-0.00015527876138189607	0.0032126778563107018	3.0242961962417623e-05	5.369282893727051e-05	0.0027583396000710335	-0.013009465326971198	-0.004607185824462291	-0.0003241496016762982	0.005506126806822273	-0.004992455879668996	3.951124442271196e-05
3.93	-6.899302255328377e-05	-0.00012868968848121735	0.003210061290385249	6.443878985123656e-05	-1.1380100863752905e-05	0.0027584334329958074	-0.013198305243754873	0.009476283518464029	-8.46481582051177e-05	0.0008019834987145875	-0.0070180895185545785	-0.00011614360244329382
3.9400000000000004	-0.00015295861108664642	7.1084009067913466e-06	0.0032114068169755185	4.4167954777639646e-05	-6.643616951655417e-05	0.0027563979986858726	-0.002258345825242372	0.015569591028424378	0.00026071513642701054	-0.00457165084145081	-0.00314433458367409	-0.00022112542108352332
3.95	-0.00010685429013552935	0.00013684648555441266	0.0032127426606304113	-1.4019112198529732e-05	-6.4982406272666e-05	0.002755839357854633	0.010758053083612907	0.008347559304156165	-2.3615650648747875e-05	-0.006152374890508166	0.0034088501256466044	0.00014098324707222546
3.9600000000000004	3.044032635301093e-05	0.00014982444709683984	0.0032122140961159144	-6.0584858554871756e-05	-8.239965920076396e-06	0.0027580207245290794	0.014552490321381837	-0.005914630269066069	-1.53339647567553e-05	-0.002442249291191672	0.007036644935358757	0.00020970377091519246
3.97	0.00014183554506433128	3.57166751701732e-05	0.0032132567059492195	-5.5982212056642984e-05	5.509416629532106e-05	0.002759099242500936	0.00600779480542932	-0.015144272384622565	0.0001725683675848025	0.0033101481410145205	0.004648467927149689	-6.111764289932895e-07
3.98	0.00013266402167486736	-0.0001088862242329825	0.0032139733127462826	-3.95979202011962e-06	7.127519904414058e-05	0.0027594462875203283	-0.007716921249744901	-0.01148807137842619	-0.00010056219290164879	0.00630693850651608	-0.0016584221542438721	0.00011540430184790642
3.99	1.0082966309414234e-05	-0.00016008030285074153	0.0032116968852390483	5.16940562562601e-05	2.6665071709773258e-05	0.002760794904621044	-0.014852803771061043	0.0020087224437546993	-0.00023471732373773018	0.003951933211454208	-0.006532169471293719	0.00010681881961433424
4.0	-0.00012115897474582783	-7.52765504263294e-05	0.0032113259724379697	6.325453373343256e-05	-3.9905083433520365e-05	0.0027597550619127102	-0.009373653907834265	0.013659198662861333	0.00015634892874753553	-0.0018058172257559863	-0.005760330721401006	-0.000302516436688733
4.01	-0.00014976329208122045	7.339442127435269e-05	0.0032128946943343513	2.1022597987967076e-05	-7.192045021672717e-05	0.0027565248376161186	0.004137651360032394	0.01373848792094092	6.707691156280458e-05	-0.006028348857480731	-0.00013301124683711085	-0.00023775048665951616
4.0200000000000005	-5.064331778044733e-05	0.00015907044433495257	0.0032121584325290817	-3.949914137548841e-05	-4.232446955053173e-05	0.0027561372535186497	0.01411963440809302	0.0020550866265857145	-0.0001705073014933446	-0.0051317185347342495	0.005583378062947422	0.00010126147275293868
4.03	9.149993442837445e-05	0.00010901827617383195	0.0032114912392425996	-6.661574792991124e-05	2.32237843174537e-05	0.00275696611273254	0.01210686534463542	-0.011275247005144935	6.903530050545573e-05	0.00012406314098277498	0.006505145126954564	3.3296194530074132e-06
4.04	0.00015622915654191476	-3.365783223320541e-05	0.0032128416373933873	-3.7226600772347335e-05	6.894143130401638e-05	0.0027569784089023306	-0.00022114471823606702	-0.01504711089383673	0.00010260498638298708	0.005301218426459576	0.0018998658476847379	5.457138949077582e-05
4.05	8.760983030515259e-05	-0.00014730088485148996	0.003212478944541358	2.419029481311861e-05	5.580691038766725e-05	0.002758830064148845	-0.012399835336722728	-0.005916575671067821	-0.0001423175305251481	0.006001769836729371	-0.0043200987293135	0.00028922098990152113
4.0600000000000005	-5.550857405500164e-05	-0.0001351981087087931	0.003211344928345147	6.553744665752833e-05	-4.704495925492629e-06	0.0027607858293731457	-0.01401454983562985	0.008104459188756047	4.170736833055326e-05	0.0016096846577724868	-0.0068237432097825994	1.9078570506310575e-05
4.07	-0.00015190216476289802	-8.641021767011381e-06	0.0032134248475826624	5.1751439306897297e-05	-6.085447826606077e-05	0.002759172118130554	-0.0037602196068898326	0.015259751894545641	0.00027119382620411514	-0.004185996894959847	-0.003547572363621846	-0.00023956705797248423
4.08	-0.00011931464325720808	0.00012513219101214468	0.0032144493964020074	-6.329222419435015e-06	-6.522932638186466e-05	0.002757888166614678	0.009774777773435973	0.009372829401861666	-0.00011326064209418993	-0.006514199955263197	0.002772716962668417	-2.6349404252584225e-06
4.09	1.4688387874586783e-05	0.00015156653172990087	0.0032123920413766414	-5.952392840686362e-05	-1.3870924489419166e-05	0.0027583660139419643	0.01494743060312926	-0.004487261121199739	-0.00017780457293040607	-0.0032717435622696875	0.006692498331637576	2.5063175497082436e-05
4.1000000000000005	0.0001365118035170039	4.865993617673332e-05	0.0032119203922652117	-6.227261137140771e-05	4.9128030886523355e-05	0.0027571447092244418	0.007510523157135107	-0.01449024671767389	4.252103801001171e-05	0.002790050208609311	0.004957517858041404	-0.00021985582213140446
4.11	0.00014247223790137965	-9.590736571181755e-05	0.003211868318395928	-1.1766626324484891e-05	7.047080740880694e-05	0.0027560024219603213	-0.006444772985120729	-0.012137738255089991	-0.00014080975304773245	0.006541079928898487	-0.0010302372035918346	5.018333582270889e-05
4.12	2.6837688087463117e-05	-0.0001584157692067209	0.00321007545134264	4.927594755271723e-05	3.171463699103189e-05	0.0027577767659196025	-0.014868297265801689	0.0005802742535907936	-0.00012229900025271427	0.004682452337947539	-0.006107802805485525	0.0002159396092270111
4.13	-0.00011161788651019849	-8.6604271290962e-05	0.00321115860224356	6.837348080177368e-05	-3.384799221904585e-05	0.002758559248637072	-0.010683182870122068	0.0126791456637427	0.0003186248130609937	-0.0011328543878236373	-0.005989323513852843	-6.869771102544718e-05
4.140000000000001	-0.00015547784065160332	5.845612667529314e-05	0.003214031396470366	2.9478363011881823e-05	-7.064263922950356e-05	0.0027579763079680895	0.002625085291133153	0.014068759055046731	0.00016274587968905833	-0.0060461929097668085	-0.0007977711111839402	4.655831616913317e-05
4.15	-6.685031833985546e-05	0.0001534190286448822	0.003213574237956236	-3.485122297609441e-05	-4.731729336858887e-05	0.0027596044166729988	0.013725120066874007	0.003451550401588066	-0.00017749853862193763	-0.005805125193786674	0.005105662123846557	0.00022492751750632277
4.16	7.8819021732139e-05	0.00011788093647694446	0.00321238246401226	-6.929892138045014e-05	1.6208409085647916e-05	0.00276017278832176	0.01318633641380067	-0.010009103446714608	2.9726363624605808e-05	-0.0005849411174592797	0.0065891094132678645	-0.00014993777127948862
4.17	0.00015796085300112211	-1.7761555448646416e-05	0.003213262973509561	-4.471752112215482e-05	6.560810364247076e-05	0.0027577356954575846	0.0013939475430598106	-0.015026707128425753	5.061360780583095e-05	0.00513523597183099	0.002531959517345389	-0.00023366068726104856
4.180000000000001	0.00010211864398773331	-0.0001381558009521629	0.0032119940532679067	1.855170424869539e-05	5.9051712305770466e-05	0.0027569702533302627	-0.011656651044292868	-0.0071593788788451036	-0.0002866219866920948	0.006517843874669561	-0.003751977930609174	8.444421095678448e-05
4.19	-4.066215133262099e-05	-0.00014076566836540406	0.0032097297192681356	6.619379355256412e-05	2.085759709491536e-06	0.002758077481439304	-0.01470142658044039	0.0066553006719834145	-5.4317337410688875e-05	0.002273569481952735	-0.006765010895408664	3.297634595352776e-05
4.2	-0.000149199359380677	-2.4037415895761864e-05	0.0032109469201567365	5.767330873665683e-05	-5.651888717398875e-05	0.0027574568312854195	-0.005322805217081189	0.01489492088328178	0.00021106333382340774	-0.0038512869786613843	-0.004050549806967821	-0.00010754653793195684
4.21	-0.00013074553152901336	0.00011330321479484216	0.0032123331235755174	3.731286635147987e-07	-6.709585012922026e-05	0.002757602736011806	0.00871416068473522	0.010414240450651749	5.717023351513162e-07	-0.00676113873368631	0.0021098109979320115	0.00016711873209483718
4.220000000000001	-7.591469700302805e-07	0.00015376754698354818	0.0032116667585140113	-5.740575651618189e-05	-2.0521310467743503e-05	0.002759689293002374	0.015258940781544668	-0.0029117482472362922	-3.668003045637699e-05	-0.0038943257919735017	0.006476422172597585	0.00014450738062919512
4.23	0.00013049805399178535	6.371022508406656e-05	0.00321308555472917	-6.641704497012911e-05	4.3079386486248175e-05	0.002759338278883306	0.008920211179697235	-0.013708986041438182	0.0002553802790941678	0.002221985318688465	0.005277874958562194	-0.0001522620410059195
4.24	0.00015074662685009426	-8.047024573904098e-05	0.0032148598045010418	-1.892530073267393e-05	6.95261462676116e-05	0.002758075785306305	-0.005189846380577203	-0.012851813998457565	-8.125319253528073e-06	0.006545341828582848	-0.00041402748883706363	-2.244391969488916e-05
4.25	4.220916203717641e-05	-0.0001558188336306442	0.003213022306994867	4.514813736813945e-05	3.61887866943981e-05	0.0027588425797133247	-0.014815373613850144	-0.001051758345205028	-0.0002707410736637781	0.005275306118555707	-0.005710386716854014	9.702392329271028e-05
4.26	-0.00010251529101459707	-9.864030355515596e-05	0.0032118661898553062	7.100276824849171e-05	-2.78932207591344e-05	0.0027584661867691433	-0.011894129461533962	0.011603728274830402	4.244211332766139e-05	-0.00046152742713995843	-0.0061121345630397	-0.00018761828377612295
4.2700000000000005	-0.00016054795460158336	4.250538759081839e-05	0.0032124045218606136	3.703696154456821e-05	-6.836617715893668e-05	0.002756694773475103	0.0012021591428446673	0.014409615544383091	-3.686104809054687e-05	-0.005847699388787021	-0.0013476910186226787	-6.204759391420202e-05
4.28	-8.171760987072094e-05	0.00014687181510440546	0.003210834496220499	-2.8865951087518894e-05	-5.080935531991898e-05	0.0027577356166882993	0.013292818083111044	0.004859007211540676	-0.00023053291333640868	-0.006254571686109557	0.004596775688573292	0.00022418612299370566
4.29	6.636002145030159e-05	0.00012637637645125763	0.0032101394280726696	-6.978777551183232e-05	9.775428448547335e-06	0.0027590958192523648	0.014071303612550943	-0.00862743015025235	0.00013221592389770423	-0.001328278672059683	0.006553623408817533	-2.2085812863072957e-05
4.3	0.00015893107516159558	-9.89765955144772e-07	0.003212761491198025	-5.154463454165317e-05	6.165839368240257e-05	0.0027580117585963466	0.002975476426152132	-0.014882199005395	0.00026590329826188124	0.00471137038571762	0.0030207383404885764	-9.81944981903267e-05
4.3100000000000005	0.00011648417427882216	-0.00012743091921757252	0.0032134744996877764	1.0970154273862387e-05	6.128986176884761e-05	0.0027582033635314284	-0.010798643077175703	-0.008416105852351556	-0.00011552311982276156	0.00683947706180762	-0.0030848078928058385	0.00012219824366406634
4.32	-2.519654391448912e-05	-0.0001452019588225783	0.0032120738026971897	6.457944406802223e-05	9.33175520061392e-06	0.0027591224728435847	-0.015328183678782718	0.005140656113911142	-6.186524541603953e-05	0.0030577008456291075	-0.0064980610402173775	-2.1913239230617214e-05
4.33	-0.00014587378511554233	-3.9596346817884455e-05	0.003212735846820095	6.30852078609441e-05	-4.994142117199146e-05	0.002757781868894202	-0.006917853307516499	0.014357249348874878	0.0001061771487862085	-0.0033402269843999604	-0.004456558144274443	-0.0001619667592702549
4.34	-0.00014247767853674373	9.957388964231657e-05	0.003212778110245601	7.403007214166455e-06	-6.658174530732159e-05	0.002757592381361016	0.007526709997874503	0.011296812164078787	-0.00015936629600781703	-0.006927862008493922	0.0013842698994563135	0.0001518006649334301
4.3500000000000005	-1.7491563968157147e-05	0.00015337093860653142	0.00321090135430428	-5.489389331986444e-05	-2.6491048151593008e-05	0.002759478817726406	0.01549844528974642	-0.0013412727364541517	-0.00010416951564390896	-0.004553306718561366	0.005986359502682573	0.0001210186836149012
4.36	0.0001226491129626012	7.698790209215134e-05	0.0032121484331006536	-7.057118285486684e-05	3.5464601520085204e-05	0.0027589214157868005	0.010370005689403787	-0.012773835509371528	0.0002981920908824375	0.001663313553890417	0.005468473715033661	-0.00020455122676093913
4.37	0.0001591035560267827	-6.502217940776385e-05	0.003214294812432141	-2.6226973669018258e-05	6.703199516161846e-05	0.0027574659733623345	-0.003688770672895697	-0.013384153396530051	2.5058293475193365e-05	0.006516815199796265	0.0003359964249531909	-1.1310817311646401e-05
4.38	5.9534804661272376e-05	-0.0001509851560182801	0.003212633666329425	4.081168167648916e-05	4.106779008411784e-05	0.00275832339727997	-0.014633468704245357	-0.0025045096380968196	-0.0002420731187333137	0.005836078347428563	-0.005110332331060021	0.00012490340018361427
4.390000000000001	-9.087644876031901e-05	-0.00010842640484005584	0.0032115584126159594	7.31758320141507e-05	-1.987909583891832e-05	0.0027583268214248107	-0.013152322967812125	0.010358504837420379	5.413218474028709e-05	0.00015535390977595423	-0.006123073840454599	-0.00012567318376751496
4.4	-0.0001648226928195362	2.6271107195962108e-05	0.003212424989947004	4.337339035065433e-05	-6.37106609924983e-05	0.002757065003699098	-0.0004489988210766552	0.014473392380822738	1.528629666335073e-05	-0.0056509439201772775	-0.001960317031076388	-4.6711343454072725e-05
4.41	-9.826946504543248e-05	0.00013815808928589111	0.0032112431944967034	-2.356951531412758e-05	-5.333818770665767e-05	0.002758148633147761	0.012704984250546671	0.006159887628980289	-0.0001893676211690377	-0.006659125973474704	0.0038878682521035117	0.0002202765468691215
4.42	5.204240106182702e-05	0.00013239517650428763	0.003210416027576957	-7.030509156588688e-05	2.1234217257734688e-06	0.0027593403939442742	0.015046217980017785	-0.007206064292730148	0.0001002122314009581	-0.001970466013246526	0.0063406247204862	-4.2407680681672786e-05
4.430000000000001	0.0001590140818887135	1.4572494363679795e-05	0.003212694293626127	-5.7241412758405156e-05	5.5399616991705776e-05	0.002757866717822561	0.004625167424383721	-0.014538742112630008	0.0002193753882850549	0.004396282718854421	0.0034960415894710064	-0.0001500026061013004
4.44	0.00013043998710822612	-0.00011563994022126366	0.0032132239887420065	4.887241102786087e-06	6.148366653314151e-05	0.0027578222911525583	-0.009888918148695344	-0.00944929556875128	-0.0001222446261075519	0.007041601841035602	-0.0023754101127994227	0.00014446335018775437
4.45	-9.565750951199796e-06	-0.00014712931351840616	0.0032119490018174216	6.286160441392616e-05	1.5235425650217022e-05	0.0027590978069931033	-0.01593504329567906	0.00362199076458442	-2.2760785518373416e-05	0.0036767570837301974	-0.006134356905437659	1.870509962563496e-05
4.46	-0.000141973349505497	-5.3727644604502855e-05	0.003213094288268944	6.765129577062608e-05	-4.355784973983975e-05	0.002757942543915069	-0.008443760961869285	0.01362576828594287	0.00017172883868669684	-0.0028138819373799222	-0.004716917991439152	-0.00014555578935513983
4.470000000000001	-0.0001532525724490632	8.544758629516561e-05	0.0032131998977117794	1.4526225892340206e-05	-6.525500978291695e-05	0.0027577556759737737	0.0063416414082192625	0.012000081110293907	-0.00019070707169451608	-0.006990612247407462	0.0007432234712580585	0.0001282708679884165
4.48	-3.39733878897565e-05	0.00015131957195052662	0.0032104579825077274	-5.137997036245442e-05	-3.1084488769881985e-05	0.002759654780322241	0.01563757458348834	0.00018569597362864428	-0.00021965939193344266	-0.005174001401142655	0.005525835366960516	0.00012844151285056808
4.49	0.0001141301326169743	8.879201801242112e-05	0.0032107281758935913	-7.371037542815468e-05	2.8971557397742164e-05	0.0027589668116288187	0.011709013540603936	-0.011735201430803678	0.00022589583363157023	0.0010486880617307716	0.005561109637372638	-0.00021113667198149406
4.5	0.00016550574475739834	-4.941062723994162e-05	0.0032125220471117665	-3.336739880962092e-05	6.408772856648977e-05	0.0027573254248324003	-0.0022364068843327293	-0.013725087468020999	4.255476485185523e-05	0.006392235635251739	0.0009378011020692789	-5.693579739475493e-05
4.51	7.5677368036242e-05	-0.0001452389678326522	0.0032120096979755893	3.556771356240866e-05	4.4569880679064186e-05	0.0027581994239666598	-0.014297725430587925	-0.00398010439622442	-8.213750623730806e-05	0.0062835462190661655	-0.004518818388834689	0.0001302808991378509
4.5200000000000005	-7.856737670461394e-05	-0.00011752686693701691	0.003212386942010352	7.410565597826485e-05	-1.2809621765866687e-05	0.0027582525615338607	-0.014160091301482962	0.00908067482251138	0.0001733923569867981	0.0008427347556224595	-0.006092363715002462	-0.0001369007433121344
4.53	-0.00016600224748907703	1.0209451448154004e-05	0.003213743763935485	5.003714972031514e-05	-5.92238269897716e-05	0.002757148718841726	-0.0019392749960069915	0.014453504297090192	8.594509412634613e-06	-0.005332080821494653	-0.0024711298397535604	5.41914206555624e-06
4.54	-0.0001116712490387857	0.00012894288941270746	0.003211783021337429	-1.7141518349665905e-05	-5.5197677132332546e-05	0.0027589838268274524	0.011920705684457513	0.007431780559319521	-0.00031604945018283534	-0.00703889614734027	0.0032395573321539507	0.0002695222904486356
4.55	3.771326822117175e-05	0.00013779705353800852	0.003210129461671025	-6.97678302054835e-05	-4.254459660362424e-06	0.0027605351309736895	0.01566092333686532	-0.005776286856143879	5.2190776453154566e-05	-0.002680609293954509	0.0061640626850733415	-5.4346864375169786e-05
4.5600000000000005	0.00015591249919239385	2.990296449979313e-05	0.003212247887088516	-6.322056281012927e-05	4.9891742242890754e-05	0.002758658497458481	0.006082934137634032	-0.014136048380097804	0.0002390495298501193	0.0039026732206017727	0.003867901035845325	-0.00023259402074498047
4.57	0.000141231585308267	-0.00010322290679278432	0.003213220203361733	-2.6926009856946165e-06	6.159100456113221e-05	0.0027578289248493095	-0.00877349911333871	-0.01041711179326398	-6.823427711120445e-05	0.007246528034875817	-0.0017189149068202556	7.873304595671563e-05
4.58	6.348877284612471e-06	-0.0001482203999704876	0.00321231148656917	6.022068791927961e-05	2.0685124442472453e-05	0.0027584329061370472	-0.016094944009090985	0.002078176665629169	-3.950364065733885e-05	0.004349941117900785	-0.005793878833902399	-3.676715623252611e-05
4.59	-0.00013409517028783793	-6.772011278721308e-05	0.003213208680834816	7.176162775779795e-05	-3.727934624626935e-05	0.00275701604689515	-0.009802622895904762	0.012801852774552668	0.00012008618516944065	-0.002218388171618492	-0.004926407084456687	-0.0001606416016623754
4.6000000000000005	-0.0001604446785880743	7.022292928241417e-05	0.0032128737718070278	2.190100316715584e-05	-6.347178255803748e-05	0.0027568513678451804	0.0049661242604069	0.012619051063821319	-0.000229226080446794	-0.006964798600488475	0.00011344983283783436	0.00015387896855711765
4.61	-4.981548533023562e-05	0.00014782453947423692	0.003210240175588972	-4.6695563577794885e-05	-3.550679996119677e-05	0.002759251816650193	0.01539779955163003	0.0017198906955304522	-0.0001734409253498945	-0.005675629815584117	0.005031537225149613	0.00020322363349894193
4.62	0.00010309790347742779	0.00010010839432791537	0.003210991676185865	-7.516095556465734e-05	2.2341834558684778e-05	0.002759362635119297	0.01280679972140492	-0.01053234713037319	0.0002823785223126633	0.00039880796228085303	0.005636421981875559	-0.00015595851035515214
4.63	0.00016868510919877517	-3.258053055662869e-05	0.0032134249305701824	-3.971396641172146e-05	6.105585897950476e-05	0.002757899850564769	-0.000743691401156886	-0.013907273715056763	0.0001208696389416914	0.006153089378230589	0.0015032302474805744	-4.685366159909401e-05
4.640000000000001	9.027003416626213e-05	-0.0001371129698328826	0.0032131107524772605	2.980401277095532e-05	4.795052407491824e-05	0.0027583602157341854	-0.013691963693986415	-0.005384040162791138	-9.859382947595087e-05	0.006656811844652965	-0.003929655363683469	6.814837531292908e-05
4.65	-6.496954749961675e-05	-0.00012500313235136137	0.0032130243395087628	7.394829874820058e-05	-6.056276431514919e-06	0.0027578886717834093	-0.014970892527854265	0.007607618987472048	9.725127902705513e-05	0.0014525390352002746	-0.00601927010084481	-0.00018836964852728846
4.66	-0.00016519243139951663	-6.766801132746633e-06	0.0032136292326591562	5.4759070093987427e-05	-5.4868670707980546e-05	0.0027561858767681012	-0.003480753840338419	0.01421583812229819	-7.901770644636483e-05	-0.005005868200486976	-0.002985500178196649	-7.17918415451271e-05
4.67	-0.00012387586784314784	0.00011692391970603463	0.0032111269432107026	-1.169004196317275e-05	-5.679008568250704e-05	0.002757433743216288	0.011062241816606632	0.008575392321587811	-0.0003268264355799326	-0.007210406087274599	0.0026307886735481277	0.00024038185806986878
4.680000000000001	2.3139006130655005e-05	0.00014089176331104897	0.003209589489101881	-6.823254420518212e-05	-1.0330600261235145e-05	0.0027588800573271344	0.01606233196866825	-0.004133644420538271	9.174872124244038e-05	-0.003213957715425156	0.005913758860666758	-1.1192834585228308e-05
4.69	0.0001508917059296971	4.5819685818104004e-05	0.0032125126081535083	-6.681555433316306e-05	4.451247184519961e-05	0.002757600699954659	0.007468918098583197	-0.013406114722660088	0.00035590283232745697	0.0034950117218052724	0.00420195148806311	-0.00013808334790921763
4.7	0.00014997121818161133	-8.816626649181058e-05	0.003213961025628153	-8.323304853016354e-06	6.12968559481459e-05	0.0027577907321239842	-0.007633178333200357	-0.011284328479061445	-7.705144321694384e-05	0.007294912571635532	-0.00110208169428874	0.00018835833892077267
4.71	2.113589028258096e-05	-0.00014708710946627012	0.003212502798986584	5.7416166173418735e-05	2.5946147319175483e-05	0.0027597879084030955	-0.016145970846534272	0.00038640109535000364	-8.819783125738505e-05	0.004822787214709987	-0.0054053740753531795	0.00010163003307644352
4.720000000000001	-0.00012584816391521215	-8.124118965602995e-05	0.003212996237040578	7.436794033684493e-05	-3.1144326036781285e-05	0.0027588330332126644	-0.010965138245425892	0.01178438066071766	0.00012457995107959883	-0.0017209161951294762	-0.005109550439401256	-0.000248639651526087
4.73	-0.00016581892780365	5.37757413356439e-05	0.0032129693693786704	2.7847837264781733e-05	-6.165023831606542e-05	0.0027574119491155626	0.0035787012906105544	0.013112332098123817	-0.0001933955108271835	-0.0068749956115763625	-0.00047326880453949535	1.7868810864278567e-05
4.74	-6.50229079601902e-05	0.00014273636248207455	0.003210481392803045	-4.2794122245839906e-05	-3.9494913759457854e-05	0.0027582651574894054	0.01497748658545234	0.0033068499448348455	-0.00018408006569282405	-0.006111588144911643	0.004570748728649828	5.637554773325351e-05
4.75	9.055209630090603e-05	0.0001104755654182588	0.0032108847584625074	-7.688512282358566e-05	1.6147834052566436e-05	0.0027573038973643916	0.013746728616635532	-0.009275900715634312	0.0002346142496361726	-0.0001808054002693174	0.005713125838693871	-0.0002034432548125933
4.76	0.00016948780080600355	-1.6052766845004636e-05	0.003213123863741832	-4.557402693283493e-05	5.8121392546204365e-05	0.002755960184349168	0.0007977829667986627	-0.014051452949235148	0.00011430322134992192	0.005970360633142893	0.002003440841470549	3.477580312125298e-05
4.7700000000000005	0.00010382128073311227	-0.00012881971371720943	0.0032125015512154626	2.5032866965343344e-05	5.03249459301083e-05	0.0027580260494855747	-0.012864830796231543	-0.006741886617349269	-0.0001614237243420331	0.007028504765993781	-0.00344996005141122	0.00028119083930220197
4.78	-5.001747363536577e-05	-0.0001317140306154757	0.003212023555395191	7.411177853232626e-05	-4.679481083765427e-07	0.0027595552278437004	-0.01556432523072019	0.006203357737282358	0.00011470629510695893	0.0020373318016029636	-0.005904124514464633	-2.7442004858062075e-05
4.79	-0.00016201248186886375	-2.280758246564214e-05	0.003213518752736025	6.00833535111374e-05	-5.0476057329959494e-05	0.0027586380193364546	-0.0050450620095939406	0.013894919032371679	8.456044706931846e-05	-0.0046573821870163805	-0.003343372662823372	-7.750911672950926e-05
4.8	-0.00013576256037544455	0.0001054263379703521	0.0032124736386401577	-5.462592707312946e-06	-5.748339870242817e-05	0.002759257809985931	0.009884039432173603	0.009754290086205477	-0.00021358447603811372	-0.007419891730039641	0.002048207434113437	0.00013574957665442102
4.8100000000000005	6.428351231591577e-06	0.00014365425324065173	0.003211352267065211	-6.618703804237713e-05	-1.5704201778923008e-05	0.002759474458682727	0.016359687634443888	-0.0026764847187317046	7.886926480701387e-05	-0.0037805095661523334	0.005659132664947631	-0.00015576255202661077
4.82	0.0001437675314580336	5.953357039285714e-05	0.0032135046234781604	-7.044918413823448e-05	3.9029842574545516e-05	0.0027567656344689956	0.008948336025900819	-0.012872600656747125	0.00020640271264445924	0.003028186693810946	0.004448787477278969	-0.00026225637104325606
4.83	0.0001585457024225029	-7.550103180679058e-05	0.0032134963071272925	-1.4229079285699341e-05	6.0447249839680634e-05	0.0027559589531138593	-0.006224309592692524	-0.0120192036886288	-0.00021683317732976016	0.007341060788636157	-0.0005126701870149712	9.106101370769993e-05
4.84	3.8047442405764593e-05	-0.00014581818959551657	0.0032108358764833247	5.46269539211889e-05	3.0257726647818717e-05	0.0027575914104060405	-0.016008415697197943	-0.0009950837415494485	-0.00017015481988441497	0.005330564638804831	-0.005030809012982761	0.00012647236029689462
4.8500000000000005	-0.00011515856615044361	-9.233063573787436e-05	0.0032110785981121714	7.689974592754233e-05	-2.5369594312655187e-05	0.0027575450622118526	-0.01223327355510509	0.010868110149631321	0.00014187702431192872	-0.001200246600591321	-0.005277861349134302	-3.9375880668765135e-05
4.86	-0.00017032425797151583	3.983842920257664e-05	0.0032119161326443755	3.381465983901722e-05	-5.958002679896773e-05	0.0027582735856870482	0.002067033273446971	0.013489137390358912	-1.683319495401019e-05	-0.006769097781444586	-0.0010643210948669442	0.00023257895834939807
4.87	-8.010606456553587e-05	0.00013762844590928402	0.0032112960117556214	-3.833940143725555e-05	-4.326682385106675e-05	0.0027609043635605382	0.014545298052727177	0.004581330395824849	5.561482998114904e-06	-0.006527065678956792	0.004056597962984893	0.00019573445693341464
4.88	7.80922052878512e-05	0.00011845396934389492	0.0032133157471727126	-7.798094531755581e-05	9.431935542409416e-06	0.0027606239371083773	0.014669546868447025	-0.008135697775091235	0.0003446968522539722	-0.0007600749009694905	0.005682073888831572	-0.00021171183543481183
4.890000000000001	0.00017033413757060493	-1.4689978644727957e-06	0.0032159800328371304	-5.111125926944486e-05	5.408381239343587e-05	0.002758352154138297	0.002282643313960033	-0.013966324449788868	6.642163184990617e-05	0.005738199528882848	0.0025612871755811965	-0.00014492674426849493
4.9	0.00011695414476917747	-0.00011963875991014034	0.003214100069545985	1.998532910958924e-05	5.309312165826651e-05	0.0027582297008206147	-0.012103717766809699	-0.007827841946052617	-0.0003407668249704978	0.0073434008707148725	-0.0027561262337537293	5.3407239698469805e-05
4.91	-3.6240080142822715e-05	-0.00013585054937059312	0.0032115741601127417	7.406479134199123e-05	6.944990119558745e-06	0.0027578927769357636	-0.016179003225197948	0.004799046236553339	-8.234445942072238e-05	0.0026531504086438154	-0.005736578851743944	-0.00016976432260213016
4.92	-0.0001594048916099609	-3.7192636379916515e-05	0.003211455681776127	6.516428422715229e-05	-4.499431774451653e-05	0.002755917235586117	-0.006497801689859952	0.013415266888218973	-2.9698018932062297e-05	-0.004295048095214771	-0.003855394977167023	-0.00013150207889533498
4.930000000000001	-0.0001465763539374754	9.303169499498933e-05	0.0032098232373134953	4.641833651663258e-07	-5.8648106389876765e-05	0.002756860735178701	0.008870928335473234	0.010571112614935929	-0.0002485793658037333	-0.007590309501039499	0.0013462223292491653	0.00028045817045851333
4.94	-8.569422733523454e-06	0.00014380272436790903	0.003208828549525403	-6.414515892378162e-05	-2.23775465938603e-05	0.002759236472049882	0.016593216435629207	-0.001174445894954843	0.0001479736790728639	-0.004339848746028882	0.005334363455655418	8.45762939972489e-05
4.95	0.000136949192667418	7.280373089668448e-05	0.0032123323457262367	-7.410986836199111e-05	3.2388085060578795e-05	0.002758532369714833	0.010224138656371312	-0.011949383114674679	0.00041382772084114504	0.002521919414021136	0.004812258074940365	-0.00010263938156725799
4.96	0.0001654800200776132	-6.024545965281798e-05	0.003214605594872183	-2.0829320762427317e-05	5.9865226822920225e-05	0.0027585280702724802	-0.004953865841260075	-0.012564635633516582	1.4412686582973713e-05	0.007292213987929403	0.00024482793445373627	0.0001421422374828468
4.970000000000001	5.277299037892901e-05	-0.00014182528725687895	0.003213535885581348	5.017990767657104e-05	3.6516811117070496e-05	0.0027599077568559944	-0.015813172648688468	-0.0025190666890719106	-0.00010343187194509536	0.005791351839604264	-0.004541269695512306	4.326844717202969e-05
4.98	-0.0001049259122131897	-0.00010334763550508424	0.0032134493540681083	7.830765691228198e-05	-1.756902353350319e-05	0.0027587024909816456	-0.013310276404436343	0.00962017006192632	3.312227962395154e-05	-0.0006135167374857487	-0.00545638424323985	-0.0001999308968664176
4.99	-0.00017359688293082444	2.2809236670116628e-05	0.0032124128565896716	3.9826220141158294e-05	-5.670739122023432e-05	0.0027577027392645622	0.000653011409604201	0.01361691487546341	-0.0002684489895819854	-0.0065148644808180325	-0.00175652077081211	6.064357037309077e-05
5.0	-9.405625359398841e-05	0.0001290669995553223	0.0032093449478954703	-3.289540043766337e-05	-4.762982912386292e-05	0.0027591329664383817	0.014002922537705565	0.006019089464221888	-0.0002438565434628764	-0.006887280164789221	0.003434687143409106	8.969319143712975e-05
5.010000000000001	6.567547772879288e-05	0.0001259938005770318	0.0032098369769927903	-7.760269437493733e-05	1.4870172250094546e-06	0.0027582735372453414	0.015482707366228829	-0.0065836145039632355	0.00030279609358340907	-0.0013912502665641418	0.005648695310085603	-0.00022762776371279835
5.0200000000000005	0.00017002283515765284	1.594389029115221e-05	0.0032128317546075468	-5.655316956431269e-05	4.9244193630559196e-05	0.002756337762243954	0.003690669435791769	-0.013705317543930739	0.00016354413536680582	0.005306767611328871	0.003170040451304481	-6.382679117302955e-05
5.03	0.00012869614192670943	-0.0001075380758605743	0.0032126376324972702	1.322808302152777e-05	5.54362920938029e-05	0.0027575323436314597	-0.011288022853940932	-0.009055885029527025	-0.00012493909088652968	0.007533862098830611	-0.0020324965621398307	0.00024502640220524374
5.04	-2.259267523618543e-05	-0.00013926203674489187	0.0032125724665492176	7.164711688857441e-05	1.4626513336950425e-05	0.0027590840468361016	-0.016612406078974493	0.0032067361145338676	0.00013136777705289319	0.0032432024019277096	-0.005497015532863078	2.7030938752315243e-05
5.05	-0.00015497317518400062	-5.2713535531156165e-05	0.003213945048127766	6.878910803296903e-05	-3.839126206559137e-05	0.002758791249891379	-0.007795139601472988	0.012789529623918596	5.803757515650073e-05	-0.0037661082116631464	-0.004319133060597474	7.6992574594425e-06
5.0600000000000005	-0.00015514935545527138	7.870430062440913e-05	0.0032126744048020543	7.254440806888834e-06	-5.889059906286657e-05	0.0027602518469295985	0.007732486316177778	0.01144301837024893	-0.0002862156308697421	-0.007580207063849773	0.0005281620035520584	0.0002320907196394946
5.07	-2.3379539522785637e-05	0.0001429294164088969	0.00321051814051061	-6.037030342129466e-05	-2.9457435788690557e-05	0.0027611194059347995	0.01659136875037628	0.00045111176975210486	-4.469317703876108e-05	-0.004909532424745649	0.004894615734605125	-0.00014416492718536864
5.08	0.000128525018509362	8.622166443725364e-05	0.0032119296568639687	-7.67475340486033e-05	2.434191738730954e-05	0.0027577615514796476	0.011421541583358383	-0.010910952687966685	0.0002170555126006367	0.0018984903907272178	0.005078388590253426	-0.0003934521634077389
5.09	0.00017100116205578838	-4.344597467197598e-05	0.0032122114470906197	-2.7652817626185648e-05	5.754852594657809e-05	0.002755516728914534	-0.0036007285004837704	-0.013005170877489813	-0.00017480473600972685	0.0071593313640981975	0.0010447223547510333	-1.2256325617382642e-05
5.1000000000000005	6.734777932456669e-05	-0.0001355649335006393	0.0032103364888359364	4.5315538405312584e-05	4.187644129968103e-05	0.0027563572505282536	-0.01550833661456408	-0.004042053413146659	-6.61806944021941e-05	0.006286205632709814	-0.0039210331794627415	5.865636526803271e-05
5.11	-9.38987520632324e-05	-0.00011267258203421174	0.0032117443903832443	7.99819968694783e-05	-8.953847363172404e-06	0.0027562586844553727	-0.014253166192860402	0.008288501326066698	0.00027588893069591846	0.00010447100804466926	-0.0054648328309731715	-2.199737134892317e-05
5.12	-0.0001753323965785369	5.826292833046424e-06	0.0032133351356089233	4.653187895264843e-05	-5.206510396188836e-05	0.002757551847788262	-0.0007415705117527383	0.013574613395229904	-4.043870365186523e-05	-0.006299260581284207	-0.002466005292822007	0.00031683830586942864
5.13	-0.00010696402888606065	0.00011918227631959397	0.003211861799888169	-2.7185592286921007e-05	-5.1005571892187805e-05	0.0027612031374909677	0.013325702603990252	0.007356546426724201	-0.0001540202763747588	-0.00728433200030856	0.002661658128639062	0.000324928034142295
5.140000000000001	5.238033380065023e-05	0.00013200352839064082	0.0032122077869221693	-7.769994074614523e-05	-6.941572662564259e-06	0.0027619018302357497	0.016099821070136328	-0.005013101841030411	0.0002012090157611461	-0.0020470844100829366	0.005469315451972337	-0.00017962386943604197
5.15	0.0001676671483517305	3.295670273938047e-05	0.0032137189756587495	-6.197105942983933e-05	4.2842437978019494e-05	0.0027595313426312055	0.005114407571017331	-0.013248164382624078	8.853250437867607e-06	0.004940715224167701	0.003710539255520201	-0.00020153188134550465
5.16	0.00013934250077004857	-9.393228467500404e-05	0.003212170221118857	6.599326152701869e-06	5.625907183374859e-05	0.0027584877560069775	-0.010273419392612098	-0.0101330001788877	-0.00023007146795726881	0.007702987425920268	-0.0012297786062563899	-5.1931961914963245e-05
5.17	-7.643893765575727e-06	-0.00014093747442102576	0.0032111947408627684	6.935043821781261e-05	2.194144587894222e-05	0.0027571775050428487	-0.016844283268825422	0.0014620538505683025	8.608917197591832e-05	0.0038945632886492145	-0.0051143030548644825	-0.0002372315897102769
5.180000000000001	-0.0001483816392106126	-6.853204053155585e-05	0.003212572181908709	7.32305309544281e-05	-3.1075058507260915e-05	0.0027549963923705636	-0.009098628587280016	0.01190456343649341	8.566837261265557e-05	-0.0032121981364063275	-0.004665867233592247	-8.122739136774206e-05
5.19	-0.00016239599333683541	6.195174596619171e-05	0.0032117145305464332	1.4267409155019092e-05	-5.7591951608549485e-05	0.0027563456515422922	0.006521119326855155	0.01214912289121038	-0.00022524955915715714	-0.007650768094015442	-0.0002200786135988153	0.0003269701222742344
5.2	-3.777074158863695e-05	0.0001393388268203244	0.0032102291092886517	-5.687813181391162e-05	-3.5029460763226394e-05	0.002759256064494434	0.01649255033986908	0.0021727714429314753	7.359819875773839e-05	-0.0054581924351679275	0.004356057128323221	0.0001395004893014032
5.21	0.00011955885151891507	9.909282761101994e-05	0.003212802015544641	-7.939152846544225e-05	1.6826268121676917e-05	0.0027593382336429085	0.012494731107733137	-0.00963878846416724	0.00031801259014585466	0.0013046771591125165	0.00522154976684252	-4.0274807281416134e-05
5.220000000000001	0.0001751633333289131	-2.5428278967531324e-05	0.0032145755427909896	-3.428930880969252e-05	5.4600116819528754e-05	0.0027600032070697034	-0.0022701136046553516	-0.013289468280122042	-2.481063609881801e-05	0.007016261595841181	0.0017303396280451077	0.00016697479172688245
5.23	8.133539413997632e-05	-0.00012787353399830404	0.003213609702249574	4.01473776015696e-05	4.611623639413241e-05	0.0027612879321133646	-0.015020723206261619	-0.00562445087163537	-6.745642724409636e-05	0.006724422208211329	-0.003280016513804791	-1.1828191746918525e-05
5.24	-8.17392812447031e-05	-0.00012168489977654317	0.0032140467867616935	8.04267339086576e-05	-1.0673897644642967e-06	0.002758913704394879	-0.015075475492410104	0.006769443614700758	8.374307274286788e-05	0.0007029198465190802	-0.00545015003531959	-0.00038535457909027706
5.25	-0.00017543288747635973	-1.1837817932229808e-05	0.0032132008894870836	5.192828727164844e-05	-4.734989392561528e-05	0.002756103129549585	-0.0021702897027770338	0.013470534656424298	-0.00028564488804986226	-0.005984162064893517	-0.00306399059113127	-8.767353788738127e-05
5.260000000000001	-0.00011904643079377112	0.00010811566219254623	0.003209500989941077	-2.156572953443413e-05	-5.324814130179318e-05	0.0027568344937852784	0.012557432497218237	0.008668475089528227	-0.0003236695257796663	-0.0075332290245165474	0.0019573258128373094	0.00011099481547065558
5.2700000000000005	3.8767310202153396e-05	0.00013648373217146662	0.003209029289311081	-7.643566822867917e-05	-1.4126338277581146e-05	0.0027570018588587595	0.016580036872339537	-0.003410894738382303	0.0002352956697296963	-0.0026113864310505	0.005271664323812608	-8.534521191656422e-05
5.28	0.00016384310624962273	4.9170659913768086e-05	0.0032119921901100665	-6.625701523150396e-05	3.68775498470068e-05	0.00275675649676498	0.006436465921710648	-0.01269339424043263	0.00023655857607757333	0.004493201212316583	0.004137869997499846	0.00014496157858443217
5.29	0.00014864651198674488	-8.003856055341808e-05	0.003212967799312308	6.054101815637696e-07	5.6457079858740556e-05	0.0027597378320037566	-0.009232592613628425	-0.011104464859569306	3.630943518790343e-06	0.007796173277987711	-0.0005357085066994299	0.00035493326430549767
5.3	6.8534584534304245e-06	-0.0001408039121322635	0.0032137140682361185	6.685697629718425e-05	2.813602338882061e-05	0.002761794789637844	-0.01692459298507603	-0.00015482157401505367	0.00017486255758069661	0.004419002388480652	-0.004684933962887442	-2.0092504528872528e-05
5.3100000000000005	-0.00014069446930154515	-8.219746732609614e-05	0.0032154992290381952	7.615132025839422e-05	-2.388920030673293e-05	0.002760207141321079	-0.010291694147220738	0.010980974231198011	3.062666411952062e-05	-0.0027137937725175867	-0.0049221612260697154	-0.00020574745997062693
5.32	-0.00016826991436654748	4.626160959721467e-05	0.0032133871986917526	2.024040911512363e-05	-5.557039260376283e-05	0.002759266480072017	0.005182981810746171	0.012693348134836586	-0.00042150858562330545	-0.007601076377090241	-0.0009249583544349951	8.581601479273527e-06
5.33	-5.2590921245406474e-05	0.00013500003866105654	0.0032097935891214195	-5.300116763976818e-05	-3.988132251582059e-05	0.002758776418799091	0.0161641742003078	0.0037038285610297354	-0.00016950420148042282	-0.005916418934575064	0.0037984742522062086	-0.00017539346341747725
5.34	0.00010812565008022481	0.0001094123458762547	0.0032101683667710755	-8.080558795023675e-05	9.350111678902e-06	0.0027559001467286812	0.013473634281702083	-0.008456404908272317	0.0001556478820171957	0.0007803017269427949	0.00528258832323461	-0.00028181413138738114
5.3500000000000005	0.00017686746249141248	-9.29716957248051e-06	0.003211045597159948	-3.949667099516381e-05	5.075460931765149e-05	0.002755025737104502	-0.0008129934497138348	-0.013435716064254616	-2.7360105288095878e-05	0.006821593323735786	0.00232271434470217	0.0001588940763873794
5.36	9.453067167175845e-05	-0.00011949526108787993	0.003210686515582912	3.551424886366422e-05	4.881985356006282e-05	0.0027578125902534135	-0.014325322932409262	-0.0069417485837437	8.353811266114846e-05	0.007029804868270896	-0.002641070598593764	0.00024626672382891643
5.37	-6.803515670523346e-05	-0.0001283236484710879	0.003213466153348313	8.037173797073469e-05	5.909195209858247e-06	0.002758651776834915	-0.015683163063669608	0.005322489690450864	0.0003715872142966468	0.0012569361022695112	-0.005312934955188359	-3.429555625062485e-05
5.38	-0.00017263100978797316	-2.7927801331150444e-05	0.0032153786735548582	5.685508666374097e-05	-4.208339434626093e-05	0.002758927929369172	-0.0035919137232042326	0.013184638618358347	-4.640544404488053e-05	-0.005595756450029199	-0.003549541714107293	0.00014885001363997284
5.390000000000001	-0.00012932731717852047	9.585914992171444e-05	0.003213051473275702	-1.5123620509432305e-05	-5.444223093587109e-05	0.0027610032659719915	0.011535686470053224	0.009695134225176521	-0.00030466180121721114	-0.0076640292325970685	0.0012745731038103472	0.00017592787019383245
5.4	2.4102881806679102e-05	0.00013815791521478782	0.0032118936552084547	-7.402879681932896e-05	-2.071990207788558e-05	0.0027607121361542617	0.016798014130664524	-0.0018856705003171422	0.00010501795282002736	-0.0032207131690770107	0.004961245614456073	-0.0002578929460249807
5.41	0.0001575110676106857	6.367691604729901e-05	0.003213202669420078	-6.993908824498426e-05	3.05326570696329e-05	0.0027579394004732267	0.007785259085737535	-0.011887537935543388	2.9152894471804426e-05	0.003969157383841016	0.004490496150781593	-0.00018093917986581278
5.42	0.00015657403171184415	-6.474961587787425e-05	0.003211605788241258	-6.0208095981890335e-06	5.5966184980668017e-05	0.0027575530126531436	-0.00792147942492222	-0.011783467939114767	-0.00025125512401389424	0.007812196668667561	0.00018132066340644664	5.0293676437077956e-05
5.430000000000001	2.2290689875181912e-05	-0.00013820038139213258	0.003210535756506658	6.333880583036843e-05	3.388602408062893e-05	0.0027572478468648014	-0.0168688563072983	-0.0017664915236125843	0.0001186692584993694	0.004979818947314468	-0.004239284156518157	-0.0001559747278904249
5.44	-0.00013153279707566783	-9.465159313282107e-05	0.0032125741674814256	7.885074926393396e-05	-1.662750114503441e-05	0.002755646004497045	-0.011446409295186361	0.009837506486768607	0.00014755064943877864	-0.0021369542760702235	-0.005092624162688251	-6.624228041924645e-05
5.45	-0.0001728121220220136	2.9456284579412268e-05	0.003212308426520241	2.6704953362908048e-05	-5.324910653586841e-05	0.0027574601023551536	0.0038190233590485586	0.013027876563628686	-0.00018594893520101083	-0.007469963022822599	-0.0016596001763460352	0.000367024527809101
5.46	-6.687003534925231e-05	0.00012794031659738782	0.0032112651100647408	-4.820260938176637e-05	-4.4845807283288695e-05	0.0027608679056306948	0.015742347826741766	0.005183558583507005	6.910359847681728e-05	-0.006355575404119847	0.00321145325733309	0.00017322453211900344
5.470000000000001	9.632005432765641e-05	0.00011810501382847261	0.0032135315781844586	-8.195794200404423e-05	1.2084740362762778e-06	0.002760468021074339	0.01435546745579617	-0.007034206354043855	0.0002589608038845333	0.00010873731944541746	0.005313011559609959	-0.00017446885188837448
5.48	0.0001775513089800895	7.791956715812152e-06	0.003214255634097043	-4.5936273998738705e-05	4.651129317164295e-05	0.002759297809886345	0.0006185548777504753	-0.013298024831540495	-0.0001648044783044583	0.006539681851440305	0.0030142520714407993	-1.3402513431792661e-05
5.49	0.00010717342688572428	-0.00010892237841834555	0.00321168710147199	2.9210804620684957e-05	5.2579500035841075e-05	0.0027594811983633117	-0.013575581720454068	-0.008264808007259691	-0.00019882533938746547	0.007338843148462585	-0.001872025450979614	-5.8011270247124074e-05
5.5	-5.465515787028939e-05	-0.00013367643188483134	0.003211464713361915	7.93604738013194e-05	1.4533074877671627e-05	0.0027573096783019423	-0.016278228658096635	0.003715963777042259	0.00011932557764271114	0.0019273067438522965	-0.005149486175894556	-0.0003361049497273589
5.510000000000001	-0.00017037835375658858	-4.475962338004109e-05	0.003211751787773544	6.188024286976898e-05	-3.595150878488341e-05	0.002755472349641852	-0.005022013501532471	0.012660520160457435	-0.00010670793884602685	-0.005159847384021412	-0.004140473284312236	2.8358315344784006e-05
5.5200000000000005	-0.0001404878143315725	8.198724942605026e-05	0.0032095549237822303	-8.470815483557582e-06	-5.5914677109468355e-05	0.002757533990872227	0.010499806982894915	0.010718668644182488	-0.00020307519952386227	-0.007819927405982575	0.0004399712697814195	0.00026211047073704426
5.53	8.726787191143239e-06	0.00013919183572659707	0.0032099852050910906	-7.151677985920857e-05	-2.8539606367013528e-05	0.0027589317674193855	0.017071526106266128	-0.00016510744534771054	0.0003111101050700168	-0.0038506649755540127	0.004598446180578339	-2.6529985981453543e-05
5.54	0.0001509152845144704	7.862039663787198e-05	0.003213318485914895	-7.427632225747829e-05	2.2851466298618928e-05	0.0027585391406477746	0.009116945775267414	-0.011035756476502144	0.0002133882007834229	0.0033946930174729487	0.004893537766039008	7.297299717469617e-05
5.55	0.00016419851038981163	-4.8935379052366364e-05	0.0032133038462387477	-1.3613867746386465e-05	5.477151955083414e-05	0.0027606533690981345	-0.006651203556150404	-0.012483260223241912	-0.0001377923110565421	0.007764255760788267	0.001005131941858606	0.00026748901440439444
5.5600000000000005	3.7724890662174906e-05	-0.00013472206780829488	0.003212493346270552	5.8157554287678756e-05	4.0064602840169224e-05	0.0027615589349557312	-0.01666863221180271	-0.0033849515126434843	5.9419886560387286e-05	0.005477001621852381	-0.003684598462723907	-0.0001534439303048217
5.57	-0.00012089859847764457	-0.00010662295389685352	0.003213916846087401	8.024702309771866e-05	-8.118555038541016e-06	0.0027587160558308023	-0.012581721343012994	0.008615515335038649	8.720453345990836e-05	-0.0014148774820457002	-0.005240048961245654	-0.0002979106226394815
5.58	-0.0001762805836732168	1.2227267443348607e-05	0.0032126114745197644	3.360639506217123e-05	-4.9626400025236984e-05	0.0027573852629242525	0.00236492625769484	0.013286841563232838	-0.00032794571631791433	-0.007163942887085864	-0.00242271727776008	5.122375216472818e-05
5.59	-8.115002998078235e-05	0.000120337348651367	0.003209836499672372	-4.166398057726891e-05	-4.918311122580192e-05	0.002757983855147432	0.015158092709817887	0.006665430276046949	-8.390751441451536e-05	-0.0067096831728691575	0.0024968861360224704	-6.317967730764037e-05
5.6000000000000005	8.273351526991842e-05	0.00012665253451795905	0.0032111629221041474	-8.12370034209786e-05	-6.9396483550264145e-06	0.0027562573802390545	0.015096599770873251	-0.0055292188211113185	0.00024283007837034117	-0.0005869635854985707	0.005317979341509659	-0.00018178325637128258
5.61	0.00017586759494925725	2.5358675303872067e-05	0.003212648158661692	-5.161335682949334e-05	4.1471525189937475e-05	0.0027565013748247365	0.002077306000802798	-0.013135759517299632	-1.2105225537467524e-05	0.006089218383288903	0.0036316257759311517	0.00024057249241766105
5.62	0.00011850196228415165	-9.716699785796946e-05	0.003211759107186768	2.221339739245733e-05	5.475241006296607e-05	0.00275964718643646	-0.012606233387230048	-0.009522656525108263	-3.27849306942614e-05	0.007516314683812228	-0.0011985624740374157	0.00026004559968404703
5.63	-3.9502444988637507e-05	-0.00013761522484895608	0.0032131192756503766	7.67808115373539e-05	2.1613426069273332e-05	0.002760454557514088	-0.016533878926928407	0.0020685149580830994	0.0002653939669457873	0.0025888221229043943	-0.004932298157670392	-6.113805405662328e-05
5.640000000000001	-0.00016388957094383641	-6.150342356598431e-05	0.0032145153692776265	6.599352142627099e-05	-2.9817714280101567e-05	0.0027596979322765903	-0.006367244281304799	0.01196512744865463	-5.471495408328764e-05	-0.004605555501769664	-0.004561127565678012	-4.926839468893905e-06
5.65	-0.0001481446452101237	6.644922579425933e-05	0.003212207543267687	-1.568501300382563e-06	-5.588919830707245e-05	0.0027604276102886523	0.0092280352671959	0.011642374180718748	-0.00029219545717786656	-0.00780405342235461	-0.0002600196305540689	8.641505451962631e-05
5.66	-6.676526785652683e-06	0.00013809957264146016	0.0032113792529450133	-6.734869495637114e-05	-3.480915155609688e-05	0.0027592972409533766	0.016899841480433952	0.00158196600232407	0.00014699251148237897	-0.004350267318278618	0.0041454486682772395	-0.00030020383566163996
5.67	0.0001405732397864568	9.321596716767903e-05	0.003213009720793241	-7.580135179753013e-05	1.5728359441537673e-05	0.002756214786114203	0.010236587910486627	-0.009904443544347684	4.978133693512073e-05	0.0028034268405335255	0.005172948679776869	-0.00017470105979634467
5.680000000000001	0.00016764190736609486	-3.0902232090488216e-05	0.0032116713242026592	-1.933037485153607e-05	5.3300312591437836e-05	0.002756642528226503	-0.005201118551442019	-0.012994535328026262	-0.0002706676234214427	0.007590938308891906	0.0017607984186291646	0.00018626329148845725
5.69	5.199113566840417e-05	-0.00012870281516070704	0.003210259003320935	5.339217750079226e-05	4.57062590854461e-05	0.002757820409278483	-0.01615273481762137	-0.005106586945748861	8.415115525594081e-05	0.005808747686866382	-0.003150610379201639	-2.655696619791225e-06
5.7	-0.00010828252385834763	-0.00011792681866182208	0.003212696437258203	8.054710369499419e-05	-4.750685414351819e-07	0.0027571733480782337	-0.013382635231610507	0.007119625592870136	0.00024627011150086246	-0.0008280747667954413	-0.005397056129870476	-8.290970949090021e-06
5.71	-0.00017588267914206505	-6.783011724260086e-06	0.0032130528687653453	3.904808332724711e-05	-4.6443895922706326e-05	0.0027587683565014104	0.0008785820062695227	0.013363118349525582	-0.00014850444316583987	-0.006825256847592393	-0.0030947257909263617	0.00029785598890864635
5.720000000000001	-9.362705815632239e-05	0.00011020194499586522	0.003211682693476386	-3.5604272492285206e-05	-5.296896263730014e-05	0.002761030667060747	0.014263744305253715	0.008243488123987312	2.008448941592357e-05	-0.006965218604403498	0.0018552433706763229	5.911562501803492e-05
5.73	6.777852823565623e-05	0.00013434161266373366	0.0032138856260127157	-7.983439773685091e-05	-1.4679609796709922e-05	0.0027595753584392082	0.015538422057741407	-0.0038278715305830467	0.0002872808362380815	-0.0012078697165243412	0.005237606256499921	-0.00024548005407167017
5.74	0.00017126329256048474	4.423831047363059e-05	0.003214673793607646	-5.592007527068528e-05	3.6649293773307094e-05	0.0027580541854923526	0.0035163970766667442	-0.012781205988468979	-0.0001764000702539503	0.005625275392400606	0.0042148082885177535	-2.2639139113017158e-05
5.75	0.00012805872991684977	-8.36191590627703e-05	0.0032117215543976062	1.6082381637065662e-05	5.708595786791841e-05	0.0027586088459086128	-0.011436162004521426	-0.010824838684849845	-0.0002693427122836395	0.0076230431979719526	-0.0004453354775527663	1.6863029824969352e-05
5.760000000000001	-2.3998915550021372e-05	-0.00014086795251634572	0.0032109359708972786	7.408350735275805e-05	2.929571117025414e-05	0.0027574801584814073	-0.01663555158987162	0.00027242332298541266	8.32467993160484e-05	0.003112769553477015	-0.004686865885528834	-0.00019953103270416807
5.7700000000000005	-0.00015583545179884495	-7.861275836503053e-05	0.003211549715431006	6.919254264742078e-05	-2.3562976897577838e-05	0.002756617940500656	-0.007632013135966079	0.011219191063635512	-5.947718184860748e-05	-0.004046235947514885	-0.005040553288466768	8.181398795657313e-05
5.78	-0.00015436995333101584	5.0533816883561654e-05	0.0032100148185973173	5.190603502368923e-06	-5.6528352837358375e-05	0.00275872932401589	0.00787013129647373	0.012607329496136029	-0.00010213045848655284	-0.007731002777288509	-0.0010260474982342472	0.00024343381936953355
5.79	-2.1884249703373304e-05	0.00013695695318733734	0.0032113958324031383	-6.281652910250388e-05	-4.1529198705049154e-05	0.0027595983064139873	0.016610068064783438	0.003327763388188352	0.00037050909847797164	-0.004810063646936069	0.0037781312978046	-8.994276675713049e-05
5.800000000000001	0.00012919868598887	0.00010704625015366896	0.0032151707175905753	-7.70583657921463e-05	8.451132002378896e-06	0.0027582859444808447	0.011237882498889134	-0.00886523631320132	0.0002328062613772605	0.002204548077613649	0.0054564227455118595	-6.305933198142471e-05
5.8100000000000005	0.000169580924944936	-1.4245578794358692e-05	0.003214874811250103	-2.5004107179847164e-05	5.145673524244691e-05	0.0027592528833740495	-0.0037477081195042058	-0.013493722365589194	-0.0002356500032742196	0.007377899319249156	0.002473345673022736	0.0002305524743551561
5.82	6.531180836815853e-05	-0.0001231690214004734	0.0032128987925970176	4.8235365965416854e-05	5.063772484804463e-05	0.0027605280085434307	-0.015499200618874802	-0.006672927638949002	-7.852354331528216e-05	0.006153152376653673	-0.002597732374256476	-3.927707243185016e-05
5.83	-9.505485853382109e-05	-0.00012785321544805107	0.0032129690438054107	8.005206422786726e-05	6.892106179515954e-06	0.002758920414832174	-0.014044701196563807	0.005808307379411851	-3.59603428413326e-07	-0.0002725908363440522	-0.0054939967499944035	-0.0001895494008770978
5.84	-0.0001742278781686686	-2.3749113229665267e-05	0.0032114483005683016	4.344560873873512e-05	-4.302615643704223e-05	0.002758337969781684	-0.0005562411461479022	0.013384878229734372	-0.00029890979124967795	-0.006472223629899629	-0.0037238841905077205	8.813329322756071e-05
5.8500000000000005	-0.00010507601093164146	0.0001005992974016559	0.003209445492824603	-3.01684993518864e-05	-5.672087860513364e-05	0.0027590262740602627	0.013290886375517336	0.009587745791632565	2.825692121952088e-05	-0.007085694163587501	0.001185646613960028	-3.359119109278866e-05
5.86	5.311181164228283e-05	0.0001399693366162957	0.0032120332615915774	-7.779314801483908e-05	-2.2875123770785193e-05	0.002757148530104169	0.015894410933714947	-0.002334198209763936	0.0003665713023639228	-0.0017077737711231995	0.005106260672457306	-0.00023772014262103311
5.87	0.00016600936446098621	6.0358320173169505e-05	0.003214135177968529	-5.9150929741235885e-05	3.0639962640314354e-05	0.002756339236351126	0.0049057645714601075	-0.012343518041935257	-1.954581533220275e-05	0.005149577634331826	0.004763828625540579	0.00012984685947298118
5.88	0.00013674495833071248	-7.058175313803972e-05	0.0032128722149361126	1.0074126661637024e-05	5.8154269436629684e-05	0.002758774411326953	-0.010279803063985475	-0.011802819540680631	-0.00010876570207740003	0.007604160394113712	0.00030836164333004727	0.00023504962613864858
5.890000000000001	-8.998546599904987e-06	-0.00014190512791522415	0.003213184031258246	7.041122913630863e-05	3.645690976766366e-05	0.0027593745770533515	-0.016640274413883577	-0.0013331891691446972	0.0001408128379855516	0.0035301786351640057	-0.004348006795385866	-8.254939107526265e-05
5.9	-0.00014731976560629852	-9.266581855455326e-05	0.0032136220867016174	7.05374293556244e-05	-1.634503310123663e-05	0.0027587435478153327	-0.008820202691922956	0.010417562463463374	-0.00012119491899042374	-0.0035193132786008794	-0.005388731066625072	4.211030186477363e-05
5.91	-0.0001595450128660946	3.5486433318350337e-05	0.003211186479204095	1.0380431806709913e-05	-5.539824272117476e-05	0.0027597066435963626	0.006513829078950677	0.013229579319716262	-0.00025526182274837264	-0.007568696477822861	-0.0018312303249689566	9.279989838192768e-05
5.92	-3.618910824997798e-05	0.00013387552265429868	0.0032110508521960074	-5.848096474449218e-05	-4.784959323385216e-05	0.0027587774913983665	0.016245353124742293	0.004926195319798239	0.00023909521448003374	-0.005136278677922171	0.003208993258080592	-0.00028037384485138996
5.930000000000001	0.00011829473243561327	0.0001191324603890155	0.0032138458683827523	-7.742378882883821e-05	-1.043106746702338e-07	0.0027558265172044475	0.01219915517645123	-0.007687439632600871	0.00014999653831268976	0.0016656132651244123	0.005624656162410215	-0.0001877332088775842
5.94	0.00017123826241268134	2.6759477757225795e-06	0.003212996614927829	-2.9528612700560493e-05	4.7994279380728596e-05	0.002756261307783329	-0.002429949059541026	-0.01376805974065422	-0.00025437086516753014	0.007123199046472088	0.0032598124520834965	0.00022460716997704772
5.95	7.780508449800097e-05	-0.00011584900447890979	0.0032113367572818214	4.355474599667175e-05	5.511667474214151e-05	0.0027579316922182887	-0.014804013496595735	-0.008124960775536084	1.007532322100981e-05	0.006371994714526953	-0.0019054708255334658	3.2056753417225166e-05
5.96	-8.203512541493582e-05	-0.00013629271965983622	0.0032126350020132014	7.94087752630835e-05	1.5672588688700064e-05	0.0027575959293863377	-0.014649388857524223	0.004378084747227297	0.0001439764296012842	0.0002487571001012286	-0.005397060377297146	-1.884841442845241e-05
5.970000000000001	-0.00017166516453701204	-4.0650904851107235e-05	0.003212260748560483	4.731940929394012e-05	-3.740631448986965e-05	0.0027592006335094587	-0.0018935320728151398	0.013263086247098708	-0.00019940396674478756	-0.006160984647185108	-0.004397242166719464	0.00030861534351121035
5.98	-0.00011503255156525306	8.971973705057303e-05	0.003210591543243826	-2.502231558545671e-05	-5.8971587834418025e-05	0.002761622275504731	0.012331104315810967	0.010825628529172892	2.5122001876544043e-05	-0.00718068988077352	0.00037346855425697106	1.1918955709671155e-05
5.99	3.914809386611538e-05	0.00014473525032056918	0.003212971697505363	-7.553464656412787e-05	-3.102432824279758e-05	0.002759360799098291	0.016120893103861358	-0.0007335678850038912	0.00033239273780789674	-0.0021377960683429693	0.004793548252914215	-0.0003829216464330097
6.0	0.00015989146558722714	7.660239580941578e-05	0.0032144136341058283	-6.163340929527448e-05	2.3393040135112205e-05	0.002756696863164082	0.006115268852080471	-0.011801505123386687	-0.00011879185722367968	0.004718932897396738	0.005230401943587473	-8.26934615228021e-05
6.010000000000001	0.00014366615326259953	-5.6378383210152624e-05	0.003212072372615355	5.350880601895077e-06	5.819357236990797e-05	0.002757149504365861	-0.009062547819469788	-0.012725606283571481	-0.00022782260117996044	0.007613472791640212	0.0011669963939444858	5.799306633444789e-05
6.0200000000000005	5.278636268833147e-06	-0.00014141709452987803	0.003211439126440446	6.792854286507358e-05	4.338945443845198e-05	0.002756525277911328	-0.016496054990068332	-0.00296850670923117	0.00011146115314523069	0.0039448979396203435	-0.00390261588320573	-0.00013927229375260483
6.03	-0.00013782920740746226	-0.00010655727801564096	0.003211858079001308	7.257151912680324e-05	-8.587582854049006e-06	0.0027564641223643055	-0.009866621143104017	0.009394151041837027	-9.923434795923959e-05	-0.0031075146504057254	-0.005688633619114672	0.00019494815808984497
6.04	-0.00016307762744068605	1.8845652179111415e-05	0.00321021371271482	1.5057076883643393e-05	-5.349463500318419e-05	0.00275980554532789	0.005170235750399534	0.013703742092538147	-0.00011653855101624477	-0.007486617908026245	-0.0026118815840836447	0.0003317332630667519
6.050000000000001	-4.98996416990122e-05	0.00012850939490678459	0.003211506920499935	-5.4874685192837815e-05	-5.343244139192275e-05	0.0027610789244826295	0.0157340478758891	0.006539372066249646	0.00036299612059829505	-0.005430692888383567	0.002629220581740851	-0.00011759214275488594
6.0600000000000005	0.00010590857574429771	0.00013000289760175876	0.0032152764921267994	-7.792816338640941e-05	-8.4596254037765e-06	0.0027589099697874165	0.012971670461339596	-0.006315074509830878	0.00022069115893670128	0.0011996776862516147	0.005670151187114308	-0.0001892433069160171
6.07	0.0001708770631935645	2.068044235531935e-05	0.0032147529549603785	-3.413077994471947e-05	4.371965478158311e-05	0.0027585548234476836	-0.0009484564870958422	-0.013803340365779394	-0.0002679200526531832	0.0068705881129527985	0.003960397575115787	6.034480069289579e-05
6.08	9.033151188285521e-05	-0.00010594182346733015	0.0032122359882415298	3.880946290884637e-05	5.874189649981603e-05	0.002758397663044881	-0.0138989033454586	-0.009605541013054188	-0.000124369709224102	0.006581528924122203	-0.0011644841479963033	-0.00014533859661836017
6.09	-6.705695682473079e-05	-0.00014325516158371113	0.0032118732536994027	7.869458279052224e-05	2.3896677084935566e-05	0.0027562890864047734	-0.015119748801899707	0.002755822979899413	-3.8300226126856046e-05	0.0007778769206600865	-0.005286691842873515	-0.00017696035763236934
6.1000000000000005	-0.0001673217431230348	-5.854621188724678e-05	0.003210115874986144	5.158593556397706e-05	-3.1662864912932916e-05	0.002756486567349617	-0.0033646563096496975	0.012863638775856355	-0.00028424416693148595	-0.005749175041873639	-0.004947588401279639	0.00021536797406128714
6.11	-0.0001249087114380586	7.609463468872248e-05	0.003208437824051224	-1.9142036795536003e-05	-6.0371739282386734e-05	0.002758694247296294	0.011143318423010036	0.012008258419610333	7.187409379109223e-05	-0.007292694897735805	-0.0003649762999800903	0.0001078850137544551
6.12	2.3391831091262172e-05	0.00014705934516661852	0.003211887191513881	-7.312364165013572e-05	-3.799929289720191e-05	0.0027581753140828954	0.01624592015505992	0.0010501892343821118	0.0004768913085856116	-0.0026666202401083514	0.004506460627309623	-0.00013866344321135542
6.13	0.000151818973630385	9.317478137603736e-05	0.003214890070516118	-6.474168013173727e-05	1.6884683006662386e-05	0.0027581422290198086	0.007420520458309708	-0.011008260657165318	6.99040379430714e-05	0.004217660349785036	0.00560672309051455	0.00016117650357720014
6.140000000000001	0.00015041376797721406	-3.99492329960797e-05	0.0032139006182542594	-8.056780235977723e-07	5.7709404313167065e-05	0.002760224638681594	-0.007640513638202367	-0.013572160784776282	-0.00012995921364882692	0.00754724826787102	0.0019133704957782663	0.000149935584805533
6.15	2.1345573486642096e-05	-0.00013895969286081567	0.0032137920667860993	6.375305489978662e-05	4.965128996795719e-05	0.002759450505281602	-0.016183870234598975	-0.004704068370565012	0.00011388045109259439	0.004369184517185645	-0.003372334933924974	-0.00023921839155946123
6.16	-0.00012591330768472054	-0.00011956773651290976	0.0032139440381387403	7.407247003679303e-05	-4.2306705174153434e-07	0.0027575089491597834	-0.010946837259038653	0.008279262407991983	-0.00018581853278533031	-0.002482046310596833	-0.005864420335717228	-5.270302911301394e-05
6.17	-0.00016540125388794766	1.8439657047355437e-06	0.0032106762330740154	2.1198286120363275e-05	-5.018178892460105e-05	0.002758262510925954	0.0036108864497458306	0.014104914601088323	-0.00035148783541420157	-0.007250636491425431	-0.0033210635213138393	0.0001234143411109358
6.180000000000001	-6.443574996325024e-05	0.00012187647569427597	0.003209772959797446	-4.930430548202456e-05	-5.7284989475451677e-05	0.0027580623279255347	0.015015861286363431	0.008047664936382608	0.0002009737782606398	-0.0057891093886730865	0.0020206613288588603	-0.00018919447433564181
6.19	9.12561423334669e-05	0.0001387721778933007	0.003212477161208745	-7.785041303991781e-05	-1.554767795036179e-05	0.002755958572128042	0.013700955258461727	-0.004953535519063762	0.00019553181395752918	0.0005314823763121738	0.005690435791059827	-0.00012239332988227074
6.2	0.00016876303094770856	3.7354776827514365e-05	0.003212548144925627	-3.98857819968545e-05	3.967765795425507e-05	0.002756580731389432	0.0005970749264768687	-0.013716686741483864	-0.00015035265477724417	0.006459735468521674	0.004483108712375443	0.00020509362126247524
6.21	0.00010223831198703489	-9.573781539731614e-05	0.003211696843149596	3.2175521980450186e-05	6.1037343884334e-05	0.0027581292969977777	-0.012862517576467516	-0.010834326920981083	6.829718766164359e-05	0.006828717471706105	-0.0005393732248881203	-3.9292719542361245e-07
6.220000000000001	-5.1127512905062416e-05	-0.00014764308269319022	0.0032134843981054075	7.693311552879073e-05	3.042907269884783e-05	0.0027573926839684604	-0.01544959456530435	0.0013025499944092755	0.0001564738127768872	0.001413309708741058	-0.005124249054295776	-4.155946944830147e-05
6.23	-0.0001607110882349329	-7.329454124466873e-05	0.0032130803397009858	5.6036549555790445e-05	-2.6624581618250474e-05	0.0027586056925807457	-0.0047437170287338	0.012383182678446401	-0.00023749569735742607	-0.005275617118604453	-0.005409405957406972	0.000275198553485591
6.24	-0.00013281465661641557	6.347183177637478e-05	0.0032107038435579415	-1.2802695241826881e-05	-6.12623018179135e-05	0.0027611400682497	0.009836504590197782	0.012869086303821619	-8.779628993495111e-05	-0.0074053872581602885	-0.0010030499905470528	0.00010018413717040417
6.25	7.642435964873027e-06	0.00014684364827280403	0.003212357537900324	-7.042406646949008e-05	-4.385409963785449e-05	0.002759740992821501	0.016090986085109598	0.0025123091709422325	0.0003172726890845197	-0.0032564629663516228	0.004223710986536814	-0.0003033862172627095
6.260000000000001	0.00014180936358453513	0.000105536222130882	0.003213887785011088	-6.813439165655193e-05	1.1015578865530215e-05	0.0027576121342136693	0.008615504258810778	-0.010173109518618535	-6.427058779393561e-05	0.003680683473139214	0.005920979429404503	-5.136592545344532e-05
6.2700000000000005	0.000154799202498307	-2.597355168940319e-05	0.003211999740375885	-7.671938935920935e-06	5.696977707432373e-05	0.002758166508038352	-0.006205083109273729	-0.014108146984111536	-0.00019571782327212068	0.007474686875514884	0.002549040271744581	4.942829663651228e-05
6.28	3.630919269700444e-05	-0.00013567587197830963	0.0032120247085267273	5.907097048938696e-05	5.473157116000612e-05	0.002757199992944874	-0.015682619442948728	-0.0061331249163955204	0.00018434599481528563	0.004868998238023097	-0.002953375662247213	-0.00018525494371395807
6.29	-0.00011293392455666323	-0.00013022977927591898	0.0032132125556329472	7.544755105691074e-05	5.991266140177678e-06	0.002756219233019402	-0.011818673583830075	0.007177107783888133	-3.825723656640721e-05	-0.001872671071577	-0.006038297294741834	6.134799313178587e-05
6.300000000000001	-0.00016526867117749983	-1.3404944388677371e-05	0.00321106707635644	2.7074757167713966e-05	-4.8217885512720126e-05	0.002758352167034101	0.0021448746087073395	0.014353561541304542	-0.00027208543057614313	-0.007037658077951757	-0.003948058338303196	0.00030452538360366537
6.3100000000000005	-7.692107397661496e-05	0.00011519036687981575	0.0032105692006560572	-4.445267293908593e-05	-6.139329129154636e-05	0.0027599011252582755	0.01418111344273249	0.009400247027016556	0.0002114103047206505	-0.006147275902620651	0.0014922455810230486	-6.017407226819077e-05
6.32	7.720110748284333e-05	0.0001466244409603078	0.003213595370877506	-7.79456165816018e-05	-2.2982048972063954e-05	0.002758368735698949	0.014215510597653344	-0.0036374639176113247	0.00020355781234790752	-5.927003941737101e-05	0.005631156110008197	-0.00011497923101432397
6.33	0.00016524260481197634	5.266765657137575e-05	0.0032130784886728	-4.500502979199674e-05	3.4871953265110205e-05	0.0027588878981528826	0.002020987729911979	-0.01363992658715876	-0.00024875176903789095	0.0061221051260228875	0.0050156832707161205	0.00017506355505615134
6.340000000000001	0.00011226256752609454	-8.601390712852994e-05	0.0032110361365652873	2.5761474762707144e-05	6.285144285375914e-05	0.0027596025668144676	-0.011777839240161403	-0.011963018908788873	-2.6742159761350155e-05	0.006952645003559062	0.00013934047782380158	-0.00011258729245948345
6.3500000000000005	-3.588451180932956e-05	-0.00015198086365463985	0.0032124483444927114	7.397460271142007e-05	3.716123987229428e-05	0.002757024008642475	-0.015570654667328926	-0.00016563571064250667	0.0001697240388169717	0.0019555654015588663	-0.004880686238785014	-0.00026873327111883165
6.36	-0.000153170698720177	-8.846195407710029e-05	0.0032126107398165295	5.8873437086342756e-05	-2.0574611263244743e-05	0.002756455412522354	-0.006072204145046332	0.011892565119422799	-0.0001671704090139332	-0.004740396196551591	-0.0057649991684885936	0.00017138753957295208
6.37	-0.00013984153690569943	5.0393003156005795e-05	0.0032110049770466536	-6.6298646768573574e-06	-6.123683776879164e-05	0.002758721120637359	0.00851696301549163	0.01372531612657601	-3.040748402828707e-05	-0.007339953077188709	-0.0017519487695221274	0.00012972060396892476
6.38	-7.490944306821353e-06	0.0001466397150452477	0.0032129146657188965	-6.647926137707325e-05	-5.012155710760322e-05	0.002758534392778802	0.01591345258633468	0.004004811105969977	0.00030183787937820513	-0.003693580045653216	0.00379127130507774	-8.330720324207071e-05
6.390000000000001	0.00013150858350202625	0.00011798545864342195	0.0032142634660578574	-6.966193892033758e-05	3.9250129719536865e-06	0.0027585286464614726	0.009699884734555013	-0.009286199494377232	-7.64214751941482e-05	0.0031040923493177073	0.006155448250800975	0.00012910533423851034
6.4	0.00015795584299027165	-1.1495044186037707e-05	0.0032120249623883	-1.3648928986220558e-05	5.463259822392286e-05	0.002760635700457694	-0.004781493609314149	-0.014564234497234613	-0.0002499268414106903	0.00721886619617612	0.0031871346112501303	0.00015313459959832536
6.41	5.0048907716823384e-05	-0.00013139957884298814	0.0032117190311721283	5.344359348123189e-05	5.8707958852383335e-05	0.002759733854249363	-0.015139027250497032	-0.0075504997689383145	0.00017775336626699954	0.005175150751627963	-0.0024004118395326767	-0.0003076111185066024
6.42	-0.00010057326453604098	-0.00013980580597164035	0.003213233501670763	7.48602302497446e-05	1.3038422439041792e-05	0.0027569638432598013	-0.012622326697095137	0.006030120793298349	1.7023467869310626e-05	-0.001233370493616638	-0.006049163564486379	-0.00012652757889272922
6.430000000000001	-0.00016508561861862031	-2.8706542756030874e-05	0.0032117737653905498	3.2170688616720366e-05	-4.4155386140268814e-05	0.0027573448275613087	0.0007116507757145569	0.014435892324957648	-0.00022644127629600866	-0.006629622915211045	-0.004473868815182191	0.0001345857990724669
6.44	-8.88932627781717e-05	0.00010665848195344942	0.0032110696194365446	-3.77806432999362e-05	-6.36217156369905e-05	0.0027576813136875734	0.013365666309414303	0.010581742283999612	0.00015884604925441834	-0.006272296398026565	0.0008762579685121123	-0.00011290263772996326
6.45	6.321604745579687e-05	0.00015190565869760729	0.0032135481590834245	-7.508774074086843e-05	-2.906249435283594e-05	0.0027565769581426878	0.014697812147626572	-0.002257881972689946	0.00017769085351399168	-0.000634266427259288	0.005503852641340335	5.157843649050181e-06
6.46	0.00016112705050240147	6.754756751695934e-05	0.003213098548383054	-4.8445924874830924e-05	3.074040862741114e-05	0.0027586138042026255	0.003372742374330824	-0.013252286612419978	-0.00019771065537710426	0.005558051329097394	0.00551717857556123	0.00034492061031034493
6.470000000000001	0.0001214651579036361	-7.409235349345095e-05	0.0032117434330217053	1.944249818064692e-05	6.463180560273403e-05	0.0027612525571411323	-0.010681200714755857	-0.012905247704364842	2.3669100901320438e-05	0.006960840415877182	0.0007614731500150325	7.371650762630808e-05
6.48	-2.1525091760340044e-05	-0.00015319556627543668	0.003213490962936679	7.06538474121582e-05	4.3920762129679664e-05	0.002759919909980857	-0.015716869619323986	-0.0016757013053488657	0.0002022045851476819	0.0024713099381028576	-0.00461218498820039	-0.00022309625671225494
6.49	-0.000146504762491637	-0.00010207816158937198	0.0032136382448110404	6.164405216049104e-05	-1.4379630124496361e-05	0.0027586645553245304	-0.007307299931263544	0.011079814906565975	-0.00021853904307788625	-0.0041395369356578456	-0.006147096151173719	8.255010820772575e-06
6.5	-0.00014651610225556837	3.557932264554789e-05	0.003211034936652933	1.4984975087748418e-07	-6.0698097012834554e-05	0.0027589126574803537	0.007312320633766735	0.01430190708235196	-0.0001625128946623688	-0.007209193765758104	-0.002400815787094901	-7.661207394581852e-05
6.510000000000001	-2.2060410381743794e-05	0.0001428985499325638	0.003211566364668248	-6.14374743080791e-05	-5.5596765620605205e-05	0.0027566137279538515	0.015686050617409745	0.005467738516211442	0.00019433225943008188	-0.004156702165753746	0.0033406235880685227	-0.00031893342043245765
6.5200000000000005	0.0001211413028329347	0.00012872521089850629	0.0032125177839964197	-7.091857980296133e-05	-3.2277436039567503e-06	0.002755168060041719	0.010687843320859454	-0.008108531511776708	-9.426468398938872e-05	0.002452142803470097	0.0063406706576888015	9.369266265824278e-05
6.53	0.00016035789337974366	4.9106996854904675e-06	0.003210359857648593	-1.980408915686567e-05	5.234093148677134e-05	0.002757606626661576	-0.003407740493622589	-0.014721712987236537	-0.00019673982243440395	0.006956064040132199	0.003917271727745441	0.0002722566747937311
6.54	6.34022151283118e-05	-0.00012301369274666238	0.003210892603608494	4.786930314555185e-05	6.367804592077957e-05	0.002758615884317846	-0.014510924599842745	-0.00889513703994713	0.00026842831759084997	0.005547589190844728	-0.0018069135885268421	-6.162147673814809e-05
6.550000000000001	-8.731713862602956e-05	-0.000146549094900652	0.0032135457463557224	7.481822895204715e-05	2.1119496336073602e-05	0.002758000524695417	-0.013278849993123995	0.0045613863719645605	0.00012128199279407862	-0.0005907282835504837	-0.006045822783288026	4.440363783117614e-05
6.5600000000000005	-0.00016300969362301578	-4.509536204304684e-05	0.003212760532555656	3.802129144472148e-05	-3.9849828291325946e-05	0.002759993527792971	-0.0006957585182332139	0.014104769346297003	-0.0001824134910012525	-0.006207668584073419	-0.00517272025885919	0.00026213350402327885
6.57	-9.996690094733723e-05	9.476012205979236e-05	0.0032122336456358804	-3.102802956043396e-05	-6.713653759282403e-05	0.002761156225871053	0.012338290653073876	0.011712122778934242	0.00012190561339162442	-0.006522472226942315	0.00010692700277516146	-0.00010276102357982326
6.58	4.8056595523618315e-05	0.00015502406525244583	0.003214241996471896	-7.344490200675223e-05	-3.8043159850150194e-05	0.0027587933268654365	0.01495910754328991	-0.0006448264518400086	0.00011347490874692761	-0.0013183627705133838	0.005297553509157247	-0.00025717598582953704
6.590000000000001	0.0001547296745742333	8.338151904924566e-05	0.0032127610474652008	-5.3317823163444205e-05	2.3685270177028168e-05	0.002757836071244597	0.0047039054252733395	-0.0125296813757573	-0.00034935631721233045	0.005012172186631618	0.006054210085063625	4.488063536081753e-05
6.6000000000000005	0.00012929041622066257	-5.865810516218581e-05	0.00320995486599361	1.2174579143810868e-05	6.510642707225348e-05	0.0027578759353889502	-0.009388323165803479	-0.013698508593849608	-5.861723779781781e-05	0.007041895039871437	0.0016006594702602142	-0.0001408200798986315
6.61	-5.757736923465893e-06	-0.00015103911746387375	0.003211366617611158	6.698650338262042e-05	5.1156411340357165e-05	0.0027552208381641887	-0.015566992100550143	-0.0033120277800196534	0.0001907783697397903	0.003106201097360444	-0.004192184822768829	-0.00027335124200988736
6.62	-0.00013607856979230682	-0.00011447897803819046	0.003211907371031603	6.476342077039305e-05	-6.592006818813777e-06	0.0027547740090254624	-0.008438553070106256	0.010014881965987724	-0.00012711936795054682	-0.0035044629082261313	-0.006463679378182529	0.00021488489756187263
6.63	-0.00014975278248442988	1.937009009298861e-05	0.003210594690924568	7.330955614275765e-06	-5.900612721754933e-05	0.0027582135937709857	0.005837930106107629	0.014668726709392744	-4.0630631600302836e-05	-0.007062345043543649	-0.0032009822327390054	0.0003337295042224719
6.640000000000001	-3.635006657033174e-05	0.00013697882585333112	0.0032127757416175306	-5.603818863144967e-05	-6.105770785934108e-05	0.002759543920772791	0.01512562488345686	0.007032580786959396	0.0003732747155106855	-0.0046408163735726345	0.0028058558983752114	-1.6892375939538475e-05
6.65	0.00010817391210056596	0.00013837130158799252	0.0032151567653158426	-7.166029628075881e-05	-1.138851839015412e-05	0.00275976862008092	0.011508729952212693	-0.006801830305470313	6.057492251687088e-07	0.0017619950933829012	0.006356071469305717	0.00011627078432805083
6.66	0.00016006154205445736	2.1376740233334982e-05	0.0032133703805887746	-2.5964213701288952e-05	4.7766101883182504e-05	0.0027615184376866006	-0.00190238437158813	-0.014743377330503422	-0.00024348121007698528	0.00663349890888895	0.004547954977791149	0.00013042195202669533
6.67	7.617629478622722e-05	-0.00011370950988247441	0.003212895801195036	4.1299020099272065e-05	6.615247230621793e-05	0.0027603336493981115	-0.01357835321345264	-0.010203068784143173	0.00014824318721418895	0.00577925473112086	-0.0011381779905976952	-0.0003657090106052879
6.680000000000001	-7.228385626720201e-05	-0.00015259332184669442	0.003213649779586938	7.326085809885086e-05	2.8453822870808758e-05	0.002756604522677057	-0.013778913582710795	0.0030741464278767343	-9.221507276728686e-05	0.0001107273236510912	-0.005820231559146043	-0.00025579135183238967
6.69	-0.0001586246501121304	-6.123643110700825e-05	0.00321072244670049	4.2945398175122597e-05	-3.3531661233882964e-05	0.0027563788664611735	-0.002166812766186625	0.013749483692697262	-0.00038848955465098427	-0.0056997443646024885	-0.005594237134705085	0.00014859115875796974
6.7	-0.00011006262213074224	8.205949516606841e-05	0.0032089508452527392	-2.3670848505418144e-05	-6.693578789623425e-05	0.002757216183356836	0.011125704194091757	0.012736589772134689	0.00011805996891723619	-0.006561371029518007	-0.0005979952686144883	-1.7692493026626607e-05
6.71	3.1979152836830235e-05	0.00015642990744428787	0.003211978271924189	-6.972677281197918e-05	-4.368216584403299e-05	0.0027565370861223995	0.015057615046965692	0.0009184393149729112	0.0003144197975990404	-0.0019302592499154398	0.0049147240577894795	-7.788125785464146e-06
6.720000000000001	0.00014660410348110988	9.729160706062105e-05	0.0032132452526309817	-5.6442958580777905e-05	1.7012650203451328e-05	0.0027583741016769586	0.006084253540211826	-0.011815105762237724	-7.528202063950469e-05	0.004396379469561143	0.006276395666580661	0.0003423213546345598
6.73	0.0001362925523983591	-4.4694742282970274e-05	0.003212567031511784	5.112400661520691e-06	6.317889550733872e-05	0.0027611372015113747	-0.007965339549157098	-0.014388358176264167	3.96074338760268e-05	0.006929670796962744	0.0022574943264334923	6.530027684994546e-05
6.74	1.0523502416062728e-05	-0.0001489507030714808	0.0032143454927126415	6.208558341583389e-05	5.5639071852745935e-05	0.0027594907075596076	-0.015256247145629087	-0.004816707046965117	0.00017741636915207434	0.0035851542635759424	-0.003634541858998916	-0.0002828591197230843
6.75	-0.00012395898638047125	-0.00012623182910528056	0.003214014155753385	6.631339470983388e-05	6.662201011473249e-07	0.002757587600994196	-0.009524756248778625	0.008972674624739203	-0.00030034592561025016	-0.0028321861732898065	-0.006513108914673215	-2.5990451359502752e-05
6.760000000000001	-0.00015220381718908946	4.049727097578956e-06	0.0032101982827472232	1.3871073302042201e-05	-5.519356029281353e-05	0.0027580532300642076	0.004252097325257952	0.015045332251080432	-0.0003096069029586595	-0.006812288325527808	-0.0037641901463668463	9.917777159459389e-06
6.7700000000000005	-5.129753984477994e-05	0.0001308266921859688	0.0032098926304127244	-4.996992271927757e-05	-6.382126642569487e-05	0.0027567051981142424	0.014376436050233974	0.008379186681834603	0.00020095847823935184	-0.004999357988093764	0.002167040307347343	-0.00024016711952959695
6.78	9.352186779478676e-05	0.00014655809508272989	0.003211626474093582	-7.1253773555375e-05	-1.7984385698609023e-05	0.0027555402906366184	0.01228236601310076	-0.005506402163487881	5.527359313985151e-05	0.0011019850626791696	0.0062935480816550815	9.072844897844581e-05
6.79	0.00015806156552099	3.712330941303908e-05	0.003211102666294616	-3.159510385481434e-05	4.359703798542855e-05	0.002758480812256185	-0.00034699993682674955	-0.014644461256646042	-2.4043687273806666e-05	0.006195586716496402	0.00505020885922869	0.00036605099570749555
6.800000000000001	8.831237024733876e-05	-0.00010383880155580443	0.003212812352894871	3.444648722746491e-05	6.820513066106179e-05	0.002760085875731405	-0.012569497574338362	-0.011378700284690131	0.00037428793782285383	0.006006034757602237	-0.00048281660400418034	-5.734167207452461e-05
6.8100000000000005	-5.665737445866164e-05	-0.00015660920007146812	0.003216069672990239	7.08965491776816e-05	3.49197459405516e-05	0.0027589969552832493	-0.014165016480012768	0.0016442826214783579	0.00013319670880140082	0.0007026853142664357	-0.005677507501664628	-6.640382223276249e-05
6.82	-0.00015321715499114555	-7.563469994740058e-05	0.0032142603316983	4.630896822260454e-05	-2.856288941189564e-05	0.0027598265728444264	-0.003628518664225204	0.01326351516949822	-0.000414422400832851	-0.0052058352190193944	-0.006009375440097089	0.000144250309871731
6.83	-0.00011933440478954533	6.988733447831494e-05	0.0032108768972677368	-1.7509488165212146e-05	-6.750011991488243e-05	0.002759758150610377	0.009860966265031171	0.013590115918370182	-0.0001512371856438535	-0.006567663325901687	-0.001211107101086398	-0.00021214619562196798
6.840000000000001	1.5956906815433068e-05	0.00015670802375434265	0.0032110969046979117	-6.610277878491945e-05	-4.9230828860885656e-05	0.0027564605645481453	0.015092315770522828	0.002396317268003178	7.921261810750295e-05	-0.0024063994905714667	0.0046193587607444775	-0.000334278858759896
6.8500000000000005	0.00013771452971490078	0.00010985567520892436	0.0032104521534042202	-5.857277635808998e-05	1.1069847580856034e-05	0.0027552308422836773	0.007332226073950516	-0.011011387582564633	-0.00019616100351091737	0.0037928345693899884	0.006503908720085104	0.00012075113033449788
6.86	0.0001419179817585215	-3.0742697348941746e-05	0.0032092125028167517	-1.5801574151214568e-06	6.202132694541167e-05	0.002756939602971675	-0.006521422961009905	-0.014927815471591959	8.329209269580508e-05	0.006697937349060086	0.00288906759824818	0.00011453819327487747
6.87	2.6031173546558785e-05	-0.00014553842019996436	0.003212451419917872	5.6027725209856784e-05	6.026052492783598e-05	0.0027569780262073403	-0.014907001853173632	-0.006238063785738346	0.0004174801669421699	0.003935913424114184	-0.0031967755143139163	-2.434638054269185e-05
6.88	-0.00011218732960156623	-0.00013654179892223176	0.003214979644393459	6.58713470652782e-05	7.046438335993173e-06	0.0027580135951400927	-0.010560099612417963	0.007893666717653494	1.5419313206041065e-05	-0.002143780014582876	-0.006592790233762236	0.0002851527185975962
6.890000000000001	-0.00015425645017028223	-1.134703036932981e-05	0.003213510614327674	1.94942491583952e-05	-5.2431848901433496e-05	0.002761011257236768	0.0027723528437809284	0.01518314756224142	-0.00015886302759274032	-0.006371970401467116	-0.004362013577593612	0.0002044160185304386
6.9	-6.511291945236682e-05	0.0001234913806371427	0.003213653492556435	-4.301464013533279e-05	-6.75525273431097e-05	0.0027604945186767618	0.01369742188255513	0.009703393957598082	0.0001386313357804081	-0.005166901440488202	0.0015665984233717608	-0.00028396146083171334
6.91	7.964521280004095e-05	0.00015391593515991564	0.003213976787986452	-6.899168870004177e-05	-2.527899713691516e-05	0.002757883256684691	0.012965352211790192	-0.004135311545590292	-0.00016501097548228376	0.0003908048329434101	0.00626506443467496	-0.0001266347030578543
6.92	0.000155749459585409	5.2855706096373375e-05	0.0032106376390397904	-3.62737126472871e-05	3.914560448773e-05	0.002758288313838135	0.001090962918236612	-0.01447316610161453	-0.0003592091676951782	0.00561364509143914	0.005589479330036678	0.00010204795144829173
6.930000000000001	9.935003337722601e-05	-9.326983593197462e-05	0.003209786885150506	2.6812980169204627e-05	7.012105350386809e-05	0.002757962597595001	-0.011513608501971242	-0.012524881441642658	0.00021991342344434634	0.006026983380412994	0.00014868185134563343	-0.00020298795027545827
6.94	-4.143206548289366e-05	-0.00016077358982334708	0.003212780385264482	6.696354840063416e-05	4.1712508172527146e-05	0.0027560762203989266	-0.014428567656860614	0.00012026749181974139	0.0002314733601241753	0.001383563103325072	-0.0054342347115071965	-5.823254712904867e-05
6.95	-0.00014640264078492665	-9.097870197675088e-05	0.0032131124986424027	5.0069300514218203e-05	-2.287715110383892e-05	0.0027575553758822126	-0.004917771281687176	0.012704815266676984	-0.00014601554894381666	-0.004491968263206728	-0.006457053245662579	0.00029366201957362054
6.96	-0.00012641587952499914	5.586707273524234e-05	0.0032124201429562884	-9.532626345683975e-06	-6.814147998812044e-05	0.002759366422703974	0.008576597486278257	0.014419663792153451	0.00012041636599579822	-0.006507265023248141	-0.0019136077034697225	4.430902217480289e-06
6.970000000000001	5.929767725302476e-07	0.00015547963120206501	0.0032145650439364716	-6.113771210492411e-05	-5.54660825292414e-05	0.0027583567065629475	0.014842420189510552	0.003951659432144913	0.00017911734115594392	-0.003006801731257647	0.004264180466602693	-0.00010416845810106229
6.98	0.00012672315589193358	0.0001228341111412076	0.003213735437928304	-6.0766375706709546e-05	4.945673807029707e-06	0.0027588094266913265	0.008381434964455774	-0.009973473303782949	-0.0003243118927039279	0.003080133960829251	0.006858728265532677	0.00017902813691608336
6.99	0.00014449922760607822	-1.4197854276902674e-05	0.003210652110859616	-8.762032825140658e-06	6.137126845946678e-05	0.0027603801955254537	-0.005064828806767025	-0.015325725271554878	-0.00015996658326104495	0.006482924416143212	0.003548373721108681	8.629975364977575e-06
7.0	4.01508230394105e-05	-0.00013935559850563134	0.00321178390351545	4.97650988184172e-05	6.606728955114993e-05	0.00275832762840717	-0.014211997261776623	-0.007749036363743567	0.00025740441593571776	0.004366013717113521	-0.0026977565851784577	-0.00033079037648652194
7.010000000000001	-9.81368811408801e-05	-0.00014618712435367047	0.003213157011129804	6.584170217675631e-05	1.4866522532332725e-05	0.0027563732748927434	-0.011271990610493578	0.006496234654517865	-4.844809259460279e-05	-0.0013801469998699415	-0.006751906589381771	2.0074188819990196e-05
7.0200000000000005	-0.0001524496241204802	-2.8673826912727136e-05	0.0032115044932860583	2.6017993477529723e-05	-4.914071351356614e-05	0.0027577262963699406	0.001223490464358627	0.015185119775472919	-0.00015884834486065374	-0.005960200883381626	-0.005053440516172872	0.00013616729575507703
7.03	-7.758535922022161e-05	0.00011343343918938078	0.0032121023479573163	-3.5671473727531654e-05	-7.14144147189898e-05	0.00275745033634662	0.012635817716466661	0.01105865722092903	0.0002572665588476682	-0.005454117444674956	0.0009249184884265142	-0.00014632301950576093
7.04	6.32987415838858e-05	0.00015959812585121674	0.003213928721508392	-6.729963396312664e-05	-3.325377479909035e-05	0.002756711494160451	0.013337682907346942	-0.002575115200204883	7.100555637990713e-06	-0.0003510843894207241	0.006178614810877476	6.874819960827075e-05
7.050000000000001	0.00014981345945179597	6.943723426664567e-05	0.0032121949250874995	-4.141029271800066e-05	3.393809026334008e-05	0.0027590835832211483	0.0026595618391389887	-0.014011688922656147	-0.000258674857949192	0.0051230720672065435	0.006178318633537194	0.00028813259997593165
7.0600000000000005	0.00010947867220352723	-7.97900596458236e-05	0.0032116693695072736	1.975187908202447e-05	7.225649501793168e-05	0.0027602720586859726	-0.010132631516847854	-0.013571546866748727	0.00016784370041612482	0.006159664714817684	0.0008781679042730168	-9.821075239698557e-05
7.07	-2.361933597052925e-05	-0.00016209091834747433	0.00321381073569665	6.394350560068181e-05	4.9204421981196424e-05	0.0027585983807670612	-0.014427661501912286	-0.0015757092753622061	0.00011937636997579298	0.0020023455735307207	-0.005142174474894005	-0.00014212982156427053
7.08	-0.00013634179428190875	-0.00010625352075190282	0.0032126849288021723	5.3684984083395396e-05	-1.5928610916247322e-05	0.0027586274533796485	-0.006385905184732746	0.011845673521171713	-0.0002773213274864903	-0.00387964794214911	-0.006855480686302752	0.00010055257197155445
7.090000000000001	-0.00013308309055092918	3.9964311264208566e-05	0.003210952294313954	-2.2170562114053506e-06	-6.75928015663937e-05	0.0027586516905243157	0.006966505137595988	0.015169060764071632	4.862271284147328e-05	-0.006422759865368603	-0.002680820758269236	-0.0001678232629222796
7.1000000000000005	-1.6963300969064324e-05	0.00015286321534137794	0.0032130025760760154	-5.606034212440948e-05	-6.188802876715351e-05	0.0027559190496916283	0.014464149449660011	0.005626993992776517	0.00020807597523523336	-0.0035232854295104772	0.0037896702960202888	-0.00026356224870782425
7.11	0.00011357298114511252	0.00013555196636718186	0.0032129641773170343	-6.225630984361053e-05	-2.660380988820704e-06	0.002755704814301609	0.009599615259831823	-0.008805771805022745	-0.00020106377619157263	0.0023967987417481845	0.007110788344861189	0.0002160616982664638
7.12	0.00014708134039685908	3.021450163503048e-06	0.003210700204020746	-1.5156380313150479e-05	5.922246693403696e-05	0.0027585776350879734	-0.003377683467116592	-0.015669315709268092	-7.245304889885647e-05	0.006269574251765407	0.0043104831175532375	0.00020447448186494625
7.130000000000001	5.612205792890514e-05	-0.0001324987087575298	0.003212148390598422	4.4695321112232566e-05	7.08130399757853e-05	0.0027588161040622812	-0.013444798252156836	-0.00931126365899589	0.0002950556636672006	0.004782725089553559	-0.0021494829664178753	-0.00010710048119594269
7.140000000000001	-8.25553805861463e-05	-0.0001554557377255617	0.003213831948895017	6.675034812982451e-05	2.196789741486627e-05	0.0027587978503771197	-0.012115065504259783	0.005074456679881089	-3.316576622608036e-05	-0.000741466041380616	-0.006881289256608995	0.0001617999360861205
7.15	-0.0001504299201378235	-4.5930173028260986e-05	0.0032121876073274987	3.217535509512574e-05	-4.609871076287305e-05	0.0027609667455474416	-0.0004667942544199756	0.015107486182330772	-0.00014870344073586236	-0.005644645495885827	-0.005657064517139113	0.00014116590072861662
7.16	-9.080127558771777e-05	0.00010281266782981684	0.0032127256756194645	-2.9567896585651554e-05	-7.488685648521745e-05	0.0027598809916470554	0.011500571052275851	0.01236406221183701	0.0002181563023630777	-0.00574489374508996	0.00033084732058622217	-0.0003562328940126686
7.17	4.624554813172696e-05	0.00016452021196712815	0.0032142188829114974	-6.60936271298414e-05	-4.0078884773189716e-05	0.002756504381580749	0.013755704822270854	-0.0009842539745115004	-4.138791469098057e-05	-0.0009515406484138997	0.0061148134558618415	-0.00019681300229945254
7.180000000000001	0.00014360255432996165	8.593438457477462e-05	0.003211633826234361	-4.615817770828372e-05	2.9584083888128086e-05	0.0027565652985845645	0.0042224725760017625	-0.013472556733546245	-0.00035788569935685406	0.00463394629266564	0.006714806205556795	0.00015101343630113273
7.19	0.00011890367123974223	-6.570723909832819e-05	0.003209828760653956	1.264887949312392e-05	7.417707096712338e-05	0.0027572026305954017	-0.008782333393289947	-0.01452934713981702	7.995750305669441e-05	0.0062553549206586685	0.0015454113279081997	-6.567596912223392e-05
7.2	-6.494696031950759e-06	-0.0001620519396336782	0.003211763582626241	6.071282463173731e-05	5.5739360534850634e-05	0.0027566849563651417	-0.01437079795881812	-0.0032070335130893143	0.0001634403372660562	0.0026284324719248716	-0.0049534381356883365	4.509142736899359e-05
7.21	-0.00012597519700613085	-0.000120081991827567	0.0032116494095787863	5.709277904588893e-05	-1.0642546397584903e-05	0.002759174195593671	-0.00765602338802021	0.010901243352183466	-0.00012037032791513708	-0.003275810880946285	-0.0072572563343109376	0.00037255277776593955
7.220000000000001	-0.00013799236520022626	2.3975813084334585e-05	0.00321153832877303	5.224179953538303e-06	-6.798487382356935e-05	0.0027618202624630443	0.005435514058076785	0.01568392679863777	0.00019687203610376983	-0.006264531894667974	-0.003292176082084519	3.758276120283759e-05
7.23	-3.300232029591295e-05	0.00014830295677393173	0.0032152150075090524	-5.032817152118819e-05	-6.757721015464424e-05	0.002760099184245672	0.013970807799196981	0.007229391789767976	0.00036564200778839363	-0.004002620057453956	0.0033561896617298834	-0.0002643188846985358
7.24	0.00010014073977117483	0.00014665693152871948	0.0032157887101122496	-6.317309162182681e-05	-1.0040235073235151e-05	0.002758567370533522	0.01055999387212538	-0.007545519571829337	-0.0002747109387733004	0.0016381172657782338	0.00726528394362346	9.353363686145666e-06
7.25	0.00014756337531490597	1.9775477264593988e-05	0.0032115664767798082	-2.2203819991552222e-05	5.6184896422919465e-05	0.002758931424448052	-0.001770488355679003	-0.01581970124803527	-0.00039867574990436693	0.005889415600076926	0.004958290240027807	-1.7917471747501128e-05
7.260000000000001	6.997063166513968e-05	-0.00012402940505675493	0.0032099285544916487	3.720502036483045e-05	7.462618787890425e-05	0.0027569010525726806	-0.012590481804893744	-0.010705264583277186	2.456229922646523e-05	0.005087519964049662	-0.0015390499984744297	-0.00032182390872555666
7.2700000000000005	-6.721486748634549e-05	-0.00016259890675551824	0.003209979191294463	6.509382489612761e-05	2.9502910211626756e-05	0.0027550098165604908	-0.012668915382807197	0.0036100884482911776	-9.405323552523552e-05	1.9073355209482862e-05	-0.006777831063748303	4.001091360727343e-05
7.28	-0.00014622514296106659	-6.254052573381145e-05	0.003208824370050327	3.780171143204769e-05	-4.11299956513282e-05	0.0027569040532250118	-0.001943687323334973	0.014808150004066068	-1.5735816750362795e-08	-0.005046253113704465	-0.006234881358203998	0.00022541904581986695
7.29	-0.0001012142012760795	9.070667293511277e-05	0.003211539136815523	-2.1052502077801722e-05	-7.668603116610766e-05	0.002757891357348272	0.01028545347983366	0.01347829857373985	0.000507223884054388	-0.005849207712275091	-0.00031638847728088194	-5.45527868458386e-05
7.300000000000001	2.9667912332482926e-05	0.00016740352473479782	0.003216055544148071	-6.188454994469934e-05	-4.684449396802277e-05	0.002757606262494268	0.01381344977647456	0.000602925359837819	0.00021900450831207943	-0.0016774482377154363	0.005841022828767524	9.371788058257688e-05
7.3100000000000005	0.0001346711074918454	0.00010108401575508948	0.0032150964173955285	-4.9482000598768503e-05	2.3277234974752882e-05	0.0027602288231717313	0.005567798392380784	-0.012812672616644913	-0.00033089754854024564	0.003937074354749624	0.007059052654606372	0.00034779872033107096
7.32	0.00012541094602072113	-5.12032979613571e-05	0.0032127112530941125	4.9576361121451724e-06	7.340528527717872e-05	0.0027616636915130245	-0.0072512627111511185	-0.015321568845337804	-4.535516723593182e-05	0.006090565755310784	0.002193067798480072	-0.00012398126391415442
7.33	9.89829317027861e-06	-0.00016083782024176442	0.003212891427771113	5.487748701981657e-05	6.094458641896207e-05	0.0027588892795111747	-0.014050100889163787	-0.004856162249642477	-4.763518533207288e-05	0.003118047687145003	-0.004499219784425149	-0.0003003084521857341
7.340000000000001	-0.00011420116954517254	-0.00013369996735548408	0.0032107497030474655	5.8182652811276884e-05	-3.6273860254646266e-06	0.0027574636622900313	-0.008836945927953472	0.009877910628348956	-0.00033643498332122396	-0.0025262156053499347	-0.007420602340511984	1.712753279033617e-05
7.3500000000000005	-0.00014091399723884732	7.757552556256833e-06	0.0032088198977846517	1.2086781224334859e-05	-6.525692610078566e-05	0.0027575385253754497	0.003857482604577894	0.016207030911217866	9.534873363198046e-05	-0.005959964606692714	-0.003960556815940302	-0.00010260052113229049
7.36	-4.829163343437708e-05	0.00014333891971606764	0.003211964571750185	-4.365134173697743e-05	-7.161031458035436e-05	0.0027555129161924365	0.013271985182421418	0.008759219286319	0.0003768116279728999	-0.004336701035183734	0.002806556269737128	-0.0001705704230045314
7.37	8.526851197004e-05	0.00015689122028748155	0.0032138198509136812	-6.203949419167462e-05	-1.6914252268875946e-05	0.002756088277725398	0.01134086543663149	-0.006277393985992953	-5.660036030299509e-05	0.0009708670041235803	0.007273647344818011	0.0003244296746694995
7.380000000000001	0.00014550170834048794	3.658994602504921e-05	0.0032122971245440576	-2.7027245472115637e-05	5.247249163127942e-05	0.0027599110311377784	-0.0001838805271258318	-0.015882459976728804	-8.180095715321444e-05	0.005429481207961719	0.005498812084772863	0.00026968319467211545
7.390000000000001	8.24949144484056e-05	-0.00011500073887557985	0.0032134157509644775	3.0495227695298612e-05	7.702121356876389e-05	0.0027601807213053315	-0.011469420057253205	-0.012091552211428358	0.0002494527647043257	0.005192659035123755	-0.0009462279752135145	-0.00015019150532532261
7.4	-5.038073945633591e-05	-0.00016911689734076379	0.003214527536507425	6.213008307427903e-05	3.6277949547295046e-05	0.002759029083533722	-0.012988463014719542	0.0021263729139289955	-0.0001406252356577313	0.0006233109271600468	-0.006592994793035995	-5.90274241551017e-06
7.41	-0.0001394829250002424	-7.88538947128208e-05	0.0032114686230881244	4.085964759680092e-05	-3.551105042721987e-05	0.002759802981473728	-0.003483246961723935	0.014510326773716426	-0.000336836394815101	-0.004530902399539602	-0.006611361449748225	5.144543614866082e-05
7.42	-0.00011034290803866052	7.881753681105336e-05	0.003210368505677525	-1.4827662400329406e-05	-7.67403704936547e-05	0.0027580769819721784	0.008864699918819049	0.014613281941965107	0.0001464599590402936	-0.005748048479930831	-0.0010173394747090164	-0.00038316454589354295
7.430000000000001	1.2500544245273798e-05	0.00017005646726845044	0.0032124154068963098	-5.779321222549689e-05	-5.265758868770647e-05	0.0027547274546745686	0.01376174640854173	0.002166238758481099	8.9179556454184e-05	-0.0021620075634442857	0.005467701702884073	-0.00014829521064256288
7.44	0.0001243226676308837	0.00011567987400883376	0.0032114876423480275	-5.1760585028576086e-05	1.6784836848726706e-05	0.002756037620845367	0.0068428593014036535	-0.012157437038457416	-0.00019023017294388553	0.0033009998043420476	0.007327092402014977	0.0003354832089810541
7.45	0.00012998730766989762	-3.695831102405816e-05	0.0032111067335215807	-1.8166268889899577e-06	7.205723983749943e-05	0.0027587472760857135	-0.005748258250368161	-0.016025829873676702	0.0001630643152687982	0.005894097212372372	0.002888713885838461	9.718270492094074e-05
7.46	2.5446729199982155e-05	-0.00015857781271507568	0.0032134764520742255	4.898827501346589e-05	6.630854848246423e-05	0.002758814903180688	-0.01351076381131541	-0.006347175565537893	0.00016681350273923162	0.003525804686382543	-0.0039829968502414475	4.341146794793942e-05
7.470000000000001	-0.00010043978824621459	-0.00014500521592789018	0.0032128130337499275	5.8457363768937146e-05	3.920401370112701e-06	0.002760433151560747	-0.009693613551146205	0.008817165323517808	-0.0002790780514610597	-0.0018044441795218797	-0.007507355928756292	0.0002506271701604934
7.48	-0.00014058244669840997	-8.411323590754667e-06	0.0032107942895433237	1.8462390558204955e-05	-6.142814780020641e-05	0.0027616453663699566	0.0022410692233305984	0.016406241832569154	3.406420006104202e-06	-0.005557992132387016	-0.004569312891312344	-0.00011035065920953822
7.49	-6.215943657268684e-05	0.0001356502925498997	0.003213071665724822	-3.652093158556959e-05	-7.449811120138834e-05	0.002758169624064338	0.01227294270004559	0.010157154676680429	0.00028614828516247107	-0.00463443515661031	0.002182612303448706	-0.00046117949349980876
7.5	6.905088697557756e-05	0.00016410086131770437	0.0032139293716756823	-6.051576775852721e-05	-2.3829198556799923e-05	0.0027553891067386865	0.0118976901083822	-0.004924457752192544	-0.0001473074276967452	0.0002090031030370701	0.007175797990478612	-2.0189532434026927e-05
7.510000000000001	0.00014094904413882928	5.2090525698069105e-05	0.0032116202903449847	-3.272105240524072e-05	4.777010670234691e-05	0.00275635058036604	0.0013993138577546036	-0.0157091054024267	-0.00017163422596720533	0.004891433941268513	0.006011465967681941	0.00010904951684731415
7.5200000000000005	9.345535093689257e-05	-0.00010434871329080057	0.0032119800969130736	2.2741856462744988e-05	7.8625652798783e-05	0.002756274858983957	-0.010168078531709635	-0.013176892812883968	0.00015978881597764947	0.005364264706792979	-0.00032000593435150984	-7.397886243954204e-05
7.53	-3.318735032350441e-05	-0.00017246609927313268	0.0032126593662416157	5.888850635233198e-05	4.244649190779874e-05	0.002757045832293028	-0.013183789311955591	0.0006604445295106412	-0.00014010890331437787	0.001305675002336372	-0.0063566943069547355	0.00030208810767401976
7.54	-0.000131367151402128	-9.327928281083934e-05	0.00321059624611803	4.5058529033924254e-05	-2.9795559372416095e-05	0.0027611396055021676	-0.00495175166119068	0.013914685149719521	-0.00016547698492853973	-0.003831716041828814	-0.00695682294740116	0.0003726766803412415
7.550000000000001	-0.00011829402160217181	6.514679099743044e-05	0.0032114524370322637	-6.4332278811993936e-06	-7.611854281110548e-05	0.002762114629135669	0.007364307906084852	0.015358076465491418	0.0003333129732906973	-0.005653900367576718	-0.0016335214987424696	-0.00020917025272152966
7.5600000000000005	-4.987616743130864e-06	0.00016895770539649882	0.0032149255123555794	-5.208367397104659e-05	-5.7732936061387225e-05	0.0027588896514054552	0.013554705831112079	0.0037502142190190897	0.00018401709618107574	-0.002766760439042019	0.005056388525398356	-0.0002913496594970976
7.57	0.00011238549694935729	0.00012869142068692147	0.0032143814376349614	-5.327121405105481e-05	1.025483184640596e-05	0.002757685866767515	0.008090154204121578	-0.011155458884300886	-0.0002510365849915334	0.002533523836283666	0.007461492159674316	-1.648027861833951e-05
7.58	0.00013375221929159858	-2.1298845216691943e-05	0.003212582667748059	-9.129711094852423e-06	6.952242515663351e-05	0.002757018422472748	-0.004134188503356707	-0.016507094221619917	-3.5945593468739194e-05	0.005601055309719947	0.0034677227789144333	-0.00019235376855945244
7.590000000000001	4.155694368269462e-05	-0.00015346121647766942	0.003212724243610032	4.261239405230394e-05	6.933832578519863e-05	0.002754768214034462	-0.012892220989405638	-0.007836942900726717	-5.1337226730859436e-05	0.00395150642829913	-0.003506743467680725	-0.00010929937778891877
7.6000000000000005	-8.611638838493558e-05	-0.00015427383975244832	0.0032107047762744076	5.809740107975068e-05	9.50619034250092e-06	0.0027562045465098855	-0.010623097183105371	0.007656585106320412	-0.0003097247151940584	-0.001086271890020525	-0.007493846152826144	0.00038142899884509686
7.61	-0.0001402478465662043	-2.3551627458062567e-05	0.003208965553905215	2.4304022933636635e-05	-5.861100237361828e-05	0.002759847083185461	0.0005985914068133139	0.016471190047333353	8.745356101109231e-05	-0.005098566605078767	-0.0050554390041270035	0.000193932157593596
7.62	-7.583368055577942e-05	0.0001277391992295758	0.0032127888350409407	-2.949605774875673e-05	-7.701222652098178e-05	0.002759597623479603	0.011313958954287506	0.011401620473374091	0.0005087855042454432	-0.0048430850628197065	0.0016588725352950895	-0.0001431329327115269
7.630000000000001	5.2936549232042695e-05	0.00017041808930770474	0.0032157253884853806	-5.821804802658931e-05	-3.002896274082045e-05	0.0027590751517913683	0.012405027109445188	-0.0035462431586129497	-1.8667523761933817e-05	-0.00044560033265580117	0.007040884287623535	9.272195107588743e-05
7.640000000000001	0.00013608140508187345	6.753451302868443e-05	0.0032139332385367958	-3.728496438198962e-05	4.28163835487603e-05	0.002760159522404804	0.0029665739371786126	-0.015388475254741458	-0.0002080374265424201	0.004281780813768531	0.006378114158843598	1.859004578924391e-05
7.65	0.00010388199254774669	-9.28779428136733e-05	0.003213241618951516	1.4793192521223287e-05	7.909586313408238e-05	0.0027583438055507376	-0.008936491574996404	-0.014225161166635162	5.324911528514654e-05	0.005347039204015744	0.0003289330210516313	-0.00035801875572995836
7.66	-1.702309530280638e-05	-0.00017445520030393908	0.003212769208239233	5.3999537003085204e-05	4.79969138523529e-05	0.002755594099256557	-0.013308049553398697	-0.0007861366625232267	-0.00023004478000024793	0.0019017412953388482	-0.006070383529198849	-8.882921599582516e-05
7.67	-0.00012309411679845415	-0.00010643832732491309	0.0032093843320062437	4.721906537548554e-05	-2.4330119185017774e-05	0.0027567372701925268	-0.006272953339496997	0.013265105779404164	-0.00029464275042035695	-0.0031482120306843948	-0.007246443080819025	0.00020979071374730533
7.680000000000001	-0.0001245478399899078	5.2282159929021075e-05	0.0032094901504013174	3.780368683853652e-07	-7.590979877880067e-05	0.002757231312537271	0.00597984079641355	0.016020359027246852	0.0003425422441622077	-0.00551139788033919	-0.002283716516984238	-0.0001121311579599028
7.69	-2.05911389180671e-05	0.00016700946927390825	0.0032136028793539892	-4.6803662409454964e-05	-6.317257315654875e-05	0.0027560981798766216	0.013194445169668272	0.005083094027654398	0.0003160897287597386	-0.003197388847479775	0.00469174456068036	-4.128745926898747e-06
7.7	0.00010023689780125686	0.00013878421624702436	0.0032140607890369915	-5.3778018533320616e-05	4.286493534358787e-06	0.002758244411276084	0.009080896002954008	-0.010261480549198067	-0.00014828817316165494	0.0019047105626556465	0.007728696188643005	0.0003648233398412709
7.71	0.00013523384611203204	-7.749176568199023e-06	0.0032132747308238688	-1.4802751631994312e-05	6.824246512766333e-05	0.0027607716568103786	-0.002594900149000571	-0.016769151724096765	9.657711034192919e-05	0.005288942820330007	0.0040794504586275605	5.3935045590466757e-05
7.720000000000001	5.5549952917275984e-05	-0.00014794838555671634	0.0032150191154708767	3.638601703838019e-05	7.405795654084795e-05	0.002759694006745212	-0.012124390089969872	-0.009069275780065562	9.570993895588631e-05	0.004184583177462233	-0.00301190327595218	-0.00015232594962845308
7.73	-7.143425162662224e-05	-0.000161906473243921	0.0032132457744264973	5.681708108702014e-05	1.633226003742552e-05	0.0027594546023833964	-0.011254153374891118	0.006492190998445223	-0.0004074679456411692	-0.00043882410139636964	-0.007604227436136724	0.00010450490631138837
7.74	-0.00013695957251289937	-3.782427114981678e-05	0.003209817158993057	2.9287354956770878e-05	-5.5452286739214895e-05	0.0027599706215908006	-0.0009059580710551189	0.016381792368531923	-0.00011515570077914048	-0.004634231669301227	-0.005633028071679413	-0.00013618971348818075
7.75	-8.679865498003149e-05	0.0001184531377361907	0.003211439799210436	-2.2401291871273367e-05	-8.012465584623085e-05	0.0027567164387565435	0.010194492994127618	0.012408797677768823	0.0002831479194989865	-0.004913547173542432	0.0010733337366989574	-0.00040093639630115884
7.760000000000001	3.7292397490067826e-05	0.0001737271245529237	0.003212912670969978	-5.4896109305899846e-05	-3.6566149194679237e-05	0.0027548202002570738	0.012631980063612639	-0.0022545660588557167	-7.892383367545502e-05	-0.001093451318108253	0.006951946042026483	5.47562940668219e-05
7.7700000000000005	0.00012906940734182083	8.050592041386953e-05	0.0032112289540210726	-4.0953443062336486e-05	3.855805069788426e-05	0.00275665832951838	0.004349677471986498	-0.01490678663322095	-0.00011143055408586462	0.003685148235617616	0.0068917149588545775	0.00019547907918254575
7.78	0.00011176968845694416	-8.127570725725508e-05	0.003212236057537373	7.738414187299898e-06	8.100202979938164e-05	0.0027570690929415195	-0.007557219808274142	-0.014929864926212117	0.00025562718127501146	0.005281230814402213	0.0009314147564013572	-6.929833955314642e-05
7.79	-5.75616792764697e-07	-0.00017409822111443107	0.0032137997162535077	4.990867126596427e-05	5.4599797002404907e-05	0.002757362612132881	-0.013150801940071349	-0.0021293376798287786	-5.958247951384455e-05	0.0024635579711092667	-0.005828553942803921	0.00021306695752339286
7.800000000000001	-0.00011232078920987337	-0.00011772298016579377	0.0032118036242402646	4.9917997067970244e-05	-1.8768245566239273e-05	0.002760694088918732	-0.007470912362577715	0.012482343797509721	-0.00022992336386610217	-0.002492313280858185	-0.00767976137166322	0.0003181670418151332
7.8100000000000005	-0.00012892417809822314	3.8968530024884886e-05	0.0032116839918497867	7.547735819214696e-06	-7.607193629568935e-05	0.002761072379521622	0.004424085512719042	0.016441781120637242	0.0002537154536412706	-0.0053303492723040195	-0.002914191965584564	-0.0002634021830982647
7.82	-3.631731058423586e-05	0.00016317431831757895	0.003214610797875511	-4.1310230866245875e-05	-6.855913964565922e-05	0.002757754075698181	0.012653005449833629	0.006399880362005417	0.00014142765135608518	-0.003679038841069825	0.004328626240153506	-0.0002270787448453569
7.83	8.678755069356609e-05	0.000147935847151253	0.0032133630404209434	-5.5290393031699404e-05	-2.076134100067395e-06	0.0027575770149884282	0.01003435482414545	-0.009220204976169644	-0.00031279869400081703	0.0011394156152077246	0.007901082125118074	0.00015534842276155206
7.840000000000001	0.00013556193829014764	6.550870405633603e-06	0.003211110443135569	-2.204364411803527e-05	6.609247666492544e-05	0.0027583795920324006	-0.001012657227697966	-0.016880225625770205	-2.3744088484248366e-05	0.0049639246022338615	0.0046865694981564005	-5.491696849820733e-05
7.8500000000000005	6.93397765043564e-05	-0.0001408840206509167	0.0032125423178498394	2.975201513887441e-05	7.812142372785e-05	0.002756830349056387	-0.011235708548558817	-0.01029302429445816	0.00017002643590546912	0.004599725499028263	-0.0024699013420560255	-0.0001008918820565053
7.86	-5.613988569996744e-05	-0.0001684507916715501	0.0032121904163274592	5.628332804155827e-05	2.362696185131888e-05	0.002757649706971226	-0.01187567488267906	0.005226957452764612	-0.00021415708228811068	0.00030000848447435505	-0.007596796160445656	0.0002776000492437037
7.87	-0.0001335425279143664	-5.220134156993893e-05	0.0032104549223734365	3.526496138823563e-05	-5.1345471527363925e-05	0.0027601870313209	-0.0024586990983041057	0.016204091321971308	2.2931698510922953e-05	-0.00416825142005181	-0.006197974625784173	9.699528388505326e-05
7.880000000000001	-9.838987103211926e-05	0.00010879108683653808	0.003213194439355902	-1.5046520744720172e-05	-8.252881690436178e-05	0.0027593635030614037	0.008987299882224391	0.013499465236301463	0.00039133906962581964	-0.0051457039995972155	0.0004535282222332845	-0.0001784600761290256
7.890000000000001	2.023410178686335e-05	0.0001775124085806131	0.003214849085490469	-5.2730611338212595e-05	-4.3304032955197853e-05	0.002758597428878076	0.01285647477399769	-0.000855292589593989	-9.664640662557484e-05	-0.0017868141016647806	0.006792996865005678	7.155002968820233e-05
7.9	0.00012106122099798758	9.459568443382531e-05	0.003212627676319404	-4.518491702200059e-05	3.330509658328021e-05	0.002760060154201154	0.005777296647893578	-0.014420689170916113	-0.00019512701583355906	0.0031514834317663584	0.007296102037965126	7.057570295912892e-05
7.91	0.00011950567095515445	-6.870758938737425e-05	0.003212949264998131	7.405010629865172e-07	8.10593311177359e-05	0.0027586317832815383	-0.0060948371497194734	-0.01572929458094916	0.0001918078417318491	0.005329355244791816	0.0015562164192373022	-0.00032312948949242496
7.920000000000001	1.64369622555508e-05	-0.00017368644982702601	0.0032136225280387327	4.595416078244665e-05	5.9531314912530544e-05	0.0027562237447329497	-0.012893632261728492	-0.003563350749371431	-0.0001709087813177761	0.0030293090950077066	-0.005555266460314868	-2.0800091477325115e-05
7.930000000000001	-0.00010041634973696356	-0.00012987627834193705	0.0032102846011409624	5.2096463909731746e-05	-1.3521938967875908e-05	0.0027580435567888424	-0.008676210059898916	0.011615206551327344	-0.00036511005778208373	-0.001889397126207911	-0.007880698126415819	0.0002523818276362046
7.94	-0.000132375507387245	2.4272949268803626e-05	0.0032092455694307394	1.4211525822110991e-05	-7.475731697567661e-05	0.002758709536646293	0.0027708035133824486	0.016871108921906873	0.00020346360375111247	-0.005110326475824987	-0.003443084612986321	-0.00015816511937235625
7.95	-5.253199647638072e-05	0.00015844394450048293	0.0032126269128063202	-3.5508324580941856e-05	-7.229475251346183e-05	0.0027567637936017583	0.01197977134252081	0.007809607275795852	0.00029318176788782776	-0.004075377453886355	0.00391300164155564	-9.160599647134576e-05
7.96	7.193711205494052e-05	0.00015694221833264916	0.003213389019369252	-5.505948893912832e-05	-7.825418758351637e-06	0.0027578701599474628	0.010981501874469628	-0.008034460296772145	-0.00011308735293982865	0.00046677980831734086	0.007980132228372886	0.0002551880784669255
7.970000000000001	0.00013528131935515545	2.1926686985843216e-05	0.003212957958995263	-2.7747295913305555e-05	6.341233802667041e-05	0.0027596684397912384	0.0007054439994418787	-0.01690413864988398	0.00011275185976901375	0.004549702943794449	0.0051814030257954875	-1.0769789704283518e-05
7.98	8.393694042447633e-05	-0.0001324911327979442	0.003214488048670395	2.2833452480978663e-05	8.095907104772906e-05	0.0027583021400220437	-0.010214879028599976	-0.011567961495248146	4.814891562272285e-05	0.004802040585897714	-0.001968372744481907	-0.0001286414803784536
7.99	-3.8776834950589885e-05	-0.00017441224035021693	0.00321244748641841	5.405581682975939e-05	2.9612890699879884e-05	0.002758797266068643	-0.012427848686469428	0.0038423507934447826	-0.00043472922184934414	0.0009721226663457249	-0.007496907355929541	0.0002342988545744408
8.0	-0.00012833864507279214	-6.760771250399206e-05	0.003208647022191897	3.9554779921195315e-05	-4.6859705249728984e-05	0.002760851465936718	-0.004136856649846018	0.015838256055574335	-0.00016256923218235282	-0.003629208484774969	-0.006589044734650892	2.879180191660395e-05
8.01	-0.00010954367260476825	9.686613888962761e-05	0.0032104749046118703	-8.076962341371444e-06	-8.328835398830684e-05	0.0027585230804483326	0.007648643625089561	0.014511946122220567	0.0004074716172737726	-0.005141446215925734	-0.0001350316143360676	-0.0003842513767644302
8.02	2.6614885545798856e-06	0.0001793988268128066	0.003213378416096052	-4.844445313986423e-05	-4.885120347511657e-05	0.002756071491618519	0.01301501920371326	0.0006494142525061624	8.312834437875576e-05	-0.0023277153603145128	0.0064674812104327	-3.1360905136600226e-06
8.030000000000001	0.00011221170438498682	0.0001082948362852842	0.003212809822865112	-4.7570316376958804e-05	2.7591146312785378e-05	0.0027574666599513432	0.007212472928362033	-0.013737282596182523	-5.960008276967051e-05	0.00248977412425949	0.00758280737364093	0.0001744868828196107
8.040000000000001	0.00012649900817665664	-5.4941008060411084e-05	0.003213781008854766	-6.340814842311199e-06	8.07753745721725e-05	0.0027577030580232817	-0.004592763361135676	-0.01640452676751821	0.00021284255981404127	0.005135908995016717	0.0022567165625157976	-0.0001024458469226884
8.05	3.335046966874911e-05	-0.0001715198284065662	0.0032144113514678504	4.055552087597799e-05	6.551084684866941e-05	0.002757508599362869	-0.012573106931460057	-0.0050390545384336426	-0.00017599641759937862	0.003536503943934446	-0.005103299671184923	0.00014873523049021068
8.06	-8.7922093345894e-05	-0.00014120762350132183	0.0032107385568976403	5.353450322581924e-05	-6.0982244310883605e-06	0.0027605069112701065	-0.009802177017974966	0.010586783205268697	-0.0004038117561352344	-0.0011681643805365532	-0.008075126849277114	0.0003254542669754825
8.07	-0.00013448377013523094	8.756478324255001e-06	0.003209504388489418	2.1344132235808615e-05	-7.201736472105597e-05	0.002761306223250437	0.001173480410051796	0.017129682564730905	0.0002094663271948965	-0.0047578062103368	-0.0041082309539518394	-0.0002181635649976112
8.08	-6.767034246022634e-05	0.00015166388199540357	0.0032129063239875535	-2.8187737185317835e-05	-7.664018791700436e-05	0.0027579113445768367	0.011196371781479982	0.009167150381897525	0.0002878870448755722	-0.004416635570935072	0.003284298629876937	-0.0003068562728971074
8.09	5.6578005938530144e-05	0.00016482542905093525	0.0032134524829233635	-5.406225719039553e-05	-1.5779946203033124e-05	0.0027572172484146523	0.011690921552077644	-0.0067571007243954345	-0.00014139669656885242	-0.0003489800033056724	0.007924618250695773	0.00012641241974878777
8.1	0.00013231613402662413	3.710819938156978e-05	0.003212196267803513	-3.412879807586852e-05	5.8595566138981524e-05	0.002757953518828601	0.002289336918724244	-0.016792721155915773	2.3068296512860316e-05	0.0039983652304840245	0.005778132323091582	-5.142453948075114e-05
8.110000000000001	9.574476640425273e-05	-0.00012254490424676529	0.003213527787753919	1.4653426919138282e-05	8.302225006826619e-05	0.002756644763390391	-0.009084116675790134	-0.012642960060811791	9.834506713547349e-05	0.0050139592844852835	-0.0012859588798961976	-7.842938639370877e-05
8.120000000000001	-2.2591622663539027e-05	-0.00017759944634569954	0.0032124214615645292	5.148885955024723e-05	3.629738055842007e-05	0.0027580731047036947	-0.012713871107012813	0.0024773253551714463	-0.00034718200626954865	0.0017581298707383384	-0.007337249731695783	0.0003697696944407543
8.13	-0.00012132583702356847	-8.126221618439163e-05	0.003209216109682256	4.458778618054264e-05	-4.15562179570567e-05	0.0027614158509974797	-0.005545582111347119	0.01528431984639968	-0.00013057946727705605	-0.0030170313046197143	-0.006976891269859768	0.00013758144181339583
8.14	-0.000117789683522925	8.403021687530175e-05	0.003211014215362286	3.847339091363675e-07	-8.36478402799945e-05	0.0027600199609555233	0.006229645407240752	0.015214108270907125	0.00038922100772833016	-0.005174329399435882	-0.0007988748665454838	-0.0003234576265010734
8.15	-1.4290990879443631e-05	0.00017803461321714306	0.003213880114570851	-4.4489744996089735e-05	-5.474499487189702e-05	0.0027575730864695313	0.012839039432511296	0.002087220199574245	5.914111754702456e-05	-0.0030853772596849795	0.006116333074009275	-7.134648167879504e-05
8.16	0.00010110382058154004	0.00011964503187550294	0.0032125228043060933	-5.19024130969438e-05	2.113525061941349e-05	0.0027579404270333136	0.008461129142329844	-0.012815782022813988	-0.00019510625199819427	0.0017174829547780574	0.007835972204501253	3.6500976637844835e-05
8.17	0.00013100750932276	-4.0389744023837626e-05	0.0032122010903323844	-1.5271959163952412e-05	7.904366112463554e-05	0.0027568402635357453	-0.0029573382949361154	-0.016722783966124553	0.00010215278217676197	0.005046147572153592	0.0028676171622331074	-0.00022317982360692292
8.18	4.9905249494856325e-05	-0.00016601881078364715	0.0032125413680762194	3.473753228546296e-05	6.966351717719677e-05	0.002755620994742898	-0.01201065329354491	-0.006377989727637504	-0.00014761514291713494	0.004168692619218244	-0.004630161352812605	8.269240658760348e-05
8.190000000000001	-7.383358399051523e-05	-0.0001493866973975838	0.003209380272462138	5.574427072979475e-05	6.859932954355811e-08	0.0027582222413838056	-0.010811859369118076	0.009416446758479007	-0.0003574086791683395	-0.00031069530249125475	-0.008163834726685552	0.0003128784698499089
8.200000000000001	-0.0001352789536837664	-5.8271944795782786e-06	0.003208408422528458	2.983480999160727e-05	-6.91505348374644e-05	0.002759641956283561	-0.0005536293740970074	0.017082393716390337	0.00023221262528558812	-0.004457762913596973	-0.004641031711044395	-6.92036521402483e-05
8.21	-8.268211340339971e-05	0.00014269538378797563	0.003212302874192724	-2.0769766846374622e-05	-7.954948531376669e-05	0.0027582874309650066	0.010305346045775692	0.010287139697163166	0.00038489438185472714	-0.004888892893100088	0.0027681874987988014	-6.570655375747505e-05
8.22	4.0699616027859255e-05	0.0001692953909178632	0.003214077057533519	-5.380046525627087e-05	-2.151911066644469e-05	0.0027592318780539095	0.012413944956616917	-0.005376148902719297	-2.938548490179298e-05	-0.0011879365727968782	0.007929968790492344	0.00024060504517239915
8.23	0.0001291922096537007	5.170468068378537e-05	0.003213849583347617	-4.1212183238862605e-05	5.5055147166217954e-05	0.002760507453546275	0.00396471814997436	-0.01631073995739344	7.927546539012648e-05	0.0035187544341997875	0.006203050789013327	-7.975666029926406e-05
8.24	0.00010842228884099115	-0.00010981091526299157	0.003215201940469158	6.353481767137848e-06	8.445131322790995e-05	0.0027580122492614884	-0.007832662106229085	-0.013499011676676108	7.147628210035655e-05	0.005297738964485946	-0.0007789713328914061	-0.0002572481705814951
8.25	-4.825333345046868e-06	-0.00017774032906519278	0.0032130644374474267	4.899001966382317e-05	4.153466057033887e-05	0.002757223028407718	-0.013029426682051476	0.0009669540374169165	-0.0004676127729748638	0.0025523354025038902	-0.007118606807213572	9.444281773578028e-05
8.26	-0.00011393457006639478	-9.391025523753739e-05	0.0032081532967325648	4.9727480253892745e-05	-3.663246516679626e-05	0.0027586163949448513	-0.007138811789344125	0.014466650014562805	-0.00032690738529691436	-0.002417254275346219	-0.007286666968455476	4.830531697427103e-05
8.27	-0.00012689535675039338	6.959952881451957e-05	0.0032083217714632723	8.459924644720746e-06	-8.325080894331219e-05	0.002757204152882215	0.004779120747590428	0.015735885982942097	0.0002777187391646242	-0.005221752099216541	-0.0013355616779968504	-0.00024053047204749636
8.280000000000001	-3.195407626860241e-05	0.00017427117247084968	0.003211021827225989	-3.9867688756875904e-05	-5.905615135204228e-05	0.0027561602146321863	0.012729598669125548	0.0035311154617862018	0.00016710538016530014	-0.0036743799281754265	0.005807862810065227	0.00010089804717578358
8.290000000000001	9.000228304744225e-05	0.00013001133398260478	0.0032118862042067125	-5.4642085959890955e-05	1.5759864853661112e-05	0.002758382815505059	0.00979585980038159	-0.011660448703125086	0.00011580153059585759	0.0009360602410076509	0.007970901482881702	0.00021952751580458404
8.3	0.00013566724671799002	-2.4610049495519882e-05	0.003214818947537205	-2.369165256522428e-05	7.697129237249455e-05	0.0027586636162628504	-0.0013857238153763545	-0.01693321464135859	0.0003944384467299078	0.004801114834809556	0.0033394242668447864	-0.00013433853087907864
8.31	6.610996602549092e-05	-0.00015876075815207677	0.003216770628820759	2.7591466877179313e-05	7.249714642633194e-05	0.0027578353140999567	-0.011465079351887033	-0.007758349744543711	-0.00010653508655501444	0.0046453877618737646	-0.004186191845983395	7.89026834950494e-05
8.32	-5.963902316343553e-05	-0.00015703340735007674	0.003212975410564164	5.5639182411873957e-05	5.546666277263613e-06	0.002760104211209763	-0.01171891008648106	0.008022409346544317	-0.0005291353724940772	0.0005433694788714191	-0.008127214014914431	0.00026601357922755107
8.33	-0.00013485179462659026	-2.195689209799409e-05	0.003209527388684013	3.689798901762382e-05	-6.600502345965051e-05	0.0027607955077129957	-0.0021894948891153032	0.016902607001446177	-6.226299245783469e-05	-0.00400257898078837	-0.0050708303673262034	-0.0001741780338836633
8.34	-9.668590796408685e-05	0.00013191880891930938	0.0032107317904490488	-1.2679448223712322e-05	-8.130276860485395e-05	0.002757933529021405	0.009271194124552308	0.011465347664530527	0.0001405089420158196	-0.005162889617401438	0.002248605210640743	-0.00025234559352612084
8.35	2.3548714751931722e-05	0.00017307863317308066	0.003210875326232151	-5.1212871608340546e-05	-2.7076553348009835e-05	0.002757248913456944	0.012860549544813558	-0.003823977500324082	-6.478030671551815e-05	-0.0019460572710570062	0.007738152437319204	0.000112112700192207
8.360000000000001	0.0001231893035553568	6.699259534868905e-05	0.0032112511961256513	-4.606109201897224e-05	5.0237358792005296e-05	0.0027580335556767733	0.00558182615772127	-0.01577568468100068	0.00021851379441831896	0.0028720259416988867	0.006535656057011961	-3.7025682965775634e-05
8.370000000000001	0.00011879652821030458	-9.647964365288243e-05	0.0032149359655250062	-1.823724120426421e-06	8.485796735896641e-05	0.002756906471186608	-0.006442784412681554	-0.014358304221106706	0.00033695113177667295	0.005312037938266768	-0.00019178504112911615	-6.241279619336025e-05
8.38	1.3115988778449638e-05	-0.00017756984032520298	0.0032152067634366485	4.422077981524129e-05	4.665029326763476e-05	0.002758147635260349	-0.013011406656015741	-0.0005886105519855659	-0.00028796563857224196	0.0031808597843172312	-0.006839661425467079	0.0003279953028733859
8.39	-0.00010335299310324737	-0.00010700057048133662	0.0032115018075938064	5.2373117843698214e-05	-3.139163009752175e-05	0.002761330838483926	-0.008509963011468372	0.013572914657841755	-0.00027239636291879777	-0.0016321588693707886	-0.007535931148946821	0.00018343675108314336
8.4	-0.00013238511657350825	5.462078114269712e-05	0.0032112483603116385	1.662395406399231e-05	-8.221582091909335e-05	0.0027603344863187346	0.0031620211518632374	0.016272161531910342	0.00016332419974266524	-0.004972240099375518	-0.0018860143542556466	-0.0003163600556641529
8.41	-4.88761049691953e-05	0.00017040152890159102	0.0032119229527057458	-3.3049254010322977e-05	-6.325561505311936e-05	0.002757768206982442	0.012238335880019656	0.005016127812661139	-9.440122354976073e-05	-0.004182117401236953	0.005397245287397214	-9.861215899861745e-05
8.42	7.607964385227789e-05	0.0001406252667400294	0.003210138710542899	-5.489982574250056e-05	9.81937716339723e-06	0.002758114252354551	0.010837168860759765	-0.010452952285733652	-0.00013481899815471837	0.00016906827789654562	0.00804622566197703	7.061986554818714e-05
8.43	0.0001364752373410565	-8.552255883140281e-06	0.003211165455562459	-3.0462018883926385e-05	7.417319216403322e-05	0.002757396272412464	0.00030221892495343376	-0.01709132066012745	0.0003245658007855033	0.004367931018444614	0.003821841720149898	-0.00018889690869237027
8.440000000000001	8.089589687372187e-05	-0.0001508506484100535	0.0032139151086573907	1.9743582814983863e-05	7.521735316945539e-05	0.002756157897545755	-0.010577708760368437	-0.009119173732701404	9.24196362471252e-05	0.004902440594757968	-0.003655174663793633	4.746755204749433e-05
8.450000000000001	-4.3569091216151056e-05	-0.0001639657177484701	0.003212244187820328	5.336127766950953e-05	1.1429256691961076e-05	0.0027586052911403557	-0.012387259800918725	0.006680936230116144	-0.0002952457953160118	0.0012782207075722031	-0.008052630572841108	0.00034752562253067735
8.46	-0.000131135028000596	-3.73446002765907e-05	0.0032110759769927843	4.1788344114675e-05	-6.171801081175477e-05	0.0027603784545802653	-0.003814625447812972	0.016689268606898743	0.00011109006659404477	-0.003393851898095937	-0.005442152071163919	-6.808951439144456e-05
8.47	-0.00010816984325142957	0.00012128256086998133	0.0032133562504356723	-4.970794917417775e-06	-8.219536632102528e-05	0.0027585542103585685	0.008071635668099304	0.012544584975018704	0.00019255514264672127	-0.005245743370900473	0.0016892754550812004	-0.00018563399395363968
8.48	6.878833579359216e-06	0.00017623679207254836	0.00321296891602181	-4.762087828212168e-05	-3.2820842865243984e-05	0.002758354353566895	0.013106416638847105	-0.002398952427292003	-0.00025089078185924014	-0.0026278918132803886	0.007437951040153479	0.0001320815538629593
8.49	0.00011593132865502854	8.097356081940666e-05	0.0032111523984500318	-4.9802563536971375e-05	4.4457710254536816e-05	0.0027590676827401227	0.007036425924627803	-0.015160863951297251	3.180770104805192e-05	0.0021992950279063443	0.006792441196021664	-8.99698750755237e-05
8.5	0.00012688158518333573	-8.318192983155721e-05	0.0032130626256702054	-9.906446522197372e-06	8.364099561659429e-05	0.0027567022776567745	-0.005036569389700617	-0.015126974900899868	0.00022498589524962636	0.005190868253156844	0.00045176553475674954	-0.0002313748569528353
8.51	2.9550457060832466e-05	-0.00017640707446073747	0.003213105591354431	3.882062991002509e-05	5.1431818547271965e-05	0.002756400619542532	-0.012893875226761959	-0.002024811975029055	-0.00022144025745002803	0.003791553674349392	-0.0063762831433788435	0.0002023222031973592
8.52	-9.279593377055066e-05	-0.00011861992825995128	0.0032105065435755567	5.447545201766969e-05	-2.4940240611729676e-05	0.002759264189837986	-0.009699256453902346	0.012654593040899534	-0.00011953657475038142	-0.0008866483893522096	-0.0076800705855769235	0.00022435571012078333
8.530000000000001	-0.000136648339596024	4.003019570192725e-05	0.003211771641182544	2.4042726195219828e-05	-7.953928949162086e-05	0.002759404938698402	0.001623472844036204	0.01660441030686149	0.00030982379239680435	-0.004745866527044115	-0.002427266699040594	-0.00013119934499115977
8.540000000000001	-6.46423214395425e-05	0.00016496253817219222	0.0032139026442562996	-2.691009201373928e-05	-6.652723253873315e-05	0.0027588663000975627	0.011650685650714074	0.006364389834058303	3.3166563156982215e-06	-0.004649516582305087	0.004856919193712183	9.69888574076308e-05
8.55	6.196311242732201e-05	0.0001486511650027594	0.0032123444484789066	-5.508429014362868e-05	3.4009980826094624e-06	0.0027606532325370903	0.011713780199960947	-0.009331044601685838	-0.00017600452132472398	-0.0005197272943271194	0.00802302565310524	0.00015561783610410572
8.56	0.00013624725021239563	5.952359342191783e-06	0.0032124968257594344	-3.650663068607038e-05	7.013090877280756e-05	0.0027596892532086316	0.001998422619035876	-0.017004953301716717	0.0001925928576902172	0.003929872662687245	0.004318712684256673	-0.00033722186971117576
8.57	9.532900415156608e-05	-0.00014188579247759444	0.0032141900722614846	1.273909704075289e-05	7.710297832414944e-05	0.0027563178059014926	-0.009584046324530686	-0.010217207562187084	2.5398414152655074e-06	0.005165972620451705	-0.003060636051183742	-0.00021508270027736662
8.58	-2.709879006398653e-05	-0.00016836357996784454	0.0032118710476079044	5.1383136543721567e-05	1.7919316646315256e-05	0.0027564902133293957	-0.012976335660943781	0.005296570903840547	-0.0003523077053611896	0.0019781919024545913	-0.007841180295258019	0.0001794360262595812
8.59	-0.00012640291932192746	-5.167649690119463e-05	0.003210249472819444	4.6443036647544424e-05	-5.666787136689196e-05	0.002757589740622046	-0.005354711702998741	0.016243001107189643	9.851628391382826e-05	-0.0028797135719049543	-0.005936935238845252	-1.7582438794199173e-05
8.6	-0.0001187466627555431	0.00010928282816641612	0.003212407229361082	2.1068942644227546e-06	-8.323970249917485e-05	0.0027570185943923153	0.006818051035747664	0.013427218719997785	0.00020592867780714393	-0.0053254557217096415	0.001070405658091852	3.4112494663006264e-05
8.610000000000001	-9.935328003251568e-06	0.00017705199212123451	0.003212316900253485	-4.447203242493691e-05	-3.85788243128501e-05	0.0027592799950819646	0.013214288147557818	-0.0009011105725059553	-0.00016366513670980872	-0.0032599814938117826	0.00714818183911226	0.0003590890274124518
8.620000000000001	0.0001071138459213688	9.434776492797519e-05	0.00321131423364896	-5.34837022864856e-05	3.854430318567109e-05	0.002761760791262233	0.008400247768347593	-0.014326819811375948	7.849087232385135e-05	0.001570246576989741	0.007061487315756173	-6.407302429181675e-07
8.63	0.0001336919228563464	-6.827020503776721e-05	0.0032136107382292217	-1.7658036599220714e-05	8.232872112179394e-05	0.0027592942079810185	-0.0035336446993346165	-0.015699911595223773	0.00025608859249759614	0.005066209689748681	0.0010300068265805316	-0.00036808726243986554
8.64	4.642229634924897e-05	-0.00017278465982884767	0.003213917689665358	3.343117476730006e-05	5.6016469793992174e-05	0.0027570057948871126	-0.012533169255501504	-0.003544992068498774	-0.00022095651421842665	0.004352600284407161	-0.005895247590431467	-2.659245349835555e-05
8.65	-8.016004592527779e-05	-0.00012909593576314947	0.0032106802895699588	5.626263438111885e-05	-1.8156995503775402e-05	0.0027576884263018557	-0.010820526453350517	0.011575226297764233	-0.00025133474138200264	-0.00013396383723464638	-0.007758570925429542	5.0394992411300266e-05
8.66	-0.00013904306991135965	2.4652798514075134e-05	0.0032110003983942276	3.119690398000606e-05	-7.653260818115079e-05	0.002756439326077061	-6.274344090848701e-05	0.016793951110045415	0.00022230582189635976	-0.004479691185062624	-0.003018974412318777	-0.00022284273518373963
8.67	-8.03153528386939e-05	0.00015745395961637944	0.0032124903622370517	-2.0660474669175034e-05	-6.952751970766098e-05	0.0027556952085418347	0.010902149468132059	0.007642314185775252	-3.252258986996514e-05	-0.005085404492827613	0.004323681994638755	0.00014603905156758366
8.68	4.7056230883747937e-05	0.00015503631663940745	0.003210771062550371	-5.5375855471168965e-05	-2.9012304157744166e-06	0.0027590023243241704	0.01259412393874126	-0.008024630386848274	-0.00018356392133335952	-0.0013201619235685075	0.007927200348373	0.00039129903299576883
8.690000000000001	0.0001349567392333059	2.0779501040691625e-05	0.0032113352510822948	-4.335465293571509e-05	6.598224906984306e-05	0.0027607295140626	0.0036715375439393917	-0.016766173971567846	0.00031244473728099504	0.0035103663802420262	0.004792154683100373	-6.709581780056321e-05
8.700000000000001	0.0001089607309068669	-0.00013124437579772996	0.0032142674484258865	5.146667217785806e-06	7.855506969679331e-05	0.0027595173992383567	-0.008496930723685696	-0.011237226980760347	0.00017014003256449225	0.005467861877874305	-0.0024577421055998853	-6.551114550754571e-05
8.71	-9.768283183437573e-06	-0.00017057497772340863	0.003213359024552755	4.9704666563689136e-05	2.3895796469863404e-05	0.0027599291846308184	-0.013392092708519526	0.003948331771032454	-0.0002683265881387377	0.002746211137662779	-0.007619581319961337	9.679882007413661e-05
8.72	-0.00012027090546050185	-6.455522171855346e-05	0.003211648843319097	5.225442388933762e-05	-5.125225965931028e-05	0.0027591556439860608	-0.007016292690786477	0.01563616969227535	1.515205487108849e-05	-0.0022729744570184657	-0.0062292082530204405	-0.0003051376228555776
8.73	-0.00012921410837131068	9.679234874332669e-05	0.0032128009889725766	1.055642499528421e-05	-8.273339591184344e-05	0.0027554585390950665	0.0053932426320394125	0.01411255405628018	5.532518793652234e-05	-0.005435770632600213	0.00043401223653484293	-0.00027829509378605506
8.74	-2.7832863317488987e-05	0.00017532817769636022	0.0032111302079248683	-4.0575103342561685e-05	-4.353004075855427e-05	0.002755349210095043	0.013265730101155735	0.0003913471957261897	-0.00033678558793321387	-0.0039753185951187575	0.006805196461193544	0.00023414981363978647
8.75	9.709759843720724e-05	0.0001043003138449596	0.0032087393897301353	-5.7171083489877343e-05	3.2924159715566536e-05	0.002757904742371456	0.009804519285142152	-0.013467087978918038	2.5930612627974947e-06	0.0008951314338674029	0.007274892299881312	0.00017094897977192364
8.76	0.00013999610979840033	-5.532071963155813e-05	0.0032115070101656957	-2.5539708230231437e-05	8.089335585950568e-05	0.0027578920185623032	-0.0019123262995264206	-0.01599985318001496	0.0004141228951438649	0.004964352374041328	0.0015845379062115411	-9.307256562763358e-05
8.77	6.373464601168747e-05	-0.00016818115678499188	0.0032138942749671343	2.771305407489871e-05	5.993853070835364e-05	0.0027581085911451675	-0.012142264379258055	-0.004780451813892592	-1.5087675459110546e-06	0.004833487380889179	-0.005480191855549666	0.0001803398863248325
8.780000000000001	-6.707847960141937e-05	-0.00013705978039129987	0.0032126951108847274	5.7047248342968576e-05	-1.2250092203382925e-05	0.0027601786638964516	-0.011982800664976105	0.010469313732021979	-0.00010209441795682364	0.0005973371404538743	-0.007815079671911623	0.00010309422740959747
8.790000000000001	-0.00014134273505395445	1.053199136296641e-05	0.003213370947294326	3.802040043313708e-05	-7.33162103340999e-05	0.0027589685708961794	-0.0017058620262567232	0.016791999247029336	0.00019968482754081858	-0.004134858271350911	-0.003492355322690104	-0.00026883195683843225
8.8	-9.560137512276172e-05	0.00014934684640119223	0.003213855725998327	-1.3480711945422271e-05	-7.193618399632009e-05	0.00275700673744994	0.01014192212683758	0.00876992008094389	-0.0002008097360810312	-0.005376054450805092	0.003750900746091403	-1.8300366067907277e-05
8.81	3.1492965299057155e-05	0.00016009831382944392	0.0032100081175834663	-5.360677677048853e-05	-9.269683440450933e-06	0.0027583521873331815	0.01329141332676518	-0.0067389822075450976	-0.00039682955435755733	-0.0020156070173811113	0.007780527072644945	0.00019336838842891243
8.82	0.00013222616468427578	3.5119807924399034e-05	0.003208798046668443	-4.850621587785474e-05	6.0815351293257585e-05	0.002758670804026028	0.005319065691652253	-0.016382147349215764	0.0002027360626295833	0.0029328067994229645	0.0051800466023054995	-0.00016089687472617452
8.83	0.00012149554363424092	-0.0001200559520856441	0.003211897753231183	-2.9221101869766585e-06	7.923517174140535e-05	0.002756936271511966	-0.007327205376704637	-0.012187252561383909	0.00021398433950592296	0.005503337674507592	-0.0017886972057291415	-8.047826575549614e-05
8.84	7.607773441730505e-06	-0.0001722378727888348	0.003212439588670951	4.5229496559723756e-05	3.0026222627961026e-05	0.0027581495128760295	-0.013662688076733131	0.002558104632355751	-5.367368324045946e-05	0.003356899822808257	-0.007297866446710726	0.00025708936008227704
8.85	-0.0001122960765083359	-7.752962596247815e-05	0.003213014964131973	5.482921845862203e-05	-4.4806101939062766e-05	0.0027596434721124984	-0.008484577760091329	0.014926258752966787	0.00022444731139480723	-0.0015752233318112737	-0.006520391035202009	-5.575087082580908e-05
8.860000000000001	-0.0001369978848796241	8.299329649276077e-05	0.003215714595792002	1.8043941723474426e-05	-8.129065233998908e-05	0.002757960875062727	0.003956317830010453	0.014655437783040265	0.00014805237521027764	-0.005243870075048319	-0.0002170798379095148	-0.00013568043372077013
8.870000000000001	-4.468521866065223e-05	0.00017229754273790743	0.003214057620165098	-3.486824747845311e-05	-4.8420919598572456e-05	0.002758628544005569	0.013055098911518102	0.0017958895976971927	-0.00043460676700286186	-0.004489011254039743	0.006301562384441766	0.0002663164386314113
8.88	8.551782781076121e-05	0.00011444348156110261	0.0032101235383777686	-5.8362454830363166e-05	2.5886354809548227e-05	0.002760640953214314	0.011008723413126862	-0.012435284515543519	-0.00021158509203699462	0.00014518937629280464	0.00739974987128056	7.72439465390499e-06
8.89	0.0001437512767803811	-4.0660219663770084e-05	0.0032107544850158436	-3.2679003725133256e-05	7.798013426118202e-05	0.002758391409111979	-0.0002944691290151084	-0.01618046082631735	0.00024401345108032564	0.0046203952758985785	0.0022427737030041705	-0.00035074111838006905
8.9	7.982482335338708e-05	-0.00016130480782718131	0.0032120838908607794	2.0912690811731816e-05	6.383765670491376e-05	0.0027566851604805664	-0.011472776439941506	-0.006027353941349447	-4.024725627868488e-05	0.005258019003177465	-0.004854931322429276	5.3125498533695876e-05
8.91	-5.170228680778077e-05	-0.00014382651677527944	0.00321108040960871	5.694206116613193e-05	-4.971927349329294e-06	0.0027584942741738835	-0.012805253245429565	0.00919896878991714	-1.512801952624914e-05	0.0013624239420829633	-0.007838637650149608	0.00016380707698206452
8.92	-0.00013952922598270474	-4.162612778253578e-06	0.0032131353068306613	4.448987135435629e-05	-6.957090555772307e-05	0.00275800508073364	-0.0033924406449751935	0.016598069960169347	0.00034971341496400617	-0.003671422927986275	-0.004103193976800004	-0.00018957668653880527
8.93	-0.00010907168997207038	0.00013920898855631551	0.003215100030850138	-6.303581279606185e-06	-7.47445130380539e-05	0.002757338777908007	0.009020867811679245	0.009792572480302773	-4.697743384165946e-05	-0.005712391741333025	0.0031519982663711266	0.0001367994491701394
8.940000000000001	1.4464577552583913e-05	0.00016302717869063054	0.003212404113477578	-5.245052172780337e-05	-1.6084591965227786e-05	0.002760165749560125	0.013754600314655864	-0.005365753789457476	-0.00036392455781892176	-0.0028029755450920684	0.007655287109016914	0.00032253593868763244
8.950000000000001	0.00012583292023204092	4.821084298738107e-05	0.0032108979897795156	-5.4374368567537904e-05	5.5833944782803856e-05	0.00276095269276121	0.006843055263886876	-0.015814499376946733	0.00013200147449798178	0.0024384069763329725	0.005639420281515495	-0.0001902252163256535
8.96	0.00013089725667163164	-0.00010776588865356254	0.0032128106101438777	-1.051492810737795e-05	8.030747094220174e-05	0.0027581981243037	-0.00592316211507082	-0.012911502037608038	0.00010940966300907416	0.005698173647996503	-0.0011350349962788062	-0.0002130533946514338
8.97	2.4647228714941588e-05	-0.0001716435364249355	0.003211848193999335	4.276077532759574e-05	3.6298773755044436e-05	0.0027581638795471145	-0.013657117198342962	0.0011247664201868776	-0.00024481330843653855	0.004110925487880838	-0.006948339550035617	0.000138681439708255
8.98	-0.0001024591669890502	-8.923700883252395e-05	0.003210474671837659	5.969635791449652e-05	-3.8132040533174114e-05	0.0027586706002924186	-0.009816949196930942	0.014068839271761304	8.893982867429686e-05	-0.0009604988866570968	-0.006795327927916372	-0.00011670556044609435
8.99	-0.00014290168642036913	6.900147624445766e-05	0.003212698822224412	2.5964474741536783e-05	-7.990807456415274e-05	0.0027565492463862786	0.0024184945174396105	0.015121345572421977	0.00020458299030897258	-0.0052722591281396764	-0.0009015358306917295	-0.00017072955329221486
9.0	-6.106751900222812e-05	0.00016795997090953742	0.0032125376009167136	-3.0158658106907e-05	-5.349281405007668e-05	0.002757028875420437	0.012655400723922508	0.0031309469848930143	-0.00024609816455175296	-0.005071747912549094	0.005794393037392242	0.00025260754220224227
9.01	7.269855226045987e-05	0.00012316801288082761	0.0032105142111792722	-6.04853734922903e-05	1.8613121775174576e-05	0.0027594686649476123	0.01205625777284227	-0.011370832454029272	-2.712363313146513e-05	-0.0005475115627573375	0.007497146935105204	9.40685121432372e-05
9.02	0.00014524589784847426	-2.639829675590155e-05	0.003212703408771105	-3.9938315411676245e-05	7.454895596155423e-05	0.0027586477366681105	0.001316184475151918	-0.01623536477746504	0.00033637110060523115	0.004352141754407063	0.0028301129751271605	-0.00015918901671492945
9.030000000000001	9.440138893492697e-05	-0.0001535030962200513	0.0032141538457043967	1.4464478411197345e-05	6.67686217755735e-05	0.002758489132513247	-0.010705877082891117	-0.007166134123657971	-0.00011190509374864869	0.0056703806048576605	-0.004262762536215532	0.0001666516703918029
9.040000000000001	-3.715173664668652e-05	-0.00014905607874785202	0.0032117855009540872	5.6545674293655784e-05	1.9245474676813477e-06	0.002760607746741949	-0.013543339071146155	0.007938776123806505	-0.00022025835829454727	0.0020841068866666685	-0.00767260937645721	0.00012898069360556497
9.05	-0.00013739834004171693	-1.832189902503452e-05	0.0032118861061754245	5.072796910305266e-05	-6.409982810667858e-05	0.0027594279244904088	-0.004963151434714782	0.01620251693800604	0.00019115418811981057	-0.003187044658311519	-0.004537688426727532	-0.00033750862851017016
9.06	-0.00012118261659713467	0.00012777704551799463	0.0032131512896905867	1.6868068632838248e-06	-7.56940157760531e-05	0.0027570103921344988	0.007977830747962343	0.010681413049798043	-7.415112499646206e-05	-0.005868218960606658	0.0024325556187526267	-3.054872877697174e-05
9.07	-1.5465848071680426e-06	0.00016392259025174765	0.003210824109031201	-4.9339450940344855e-05	-2.2563157496939607e-05	0.002758314901890781	0.014077670169892009	-0.003959868628810082	-0.00024332176352978154	-0.0035177748769575183	0.007332792120936655	0.00016963960681602993
9.08	0.00011966309475131486	6.0953556013851454e-05	0.003210737257998633	-5.8557982530684974e-05	4.939718556121057e-05	0.0027582608081545713	0.008317031568763514	-0.015074844558379378	0.0002474179438895894	0.00180602614966684	0.005931889075618532	-0.00020406681382836752
9.09	0.00014000436785975605	-9.370851411150279e-05	0.0032135209786375895	-1.8110718057958472e-05	7.920322257559955e-05	0.002756122538274077	-0.004616203418527975	-0.013451223970184669	0.00015525719299349787	0.005678117889470595	-0.0004544134540001303	-7.517015831081221e-05
9.1	4.084730944540686e-05	-0.0001680890014065277	0.00321250172642882	3.848268062349426e-05	4.1349727870124734e-05	0.00275780123535459	-0.01364259169262524	-0.00026420324537491924	-0.0002794317109803767	0.004714231871709307	-0.00651948685644247	0.0003441420551005333
9.110000000000001	-9.330172287004183e-05	-9.90847669909379e-05	0.003210855076610853	6.227360581354898e-05	-3.162882336036337e-05	0.0027602623716130514	-0.01112486341990806	0.012977493838218921	5.962130519398547e-05	-0.0003146063815404008	-0.00692660437833364	2.334814440877837e-05
9.120000000000001	-0.00014918326199975612	5.392069248890461e-05	0.003213051180815696	3.323040278152589e-05	-7.714597565035252e-05	0.002758847705783709	0.0008691753276880709	0.0152656559998059	0.00021633588287448574	-0.005060085684395073	-0.0014928276956980623	-0.0001747388106500295
9.13	-7.792469215368373e-05	0.00016105392394130796	0.003213080232153133	-2.43567449814882e-05	-5.663402181017697e-05	0.0027585510659016853	0.012258895379713716	0.0044380563009497566	-0.00022444642447833968	-0.00553468624067031	0.005268293574810074	0.00012150120214823707
9.14	5.987512745126465e-05	0.00013078992826500032	0.0032109739553789307	-6.146644336653653e-05	1.2216410082768786e-05	0.0027594691984651216	0.013180609403315106	-0.009994898985805193	-7.129869949807618e-05	-0.0013021921543379437	0.007447219020652895	-5.367753843678715e-05
9.15	0.00014731257813192946	-1.015989652806354e-05	0.0032125755821703437	-4.68128304763734e-05	7.046948223049499e-05	0.0027571976726670313	0.0029174112111315874	-0.016049861628299883	0.00024037133294906228	0.004018664241375125	0.0033034485338436837	-0.0003090041130939502
9.16	0.00010897618155813011	-0.00014268837799573966	0.0032130721110586106	7.517900579810975e-06	6.851436451712398e-05	0.0027559527961562706	-0.009986744086792971	-0.008338645696269577	-0.00020359850268582684	0.005992921613836826	-0.0036720526413137108	0.00013277115997422645
9.17	-2.2536103877467272e-05	-0.00015284022785316367	0.003210063247465096	5.557343397047003e-05	7.873242190340081e-06	0.0027586146192927425	-0.014256472542637191	0.006410657126846364	-0.0002142181874716714	0.0028710491434885983	-0.007494804607413977	0.00025138935452145123
9.18	-0.00013509976354337744	-3.3469810305827524e-05	0.003210668327099543	5.6703081135263603e-05	-5.901106125556897e-05	0.00275882160810047	-0.006526754423256486	0.015673247226842615	0.00031220835943246536	-0.0026527133593848137	-0.004877611817109722	-0.00017242953228533426
9.190000000000001	-0.000133486100414805	0.00011469986321851615	0.0032132279929566743	9.835908777606578e-06	-7.560665817766742e-05	0.0027575650349736113	0.0068419095248562906	0.011589187620390152	7.61779141839304e-05	-0.006031470453978912	0.0018387065106594156	-1.1974160795511387e-06
9.200000000000001	-1.8322341170587832e-05	0.0001644016277588347	0.0032120965367479193	-4.563505468136108e-05	-2.7622451109912236e-05	0.002759259835165926	0.014374392421822335	-0.002388492964503394	-0.0002142741137296517	-0.004204136606597615	0.00698220497791315	0.00022221852935160245
9.21	0.00011224277603006698	7.456617797208508e-05	0.003211680182863026	-6.249511178309064e-05	4.337506032411843e-05	0.0027596663112389426	0.009733185746573851	-0.014203372405097382	0.0002011830331354598	0.0011078244156961944	0.006128639455342722	-0.00019196658054692914
9.22	0.00014790733844145029	-7.845037336196532e-05	0.0032138521442321754	-2.6595896771013488e-05	7.735199024763224e-05	0.002757372120304605	-0.003190951101255772	-0.014034791725526827	8.532951060745505e-05	0.0055420518971052634	0.00010896247692059527	-0.00015046702392055124
9.23	5.760517475160945e-05	-0.00016427965236917138	0.00321216826287586	3.240866493284522e-05	4.4902305914707186e-05	0.002758045098493273	-0.013437889904764959	-0.0018120381106958314	-0.00033297720017955396	0.005297159016039839	-0.006098411239322464	0.0002184739716573184
9.24	-8.146423039145573e-05	-0.00011017434745082594	0.0032103263640096227	6.378660858339733e-05	-2.6103476494973047e-05	0.0027595322600531716	-0.012262566118444788	0.011782294837257555	5.6007877114842245e-05	0.0005031987116018896	-0.006989863289681364	-3.976628162573885e-05
9.25	-0.0001519901994155498	3.733968297896908e-05	0.0032130271851728647	4.0842179636646175e-05	-7.457354722492215e-05	0.002757670389897226	-0.0007030045477217852	0.015428907706073044	0.00034001473962178594	-0.004726058730955425	-0.0019563641444046704	-0.0001843136505322534
9.26	-9.28497616725205e-05	0.00015268596094935948	0.0032138005755794367	-1.7046681326672803e-05	-5.94366394314237e-05	0.0027577132101866127	0.011569374603215356	0.005838334801226114	-0.00019006975813055474	-0.005950292305526448	0.0047561368787463615	0.00019205412742007825
9.27	4.535082576819195e-05	0.00013754516618941912	0.0032114733201031257	-6.034798656778713e-05	6.28699680219475e-06	0.002759732781089693	0.013920615156038684	-0.008591563941391087	-0.00011499194693414141	-0.00205206676518654	0.007345442075392532	7.728229648968442e-05
9.280000000000001	0.00014547039669156873	5.654346358715105e-06	0.0032126617648069677	-5.245207023091096e-05	6.619095260776856e-05	0.002758592335303111	0.004554594564554884	-0.01576345825066229	0.00022049942260706496	0.0035449762869318897	0.003716801833208451	-0.00021191509557907985
9.290000000000001	0.00012209967087475914	-0.0001313250985664127	0.003213087884406882	2.3012749426549244e-07	6.97785227770609e-05	0.002757823878213647	-0.008867765061919537	-0.009467497937775427	-0.00018527119092457165	0.006171133861155297	-0.0030710333287370306	0.00013582044178034357
9.3	-5.453172144752217e-06	-0.00015620948866247025	0.003210232341343755	5.2741828754448276e-05	1.372168177600352e-05	0.0027600235295231635	-0.014649635392468746	0.0048588840873698465	-0.0002221413198149078	0.0035085036593457512	-0.0072221965134944095	0.00016879497557164105
9.31	-0.00012860896049621064	-4.871029463358176e-05	0.0032109033939299652	6.0798180129443116e-05	-5.332918089235235e-05	0.0027591805576608593	-0.008067086261591413	0.015011498340421977	0.0003227761229654589	-0.002045681646443097	-0.005174174788037542	-0.0002901751828987147
9.32	-0.00014287246289772227	0.0001004662706300656	0.0032135934533538153	1.7430771240632994e-05	-7.491184310418495e-05	0.0027568477316232526	0.005479812728609711	0.012436873231566474	6.938674200398682e-05	-0.005983601209330035	0.0012296075995363066	-5.798180481974503e-05
9.33	-3.495764630595425e-05	0.00016339878351119848	0.003212283283579305	-4.1438780475627817e-05	-3.245942729901101e-05	0.002758244821503418	0.014392396238888609	-0.0008201749412256091	-0.00023889956279611135	-0.004842220272650709	0.006580934032942013	0.00023004502725874505
9.34	0.00010270574000975667	8.719829199823837e-05	0.003211830243866212	-6.486472558254409e-05	3.732229846333463e-05	0.0027590874807423686	0.011036522499482199	-0.013240761938275357	0.00019407749810291012	0.0004691709368968834	0.00628615208079162	-0.00011016527474152803
9.35	0.00015351371821143716	-6.305855149439383e-05	0.00321395177393965	-3.329845266883777e-05	7.495069919689147e-05	0.0027577345575019742	-0.001702501519151221	-0.014454151603051885	7.886693328646409e-05	0.005390330258084271	0.0006534336527777062	-6.365821446176072e-05
9.360000000000001	7.334447166816327e-05	-0.00015904960734559184	0.0032122672668845084	2.715096659806299e-05	4.835332206124011e-05	0.002759072709024297	-0.013056239047785466	-0.003226096464271468	-0.0003428400208225635	0.005739482709617313	-0.005550803825068618	0.00028391523631020473
9.370000000000001	-6.934855998253266e-05	-0.00011909733014765429	0.0032102064486675312	6.454864721151114e-05	-1.9159807712895087e-05	0.0027605672035429327	-0.013306359855368741	0.01055401650342199	3.078169259170092e-05	0.0011716737549961978	-0.006874646034876475	-6.57594281351746e-05
9.38	-0.0001541034373054127	2.1779143971104674e-05	0.003212493649735678	4.74132742910894e-05	-6.991114141859022e-05	0.002757949354196239	-0.002303366676922912	0.015453320489994128	0.00028014980802925846	-0.0043541266210452125	-0.002456972732323189	-0.0002962865627694863
9.39	-0.00010780656579089773	0.00014417632565168139	0.003212949534692405	-1.0208213375572719e-05	-6.117196750956357e-05	0.0027568831493626667	0.010836858455319539	0.007065447330060676	-0.00018114698668176565	-0.006271123777011319	0.004076365889020643	0.00011274305423610473
9.4	3.0343775399799345e-05	0.00014294537479412917	0.0032106239849097697	-5.923267142052766e-05	-3.200531055258508e-07	0.002758658332980816	0.014652962312820516	-0.0072263652996217	-9.844269500344397e-05	-0.0027896500216881255	0.007137994912382984	0.00011054330870906165
9.41	0.00014285537583577542	2.0656981142184387e-05	0.003211963141525272	-5.7780886820572264e-05	6.04161292233934e-05	0.0027578635412803193	0.006109667621882104	-0.015354581718406856	0.00026593198957025176	0.00305569232184949	0.004096551408550519	-0.0002000252298976145
9.42	0.00013412410706759676	-0.00011914700581924144	0.0032130811196333237	-6.878222223037854e-06	6.97619395331137e-05	0.0027571752699176734	-0.007722885082756441	-0.010409503304305921	-0.00011791740464242196	0.006350504673469869	-0.0023977415355017186	0.00011672799823658387
9.43	1.1204174908063991e-05	-0.00015693024118681347	0.0032108948756854367	5.033095566205003e-05	1.931295442707528e-05	0.0027593524943587667	-0.01493698708590561	0.0034023229184545864	-0.00017143600428701057	0.004178786679897245	-0.006853607488585555	0.00017143414267480446
9.440000000000001	-0.00012115115482605158	-6.13996098994657e-05	0.0032117730851889095	6.491799813771502e-05	-4.718818860392503e-05	0.002758789795089326	-0.009511844351443144	0.014244115492579564	0.00031522302670550787	-0.0015074102093617708	-0.005417345315696489	-0.0002562237550940259
9.450000000000001	-0.00015106395039815379	8.654337235624655e-05	0.0032143736179440683	2.437575422553195e-05	-7.322516581300775e-05	0.002756753374543454	0.004064044705479824	0.01299068804141927	6.303685661202957e-05	-0.005989379552805088	0.000612628652235022	-4.244077501162329e-05
9.46	-5.1929203152098724e-05	0.00015963714509005346	0.0032123097815096573	-3.732582634165045e-05	-3.649502524935148e-05	0.0027585364712813067	0.014205669766394919	0.000559098560956243	-0.0003340675277391927	-0.005381033209973109	0.0061265743324356095	0.0002742577491595792
9.47	9.158311361739702e-05	9.680979856148471e-05	0.0032107949347915453	-6.772635960744356e-05	3.119175594270448e-05	0.002759465781512995	0.012319763871892823	-0.01214691314889254	0.00013161433139499573	-0.00022277402844511044	0.006344254058537015	-0.0001299944440854743
9.48	0.000158233225377475	-4.819587955343121e-05	0.0032132717935791045	-4.0658137837656886e-05	7.201217017804573e-05	0.002757341677501712	-7.22394987832785e-05	-0.014587750443130067	0.00020815976971713887	0.005236254442768366	0.0011782865108205234	-0.00015156835822075892
9.49	8.979508262363538e-05	-0.00015165710353341532	0.003212720153119916	2.14795349690485e-05	5.143326438174513e-05	0.0027579076954643436	-0.01252960742657721	-0.004498222643130933	-0.00027841408291472223	0.006251724672583346	-0.004988020238916332	0.000243099695048189
9.5	-5.499873941030741e-05	-0.00012578944234453246	0.0032110719565166786	6.564602001930051e-05	-1.2893802344307942e-05	0.00275975121381575	-0.014197989949033419	0.009237984956266211	4.274236947066798e-05	0.0019006907507184486	-0.006850725152133481	-2.1457229752162924e-05
9.51	-0.00015328613143306624	6.643620799416205e-06	0.003213199745085324	5.4197593649978035e-05	-6.565222240631071e-05	0.002757890892574203	-0.0038871943634475764	0.015212829376729992	0.00021441885405182077	-0.004023600295267589	-0.0028966311339930976	-0.00021541222924362523
9.52	-0.00012075621223138807	0.00013330973375630026	0.00321302877978796	-3.4228380181992604e-06	-6.244945797907499e-05	0.0027575574608205127	0.009870771714254963	0.008142523634777868	-0.0002543917294810085	-0.006620170761842348	0.0034961315086397137	0.00017481757573729352
9.530000000000001	1.4629787445260536e-05	0.00014582404958289	0.003210254398125224	-5.838832837959416e-05	-6.2024915147710395e-06	0.002759554053385764	0.015101013926653839	-0.005758404971239512	-0.00013787862058590878	-0.003528014105237836	0.006831172180263563	0.00010256218205496205
9.540000000000001	0.00013787495470430556	3.5044122024182613e-05	0.003211702849349552	-6.373520772635677e-05	5.453454167673424e-05	0.0027583282227677344	0.007632769507701035	-0.014697734813684199	0.0003309950441105191	0.002542571191583504	0.004394583597463459	-0.00026310600865135625
9.55	0.00014416596896951728	-0.00010525459718290989	0.0032138707397827183	-1.4732957869851376e-05	6.894421795857142e-05	0.0027567725299679144	-0.006501853629430279	-0.011134221474994172	-7.154208726740387e-06	0.006491084291004322	-0.0017585671947180173	4.886833261697215e-05
9.56	2.7485770930184584e-05	-0.00015500579058109527	0.0032121875605096387	4.713555294259835e-05	2.4477696478709053e-05	0.0027585123025384998	-0.015012421231216145	0.001918018403535433	-0.00017987027636228513	0.004902858009442885	-0.006423800289320763	0.000176291713278854
9.57	-0.00011269353561757345	-7.319978817561367e-05	0.003212541295168223	6.903587256552781e-05	-4.05048460975973e-05	0.0027584259534634355	-0.010877806884873806	0.01323873911184036	0.00027148329332487723	-0.0008543140860023836	-0.005568238766224463	-0.00019191622363201618
9.58	-0.00015778691259267207	7.105776140756507e-05	0.003214295238889758	3.1981497536547576e-05	-7.084221646641307e-05	0.0027570968868292113	0.002588502537589781	0.01335518640298787	-6.284987822131257e-05	-0.005984084496828351	-2.942483579772886e-05	3.733325941185298e-05
9.59	-6.832741114492632e-05	0.0001544255088457751	0.0032113413871678593	-3.2872025307707894e-05	-4.072017803802922e-05	0.00275937270423894	0.013889463715104407	0.0020367999035779435	-0.00039616724186949113	-0.005942912597353648	0.005572218014759442	0.0003196341770335356
9.6	7.960567588260647e-05	0.00010696489481434911	0.0032098089735840695	-6.955396431196343e-05	2.3688449510364265e-05	0.0027603656574316606	0.013430897084447186	-0.010805655480432047	0.00017127319403831894	-0.0008617603777597178	0.006309755875855552	-0.00017576473313825298
9.610000000000001	0.00016079438645309722	-3.0867703371288115e-05	0.003212651534622905	-4.7310792517764955e-05	6.752761312547417e-05	0.002757731868602878	0.0015049971337261253	-0.014645525362915916	0.0002474669660889794	0.00500471564007002	0.0017921053219192055	-0.00018550851723204273
9.620000000000001	0.00010502692025400847	-0.00014220621604843487	0.003213017513015882	1.5700999890227584e-05	5.399236117234229e-05	0.0027579044422402755	-0.011765226122481718	-0.005899611431385893	-0.0001660840335708404	0.006605736863499023	-0.004283110214009602	0.00019479184812052115
9.63	-3.974505735709709e-05	-0.0001322867985711439	0.0032120866830586746	6.506925957846668e-05	-5.630997181815682e-06	0.002759230027223021	-0.01497977308451472	0.007688574054251658	9.008684856237217e-05	0.0025107811763758754	-0.006685488995938286	-1.9034871811851553e-05
9.64	-0.00015108845415472448	-1.0542989379612818e-05	0.0032146219117204673	5.885443544822985e-05	-6.0149802016171455e-05	0.002757373047665378	-0.005525457472675615	0.01481794695078908	0.0002833375750496814	-0.003659339063068915	-0.0034083149351607014	-0.00023390360386149655
9.65	-0.0001332880761935133	0.00012038372431835455	0.0032145161602024435	2.1764347151345337e-06	-6.346401290820229e-05	0.0027567777359962025	0.008824400370658087	0.009287711447511409	-0.0003062147474604021	-0.006823786039325258	0.0028162067187305424	0.0001605458671012209
9.66	-1.5559339486506597e-06	0.00014816559092188522	0.003210635770162841	-5.692381301557824e-05	-1.2436564312823705e-05	0.002759216760663117	0.015480536809082956	-0.004129033470459162	-0.0002788119306527062	-0.004088408554388424	0.006544123709064147	0.0001716665190111346
9.67	0.00013186259222941338	5.0083279766472184e-05	0.0032110383203828694	-6.767798056793487e-05	4.84655802014421e-05	0.002758659616421263	0.009133836206874073	-0.01398879018817552	0.00027070786755154983	0.002084521016925617	0.0046971038745162366	-0.00021840970335835526
9.68	0.00015370686700463267	-9.080087717149188e-05	0.003212908345116859	-2.095342299266022e-05	6.798813433900986e-05	0.002757376185777622	-0.005157878960619744	-0.011925883359282416	1.198545320231309e-05	0.00654985679486251	-0.0011178632868173873	7.32291224008559e-05
9.690000000000001	4.4087658192845976e-05	-0.0001534231006917873	0.0032114796633956446	4.3883226336148445e-05	2.9465277208158693e-05	0.002759390632807316	-0.015018272616270964	0.00032950945035772634	-0.00015833036166562213	0.005385166898482149	-0.005978354505051859	0.00018794564011501025
9.700000000000001	-0.00010295641235257767	-8.580244395423542e-05	0.0032121748773724173	7.119204871082847e-05	-3.3904996427070784e-05	0.002759001853441277	-0.012159516896253842	0.01217653884986812	0.00028949415428638575	-0.000337761739562381	-0.0057079464980160245	-0.0002556123406773414
9.71	-0.00016306990405503657	5.4835619349502293e-05	0.0032147771473573393	3.7785565422613235e-05	-6.814572015349756e-05	0.002756609882979305	0.001117865624148816	0.013752547712417752	5.298609140864889e-05	-0.00582801521059144	-0.0006109807443255419	-0.00010315535374024636
9.72	-8.365959147383204e-05	0.00014850861703052254	0.0032124653450467176	-2.8374569196045182e-05	-4.413403609433474e-05	0.0027576704410670247	0.013464288576324014	0.0035327067444122103	-0.0003780444224790573	-0.006347655262156865	0.005002493547940683	0.00024686255498369516
9.73	6.674392628142904e-05	0.00011570777979921399	0.0032103356390035783	-7.029647285885272e-05	1.7057554686650255e-05	0.0027587215695021716	0.01432573669881221	-0.009561847509489657	7.119381534146652e-05	-0.0014256728583375354	0.006275563201562389	-0.00011661819025195961
9.74	0.00016099292423855176	-1.5336441071155687e-05	0.0032127622016830666	-5.254193384814914e-05	6.342781755496538e-05	0.002756581301792923	0.0030134721720958485	-0.01461493262207582	0.00021509505948301256	0.004700883701709945	0.0022557386132141307	-0.00016304298087416332
9.75	0.00011784904674485345	-0.00013321802042313123	0.003212601093561273	1.0221066475967139e-05	5.576088501266186e-05	0.0027577308878523857	-0.010944997324714238	-0.0071237851471744	-0.000227898788317519	0.006859393231759138	-0.0036688093291220697	0.0003410295411277756
9.76	-2.5551354640785532e-05	-0.00013765474228431948	0.0032108972533185774	6.454359793552433e-05	1.216055081646415e-06	0.0027604623355998426	-0.01551579749666031	0.006285429624999307	3.0078699766962385e-05	0.003171302646156236	-0.006381257018259248	6.021405021288068e-05
9.770000000000001	-0.00014779369306384843	-2.5369221805380693e-05	0.0032134493267546734	6.442600523316307e-05	-5.366132736761667e-05	0.0027587623157192295	-0.007003709301721663	0.014444655324896555	0.0003175088843875554	-0.00324142054748632	-0.00376141102035501	-0.0002832565242321595
9.780000000000001	-0.0001441288910147723	0.00010854599786908222	0.003214580225087721	8.961822910178252e-06	-6.29095416703785e-05	0.0027575622572042556	0.007680687233734583	0.010215663043394076	-0.0001411561877361901	-0.006982005357823347	0.002077981246629915	7.191527750545902e-05
9.790000000000001	-1.7050701642064224e-05	0.00014932670175769134	0.0032120814274166497	-5.444957188642318e-05	-1.8356732608642755e-05	0.0027589739054397666	0.015744529518626843	-0.0026486783831782827	-0.00019083771682677027	-0.004698209805796277	0.006126306432424031	8.208794254030718e-05
9.8	0.0001251259652493397	6.376978435894085e-05	0.0032122822456952444	-7.147888706871852e-05	4.1513636864318295e-05	0.002757596615817802	0.010489951323836772	-0.013176428103667516	0.00017230739028682187	0.001569895248572547	0.0049336962214225275	-0.00024925050750989345
9.81	0.00016105152771609863	-7.590537864037003e-05	0.003213203853791753	-2.7495688276571055e-05	6.59377696434035e-05	0.0027563844072615367	-0.003874256687592813	-0.012539496542314886	-0.00010795873399677479	0.006568265420681739	-0.0004374517941201744	0.0001148587334025334
9.82	5.9286505070974736e-05	-0.0001499262814398022	0.003210899469748021	4.06610176929229e-05	3.4173511852935484e-05	0.0027589962819966106	-0.014861202961718773	-0.0011486360111231868	-0.0002020407549541818	0.005970754690351671	-0.00537362443944767	0.0002725475779341532
9.83	-9.293823645033161e-05	-9.637414372448698e-05	0.003211507508626344	7.415740558977525e-05	-2.575313002150814e-05	0.002759452319694938	-0.013269695748882834	0.011042156781359069	0.0003247314653238807	0.00021239704594115197	-0.005677214938513364	-0.00018965833285756187
9.84	-0.0001667771040829838	3.892500945777991e-05	0.003214769107538414	4.448145584074887e-05	-6.350356480557661e-05	0.002757613014037353	-0.00031024772649253284	0.013885761095469752	0.00014339550650464236	-0.00572572741607422	-0.001282217475852138	-3.677596196028248e-05
9.85	-9.81383914244517e-05	0.0001403173873490498	0.003213392821895212	-2.3782655685166884e-05	-4.723749960430963e-05	0.0027590634666182982	0.012951770882568754	0.004825962208010189	-0.0003420527395752864	-0.006835925708611804	0.004291774458849491	0.0002602463404612728
9.860000000000001	5.3984157361143996e-05	0.00012224512716759361	0.0032116697633030357	-7.218307387592973e-05	9.25816330306616e-06	0.002760091937523482	0.015154472958152879	-0.008140968266871497	8.322892057391535e-05	-0.0020998177796333443	0.006137567232288674	-0.00014038314474505183
9.870000000000001	0.0001608992177383884	6.12838745720775e-07	0.003213726290137097	-5.96226418928698e-05	5.765485292885449e-05	0.002757547802320121	0.004520909134476018	-0.014297512974881965	0.00015656448970929966	0.004461354941943747	0.002819865593369879	-0.00021118407692263108
9.88	0.00013066755937384168	-0.00012133056354333853	0.0032127597081275517	4.323122821828001e-06	5.700590421467806e-05	0.0027575041044409056	-0.010088464711683148	-0.00818602694965886	-0.0003138431761450201	0.007294238250445424	-0.0029572692069763594	0.00019223562597286658
9.89	-1.0813007525186242e-05	-0.00013944702924639676	0.0032102899157283636	6.482900263834822e-05	7.827292157540978e-06	0.0027592259861807657	-0.016032508130770985	0.004799197363965456	-4.998120650846747e-05	0.003872480263814381	-0.006081207651107269	2.0258900194359845e-05
9.9	-0.00014366284950354836	-3.939907249592289e-05	0.003212208908348151	7.052646665276857e-05	-4.716489118689543e-05	0.0027577370542154096	-0.008459832625145346	0.013659369501947558	0.0003075417928117076	-0.002826652737039276	-0.004095174331731226	-0.0001937593598600228
9.91	-0.00015413033251517315	9.387127337790116e-05	0.0032132354994397036	1.604747509169311e-05	-6.207957905716574e-05	0.0027574822616939043	0.006539515390186099	0.010912352322624651	-0.00012607502281613376	-0.0072461907592993235	0.0013579881819984602	0.00015906839221698497
9.92	-3.278235104888219e-05	0.00014653440964826193	0.0032112138549377943	-5.2642539389455445e-05	-2.408297398537123e-05	0.002759724669222792	0.015820613318174935	-0.0011445890774284592	-0.00012502607995033106	-0.005432820952272196	0.005622718753650788	0.00015557012208408498
9.93	0.00011677508489779556	7.481330322723598e-05	0.003212647386391058	-7.668619251591902e-05	3.36169768314618e-05	0.002758864465621143	0.011790856654937542	-0.012129386935093118	0.00034153388135732917	0.000994426148109701	0.005042176234336199	-0.0002595055662405693
9.940000000000001	0.00016738311351357298	-6.076658153972632e-05	0.0032147741178367747	-3.5230720510656285e-05	6.247909503278933e-05	0.0027573275889796797	-0.002483749775704415	-0.012856878270942187	-2.761853932755841e-05	0.006648130817502717	0.00026472137448069785	1.7912301929366397e-05
9.950000000000001	7.47983556248634e-05	-0.0001440303778344063	0.003212349801533211	3.695834975639308e-05	3.79666171287976e-05	0.0027587679549203907	-0.014538315962903205	-0.0025476305931813456	-0.0002928266025726636	0.0066329198982898645	-0.004793415476298229	0.0001586904769020514
9.96	-8.110085706794065e-05	-0.00010473609256339976	0.0032113147240287604	7.761422864831462e-05	-1.889665378880894e-05	0.002758480139170259	-0.01427814888271243	0.009784993678510061	0.0001152131190322152	0.0009108854101971104	-0.005684999065514989	-0.0002413531435825776
9.97	-0.0001688594746956145	2.346835301422633e-05	0.0032125758939053704	5.238862097030594e-05	-5.950963910738581e-05	0.0027561732493828358	-0.001840509789047716	0.01385677502878131	1.7305172961997937e-06	-0.005574507017012892	-0.0017920708969538122	-9.22287698900749e-05
9.98	-0.00011231050027887813	0.00013131924326210205	0.0032105825230008705	-1.7527961221040758e-05	-4.939919990109965e-05	0.0027576562280327015	0.01221760708702716	0.0060506404624182195	-0.0002914186498005017	-0.007309957739095663	0.0036414680999765745	0.00031888294910895233
9.99	3.97306361451668e-05	0.00012753216381065444	0.0032099689437706195	-7.224945734978058e-05	2.688356909289497e-06	0.0027593431284545383	0.01587729470845455	-0.006724667510573801	0.0002512896655736268	-0.002784950357545225	0.005950156307764848	-3.5984447993121115e-05
10.0	0.00015888025207599213	1.5993591323344434e-05	0.0032139503585811727	-6.549905711768617e-05	5.24658415778065e-05	0.0027575841039202205	0.006050081099180155	-0.013842870508880502	0.00037671710103976536	0.0040562851031485945	0.0032503418019902645	-0.00017128552346463532
10.01	0.0001424776677922027	-0.00010835454107928039	0.0032146774884670086	-2.630774752002921e-06	5.7760376006464926e-05	0.002757696366337589	-0.009065528251503795	-0.009066905537298615	-0.00021402496210279866	0.007527523822734352	-0.0022810982379129607	0.00019579063788180857
10.020000000000001	4.621842120793016e-06	-0.00013978500966000144	0.0032121869845652355	6.268355922255004e-05	1.3679349733363913e-05	0.0027594611361849487	-0.016374626608659116	0.0032376658888799343	-0.00011977582033332105	0.004504350551551252	-0.005826997612377491	9.24292323213904e-06
10.030000000000001	-0.0001377883007297415	-5.271362741156512e-05	0.0032130120965739345	7.452414348738165e-05	-4.177493055702323e-05	0.002757724960711114	-0.00989058532971181	0.012837490547516914	0.00016331772010898276	-0.0023298607135285236	-0.004441416576691116	-0.0002533173351673661
10.040000000000001	-0.00016313677258365325	7.92206793447163e-05	0.0032125274700254406	2.2562211824830414e-05	-6.184829797126959e-05	0.0027567538317589623	0.005252417962120094	0.011480810716215364	-0.00027848727289607353	-0.007261859681259742	0.0007296735882499714	0.00012628000574696087
10.05	-4.89786599877566e-05	0.00014319883707454117	0.0032093444594913562	-4.900133474704022e-05	-2.9480809638615414e-05	0.0027587182796385474	0.01577340003527735	0.00036372048963665294	-0.00018238213295886799	-0.005939989651167039	0.005211754809815289	0.00013186164611829837
10.06	0.00010710321268684068	8.593814780417476e-05	0.0032108614844874673	-7.92039914536138e-05	2.7097858547751577e-05	0.002758012828773382	0.013035362147984739	-0.01096114083404928	0.0004019588395841365	0.0003697315667659015	0.005238719784493506	-0.00020685298720115488
10.07	0.00017285603552064758	-4.4343418003758647e-05	0.0032139316074719544	-4.220854407305174e-05	6.029678651616046e-05	0.0027571319922342725	-0.0009498630248274926	-0.013029992278267023	8.924894017917308e-05	0.006465987354106956	0.0008941838057607549	0.00011042161526199816
10.08	9.111705701241272e-05	-0.00013643924545465055	0.0032127194489534354	3.10858954425024e-05	4.206453867934008e-05	0.002759737538797968	-0.014096718451017749	-0.003980068194992852	-0.00019046218967738653	0.007049161998254995	-0.004215848604232958	0.0002972861078270304
10.09	-6.763616948293002e-05	-0.00011301818569222322	0.003212800997423912	7.800687977057129e-05	-1.1618369956344627e-05	0.0027603384584636774	-0.015242431439381924	0.008317915407931734	0.00022324022141551988	0.0016149976356398224	-0.005688710603923071	-0.00020737125911539917
10.1	-0.00016934286427967263	5.948674980276095e-06	0.0032148717728033025	5.8468793098586394e-05	-5.5261246824368586e-05	0.002757634792984331	-0.003460507941886139	0.013627412917814235	2.189282341010638e-05	-0.005245319120892218	-0.0023532245893685307	-0.00017333372064396113
10.110000000000001	-0.00012628253258149472	0.00011918541315207353	0.0032126895044150682	-1.1380098333917367e-05	-5.1639139981218245e-05	0.0027580574028803033	0.011396529711323967	0.0072570695753898995	-0.0003733277703936711	-0.007621175618968546	0.0030387146504911523	0.00018627131980822198
10.120000000000001	2.448573146468137e-05	0.00013046997087932117	0.003210287267564969	-7.148229938044775e-05	-4.021522746578849e-06	0.0027587714789643067	0.0164292969888715	-0.005165884573898174	1.6986562622134082e-05	-0.0034734185064748953	0.0057317983756384845	-0.00012958400342482723
10.13	0.0001549613099496199	3.082460865441026e-05	0.0032124202233281955	-7.061392360524793e-05	4.6807159848339095e-05	0.002756254522122838	0.007581590876514479	-0.013240288308689835	0.00023179849991600152	0.0036303375002478128	0.0036455631039103175	-0.00023081394066951216
10.14	0.0001529368704620185	-9.501761954452625e-05	0.0032127169585098275	-9.034834834582144e-06	5.796510154334306e-05	0.0027563964090016007	-0.007919816084829182	-0.009932633156883319	-0.0001812874106525553	0.007706590313528502	-0.0015844758548777312	0.00026477873893077146
10.15	2.050824990015664e-05	-0.00013900930916708288	0.0032110101297254104	6.0689630628667045e-05	1.9979275859225162e-05	0.0027590135936842084	-0.016532476338741164	0.0017660190761203227	1.0735785201195552e-05	0.005149835232739225	-0.005415375067286784	0.0001588001389656916
10.16	-0.00012986869747740095	-6.540395095346467e-05	0.0032135161220867197	7.903191520078986e-05	-3.4421050714432296e-05	0.0027584467518866093	-0.011187888745182326	0.01183169203819205	0.00033016089622819574	-0.0017532418243757426	-0.004648230344357601	-0.00017802522575183322
10.17	-0.0001697434857709672	6.338412416937491e-05	0.0032147616065570156	3.0084533840289447e-05	-5.956617427149389e-05	0.0027578993972662736	0.0038825942093207227	0.011877491465051487	-0.0001932283105898558	-0.007287261111862907	4.038943866816067e-05	0.00015294055172712843
10.18	-6.441158924656002e-05	0.0001375969593843177	0.003211309602848506	-4.499257013693293e-05	-3.3688804990601447e-05	0.00275975455867822	0.015518267553222316	0.0018560854428581036	-0.00030584207539599	-0.0065353403179663015	0.004722839344261456	9.135842775144363e-05
10.190000000000001	9.574435569290427e-05	9.539899718501713e-05	0.0032110102403793534	-8.193812564298087e-05	2.0625584891128843e-05	0.0027583269203226356	0.014069184242793104	-0.00964544661696834	0.00022692356360221885	-0.0002846830415322877	0.0053300472620733275	-0.0003147855512933619
10.200000000000001	0.00017502062656653129	-2.767384568635064e-05	0.0032127542191923105	-4.950700064942392e-05	5.7342542556697236e-05	0.0027561813645646835	0.0005086887843831486	-0.01302534652326308	-2.559889049770669e-05	0.00628067241727371	0.0014468142643218104	7.97991055331976e-06
10.21	0.00010458658218642716	-0.00012668347477400962	0.0032111133146171984	2.5353400845297096e-05	4.5194652964246246e-05	0.0027581983017263894	-0.013436082577749895	-0.005252832395081731	-0.00018038806185373358	0.007512131506939855	-0.003679934629921105	0.00026986864582623606
10.22	-5.4794788979628637e-05	-0.00011825370517131287	0.003211745501746377	7.885798495756793e-05	-5.170065680563413e-06	0.0027589059200391823	-0.016001617963569862	0.006829851103423129	0.0003279229569151501	0.0023689783793343806	-0.005612927704565779	-0.00014594705701832998
10.23	-0.0001682811462730457	-9.730169451642215e-06	0.0032152550493249363	6.54000355916342e-05	-5.091986066107489e-05	0.002757401657018613	-0.004893684176306741	0.013201117442714603	0.000172017355236832	-0.004870139837818573	-0.0027965456999923363	-4.285680160307211e-05
10.24	-0.00013818529656336315	0.00010663981544119717	0.0032139426689309423	-4.454434187074877e-06	-5.3002909054252337e-05	0.0027591067628752897	0.010457059953539755	0.008265654325758978	-0.00034428501314700134	-0.00799014573749147	0.0024314690455728687	0.00030366229613349664
10.25	9.599093764594056e-06	0.0001320454401469513	0.003211491176702267	-7.062089470891852e-05	-9.89907466286172e-06	0.0027606077897874086	0.016838047491999537	-0.00354642482377262	-3.0825677181687077e-06	-0.004231486901186411	0.005510310824215319	-8.636465895113762e-05
10.26	0.00015004142919935684	4.573369204189407e-05	0.003213142938388567	-7.700515039242365e-05	4.1102571237114496e-05	0.0027578831924410362	0.00902240239652774	-0.012396982022759113	0.00014472857240527308	0.003079353105460751	0.003925694860132882	-0.00029680998864253707
10.270000000000001	0.00016263973095255235	-7.939443677856256e-05	0.003212147529488268	-1.7577769651241473e-05	5.7109891026286735e-05	0.002756851170239228	-0.006699641318281523	-0.010656562923459161	-0.0003224929725465338	0.007872728768233021	-0.0010018218585437345	0.00010634472179235581
10.280000000000001	3.6123807886747056e-05	-0.00013653500435421682	0.003209352802545461	5.698294294530881e-05	2.4329004657301756e-05	0.0027580680513729387	-0.01663328714846027	8.270116594897545e-05	-4.666858954618384e-05	0.005858354532555727	-0.005017959867786872	1.8535381729592988e-06
10.290000000000001	-0.00012180552485875078	-7.837885507440194e-05	0.0032116796440931996	8.290508982485175e-05	-2.8851991537862387e-05	0.0027562633003151674	-0.012505425460468211	0.010684415945446592	0.0003659712749670844	-0.0010675747715659279	-0.004832851036891542	-0.0002360630352010109
10.3	-0.00017626260784682433	4.610216681555462e-05	0.003213222429316771	3.795967177433552e-05	-5.7852199879601695e-05	0.002755966710510691	0.002468076131751519	0.012231830802302363	-0.00010947873550171177	-0.007214962520388887	-0.0005029310797135263	0.00023224292942783959
10.31	-8.020527065573053e-05	0.00013055401323013727	0.003211079983338937	-3.976154012499768e-05	-3.7403620190712684e-05	0.0027596315632539632	0.015227894089777068	0.0033995668133759665	-0.0001548261705846713	-0.007075637473131635	0.004240952096287337	0.00032506862273735016
10.32	8.409205360661414e-05	0.00010469500154506734	0.0032122853810500583	-8.333989331365238e-05	1.4196632036274465e-05	0.0027600220519057033	0.01515912003666726	-0.008182778575036492	0.00034557433270487875	-0.0009877791398329333	0.005296257407642489	-0.00021769938919152186
10.33	0.00017764395815371753	-9.904634724406734e-06	0.0032148213716458726	-5.610274630138987e-05	5.339554538009701e-05	0.0027581611230917315	0.0020258694086165456	-0.012949894760446758	1.666431470522126e-05	0.006038874732653288	0.0019341899889578533	-5.524690478658289e-06
10.34	0.00011880970835751012	-0.00011564048896856003	0.003212554114074135	1.96164745322958e-05	4.715587307926442e-05	0.002759688083206165	-0.012843826084127895	-0.006594628996724339	-0.00032439102212124883	0.007873577538687181	-0.0030982892113417936	0.0001710800778567245
10.35	-4.123630244190435e-05	-0.00012303840151450953	0.0032114873020756382	7.82224133876628e-05	1.0596862304070203e-06	0.0027589614699973673	-0.01671554530165468	0.0052160016593738815	0.0001838923338943812	0.0029525013847604086	-0.005412035829022625	-0.0003399155005980308
10.360000000000001	-0.00016645160313501364	-2.609978755231461e-05	0.003213428279657705	7.003556274643798e-05	-4.5422263742007956e-05	0.00275538735507019	-0.0063346517186152595	0.012684233181022169	5.464506637000069e-05	-0.0044861997491296825	-0.003157662863966375	-0.00021388749524796775
10.370000000000001	-0.000148898833276861	9.316975496292281e-05	0.0032113462672939603	1.608797359605168e-06	-5.317766168233355e-05	0.002755919342977791	0.009498431977040967	0.009287874699335891	-0.00037617153514784614	-0.008135072987800758	0.0017436276482492494	0.00025401236550225956
10.38	-4.70406722872254e-06	0.0001329438205399693	0.0032093524186478117	-6.829018747628828e-05	-1.6069113914070615e-05	0.0027580549123418794	0.017138807995699404	-0.0019218999416552353	9.764738868230856e-05	-0.0047726595071930986	0.005084389640163614	5.288224035303727e-05
10.39	0.00014431168557191217	6.0186680832647356e-05	0.003212423917410375	-8.019001562469714e-05	3.4128667616961255e-05	0.002757388793048119	0.0103164060567499	-0.011520548620601338	0.0003440045763902575	0.0025914214807118904	0.004176193964793761	-6.42899069456604e-05
10.4	0.00017028921070999918	-6.383035387801614e-05	0.003213264557210482	-2.389375735926917e-05	5.51109417617062e-05	0.0027586763410724687	-0.005510949875296321	-0.011317909025195073	-0.00017933635142373006	0.007832574671473953	-0.00029120401357825537	0.0003406584968356756
10.41	5.097364575714408e-05	-0.00013329901019063607	0.003211579033472403	5.293493056254394e-05	2.93450728090973e-05	0.0027618108361925856	-0.016480402911688313	-0.0015200603319267647	1.9981379007388554e-05	0.006322423496119884	-0.004437025389315829	0.00012478566786696006
10.42	-0.0001119707235919018	-9.002708603742745e-05	0.0032140769676792737	8.448291863033327e-05	-2.0786012896387833e-05	0.002760169223256785	-0.013586238151842117	0.009551138830760876	0.00032993500314066265	-0.0005108990957390813	-0.004829337402312623	-0.00033684211384662485
10.43	-0.00017996093099577971	2.978436176490135e-05	0.003214835361133165	4.3881774299400125e-05	-5.338865109605557e-05	0.0027580775463535165	0.0010926254629089645	0.012500911324627537	-0.00024437660340637774	-0.0069824386326474116	-0.0011623632300203504	8.440791537448828e-06
10.440000000000001	-9.389534089855127e-05	0.0001234655205824816	0.0032109491131849044	-3.4514637956336394e-05	-4.0401410300987604e-05	0.00275924958472134	0.014756286623993694	0.004795554487039328	-0.00034528177174256337	-0.007444916664442434	0.0035450725866700418	5.0654967347010986e-05
10.450000000000001	7.222705441716297e-05	0.00011233218280458166	0.003210704287798374	-8.34154309467065e-05	6.831457599439834e-06	0.0027574332228497114	0.01592459285255048	-0.006840839692840508	0.00024441790487293724	-0.0015869552310984248	0.005159085732388022	-0.0003656420545173412
10.46	0.00017754202046685127	6.0996063637464346e-06	0.0032126350011686886	-6.130566333658398e-05	4.807236296382809e-05	0.0027551067486276722	0.003435494999402837	-0.012758453977258144	-2.4124145461535085e-05	0.005694608478873809	0.002448499518506884	2.184478612363496e-05
10.47	0.00013084976506754363	-0.00010513792452476232	0.00321054843028413	1.376894443438481e-05	4.858973695174826e-05	0.0027575892290517055	-0.012007167841516285	-0.007748635954630997	-0.00025798924248942055	0.008118933582291472	-0.0023369180390247516	0.0003792901148382091
10.48	-2.7290514793980188e-05	-0.00012688479147786696	0.0032105093972008844	7.737029274295661e-05	8.385681391380399e-06	0.00275935001214899	-0.017203663196758725	0.0037129589784135773	0.000288351986705991	0.0036277598337697064	-0.005052829787417352	-9.055097046466857e-05
10.49	-0.0001630490847197855	-4.1343672874475614e-05	0.003214003824739265	7.552572636282268e-05	-3.834854593520885e-05	0.0027578313132311373	-0.0077651535331690865	0.012092059279423655	0.00021469490479898988	-0.003992899689906095	-0.003586513425496604	-5.436645866116882e-05
10.5	-0.00015915962556940468	7.928048725197047e-05	0.003213164669822544	9.045675303391835e-06	-5.285249807481985e-05	0.0027594135818744753	0.008457606049128725	0.010128427900002677	-0.0003292788912914846	-0.008257731043744998	0.0009170774559134252	0.00030228752147883227
10.51	-1.9718602830960795e-05	0.00013201301342281367	0.003210765663239253	-6.497753215665874e-05	-2.276772999198588e-05	0.0027609104025101833	0.017300565354077677	-0.00033567515154456527	2.3397288240018215e-05	-0.005391649865491189	0.00462540900213902	-0.00012139022273968064
10.520000000000001	0.0001368098022141862	7.295585522502138e-05	0.0032129365739195673	-8.382156942632823e-05	2.612609185241044e-05	0.0027578168141826898	0.01155367968071099	-0.010571367932421787	0.000244080016271329	0.001956099546618453	0.004432604512058923	-0.00032239690490891095
10.530000000000001	0.00017675635989230414	-4.8211448123727046e-05	0.0032128003769418675	-3.1080829905913394e-05	5.280454088628136e-05	0.0027568137412140974	-0.004197549643700717	-0.011763997344794426	-0.00029699824892257014	0.007771837768676203	0.0004704998862299234	0.000122847809670232
10.540000000000001	6.584617835957688e-05	-0.00012818305052866966	0.003209836034627691	4.829767005659787e-05	3.4300485594934916e-05	0.0027587588290588724	-0.01624636928936445	-0.003021984576187707	-0.00010832323468999353	0.006849066621663013	-0.003867519008132775	8.404439549872957e-05
10.55	-0.00010137077104470382	-9.984179719557059e-05	0.003211916964554223	8.621492501242492e-05	-1.3185453562956802e-05	0.0027575780367280504	-0.014604579975415337	0.00828663217901423	0.00040179041532336415	0.00016105139911600885	-0.004905311868823637	-0.0002205613219754341
10.56	-0.00018269952249431366	1.3458847372915406e-05	0.003213910217339698	5.061544619604203e-05	-4.955085115926895e-05	0.002757210744753636	-0.00035767924234489254	0.012590410717078608	-9.654170219408666e-05	-0.006743585802986723	-0.0018079492119655667	0.00022024994752205913
10.57	-0.00010762597307502874	0.00011501814655521176	0.003211360339467725	-2.873615871303521e-05	-4.394911597531186e-05	0.0027606381224153224	0.014149630748192445	0.006181574801607728	-0.0002371618176897432	-0.00785666705791969	0.002801826155871213	0.00028535833627520006
10.58	5.9073246889544136e-05	0.00011952066985920215	0.003211960331791214	-8.361215711775592e-05	-1.8289030495109903e-06	0.0027605613986590337	0.016637796232453005	-0.005338379842575375	0.0003468179143246796	-0.0022821064895799884	0.004973415043979713	-0.00027681051302741146
10.59	0.0001761498699440454	2.30857419300006e-05	0.0032146213305875027	-6.7475738368884e-05	4.150734724548374e-05	0.002758108570559781	0.0048866488525978035	-0.012433589661853896	6.5162054204974745e-06	0.005300103856649815	0.0030274923463557892	-8.810706067475903e-05
10.6	0.00014229923660788726	-9.262482199638785e-05	0.003211994546086196	6.877391408297972e-06	4.971837154510081e-05	0.0027589579506430133	-0.01108758835769368	-0.00892213832406346	-0.00039312036870859876	0.008397776829644083	-0.0015299409372281437	0.00016985447838430658
10.610000000000001	-1.2723016260668722e-05	-0.0001295784031691953	0.0032102285690674462	7.530840352038797e-05	1.548588837219975e-05	0.002758666008017417	-0.017546093365072107	0.002079105188637404	0.00013260179936114286	0.0042785557465746206	-0.004751006728638851	-0.0002570415330436215
10.620000000000001	-0.00015751804552224818	-5.689352473564898e-05	0.003212647431577669	7.95576253678922e-05	-3.1895997932617576e-05	0.0027558528094029323	-0.00907753790938381	0.011381817357240838	0.0001572630655662471	-0.003501701969321536	-0.0039826313617390245	-0.00014681137918663912
10.63	-0.00016712074808716303	6.408675701429913e-05	0.0032114407256741205	1.5269512473158618e-05	-5.2540990856570704e-05	0.0027570739263388403	0.00725756067325722	0.010911333848736528	-0.00034187356096876284	-0.008329917766002668	0.00019457434130584972	0.00033109338970470527
10.64	-3.4125302669808734e-05	0.0001303394015412427	0.0032097793264054706	-6.19337653243813e-05	-2.872262433263497e-05	0.0027597606324936837	0.017255177185254225	0.0013431869417818896	0.00016734431598993982	-0.005927659268618245	0.004156530081095863	5.014479442604496e-05
10.65	0.00012809401979528375	8.679098635774021e-05	0.003213777164622331	-8.639544624857129e-05	1.8996273391523866e-05	0.002758505320830839	0.012652186565691358	-0.009410755633920857	0.0003978261180485446	0.0014360294743921403	0.004664122042044944	-0.0001399842494805386
10.66	0.00018092263486754908	-3.042395387249455e-05	0.0032149115311125467	-3.697603674992027e-05	5.1015171936318975e-05	0.002759141349309653	-0.0029083197255719514	-0.012174795088476395	-0.0002124075358577522	0.007696116339446958	0.0012149081176218786	0.0002763151559602029
10.67	7.917385593991941e-05	-0.00012125187347470645	0.0032118679925125107	4.441801390343528e-05	3.980847621272796e-05	0.002761618505032429	-0.015812368914032933	-0.004603304257810156	-0.00019762208619470353	0.007277354741303123	-0.00326706585610261	5.1201433447377186e-05
10.68	-9.008773070810072e-05	-0.00010937972297329947	0.0032124275262344786	8.768763503797856e-05	-4.562962765644172e-06	0.00275914794032626	-0.015421054195983375	0.0068158514131831235	0.0002115205762917479	0.0007399016116182865	-0.004943574620791533	-0.0004367767601737865
10.690000000000001	-0.00018305364579619137	-4.416399207844362e-06	0.003212808276028	5.622709796648321e-05	-4.5029257453985064e-05	0.0027562491803771122	-0.001680347848972874	0.012527914817146189	-0.00021236606685869078	-0.006530687237992865	-0.002508432705027606	-3.934601270755432e-05
10.700000000000001	-0.00011915151800231097	0.00010449044037838725	0.00320959053262731	-2.349269071546693e-05	-4.70334652948032e-05	0.0027575302544213787	0.013414608731079265	0.0075592623396887396	-0.0002334129675982351	-0.00816869382593064	0.0021174583526898886	0.00017283637007898172
10.71	4.614523482403764e-05	0.00012511682439047877	0.003210619953251503	-8.328205985467525e-05	-9.424337234200763e-06	0.0027575152042778705	0.01710396882580813	-0.0037783680804173666	0.0004000305030089033	-0.0028637885084072143	0.004846050377635451	-0.00017330422433805775
10.72	0.00017267755490491665	3.943844597124512e-05	0.003213996891194231	-7.237713232009435e-05	3.611534087514615e-05	0.002756614454623327	0.0061441144442618756	-0.012012665948844405	0.00014262637800112007	0.0049299586684656066	0.003536033497501026	0.00012458930371025032
10.73	0.00015107566827378958	-7.947447588813312e-05	0.0032124578843143238	8.296928864962225e-07	5.094942926926203e-05	0.0027599512827928725	-0.01006710378364203	-0.00992571813913987	-0.0003028166125298255	0.008513882686812455	-0.0008049301335401987	0.00041666323861891895
10.74	1.2124041086489377e-06	-0.00013048676745420787	0.003211169326890604	7.295407007153979e-05	2.266558986588595e-05	0.0027616423037487682	-0.01760591538388302	0.0004723120347053282	0.00014459873204178896	0.004762584378657742	-0.004372324545147478	-0.00018621921577969798
10.75	-0.0001502179411047349	-7.094819139535293e-05	0.003213707675464147	8.256392608523899e-05	-2.433877097054943e-05	0.0027585401244605437	-0.010257193169973715	0.010558608482952868	0.00015808019353844368	-0.0029936037531917005	-0.004306793092707457	-0.0002612709328104431
10.76	-0.00017302458446425036	4.9173315495931285e-05	0.0032124116003139267	2.1381939489274344e-05	-5.085312992899349e-05	0.0027584724091942415	0.006042501460662751	0.011566391370173656	-0.0003662702992210855	-0.008277689559646532	-0.0005504405409440479	0.0001822463377638396
10.770000000000001	-4.8395612020903066e-05	0.0001268606541929641	0.003209864835989609	-5.80601096696062e-05	-3.423783618107677e-05	0.002759476220810512	0.016963213008199304	0.0028239702389054122	2.6644822109611064e-06	-0.006378793975200075	0.0036255200058100596	-9.88853515431022e-05
10.780000000000001	0.00011758233563779823	9.741765756119804e-05	0.003212337321639431	-8.801923783199096e-05	1.1125866385667238e-05	0.0027570188610914668	0.013649475945432496	-0.008311407438980959	0.00031819177321563833	0.0008607291795834825	0.004777013409225441	-0.0002528098255431597
10.790000000000001	0.00018356736055647195	-1.5066189694973718e-05	0.003212926686757362	-4.310839339319585e-05	4.73786386847693e-05	0.002756997457783714	-0.0014789269215810335	-0.012423466948664722	-0.00021171324834477732	0.0074467224445861875	0.0018991299414726913	0.00028017864060999166
10.8	9.272824569625883e-05	-0.00011443244650140522	0.0032100679780735185	3.848520462033475e-05	4.3492862812918886e-05	0.0027603955926464112	-0.015243445461693116	-0.005942653760940673	-0.0001455037720521999	0.007577552586734171	-0.002621286456231671	0.00023273941441903512
10.81	-7.721934907554921e-05	-0.00011702853251014029	0.0032115529751194738	8.683884778315392e-05	2.749841376864907e-06	0.0027598744914595903	-0.0161459423437737	0.005492910654791477	0.00035042349257654936	0.0013506810971078429	-0.0049140342080773655	-0.00023707962681688107
10.82	-0.0001819373555936569	-2.0143667207332735e-05	0.00321353341092538	6.124214079621955e-05	-4.053196408351293e-05	0.0027584760860037178	-0.003140900473053814	0.01236510161709419	-6.5729664525523e-05	-0.006072027504957911	-0.003067891586487326	4.47351135310344e-05
10.83	-0.00013119651663181346	9.350821495707379e-05	0.003211297225481443	-1.6771898084130777e-05	-4.954573881165477e-05	0.002760057825624387	0.012433647975545206	0.00860135124411621	-0.0002315120773584069	-0.008295552706550299	0.0014004655838035437	0.00012745083032352945
10.84	3.059667888727534e-05	0.00012770440477236268	0.0032116979378717524	-8.031889485487905e-05	-1.6931636826936807e-05	0.0027589215860467503	0.017472620467237434	-0.002306207162687283	0.0003048978582186009	-0.003447857588077593	0.004628115992822208	-0.0003550627481864209
10.85	0.00016681328003301707	5.364897941231435e-05	0.0032144065118326387	-7.547350083322937e-05	3.006181151295955e-05	0.002755577436851925	0.007583996389513544	-0.011380008175996097	4.8998064636202424e-05	0.004369934439523487	0.004068490916582146	-0.00015433139555694715
10.860000000000001	0.00015964869954628058	-6.605372103340238e-05	0.0032119899906686393	-5.6045182573330296e-06	5.199441141661581e-05	0.002756768550295253	-0.008846046176775842	-0.01067554832837285	-0.00042333435685039763	0.0085083305999086	-3.586177207579334e-05	0.0003123255202627446
10.870000000000001	1.6398791613794363e-05	-0.0001295081879833085	0.003209771829011298	6.91443858785843e-05	3.0091368015385602e-05	0.0027588010138684207	-0.017608979164130525	-0.001058372090174292	8.046370873993121e-05	0.005283850571261009	-0.003995671835812611	1.3035894054286011e-05
10.88	-0.00014161633653805925	-8.356137323949242e-05	0.003212048312145169	8.506839636683152e-05	-1.6856421520993866e-05	0.0027580918426502172	-0.011483238600341653	0.009512090885649641	0.00019873628697914734	-0.0023725179075013607	-0.004665905958911204	-1.690694195057359e-05
10.89	-0.0001787363290108238	3.305457808788071e-05	0.003211742156557467	2.845432706332097e-05	-4.970761771433087e-05	0.0027602053042795017	0.004631008104095105	0.011954105792957281	-0.00022081761219775353	-0.00804749392856475	-0.0013868585735881316	0.00037572250339890475
10.9	-6.344948622959825e-05	0.00012114597512043677	0.003210586584693274	-5.207186437630291e-05	-4.051196971635126e-05	0.0027625139784321334	0.016627474048557772	0.004313167142397654	0.00014059137214266173	-0.0068045064780910035	0.0030636323027501684	-5.091026731604361e-05
10.91	0.00010596748485358354	0.00010682068222932746	0.0032143206256460602	-8.804387936684187e-05	2.4812648502900334e-06	0.002759125601123603	0.014612103567267307	-0.006978458349509671	0.00040705826770741235	0.00018673509037425598	0.004902881707348508	-0.0004299233264800708
10.92	0.0001853073903710993	1.845203547573574e-06	0.003214987034656268	-4.848538597466121e-05	4.3422647093840614e-05	0.002756976416499865	-4.320622088896431e-05	-0.012352068235708955	-0.0003138318983848197	0.007097337621316566	0.002656214346755689	3.7897584819304284e-05
10.93	0.00010587774537514533	-0.00010392206968851846	0.003210717581726899	3.276730146441153e-05	4.750995979173929e-05	0.0027583086524521606	-0.01455127792244259	-0.007205253751860183	-0.00035097898239275346	0.007858598620604241	-0.0018927216543110994	8.446937331477328e-05
10.940000000000001	-6.361688920148092e-05	-0.00012196399952614677	0.003210311424006879	8.611799570669429e-05	1.1638350292756064e-05	0.0027570229517103685	-0.01672058653656474	0.0038998569148983244	0.00019558619502626844	0.0019727741542131952	-0.004750092916794182	-0.00024704346715864127
10.950000000000001	-0.0001790297767894119	-3.6646093323451066e-05	0.0032112605233994116	6.625592850270961e-05	-3.411449545503886e-05	0.0027559438325317413	-0.004517676899987495	0.011839454149891971	-9.978526426730709e-05	-0.005657521080304591	-0.003698520244015967	0.0001539043136243474
10.96	-0.0001410308406548746	7.955671271452887e-05	0.003209401305916402	-1.0514526112543821e-05	-5.109493338911357e-05	0.002759186370930141	0.011460783039472724	0.00963307368655555	-0.0001304617924949055	-0.008453510123573768	0.0005978499337482854	0.0003630950617260153
10.97	1.671921162994717e-05	0.0001285045710050315	0.0032114926112139486	-7.76712076580787e-05	-2.4742135325322814e-05	0.0027601684865121694	0.017676371460122575	-0.0005984365207521458	0.0005297077444853405	-0.0039827348782116205	0.004290716903902857	-0.00018480257828933316
10.98	0.0001608497083119854	6.892108953956465e-05	0.003216262831679554	-7.860021655936378e-05	2.2509156310315434e-05	0.0027584403009410195	0.008841912235030915	-0.010407415092583281	0.000240738081692657	0.0038500138433207143	0.0044264430206176365	-4.548534526453671e-05
10.99	0.00016707020697420116	-4.911562265501934e-05	0.0032148468371384826	-1.16719974573896e-05	5.069227979772109e-05	0.0027599799868587567	-0.007644908609599716	-0.011345144284959904	-0.00044446429183400904	0.008449196228715976	0.0007654553464253458	0.0002576089961097248
11.0	3.105628772958114e-05	-0.00012523031908341487	0.00321151687322899	6.5217705404706e-05	3.5769088394519375e-05	0.002760602962187306	-0.017447976358177446	-0.0027236513466799696	-9.189227352198615e-05	0.005752935308456315	-0.0034910540510511897	-0.00024189407098273842
11.01	-0.00013154494772558303	-9.565268660610511e-05	0.0032119670669296546	8.65421698896551e-05	-9.12103113765619e-06	0.002756929802012234	-0.01250813181063719	0.008241557134589978	1.0405712827800275e-05	-0.0018154049475464186	-0.00480245901462112	-0.00030916380041759553
11.020000000000001	-0.0001814325996552057	1.529382417088449e-05	0.0032099782496944123	3.40503599152847e-05	-4.626930540182536e-05	0.0027565347796155945	0.0032669755613309237	0.01219664269892692	-0.00036689201772550006	-0.00785573266281912	-0.0020435226036195284	0.00021242995588746685
11.030000000000001	-7.663539923011473e-05	0.00011290030073728592	0.0032078807620394157	-4.7315517069886084e-05	-4.391633717041849e-05	0.0027586818863257656	0.01603352098478356	0.005837166632320874	0.00011916555272641287	-0.0071460089005545855	0.002444960863988437	7.248098939219396e-05
11.040000000000001	9.331264882742397e-05	0.00011535486947440508	0.003212107838630908	-8.817078207141648e-05	-4.6737361304438506e-06	0.0027572828890959425	0.01531728918244739	-0.005423062180961449	0.0005376836062230656	-0.0004050141305787684	0.004836870833369828	-0.00022716034997057524
11.05	0.00018381873059466735	1.9928919167486854e-05	0.0032150046741979774	-5.378214180200088e-05	3.851777150644127e-05	0.002757202266775535	0.0013444641924541395	-0.012173420915418478	-4.196750335191047e-05	0.006775001495259765	0.0031359246993317904	0.00026317327543727597
11.06	0.000116816288999619	-9.216319599578456e-05	0.0032127778420033004	2.7067700642602374e-05	4.8834117000879085e-05	0.0027607392190414823	-0.01365376177418253	-0.008515095005756028	-0.00022727938360363737	0.008088324920948246	-0.001196251140255662	0.0002597464470564429
11.07	-4.9768263016223325e-05	-0.0001260390455917522	0.0032130723688960396	8.462046069542713e-05	1.80761964918368e-05	0.002760366222335855	-0.01709837434988941	0.002287020230769657	0.0002302167471686163	0.0025444917870618587	-0.004484830562447937	-0.00026632453136245986
11.08	-0.00017449101209761868	-5.2808791373739326e-05	0.003213639378164202	6.99796469778712e-05	-2.82250307553473e-05	0.0027586321780099757	-0.005839982465530228	0.01122782741784542	-0.00022949054553876434	-0.005255656971753064	-0.0040519703500252425	3.4695849191272055e-05
11.09	-0.00014955748597294212	6.54835190997852e-05	0.003209596882755409	-4.702347593731266e-06	-5.088941060969474e-05	0.00276033543563715	0.01039447672627628	0.010589910615548868	-0.0004146463715980486	-0.008512108216488228	-0.0001258747499018896	0.00016376763308474377
11.1	2.397338622441135e-06	0.00012876153614187284	0.003209059337254516	-7.493713016299058e-05	-3.0774452762399614e-05	0.0027592100170577365	0.01767166589032095	0.0011128091485486118	0.00033616437305207736	-0.004484817638377906	0.003808206986843078	-0.0004025898620304459
11.110000000000001	0.00015248543864559684	8.36817665329004e-05	0.0032130906653192143	-8.157991294157822e-05	1.4916479429259936e-05	0.0027554755537588416	0.009925569600366642	-0.009500869403940583	0.00025750465154490823	0.003288170474904992	0.0046459698746367855	-0.00017029503784074095
11.120000000000001	0.00017155395421092844	-3.306761213930552e-05	0.003212783047536479	-1.8224743650101507e-05	4.846979934542673e-05	0.002756639211911917	-0.006376464698542079	-0.012003381347724409	-0.0002228247183739988	0.00837572596828764	0.0015471713601588253	0.0003250407458826599
11.13	4.466003731021833e-05	-0.00012151626177746795	0.0032118933615507754	6.089564509452226e-05	4.10613603383976e-05	0.0027590909545809955	-0.0170437536170642	-0.00434985773056702	0.00014578567989564117	0.0062252993942811625	-0.002887227069063653	5.349293946767741e-05
11.14	-0.00012020362329729892	-0.0001073234477296112	0.0032141418499207594	8.824432558176519e-05	-1.0770764640941219e-06	0.002758439577958112	-0.013342477673623801	0.007022454395165535	0.00013155495767277293	-0.001198449508758426	-0.004887345757349805	-3.221263702190607e-05
11.15	-0.00018226439103177102	-1.343605333216931e-06	0.003212283796911551	4.00949525069654e-05	-4.259279081651687e-05	0.0027603950102071946	0.0018673801375158861	0.012483255455350393	-0.00040846102671894606	-0.007668818542487582	-0.0027410817080668623	0.00037657444329030324
11.16	-8.908950006767167e-05	0.0001056459923278686	0.0032094836524221367	-4.2268985206482614e-05	-4.799057026076216e-05	0.002762797081687604	0.015301760600405534	0.007338223970207634	3.591348404059614e-05	-0.0074898738087965065	0.0016945455566563402	-7.143034291656561e-05
11.17	7.956884564931192e-05	0.00012409105666228598	0.003212950143690228	-8.816558875535654e-05	-1.3885229990834821e-05	0.002758878168943829	0.01582117915439756	-0.00397666668845964	0.00047888010873481927	-0.0009891577368734623	0.004643113279140876	-0.0005336054019896292
11.18	0.0001802145003943466	3.718811433091157e-05	0.0032148833045447644	-5.882215994188812e-05	3.210999582134134e-05	0.002755722755876943	0.0027208634723475565	-0.012052937219713414	-0.0001654522669915456	0.00642276926623534	0.0038294300506887704	-3.2719859052867825e-05
11.190000000000001	0.0001266825673935889	-8.1273437656121e-05	0.003211361273538984	2.114246958464775e-05	5.1291983919407545e-05	0.002757082200289035	-0.012549446168265602	-0.009803447599227319	-0.00032375083865089865	0.008293196806780602	-0.00030617474797309745	0.0001450635314950587
11.200000000000001	-3.441321592182913e-05	-0.00013101571159811716	0.003210743535465197	8.294428206367989e-05	2.682793234996696e-05	0.0027567204632247336	-0.017203220740908392	0.0006348420076957941	0.0001588169764836976	0.0031337130725692572	-0.004190398273839639	-0.00017802854795567844
11.21	-0.00016658608891795027	-6.950863070703797e-05	0.003211583843559755	7.406283670594091e-05	-2.0597408145349497e-05	0.0027563364602245658	-0.007113526764206949	0.010702780700945411	-9.21832444639375e-05	-0.004785879311424698	-0.004546183863661015	0.0002067773397740852
11.22	-0.0001560749235903528	5.0991806402616056e-05	0.0032093610810577148	1.5218803127816066e-06	-5.062458989273219e-05	0.002760229132898929	0.008987473860439401	0.011538261355896294	-0.0001844094756997356	-0.008535090065701438	-0.0009882520916075176	0.00039669650288629634
11.23	-1.3293053734101166e-05	0.00012818718904134227	0.0032111310692713078	-7.167964462360106e-05	-3.8058435672777796e-05	0.002761311469479477	0.017397146564516852	0.002728847792820288	0.000525317280041452	-0.004980059982673112	0.003315387926201657	-0.00023921027743410199
11.24	0.00014136575362038491	9.727121081346599e-05	0.0032161524590004157	-8.369974335096131e-05	6.539721739563374e-06	0.002758173320791956	0.011082208318436445	-0.008468669172938297	0.0002652145095050345	0.002798175358282333	0.004950271767932918	-0.00021931727060695407
11.25	0.00017503225052014566	-1.6336731198478644e-05	0.0032148408655127652	-2.3782560055681197e-05	4.631755221837518e-05	0.00275848837310274	-0.004836676051838451	-0.012476833447211406	-0.0004356768909361939	0.008241154056344076	0.0023723289385966313	0.000184463318068429
11.26	5.938345634945081e-05	-0.00011588336346284051	0.003211149259839556	5.630394637590701e-05	4.6783772208995765e-05	0.0027590865749573417	-0.016500809960456563	-0.0059226679301044504	-0.00014778106128536997	0.0065423297465157584	-0.0022600799293234788	-0.0001805295429341934
11.270000000000001	-0.00010742294206055029	-0.00011733515742327884	0.0032113951375713776	8.814166760898541e-05	7.712111608745878e-06	0.0027563674772887637	-0.014255468333282912	0.005683066507465289	2.182134975723894e-05	-0.0006840845273449786	-0.004978691088625377	-0.00018116242004335338
11.280000000000001	-0.00018278516240142443	-1.8701078616685467e-05	0.003209816112626865	4.438794660981325e-05	-3.837315976186722e-05	0.0027571668698907915	0.00032656631990348573	0.012476142713178597	-0.00031133413452339066	-0.007363258173939929	-0.003501360029301093	0.0002987249867745815
11.290000000000001	-0.00010248922269491074	9.572086002533381e-05	0.0032079587258011387	-3.6983363868992e-05	-5.208968302041992e-05	0.0027600244396744126	0.014450041214727994	0.008688614906901013	0.00014371136394889368	-0.007636798095927309	0.0009460693853021072	7.886186528064952e-05
11.3	6.478180931383248e-05	0.0001300662197835714	0.003212506207156613	-8.635015916637694e-05	-2.215201643903775e-05	0.0027584377403439483	0.016416594509074886	-0.0023948819041420084	0.0005941175079791198	-0.0015121064769473014	0.004596245724455033	-0.00026415468299117464
11.31	0.00017696405706629155	5.403616372884035e-05	0.0032157088571651547	-6.212880101477474e-05	2.674555119030761e-05	0.002757846157007712	0.004212198551959576	-0.011619766779120034	-3.094412721725623e-05	0.005982543531961936	0.0044200419792110165	0.0001770122117661193
11.32	0.0001374555846840065	-6.793348448829549e-05	0.003213326426684599	1.584720085539863e-05	5.2902335095851365e-05	0.0027604816310154885	-0.011460663723446235	-0.01088121949520374	-0.00026665862003433103	0.008341536923279186	0.0004033031565777143	0.00021335432135192173
11.33	-1.892172688469457e-05	-0.0001322362081916369	0.003212975908511654	8.00897719749273e-05	3.428234769529759e-05	0.002759511304904481	-0.017425897326440398	-0.001006008120979527	0.00012924181017773828	0.0035263449581455397	-0.0038515602905159936	-0.00033150338457617974
11.34	-0.00015971357294321755	-8.432534951304842e-05	0.0032129775703369327	7.632754163012872e-05	-1.3284632183247319e-05	0.0027571925629968513	-0.008456683103027518	0.009857065036792909	-0.00022719305232187805	-0.004265988089622645	-0.004915917303317412	-1.8884224351931226e-05
11.350000000000001	-0.00016340600270616074	3.5524334608057334e-05	0.003208848283328932	7.372898021920044e-06	-4.9447086100188126e-05	0.002759068914941432	0.007742941256467969	0.012233846802002287	-0.000425636911124386	-0.008423851452351782	-0.0017569216560339048	0.0002549879180040007
11.360000000000001	-2.829337881838244e-05	0.00012531811375891453	0.003208341640767611	-6.728491900221515e-05	-4.360344137152944e-05	0.002759251251116556	0.01724465710431929	0.004346119393633175	0.0003643533357748501	-0.005370323053540531	0.0028092991458264333	-0.0002474257798089628
11.370000000000001	0.00013160834621018622	0.00010936406962355035	0.0032133021601051205	-8.47817166890028e-05	-1.2556225787520715e-06	0.0027565395797931845	0.012190666470335522	-0.007296659766031048	0.0003830559093262806	0.0021753924308008103	0.005055658316858638	-0.00012364341734437395
11.38	0.00017872130016476347	3.652706158107441e-07	0.003213805221415858	-2.972827945186206e-05	4.2620201519642474e-05	0.0027582181963308897	-0.003449308366530373	-0.012784350175626123	-0.00019706035218938935	0.007972330768030141	0.003001947237681209	0.0003681461419730434
11.39	7.346109008171361e-05	-0.00010886015180904057	0.0032124969886375217	5.075483291303782e-05	5.004870324766582e-05	0.002760584905547389	-0.01598022849217592	-0.0074205251715947175	6.719581823435748e-05	0.006838374102745969	-0.0016087613816067035	-3.2780227068507295e-05
11.4	-9.455694755066949e-05	-0.00012628995053555665	0.003214325217828934	8.747934940922143e-05	1.5212741559189052e-05	0.0027583876716536513	-0.014990820911580228	0.004236442464067075	0.00010955977666712273	-6.137242678688027e-05	-0.0048527336447408125	-0.0002454572344691682
11.41	-0.00018160900669532927	-3.608969923249655e-05	0.0032125191093610745	4.9356434926672645e-05	-3.304383893321088e-05	0.002758328935307589	-0.0010339376234234543	0.0123808422656801	-0.00043985270213943943	-0.007007889623631626	-0.004027412928574699	0.00024295580647441562
11.42	-0.00011339380523688786	8.471872685745134e-05	0.00320855839093608	-3.1410461476906546e-05	-5.333490149465017e-05	0.002760675206131029	0.013605944231958336	0.009953677066530114	-0.00012854542801208068	-0.007846251208797518	0.000251582989537975	2.0220049076305234e-05
11.43	5.125615421320861e-05	0.0001344370713116589	0.00321072367204503	-8.503367627928673e-05	-2.9261165435608246e-05	0.002758092173138418	0.016804402172133425	-0.0008259272057286707	0.0004152233098515236	-0.0020598587113888262	0.00422442328127168	-0.00038836876986954815
11.440000000000001	0.0001725010027537247	6.99711739561026e-05	0.003213140722791737	-6.62385600396178e-05	1.98404740971811e-05	0.0027562201790609507	0.005503327028785389	-0.011058762529329963	-4.187859610764394e-05	0.005550084115793391	0.004789238154614266	9.429686419336511e-05
11.450000000000001	0.00014553315973754314	-5.378101234435164e-05	0.003211406996449546	9.536235786816499e-06	5.2298196233953735e-05	0.00275878469454479	-0.010390932374000928	-0.011781986715415261	-0.00013452411943252167	0.00838209205865167	0.0012012387657728044	0.00025167114969143825
11.46	-4.914419317727189e-06	-0.0001322042466179146	0.0032126347476862144	7.685029412585185e-05	4.05452257422979e-05	0.002758865302168668	-0.017398266362712998	-0.0026763564936971695	0.0003367443246645646	0.004049752328469632	-0.003351304663099616	-0.00021605344176912347
11.47	-0.00015144437975613432	-9.873943607445727e-05	0.003214473745153919	7.858637425516344e-05	-5.384501596242385e-06	0.0027574748996677693	-0.009557407933454339	0.008861040771451655	-0.00011940527218934672	-0.0037600982017160466	-0.005130231304271962	6.193891078001058e-05
11.48	-0.00016774249203700795	1.9011287550219602e-05	0.0032106715981678174	1.2843556634635302e-05	-4.6790791364831105e-05	0.0027602017706876256	0.006480985538143675	0.012841612387268992	-0.00045234036562171896	-0.00832855230623243	-0.002499242935300489	0.00033528204117679234
11.49	-4.127155236451424e-05	0.00012054454541104439	0.003209474089003058	-6.322359631417039e-05	-4.819681771626537e-05	0.002760653047284416	0.016867875815924166	0.005972208440166103	0.0002602134512991252	-0.005730583640704312	0.0022059764089354603	-0.0002756796622723024
11.5	0.00012068410870346665	0.00012044428042407547	0.00321307681209969	-8.52805079257038e-05	-8.9104614279235e-06	0.002757151504543684	0.01295592384582384	-0.0060388663850333285	0.00023802029652519253	0.0016758450643801102	0.005077031243430733	-0.0002452881814934107
11.51	0.00017913250974658035	1.7490372691547152e-05	0.003212465224214926	-3.4295046950693214e-05	3.84613164717147e-05	0.0027573794699133495	-0.0021638661898756755	-0.012937174811971992	-0.0002916518006365203	0.007703708523379591	0.003642157480609007	0.00024181339429801049
11.520000000000001	8.454739813850661e-05	-0.00010022836548893875	0.0032106805857572327	4.5749741053845585e-05	5.307483287462399e-05	0.00275884255120589	-0.015280254986582937	-0.008833185977650222	8.558224278156445e-05	0.007055228306834123	-0.000932281808301066	-6.955557813660011e-05
11.530000000000001	-8.221135288438178e-05	-0.00013357758751165083	0.0032133615497837004	8.655724246827307e-05	2.2810502414361186e-05	0.002756816404836274	-0.01549179382448178	0.002753576299361848	0.0002416304035217869	0.00045019542663492056	-0.004685027810930497	-0.0001573932377883223
11.540000000000001	-0.00017854606962483557	-5.2771107488368975e-05	0.0032125844548084492	5.298627864025909e-05	-2.740573300337684e-05	0.0027579520147905817	-0.0022779376224426905	0.012116942283015731	-0.0003522937372190516	-0.0066305871324602635	-0.004545928782308887	0.0003644133567113012
11.55	-0.00012221101022835283	7.294625956276172e-05	0.003209161619944218	-2.5832268885645086e-05	-5.4608790143307164e-05	0.002761535831440332	0.01261150559833291	0.011088391780162082	-9.991815489477829e-05	-0.007871343295070552	-0.00048047158227677226	0.00016504811992113416
11.56	3.752937851196279e-05	0.00013752605358722427	0.00321182213254693	-8.175952708282231e-05	-3.5940504569200554e-05	0.002759842299574003	0.01687999306574972	0.0007906310083981266	0.0004574354428840955	-0.002497932474354415	0.003951954017421031	-0.0003543753062536893
11.57	0.00016533033147369164	8.542220575261371e-05	0.003214447088530888	-6.820096114711741e-05	1.3086704800615849e-05	0.0027577604536416053	0.006642542980423804	-0.010411559745879423	-3.9982419326615014e-05	0.005016910170116893	0.005111222784004508	5.368956790061107e-05
11.58	0.000151212256039323	-3.9705988184181876e-05	0.0032121483683754193	3.7416724612457603e-06	5.104775696649307e-05	0.002759517982480518	-0.009173244485123225	-0.012655640246236088	-0.0002504268627532649	0.008216682122999103	0.0019060734631548342	0.00014018374352134263
11.59	8.682201557777034e-06	-0.0001313232824732591	0.0032121720234575416	7.214030925763264e-05	4.5707008739180625e-05	0.0027581851404556456	-0.017151493217647733	-0.004249492536591429	0.0002348850108932738	0.004402740479327447	-0.0028943554802796133	-0.0003594046174173902
11.600000000000001	-0.00014140889910829372	-0.0001117635376712205	0.003213479728114836	7.891228529531654e-05	1.1175636804486654e-06	0.0027555706409662225	-0.010490022962599715	0.00793210407905754	-0.00011979786477044909	-0.0031844944611783793	-0.005317488821361143	-2.2338441637281276e-05
11.610000000000001	-0.0001700449336749191	3.6595029884271885e-06	0.0032098628835895036	1.7826578083826544e-05	-4.486427839472177e-05	0.002757919507660858	0.005155338708146054	0.0133094165741646	-0.00044363867924567256	-0.008055656039357834	-0.003137063095418637	0.0003599416500980772
11.620000000000001	-5.408540398694902e-05	0.00011584192929502145	0.0032085707875837764	-5.813507941709382e-05	-5.279570597453667e-05	0.0027594685499661513	0.016256409761518577	0.007434814195811457	0.0002652275753930719	-0.0059618000998032696	0.0016262264865274025	-0.00013485290211181833
11.63	0.00010823773463604602	0.00013029283461080072	0.0032127376671698352	-8.425103107228564e-05	-1.653827927370256e-05	0.0027573189758944793	0.01362853574718773	-0.004812042470016251	0.0003707978696309467	0.00116396187950319	0.00511316015162249	-0.00010049954577391924
11.64	0.00017772999829900854	3.335935430397814e-05	0.00321331477984167	-3.813771777985787e-05	3.440794188794506e-05	0.0027588417596488032	-0.0008288415629467304	-0.013004032142924168	-0.0001806361819613376	0.007332199919374109	0.004263086378118872	0.00034287045019565837
11.65	9.523434433264058e-05	-9.166377426822922e-05	0.0032122207789868824	4.05193463899163e-05	5.6145206085960985e-05	0.00276109790684043	-0.014376349893537371	-0.010087850211115367	0.0001003115849167873	0.007151224078223096	-0.0002231213431922187	-5.697015792866792e-05
11.66	-6.817870088448212e-05	-0.00013922546876711083	0.0032145720627067007	8.448487108757327e-05	3.078743537009711e-05	0.0027585061072944073	-0.015767970652888885	0.0013542045288019357	0.00018870115234393678	0.0009303671211141249	-0.004482302317619412	-0.0003036252058453416
11.67	-0.00017295796234581385	-6.838826988558329e-05	0.0032131846426396195	5.617488275097755e-05	-2.0939232622250476e-05	0.0027576350385729305	-0.0035443663304678837	0.011702544916965539	-0.0004670859578849986	-0.006163163982090695	-0.005033209595179384	0.00016975812131979828
11.68	-0.00012964084809036024	6.014263333675243e-05	0.0032086973035153473	-1.9973420597126205e-05	-5.51358796890549e-05	0.0027595631214942357	0.01147992458236278	0.012036691428943792	-0.0001954083252023643	-0.007850381552647124	-0.0012804814002065714	3.5373620286623336e-05
11.690000000000001	2.3498317789388647e-05	0.00013816800420201787	0.003210432157031284	-7.840301786845639e-05	-4.293826001292419e-05	0.0027574478573322626	0.01681288838946804	0.0023433547028025793	0.0004119937582221429	-0.00295460704468489	0.00355900942854348	-0.0003517639504475684
11.700000000000001	0.00015687450634489978	9.913700174852247e-05	0.0032130478192460366	-7.020600924788335e-05	6.065026580663348e-06	0.002755988428964441	0.007723662386705324	-0.0095559894517354	1.2542128420630688e-06	0.004504916443201958	0.0054757138797344234	0.00014768131323113567
11.71	0.0001554571388249123	-2.4492832561291378e-05	0.0032111719288120018	-1.8835393237810591e-06	5.005495580159315e-05	0.0027594132252975125	-0.00790585253029725	-0.013223655837834804	-0.0001893971474510819	0.008081316216068085	0.002627693609049907	0.0003539851718346743
11.72	2.1836580269179077e-05	-0.0001273303507439741	0.003212293786532012	6.788758949067353e-05	5.151052767067927e-05	0.0027600387405033494	-0.01679837697131834	-0.005799583433060907	0.0003773711815440411	0.004777149769674624	-0.0023494328255553244	-0.00020594866890146217
11.73	-0.00013098241366565246	-0.00012271192948079196	0.003215207768610964	7.965401181504698e-05	9.631354168946808e-06	0.0027581539253029616	-0.01130819324488207	0.006673801973960117	5.86265821568428e-06	-0.002639033843230119	-0.0054201968075309045	-3.860243966935092e-05
11.74	-0.00017097360433155568	-1.3408335042581428e-05	0.0032122645184898073	2.2893858110276754e-05	-4.068060361553988e-05	0.0027598691049431985	0.0038850070527073036	0.013452378047451355	-0.00043364096384378945	-0.007791891178077902	-0.0038273865049030086	0.0002546431534009897
11.75	-6.559725461488144e-05	0.00010727499855511753	0.0032103076710127613	-5.309951528300905e-05	-5.607714694627037e-05	0.0027599811758007783	0.015579421461137414	0.008865258665040161	0.00014903205491013252	-0.006208416743876936	0.0009570713742585777	-0.0003232863384015352
11.76	9.564526967019626e-05	0.00013767376113851736	0.003213055531589766	-8.35864738979561e-05	-2.4172186115144487e-05	0.002756172801753201	0.01412971465256407	-0.0032960930417190496	0.00018528885635220267	0.000601190071857516	0.004992433421905836	-0.00024170578341986014
11.770000000000001	0.00017475129944676053	5.052008371779791e-05	0.003212054707985681	-4.248887427542214e-05	2.9346308617223702e-05	0.0027566640860386665	0.00046496606240910895	-0.012736194646189226	-0.00033852357035363387	0.0069640648479552215	0.0048387655567724295	0.00029879925206570976
11.780000000000001	0.00010444121926986985	-7.969273393777854e-05	0.0032101619081977176	3.5031076597090525e-05	5.82168375187965e-05	0.002759149720040304	-0.013415026843397097	-0.011335162167304548	0.00012112322690240492	0.007286237354253964	0.0005020132594439384	1.8300450315771032e-05
11.790000000000001	-5.454254702939539e-05	-0.00014328059872291754	0.003213608242103208	8.234049917542966e-05	3.769785406878549e-05	0.00275744787725593	-0.01590263960580051	-0.00034075400699734115	0.00035418289837158554	0.0014613984021625132	-0.004305347124728143	-0.00018093762325682684
11.8	-0.00016646955941002466	-8.483938366858387e-05	0.003214012192809752	5.923700167326707e-05	-1.5469444497501608e-05	0.002758125854256885	-0.004695751127006525	0.011113367270426085	-0.0002962175674088543	-0.005726539796096855	-0.005491060392201446	0.00033307990945967127
11.81	-0.00013569418084731792	4.597628892888141e-05	0.0032107275679664946	-1.4541698346685931e-05	-5.575543670640192e-05	0.002761385911489951	0.010302712767329875	0.013042592493808892	-0.00015100223203952325	-0.007852282026723644	-0.00193018796341048	0.00014204650708042618
11.82	9.893272187115381e-06	0.0001388858494738421	0.003212384951023128	-7.521111740127511e-05	-4.905370159701826e-05	0.0027594191151458073	0.016583744287392378	0.004054127821388737	0.0003450626275581863	-0.00337020965161011	0.0031876768955288975	-0.00040664964533954935
11.83	0.00014703234940764305	0.00011394437056159273	0.003213837874736947	-7.188866422241173e-05	-5.701188670703987e-07	0.0027571160740162866	0.008639182140971645	-0.008691036505485434	-0.00016370483984169305	0.003996783799034667	0.00574207786677807	3.7666878472139814e-05
11.84	0.0001574496338646622	-8.82175076846066e-06	0.003210376127712512	-7.084290979700763e-06	4.882214222450731e-05	0.0027590221567941496	-0.006637018613343966	-0.013931011556976645	-0.00034494714696146005	0.007926697296475953	0.0033599860257299856	0.00019981824158372169
11.850000000000001	3.424817756625442e-05	-0.00012448919374304286	0.003210723344578811	6.319566741793081e-05	5.690840467222733e-05	0.002758416488815387	-0.01613707609455917	-0.007415201902163008	0.00037621657483405364	0.005046902765102913	-0.0018714868169801622	-0.00029550387501560025
11.860000000000001	-0.00011806779038110801	-0.00013468203990696183	0.0032139492192125095	7.931406113639986e-05	1.6484524513249525e-05	0.0027563257702327513	-0.01189375381118047	0.005565796820600833	8.93241788166849e-05	-0.0020887710132384807	-0.005606128277736677	1.4102224579216118e-05
11.870000000000001	-0.0001684985846464889	-2.9622219304234303e-05	0.00321184766347598	2.7514596106765374e-05	-3.8399833540443404e-05	0.0027591276300490256	0.0025361780796419736	0.013758395813735617	-0.0003581748053092698	-0.007449557904496287	-0.004520674764060434	0.00038694626613078624
11.88	-7.563080191051006e-05	0.0001005260407957054	0.003210871552953363	-4.7378315592420394e-05	-6.0505342405810036e-05	0.0027606078721815635	0.014612012137104712	0.010315113385888619	0.0002439287154091599	-0.006376284684153112	0.0003875552049635499	-0.0002141747820292434
11.89	8.170676944528046e-05	0.0001462480856200146	0.003214513078556611	-8.156871729606455e-05	-3.1618772475649156e-05	0.002757458115080522	0.014385429697146781	-0.0019416016790820604	0.0002587693513234074	7.048647301795013e-05	0.0049951175647522895	-0.00021799922636775229
11.9	0.00016897549834700301	6.705085126461928e-05	0.0032137532951096344	-4.5945402048040945e-05	2.5041715043459304e-05	0.002758106681081268	0.001709042336158727	-0.01263371937420807	-0.0003590872552049766	0.006502772935667956	0.0054208353074206555	0.00028599396096947485
11.91	0.00011189943526038803	-6.931327779458466e-05	0.0032106606138154977	2.8931908055378965e-05	6.057813077262259e-05	0.0027600949732339477	-0.012192358255276268	-0.012543667266176929	-6.363587758970651e-05	0.007299987671824681	0.0011449781421744062	-4.5834963712732434e-05
11.92	-4.014087129252188e-05	-0.00014765600108188314	0.0032123303064532107	7.886395083298024e-05	4.4880785319589046e-05	0.002757353040436386	-0.015866694063325366	-0.0018594574271150787	0.00022661320224154281	0.001920409813414675	-0.004099348999473516	-0.00032419589876372506
11.93	-0.00015778913753151043	-0.000100127011739554	0.003212026677192603	6.157623028344327e-05	-9.504915468510788e-06	0.0027568449240902315	-0.005817612264441399	0.010583852899319566	-0.0003063754270924091	-0.005120148178778691	-0.005933404351193341	0.00024432157578074636
11.940000000000001	-0.0001402682718308135	3.272425505571592e-05	0.0032089448317542306	-8.455648094236998e-06	-5.594765315099096e-05	0.0027597323995001578	0.008991741284141963	0.01392527305253381	-8.892815178008854e-05	-0.007750878056400919	-0.002636956047869941	0.00016366202867229348
11.950000000000001	-4.090283657358048e-06	0.00013850828753028644	0.003211776739465697	-7.067140551342301e-05	-5.5100689815570175e-05	0.0027583627921883456	0.016194479952115794	0.005559364236995106	0.0005211060548761444	-0.003763847975433521	0.002814212186419188	-0.000321493039621703
11.96	0.000135717506499073	0.00012664551605297915	0.0032149424599052278	-7.256438055896224e-05	-7.444917260220078e-06	0.002756884887738613	0.009524317140989974	-0.007753442490792802	-4.090527656999084e-05	0.0034443489925063244	0.005977471795082184	0.00013389852271124175
11.97	0.00015864076565423696	6.594962304458903e-06	0.0032120113223231515	-1.2259098858412288e-05	4.680245635365967e-05	0.002759851791011989	-0.00525564970771768	-0.014357773397195206	-0.0003407646662810384	0.007656466322063087	0.00403544306496111	0.0002925190265353455
11.98	4.6682212692025984e-05	-0.00011912565559075781	0.003211546514728265	5.7859552099335944e-05	6.149108038105423e-05	0.0027597966904361337	-0.015432157471086963	-0.008865876199991232	0.00025687364824917566	0.005299845045819449	-0.0013212478349913207	-0.00030249354378613795
11.99	-0.00010518426079909341	-0.0001442311861817333	0.003213666330061998	7.845264791051941e-05	2.3588615202191187e-05	0.0027569391451013055	-0.012539078235636035	0.004303877850873861	-1.758143328206369e-05	-0.0015202652883744426	-0.005685580124176747	-0.0001024010377238211
12.0	-0.00016666151346078555	-4.604087242208812e-05	0.003210905502740653	3.1989657602590954e-05	-3.537309436651951e-05	0.0027584754798765073	0.001165666048531655	0.013753964823000871	-0.0003935908751109488	-0.00702691348900287	-0.005140496561178969	0.00029253459417175184
12.01	-8.619106554398222e-05	9.105323920849458e-05	0.003209673004384489	-4.1306762882236455e-05	-6.422970431432602e-05	0.0027590798162953328	0.013674607661631638	0.011596278180406984	0.00024415343759579954	-0.0064986201216063145	-0.00018824285497291075	-0.00025317347732245374
12.020000000000001	6.745775014121981e-05	0.0001517722475987129	0.0032134300648971924	-7.929300210761102e-05	-3.8635238653459345e-05	0.0027559362426746972	0.014656357304262832	-0.00045105534723185916	0.00028964261759084983	-0.000498925988722318	0.004942134952503973	-0.00019300243152170122
12.030000000000001	0.00016305786448261026	8.285528992714023e-05	0.0032130360922866708	-4.935259747555712e-05	2.0128424553124306e-05	0.0027571151475351487	0.002984362004604258	-0.012237763256404315	-0.0003215969195151172	0.006013246876432202	0.005883034955898851	0.00037185104374991756
12.040000000000001	0.00011931893013027662	-5.6625534230577644e-05	0.00321053908587785	2.2821054828759894e-05	6.152200904831808e-05	0.0027602674615757714	-0.011031226088967089	-0.013499143306880276	1.5693787305814547e-05	0.00726016650682985	0.0017705129966632135	6.246812036403257e-05
12.05	-2.5718831178550032e-05	-0.00014846782301359965	0.0032133414333376403	7.493637155037551e-05	5.058127712535644e-05	0.002758602361098356	-0.015746344808316496	-0.003401738289479101	0.00033718620800174794	0.002363863509707749	-0.0038256547188577055	-0.00022740586087834522
12.06	-0.00014904394221325318	-0.00011390257835326268	0.003213744028970319	6.313975342022521e-05	-3.869738499836832e-06	0.0027584068007064683	-0.006955212106948962	0.009782980246497859	-0.000288495258112563	-0.004544297247964048	-0.00621962349636031	0.000245318586588919
12.07	-0.0001448873958951174	1.7794733634749155e-05	0.0032103281875214104	-2.591276164262875e-06	-5.543043652852208e-05	0.002760951094076841	0.007661747430755993	0.014519440214899891	-0.00018258190705403412	-0.007532616755550536	-0.0032696775528880577	8.248656878622501e-05
12.08	-1.8105648139120143e-05	0.00013494488056925704	0.0032120854231552543	-6.527422492393076e-05	-5.9960926154454034e-05	0.0027588613835262863	0.015787518373550188	0.0070775776860102	0.0004122479436945975	-0.004083718840847446	0.0024460204630375043	-0.0004033135985198533
12.09	0.00012425710807727975	0.00013747725214703228	0.003214518335337399	-7.232337596136402e-05	-1.323198825095861e-05	0.0027564097972985523	0.010406346340717649	-0.006637805993966972	-4.6504145834385394e-05	0.0028220558322715195	0.006168807046281685	1.0890773907539094e-05
12.100000000000001	0.0001593371186997472	2.2361360802172313e-05	0.003211585943962985	-1.7385103040928367e-05	4.49488899405743e-05	0.0027587678644286967	-0.0038765261819650497	-0.014552462081916377	-0.00031749918600868817	0.007274722743321777	0.004541534820322913	0.00028648714117830725
12.110000000000001	5.9063394186021274e-05	-0.00011170350498674621	0.003211413551342813	5.1568766941607354e-05	6.495773155596755e-05	0.0027590815129296016	-0.014678008217090123	-0.010206997548217665	0.0003022375999805888	0.005463970718974644	-0.0008388430516297375	-0.000216455305404257
12.120000000000001	-9.16292314417794e-05	-0.00015139963000650663	0.003214324179315162	7.632780886616009e-05	3.013534346466819e-05	0.002757277694446476	-0.013064336268053168	0.002944152450571754	8.216208539837264e-05	-0.0008986811655359934	-0.005619824642996561	3.289249783434863e-06
12.13	-0.00016329147565732034	-6.159348410421596e-05	0.003212055167390925	3.604986727853325e-05	-3.10213351734564e-05	0.002759792418581979	-0.00018741575779999956	0.013538448495359522	-0.0003893120381718936	-0.006526499234551122	-0.005645178326302958	0.00035562369978496815
12.14	-9.623745675242225e-05	8.00436926900931e-05	0.0032105696765216017	-3.4513396673218686e-05	-6.591732683826926e-05	0.0027609857788141448	0.012582507839027968	0.012661287455650367	0.00019510374101841806	-0.006484302351462162	-0.0008233846755814992	-0.0002319959846122881
12.15	5.253162018847692e-05	0.00015482395976553964	0.0032139775619354836	-7.524170217582472e-05	-4.48376111058035e-05	0.0027571899982345286	0.014846180758068428	0.0010626094958603243	0.00027150387642259756	-0.00105439033859044	0.004727658567565625	-0.0003231277554912546
12.16	0.000156468266782461	9.741524823880064e-05	0.003213438402146864	-5.208419211603043e-05	1.4943067396761587e-05	0.0027569024932822335	0.004321101181912322	-0.011629626566652175	-0.00037250982614769234	0.005322266940245144	0.006284663742046973	0.00024297430905074715
12.17	0.00012672098829943915	-4.315214554859574e-05	0.0032102697284193816	1.5472799477270732e-05	6.20810490077201e-05	0.0027589519333557602	-0.00975560368776176	-0.014331633844657056	-4.5118217077651736e-05	0.007096737032576381	0.0024225204206418474	6.816136335769902e-06
12.18	-1.0523699380026618e-05	-0.0001477592673748556	0.003212852112520814	6.917294583079556e-05	5.67706809514335e-05	0.0027569459055273933	-0.015575996668905214	-0.0049675202772365675	0.000356791333984124	0.0028729245203583205	-0.003432179719443546	-0.00025019702903579614
12.190000000000001	-0.00013871056628478784	-0.00012671904000709073	0.0032138005064807408	6.435964985427609e-05	2.7823284371063697e-06	0.0027568848088482456	-0.008049720511084903	0.008849431090219352	-0.00020843691403119624	-0.0037889252566107134	-0.0065107729494426865	0.00027560574827079255
12.200000000000001	-0.00014812768929709245	2.6603142228681744e-06	0.0032105530289289856	4.587228861607123e-06	-5.378942334162051e-05	0.0027605171246688517	0.006256294177664491	0.015008134702904035	-0.00021051067377719632	-0.007222228769753474	-0.003936266166513898	0.00022365999020429472
12.21	-3.203574107790655e-05	0.00013022631245184507	0.0032117856529970045	-5.859310212058552e-05	-6.456047252704151e-05	0.002759413675463136	0.015202823294230845	0.008527599909339314	0.0003733708934383856	-0.004472700732055764	0.001948259764914716	-0.0003514977479332229
12.22	0.00011149559814364692	0.0001472629688889311	0.0032140584939059336	-7.194776684801394e-05	-2.023722310805354e-05	0.0027570140366453147	0.011220913789978262	-0.005399541083621463	-6.777766124541e-05	0.002028389461642123	0.006248009942713235	2.0527966368967624e-05
12.23	0.00015925522669652664	3.853978204267143e-05	0.003210937154630896	-2.38217026033205e-05	4.174701484560504e-05	0.0027591460248335606	-0.0023241455072808537	-0.014605711546191913	-0.0003595013604528094	0.006818634678954863	0.005171624716298368	0.00026125362074818075
12.24	7.224757165952208e-05	-0.00010289165187373478	0.00321044472395093	4.374967348871801e-05	6.816659409388709e-05	0.002758917164942873	-0.013745697660449965	-0.011506534571903471	0.00028866407022396954	0.005673429545074055	-0.00027189058041486136	-0.00032728052667117916
12.25	-7.617916425430245e-05	-0.00015764531870218298	0.0032136349574486307	7.376065600828379e-05	3.660249881651531e-05	0.0027558676688025897	-0.013584504433618017	0.0014620532050163549	0.00014277679866137895	-0.00016793873776283126	-0.00557017505149194	-0.00010424103008811166
12.26	-0.00015893902798029837	-7.746739984272423e-05	0.0032120878952578103	4.060273335586728e-05	-2.691163533846652e-05	0.002757865762897833	-0.0016868600094741952	0.013255621189416358	-0.00032883706890175595	-0.005933379111332547	-0.0061226818811779896	0.00039417242248416997
12.270000000000001	-0.00010606534465652826	6.84635381915229e-05	0.003210736203317706	-2.710230767811834e-05	-6.778369511992755e-05	0.002760226967405149	0.01142319407691273	0.013708143329778799	0.00018833463879807728	-0.00653647975589035	-0.0014258035250518447	-4.9388549800428846e-05
12.280000000000001	3.665263731380166e-05	0.00015682900103939615	0.0032142768059582882	-7.140362786450825e-05	-5.114044379328333e-05	0.0027579457708542766	0.014911721174427	0.0025526182652927725	0.0003284268730162492	-0.0016338650209831056	0.004516789823944339	-0.00020780295669835854
12.290000000000001	0.0001478895851595652	0.00011119495603530204	0.0032141666697471176	-5.501621649614907e-05	9.478154370108476e-06	0.002758160592262674	0.005583049930955252	-0.010939241116984157	-0.00031395511950668784	0.004657537214339105	0.006655880535924732	0.00024245238657533434
12.3	0.0001324942424795261	-2.911286419832439e-05	0.0032113790792869107	8.092798892719788e-06	6.218431345565156e-05	0.0027601141543367133	-0.008373666028395446	-0.014983216847501573	-6.68899701460155e-05	0.006952221235641041	0.0030803223739779167	-9.742159806020379e-06
12.31	4.777876387229026e-06	-0.00014521053239386925	0.0032132879386243467	6.392804597464715e-05	6.198778466001052e-05	0.002757632620702081	-0.01521341504058096	-0.006407415142659522	0.000279829226874569	0.003341290797103633	-0.0031310798353600114	-0.00032290212712595556
12.32	-0.0001267625951563996	-0.00013735754506753772	0.003213486687413386	6.518558217662317e-05	8.424584343923036e-06	0.002756772164535133	-0.008995473267690566	0.007829145905252986	-0.00031173464924906145	-0.003131731965789458	-0.006743729166029199	0.00019986790240635984
12.33	-0.00014915934724455	-1.2181672637169271e-05	0.003209702417181181	1.075299089773652e-05	-5.253866106138795e-05	0.0027597984489356998	0.004806090554990948	0.015252799491034046	-0.00022663413049547117	-0.006867504407486811	-0.004511137262680297	0.00020797214083103843
12.34	-4.5072268817711836e-05	0.00012413666112238623	0.0032112749528201154	-5.218458385789994e-05	-6.898601358358778e-05	0.0027588533633083737	0.014460485819096942	0.009887624784316932	0.00046853302095833433	-0.004752403878726844	0.0014714936807169194	-0.0003407338623288196
12.350000000000001	9.735832894300707e-05	0.00015545444690502513	0.0032145598545965585	-7.044698563699361e-05	-2.67471218673282e-05	0.002756444941837136	0.011800005229127941	-0.004164163467054515	2.5672766151881572e-05	0.0013933792632791321	0.00633988784003427	-9.151174755972687e-06
12.360000000000001	0.00015581310422981213	5.358538702121394e-05	0.0032120433221054525	-2.8385070043966087e-05	3.8921976429122834e-05	0.002758623011518941	-0.0009540449938770973	-0.01458327863280729	-0.0003514105659710086	0.006337659949005647	0.005765065556808581	0.0003041152457459773
12.370000000000001	8.18148022442511e-05	-9.406125036876174e-05	0.0032114273882634004	3.7261079086280074e-05	7.144192978288368e-05	0.0027592582332697196	-0.012707709204741693	-0.012668110225961805	0.00027152471132666395	0.005782441602534442	0.0002797148500135195	-0.00021871218480092785
12.38	-6.159052129934444e-05	-0.00016226511166122308	0.003213759484068633	7.089831837037443e-05	4.371051833381889e-05	0.002756803114503172	-0.013690290667786736	0.00013329557020882316	1.4754977689221792e-05	0.00041533468464276203	-0.005447595628348729	-0.00010329707390675132
12.39	-0.00015152964765432255	-9.167776669965736e-05	0.003211307810240696	4.3872425478098286e-05	-2.1605129226133216e-05	0.002758493617660067	-0.00291376444502128	0.012828112112613796	-0.0004204792560129204	-0.005392740725801959	-0.006571587218456718	0.00035491254201479555
12.4	-0.00011243608547018179	5.666572613222862e-05	0.003209314655228375	-2.0243732754586187e-05	-6.855790237399291e-05	0.002760029588448473	0.010105699785123667	0.014589991017679516	0.0001643916931095211	-0.0064314007041398075	-0.0021208324788014217	-0.00016341226018152315
12.41	2.1700100985086787e-05	0.00015778141762802774	0.0032131619789787743	-6.648091965621258e-05	-5.7878205687958335e-05	0.00275668651818463	0.014632077110585682	0.004010980654531424	0.0003624908898539895	-0.002108907120872355	0.004141661810583158	-0.000308102970611604
12.42	0.00013674934270916376	0.00012415912168283754	0.0032136955580798435	-5.58368151215868e-05	2.72907007907945e-06	0.002756645944010496	0.006572638014339872	-0.010199865165839938	-0.0002679845047839734	0.004066619488487757	0.007016887694221209	0.0002841228049109735
12.43	0.0001345204243007168	-1.5466638810866293e-05	0.0032109934311929382	2.693501039475597e-06	6.151431363376694e-05	0.0027595237805472664	-0.006912695059065306	-0.01557320671449561	-4.0531395462401895e-05	0.006714200211644577	0.0037971356048357276	0.0001148521371376915
12.440000000000001	1.8372343931949313e-05	-0.00014238836190240636	0.0032133341863777626	5.8741045827025e-05	6.798571478398585e-05	0.002758273433025013	-0.01456398140556532	-0.007813772612986387	0.0003477682582150587	0.0036173980679636117	-0.002606157422042418	-0.00022768772053726992
12.450000000000001	-0.00011374861582512728	-0.00014819280809529514	0.003214365581738335	6.446415571802517e-05	1.651481562813142e-05	0.002757870640221465	-0.009733765844544493	0.006772688962235665	-0.00023155414457655908	-0.002578458544007595	-0.006914502452599628	0.0002118836469809706
12.46	-0.0001478982822009901	-2.7500700559285412e-05	0.0032110186968682653	1.5093358131385735e-05	-4.9499985998884985e-05	0.00276065178393835	0.0033413751865669123	0.015475256292947992	-0.00024264630975789236	-0.00649294459985161	-0.005243986722399186	0.00016612504176834176
12.47	-5.6972684166536524e-05	0.00011667731566416897	0.003212060313712192	-4.626418427269932e-05	-7.320340037378839e-05	0.002758990989447507	0.013482785463393212	0.011135683509956317	0.00036679837433145504	-0.004850360918462426	0.0008325628619729239	-0.0004229175057056451
12.48	8.231802262695823e-05	0.00016203788113617031	0.003214536674777311	-6.793629978223443e-05	-3.459543787219238e-05	0.0027557693587069135	0.012162575798366227	-0.0027924990087056785	-3.7669007915444546e-05	0.0008787265101183594	0.006315525801508481	-9.536827458458528e-05
12.49	0.00015029211358286304	6.867584268928592e-05	0.003211500618313468	-3.111046286343705e-05	3.467629979936665e-05	0.0027573080503695583	0.00043301226561827003	-0.01436586878041955	-0.0004065067663871809	0.005896176483204686	0.006416230972853482	0.0002705288422771001
12.5	9.043783030822384e-05	-8.343883818536429e-05	0.00321064770303461	3.2030995114422806e-05	7.471522007406294e-05	0.0027579492938861333	-0.011499191828002362	-0.013745062102162623	0.0002450850064393614	0.00576464983418761	0.0009827664051851944	-0.0001818138510727666
12.51	-4.666929056473391e-05	-0.00016529676738630755	0.0032135797201888875	6.773714171338437e-05	5.129072769141241e-05	0.0027561156734138333	-0.01377510704100767	-0.0013002634939171165	0.00013815360712318104	0.0008372985604344343	-0.005353504073478315	-5.357223331828879e-06
12.520000000000001	-0.00014372163502522774	-0.00010547153349575325	0.0032118936620656392	4.59774314287241e-05	-1.6743007171365622e-05	0.0027588613380117345	-0.004145073959841066	0.012294626041911895	-0.0003803531715775126	-0.004845067828261263	-0.007144099288568768	0.0004416712442061178
12.530000000000001	-0.0001184697067280644	4.4157250192399124e-05	0.0032103220358913878	-1.4509145621546484e-05	-7.04866645329194e-05	0.0027614156382671537	0.008785105858519299	0.015361644080809183	0.00020192925440592918	-0.006299130464325776	-0.002778444959586566	-8.377234339808966e-05
12.540000000000001	7.012601310242703e-06	0.00015731477780336014	0.003214329279055121	-6.190498667977689e-05	-6.438131829918771e-05	0.0027584673448251863	0.01437060016989929	0.005430715746898126	0.0003571621951624655	-0.0024723478484189178	0.003925123400571246	-0.00032565715925600604
12.55	0.00012598565484808963	0.00013597210935102077	0.003214375207389462	-5.6645354693499944e-05	-2.9297305315629813e-06	0.002757679396605311	0.007563742313989715	-0.009316247704773904	-0.00035247462486580886	0.0034661243200189346	0.007383386637940795	0.00015491257085290108
12.56	0.00013697270691377417	-1.1317021977850982e-06	0.0032104839851585377	-3.0126135043358422e-06	6.114464964653779e-05	0.00275919366688804	-0.00547422371492386	-0.015958797841018002	-0.00016072143860718866	0.006374500932099101	0.004419273102921947	-2.3110616456101122e-05
12.57	3.241311272213607e-05	-0.00013778208527151874	0.0032120972721448988	5.241133731614115e-05	7.309009057790999e-05	0.0027566831139081587	-0.013875748657594467	-0.009224082625804743	0.0003166902038447868	0.0038796504842269694	-0.0022254178913372414	-0.0003255991195577773
12.58	-9.94743694036068e-05	-0.00015727205664514335	0.0032128954086048443	6.321349787430615e-05	2.2592443068327686e-05	0.0027558851131123745	-0.01041373154604958	0.0056482272782294686	-0.00023471175527272955	-0.0018957124091759938	-0.007096697351415727	0.00024494780374109855
12.59	-0.00014542028830587448	-4.225684450203766e-05	0.003209459712362811	2.016117509672693e-05	-4.761896233829997e-05	0.002759783471654747	0.001849074720629837	0.015555612961609767	-0.00021894970895964616	-0.006008847154960932	-0.005814960843023674	0.00029861407083513116
12.600000000000001	-6.83144491183154e-05	0.00010915588648216814	0.003211506199597473	-3.899002185922337e-05	-7.711378987920408e-05	0.0027593506600918855	0.01242701630182924	0.012419736629448555	0.0005349135075869352	-0.004947370449661822	0.0003524275883693952	-0.00032008984125123894
12.610000000000001	6.684305714161378e-05	0.0001687574699566332	0.0032156626561634935	-6.464006185944705e-05	-4.108264865540538e-05	0.002757139177893736	0.012439039285093443	-0.0015062458743079427	0.000105099330722807	0.00020712793092156464	0.006302248596556964	8.84165228268178e-06
12.620000000000001	0.00014402118907559772	8.372172405792301e-05	0.0032134706196425083	-3.4960908023104946e-05	3.0458871189382748e-05	0.002759188231255047	0.0018197452354439198	-0.014120093581833262	-0.00037172247592519433	0.005241367487262457	0.0068668046069259485	0.0002602127274161253
12.63	9.85705741059345e-05	-7.235217481116683e-05	0.003212213067089993	2.4484325760481264e-05	7.610740651420936e-05	0.002759402587528183	-0.01020164043629539	-0.014714855937153453	0.0001643609075239866	0.005731526914596829	0.0015552466573743285	-0.0002790145553043821
12.64	-3.0544869302654794e-05	-0.00016758140045900686	0.0032141446495553253	6.315006544239092e-05	5.696201369340013e-05	0.0027565698883797512	-0.013609321512488726	-0.0027713551543259137	2.052597496819698e-05	0.0014018545130405275	-0.005115874438967887	-9.40942202315774e-05
12.65	-0.00013302128375762312	-0.00011954266160092727	0.003211199344227359	4.783717312835957e-05	-1.152834298980281e-05	0.0027587167192253334	-0.005308992576585861	0.011573118741349584	-0.0004978743618629467	-0.004206587010135545	-0.007477416231191286	0.00040579261906370783
12.66	-0.00012215079246426756	2.9797057496647498e-05	0.0032088568349235777	-8.18569238841868e-06	-7.002186012509021e-05	0.0027609570584761463	0.007275885441848935	0.016008626089091333	0.00020293396185900632	-0.00608063757882747	-0.003353955210253316	-0.00010805833712064714
12.67	-7.76032966765504e-06	0.0001547925341273191	0.0032138915281003126	-5.642678712034092e-05	-6.911737246596345e-05	0.002757453369461096	0.013832892513393216	0.006990793815449631	0.0005520631271406651	-0.0028552218598444585	0.003549993057747911	-0.00037698268661957336
12.680000000000001	0.00011312960448183036	0.0001480882507599789	0.0032158870039790165	-5.648915481374576e-05	-9.110357350344535e-06	0.002756279429824494	0.008437823200974073	-0.008226591345629036	-0.00016981230051832784	0.0028554973472150347	0.007531151059058126	0.00015941598235000062
12.690000000000001	0.00013668526361648823	1.4847034484310098e-05	0.003212789380665753	-8.067865112762232e-06	5.9022164362047246e-05	0.0027583943899292425	-0.00400502920422353	-0.016348424214102156	-0.0002152664628279924	0.006011807518009058	0.005017218338211145	7.152698639806111e-05
12.700000000000001	4.4524049406756073e-05	-0.00013139145939661647	0.0032132975220274585	4.6585315720548957e-05	7.686424093024932e-05	0.0027570418917258715	-0.01301384578453932	-0.010605935194751696	0.00018131338011906286	0.004076489294813386	-0.001717161758504811	-0.00021309099146558873
12.71	-8.553687330584637e-05	-0.00016551829662831224	0.00321295264028561	6.171781311465671e-05	2.9199943661529492e-05	0.002756863118775474	-0.010938093948695342	0.004329273515422559	-0.00032720669960294044	-0.001314036505286542	-0.007111268362648729	0.0002696397441900881
12.72	-0.0001420943566152557	-5.801259702575121e-05	0.003208944549536081	2.4403362363956542e-05	-4.3907171969254515e-05	0.0027605946677236575	0.00043207051493839846	0.015445217503757056	-0.00024260813900084824	-0.005528994602980692	-0.006367124029330027	0.00027522838795242564
12.73	-7.856113851660022e-05	9.907627517724975e-05	0.003210926024324715	-3.2522892515140256e-05	-7.959369958832285e-05	0.0027597226953550848	0.011330030706955119	0.013583990913961858	0.0005738932963608484	-0.004986359656873175	-0.00023647338740560557	-0.00040358650500406645
12.74	5.1461161097280305e-05	0.00017304608309415086	0.003215923052316972	-6.14775244283833e-05	-4.755311345977339e-05	0.002756128330199598	0.012610858522397302	-2.3518110592021368e-05	0.00021802454244718695	-0.00031858171071150545	0.006181563586667522	-0.0001316793091623687
12.75	0.0001363844215475325	9.844507475749781e-05	0.003214442981775718	-3.760529433310173e-05	2.6157077503643166e-05	0.0027576214989812353	0.003085430384840262	-0.01366348317297292	-0.00036430102233402735	0.004699879065069057	0.007348931304295315	0.0003068111522390973
12.76	0.0001049923402436175	-6.004383891350066e-05	0.003212822408713571	1.8434943010520162e-05	7.766583677206236e-05	0.002758560923542619	-0.008894394389171055	-0.015612015843124511	9.308470636857212e-05	0.0056148663196391	0.0021709685268568573	-0.00017035266010015726
12.770000000000001	-1.596343198573545e-05	-0.00016792306408027	0.0032141421904806795	5.852692273174553e-05	6.338719490997495e-05	0.0027569062293573837	-0.013403449897440484	-0.004239816977649177	-2.3736101238033135e-05	0.0017862281704931634	-0.004840767038123539	-1.769238145759158e-05
12.780000000000001	-0.00012297609018928736	-0.0001319491512848654	0.0032110519035184475	4.876783448737203e-05	-5.266728461209665e-06	0.0027594395303469988	-0.006334473689713298	0.010823319395944046	-0.0004933608467634753	-0.0036015943187624644	-0.0078006036098547445	0.00042805647057857584
12.790000000000001	-0.00012506360572781073	1.6203812610786075e-05	0.0032085733098163303	-2.0990553599070155e-06	-6.938264341250225e-05	0.0027616757686782386	0.005907055865307555	0.01655403065772262	0.0001500740008595206	-0.0057657509871568225	-0.0040731834570312065	-0.00015054780850209734
12.8	-2.165577917756985e-05	0.00015146222183143492	0.003213206755948332	-5.0363631977991496e-05	-7.488702764400831e-05	0.0027576718866313236	0.013190633295915466	0.008361452017142224	0.000508658974567712	-0.0031483997016286337	0.003079276273387678	-0.0004591576646955714
12.81	9.98055429333576e-05	0.0001577284449244909	0.0032150113073285327	-5.5800555214355564e-05	-1.6138934915730066e-05	0.0027560274127946763	0.009151514872538022	-0.007228418283884616	-0.00019552648884076554	0.002159311889417089	0.007743358772025827	0.00012942153398398936
12.82	0.00013512938664342688	2.892260497025437e-05	0.0032122769407412744	-1.356562503101962e-05	5.6772280083681526e-05	0.0027578412585854578	-0.0025979497447003582	-0.016509538148449045	-0.00014689745023862834	0.005616848923652051	0.005685192876093022	6.410435623348465e-05
12.83	5.59035748607481e-05	-0.00012492061121218667	0.0032133339715078677	4.0060791896379104e-05	8.133838213368312e-05	0.002756267908446929	-0.012050227719395987	-0.011859649062506396	0.00023492127375527121	0.004278974989950908	-0.0011523428313531656	-0.00022797158444240839
12.84	-7.065816599601301e-05	-0.00017229552944452136	0.0032133968868858485	5.963951002366864e-05	3.636629122841417e-05	0.0027564416736475085	-0.011233530359927536	0.003128510809880334	-0.0003066856677344206	-0.0007021833821584379	-0.007121798616752208	0.000355558699827415
12.850000000000001	-0.00013594901067075333	-7.21419966605426e-05	0.003209351863113646	2.82282617031923e-05	-4.018683887785828e-05	0.002761148235437856	-0.0008781087576370218	0.015290598086537566	-0.00028465948932649603	-0.005061767730002356	-0.006955505023916145	0.00036954315313346794
12.860000000000001	-8.646301968005956e-05	8.950183756875655e-05	0.0032106584144456166	-2.6337772800219693e-05	-8.276587588029704e-05	0.0027610195721302533	0.010049090933860336	0.014557803900281635	0.0005195993889070371	-0.005065949633203796	-0.0009166464103083191	-0.00035445846972299156
12.870000000000001	3.645028230816747e-05	0.00017601906537798598	0.0032151063278407074	-5.831546195416884e-05	-5.527505246153726e-05	0.0027573912620741437	0.01259194138183301	0.0013221366831971152	0.00016479973015575636	-0.0008172169015603305	0.00603308931663567	-0.00019127354617947285
12.88	0.00012769971886197838	0.00011184540651512374	0.0032135444497132033	-4.013292233682965e-05	2.01880427380961e-05	0.002758082464641342	0.004262047869228939	-0.013102065119879845	-0.0003374409181330668	0.004153596111497357	0.007852029908170608	0.00017869420148299844
12.89	0.00011013504480401674	-4.7618977433482267e-05	0.0032121115037728686	1.2126953849466365e-05	7.856415996790064e-05	0.0027578023929044973	-0.0074924140801873405	-0.0163461195070812	0.0001478046960144842	0.005480788240908098	0.002937704202827458	-0.00029152331433606664
12.9	-8.482850286053399e-07	-0.00016739238006223194	0.003214080173525417	5.3843002848036496e-05	7.016687219769522e-05	0.0027548072862027388	-0.01295633241447128	-0.005667371647700067	4.9086601503917974e-05	0.0022035125650394414	-0.004514439863109237	-0.00011613147446618221
12.91	-0.00011057591258283207	-0.00014380913385345214	0.003211134383407461	4.977200103383253e-05	1.2885179814916852e-06	0.0027571353734175447	-0.007284111043727174	0.00995304788093019	-0.0005115951895484631	-0.002955752606964208	-0.008161077085631924	0.0004980897816250548
12.92	-0.0001262371838225334	2.0443385666842082e-06	0.003207991478009964	3.4893151218122964e-06	-6.873205768121781e-05	0.0027608640406232916	0.004364645378368616	0.01698587968871596	0.00010544454096979934	-0.005529447114078362	-0.004760228116212184	4.557778888343225e-05
12.930000000000001	-3.568724084357457e-05	0.0001469573898891152	0.003212390157645457	-4.4947553957169885e-05	-8.046643803887215e-05	0.0027585009808987157	0.012395166564098078	0.009705328109077906	0.0005490755100747163	-0.0034353689188406076	0.002612389893320771	-0.0003193527474888473
12.940000000000001	8.542920336278176e-05	0.00016664134622729136	0.0032148866858921466	-5.5137658591912625e-05	-2.3446788723659696e-05	0.0027577504792855516	0.009877066542453775	-0.006072362802855413	-0.00012690966303960876	0.0015486450560658544	0.007892419857691657	0.0002000166206117128
12.950000000000001	0.00013305230394368433	4.388859747295777e-05	0.0032124642423214493	-1.8486160263866663e-05	5.38120990362894e-05	0.002759959262186759	-0.001034441458559492	-0.016552510962767896	-0.00014908370501484685	0.0051661814645017085	0.0063305727844626125	6.113304323866344e-05
12.96	6.820315077437042e-05	-0.00011667909364571195	0.0032138615997013243	3.327048959966343e-05	8.510573604055947e-05	0.0027576967057084604	-0.010995614835656756	-0.013080762120716979	0.0002922903914179868	0.004398971938089225	-0.0005720544701684604	-0.00037020287609986277
12.97	-5.477609733787329e-05	-0.000178158882932087	0.0032142620741227247	5.6903559923169516e-05	4.3645163038316056e-05	0.0027561341284439477	-0.011616612529295531	0.0017947120793983865	-0.00030556329646599	-6.632105645464179e-05	-0.007073428493203994	0.00013053435916034772
12.98	-0.0001302601826617004	-8.687193727257204e-05	0.0032094320733039674	3.198945124486963e-05	-3.538063510568557e-05	0.0027591547075624216	-0.002341532978459418	0.015009609853609687	-0.000388290746298223	-0.004496805840199464	-0.0074687757637688715	0.0002956604344813025
12.99	-9.563550554859514e-05	7.839194582750001e-05	0.0032098188617357233	-1.9399562855023838e-05	-8.413134697321551e-05	0.002758997475905044	0.008759205201308191	0.015534001540348258	0.00042226223172415545	-0.005004940191404124	-0.0015401877402446901	-0.00032463100997980716
13.0	1.9987413579968213e-05	0.00017791674239080112	0.003213798813449799	-5.396885003965359e-05	-6.151049835672247e-05	0.0027562740411892902	0.012552188132356474	0.0027410336234629734	0.0001531077334380038	-0.001352560401780081	0.00574502394129758	-5.292372307066982e-05
13.01	0.00011811927884047713	0.0001250020860043654	0.0032123170191198838	-4.254847991016463e-05	1.4347111733905968e-05	0.0027583308561445075	0.005549356426430122	-0.012430686204194677	-0.0003131654362426079	0.003456043551161516	0.008187314470592575	0.0003593409148223985
13.020000000000001	0.00011546306546336254	-3.3921446695401543e-05	0.003211693830293756	4.39619421634687e-06	7.77947466416735e-05	0.002759736002652702	-0.005986401055068345	-0.01696716337945939	0.00030461192767236757	0.005198688513034443	0.0035645416914368818	-0.00017997876003660772
13.030000000000001	1.5055810434200202e-05	-0.0001651247183193794	0.0032154531064967945	4.694425761879726e-05	7.526589937943629e-05	0.0027568128337621045	-0.01255247935933702	-0.007139916825327201	0.00020345241701960585	0.002650137030430846	-0.00405724698866592	-0.0002083373406107106
13.040000000000001	-9.81007110027441e-05	-0.00015492464621187432	0.0032136570831861255	4.960522614925252e-05	8.127619442354338e-06	0.0027577379705928137	-0.008285153996225604	0.008969653682749388	-0.0004932057788874977	-0.002165683718726375	-0.008322720556149384	0.0003468044822891728
13.05	-0.00012706093673186562	-1.2786470373503469e-05	0.0032097806240322254	1.0270799591122253e-05	-6.618297347667636e-05	0.002760132200587837	0.002858234123603312	0.017280942364845203	-8.011830103207494e-05	-0.005078868322887447	-0.005385916873538774	-7.927434261522833e-05
13.06	-4.894809282596495e-05	0.00014108159138658536	0.003212072443464423	-3.717871396714569e-05	-8.41735994333182e-05	0.0027570167240016487	0.01160595646921462	0.011044679315684819	0.00033890032216216305	-0.003724989307306108	0.0020849193936179596	-0.0003470490636881685
13.07	7.099665747132852e-05	0.00017455192598091738	0.0032126504497351585	-5.3252657927487194e-05	-2.9958129466700415e-05	0.0027563085019453736	0.010468781152782694	-0.00487779087757915	-0.0002451212221517751	0.0007836226875340881	0.007915137694304372	0.00021859850409956685
13.08	0.0001297127573671677	5.848056131184529e-05	0.0032101075027812353	-2.3879831123348552e-05	5.011714854047786e-05	0.0027591112013050645	0.0004296370662999439	-0.01647456833964145	-5.241889551150042e-05	0.004604292145624589	0.006846647762195056	0.00011613830722799427
13.09	7.867523359360753e-05	-0.00010746890423877371	0.0032130646479470192	2.5209902137192076e-05	8.741910212806743e-05	0.0027570575341804753	-0.009879636611896097	-0.01415598365609365	0.0005074646974971182	0.004474218834133194	3.036463050517581e-05	-0.00038204191731202464
13.100000000000001	-3.9169068281214684e-05	-0.00018215013800857406	0.003215668784210588	5.3022084552211046e-05	5.0054555192577844e-05	0.002755388239311408	-0.011848734860045469	0.00046011010206392406	-0.00011608455280951258	0.0006306901425544107	-0.006934323870821345	0.0001518229705906762
13.110000000000001	-0.0001230490791626746	-0.00010040181647411419	0.003211812410254199	3.558931233620145e-05	-3.0730963908213554e-05	0.002759086826186151	-0.003651449438602503	0.014558621348981022	-0.0004291339845707936	-0.0038206650847488794	-0.007922668012411805	0.0003853970185206771
13.120000000000001	-0.00010233056596171452	6.676782357168632e-05	0.003210859769082875	-1.1584761763349094e-05	-8.517993485605565e-05	0.0027595946018730694	0.007492428949203796	0.01633788081269334	0.00025435570900706486	-0.004908307788452069	-0.0021703642328492543	-0.0002702869985043453
13.13	5.346545880511225e-06	0.0001780716192927954	0.0032131156648115018	-4.8727286849561996e-05	-6.746428864996148e-05	0.002757069347421231	0.012362567242150697	0.004119987467346913	-1.9550481614820535e-05	-0.0019393769189053416	0.005459265361140414	-6.027379001082628e-05
13.14	0.00010782965910807667	0.000136699843127234	0.003210186449201291	-4.436615351211577e-05	8.22725584612074e-06	0.002759194760853257	0.006587417107956519	-0.01167268529232179	-0.0004300955274938405	0.0027299010802202704	0.008443757951077591	0.00035308757310947923
13.15	0.00011880848196352443	-2.0847307034974684e-05	0.0032093475094605644	-2.815613728355917e-06	7.641434376878478e-05	0.0027601636470003517	-0.00453674302198446	-0.01744973057841051	0.00036392096314421065	0.004941267352153069	0.004154013829160351	-0.0002673480892515607
13.16	2.973569535915881e-05	-0.00016164420692055929	0.0032144964062597397	4.035953175950701e-05	7.937012686309415e-05	0.0027562764529513836	-0.01189369683824884	-0.008416050916162614	0.0004106032465440777	0.003019013705617965	-0.0036590386955827558	-0.00027558430359499127
13.17	-8.36510429859684e-05	-0.0001637690872678105	0.003214707086596474	4.907769102375047e-05	1.3811132170541032e-05	0.0027566069026537764	-0.009017304046823117	0.008006211136600428	-0.00033224302330582756	-0.0014486230121994609	-0.008403833915604984	0.0003116245038388519
13.180000000000001	-0.0001247954920945831	-2.5792732787928762e-05	0.0032116165413664847	1.5869828149686072e-05	-6.353568203956829e-05	0.0027592368479427043	0.0013637648445193158	0.017461981968620453	-0.0001019954828369301	-0.004673455347135722	-0.005883167617823104	2.2545289364218715e-05
13.190000000000001	-6.052283077505022e-05	0.0001349365618070214	0.003212997212053488	-3.104253864713255e-05	-8.672574841754069e-05	0.0027570940715330528	0.010552939678346362	0.012143943541060378	0.0001781540343533866	-0.003999203545653414	0.001587632981054121	-0.00027520944505911055
13.200000000000001	5.5334893954590714e-05	0.0001803959088494191	0.0032120042048935722	-5.2083624156128206e-05	-3.612340452064279e-05	0.0027568196122680693	0.010768609688389337	-0.0037941839283638324	-0.0003928834132098938	0.00013959280675351392	0.007779804726858121	0.00026910379819988523
13.21	0.0001236250504417907	7.144409663391683e-05	0.0032084029947790343	-2.9068069724544708e-05	4.563955538300917e-05	0.002760237285613398	0.0018907484239683748	-0.01624470604141704	-9.494164698574971e-05	0.004075839202665516	0.00728390821749781	0.00019907873398776206
13.22	8.779386297608955e-05	-9.807029819309251e-05	0.003211703418519424	1.764367821911184e-05	8.853209905514024e-05	0.0027586117205516516	-0.00855192656757833	-0.015051276653208498	0.0006055671740925099	0.00456835341803848	0.0006433310256791067	-0.00037721012615727587
13.23	-2.275568954698638e-05	-0.00018461502540969294	0.0032158265196599607	4.916445888333348e-05	5.5815074255712914e-05	0.0027563802815413615	-0.011805360397039869	-0.0008198121281990082	5.6956642977629054e-05	0.0012341855777174874	-0.006700755243335907	7.658746714276597e-05
13.24	-0.00011319329595548432	-0.00011266218179241818	0.0032134803236901753	3.8645399800915254e-05	-2.555300148831568e-05	0.002759299957649644	-0.0049113394620593515	0.01401140243787078	-0.0003494230655956117	-0.0031651879341543262	-0.008247577932797864	0.0003104370111031332
13.25	-0.00010753972365585331	5.507349048295835e-05	0.0032124511407159587	-4.5935256436180995e-06	-8.499714226997212e-05	0.002759519023585363	0.005969440438783867	0.016955859710256094	0.00018314843099920296	-0.004795784558263089	-0.0027243360336119044	-0.00029339686302771355
13.26	-1.0656949676845158e-05	0.00017683428429999352	0.0032137387393371348	-4.348420232892356e-05	-7.193939989960906e-05	0.002756915327409988	0.011891617911549211	0.005441474442630823	-0.00012911483214620985	-0.00238245623048371	0.005164570685897435	-5.4901708915581215e-05
13.270000000000001	9.485915569104637e-05	0.00014733836382930631	0.003209796117568277	-4.514036616494934e-05	3.1422849836093604e-06	0.002759181586972177	0.007585721195783217	-0.01081232230605388	-0.0004911988529888847	0.0020752219520757792	0.008654124739384338	0.0003841670269161265
13.280000000000001	0.00011988109300339956	-7.08736941888838e-06	0.003208447013723422	-8.61188742660195e-06	7.541408797567143e-05	0.002760542097231158	-0.002955311122864643	-0.017758536422613724	0.00034962454804269823	0.004640304161792208	0.0046821780983611816	-0.00022159142500422825
13.290000000000001	4.384494465575168e-05	-0.0001564720911707236	0.0032141356971756136	3.47118508900417e-05	8.343812579136473e-05	0.0027566135988539844	-0.011102357150529017	-0.009727853802642626	0.0005105892236382991	0.0033731254518462516	-0.0032373932214758	-0.000331478875631634
13.3	-6.947456366020519e-05	-0.0001718493700196479	0.0032152609578524668	4.8825397337299884e-05	1.984719573877972e-05	0.002756619301410191	-0.009744197524947776	0.006863371189673612	-0.0002711755877127047	-0.0007901114170506872	-0.008466111427472514	0.00028820872381653744
13.31	-0.0001230422152016846	-4.025549252773247e-05	0.0032123350214238746	2.1484653367168606e-05	-6.076335283381973e-05	0.002759432592967758	-0.0001884628452342499	0.017392941301540368	-0.00011579286158499425	-0.004242229651190803	-0.006394465239826519	8.035429133774596e-05
13.32	-7.278808339718024e-05	0.00012600442637627783	0.003213516609731373	-2.3639649231953085e-05	-8.950280471787172e-05	0.002757861458399536	0.009495627575379549	0.01326821678506077	0.00018926079232851455	-0.004125859233782432	0.0010963728166355903	-0.00022087197582420915
13.33	3.953986288379967e-05	0.00018499226075393256	0.0032125840809836058	-4.887734369700505e-05	-4.157320033644617e-05	0.0027579536573539795	0.011157078971703567	-0.0024204266343022416	-0.0004211409096782777	-0.0005135081448720073	0.007763546147606303	0.0003085929467632864
13.34	0.00011776169256529197	8.559841674290333e-05	0.0032080214524244266	-3.2720868367943346e-05	4.209027206510372e-05	0.0027612284161591567	0.0033221984915097233	-0.015877746318472975	-0.0002307519446106839	0.0034803482083370476	0.007642660914872762	0.00012313462314039907
13.350000000000001	9.669742111873629e-05	-8.650201091668671e-05	0.003210661630914247	1.0391040571351159e-05	8.961842386910893e-05	0.002758302680799875	-0.007236367449801287	-0.01593087514499486	0.0006059051769846465	0.004488876799930832	0.0011316787404479724	-0.000562922213670003
13.360000000000001	-6.1619691030631386e-06	-0.00018527675319077828	0.0032153468633952993	4.455720163163532e-05	6.095766489769486e-05	0.0027544750446404933	-0.011722250094438265	-0.0022152120578581105	0.00016420371981012082	0.0018100363304656278	-0.006439675530016253	-4.320535806083408e-05
13.370000000000001	-0.00010276583883859709	-0.0001245487011969307	0.0032135255807311147	4.10608135408037e-05	-2.0231485015971054e-05	0.0027569064653716275	-0.00611953235697664	0.013358938299292843	-0.00032980050940149906	-0.0024820301233111136	-0.008500764327159004	0.00034099732124137096
13.38	-0.00011196201808358641	4.2487066634755156e-05	0.0032125814958277655	2.6388858204252957e-06	-8.399550235904462e-05	0.0027578370405748802	0.004433113171236717	0.017495866314256044	0.00018014992502358423	-0.004602598157900433	-0.003277697986046958	-0.00016329871211654245
13.39	-2.6205663923915127e-05	0.0001741898574491367	0.003213984608782412	-3.797757691685025e-05	-7.592773683077139e-05	0.002756743531359864	0.011384466773242239	0.006703677068835671	-9.120407363669619e-05	-0.0028960263711304696	0.004771897331448052	7.821107416624957e-05
13.4	8.186337896633458e-05	0.00015649004701518088	0.003210299766252683	-4.6523113019866566e-05	-2.5193885866847375e-06	0.0027601947041997607	0.008534673253784065	-0.009896568910196557	-0.0005092697862309927	0.0013109982959036831	0.008742866684283613	0.000462552499914614
13.41	0.00012053751454527173	5.8923620654200526e-06	0.003208785543595877	-1.6162044348184767e-05	7.285363558341507e-05	0.002761791735865223	-0.001358251506693548	-0.017962797413067597	0.0003376874170889019	0.004283118348429765	0.005170531222921758	-0.0002538875480165391
13.42	5.7822827172268455e-05	-0.00015090371068529406	0.003214543705188349	2.7342398410029482e-05	8.635852927327835e-05	0.0027572976290816996	-0.010217765036874198	-0.010868665298619892	0.0005242341650318743	0.0037763686663870276	-0.002717690683236308	-0.0004104009834073941
13.430000000000001	-5.386526480942142e-05	-0.00017853315824249518	0.003215456658334383	4.800394633461715e-05	2.583320031346891e-05	0.002756251755959898	-0.010336368163963617	0.005776126415226256	-0.00031937860074586103	-5.8431412053091826e-06	-0.008441473689734505	0.00019772628781244552
13.440000000000001	-0.00011906121022606556	-5.356320245533095e-05	0.003211665281040696	2.7419149764528886e-05	-5.719816520034857e-05	0.002758342213399546	-0.0017651511429489868	0.017270881346608435	-0.00020642696537624138	-0.0037396488812419196	-0.006887927106353105	4.3843471033059535e-05
13.450000000000001	-8.390826435394009e-05	0.00011746151783404151	0.0032123644697951777	-1.6201169048012143e-05	-9.177080553834359e-05	0.0027564035487262243	0.008290025928448115	0.014266753731833642	0.00014750944029846724	-0.004339524435492994	0.0004915834619055369	-0.0002550877553824203
13.46	2.269659941748284e-05	0.00018879180811226886	0.0032114044639887603	-4.627339422843494e-05	-4.815768356169641e-05	0.0027566056885175217	0.01133529838553829	-0.0011516789205969285	-0.0004006471581876488	-0.0012169281203561072	0.007577660047675088	0.0003398387570772056
13.47	0.00010962261670879791	9.858307771352415e-05	0.003207314946818462	-3.7036462582729814e-05	3.6865821743974834e-05	0.0027609275304022883	0.00473953892395386	-0.015439068623998886	-0.00017519841759631769	0.002889048947286269	0.008073394677252394	0.00031418400005647074
13.48	0.00010420707601462022	-7.534133304624752e-05	0.0032107918833317616	2.6238709146413477e-06	8.98474675690474e-05	0.0027602695955939345	-0.005764673019576837	-0.01670732823176845	0.0007279073018910771	0.004449354661204297	0.0017497972179649497	-0.0003612365453244268
13.49	1.0478157394320972e-05	-0.000185938179101424	0.003216298689405875	3.967193961777227e-05	6.65939692204388e-05	0.0027575969887716225	-0.011488267125679432	-0.0035882621255568844	0.00016112868890029225	0.002386091245430714	-0.0060829542245477534	-1.1485345800685559e-05
13.5	-9.149075675701467e-05	-0.00013668634493671267	0.0032144288330932403	4.2893730922437244e-05	-1.423244578844187e-05	0.0027599110481705685	-0.007301811585960267	0.012561869994842987	-0.00035313465202462197	-0.0017819255000408125	-0.008758466988007167	0.0002961356118638575
13.51	-0.00011549543957410604	2.8680404811835925e-05	0.003213006349502191	1.000756915671371e-05	-8.257592754928362e-05	0.002759878195624012	0.002853291895579931	0.01799960283019693	0.00011875839649884632	-0.004284986588147993	-0.0038668501418337286	-0.00034128586323015314
13.520000000000001	-4.186265489839131e-05	0.000170626738392399	0.003213775101849219	-3.0820948832729345e-05	-8.03869782212386e-05	0.002756421247095693	0.01070934465040588	0.00811512247606524	-0.00013534600425580857	-0.003260945546693003	0.004304723056421839	-0.00016522406018565472
13.530000000000001	6.699610913521515e-05	0.00016627692290063832	0.003209233306475509	-4.5566557559062644e-05	-9.182387630692984e-06	0.0027580339995649634	0.009369843152283083	-0.008828023341395232	-0.0005942651497564769	0.0005504571077410884	0.008792284719374195	0.00035021044611535245
13.540000000000001	0.00011883430135076617	2.0823932590324406e-05	0.003206659123365742	-2.1649772506422514e-05	6.924909369200034e-05	0.0027594795904764906	0.0002467879575942469	-0.018022953249063556	0.00025923483291498514	0.0038210471780861996	0.0057108868301629315	-0.00019923460770025019
13.55	7.096668316727877e-05	-0.00014252254530377107	0.0032124663227343165	2.0090454769811116e-05	8.874937787604851e-05	0.0027555915395302134	-0.009151822320470952	-0.012022196742093384	0.0006412119520485217	0.003892827106131637	-0.0021413882620272304	-0.00034290334549351686
13.56	-3.730516824972423e-05	-0.00018352714625696393	0.0032151581616892628	4.487078072877544e-05	3.222181244204066e-05	0.0027556697747267425	-0.010757277629262487	0.004461277462104867	-0.00011036005891798839	0.00064644706670359	-0.00829700780769324	0.00034260242676318687
13.57	-0.00011304715475139642	-6.75039844292596e-05	0.0032132188380283753	3.126737395078564e-05	-5.225709816450398e-05	0.0027590960438630516	-0.003282410168537582	0.016937509500402632	-6.732006528190872e-05	-0.0031257979865490448	-0.007249736658354971	0.00014195448847215453
13.58	-9.348273119253828e-05	0.00010622493379318303	0.003214628453458368	-8.516233123774302e-06	-9.176414188811223e-05	0.0027578084261267875	0.006963236461230439	0.015090217166445737	0.00019499651187261256	-0.004249279224967784	-5.249011561365529e-05	-0.00022731923548284812
13.59	5.612473775468061e-06	0.00018920630420832442	0.0032135255071860914	-4.12174668792253e-05	-5.271981687828089e-05	0.002757903079902348	0.011305638850665245	0.0001742796528537141	-0.00045698242691416676	-0.0017627684753721857	0.00726678471445418	0.00030058824058923117
13.600000000000001	9.943273161021243e-05	0.00011023723745470055	0.003208330977328011	-3.8858624431465044e-05	3.144050363282985e-05	0.002761587405195854	0.006043460582301117	-0.014666422493788635	-0.0003197582522503494	0.0021930980553770247	0.008242039392372584	0.00023088370212480844
13.610000000000001	0.00010980071997565406	-6.186519529477664e-05	0.0032101121200014114	-4.204885546212117e-06	8.83294788975126e-05	0.00275949565221813	-0.004177386511687269	-0.017162062131653458	0.000589574450466738	0.00421615402045889	0.0022906312741240533	-0.0005282605405188466
13.620000000000001	2.7457378366567246e-05	-0.00018197456140204652	0.0032148009402419874	3.391554314122253e-05	7.028554296254811e-05	0.00275522603816194	-0.011017538182448333	-0.00489700525800542	0.0001605362105904849	0.0028286452757786294	-0.005671772453186548	-0.00015148321152652663
13.63	-7.794955644613858e-05	-0.00014555401244991634	0.0032130709942223596	4.359644093045931e-05	-8.510106659150643e-06	0.00275649348350307	-0.008384057018578129	0.011527000770337267	-0.00033951497330930003	-0.0010293095572055798	-0.008808890306997497	0.0002545852826798901
13.64	-0.00011648569446756377	1.4465442549507758e-05	0.0032121683893944516	1.660407919411416e-05	-7.991024067270996e-05	0.0027570497451026373	0.0012465364563447872	0.018070781720939816	0.000207914127930557	-0.003921990623894555	-0.0043734203023541775	-0.00019383636085993893
13.65	-5.63120354704137e-05	0.00016289318420257133	0.00321420416209929	-2.395835536937437e-05	-8.325683980796003e-05	0.002755526496421674	0.009853628624415918	0.009231472996270619	-1.7918347108221865e-05	-0.0035747768231666104	0.003774597963197552	6.335174704885558e-05
13.66	5.1318904702789354e-05	0.00017134978974220702	0.0032110490529340618	-4.441880316509988e-05	-1.5101549413243714e-05	0.002759209435034985	0.010006612246149942	-0.007624286339965399	-0.000487572211438645	-0.0001986512278632096	0.008762545980608594	0.0005702497359722423
13.67	0.00011547385860474272	3.387435650322104e-05	0.0032087622739801814	-2.753342039222522e-05	6.552501724996656e-05	0.0027622522165785678	0.0018826238804439592	-0.01778136627729722	0.00021181365209580318	0.0032733199584983963	0.0061419295446192654	-0.00012246618967201722
13.680000000000001	8.280587572720144e-05	-0.00013296654225037079	0.003213702126908469	1.1634745462568532e-05	9.021330296572956e-05	0.002758379268661322	-0.007947531896884132	-0.012948221243594144	0.0005067789855744066	0.0039957129065575645	-0.001611923375754895	-0.00041038007287407907
13.690000000000001	-2.0268593269769462e-05	-0.0001860681476949113	0.003215225237200102	4.09380320354884e-05	3.754159473119666e-05	0.0027572504902577464	-0.011015044488081984	0.0031766461574128865	-0.00021760667499844287	0.0013826471542092574	-0.00811638381653772	0.00018658659582254905
13.700000000000001	-0.00010550508235189645	-8.010223655133082e-05	0.0032127125177498755	3.508377982033089e-05	-4.741259208872534e-05	0.0027594207869089888	-0.0047633349278816	0.016325488447968304	-6.726818468303111e-05	-0.002445799358155846	-0.007560988861300043	1.6516377161383558e-05
13.71	-0.00010188037766709667	9.393475132222707e-05	0.0032144954177349178	-3.8965871137871266e-07	-9.159651609934689e-05	0.0027566942455183215	0.00546430776755914	0.015781617991453452	0.00023965596311276586	-0.004134839268188196	-0.0005926914948025171	-0.0003869582532986871
13.72	-1.1651578528559156e-05	0.0001879743890924375	0.003213819386643076	-3.5847800957231926e-05	-5.729045350669506e-05	0.0027554714908860035	0.011142923752124119	0.001522677842685301	-0.00039836455517923934	-0.002392089856256063	0.006926056441377775	0.00019381323535525504
13.73	8.817393642076127e-05	0.00012083017664612199	0.003208732827166719	-4.101118804218682e-05	2.6363320025680714e-05	0.0027591127917768166	0.007293028522857434	-0.013856087603205194	-0.00035154974285989804	0.0014223584206205587	0.008452793097643886	0.0002988572080416573
13.74	0.00011356676335888826	-4.893194585809836e-05	0.0032098783574187805	-1.1950599370559863e-05	8.713110482206985e-05	0.0027581919645042387	-0.002632960983104005	-0.017504258018571906	0.0005046734802987165	0.00394337731487409	0.002795983598252062	-0.0004062898459426251
13.75	4.2453012441967604e-05	-0.00017789379435221932	0.0032143486039277022	2.7005754770573213e-05	7.376524168692722e-05	0.002755331850533649	-0.0104915829793202	-0.006161268690081751	0.0001980307490624808	0.0032439904773316187	-0.005288492206241255	-1.3845406799866756e-05
13.76	-6.486297432584845e-05	-0.00015387859395273515	0.0032130404134934113	4.328706550216457e-05	-3.236099535806986e-06	0.002757917655946779	-0.009295258396727818	0.010532086549971646	-0.00028769866609801856	-0.0002720665353614601	-0.008875965675277571	0.00038742738458696295
13.770000000000001	-0.00011697322097195346	1.4167726534480952e-06	0.003212608778510965	2.2780967430660408e-05	-7.733647260498834e-05	0.0027593435613143353	-0.00035367680615795607	0.01816402497815926	0.0002589507659581093	-0.0034953506119849015	-0.004814239883969988	-0.00017433142925421305
13.780000000000001	-7.051240027637169e-05	0.00015617688465738923	0.003215385220661952	-1.6927608901868677e-05	-8.548207729697318e-05	0.002757274461650536	0.00897489635152443	0.010304501379507162	7.491701208330148e-05	-0.003845183524397202	0.003349905166862802	-6.708024742537731e-05
13.790000000000001	3.624037837870219e-05	0.00017683829540011576	0.003212534246411086	-4.2591742463869614e-05	-2.001201779435375e-05	0.0027594071642975068	0.010653819830793516	-0.006454104618286271	-0.0005309174050747886	-0.0008675671068224215	0.00870429743607528	0.0004002151774331487
13.8	0.0001118894633395974	4.689099810409111e-05	0.0032094203433660896	-3.1915026129352935e-05	6.234433594410669e-05	0.0027614957434229735	0.0033531656321991662	-0.01756375754983587	0.00012011492018993111	0.0027799294796336813	0.00651079111015967	-0.00013479515928212972
13.81	9.335167922903172e-05	-0.00012357038678887183	0.0032135083945018443	5.24510809776855e-06	9.162578798097652e-05	0.002757630956383541	-0.0068266141847950325	-0.013848990220205028	0.00042969906647408586	0.004104123944264105	-0.0011290293093062036	-0.00038941392465309565
13.82	-4.686058623042605e-06	-0.0001884065868394106	0.0032143166085995853	3.849223546415431e-05	4.239997845178322e-05	0.0027567663311003684	-0.011217481563189103	0.001904381724524154	-0.00027685196347422195	0.002013024425866923	-0.007964780686391271	0.00022819189944754478
13.83	-9.838318195524784e-05	-9.219135599978474e-05	0.003210999582918527	3.930359339049072e-05	-4.36052711446257e-05	0.0027592340929785135	-0.006117204784773451	0.015831864293140558	-0.00014470640374328003	-0.001867947454836093	-0.00785754808271384	6.86207378916645e-05
13.84	-0.00010927372597282737	8.233321260358267e-05	0.003212840212920504	6.873641457434193e-06	-9.196109698292687e-05	0.002756981832056496	0.00414153193181824	0.01638164685261245	0.00032694180846872374	-0.004138892921952982	-0.0010801173420529346	-0.00034707500106036823
13.850000000000001	-2.7416381888490733e-05	0.00018656146310203149	0.0032138870385849706	-3.1514226840315476e-05	-6.153522244749411e-05	0.0027558171512348955	0.0109654418570691	0.0027940917031685454	-0.00024107202267091378	-0.002928331077950366	0.006693852870421135	0.00021066045120968734
13.860000000000001	7.74188287377998e-05	0.00013065756716368291	0.0032100620885033328	-4.302126826910345e-05	2.178758912215142e-05	0.002759381815013891	0.00840911858833407	-0.013027463020321223	-0.0002834285527812204	0.0008031170717989447	0.008638685720891564	0.00029731246472298025
13.870000000000001	0.00011684686462372782	-3.6237573400397746e-05	0.0032113822412991296	-1.825300883610154e-05	8.618455233825128e-05	0.00275885629303048	-0.0011273732334149676	-0.0178215140050741	0.000493679094804646	0.003754905700616705	0.0032590411530484817	-0.00035201769496087177
13.88	5.7290960965547366e-05	-0.00017316277421951216	0.003215228196514012	2.1839881685788454e-05	7.719546920931122e-05	0.0027564505556157545	-0.009861572686250333	-0.007351493231320073	8.727009029605954e-05	0.0036347376603598756	-0.004949210023646783	1.894889821783729e-05
13.89	-5.113362242561681e-05	-0.00016137081213991842	0.0032126393635483717	4.355870563212184e-05	1.535628535179101e-06	0.002758941113774291	-0.010124829526259824	0.009454508062146575	-0.00039539370544940843	0.0003796143291793605	-0.008953423290917409	0.0003631963530053046
13.9	-0.00011615605870415524	-1.2424798976250442e-05	0.003211730982130148	2.8742864088181843e-05	-7.517575310890277e-05	0.002759786647293499	-0.0019090769601239521	0.0180860570050156	0.00029259274143343005	-0.0031367269794229475	-0.005232317208513807	-0.0002772336332763027
13.91	-8.325213941811806e-05	0.00014775200005494107	0.0032151219832837817	-1.012453520235629e-05	-8.778946756419969e-05	0.002756453456790567	0.008006546478454137	0.011373466367801626	0.0001325814514285726	-0.004086871336585693	0.002933579777081911	-0.000170799605444024
13.92	2.060532390215693e-05	0.00018089380845175856	0.0032124597998064576	-4.111160286179879e-05	-2.458131264873556e-05	0.002757782091620431	0.01110344673524297	-0.005223106098249351	-0.0005401930781818025	-0.0015970684724235021	0.008661344511965478	0.0003652892170660177
13.930000000000001	0.00010663219284917324	5.9695334257455214e-05	0.0032091015778149905	-3.7753524976780684e-05	5.9312009220331425e-05	0.0027601122317200684	0.004832327281448057	-0.017108870516516446	6.570541052108591e-05	0.0021809907135073485	0.0068170147632882466	-7.246313302726513e-05
13.940000000000001	0.0001032343193969328	-0.00011227486415394846	0.003212814047756382	-3.304642009574875e-06	9.23780236756351e-05	0.002757185725199161	-0.005537918876337931	-0.014595389752461338	0.00042363088967808525	0.004196019162307703	-0.0007273964546519835	-0.0002982523496918145
13.950000000000001	1.1957728133152472e-05	-0.0001883735223460719	0.0032139625322357046	3.4080696660388874e-05	4.6453551826426226e-05	0.0027571014061003435	-0.011271626955609397	0.0005773630653135402	-0.00022964833036620547	0.002686387178967927	-0.007769442977984027	0.0003013703876654656
13.96	-8.923264358856722e-05	-0.00010327603043023749	0.003211220874129225	4.2587228433488505e-05	-3.947026187851086e-05	0.0027600888982707186	-0.007420551750642266	0.015058192200676874	-7.573868871797305e-05	-0.0011113233298680174	-0.008056472270526732	8.672398171437188e-05
13.97	-0.00011534446127282912	6.960606413429213e-05	0.0032138846171418244	1.5414833670017932e-05	-9.132285485716817e-05	0.0027578196100146515	0.0026594468469793896	0.01685818596463428	0.0004264096314971069	-0.003928944764016911	-0.0015287313974005042	-0.00039206948661321006
13.98	-4.333401382656034e-05	0.00018353801173462384	0.003215220561106277	-2.4876600229096617e-05	-6.525163235870266e-05	0.0027561387827561372	0.010618434526633828	0.0040771641189956305	-0.00025952854426975315	-0.003513920062717606	0.0063508302104736455	0.000158738717379292
13.99	6.51856062508859e-05	0.00013976258414925068	0.003210397720948767	-4.40135435710628e-05	1.6802346062258395e-05	0.0027594652937507815	0.009409913439881054	-0.012074557118464403	-0.0004522643177552893	-3.634152122023639e-05	0.008753225353195539	0.0002893720019878977
14.0	0.00011853213379540087	-2.287861168215821e-05	0.0032101409820404184	-2.602508694032314e-05	8.392112933063923e-05	0.002758873425535149	0.0004231777550839629	-0.017983116953699013	0.0003803455162366319	0.0033630743593320864	0.0036681548892298897	-0.0003912355187251183
14.01	7.159759554759788e-05	-0.00016689993621314724	0.003213752529990098	1.3753851370177113e-05	7.960311020131327e-05	0.0027556940632374027	-0.00908978302749368	-0.008473327788940284	0.00012826207825718624	0.003997387872990633	-0.004511681676954552	-6.23319245673167e-05
14.020000000000001	-3.611711805193275e-05	-0.00016722161404016166	0.0032120629993051125	4.194340254843169e-05	6.762921953551977e-06	0.0027578620895651416	-0.010777214109275157	0.008336563471558138	-0.00031002233789574385	0.0012044327172121608	-0.008886075295750648	0.0003558613118590062
14.030000000000001	-0.0001132920325703604	-2.5418005441010292e-05	0.003211910483230004	3.447360653750429e-05	-7.134203225698976e-05	0.002758872038778702	-0.0034707768775164936	0.017873527466430554	0.0003531754950529075	-0.002562704516979626	-0.005553866015112503	-0.0002173526703378647
14.040000000000001	-9.475796449241638e-05	0.00013843117784426246	0.003216020333732439	-2.2847287327220955e-06	-8.834936237115416e-05	0.0027561050971012923	0.006940940347358912	0.012271815945693742	0.0001808277965973991	-0.004250722562296483	0.002434162945450534	-0.0001393789805416032
14.05	4.987194991588729e-06	0.00018288548750862858	0.003213659482034616	-3.7844797893017714e-05	-2.9303729224520927e-05	0.00275773230560975	0.011405796856877941	-0.004026888167637327	-0.0005619296075258398	-0.00228027268966149	0.008405128103044945	0.00039806335488894976
14.06	0.00010020536764177738	7.081236385934314e-05	0.0032095321036808323	-4.136749807895508e-05	5.447613140706911e-05	0.0027604141614403005	0.0062135443374187185	-0.01661247736823071	-6.499185491610102e-05	0.0016006826226827304	0.007036215869436852	-4.38089549860625e-05
14.07	0.00011147935654896667	-0.0001016702491617681	0.0032120951017381837	-1.0366532773422537e-05	9.145944046068795e-05	0.002757375149543378	-0.004211561652677966	-0.015204456181751107	0.00034665305244869094	0.004160462546588986	-0.00021223686144309462	-0.0003218846754842458
14.08	2.791920716135637e-05	-0.00018743962460351693	0.0032126699967671107	2.9760018725326512e-05	5.040994376595995e-05	0.0027570185736299825	-0.01116979003990494	-0.0006058967416238948	-0.00025037674055856376	0.0032231010559324786	-0.007337157636785082	0.0002727762400710475
14.09	-7.897127657675512e-05	-0.00011279701236065113	0.003210378254832997	4.4640247822305835e-05	-3.352970825331164e-05	0.002760182723360335	-0.00859443334806151	0.014322524969229457	2.0985160518645613e-05	-0.0004592467162949914	-0.008092020994397691	0.00015014365667792565
14.100000000000001	-0.00011930759376823381	5.76097585027075e-05	0.003214322998739274	2.1942197930261253e-05	-8.811102006669002e-05	0.0027582812140913276	0.0011768505971553346	0.01713287656397588	0.0005656634789036404	-0.0037658095070395303	-0.001998424717610993	-0.00037668096026055413
14.110000000000001	-5.820882256598496e-05	0.0001787925451381023	0.0032168937352918363	-2.0066091067623532e-05	-6.745964632542325e-05	0.0027567286340012577	0.010093765734804108	0.005163329156684784	-0.00016069004530750166	-0.003981817199251809	0.005844825088757445	0.00014422651875139274
14.120000000000001	5.228497052764274e-05	0.00014604971091449726	0.0032123796967894716	-4.547921425783357e-05	1.1257629453101464e-05	0.0027596341747393466	0.010314052459974533	-0.011124349778456988	-0.0005018274349351304	-0.0006976560227224001	0.008630148785560883	0.00025870566315793744
14.13	0.00011881066697604061	-1.1059443206667864e-05	0.0032107579206352025	-3.2477780108209904e-05	7.976605411131059e-05	0.0027587307477770022	0.0019706882602184336	-0.01789873920633439	0.000177466993220335	0.003081867328624827	0.0040267360635963595	-0.000392998303517856
14.14	8.49549845491163e-05	-0.0001592025887712365	0.0032123002531594586	7.81149446073483e-06	8.015411441084811e-05	0.0027553674582433295	-0.00824703609577111	-0.00932914042134429	-3.737356231389366e-05	0.004366957848488951	-0.00400152076013328	-0.0001202566428364418
14.15	-2.1349972152356437e-05	-0.00017024235772226248	0.0032093865328653303	4.1958134318918096e-05	1.1520383422967175e-05	0.0027570059786674894	-0.01133950583260793	0.007229307301598854	-0.00036150704447423913	0.0019164156620861642	-0.008646166262542422	0.00029616949475065157
14.16	-0.00010939320904529338	-3.6306931623098945e-05	0.0032094751215718197	4.065052655579101e-05	-6.673011019539923e-05	0.0027576411979103694	-0.004927256469489262	0.017496594052739355	0.00046443383994661713	-0.0021343399458995387	-0.005814408426205854	-0.0002220656152738432
14.17	-0.00010505292622925234	0.00012901090807648723	0.003215324612810121	4.989874195130399e-06	-8.820154727914601e-05	0.002754915283089993	0.005757001405564105	0.012920119747080527	0.0004295741103539396	-0.004444610459159972	0.0018935960630605084	-0.0001110821155800353
14.180000000000001	-1.095376502318121e-05	0.00018328235624043984	0.0032153033300517248	-3.5160588962803605e-05	-3.387860368845065e-05	0.002757383013810013	0.011566544826296469	-0.002894795741244861	-0.0003549585188634481	-0.002958965508766738	0.00811009204017743	0.0005223284437679566
14.190000000000001	9.226047317839435e-05	8.078340255169147e-05	0.0032124390617982324	-4.537993263463253e-05	4.954396379438845e-05	0.0027614918498065004	0.00752929063569516	-0.016011118180785256	3.7864110101826614e-07	0.001053625084181	0.007261328868136161	7.114104354234313e-05
14.200000000000001	0.00011787820340958762	-9.082392348951569e-05	0.0032146889718261623	-1.7261882658305427e-05	9.056993148009853e-05	0.0027590728307156573	-0.002847515585277604	-0.01564542661406602	0.00022540752386754383	0.004144860986519635	0.0003124566979385996	-0.0003374258279721854
14.21	4.309134745969477e-05	-0.00018517069759329082	0.0032137461266476233	2.5820755053160874e-05	5.4536200836268935e-05	0.002758258823533747	-0.01094293195333212	-0.0017152482852646788	-0.000452887826793414	0.0037767197972557896	-0.006971736730870473	0.00018473906726245738
14.22	-6.84017224657716e-05	-0.0001209909438936146	0.0032089257200940053	4.700695286585007e-05	-2.808955428502583e-05	0.002760309262198442	-0.009648029002468226	0.013475229958274621	-0.00025101140918057824	0.00016155377719654471	-0.008215987502440101	-8.614692404550778e-06
14.23	-0.00012279994627296647	4.5468464563666486e-05	0.0032109985844903637	2.8873925714335576e-05	-8.606507800066959e-05	0.0027565471596983013	-0.0003471766480900912	0.01729247798189508	0.0005185722222092868	-0.003538755172718705	-0.002468921263990838	-0.0005814813677995177
14.24	-7.327645570710052e-05	0.00017355105766334237	0.003214417180039144	-1.376570675353468e-05	-7.019662944521752e-05	0.002753409999577553	0.009504910294411655	0.006246348398954481	-7.722482451769354e-06	-0.004352088041725184	0.005419093409294519	7.593504154777836e-05
14.25	3.875630858806293e-05	0.00015213908360366907	0.003211770700809668	-4.5174888976571967e-05	6.269033155850232e-06	0.002756932332884093	0.011149093341132746	-0.01011129980517512	-0.00031395694811039613	-0.0014423340422021211	0.008632580092811802	0.00043168583319883123
14.260000000000002	0.00011826270413296371	1.223402534788875e-06	0.0032119603979831046	-3.823833464462282e-05	7.697333542691951e-05	0.0027584842312844905	0.00352301211366391	-0.01774588171257991	0.0003384295353442953	0.0026793947864784395	0.0044150649032859025	-0.00013067857685451005
14.270000000000001	9.798518670340102e-05	-0.00015096975175724067	0.0032145234699709467	1.1561304162493756e-06	8.209269521601831e-05	0.0027574331752465747	-0.00731442961155298	-0.010260835793309319	-5.813159168560014e-06	0.004597696070992898	-0.003523333253098983	7.305974201497605e-05
14.280000000000001	-6.188375120687551e-06	-0.00017338581001142018	0.0032112976176161497	3.9974420260884924e-05	1.6681708888929723e-05	0.002760625819490518	-0.011866817587755615	0.006034547683958554	-0.00046475293369634954	0.0025665023063141308	-0.008501544074459019	0.00040726034835140995
14.290000000000001	-0.0001051783375221959	-4.8533450393466694e-05	0.003210040746709443	4.50094907937613e-05	-6.247663995963482e-05	0.002761246735745182	-0.006429202631779092	0.017016977242395814	0.00031384200328879447	-0.001595320918648427	-0.006131511294302755	-0.0003501522957907698
14.3	-0.00011577704162218214	0.00011787400216175952	0.0032146139295190137	1.2501832204736944e-05	-8.837736000559346e-05	0.002756073920382571	0.004511146576292061	0.013638687767547347	0.00032723633306378126	-0.0044496426154858925	0.001377035296424247	-0.0004431794423748594
14.31	-2.7760365024353885e-05	0.00018274946445178666	0.0032139710221129963	-3.1057026287048734e-05	-3.851771028187741e-05	0.0027551690506409494	0.011685371996991326	-0.0016542705213584733	-0.00041381922332592796	-0.003556381930368348	0.007826542120188285	0.00023107657557586562
14.32	8.36234387673065e-05	9.095700421467061e-05	0.003210509315524782	-4.797184842952898e-05	4.455897391470793e-05	0.0027575797225817306	0.008906178515121635	-0.015253430537332219	-6.63718027445678e-05	0.00039964661899024033	0.007465106085921757	4.918654058220699e-05
14.33	0.00012472607489593478	-7.832871030850437e-05	0.0032126083221594133	-2.439787330716499e-05	8.922549578064077e-05	0.0027561663442921764	-0.0013814245033436615	-0.015949740060094305	0.0003020616801943573	0.003982507815260896	0.0007649399944028072	-0.0001567603924592521
14.34	5.9535601570056896e-05	-0.0001803866052823353	0.003212949987329715	2.0355299650616566e-05	5.7200527165790704e-05	0.0027573379704684264	-0.010616815030706703	-0.002825779355900685	-0.0002737939948860059	0.0042554416202101935	-0.006665429841036087	0.0004068735172584915
14.350000000000001	-5.609211886749726e-05	-0.00012771209219477955	0.003209795084681071	4.793265066212216e-05	-2.388735576037507e-05	0.0027615082437749618	-0.01074959834566762	0.012459225954174346	-6.57256265590403e-05	0.0008530322191419874	-0.008248811384497257	0.00017349025031731692
14.360000000000001	-0.0001249324234890886	3.302039077810958e-05	0.0032132112334599832	3.4972583426406236e-05	-8.404429226149137e-05	0.002758785382134232	-0.0019108594817606676	0.017242705746755724	0.0005899881580209732	-0.0032458344265949464	-0.002869400228615754	-0.0005621450787374453
14.370000000000001	-8.765743581718034e-05	0.00016597681065181228	0.0032166402411844177	-8.005216221738216e-06	-7.273915863807396e-05	0.002754824355309057	0.008815164230300598	0.00718201008131385	-5.161625819584828e-05	-0.004678535903649392	0.005006002304009415	-8.343066890418357e-05
14.38	2.4707813611551425e-05	0.00015578832554228155	0.0032130313789705146	-4.45576947497722e-05	1.4709206152878545e-06	0.002756503514278886	0.011885288941261897	-0.009006196830239748	-0.0004444450953872407	-0.0020549455835064466	0.008635750364835215	0.00022110426563793587
14.39	0.00011594649264980206	1.2873468449276325e-05	0.0032116981626481634	-4.3155941494304125e-05	7.411019743227227e-05	0.002756509325042231	0.004974712674166698	-0.017416700907889777	0.00017417308434005636	0.0022916631107276586	0.004788650009184039	-0.00021997694161141415
14.4	0.00010906896849115882	-0.00014167921876446317	0.003213202935685301	-5.009106255754696e-06	8.325922880766381e-05	0.002755350169049352	-0.0062810585547138555	-0.011031368363541653	-7.798241628134258e-05	0.004747409745914134	-0.00313309328429795	0.0001520509513437536
14.41	8.949180909647236e-06	-0.0001745278907104485	0.0032095732524231556	3.811393453321443e-05	2.0782857281588995e-05	0.002759585905530881	-0.012140065328991206	0.0048957020774986655	-0.00046149878762606476	0.0031804099661951264	-0.008347688886018976	0.0005326373007562133
14.42	-9.855105071717777e-05	-5.919955472193213e-05	0.0032087195616246423	4.92806521655151e-05	-5.8544636681442194e-05	0.002761580177561912	-0.007752639002262799	0.01640304460495368	0.00043576850930337536	-0.0010871446723868994	-0.006319089134467429	-0.0002536296511625586
14.430000000000001	-0.00012342643619357968	0.00010665626056397346	0.003215090027588572	1.963889170394821e-05	-8.787057410042228e-05	0.0027572244701445908	0.003244372655672324	0.014135477941253421	0.000554792409466093	-0.004474254988488071	0.0009473444073591197	-0.0003949503900635091
14.440000000000001	-4.3018573071063186e-05	0.00018065174822664543	0.0032163263764133703	-2.7397362548250236e-05	-4.208766534956508e-05	0.0027563942393137807	0.011580335404239138	-0.0004724222234466057	-0.00025049014192114895	-0.0041834436537404	0.007510814863299624	0.00021783828888885165
14.450000000000001	7.408237359109832e-05	9.985356111665582e-05	0.0032133575919237414	-5.14074041279649e-05	4.0088661540613115e-05	0.002758178347508069	0.010057937472796284	-0.014426682872492286	-0.00012797637899829832	-0.0002362429035324509	0.007607783372662023	-4.266767953211959e-05
14.46	0.00012906491635168482	-6.625184179594907e-05	0.0032141454786635865	-3.173708378113273e-05	8.809273842567419e-05	0.0027558071426511963	3.922269285068259e-05	-0.01620045515446414	9.373715675218088e-05	0.003891205960022768	0.0012379139450227972	-0.00023315478603172258
14.47	7.380139556529576e-05	-0.00017573130701535838	0.003211864977224939	1.5359883728795224e-05	6.0848708634079846e-05	0.002756505581474372	-0.010199377102141523	-0.003950662732635222	-0.0005451587836150614	0.00478070641744198	-0.006251184582252577	0.000380563912566063
14.48	-4.431312173158093e-05	-0.00013469495276950447	0.0032067515673599146	4.948313450518685e-05	-1.8108000101341343e-05	0.002760817539206418	-0.01159981101017121	0.011457767235582223	-0.00018752993843934872	0.0015322605606315426	-0.008241925014499173	0.00024206030255249748
14.49	-0.00012560311178173343	2.0417079258697646e-05	0.003210454094407964	4.1977814299835746e-05	-8.041511954798396e-05	0.002758778110485275	-0.0033815772643834125	0.017210580255933923	0.0007372442728669939	-0.0029383758737625185	-0.0032573825181193648	-0.0004811696737375018
14.5	-0.0001008641479507965	0.00015839546265730069	0.003216090054391833	-1.3512027268173447e-06	-7.385312283259887e-05	0.0027553352988725008	0.007967643040696328	0.00815092783385573	0.00017584931823140412	-0.005070560542888568	0.004494384286325756	-5.172167803635412e-05
14.510000000000002	9.95888262374856e-06	0.00015966938858572377	0.0032145580863786323	-4.435442707733926e-05	-3.553595545587604e-06	0.002757406812455941	0.012454313273758733	-0.007828989984479071	-0.00032720275351443055	-0.002832263936369427	0.008431004835267385	0.0002747389403589434
14.520000000000001	0.00011234446863014174	2.5413600974890873e-05	0.003213540108548924	-4.941891376419482e-05	6.972147504978937e-05	0.0027578946421090073	0.006455674692919613	-0.01699655852906004	0.0001693693331976407	0.0018680216215222361	0.005100542270512834	-0.00019730141489778989
14.530000000000001	0.0001194807442832678	-0.00013113484974539816	0.003214572557618136	-1.2272533022539933e-05	8.37546600361391e-05	0.0027562595060788976	-0.005177796091845722	-0.011786574632051749	-0.00015936593795012275	0.0050144169099359944	-0.0025503683609203374	4.949092102789804e-05
14.540000000000001	2.4295117086245983e-05	-0.0001750635239251642	0.003209883192108267	3.608582191033079e-05	2.6114105734491774e-05	0.0027596041562023476	-0.012347223216423765	0.0036455131691033446	-0.0005828541775472834	0.0038560691503855492	-0.008069081067152458	0.00046846963682711063
14.55	-9.171822929691844e-05	-7.020820802491735e-05	0.0032079868182058745	5.4040862437775124e-05	-5.3142709740057944e-05	0.002761398938784205	-0.009133520671628561	0.015740135748774264	0.0003555966222582635	-0.0005136976455702234	-0.006552258101649138	-0.00021454605838672498
14.56	-0.00013134689706244764	9.44982387852823e-05	0.0032140521569603187	2.6851597468376813e-05	-8.666047696617688e-05	0.002757204016990415	0.00189962053517319	0.014615355345695462	0.0005956753026155515	-0.004515260998193315	0.000373960235837134	-0.0003819930680310419
14.57	-5.8535481851828425e-05	0.0001778055860008522	0.0032159571612259655	-2.3491138424983325e-05	-4.615331900176945e-05	0.0027566295669172658	0.011443587928568323	0.0007621837474805262	-0.0002291895956355483	-0.004748414886500934	0.007091103817528004	0.00022666727633790233
14.58	6.403688390588748e-05	0.00010861542091017224	0.0032129744386481733	-5.406546900904417e-05	3.386825968499256e-05	0.002758572496442557	0.011197011973236427	-0.013456901594497575	-0.00012578933080611214	-0.00089162393074988	0.007638854785164589	-1.0005431241361112e-05
14.59	0.00013307480616356224	-5.277166609274991e-05	0.003214022209405685	-3.8618120003503576e-05	8.477446805903992e-05	0.002756203502127747	0.0014845545644267405	-0.016343426324159287	0.00013180176909728184	0.0037395941040998673	0.0017683502490513465	-0.0002868910546062612
14.600000000000001	8.879382072409539e-05	-0.0001692718712594952	0.003212198197762157	1.025784814975376e-05	6.328774083873619e-05	0.0027562113667420757	-0.009659231405800963	-0.005110994536222877	-0.0005606216412946648	0.005278170594835364	-0.005747949972330411	0.0003577139333376318
14.610000000000001	-3.119807898141006e-05	-0.00014060127823819536	0.0032066566530136714	5.086290007731685e-05	-1.2463908546934791e-05	0.00276051470398336	-0.012484720701728085	0.010317595146602984	-0.0002817533750041811	0.002244996029913669	-0.008172881091711246	0.0002523211596319475
14.620000000000001	-0.0001255813662422207	7.322859361948208e-06	0.0032097300300382445	4.875718807748263e-05	-7.651196677103889e-05	0.002759090947372077	-0.004917925603305434	0.01703035596723695	0.0007411930840701403	-0.002627653934599164	-0.0036923184623827024	-0.0004528292412828275
14.63	-0.00011417282053845019	0.00014965551104277543	0.0032158392150696213	5.449366281817205e-06	-7.531252384949364e-05	0.0027559667137259315	0.007075863818837635	0.009139682766222674	0.0002678871514472026	-0.005374703880849216	0.003938928108715644	-2.2322691291752304e-05
14.64	-5.254278715081426e-06	0.00016274258567962294	0.0032148319055154335	-4.29805998241804e-05	-9.248860025631738e-06	0.002758474342069283	0.012998335737975195	-0.006654491623521224	-0.000273106187166724	-0.003538456885832712	0.00824546192766914	0.000338925028085393
14.65	0.00010823148944606083	3.701913998275829e-05	0.0032142961651291523	-5.496225950760272e-05	6.484165971926857e-05	0.002758745193887902	0.007956909869254493	-0.016582162606122216	0.00020134515951671184	0.0012966797521722702	0.005420721118217376	-0.0002954888688718171
14.66	0.00013026214705347535	-0.00012074714379243194	0.0032151799346264442	-2.038519263209974e-05	8.386474630627086e-05	0.0027563161684146997	-0.003982148110823672	-0.012406035313907847	-0.0001971274814169077	0.005110073268875005	-0.0019591310343366496	-1.1422934336846753e-05
14.67	4.025256722227558e-05	-0.00017436753284625438	0.0032098023729701043	3.2083817923957355e-05	3.118571435339489e-05	0.0027591523560768078	-0.012546012074118372	0.002455282031863104	-0.000688202560010169	0.004554182886215138	-0.007730168528635432	0.0004443232525308458
14.680000000000001	-8.398618492511739e-05	-7.97805739700113e-05	0.003206657316216336	5.7324163050119666e-05	-4.7425185214217404e-05	0.0027608682874674705	-0.01044195881297868	0.014990859061984869	0.0002661127813242651	0.00015703974501314304	-0.006780642004147368	-0.0002251968723225178
14.690000000000001	-0.00013831976430770122	8.261854799119333e-05	0.0032126412186389438	3.480839605837747e-05	-8.518362254069109e-05	0.0027564399192654206	0.0004955149369452994	0.01493267656083634	0.0006311284497561985	-0.004354852962541047	-0.0002214880574034026	-0.0004116240707988325
14.700000000000001	-7.464129446846215e-05	0.0001737817582840659	0.0032150216178317664	-1.7651228493769337e-05	-5.0258868122504864e-05	0.0027560661205262033	0.011216529989974099	0.0019042994434905185	-0.00014014208557776796	-0.005305279973047331	0.0066641337861697205	0.00030723710243499313
14.71	5.2403751674355734e-05	0.00011633715667439428	0.0032130386930640086	-5.529872930924066e-05	2.7846701522081837e-05	0.002759238713895473	0.012277030265419004	-0.012446142689456386	-1.4058380675132438e-05	-0.0016577632086523144	0.007722705750813514	0.00010216926593814059
14.72	0.00013580146352339323	-3.944778113296671e-05	0.0032150708408617756	-4.6201926523797694e-05	8.168614594134898e-05	0.002757634355341435	0.0030586618617057183	-0.016309660917853047	0.00022501470164189424	0.003385187125580546	0.002196759934100737	-0.00026320016800459586
14.73	0.00010377982380758629	-0.00016139689738748166	0.0032138721659788058	2.898953250625823e-06	6.522142798186883e-05	0.0027574829806607465	-0.009000016216584071	-0.006106795459978003	-0.0005064743475930797	0.005682731512009154	-0.005263715389225056	0.00029338377148821205
14.74	-1.7212732988717056e-05	-0.00014462217270445708	0.0032081292725297038	5.006525191266232e-05	-7.582056172264136e-06	0.0027612108082182103	-0.013310215443939533	0.009124385333196986	-0.0003699640531289152	0.0030244471852501256	-0.008093926866106759	0.00021249136712083675
14.75	-0.00012447381293040325	-5.415949849142371e-06	0.003210082824955822	5.5021701563063395e-05	-7.311557914757226e-05	0.0027588711280993844	-0.0064568511760911725	0.01663274353181159	0.0005853960581692931	-0.0021151573674760113	-0.004031476546798607	-0.0005588208802400517
14.760000000000002	-0.00012647962951777168	0.00013886387126486416	0.003214561996177549	1.3200667994370954e-05	-7.63045916048935e-05	0.0027549837487835004	0.006157467725004535	0.009880420393735082	0.00010386199666015098	-0.005626026396041186	0.003486415107564749	-6.737317936063505e-05
14.770000000000001	-1.9942259669624734e-05	0.00016325024176387128	0.003212444096183707	-4.090746241095891e-05	-1.379764723042379e-05	0.0027573948050375295	0.013449076262357368	-0.005325682165879625	-0.00030622490823531287	-0.004311596043833634	0.00802992509132248	0.00037066276828595396
14.780000000000001	0.00010370728138040175	4.907490726070084e-05	0.0032122550764559278	-6.04483707208662e-05	6.0267053360546034e-05	0.0027583641736799364	0.009390947242427726	-0.015806288356660717	0.0002995038035019856	0.0006991893874779853	0.005645074490436411	-0.00021010997337423475
14.790000000000001	0.00014006991250521022	-0.00010717814501403154	0.003215011163513499	-2.8437525958975038e-05	8.290349679263176e-05	0.0027565096015228717	-0.0027597213426159353	-0.012955785990297187	1.582561764843308e-05	0.00524866825535547	-0.0014936549723557212	1.4414692012189728e-05
14.8	5.664552285297931e-05	-0.00017140083972700166	0.003211413560063737	2.8728247949238042e-05	3.4510333098212485e-05	0.002759704216726033	-0.012609096459699806	0.0010784927729994647	-0.0005896430329011651	0.005274013497773023	-0.007405295305046134	0.0004907074988930601
14.81	-7.517181004319233e-05	-8.979287818845793e-05	0.0032087135953780335	6.162333771384505e-05	-4.2648055289357865e-05	0.002761947208957335	-0.011747062024617559	0.01395062373297389	0.00021753715973820009	0.0008188887079500106	-0.006846004552348717	-0.00021615575436233618
14.82	-0.0001443616231589811	6.806379975285863e-05	0.0032135335737046595	4.257702836529511e-05	-8.289721587742626e-05	0.0027575963969620997	-0.0009373955576398197	0.015151841315550505	0.00047368651541510677	-0.00437740779104693	-0.0005915660989699344	-0.0004120783041582891
14.83	-9.020497818655241e-05	0.00016753831146238662	0.003214347498102861	-1.336646587578729e-05	-5.214171935540435e-05	0.0027568575731657823	0.010912028187722939	0.003179754862140644	-0.00031287185819436203	-0.005943494937267319	0.0062708251057869676	0.00023610577746059383
14.84	4.1273019356318715e-05	0.0001234643123645608	0.0032112820785483655	-5.830250367181535e-05	2.367588995789716e-05	0.002759360918877059	0.01337590761161831	-0.011291811155055554	-6.310619074986025e-05	-0.002359371008934506	0.007655414126209045	3.089907429346459e-05
14.850000000000001	0.00013868298208432364	-2.5700064791461246e-05	0.0032135578146930857	-5.384625964705709e-05	7.87934175759143e-05	0.002756812461573846	0.004560278884764015	-0.016271034894268503	0.00031352897438498365	0.0032002905692340732	0.0025374260434457277	-0.00034946074200266315
14.860000000000001	0.00011782911095360602	-0.0001530836825820628	0.003213347598167816	-3.221834674660826e-06	6.677397946177466e-05	0.0027562086890433046	-0.008420431285045209	-0.007172235160782536	-0.0004130275457658406	0.006142646074221431	-0.004777158126830232	0.0002851222688892227
14.870000000000001	-3.950208977742032e-06	-0.00014870411981261224	0.003208510311787942	5.0505166639927265e-05	-2.599528291828634e-06	0.002760316839188209	-0.014049788618113433	0.007881067063401255	-0.00030281075301430606	0.0037611273490844254	-0.007961794195408925	0.0002991146859165776
14.88	-0.00012277499087076557	-1.8595709766893026e-05	0.0032105212181898226	6.156756643627695e-05	-6.904441919410144e-05	0.002759362897090232	-0.007890021512683882	0.01617963021311069	0.0005707362340155237	-0.0016952397689000015	-0.004332771687878868	-0.0003998449779318546
14.89	-0.00013798874878859764	0.00012730940913638147	0.0032147109582702058	2.0899905802555335e-05	-7.684836929644063e-05	0.0027564357606736215	0.005137772210301801	0.010654086736468086	8.453221270344776e-05	-0.005851509193602949	0.0029275675672294425	4.194535803034725e-06
14.9	-3.5074446573423955e-05	0.00016309606064550774	0.0032123319453188116	-3.800227982585619e-05	-1.9017395653912662e-05	0.0027590258161472305	0.013771645951607448	-0.003978996432068267	-0.0003665294160980993	-0.004985317507241909	0.007707470674970016	0.0003534959197164009
14.91	9.751304637304257e-05	6.0194721895262745e-05	0.0032118440247832698	-6.432115594325334e-05	5.419320328990096e-05	0.0027594369146137538	0.010748163929036757	-0.015031045434778841	0.00029932923213906636	8.91901452332348e-05	0.0058256957120979705	-0.0003064834339759673
14.92	0.0001480297010903741	-9.40341130676574e-05	0.003214833884954511	-3.6220815597482253e-05	8.090330463807684e-05	0.002756191934478461	-0.001506414286665349	-0.013348000730473805	6.97964736893153e-05	0.005150115344369456	-0.0009320180739074369	-0.00015384187428388253
14.930000000000001	7.168505045136336e-05	-0.00016697621017932625	0.003211753611023146	2.3527003151337356e-05	3.7960321885343665e-05	0.0027582952405592687	-0.012519012636534795	-0.00013747401329327214	-0.000522174050528529	0.0058460437269669	-0.006956415537863191	0.0004304917460697862
14.940000000000001	-6.57002427419056e-05	-9.74397343023162e-05	0.0032090333058080577	6.335225741568927e-05	-3.684180366373836e-05	0.002760534963686762	-0.012880488047960135	0.01293401802647674	0.00018521033396088173	0.001511829006900418	-0.006836448720052076	-0.00016089665216923384
14.950000000000001	-0.00014873486405680162	5.483071914807659e-05	0.0032136823688343093	4.9503064176443114e-05	-7.96202813947083e-05	0.0027569077185368752	-0.002353267528485879	0.01513188966835442	0.00044781055988175867	-0.004109956920143257	-0.0010398939212379731	-0.00033291525315251976
14.96	-0.00010491657927395637	0.00015991968578148345	0.003214335322257224	-7.1731815103681555e-06	-5.418848031447883e-05	0.0027569619590107567	0.010426646925328272	0.004212216101557921	-0.0003077629885202184	-0.006321714278845079	0.005726317941653668	0.00031359355576761984
14.97	2.849016363548232e-05	0.00012775893837953652	0.0032111237857881335	-5.787847647274891e-05	1.742366401613037e-05	0.002759939487101511	0.01418951699094554	-0.010074281469222119	-7.38783464942216e-05	-0.0030333184560131987	0.007445503080645069	7.164282296598693e-05
14.98	0.00013833653813592539	-1.2688210914773476e-05	0.003213572652981707	-5.9554838499931536e-05	7.339011533917127e-05	0.0027575214423879715	0.0060309070893480865	-0.015848778386546924	0.00037660379920076485	0.0027292364393185662	0.002906108317908624	-0.0003540862556941981
14.99	0.00013048898049168527	-0.00014213067631730654	0.0032144810049741135	-1.04063203930932e-05	6.667449501846874e-05	0.0027566609803296544	-0.007490855136315396	-0.007957800186533758	-0.00029235363887139814	0.00634134023146079	-0.004169261304968501	0.0002572597844191416
