0.0	1.7455475655826167e-11	-9.402417308554356e-11	0.0032248049170303297	2.9692227823411786e-11	5.0120849015685577e-11	0.0027427470438498316	6.982190262330466e-07	-3.7609669234217424e-06	-1.7014918701025523e-06	1.1876891129364716e-06	2.0048339606274234e-06	-2.492529168639283e-06
0.01	-9.900297207389649e-08	-7.38886241483173e-08	0.003224651086486673	1.2672646620466266e-07	2.7982797174754065e-08	0.0027427380452001403	-2.2161794933145304e-05	7.360102247532132e-06	-1.3790562828470597e-05	1.3353666659855587e-05	-1.4405877810303065e-05	-1.1453824691736408e-05
0.02	7.145429432322168e-08	7.681446652611089e-08	0.0032244410050841065	1.58140968731607e-07	-1.480004650375143e-07	0.0027427165219189287	6.439749890257336e-05	2.861089732916584e-05	1.3283113904872452e-06	-1.7149300025059875e-05	-2.8279992897686275e-05	-2.7040841665519956e-05
0.030000000000000002	8.172782489801464e-07	4.6278377701954344e-07	0.003224714816659694	-2.784082000108336e-08	-3.7434912306775364e-07	0.0027424662711618207	6.398767748265057e-05	3.9350862902081245e-05	4.0543842423765045e-05	-3.936971076181219e-05	-3.1837501097959886e-05	-3.056902274272836e-05
0.04	1.1650740805587748e-06	9.674255242742052e-07	0.003225247960836024	-3.173461782850117e-07	-3.624065015980777e-07	0.0027423045436338733	1.0955996352597914e-05	5.115578417595539e-05	7.196465171223102e-05	1.1227177022988752e-05	2.6198933582350487e-05	2.678623144942303e-05
0.05	1.0603212483498736e-06	1.1457008062689097e-06	0.003225780339162665	-1.5741149564271304e-07	-7.617951653956655e-08	0.002742806027215835	-4.543777980302313e-05	-2.3174624173756177e-05	-1.4052434069038947e-06	4.178921547515071e-06	2.7632049555236446e-05	5.6029426674494925e-05
0.060000000000000005	3.977248036628057e-07	9.006956152211036e-07	0.0032255075680768263	-1.6432112665013451e-07	5.0478189413049834e-08	0.0027433361643359492	-9.394962774678895e-05	-3.0680763075721586e-05	-5.215066199617803e-05	-1.827076090377187e-05	4.176640460507606e-06	3.7763279564706384e-05
0.07	-5.991951281600579e-07	5.384686251932248e-07	0.0032249807187649322	-3.9066182323121355e-07	9.187147434730479e-09	0.002743465794893575	-9.932808442246158e-05	-3.818512137384391e-05	-7.924854762474844e-05	-2.53350626722115e-05	-3.33619703021238e-06	-1.668925309401155e-05
0.08	-1.3311492864175245e-06	8.453573549186089e-08	0.003224482973017217	-5.475181827272134e-07	-2.385652243769123e-07	0.0027431129730906044	-6.270222035196837e-05	-4.0329837207953984e-05	-2.7902735611054758e-05	-8.453136084042345e-06	-4.582171899413282e-05	-6.610045197172753e-05
0.09000000000000001	-1.4928739423596568e-06	-1.7008451391453513e-07	0.0032242662196254055	-4.1882288644853785e-07	-5.790104967515024e-07	0.0027426401877739003	1.9313364618357076e-05	-2.4587067148085852e-05	-5.1858086848168414e-06	1.164827116222065e-05	-3.628831171695277e-05	-5.828295641737105e-05
0.1	-1.042467183030396e-06	-3.3506059284145594e-07	0.0032244555482811937	-1.7829834770778027e-07	-6.655103884190043e-07	0.0027420248080408647	4.591230280705771e-05	4.4403149707588496e-06	3.44843302855038e-05	3.798829720017793e-05	7.1161509372123935e-06	-5.71457170776961e-05
0.11	-7.313342364773608e-07	-2.3520479901939537e-07	0.0032251925737753007	1.9225151360180555e-07	-4.1676939831330836e-07	0.0027418276815385327	2.3436973462609015e-05	-1.0284239015923856e-06	9.622576646999497e-05	3.264082753340728e-05	4.962551711770375e-05	1.816804065070187e-05
0.12000000000000001	-3.428699031842824e-07	-1.464561361205523e-07	0.0032258023036955156	5.839757947949645e-07	-2.6232782110952446e-07	0.0027421925380551816	4.0393999930775406e-05	2.992536021916567e-05	2.9384751679825272e-05	4.9201987362944076e-05	-3.837925601304711e-06	4.145455022501107e-05
0.13	-1.995651666613294e-07	8.488510114636088e-08	0.0032254354667770042	1.25997573981855e-06	-1.7849095244619932e-07	0.0027427317324583305	9.69804765509918e-06	8.047524734106589e-06	-8.918171342107924e-05	5.2218970472283874e-05	3.11693772070363e-05	8.182373143028501e-05
0.14	-3.686836407119954e-07	1.399613702801688e-07	0.0032241551325186027	1.6290319772804414e-06	3.3693823233239187e-07	0.0027432324135985907	-4.091465965619861e-05	1.9712261750946652e-05	-0.00013763852209598427	-2.619654392674938e-06	2.4785501356703122e-05	-5.904986135597937e-06
0.15	-9.540031409843773e-07	3.0080015596480803e-07	0.0032234784504516266	1.103885967593932e-06	5.046091927709137e-07	0.002742885463123576	-4.777087269412693e-05	8.072144837932965e-06	8.676139627741713e-06	-7.892287596567893e-05	2.229869838328272e-05	-8.232790632233681e-05
0.16	-1.2140017516657188e-06	4.5594379468090257e-07	0.0032240916894514813	2.677672076096372e-07	3.819118490516921e-07	0.002741870375132874	5.50042454160757e-06	2.2547950262429674e-05	9.423540484007967e-05	-9.148497949227686e-05	-3.6039999179689215e-05	-9.753035908003407e-05
0.17	-1.1252678817593836e-06	3.8798782101764635e-07	0.0032249678276523837	-8.404009986097965e-07	-9.27843194971964e-09	0.002741508855237077	1.3719181317660202e-05	-1.5628750215316258e-05	5.087617306143797e-05	-0.00010476648836216013	-5.2865028489755425e-06	4.6396527525695673e-05
0.18000000000000002	-7.547186006799162e-07	2.7360909572732054e-07	0.003225198979061776	-1.6336995854324228e-06	-1.7823140122648073e-07	0.00274226725155846	6.568943533431986e-05	-1.9327790678858676e-05	-1.6361635685043942e-05	-3.586068478198148e-05	-1.9769782916616432e-05	9.692598863706529e-05
0.19	-3.207579533072167e-08	8.489037156984152e-08	0.00322485710454966	-1.5421980849786998e-06	-3.886095628933816e-07	0.0027432787959801677	7.552085343350923e-05	-1.2612863212937857e-05	-3.531535431954448e-05	5.5224965118745866e-05	-2.1212319420947865e-05	8.593604554240807e-05
0.2	8.458680507849119e-07	2.213925286864715e-08	0.003224687542298653	-8.561486445746452e-07	-6.447061362510337e-07	0.0027438376164901847	0.00010116997759945899	-1.8994766682232892e-05	1.1008648457607476e-05	7.208636004718511e-05	-3.851473672541771e-07	1.640816556423419e-05
0.21000000000000002	1.6656948935449454e-06	-7.621772502356971e-08	0.0032250438148755376	-5.0608728117133936e-08	-5.875847507875299e-07	0.002743482859322257	6.258740436627686e-05	2.294579347274795e-05	6.18890007796373e-05	9.784329337580777e-05	2.0157707703561034e-05	-9.137917704648002e-05
0.22	1.9012311055315754e-06	7.71770894101053e-08	0.003225482124513518	6.008933549260511e-07	-3.409509052814784e-07	0.002742627495588021	-3.488255412427653e-05	1.814932552555493e-05	1.6121303479623556e-05	3.26466494187814e-05	4.210315163753631e-05	-7.820266729130282e-05
0.23	1.2049026060568397e-06	3.7489493854576054e-07	0.003225254536306233	1.0004950315335065e-06	1.192753511608662e-07	0.002741981474885831	-0.00010985152702212501	5.136021373623893e-05	-3.4021529488818444e-05	2.0276578704538727e-05	3.60020080464758e-05	-5.72029426857057e-05
0.24000000000000002	-8.11245886583462e-08	9.75971733697073e-07	0.003224427393961271	1.1966327984587355e-06	2.9261950242752683e-07	0.002741930405548162	-0.00014958232002578137	4.730091015323549e-05	-0.00011069346637661783	2.050555125110282e-05	3.485124342650707e-05	4.640271444497365e-05
0.25	-1.6559822353701135e-06	1.1566799182129008e-06	0.003223400570106591	8.904565170599303e-07	4.3362307604297965e-07	0.0027423776480103423	-0.00015636041500501687	-1.931185020684247e-05	-6.545287601963026e-05	-5.196021104827479e-05	-2.7343480008948487e-06	2.3153415949636357e-05
0.26	-2.5632050879892407e-06	4.524518303240118e-07	0.003223496421670982	1.705079961035698e-07	4.772254524668488e-07	0.00274229810585897	-2.841477379006596e-05	-0.00013077135080072973	9.499507542828167e-05	-9.039770917705348e-05	5.399604788357993e-06	-4.2534200886406346e-06
0.27	-2.4248914037547027e-06	-7.835717388010274e-07	0.0032248341597432536	-5.030384586719386e-07	4.3576140693461245e-07	0.0027422780846370494	4.5486558183496716e-05	-9.678694140508379e-05	0.00016043487072316448	-5.0267359345287784e-05	-3.101073009465784e-05	2.2655496310488847e-06
0.28	-1.6623636314877451e-06	-1.5804183694816096e-06	0.0032260699210754328	-9.404552173551962e-07	2.2452287513567647e-07	0.0027424179214537007	0.00012082724582742981	-6.061379265982861e-05	4.834976049191221e-05	-4.656329737013128e-05	-3.141525815783616e-05	1.5919818473547785e-05
0.29000000000000004	-2.1732437572478797e-07	-1.8097685219720549e-06	0.0032257906372189244	-8.210922268858766e-07	-2.2648043449241793e-07	0.00274250199341549	0.00016963636137396016	1.0840472936490046e-05	-8.173087137626663e-05	7.365669037197122e-05	-4.7503194502991915e-05	2.00655628496483e-05
0.3	1.346540138976511e-06	-1.3942980080612592e-06	0.0032246276167115485	2.8519474234409017e-09	-6.9389910281916e-07	0.0027429284059130336	0.00011278098015827869	9.471504839610482e-05	-0.00010378363426006787	7.411464265405325e-05	-4.687223578534069e-05	5.2016483157368685e-05
0.31	1.978060286957059e-06	-1.1772200970994589e-07	0.0032239098184222745	4.0754069237214327e-07	-1.0891898843669495e-06	0.002743236907060541	3.3583084246265536e-05	0.0001397304604777243	-4.371045076047178e-05	1.1520073222499492e-05	-2.3794744226003476e-05	1.627602289291467e-05
0.32	1.8400374168840887e-06	1.2079554003751512e-06	0.003224170998457471	3.746359252874837e-07	-1.0239003800824796e-06	0.002743215144110053	-6.560730189324177e-05	9.817220741478384e-05	9.094590550808921e-05	-6.551413110386581e-07	4.0201584854457267e-05	-3.332162391523807e-05
0.33	7.381149476813226e-07	2.156934181141427e-06	0.0032251194081781764	1.1492647933510644e-07	-5.027002621984843e-07	0.0027426208665331728	-0.00013512720582403297	7.504549247220583e-05	6.885873687284722e-05	-5.0210345688622586e-05	5.600789666512795e-05	-7.324811804108251e-05
0.34	-7.159108472089869e-07	2.421903144188188e-06	0.003225469870491224	-3.866339940274162e-07	-1.1194242738586006e-07	0.0027422503887553546	-0.00013894322263599906	-3.140788369276179e-05	7.521628746210267e-06	-3.946093571515578e-05	3.8212525665012433e-05	2.2448884984807898e-06
0.35000000000000003	-1.881356890688673e-06	1.7791962770384752e-06	0.0032251394518783686	-5.748099959854191e-07	2.8773408839736804e-07	0.002742341793937273	-6.272457792657327e-05	-8.79215247793014e-05	-6.733117869743427e-05	1.0549849814575894e-05	3.1245683829218914e-05	3.771638133567416e-05
0.36000000000000004	-2.127127326994945e-06	4.848202743089669e-07	0.0032245063655546038	-2.4981768361326054e-07	6.624669268528308e-07	0.0027429214457986286	8.800369677957885e-06	-0.00015501604132769832	-7.082781183854331e-05	4.9344396165035226e-05	2.9926848377564605e-05	6.419403514920293e-05
0.37	-1.348870955583796e-06	-1.0781292567167279e-06	0.003224171477062886	5.562326685252276e-08	7.446682826670316e-07	0.002743545989461915	0.00011079047949565161	-0.0001390023406856819	-1.925151940931627e-05	2.833971756578198e-05	-7.495068834471283e-06	2.3857681062728124e-05
0.38	-1.0842677709885852e-07	-1.9434930172875157e-06	0.00322449765237934	1.7858515950501028e-08	5.214255975604908e-07	0.0027431605356559143	0.00014471555164224578	-3.6476178577991154e-05	7.227478158080468e-05	-2.799200039448976e-05	-3.626773103370488e-05	-6.311486109635039e-05
0.39	1.2954179554654572e-06	-1.9187451790569503e-06	0.0032249843061410966	-2.584651882982769e-07	-6.072659863284235e-08	0.0027426146111854638	0.00010984850969632362	3.890281020246666e-05	2.21242237690748e-05	-2.3548925714352198e-05	-7.34495058882041e-05	-4.5033609235080266e-05
0.4	1.997571712668254e-06	-1.022902497255842e-06	0.003224989799297418	-2.1550378145012408e-07	-7.645474791781604e-07	0.002742133176470602	1.9884916463790522e-05	0.0001340766089696489	-2.3811218964859214e-05	2.5829820096502524e-05	-7.626059857662501e-05	-4.481923078257858e-05
0.41000000000000003	1.730805348749032e-06	3.1873277459190144e-07	0.003224708888572604	4.356191304004135e-08	-1.3655222290432935e-06	0.0027420389066944383	-8.676246720171759e-05	0.0001121624660385368	-2.8668312275204736e-05	2.6636591558083382e-05	-4.7177709715465974e-05	4.7903717011362195e-05
0.42000000000000004	3.9871672790895794e-07	1.2047595487721412e-06	0.003224379627565917	4.7200337335511e-08	-1.5482391928680609e-06	0.0027426291952229874	-0.00017627927950700594	7.130328460201163e-05	-8.222701058498106e-06	-8.81549080957232e-07	-1.0212158992991888e-05	6.949156306549125e-05
0.43	-1.2548669393309966e-06	1.3370672919205439e-06	0.0032244725260593935	-2.1826430639074e-07	-1.1990957944737213e-06	0.002743092653112389	-0.00013035375644251796	-3.436811324683481e-05	2.04134780219566e-05	-3.3697279332641395e-05	9.63244459121523e-05	1.8779067541526406e-05
0.44	-2.1157337500844138e-06	8.380098506930968e-07	0.0032248245452069692	-4.687734185115166e-07	-1.3428938641713128e-08	0.0027430508185380224	-4.072777783264468e-05	-6.7453895703645e-05	6.873500563038098e-05	-2.36515209970561e-05	0.00011983199309415522	-4.923200947441552e-05
0.45	-1.804441665330408e-06	1.0158381099214196e-07	0.0032254518145002965	-5.890542556789186e-07	1.1131492074817374e-06	0.0027425598219324786	9.465110298888692e-05	-8.673282037341201e-05	3.297092005002684e-05	1.863806582734622e-06	0.00010535063820884794	-3.8438363207746804e-05
0.46	-4.271056939407307e-07	-8.293101346318714e-07	0.0032252930076799003	-2.2260845094574468e-07	1.6758368796491008e-06	0.0027422983804079528	0.0001376388325896679	-0.00010501173425223181	-5.6216863280383693e-05	4.844954842035376e-05	2.602481512387322e-05	-7.291044620807582e-06
0.47000000000000003	8.462431321840264e-07	-1.7050971372914989e-06	0.0032246086458393077	8.882075341879556e-08	1.3477064891416296e-06	0.0027425224953075175	9.51566860387292e-05	-6.271458372878239e-05	-9.62094236435842e-05	3.033950593234347e-05	-0.00010583272606631292	3.69240055523912e-05
0.48000000000000004	1.3942911885508793e-06	-2.029087907663934e-06	0.003223923376030185	3.5676432896012953e-07	4.0966781334416315e-08	0.0027430148394306125	2.7371843732677074e-05	1.745460930496286e-06	-4.323756834456841e-05	2.782969529560952e-05	-0.00012177630925010256	4.155067741077553e-05
0.49000000000000005	1.4619089726847354e-06	-1.6746887829532712e-06	0.0032239246969237335	5.144890325237373e-07	-9.061325122759497e-07	0.002743284028245819	-2.652007312705867e-05	7.493784184753521e-05	5.177028076392642e-05	-1.3877309070151605e-06	-4.268029866727001e-05	1.1648948019151714e-05
0.5	7.209540980555287e-07	-5.552379981343056e-07	0.0032250753545242307	4.464732142356483e-07	-9.522640029533715e-07	0.0027431340854187315	-0.00012254094237122953	0.00014191949622543908	0.00016551759333587385	-1.7167646284930754e-05	3.279519287880549e-05	-4.9102160039660755e-05
0.51	-5.799892832595702e-07	9.366086968230776e-07	0.0032264309865111325	5.240601138679523e-08	-7.11124658147982e-07	0.002742506730436043	-0.0001327881134012005	0.00012286196010880546	7.495163361810924e-05	-5.449723102712039e-05	1.9967125229582123e-05	-7.83802019441764e-05
0.52	-1.5514464020678976e-06	1.8169882383517476e-06	0.0032264293851428346	-5.003199783169277e-07	-3.704642598537073e-07	0.002742183859067914	-4.4645869785316555e-05	7.131850980204202e-05	-7.328740534261606e-05	-4.837286706051583e-05	5.1442011719026546e-05	1.6234741915023145e-05
0.53	-1.364857346558613e-06	2.1024068816540368e-06	0.003225270922263373	-9.348109473569561e-07	3.2021741930356316e-07	0.002742654913070179	7.837752258316725e-05	-1.3011448368402252e-05	-0.00015423278280595103	-1.861832262048503e-05	7.464582090171854e-05	6.574212423047886e-05
0.54	-3.9228746424774336e-07	1.668193934646058e-06	0.0032238186728709003	-8.388259126318618e-07	8.909126159230971e-07	0.0027434127497409705	0.00013046676612560337	-8.532593849127348e-05	-9.8977959158329e-05	4.1620444317422825e-05	4.140491300531904e-05	6.753237062940487e-05
0.55	9.964216160250372e-07	5.51007061869534e-07	0.0032235819480510358	-4.079569546309854e-07	1.1385425597087812e-06	0.002743706810305311	0.00012007918563295934	-0.0001297625813242932	5.9386730158268385e-05	4.373155551530338e-05	8.17454702471642e-07	-1.895078770423025e-05
0.56	1.7293564457950518e-06	-7.134169720429318e-07	0.0032247893474454756	8.181896569484861e-08	5.775985474503039e-07	0.00274302729597063	2.977115296690781e-05	-0.00011008567058681774	0.0001688443920253755	5.431679517430559e-05	-8.893966401098127e-05	-0.00010616638538281495
0.5700000000000001	1.8180455977217273e-06	-1.429878761450506e-06	0.0032261127483839054	7.797479283468549e-07	-3.3099191509506286e-07	0.0027420118337269017	-1.9897850232412943e-05	-2.7243921940802784e-05	7.219861397379168e-05	5.9019687856348397e-05	-7.801228848068984e-05	-6.88833480020551e-05
0.5800000000000001	1.3566104503156103e-06	-1.3653823278587068e-06	0.0032261587091047075	1.044261787021678e-06	-9.544894193192808e-07	0.0027419019638294153	-7.187727569448352e-05	4.655133938953067e-05	-7.129225560148635e-05	-1.4905310888915664e-05	-2.0287275059012585e-05	1.562732495699911e-05
0.5900000000000001	2.3125497911399366e-07	-5.041310402506388e-07	0.0032247203137406397	7.07306792210618e-07	-8.523601839290172e-07	0.002742365355713271	-0.00014112940717347566	8.654759004945131e-05	-0.00019556764690277682	-4.653751249525172e-05	3.4790814043832394e-05	7.988477371987124e-05
0.6	-1.034387337673263e-06	4.6730218179634796e-07	0.0032231738862442093	2.0098851498064036e-07	-3.1120603468270337e-07	0.002743256482099268	-0.00012266066940074436	9.516394339327456e-05	-9.439504478275681e-05	-7.038910915823423e-05	5.4099152931977634e-05	5.192007105142927e-05
0.61	-1.794816612720007e-06	1.2167555507665295e-06	0.0032232180071198467	-4.868644219772564e-07	2.26917331534411e-07	0.0027432792656489837	-3.868027081559321e-05	5.759561791366316e-05	9.329019718538726e-05	-7.155210523041634e-05	3.3087514101924724e-05	-3.621539586537376e-05
0.62	-2.0362127654334442e-06	1.4629877918135907e-06	0.003224742202125481	-1.0387430484583793e-06	7.653629242863772e-07	0.0027427109579626	1.5357344542408315e-05	-2.915361094894555e-05	0.00018109941054812506	-2.725035832128372e-05	7.292523880172142e-05	-7.392570741963652e-05
0.63	-1.103691222768423e-06	9.227984361856288e-07	0.0032260439398911493	-9.013329904069324e-07	1.2406856496173864e-06	0.0027420869315980573	0.0001423452724100981	-6.661017291561629e-05	6.256413590574439e-05	4.203393039252271e-05	-1.8828963882962807e-06	-5.4504402774777064e-05
0.64	4.7085753413997015e-07	-1.5886395299036026e-08	0.0032260901522602665	-3.400676259942953e-07	1.1923768653758171e-06	0.002742015777020621	0.0001708152889425279	-0.00012312354489530517	-5.549750618606678e-05	4.270228339362713e-05	-2.1315892987750434e-05	3.19628912422905e-05
0.65	1.832624369782473e-06	-1.180500079348217e-06	0.0032249957757223436	2.1309690214588155e-07	5.430198821065545e-07	0.0027425557812144337	8.588717634376296e-05	-7.818741283366108e-05	-0.00013881808696968877	4.9357148314743796e-05	-9.96495510851267e-05	6.657090986686724e-05
0.66	2.2874305522726825e-06	-1.7288439948161508e-06	0.003223732601448449	5.852728346000332e-07	-3.2326045922734806e-07	0.0027431783033960056	-1.7390719740825652e-05	-5.181398588595452e-06	-8.024001564638259e-05	3.988258901481184e-05	-7.795386262570649e-05	5.4859610623794005e-05
0.67	1.5203067744955112e-06	-1.5238798634243587e-06	0.0032235620033697443	7.089018797625933e-07	-9.732273110465014e-07	0.0027433368022907437	-0.00013168046577290366	4.759328973444116e-05	4.753298862949494e-05	-1.0493163064601518e-05	-5.3560424709380155e-05	-2.1769725785504194e-05
0.68	1.7256283291158774e-07	-6.642645533624392e-07	0.0032244754792038503	6.860473009654996e-07	-1.1350843115226275e-06	0.0027431972805119107	-0.00013889094649672794	0.00011267318491891105	0.00011001916230649244	-8.577020834180199e-06	1.661951534556319e-05	-2.4244879035375967e-05
0.6900000000000001	-1.3834211749566383e-06	6.789716780185024e-07	0.0032254363852193477	4.6961603919883746e-07	-8.357470395512437e-07	0.002742822702297095	-0.0001446322166257242	0.00014452063103602926	7.216120931476462e-05	-3.871221681539523e-05	3.9873787459651084e-05	-5.422234071555098e-05
0.7000000000000001	-2.3618787140863244e-06	1.8117310048776625e-06	0.003225882890134046	-1.1508638174401959e-07	-5.1139457934510654e-08	0.0027424299680270663	-6.481104749023067e-05	8.499925438134082e-05	-2.5035283988996097e-06	-8.605581526004173e-05	0.00011408824969463306	7.008426480803578e-07
0.7100000000000001	-2.275785666058195e-06	2.178190111317938e-06	0.00322560538870262	-9.899539195969904e-07	1.1600227211763818e-06	0.002742725379208493	9.99695475432338e-05	-1.4482926124782772e-05	-4.344584683081266e-05	-6.195714498629237e-05	9.177376356308013e-05	5.04982914542072e-05
0.7200000000000001	-8.750301896312607e-07	1.4231057473021106e-06	0.0032250016056618773	-1.1244050564627554e-06	1.782943918433086e-06	0.0027434181342992944	0.00017556598293105722	-0.0001329177477647304	-8.278849494019918e-05	-1.2826269783803737e-06	2.916608234050703e-05	4.778979047773351e-05
0.73	9.234159591673541e-07	-2.3034499953576365e-07	0.0032246121225525453	-8.568663604008776e-07	1.8589041505765206e-06	0.002743488385117382	0.00016334832085712137	-0.00019344251308856984	-2.6142608615593186e-05	5.014347207656134e-05	-2.852451227230319e-05	-2.6503504398367807e-05
0.74	2.1468547939954127e-06	-2.044346871294615e-06	0.0032247554016982607	-1.1778588873163337e-07	1.3443104325604503e-06	0.0027430531711555195	7.306141447523641e-05	-0.00017589487063829823	4.4331709299558215e-05	8.222240762745981e-05	-7.022268761960582e-05	-6.744046742173599e-05
0.75	2.1205119316271322e-06	-3.2936214491446634e-06	0.0032250401085322233	9.55259962560661e-07	5.460084190026856e-07	0.0027424544613325894	-9.086601124554576e-05	-5.129194878376382e-05	2.220449174720976e-05	0.00010385606837722478	-7.753116983324939e-05	-6.719302959230226e-05
0.76	9.369911997939817e-07	-3.2531264553373654e-06	0.0032250820978065578	1.7487544154644826e-06	-3.869977130839911e-07	0.002742278267780831	-0.0001653153417625444	7.886446956536842e-05	4.404089619784145e-06	3.7682160694617256e-05	-9.21822157232645e-05	3.013819750588127e-05
0.77	-1.0661110942796518e-06	-1.6197338400478856e-06	0.0032248289641580797	1.7183249286414406e-06	-9.476495887334247e-07	0.0027426324707339	-0.00021225561417837554	0.0002450450737708633	-4.5335538996302986e-05	-4.5616733718447874e-05	-1.9354144666484407e-05	1.8017199482083172e-05
0.78	-2.8381688558431192e-06	1.1373686618268888e-06	0.003224370490900298	6.211980579578724e-07	-5.929680987191267e-07	0.0027427715813825664	-0.00014034849555580108	0.0002939293983848675	-4.86264157906304e-06	-0.0001619215254069563	8.24274475000559e-05	2.806124617595157e-05
0.79	-3.625435234789149e-06	3.4792699750230337e-06	0.0032243105308439983	-6.759365927532458e-07	3.564258830894577e-07	0.0027430579496040223	8.77421876370039e-06	0.00016900413576024525	2.1725591638652552e-05	-0.0001090965592516589	8.71992318107831e-05	6.016928221051685e-06
0.8	-2.6359823338704322e-06	3.891940635952279e-06	0.0032247260940697787	-1.5439041604608827e-06	1.2841741092758877e-06	0.0027430206641535526	0.00015794195954894305	-5.672001242186836e-05	5.803662699295209e-05	-5.8494382579084575e-05	4.934506307887394e-05	-3.672023232773271e-05
0.81	-6.221284248627254e-07	2.409944640457945e-06	0.0032252046958958125	-1.8121677580597511e-06	1.3875639605205443e-06	0.0027426492870010213	0.0002309102498160936	-0.00024147602032970503	5.426178097152967e-05	6.349552206344234e-07	-3.411544486397752e-05	-4.035612707846607e-05
0.8200000000000001	1.6900033181870847e-06	-2.1309341974444378e-07	0.0032255186935750916	-1.4430624656448052e-06	7.55177544159732e-07	0.002742205314973637	0.00021251147385297162	-0.00027566822590566057	-3.6157841321232672e-06	6.766748288564755e-05	-9.0136186996531e-05	-1.8032615094603922e-05
0.8300000000000001	3.5245735256307216e-06	-2.7775846680950944e-06	0.003225370217442487	-5.047557497182676e-07	-6.201014926019945e-08	0.0027422748337532893	0.00013321769364398902	-0.000215440430131999	-2.758793493819162e-05	0.00012312287240578488	-6.791140893119276e-05	3.7059707902750035e-05
0.8400000000000001	3.922681412650772e-06	-4.076185114334534e-06	0.003224674404172644	8.006034224199557e-07	-7.435789277965137e-07	0.002742928924864196	-4.6421459558952594e-05	-2.5233224335999725e-05	-8.410151109056652e-05	0.00011945734476841658	-7.080878592601264e-05	8.014444105515812e-05
0.8500000000000001	2.5662006933340956e-06	-3.239432119327345e-06	0.003224108862668679	1.6975993342709972e-06	-1.3193770324096287e-06	0.0027435668621198298	-0.00020677304923552236	0.00017109757408799713	-4.096855272760142e-05	6.816736174853307e-05	-3.467856529698375e-05	2.8791379938238388e-05
0.86	-1.0667351501214837e-07	-8.251349333523176e-07	0.0032242343620623288	2.110679533108391e-06	-1.0610446062874609e-06	0.00274372388981291	-0.00031309292479253097	0.0003022934388377561	7.157210368632962e-05	-1.835624312097937e-05	7.552617596496688e-05	1.8466478210215458e-05
0.87	-2.9328972022302605e-06	2.092577185321018e-06	0.0032251807403460694	1.0926165117552357e-06	-3.072146000331339e-07	0.0027435625316381634	-0.00022713002611528824	0.00024214214876674072	9.728983373226558e-05	-0.00015958608287171147	8.286520282610286e-05	-6.13156701903316e-05
0.88	-4.30842638874493e-06	3.743982011874192e-06	0.0032259360380655325	-7.535315921293157e-07	7.225120692684122e-07	0.0027429007194313183	-2.849492075728092e-05	9.181037900209071e-05	6.659109617386213e-05	-0.00017808920729763097	0.00012080424860623724	-4.229471019143904e-05
0.89	-3.542902721810334e-06	3.905902052027773e-06	0.0032258914463098175	-2.2551817044374838e-06	1.6507239152917187e-06	0.0027425248453874927	0.00020507667909226145	-7.893924224366256e-05	-5.9229885864913277e-05	-0.00010371979140588653	7.266591894452945e-05	-2.8969737454494846e-05
0.9	-9.992637537604687e-07	2.1543614395310783e-06	0.0032247485049532463	-2.6720861103557915e-06	1.9856226066232855e-06	0.002742497139011245	0.00029412450521193754	-0.0002643991138802745	-0.00014418134292968558	1.8752552215210976e-05	-1.9573928561043642e-05	2.807646028733375e-05
0.91	2.1156880967660968e-06	-4.5579663315894913e-07	0.0032236878364223444	-1.945629127590299e-06	1.2897307294274676e-06	0.002742829926697023	0.000310016581379729	-0.00024435966315314685	-7.11928012659199e-05	0.00010831282557061965	-0.00010463550027631442	3.541876192831921e-05
0.92	4.680613783081172e-06	-2.576934000877216e-06	0.003223523112648707	-4.0967990190814903e-07	1.0001979838676162e-07	0.0027430158155276564	0.0001558845895534196	-0.00016982294343097606	2.9817489683455093e-05	0.00018087783614014854	-0.00014157591209607633	-2.2279326511897805e-06
0.93	5.166944021256756e-06	-3.5025020448428326e-06	0.0032242749825005233	1.3224323941402375e-06	-1.1885129807351011e-06	0.0027426963886395287	-6.207768258427303e-05	-2.018109827281186e-05	0.00010522382004206024	0.0001831170425685845	-0.00012038170776024467	-3.778064901610363e-05
0.9400000000000001	3.4932272505622006e-06	-2.8891856131034947e-06	0.00322547818054826	2.7615261622081274e-06	-2.0149414663749305e-06	0.0027424020021508144	-0.00027180757212283993	0.0001287805170361884	0.00011750108507107728	7.894947973659612e-05	-4.017373067741469e-05	-4.620925619127382e-06
0.9500000000000001	-2.0502039949843785e-07	-8.996405302670479e-07	0.003226066842425965	2.856494860829823e-06	-1.6875110325677917e-06	0.0027425363866672207	-0.00042586273643288586	0.0002425176786900337	-2.1801387854193275e-05	-5.10125385592985e-05	0.00010151026569685464	6.586434279329945e-06
0.9600000000000001	-4.188509775430105e-06	1.5863267309191823e-06	0.0032254035596968552	1.6256181266391942e-06	-5.737997971531504e-07	0.0027428853744974895	-0.00034956332688355305	0.00025117147107903224	-9.424902413641835e-05	-0.00018770189218143897	0.00012293066014001756	4.949715799555873e-05
0.9700000000000001	-6.65270654483034e-06	3.197381193599081e-06	0.003224406360045825	-5.930662693678574e-07	6.468520055706223e-07	0.0027431664356313457	-0.00010189666695082348	6.84611343793173e-05	-0.00011030379050200606	-0.0002254738196596512	0.00010466948694000894	2.685357452066838e-05
0.9800000000000001	-6.0182568429540034e-06	3.092397567845792e-06	0.003223700857188352	-2.6471047224956985e-06	1.3301627214621477e-06	0.002743027975468077	0.0002361771148571824	-8.620231507402653e-05	-1.1474247113506069e-05	-0.00016140599723539037	4.578908305584265e-05	-3.9041276470469796e-05
0.9900000000000001	-2.2970972478807096e-06	1.6286767945596123e-06	0.0032241210264777748	-3.55805006862278e-06	1.5433194511726326e-06	0.0027425679146728422	0.0004782739137932768	-0.0001913035244879583	8.911957583306062e-05	-2.7693592273473654e-05	-3.134698037720447e-05	-5.382956814652419e-05
1.0	2.573155268866027e-06	-7.128535467371706e-07	0.0032250514005626985	-2.825901793034122e-06	9.057969323446188e-07	0.002742190255151474	0.00048418456229116797	-0.0002445265026987141	9.315261438206624e-05	0.0001439206338205079	-9.766311707269345e-05	-1.6372528062524533e-05
1.01	6.6072369216911954e-06	-2.728413920326436e-06	0.003225971855032779	-7.222500265671323e-07	-4.3582970278170467e-07	0.0027421976388330204	0.0002894446338987212	-0.00014159933058438968	6.478980148031997e-05	0.0002712937705865858	-0.00017248601496690837	3.19834801637573e-05
1.02	7.863027724361256e-06	-3.3214288991503056e-06	0.0032261323012411523	2.012759741768881e-06	-1.8506563300800792e-06	0.002742897474309106	-3.612433933061062e-05	5.081283279612183e-05	-2.604265764462216e-05	0.00024038773386602917	-0.00010305527143330215	0.00010403815890936945
1.03	5.691009566334663e-06	-2.1718923409190816e-06	0.0032253734428083205	3.6647272390598116e-06	-2.3309518646758384e-06	0.002743789707441352	-0.0003731552710114496	0.00015860477808685294	-9.42761631634539e-05	7.129973840819881e-05	2.988637297506058e-05	6.478694075619858e-05
1.04	8.531225524836984e-07	-3.333210551880358e-07	0.0032245127167347333	3.217978759361643e-06	-1.6743150742524879e-06	0.0027439260588454635	-0.0005666558613560608	0.00018937178840352096	-0.00010110804550205244	-0.00014099466040977783	9.61226178642539e-05	-3.9130708989848275e-05
1.05	-4.668757322942222e-06	1.4726296510608917e-06	0.0032238930830966136	1.3457641113062715e-06	-5.753741059523358e-07	0.0027431808925111835	-0.0004838804373367256	0.00016630702572096453	-4.4869150372628175e-05	-0.00022313824654280918	0.00015316514237509837	-0.00012081703108863878
1.06	-8.136580973638978e-06	2.8433636506981616e-06	0.0032237956547507387	-9.80958697839925e-07	1.0623570267280853e-06	0.002741803504125236	-0.00017117762231327045	0.00010620874756594611	3.393680017363049e-05	-0.00022258402778993857	0.00016224993525833624	-0.00015954442352048763
1.07	-7.649786275656186e-06	3.063431549583699e-06	0.0032243502499229673	-2.8398616906073093e-06	2.3463080268340496e-06	0.0027403928164997276	0.0002470559124230497	-7.495794826397969e-05	4.662382294327421e-05	-0.00012824652462388605	8.231769060776416e-05	-8.139510527354349e-05
1.08	-3.5024884311149254e-06	1.7034547340040255e-06	0.003224652384989411	-3.4758028022163234e-06	2.3749457050682615e-06	0.0027405412625041365	0.0005414779198324103	-0.00018592098382777013	2.1434453622524616e-05	9.152828342888603e-06	-7.131885063982934e-05	0.00012383458302204543
1.09	2.250247154176514e-06	-6.279636283289145e-07	0.0032247040880896195	-2.5776028495407354e-06	1.1478884381780002e-06	0.0027422819418359778	0.0005427841601621721	-0.0002554497415861756	-2.751309988303493e-06	0.0001888806407984927	-0.00014256600021372696	0.00021678347298596296
1.1	6.785366677806049e-06	-2.750623417972946e-06	0.0032250418860500065	-8.172055936433985e-08	-4.783952500250716e-07	0.0027442826042078194	0.000327471817160653	-0.00014414098268675333	4.712897404088104e-05	0.0002900440094845424	-0.00016316447466738912	0.00015484493411588632
1.11	8.117825673585101e-06	-3.3194100694221175e-06	0.003225659337213834	2.7230079244515867e-06	-1.8867776577568343e-06	0.0027452409629959693	-5.793894348579108e-05	4.547594053461314e-05	6.207675998751485e-05	0.00022871530029599382	-0.00010254958272560537	1.721050545972159e-05
1.12	5.604639128667267e-06	-1.8798368643494304e-06	0.003226059649959063	4.26980600866819e-06	-2.2787673195413576e-06	0.0027445586229484786	-0.0004366032233198568	0.00021201902354499154	3.1790962806127477e-06	5.5524298796571956e-05	4.351037291297571e-05	-0.00014474597955620633
1.1300000000000001	3.2537430394502836e-07	4.387153502257113e-07	0.003225824785503673	3.823674883399393e-06	-1.2011361641131428e-06	0.002742811658858461	-0.0005873349383814382	0.00021744651128332456	-7.37341464578497e-05	-0.00014846643893736834	0.0001713477353507276	-0.00018793640151826472
1.1400000000000001	-5.202186362102998e-06	2.1257214018368807e-06	0.0032247279957787495	1.6222789001948943e-06	6.169639859904085e-07	0.0027412699140206193	-0.0004777850575760824	0.00011937553489439629	-0.00017068798822879457	-0.00028940996666152065	0.00018262858523637656	-0.00012119060745830457
1.1500000000000001	-8.340819416724379e-06	2.834622546587076e-06	0.0032230795832776447	-1.4068442751475021e-06	2.1303682546308636e-06	0.0027406995366545256	-0.00013130244055428516	2.0916777836609936e-05	-0.0001362097754734827	-0.00031641339140068333	8.784816782153407e-05	8.21530588698833e-06
1.1600000000000001	-7.515036813957895e-06	2.153466470487183e-06	0.003222242507074093	-3.849576014396992e-06	2.60753293559412e-06	0.002741087094285281	0.00026218540872504335	-0.00014827182600664075	-1.2059278621422465e-05	-0.00014893998548870668	-5.326712113308563e-06	7.143688917291097e-05
1.1700000000000002	-3.256400404375256e-06	1.941562399629623e-07	0.003222976897763368	-4.326480949241802e-06	1.9126760445572217e-06	0.0027418943029579278	0.0005442246136483231	-0.00020994451349846117	0.00015023485402963056	8.189710706192328e-05	-0.00011624103956710434	8.048595859809669e-05
1.1800000000000002	2.291324965324711e-06	-1.9241191377674404e-06	0.0032247554816579684	-2.7644618130595128e-06	2.7686111432989755e-07	0.002742625130095117	0.0005281213847036524	-0.00019128276953180774	0.00020151185809833992	0.00023735852201258565	-0.00018817797915239486	6.565182796838359e-05
1.19	6.5286346130207935e-06	-3.1840849678184332e-06	0.0032264325125318967	1.81432470899144e-07	-1.4333284854999078e-06	0.0027433183031075293	0.00028995546214890134	-5.207581145427994e-05	0.00011630146581397378	0.0003145340536694644	-0.0001427721523957273	6.957146425814965e-05
1.2	7.558456601332261e-06	-2.714265225244295e-06	0.003227044273741708	2.9650447355078913e-06	-2.339543862224148e-06	0.0027437894924507242	-9.239753106273843e-05	0.00010518730608820625	-2.23500118995924e-05	0.00023722081492062372	-4.5633807077927495e-05	3.07963679326842e-05
1.21	4.8976492060102376e-06	-1.0276847597791043e-06	0.0032259807360545244	4.490534917795612e-06	-2.0746391651710614e-06	0.002743666416030267	-0.00042871212263099546	0.00019305878428156766	-0.0001688226516065543	5.415917350457685e-05	8.748389361433414e-05	-4.2014446132784505e-05
1.22	-4.18491674860452e-07	1.0864393334776094e-06	0.0032243452331378797	3.7130748027361067e-06	-6.744188928909697e-07	0.002742965439393096	-0.0005852297443196266	0.00020543230280366628	-0.00017748752022865488	-0.00018046960970554302	0.00017462894666493397	-0.000100022331171969
1.23	-6.231269195652396e-06	2.842136180949379e-06	0.003222956754380144	1.1148816957801801e-06	1.0117107157442953e-06	0.0027418038480884485	-0.000504112696263762	0.00011406729013685241	-9.96738472485351e-05	-0.00029631932229119327	0.00014013402872978218	-0.000128320732300885
1.24	-9.667672410087046e-06	3.1455057252955507e-06	0.0032227865121907434	-2.0378229051928653e-06	2.096533027985591e-06	0.0027409796783515405	-0.00013558997989347564	-4.619178404686877e-05	9.737313976323612e-05	-0.00029572538917672664	7.598152752723415e-05	-3.82106224542064e-05
1.25	-8.624260606659451e-06	1.805906672371548e-06	0.0032243356018212214	-4.093171755839617e-06	2.308276059718163e-06	0.0027412485366339	0.00034681720073562004	-0.0002163527869093563	0.0001921883309256376	-0.00011478844989789459	-4.76118839146128e-05	8.270678173019867e-05
1.26	-3.2618202050934427e-06	-6.680313602573197e-07	0.003226074714670979	-4.131066256119236e-06	1.1645484370110107e-06	0.0027422005815896998	0.0006840365349675373	-0.0002537699736686851	0.0001341162597782671	0.00010448970220622303	-0.00016531218860255876	0.00010620296065585617
1.27	3.876990986965734e-06	-3.117932809910855e-06	0.0032265249762124066	-2.2212765381806527e-06	-5.743935050115477e-07	0.0027433235993788814	0.0006917795873685873	-0.00018846847237895479	-5.194647305194063e-05	0.0002643014072817107	-0.00018210092057172053	0.0001253225436401706
1.28	9.307051352219168e-06	-3.845849125593882e-06	0.0032254325794939323	6.76340994512317e-07	-2.1585603892516253e-06	0.0027441872228993556	0.00035793714629666886	3.222945016823247e-05	-0.00014527988678676536	0.0002981970248779864	-0.00012285523903169995	6.39216715911522e-05
1.29	1.0433205424947113e-05	-2.3047390801794838e-06	0.0032241000077518457	3.4322068152486666e-06	-2.5400186974475373e-06	0.0027443402159424116	-0.0001516669787119322	0.0002707137025288725	-9.133605635576961e-05	0.0002219838767732269	4.504606848823336e-05	-2.881429017978704e-05
1.3	6.57947690500969e-06	6.76652360643217e-07	0.0032237198910399414	4.440773794299577e-06	-1.6927508094622073e-06	0.002743405884455418	-0.0005866629488405459	0.00030379975594487787	1.1469622828041576e-06	-2.1466855089742768e-05	0.0001359000475190224	-0.00013324867050802186
1.31	-4.2438130411177877e-07	3.4693758461264845e-06	0.003224322970573708	3.0761246788754535e-06	-2.981702542244403e-08	0.0027419208294644504	-0.000773403263495608	0.00021902781331915248	9.565759845990988e-05	-0.0002375676836079073	0.00020206895204852887	-0.00015890992339529807
1.32	-7.562449313920283e-06	4.734546308354458e-06	0.0032252130592336555	3.0099050267729566e-07	1.9694059051233914e-06	0.0027408567797190374	-0.0006097592831409741	-1.0587860120985022e-05	6.710230023098475e-05	-0.00031443325376558643	0.00017708199578297056	-4.529966617624089e-05
1.33	-1.1602971195705471e-05	3.366535734132616e-06	0.003225481774864502	-2.6413283234815276e-06	3.2476204660888554e-06	0.0027411573518916	-0.00014556413358787128	-0.00024657365264757497	-9.202890411990506e-06	-0.0002752011694580311	6.491523035519759e-05	0.0001075220181484872
1.34	-1.014464293473742e-05	1.859019342773715e-07	0.003225121198323351	-4.736726588048263e-06	3.058993431367632e-06	0.0027425575778797368	0.00044390231721914866	-0.00036834059828545616	-6.25888702628828e-05	-0.00013972506390045719	-0.00010353728606928433	0.00015156671119072044
1.35	-3.5101263236621214e-06	-3.3566523205585973e-06	0.0032244481357256655	-5.0391784122443665e-06	1.5692752755640362e-06	0.0027440412530191794	0.0008225605875409632	-0.0003268910318668044	-4.085801476929917e-05	8.924161271099673e-05	-0.00017598224116888915	0.0001308297726264806
1.36	5.059209211429087e-06	-5.452392956114013e-06	0.003224254860220072	-3.0865647489778363e-06	-4.5892059050720254e-07	0.002744831037629223	0.0008181746848791634	-7.811620675762575e-05	9.683902740827473e-06	0.0002892795400481757	-0.0002048804009055466	6.450823088228663e-06
1.37	1.1594161125928234e-05	-4.86543608756004e-06	0.003224819577787616	3.9997430812208525e-07	-2.3057268044851682e-06	0.002744258418496568	0.00043657508679925835	0.00019398830036708223	8.273459469281462e-05	0.00037929922954764553	-0.0001511613822169974	-0.00011185604856868628
1.3800000000000001	1.2818761281169788e-05	-1.727878725167646e-06	0.0032255568541459676	3.836637548558787e-06	-2.986394357791282e-06	0.002742699023890756	-0.00020192574454782543	0.00040248523963070157	3.629449257164829e-05	0.00028463039328467654	6.507981545092779e-06	-0.00020057603567626522
1.3900000000000001	7.803609474969602e-06	2.559599106369134e-06	0.0032253765081044117	5.483730802295449e-06	-2.2707772071244553e-06	0.0027411125028053308	-0.0007837310606079427	0.00043133951049579606	-5.362975398289337e-05	4.4473379976210685e-05	0.00013026256494454936	-9.92272252840231e-05
1.4000000000000001	-1.2940447299061747e-06	6.0663705932235705e-06	0.0032243644915576964	4.740897005869725e-06	-5.492019488770621e-07	0.0027406140585799535	-0.000950056891138865	0.0002237410953798834	-0.00015004619467215175	-0.0001915805889588887	0.00021324384973247541	9.243706097892637e-06
1.4100000000000001	-9.491233054418365e-06	6.661808641722996e-06	0.003223097166954618	1.7329521798811775e-06	1.587969621182288e-06	0.0027412129410053017	-0.0006330544063653255	-0.00011850281259081802	-9.60051126323771e-05	-0.00040055096794216875	0.00020632931436913182	0.00012623301761187074
1.4200000000000002	-1.2828947823183537e-05	3.917305653602028e-06	0.0032227693424594812	-2.4784372083841575e-06	3.1603245637734477e-06	0.002742528721578013	-2.4479469187102968e-05	-0.0004125551347726694	1.9277107488399697e-05	-0.00039837723781954904	0.00010755395650601445	0.00011872822617868162
1.4300000000000002	-1.030252583509626e-05	-7.413711763096886e-07	0.0032237622913982578	-5.8026601342626285e-06	3.4905110872193857e-06	0.0027434208523115363	0.0005192091878117764	-0.0004936956009605589	0.0001631330895655181	-0.000226412789506737	-4.905416672176315e-05	4.132720422105247e-05
1.4400000000000002	-2.910557313308343e-06	-5.142823884391697e-06	0.0032257697675448695	-6.430653416129914e-06	2.3659911377433915e-06	0.002743535987866359	0.0009222612286027829	-0.00036973761744327514	0.00020111790421107473	0.0001012364344168127	-0.0001778117078506822	8.102860333609012e-06
1.4500000000000002	6.219327467862688e-06	-7.341206612094155e-06	0.0032273162745049605	-3.789663086188657e-06	1.0459532330010294e-07	0.0027435220908451777	0.000848882198480189	-3.801494796872288e-05	4.8774434709592586e-05	0.00037828291416930386	-0.00027257605422051226	1.3102409862682086e-05
1.46	1.2783262882238065e-05	-5.83681445847191e-06	0.0032267049659181948	9.416367723861038e-07	-2.258477511079846e-06	0.002743636552401804	0.0003827628286005743	0.0003185240373195377	-0.00014711456943489851	0.0005103566758610761	-0.00018756756055665158	-2.0643911487289123e-07
1.47	1.3377808203324614e-05	-1.6090405849192008e-06	0.0032248983823194573	5.500889738987825e-06	-3.5767257321976015e-06	0.002743424618493229	-0.0002765651287068048	0.0005003458496285213	-0.00018507539806535502	0.0003466802526505261	-5.880587424342235e-05	-9.565038417121407e-06
1.48	7.517700662156769e-06	3.2965745676019326e-06	0.0032231594864339896	7.361260219061064e-06	-3.38131708418933e-06	0.002743052045120561	-0.0008378960451215964	0.000472977395678478	-0.00012831865437318085	1.2812654847351878e-05	0.00011585077336479233	-7.000343015692255e-05
1.49	-1.9899093832581626e-06	6.8200562253655295e-06	0.0032226442207584087	5.462828206944845e-06	-1.704230078635578e-06	0.0027421703361614836	-0.0009847320397254377	0.0001870738541196511	5.130079334554048e-06	-0.0003612396846639909	0.00022090717950041158	-0.00010893349941753734
1.5	-1.0526429976102206e-05	7.255386090125167e-06	0.003223508932421202	6.748278523273194e-07	8.154118641743324e-07	0.0027413052463246246	-0.0006413961908334751	-0.0001074253866385298	0.00016860893105009566	-0.0005238532441052325	0.00025981684025611605	-6.27416125125405e-05
1.51	-1.381989460219767e-05	4.623916402973781e-06	0.0032249504839618275	-4.3848027691897635e-06	2.8876875649941737e-06	0.002741014407093631	1.2092995937316445e-05	-0.00040608086551740597	0.00010997513086511947	-0.0004562703534194365	0.00015643752293556548	7.515417446016199e-06
1.52	-1.0567950839295433e-05	-2.0235965873065821e-07	0.00322566241658536	-7.446866541901359e-06	3.60698619310068e-06	0.0027416577370841426	0.0006281613403788926	-0.0005162593906798439	1.995663304428061e-05	-0.00015640150185238994	-2.3934328391325947e-05	0.00013841630619091516
1.53	-1.8619307708435361e-06	-5.00304299167657e-06	0.003225242005569671	-7.186152803662518e-06	2.6642400676043987e-06	0.002743322915185866	0.0010325524805528288	-0.00038062305744994234	-7.905652007871394e-05	0.00020590126275838502	-0.00014901581806692446	0.00016789329389447225
1.54	8.518006050108389e-06	-7.418742763684936e-06	0.0032243456853433628	-3.5781226291980735e-06	6.703147852416978e-07	0.002744555507063321	0.0009466701165922348	-9.132890852857632e-05	-7.888738871056538e-05	0.0004974296370917551	-0.00020034518287457594	7.955106613732049e-05
1.55	1.5142287195951792e-05	-6.557784933675942e-06	0.0032240210928355683	1.937585020316657e-06	-1.2835916748150705e-06	0.002744387014055125	0.00032095801304703485	0.00026454981883646336	1.1080915790137182e-05	0.0005651104577305228	-0.0001846021409058701	-0.00011160513182334805
1.56	1.4615001541159181e-05	-2.6807039171727407e-06	0.003224718638124176	6.975621636085713e-06	-2.670615999365296e-06	0.0027427694721426136	-0.000418290542852002	0.000476682557461873	0.00010314249240046533	0.0003822622703976502	-8.685545413457538e-05	-0.0001954409763153109
1.57	7.197134926614572e-06	2.248363110897251e-06	0.00322571572207674	9.011699496971619e-06	-3.039933968843142e-06	0.002741100875102045	-0.0010277325215285427	0.0004899992671161107	6.556434825717417e-05	-1.0996736613418958e-06	4.530019201182541e-05	-0.00011657087130942492
1.58	-4.330129568715676e-06	6.245493106708104e-06	0.0032256301952828404	6.978542256097798e-06	-1.8661721032988238e-06	0.0027404094036662446	-0.0011673762742171329	0.00028287204972815013	-9.359397134965583e-05	-0.0004067271296825229	0.0001873378206820791	3.536790224074285e-05
1.59	-1.4228818372470883e-05	7.491242555234903e-06	0.0032244203139098703	1.6479121315289085e-06	3.61330371791342e-07	0.002741635468236067	-0.0007259249750939757	-5.738090782219954e-05	-0.00013660671945570408	-0.0006228913469847354	0.0002271362794013371	0.00019922350283099022
1.6	-1.7540341221033455e-05	5.322907505885915e-06	0.0032231023622700554	-4.675562199001363e-06	2.6248704464229344e-06	0.0027434168673445614	6.843639344550695e-05	-0.00036112396293548865	-6.649297597271161e-05	-0.0005690575185275426	0.00017581181045566956	0.0001560112219246852
1.61	-1.26269527391842e-05	8.223097983525586e-07	0.003223355122492021	-8.752959790434972e-06	3.4139236940873344e-06	0.0027444708205573392	0.000862696696298785	-0.0005089432929486107	0.00010215858435302644	-0.00022477279396039218	-1.2646001885948378e-05	6.928366162582477e-05
1.62	-1.581023470683514e-06	-4.213292561091209e-06	0.0032252153863924927	-8.850965242927338e-06	2.415727475267143e-06	0.002744409400461129	0.0012538890846746406	-0.00047167104345683774	0.0002252525897462236	0.00021102357802811473	-0.00016209208573476376	-6.268954044115953e-05
1.6300000000000001	1.0731168027530518e-05	-7.872808778971978e-06	0.003227155229484113	-4.83266472131881e-06	3.0660426216785753e-07	0.0027434554782741058	0.0010872275546608364	-0.0002243170956715939	0.00012841433610169512	0.0005710854621735847	-0.0002480534870853951	-0.00010921557043585304
1.6400000000000001	1.8375273770237074e-05	-7.910500053139925e-06	0.0032272763505085647	1.4997095995304332e-06	-2.4058189279407652e-06	0.0027426235582075163	0.0003896326737830764	0.0002140970537413076	-0.00011312667590370936	0.0006613670657945659	-0.0002592153590499747	-6.412977899314173e-05
1.6500000000000001	1.7645769557831262e-05	-4.016350513714891e-06	0.003225129046742397	7.375621806224159e-06	-4.2881746127941405e-06	0.00274245722551192	-0.0005289704194619668	0.000533486340681924	-0.00030414879006599674	0.0004559139987944857	-7.596810954034487e-05	1.4853716320335728e-05
1.6600000000000001	8.433903849877188e-06	1.7553529463615242e-06	0.003222379200284317	9.978348932894465e-06	-3.984861488894202e-06	0.002742665893743024	-0.0012220626957043818	0.0005883654325172921	-0.00020502351516466858	3.258923013284259e-05	0.00014083113321378924	4.373206366810761e-06
1.6700000000000002	-5.057249239518894e-06	6.995630726612717e-06	0.0032217424634499022	7.843189204777093e-06	-1.7705908490837455e-06	0.002742477782955252	-0.001361133532741762	0.0003829217365517337	7.976778304648793e-05	-0.0004600033045800925	0.00028260929742363316	-4.739036853142388e-05
1.6800000000000002	-1.654393275877604e-05	8.908755117428166e-06	0.0032234523276157105	1.5368618426184246e-06	1.253061879011927e-06	0.00274180476545004	-0.0008367230839743765	-2.4079989981929612e-05	0.0002450043051224273	-0.0007373608405330149	0.00032394236876051726	-4.508967090597121e-05
1.6900000000000002	-2.024823697842112e-05	6.879112733299342e-06	0.003225662871666674	-5.615973896302134e-06	3.6481400497680435e-06	0.002741593526295545	0.00012959571718551888	-0.0003957281301656736	0.00018366895625031326	-0.000642153746171979	0.00015220089478172664	1.784345736601742e-05
1.7000000000000002	-1.4179784817621484e-05	1.6523177398479174e-06	0.0032264773768572626	-1.0265315792349185e-05	4.3658108652136155e-06	0.002742502593792203	0.0010392171270747351	-0.000616213472213307	-3.7827675873645963e-06	-0.0002752432873695001	-5.617679702696937e-05	0.0001461884542566703
1.7100000000000002	-1.0951676122175947e-06	-4.5634785631653365e-06	0.0032260865679197815	-1.0266693984212029e-05	2.887211518169108e-06	0.002743937189662328	0.0014651720146407472	-0.0005620437752790502	-8.148515186050614e-05	0.0002676028149151099	-0.00021439634329408833	0.00012359582205260142
1.72	1.3101944929225309e-05	-8.789143333318076e-06	0.0032248318945034904	-5.35204943789917e-06	3.490040741840873e-07	0.0027447448979175167	0.0012456715658645228	-0.00025909400507636855	-0.00014842100086161745	0.0006922388040489087	-0.0002618401295200936	2.1191200966052292e-05
1.73	2.169817701242525e-05	-9.246479093357083e-06	0.003223624551164616	2.6473284602074553e-06	-2.2971219769940856e-06	0.0027441738956807023	0.0003822320803760321	0.0001625255686780737	-4.537039695183667e-05	0.000820688364901777	-0.00021130382068348217	-0.00014364358623015052
1.74	1.992634359182798e-05	-5.525046863196957e-06	0.0032236428897189644	9.71160637558662e-06	-3.87887825158357e-06	0.0027424329539940126	-0.0007186489522107786	0.0005609966702493412	5.426024993088072e-05	0.0005391911786412104	-7.043319923787756e-05	-0.0001565562245152447
1.75	8.356091303798516e-06	8.953702871688519e-07	0.0032244807439829526	1.2278598730805831e-05	-3.26300140693973e-06	0.0027412290960143726	-0.0014968456518714638	0.0006697978005876415	9.997808819266549e-05	-4.335810067716849e-05	0.00016968080302175233	-9.15082911062319e-05
1.76	-7.648442289365233e-06	6.698215705959441e-06	0.0032249320198157075	8.90966765544257e-06	-9.184440204634898e-07	0.0027410554214386	-0.0015639005866369357	0.0004462209835760439	4.308632724704125e-06	-0.000594476168445182	0.0003000902212625688	4.822280547010843e-05
1.77	-2.036273990167728e-05	9.405726972465411e-06	0.003224785709520513	1.2803920011986652e-06	2.01593221779915e-06	0.0027420681995830496	-0.0008932651018975199	3.7913621074053915e-05	-4.193079749021763e-05	-0.0008462312364086283	0.00026029315477559613	0.00016350740781986958
1.78	-2.4031308306174e-05	7.592270012605077e-06	0.003224403570938	-6.878820885194006e-06	4.101891841099935e-06	0.002743728364014466	0.00019692659584868812	-0.0003693609903420075	-2.1958070124037242e-05	-0.0007470440015535047	0.00014583649363280498	0.00015414716184684353
1.79	-1.641817248745498e-05	2.2593341043046656e-06	0.003224333792530555	-1.2128827919748837e-05	4.6884036611623384e-06	0.0027447549929955103	0.001277017185710269	-0.0006712654070640814	1.1782057668009533e-05	-0.0002729639735866675	-3.702446536674137e-05	5.093988064508792e-05
1.8	-5.397473124670949e-07	-4.433195211976131e-06	0.0032249739701631906	-1.1751133770912048e-05	3.208570440990392e-06	0.0027445236866567857	0.0017828083295092802	-0.0006215665836230158	9.653637030784705e-05	0.0003403169275660219	-0.00022876542336140523	-0.00010645139358956422
1.81	1.6151357841137515e-05	-9.019237500850046e-06	0.003225656603437468	-5.648133432025864e-06	1.6995322086911945e-07	0.0027433529962454252	0.001430956341279237	-0.0002725902935772072	4.381734664260887e-05	0.0008068920021383741	-0.00036705924565865437	-0.00010907239226312787
1.82	2.582861499638936e-05	-9.587893238831444e-06	0.003225520480570995	3.2318193350270395e-06	-3.3343932255065775e-06	0.00274244375598367	0.0004122227293389055	0.00016850003382682738	-8.73266424803373e-05	0.0009052772003544008	-0.0002836929218558134	-7.489717341149594e-05
1.83	2.3472408989410906e-05	-5.759296821557969e-06	0.0032242353168642065	1.0936313824556445e-05	-5.0483835276249425e-06	0.002741910775097417	-0.0008444000675366885	0.0005613959250652194	-0.00014672983781811793	0.0005569348057047364	-5.103179667940591e-05	-2.3205859326500917e-05
1.84	9.884472852921717e-06	7.32120033028366e-07	0.003223199366661681	1.3513495578444966e-05	-4.36399556317854e-06	0.002742117667678214	-0.0017525731608749478	0.0006942734475019926	-3.5667847986576244e-05	-5.4932583030598316e-05	0.00019534495663690307	3.810366260014038e-05
1.85	-8.786005841462996e-06	6.70722553716356e-06	0.0032235430802381782	9.546395644504863e-06	-1.7015732951365444e-06	0.0027426283989624997	-0.0018308185918901407	0.00044584525551079525	8.56701017864303e-05	-0.0007214326671440193	0.0003203266699902252	6.47126233905215e-05
1.86	-2.3781969207210946e-05	9.268820690651348e-06	0.0032248762604575854	5.93452215618912e-07	1.5613578325040968e-06	0.0027432619278800058	-0.0010371372874054194	4.788366016863446e-05	0.0001366933890406217	-0.001008214506324452	0.0002783478568761174	6.124855841515715e-05
1.87	-2.7898623730092372e-05	7.596271121338937e-06	0.0032260734623163804	-8.955656777458687e-06	3.7931048332901276e-06	0.0027439201175558686	0.0002926163459251825	-0.0003881151447466234	6.239062487672037e-05	-0.0008249152292512724	0.00014548349431880287	4.6675343847898955e-05
1.8800000000000001	-1.8478238188385856e-05	2.1769711368025675e-06	0.0032262856141716226	-1.4712860112549967e-05	4.098328429441919e-06	0.0027440149047535107	0.0015427562809151659	-0.0006470359149648106	-2.0676112530536406e-05	-0.0002523017956182416	-6.977210950149188e-05	-3.045034254513825e-05
1.8900000000000001	4.806991302290589e-07	-4.297170736378774e-06	0.003225731975991198	-1.3599572898443943e-05	2.1766346565312904e-06	0.0027434149796877177	0.002093509103200622	-0.0005918768558472592	-8.31721948820941e-05	0.00047772481358247104	-0.00028758939204949626	-8.293976336232025e-05
1.9000000000000001	1.9929033239691712e-05	-8.768759994812088e-06	0.003224631292296651	-5.952181422264141e-06	-9.207395388496872e-07	0.0027426281209116466	0.001643466910912393	-0.0002742116273109709	-0.0001348171021498625	0.0010069171627472122	-0.0003097303924986067	-6.115818325669485e-05
1.9100000000000001	3.0486675082827773e-05	-8.932409222955344e-06	0.0032232051362126217	4.731323445280631e-06	-3.3988214472393816e-06	0.0027420882010484697	0.00038265786590482273	0.0002413528156718291	-0.00011481393356536573	0.0010633498485489393	-0.00015273523891865426	-2.1860323567461782e-05
1.9200000000000002	2.691354855975034e-05	-4.582485523977854e-06	0.003222753364785402	1.3561607407255498e-05	-3.935062582502951e-06	0.0027416982327615955	-0.0010948449846502806	0.0006033979769930022	4.54546950911525e-05	0.0006094760253522556	4.129221192450669e-05	-5.198662242159798e-05
1.9300000000000002	1.0297985311626446e-05	2.0002127890782485e-06	0.0032235808482662795	1.596666537110207e-05	-2.6392554098751017e-06	0.002741333985119467	-0.0020843666972451534	0.0006765024889793773	0.00012320483256601415	-0.00015993818595223363	0.00020329764670425752	8.069908592928744e-06
1.9400000000000002	-1.1691440408574854e-05	7.732593136200381e-06	0.003224730955272544	1.087652861497179e-05	-1.9532992322784279e-07	0.0027418751238699633	-0.0021237360857429962	0.00042187709921226994	9.777017052520486e-05	-0.0008367427940530257	0.00025873620886748215	0.00011268578470514722
1.9500000000000002	-2.8712547584109626e-05	9.892682267016928e-06	0.0032252492739976283	4.3725678182286186e-07	2.291401530390932e-06	0.0027433687529458285	-0.001163776037998777	-1.881234233589003e-05	2.4645694829782078e-05	-0.001170439778646136	0.00019934661791241518	0.00016805283600659348
1.9600000000000002	-3.254991223008071e-05	7.378723019537286e-06	0.003225108761033807	-1.050652996157676e-05	3.5579564515207425e-06	0.002744779703745858	0.00042510408982621774	-0.00047058483079385783	-2.943292648921906e-05	-0.0009371992530699052	3.6530114768129154e-05	0.00011016867802976088
1.9700000000000002	-2.081672484819168e-05	1.3671374601738772e-06	0.0032250076526830354	-1.6722961277410763e-05	2.9990298309166692e-06	0.002745122305479537	0.0018333003769768219	-0.0006761149092979113	1.1504670628183196e-05	-0.00024370358055853347	-0.00016410233898521407	-3.318003447772437e-05
1.9800000000000002	1.6452621541607976e-06	-5.268015670188513e-06	0.003225207595324058	-1.5158936108956885e-05	8.120721801910056e-07	0.0027442090939050067	0.00245714213913906	-0.000593740590177528	3.3977361351760136e-05	0.0005576451246644964	-0.0002756114040466269	-0.00012835151014576753
1.99	2.417940812787499e-05	-9.387285246874879e-06	0.003225432713723797	-6.356279423203666e-06	-2.0825571952991805e-06	0.002742612567172703	0.001867348055643883	-0.00020408968671411018	5.47460126507602e-06	0.001131860930033147	-0.0002671615832133801	-0.00016042359575869604
2.0	3.582394879043702e-05	-9.098409447792918e-06	0.0032249683383783097	5.903828730966843e-06	-4.08972032034258e-06	0.0027416222948623884	0.0003573087339870631	0.00026396763610762446	-8.919988997139765e-05	0.001181864203426511	-0.00011220737765142549	-2.6621371926139136e-05
2.0100000000000002	3.060245304655267e-05	-4.227132129704207e-06	0.003223985950806576	1.5758119632914493e-05	-4.366684121703597e-06	0.002742031192467463	-0.0013875121182962372	0.0006340878801580906	-0.00010399569815873442	0.0007035815118471167	4.732875533266203e-05	7.505799533885411e-05
2.02	1.0294542645079592e-05	2.589419299414871e-06	0.003223418858073332	1.8717436532379824e-05	-3.0277536912984e-06	0.0027427685657018014	-0.0025015714016024364	0.0006718446621120549	-1.5418085840786974e-06	-0.00015192748495056644	0.00021841800678828912	7.507092677614375e-05
2.0300000000000002	-1.5495816441482305e-05	8.11714210452889e-06	0.003223980087096616	1.3086388834705007e-05	-1.3608481538871296e-07	0.0027434362496147483	-0.002448219490398642	0.00041210480499695933	0.00010433122449215157	-0.0009359403710009421	0.000323326584256736	8.132924612266911e-05
2.04	-3.4958202123547554e-05	9.928414944964518e-06	0.003225034240556422	1.0375928992944477e-06	2.9788034696991515e-06	0.002744014277331697	-0.0012660438922793965	-5.75489557242216e-05	7.64519995796278e-05	-0.0013649353438275967	0.00029385741177046225	5.6856413118004845e-05
2.0500000000000003	-3.8594551168267145e-05	6.940522443785592e-06	0.003225600578100934	-1.1988514502559437e-05	4.946137130290722e-06	0.0027441885884654485	0.0005856809746789848	-0.0005191261955770152	2.441230042785697e-05	-0.0011297130603700745	6.963959025219388e-05	-1.9384798486357603e-05
2.06	-2.3807347766408835e-05	6.027513732629896e-07	0.0032255139855759474	-1.980489522292715e-05	4.745911391133936e-06	0.0027435711716463575	0.00223778893085446	-0.0007161135561766499	-4.769060313328139e-05	-0.00036122768298208076	-0.0001281638683695146	-0.00010917325909646696
2.0700000000000003	2.7499603248198246e-06	-6.2979856462001364e-06	0.003225119486796677	-1.841077135469373e-05	2.4928419134148212e-06	0.0027425485933792555	0.0028808165950354927	-0.0005918885256778923	-4.155494926379661e-05	0.0006128980664424894	-0.00029888134796172326	-9.21796201845413e-05
2.08	2.9064935017699495e-05	-1.025065635891036e-05	0.0032244659267408474	-8.284705408961877e-06	-9.327900490154298e-07	0.002742148640021897	0.0021569527256567983	-0.0001749388168357055	-8.140156746907562e-05	0.0013497067869152296	-0.0003622903085037603	-8.300774485339371e-06
2.0900000000000003	4.2360038343582095e-05	-9.402284009323127e-06	0.0032236285668448663	6.321036426542307e-06	-3.959991533574536e-06	0.0027422650387701002	0.00038370612615763657	0.00034800198936861396	-8.746095424383412e-05	0.001412596322749212	-0.00022473763151949439	4.594468882594843e-05
2.1	3.585545555504694e-05	-3.662254221441911e-06	0.003223158090392614	1.812267782487833e-05	-5.2107557879110246e-06	0.002742956701577799	-0.0016458066172956108	0.0007195071865921394	1.5032687905127876e-05	0.00084038607693709	-1.8521832595877396e-05	7.053897622929721e-05
2.1100000000000003	1.1886613705850246e-05	3.7172286889367537e-06	0.0032240403487929217	2.1778008377132457e-05	-3.8096821906468898e-06	0.0027433745261125596	-0.0029548206100143367	0.0007251442089088811	0.0001443649478245076	-0.00015696738213825554	0.00027423828288057633	4.394146526467393e-05
2.12	-1.8728063143569547e-05	9.67848758434081e-06	0.0032254164450424313	1.490725288046521e-05	-3.930173291479226e-07	0.0027438599815413707	-0.002888195306486959	0.0003748385623488972	0.00011876876690533668	-0.0011440471905575856	0.0003909157264931149	5.419461388861915e-05
2.13	-4.1372918395404474e-05	1.105203600635729e-05	0.0032260927896326785	4.784901716867894e-07	3.5322051834325277e-06	0.0027440891073402546	-0.0014542072882879154	-0.0001546858649916942	5.621458773030045e-07	-0.0016061191595298304	0.00034922895374710683	1.4845036042065016e-05
2.14	-4.513871428421069e-05	6.878963552869331e-06	0.0032254538199626742	-1.4296635433909235e-05	6.194859174855843e-06	0.0027440410837473055	0.000721972367843933	-0.0006504741465286083	-0.00012036596958300345	-0.001261546050409707	0.00012627860436501928	-6.934860342145593e-06
2.15	-2.7716692826482786e-05	-8.941996394679009e-07	0.0032242797621244	-2.2509840377707616e-05	5.861944268545648e-06	0.002743580867072383	0.0026517133644652587	-0.0008362706254650467	-0.0001101613949017892	-0.00029147428741632843	-0.0001970773146861204	-8.022678838092113e-05
2.16	3.5258336705274437e-06	-8.441354875790947e-06	0.003223689547480709	-2.004488210635305e-05	2.462479007463216e-06	0.0027424931644280475	0.0033451909146622874	-0.0006095633747302437	-2.5683204198003146e-05	0.000765142022922146	-0.00047259512881098095	-0.00012949896146344561
2.17	3.3934621931288625e-05	-1.197219304939067e-05	0.00322371864028787	-8.332599923227645e-06	-2.77697750775207e-06	0.0027416048696119644	0.002502859006943326	-6.243202647323048e-05	7.641771602317323e-06	0.0014803299233444823	-0.0005373483761712028	-4.2403825380153154e-05
2.18	4.905039534346236e-05	-9.654463433486249e-06	0.0032236836231276243	7.548792849938146e-06	-6.928741534549256e-06	0.002741914237919446	0.00037632324675389474	0.000530311580631762	-7.1129321686851115e-06	0.0015535425054756255	-0.0002826638169571884	8.471172285136201e-05
2.19	4.132606250826971e-05	-2.3182505004764593e-06	0.003223582487021574	2.0351834635025974e-05	-7.953949930208954e-06	0.0027430199774857787	-0.001894487944436396	0.0008821971306234893	2.839820579880546e-05	0.0008830519014197161	8.240144614175997e-05	0.0001453729265528332
2.2	1.3756614205464555e-05	6.668274135361986e-06	0.003224359951713825	2.380579036342485e-05	-5.145002377998579e-06	0.0027441694087913	-0.0033987490360698983	0.0008374019853196187	9.603617985112553e-05	-0.0002227068940961658	0.0004471535640135494	7.063470302988096e-05
2.21	-2.1078213170265257e-05	1.2756125141710767e-05	0.003225293831239719	1.601493894947133e-05	3.927683347055913e-07	0.0027443441379820448	-0.0032980956336105816	0.0003473522896473858	8.629390339992195e-05	-0.0012687201762429795	0.000601209299855249	-2.3869982532123198e-05
2.22	-4.6802225151381165e-05	1.2705331377383917e-05	0.0032256733373884276	1.4314417038963842e-07	5.941967313939132e-06	0.0027440989788076477	-0.0016164417547198	-0.0003455284435317429	-1.992451660287272e-05	-0.0017705461922751784	0.000466650355157441	-1.3993793644083259e-05
2.23	-5.0558392091771404e-05	6.362820366203959e-06	0.00322495085468651	-1.638282964291573e-05	9.137260967779017e-06	0.0027442850094725867	0.0009036406674901458	-0.0008539144408941211	-0.00011101737594105256	-0.0014035943822372176	0.00011786044180774065	2.8888097136463215e-05
2.24	-3.022315076738058e-05	-3.2234982547159393e-06	0.0032243055924597664	-2.5746061580638843e-05	8.124889552944972e-06	0.0027441366672407734	0.003020356810607088	-0.0009898315742175362	1.579020418388593e-06	-0.0003979758318794139	-0.0003063660219165241	-6.550194713361436e-05
2.25	5.1680885668483255e-06	-1.191391284454882e-05	0.0032244523649659503	-2.376023288209106e-05	3.5429811840040917e-06	0.0027431124322526454	0.003777092276509678	-0.0006617317239453045	3.5130702320304456e-05	0.0008148826650107139	-0.0005894252244388869	-0.00011227535380099716
2.2600000000000002	3.913452534621592e-05	-1.5183783386188603e-05	0.0032245063295027365	-1.036868050140823e-05	-2.6138889496800257e-06	0.0027424141562340915	0.0027229604394860027	4.268966284550115e-05	-2.7774371561790706e-05	0.001765836621947745	-0.0006101572158060053	-1.498918841574338e-05
2.27	5.5236015037072124e-05	-1.1109534734868586e-05	0.0032240152189331687	8.374484226635927e-06	-7.661535695673484e-06	0.002742714391658504	0.0003570507227279065	0.0007296587382596834	-5.451392798949625e-05	0.0018661321745222636	-0.00036337752990186665	7.227460137359982e-05
2.2800000000000002	4.541005101132777e-05	-1.4792973492696944e-06	0.003223641558983265	2.3838547852466756e-05	-8.898092706795206e-06	0.0027434313917150334	-0.002268148470330249	0.0011127041929622548	3.204244301476263e-06	0.001096147722994429	0.00011724316249994021	6.203765896784665e-05
2.29	1.3558669478736382e-05	9.330585756619667e-06	0.003224334524060978	2.8244376231947018e-05	-5.599076348921168e-06	0.0027436875761385907	-0.003864519687763034	0.0009598089933977362	0.00011974526768385581	-0.0002483508779259039	0.0004953985290104888	7.835859843645888e-06
2.3000000000000003	-2.593533590613828e-05	1.6135793594166324e-05	0.0032256360863648034	1.9161070292449885e-05	3.103374493033394e-07	0.0027435386521022	-0.0037055664262831793	0.00034908925070075266	0.00011998401935164286	-0.0014963370211422554	0.000648669053131767	-4.0122525524205465e-05
2.31	-5.438153659096193e-05	1.5654952681719862e-05	0.0032257797666441425	6.250775439957454e-07	6.245837402586285e-06	0.002743540691335221	-0.0017456485779979388	-0.0004598550667241926	-7.014618383459014e-05	-0.002068818393133135	0.0004981054563483533	2.561709924345272e-05
2.3200000000000003	-5.780762431722678e-05	7.689120532800377e-06	0.0032243466603674893	-1.8914943795628735e-05	9.34763923181356e-06	0.002743938143392012	0.0010996115069216233	-0.0010731916120158178	-0.0001535230634741717	-0.0016748534012926521	8.002417254312274e-05	4.255209923908912e-05
2.33	-3.3808636687981666e-05	-4.2050014941644405e-06	0.0032231119036685283	-2.9900864529159323e-05	7.671100525558357e-06	0.0027440741934677405	0.003524040412281434	-0.0012226520106444064	-6.573202116743163e-05	-0.00044039517948375447	-0.00038832206033003716	-2.0617934535419003e-05
2.3400000000000003	7.193653600256726e-06	-1.4704875015180679e-05	0.003223353355954659	-2.6653865839422953e-05	2.3341167050927914e-06	0.0027432582370126254	0.004360001247424495	-0.0008070560292945079	7.902462123180375e-05	0.0010346369133394408	-0.000658485193573326	-0.00012784122151007074
2.35	4.621325466041494e-05	-1.8526269383815234e-05	0.003224370457870252	-1.050420166687647e-05	-4.410363493330458e-06	0.002742198191689177	0.003116340877801168	4.352273685332921e-05	8.810859429360301e-05	0.002079259528123169	-0.0006291947649697679	-6.1022179240207643e-05
2.3600000000000003	6.436042749636536e-05	-1.3546411396959117e-05	0.003224474586510705	1.1666100213075295e-05	-9.466972353733428e-06	0.0027425042130175457	0.000372303143599002	0.0009131326663883312	-4.956515477338004e-05	0.0021465216374418734	-0.0003126377771439167	9.048241418113828e-05
2.37	5.241144638840701e-05	-1.4911545164069468e-06	0.003223907386364419	2.9076791061801094e-05	-1.0061363231972252e-05	0.0027434364496034523	-0.0026531208757714976	0.0013882818786604702	-4.1476642844718017e-05	0.001186055990874651	0.00020599808211492314	9.854006946165708e-05
2.38	1.5010658969625408e-05	1.1915944732775253e-05	0.003223999641655544	3.3303226315489437e-05	-5.884387117003721e-06	0.0027440338730552573	-0.0045301539411093565	0.0011756357088631721	5.971978229584509e-05	-0.0003899111570622005	0.000599448144541005	3.3633232225855734e-05
2.39	-3.095295795614057e-05	1.978430183117288e-05	0.003224700939006532	2.1489891746737383e-05	1.2694242013105514e-06	0.0027441169049999005	-0.004282496523827292	0.00031332352293259405	4.532821504034192e-05	-0.0018546393990427636	0.0007625912898621511	-8.820972928506642e-06
2.4	-6.355283914073176e-05	1.809951634883751e-05	0.0032246985565282044	-7.501036765296786e-07	8.247217244455124e-06	0.0027444789237677306	-0.0019497943083755858	-0.0006268883969427884	-4.4713559794522806e-05	-0.0024092236020052775	0.000574304753757343	7.794567564106801e-05
2.41	-6.669782160457135e-05	7.782419003753695e-06	0.003224216465571225	-2.3156493805238175e-05	1.1794141868625726e-05	0.0027451317764212876	0.0013750448512169224	-0.0013363220465169492	-3.928030718952414e-05	-0.0018712102642664745	7.292736114082744e-05	5.019495524831627e-05
2.42	-3.8030306802399695e-05	-6.827435215626455e-06	0.0032242202106537716	-3.497713950913246e-05	9.980482602524752e-06	0.002744873102232231	0.0041422021432730854	-0.0014710253836928866	3.839216857318958e-05	-0.00039531081079799716	-0.0004349297219076458	-0.00010600130515827718
2.43	9.979041802902401e-06	-1.912479554210454e-05	0.00322482263523421	-3.0415777564852803e-05	3.857742747673252e-06	0.0027434186572835987	0.005057739027674735	-0.000882435312712044	6.996753426466226e-05	0.001296112692406701	-0.000756860800418734	-0.0001441163279917956
2.44	5.509472555042375e-05	-2.2771816925262787e-05	0.003224736659313914	-1.1064192501485624e-05	-4.126143783793856e-06	0.002742291184203249	0.0035802465980876406	0.0001840686914600127	-0.00010061315887948718	0.0024388069295094763	-0.0007605685287971537	-4.620773512863053e-05
2.45	7.53341711097821e-05	-1.573205802519016e-05	0.0032232055489296975	1.4516733910225549e-05	-1.0441507995984718e-05	0.002742479893429852	0.00028999229065785844	0.0011775463803526379	-0.0002045671258073334	0.0024790366463381067	-0.00042001043790123243	9.516327097096805e-05
2.46	6.006030163927703e-05	-1.0032322130822143e-06	0.003221795796511275	3.423644503571489e-05	-1.1919527476062078e-05	0.0027437392652432573	-0.003256521570785702	0.0016467088825913023	-5.555141315040147e-05	0.0012820537149049913	0.00014417447261409866	0.00014549705280852496
2.47	1.5213346033115657e-05	1.4744633935102952e-05	0.0032226775023698286	3.8076447119772744e-05	-7.670275571470022e-06	0.0027446795417954166	-0.0053435057959613655	0.001358429222311824	0.00021752072901047413	-0.0005727388201280861	0.0006498550468890465	2.7735952269743116e-05
2.48	-3.8246878357416294e-05	2.4106680564101025e-05	0.0032252293224979177	2.3921779045407994e-05	1.4286246566433296e-07	0.002744527279815741	-0.0049221445251461365	0.0004367602161119471	0.00023106304450629353	-0.002171287120045023	0.0008608780996427096	-3.0042077227682875e-05
2.49	-7.52385724563241e-05	2.2493839076443817e-05	0.0032264404887687227	-2.1543565353469003e-06	8.229127069784359e-06	0.0027446848631109385	-0.002134945677976623	-0.0007220079451992923	-2.558747815185193e-05	-0.002825935792591824	0.0006821444407097938	5.6879220542905006e-05
2.5	-7.72879557660117e-05	1.0162163532950082e-05	0.0032250202575854854	-2.8017356182593798e-05	1.2705338507056246e-05	0.0027452638994888306	0.0017576407717810713	-0.001647122885223984	-0.00022125028536346112	-0.002121872977381316	0.00017311106429443747	3.483984774392534e-05
2.5100000000000002	-4.24839614618504e-05	-7.771947248177614e-06	0.0032230981378630697	-4.1125807553520674e-05	1.1043685276923e-05	0.002745128815632447	0.004936319690292954	-0.0017987551942301417	-0.0001319812505495027	-0.00036748615243055335	-0.0004994003995252473	-0.00010846906684949146
2.52	1.3699540194118434e-05	-2.2869402825908857e-05	0.003222702330107838	-3.476347037006818e-05	3.5618850774259014e-06	0.0027435416305932564	0.00586194027254529	-0.0010847810657039977	3.2322709002747415e-05	0.001592233986325419	-0.0009101288386324172	-0.00019054518492483984
2.5300000000000002	6.505492298295201e-05	-2.7729611931509308e-05	0.0032232026707618433	-1.1540070423403799e-05	-5.739676378600105e-06	0.0027421014609616797	0.004001952191803459	0.00014786851866654426	4.1451159505333814e-05	0.0028751419797955094	-0.0008779810123798393	-5.258167321838006e-05
2.54	8.640391442652069e-05	-1.977159543108432e-05	0.003223047949933382	1.833814856788783e-05	-1.246479025605741e-05	0.002742547685255129	8.095319700277237e-05	0.0013831244410937335	-5.912582365396902e-05	0.002850487122007197	-0.00043066464999486895	0.00014701694049436606
2.5500000000000003	6.647615021983533e-05	-2.0100763451446797e-06	0.0032227411245412817	4.084597591638499e-05	-1.3441269800420034e-05	0.0027443580134302596	-0.003913521398151412	0.002023634814427851	3.4281563028123756e-05	0.0014477005711742727	0.00023184851613482237	0.0001501599240417451
2.56	1.377407564236381e-05	1.7397593383544106e-05	0.00322382643310319	4.4548702658581725e-05	-8.23994094373531e-06	0.0027451774919849234	-0.0062132637053739035	0.0016732262295490498	0.00018300533970908023	-0.0007279992464274242	0.0007779080054474374	1.1254181630659944e-05
2.5700000000000003	-4.777300662310494e-05	2.870614294926697e-05	0.0032255064572246613	2.7073812958887603e-05	7.709350172683161e-07	0.0027449422002652343	-0.005569026859233728	0.0005151991000931717	8.626646149037093e-05	-0.0026443387084074733	0.0009737373932471474	-2.6185514045344825e-05
2.58	-8.842096358497614e-05	2.6792528917582435e-05	0.0032252789391264847	-3.917558130596355e-06	9.446240171291975e-06	0.0027450961549638562	-0.002199437305879901	-0.0008648466485904998	-0.00014524889869188578	-0.003312886932474103	0.0007110717271182203	7.474093527543957e-05
2.5900000000000003	-8.806987697351619e-05	1.2565455129648075e-05	0.0032231781456676153	-3.377535015558998e-05	1.3804346562110685e-05	0.002746056781236459	0.002292745917098969	-0.0018652415984849965	-0.00019786603394978682	-0.002401196807905897	0.00011582788338784615	5.2992745916180456e-05
2.6	-4.573924026288003e-05	-8.013890108382972e-06	0.003222331736124761	-4.819675780379798e-05	1.1773627635202734e-05	0.0027455577266098526	0.005874209598595047	-0.002067690615382744	4.014934753388206e-05	-0.0003312064419898942	-0.0005409008018396451	-0.00017198865993490347
2.6100000000000003	1.9968499031206426e-05	-2.5291555763128043e-05	0.0032236148587374137	-4.009622174682874e-05	4.034995542323382e-06	0.0027431633886873	0.006753140564957179	-0.0012600239362136354	0.00016769823074102726	0.001896941000404911	-0.0009628778414603816	-0.00023034721093294976
2.62	7.814309288136899e-05	-3.095746176302063e-05	0.003224774899272852	-1.2876812453679078e-05	-6.266282008294875e-06	0.002741875904212055	0.004366099309552629	0.00019150538250945514	1.3872687739684438e-05	0.0033395747984359303	-0.0010102936276856671	2.62434410170576e-05
2.6300000000000003	0.00010030381086325724	-2.175513405012207e-05	0.003223369889967821	2.1334982101500333e-05	-1.4298756974242885e-05	0.0027437374452204885	-0.00015609549683083307	0.0015945152291803474	-0.00024530412560626807	0.0032242574542293103	-0.0005321899750035738	0.0002982539181294548
2.64	7.498405394648777e-05	-1.9234319691963417e-06	0.0032216330666270158	4.626744168419555e-05	-1.59462143560366e-05	0.002746337743554451	-0.004722452406101977	0.0022309423958418477	-3.2957370977017073e-05	0.0015354749861864923	0.0002333027519282876	0.00019298823301822416
2.65	1.3001619274657067e-05	1.9487469516605138e-05	0.0032229149562412553	4.944848690850124e-05	-9.677670466838167e-06	0.0027468192678189356	-0.00717009574821254	0.0018527944021672852	0.0002631524847081	-0.0009353664371538525	0.0009556090329773595	-9.216256853578207e-05
2.66	-5.724603012061611e-05	3.210757997470929e-05	0.003225750514124185	2.9051129384080605e-05	1.4344794068257204e-06	0.0027453035885945274	-0.006285715223997538	0.0005722766197044073	0.0001908967469108855	-0.002990659276341112	0.001185122651551877	-0.0001528342210186758
2.67	-0.0001023386976724012	2.9783299092738077e-05	0.0032257261846800104	-5.8454090385268155e-06	1.2460695975406315e-05	0.002744469934877481	-0.002340258353725282	-0.0010371497423718075	-0.00020018613669870404	-0.0037120061252732023	0.0009336605156081746	1.0281329102820164e-05
2.68	-9.988490726208192e-05	1.2927923770186988e-05	0.0032226387111246994	-3.9060344106529196e-05	1.8132250457362395e-05	0.002745152038111833	0.002846137695424309	-0.002233495359922472	-0.00033617393104924724	-0.0026487277808326967	0.0001584538946538467	8.306741605949199e-05
2.69	-4.957392475267162e-05	-1.1206042220554265e-05	0.003220808599518635	-5.421122102336148e-05	1.519942703575136e-05	0.0027453870328000775	0.006818402203591777	-0.0023852446313513435	1.951852042616571e-05	-0.00023352650886728854	-0.0007290301833199098	-8.312171647958294e-05
2.7	2.6307526419075527e-05	-3.106438094743095e-05	0.003222498417960487	-4.383999402447731e-05	5.020859872636176e-06	0.0027441105251409135	0.007742681920297343	-0.001429526946893911	0.00022370462068221775	0.0022397872307323556	-0.0012269566194210045	-0.00011660953413237854
2.71	9.22952626860156e-05	-3.686135013423354e-05	0.0032240858586942115	-1.2511828822197005e-05	-7.748028402711184e-06	0.0027438878981799223	0.004918537114869421	0.00032806616493010024	2.7470036271085395e-05	0.0038044004553670703	-0.0012334410580811834	0.0001136194700681227
2.72	0.00011622699721814199	-2.4929829825633685e-05	0.003223125148141217	2.6366275001986215e-05	-1.75174330497757e-05	0.002746126373506012	-0.0003612706105125266	0.001983455599510594	-0.00017043119454000113	0.0036327945280257403	-0.0006297820195665357	0.00029092963645155015
2.73	8.514816130495867e-05	-3.668388718593726e-07	0.0032218248391161605	5.391763759306335e-05	-1.9147533848711885e-05	0.0027479608872082767	-0.005616260712842759	0.0027175116679938193	-1.5087691981357677e-05	0.0016346814626388212	0.0003219741952095104	2.168531110966454e-05
2.74	1.2160619118742727e-05	2.5425611821769095e-05	0.0032231634323869186	5.6502295552398e-05	-1.1538172792567413e-05	0.0027463005011428183	-0.008379787033339687	0.0022262615129223736	0.0002258423323886931	-0.0011589854925493665	0.0011351370103791585	-0.00032042284245523844
2.75	-6.898007278818094e-05	4.0701482592893445e-05	0.003225007061297411	3.2290821243104436e-05	1.999420263501257e-06	0.002743328489829057	-0.007170781740196316	0.0006733815735946002	4.051534412454131e-05	-0.0034872240796962077	0.0014611423819734966	-0.00019211926580352227
2.7600000000000002	-0.00011926223695116432	3.726380463951032e-05	0.0032231415996325434	-8.16742119464186e-06	1.5345793136275098e-05	0.0027435388348149236	-0.00243421877422561	-0.0013589540208992625	-0.00041278577347060157	-0.004294109608001753	0.0010958009439097879	0.00023811830834669082
2.77	-0.00011339339925675628	1.5560245342766296e-05	0.0032188525370237665	-4.6525689621144335e-05	2.18467637316469e-05	0.002746658677597398	0.0035796132010731192	-0.0028032425348991936	-0.0003319183567561839	-0.0030209485128247573	0.0001669748464629961	0.0002731523393775255
2.7800000000000002	-5.279508104546012e-05	-1.4698874226074606e-05	0.003218436617950265	-6.353195345057847e-05	1.799294401671815e-05	0.002747159940054077	0.008068276787348123	-0.002973076983213135	0.00029395479827488117	-0.00024023300636461266	-0.0009033134693933343	-0.00017989804299586666
2.79	3.501020601424556e-05	-3.9149925920733485e-05	0.003223276380633415	-5.0671921730334524e-05	5.330580223478049e-06	0.0027442862735589614	0.008766938950854612	-0.0016989379321205723	0.0005425625481610094	0.0027354561505177535	-0.0015359725517107928	-0.00028232831407934173
2.8000000000000003	0.00010847468840151496	-4.5880168411496996e-05	0.003226485002080543	-1.3132896609410963e-05	-1.0098688090429387e-05	0.0027434270485589343	0.005264324150185679	0.00046363173404993146	2.5896107378500867e-05	0.004484394213682901	-0.0014559602253002336	0.0001436206945873573
2.81	0.00013136455423830813	-3.060671461650766e-05	0.0032234572792327813	3.211339549885037e-05	-2.1143783611354933e-05	0.0027467544503400245	-0.0008938470011077167	0.002474696890752251	-0.000519600136762718	0.004171294345536286	-0.0006834515069499722	0.00045349574374454717
2.8200000000000003	9.190199637549834e-05	-1.5910831656569377e-07	0.0032192434019987152	6.340773317315321e-05	-2.2057623811072472e-05	0.002750022156390336	-0.006681400552713938	0.00337342632286887	-0.0001998220511832399	0.0017945405736552527	0.0004977060539427289	0.00011082314974396126
2.83	7.528934052846519e-06	3.141354806394077e-05	0.003220307645833648	6.491888900568923e-05	-1.2167347741685254e-05	0.0027483042190984447	-0.009512006980809956	0.002674773604826568	0.0003493779774019983	-0.0015044667167085073	0.0013784715760338624	-0.00040479762941055637
2.8400000000000003	-8.364863606144709e-05	4.8915460517332766e-05	0.003223803361760434	3.5473420370483734e-05	3.683773299023368e-06	0.00274378668561963	-0.007924096577091302	0.0006536068359973056	0.00022176080344263297	-0.004156817394781275	0.0016570866111243628	-0.00034271263486624384
2.85	-0.00013742179952330676	4.35947013128578e-05	0.003223220440067785	-1.2209673265313923e-05	1.8220036963050847e-05	0.002742941457422192	-0.0023434299929171493	-0.001702007779823974	-0.0003191457756671279	-0.004995588845541109	0.0011256512263432361	0.00019704539717815044
2.8600000000000003	-0.00012644609290459176	1.7544065818023042e-05	0.003218978773358644	-5.591462619967362e-05	2.4331092073443485e-05	0.002746440215017672	0.004458360672732956	-0.0033134322110537186	-0.00036723702172417955	-0.0033642299669230944	4.94296164928094e-05	0.00037833556397145324
2.87	-5.462838743994848e-05	-1.779647350114121e-05	0.0032184059961391587	-7.351485334935539e-05	1.900497126483047e-05	0.0027483203994679434	0.00932041887451731	-0.0034618360437406056	0.00026244883854329614	-9.88418637809561e-06	-0.0010540319207034466	-3.5775417227977084e-05
2.8800000000000003	4.564375795562587e-05	-4.59521616323541e-05	0.003222811535689202	-5.622449044439277e-05	4.660584514911411e-06	0.0027466432610548305	0.009886509324139722	-0.0019457956293393878	0.0004711414992402508	0.0033549194093226214	-0.0017070272609771482	-0.00018902767525749508
2.89	0.00012675850896521062	-5.284905548437878e-05	0.0032253363501227404	-1.1517176428586728e-05	-1.2441380823186042e-05	0.002745962334765103	0.0056309179401844624	0.0006306277644302135	-5.4581207933732866e-05	0.005235481552811835	-0.0015708872398689834	0.00011743328131848203
2.9000000000000004	0.0001486555366244879	-3.428772274692612e-05	0.0032220682493738235	4.0037074384890333e-05	-2.4481547175857783e-05	0.0027486283789039663	-0.0014332684026891762	0.00293137252946275	-0.00048517740404075793	0.004635249255572182	-0.0007078275312828955	0.0003457369627889366
2.91	9.989586762027917e-05	1.3094971717608917e-06	0.0032186557909567384	7.369909626281756e-05	-2.495735502833413e-05	0.0027505335593380202	-0.007945186939831357	0.0038971750203768414	-8.772612932613606e-05	0.0017952551475236835	0.0005915836627486121	-6.581059593779246e-05
2.92	1.6370337347449614e-06	3.761867322181038e-05	0.0032209667003882817	7.299083230796946e-05	-1.3561181986385466e-05	0.002747112190867444	-0.010910969842346034	0.0030536458267103046	0.00044240086615344814	-0.0019495068026833158	0.0015805286983542777	-0.0005410457306551535
2.93	-0.0001006928126432319	5.731730268751862e-05	0.003224420579947184	3.728810126931875e-05	4.641189241759561e-06	0.0027427199850479545	-0.008675351808886237	0.0007079980948102378	0.0001132181582187554	-0.004935006833757254	0.0019196403851383405	-0.00019563194253156753
2.94	-0.0001570964733044634	5.0168114425304774e-05	0.003222219476381408	-1.7650072387884006e-05	2.1566808883678056e-05	0.0027441777349322214	-0.002095350111869435	-0.0021120757793644733	-0.0005241301410549153	-0.005644875516601655	0.0013133908322836476	0.0004645645943875421
2.95	-0.00013899966079654818	1.8755320649910333e-05	0.0032166623155084556	-6.577507161903287e-05	2.849161060120273e-05	0.0027495739459384954	0.005579455730200873	-0.0039624231091020395	-0.0003870841095582402	-0.003575677376706933	-1.4897466145024832e-05	0.00048100117714945743
2.96	-5.4004114240275754e-05	-2.294333835161322e-05	0.003216824375935675	-8.296586204814508e-05	2.145596459428278e-05	0.0027512795940745007	0.010786880552042506	-0.004072839311888723	0.0004814335750888166	0.00023413506526081583	-0.0013407064640145543	-0.00019264984804832393
2.97	6.0042726398571284e-05	-5.592144812486551e-05	0.0032235322415433494	-6.132028882587362e-05	4.0647944418289675e-06	0.0027474559795434947	0.011081277382499853	-0.0022050514695333714	0.0006499235848529103	0.003948154036794963	-0.001999024955934927	-0.0004310072744152813
2.98	0.00014892749903034743	-6.294211502015148e-05	0.003226166852825036	-9.501851981945372e-06	-1.5706537121717825e-05	0.0027460225681203592	0.0058876388141896495	0.0008877887730519204	-0.00018115970304175794	0.0060186894150450615	-0.0018077979869644024	0.00018098553843722435
2.99	0.00016793068089131444	-3.9698808708930116e-05	0.00322113010453119	4.9278635378936074e-05	-2.8857760218151432e-05	0.0027499890189917266	-0.002253304124726255	0.0035765622262112612	-0.0006773604747536024	0.005199728659519596	-0.0006808020968603324	0.0005045149076036541
3.0	0.00010705724007589246	3.137838178345001e-06	0.00321649907142003	8.562255587911337e-05	-2.831763757363016e-05	0.0027528242098169764	-0.009457570840684038	0.004646084348900124	-8.177081813036308e-05	0.0017666398920825868	0.0007938618658675046	-6.356437854190677e-05
3.0100000000000002	-6.960565023949803e-06	4.595532835899937e-05	0.0032197066463893606	8.188091892137725e-05	-1.4036658858023077e-05	0.002748615748139792	-0.012418060455381134	0.003555721814849625	0.0006030887959091212	-0.0024827885739377733	0.0019302479297974141	-0.0006484340174653103
3.02	-0.00012133332853005922	6.82749163393404e-05	0.0032245038437736166	3.9097137305723074e-05	7.402411989844587e-06	0.0027433759593624507	-0.009435493253245168	0.0007132493014752156	0.0001707067931136621	-0.0057713587595618265	0.0022088306131099983	-0.00021901610606124035
3.0300000000000002	-0.00017931349213512034	5.836555386847963e-05	0.0032218093599280994	-2.4732878718293966e-05	2.6413396193516423e-05	0.0027451871201814096	-0.0016553615532500102	-0.002626837383410628	-0.0006484745282556838	-0.0064497117414993275	0.0014296339675848695	0.0005298375753103574
3.04	-0.00015194795045281865	1.9912301911267103e-05	0.0032152215873430903	-7.880148949463879e-05	3.351310246481176e-05	0.002750986963050875	0.006910632617351352	-0.004734221955213352	-0.0004574905860927093	-0.0039053689521072275	-6.716706520275425e-05	0.00044542934654873487
3.0500000000000003	-5.112483187968317e-05	-2.938456474017718e-05	0.003215614359632064	-9.60290900019636e-05	2.519036596824679e-05	0.0027519534106980096	0.012485687454722465	-0.004725065349375602	0.000536298774236021	0.0005954464548221398	-0.001516976456976879	-0.0002905942897086811
3.06	7.839251419307137e-05	-6.693324367208298e-05	0.003222757544069772	-6.773806457885842e-05	5.1319286968530315e-06	0.0027475186350423516	0.012289954126405276	-0.0024314497864636655	0.00066058302304039	0.004871189907102062	-0.002331345088551488	-0.0003843408521518954
3.0700000000000003	0.00017382347549695993	-7.332479615945307e-05	0.0032248380560725453	-5.718601473913052e-06	-1.8234347522882486e-05	0.002747137744294256	0.0059382719755628815	0.0012538163848814631	-0.0003067498803527582	0.0070366637115094575	-0.002143776064222931	0.00033290982835920235
3.08	0.00018690683460721104	-4.432010614222502e-05	0.0032183431581988176	6.133013263213322e-05	-3.384740047382286e-05	0.002752846398819748	-0.0034200692955438762	0.0043455198607753025	-0.0007743523896855972	0.0057868269471796265	-0.0008387922202410898	0.0006298990321756887
3.0900000000000003	0.00011057455410179447	6.934983254796879e-06	0.003214211464739976	9.998751121014518e-05	-3.339366424218973e-05	0.002755709651511609	-0.011287417231989156	0.0055048498329817	0.00011081948471848692	0.001626951277302335	0.0009178502396496969	-0.00020669363947257324
3.1	-2.1707978071944847e-05	5.720490601417686e-05	0.003219806749007517	9.116056945008038e-05	-1.7129380785642782e-05	0.002749636993258857	-0.014084982769178044	0.004117254205726552	0.0007942322494951351	-0.003316844932537853	0.0022303299269503052	-0.0008269405623806005
3.1100000000000003	-0.00014751661764435405	8.179699588033427e-05	0.003224727355727648	3.824440909470511e-05	7.971279271686404e-06	0.002743811722707531	-0.009937476554183956	0.0005534452788298584	2.3239717471409756e-05	-0.00687014234288102	0.0025995170644508344	-0.00017852004154427534
3.12	-0.00020353094992003879	6.71326446727041e-05	0.0032194358137866757	-3.541456233900217e-05	3.081101491124936e-05	0.002747035418380577	-0.000793283641415521	-0.0033678053209714003	-0.000946463186465398	-0.007223322111809791	0.0017601815431389706	0.0007107562936887878
3.1300000000000003	-0.00016208016415356793	1.979573516358471e-05	0.003210870608491444	-9.393500303883939e-05	3.986301915173291e-05	0.002753878824899303	0.008721205169298817	-0.005707700115461772	-0.0004702867411553375	-0.003954162935147456	-3.1285741154342694e-05	0.00043561668591511946
3.14	-4.186885306479641e-05	-3.8727377952878064e-05	0.0032135693606717237	-0.00010825039562211935	3.017948607612084e-05	0.002752872546201761	0.014409020905144586	-0.005540798923783335	0.0009116728179298579	0.0011862150894630336	-0.0018340981019285781	-0.0005664558737877748
3.1500000000000004	0.00010305559471684369	-8.139811043487211e-05	0.0032233125264803392	-7.149199517136115e-05	5.902202254108877e-06	0.0027468587274099713	0.013293712591159385	-0.0025940664537569057	0.0007528089460789151	0.005925467279028344	-0.002838436352583681	-0.00041557856872227966
3.16	0.00020122650760102926	-8.573336515562362e-05	0.0032245079367213304	1.3503299100548046e-06	-2.2497723652611245e-05	0.0027478129827082217	0.005452833704902087	0.0017640963057580044	-0.0005239929580823676	0.008072545732399941	-0.0025606568665209745	0.0006346608379010696
3.1700000000000004	0.0002028400075266498	-4.871672624528351e-05	0.0032156036660875307	7.636661189178891e-05	-4.114324498255978e-05	0.00275640258612473	-0.005123184941524405	0.005334346448440429	-0.000956638052300583	0.006247086398481534	-0.0009789338638581588	0.0008438931663487855
3.18	0.00010688680381523816	1.2815399160338372e-05	0.003211485918523329	0.00011580062216499401	-4.016722082053756e-05	0.00275940956377144	-0.013350099963952962	0.00649204602284123	0.0002932475628464574	0.0013221953137319894	0.001139722644306101	-0.0003831324835283813
3.19	-4.427721931630571e-05	7.096953584172416e-05	0.0032192086862336358	0.00010071180151010692	-2.0300202338459696e-05	0.002750937113279146	-0.015621162437078805	0.00462658925483455	0.0009198291256723705	-0.004256720889337503	0.0027196455110991146	-0.001046158665974881
3.2	-0.00017869967566605708	9.694550955337824e-05	0.00322393926374742	3.653317647454298e-05	1.0178802009946962e-05	0.0027443471267582175	-0.010044424543728805	0.0003035834501112889	-0.00015263018443327207	-0.008128192031728794	0.003134600668665381	-0.00010225626748695279
3.21	-0.0002277355282579767	7.620771954508002e-05	0.00321640626157501	-4.8662322291436726e-05	3.730417933876289e-05	0.002749030288694126	0.0006318758399701108	-0.004289446956179455	-0.0011471876914766288	-0.008176694843883722	0.0020248051443997723	0.0008948309522570459
3.22	-0.00016736146488270607	1.792599000586349e-05	0.00320772915469678	-0.00011237657831056794	4.699485053777082e-05	0.002756887766460519	0.010948316691416608	-0.006892174835410796	-0.00026314759499100826	-0.003994338618483034	-0.00017911404313944654	0.0003605176007213819
3.23	-2.452077540823994e-05	-5.121840637595946e-05	0.0032133305108926072	-0.00012227069817206991	3.4524570040033504e-05	0.0027543675388176847	0.016501719936898227	-0.0063719821034274315	0.0011836755336712874	0.002049360803080876	-0.0021953547039800345	-0.0007159057409284495
3.24	0.00013572850872871418	-9.860390874071727e-05	0.003224299833759949	-7.401419895170197e-05	5.517436239213246e-06	0.00274814438804706	0.014090408262682676	-0.002630431940699117	0.0006667936950524902	0.007288415656095751	-0.003383141004208947	-0.0002522305795576066
3.25	0.00023266429893666751	-9.899815356999972e-05	0.003222851352640828	1.2476661491456895e-05	-2.7797303474414562e-05	0.002751395807405897	0.0044432503426139625	0.002564183001134212	-0.0008990639058257625	0.009286318254019182	-0.0029761617389956465	0.0008508209500113715
3.2600000000000002	0.00021754314494975486	-5.167538511735834e-05	0.003211205565987913	9.580740725024633e-05	-4.8822288394548166e-05	0.002761472695679528	-0.007308025081529731	0.00653034341161837	-0.0010204123586184985	0.0066011115205223325	-0.001034472457854094	0.0008396294840432997
3.27	9.767914637933064e-05	2.21627278696142e-05	0.0032092346741171077	0.0001335562600135881	-4.675214298945313e-05	0.002762348100696089	-0.015800059207428278	0.00766779761216473	0.0007245732456128952	0.0006697088419522456	0.0013922720678025042	-0.0007545691670007793
3.2800000000000002	-7.444117738859623e-05	8.897746952920982e-05	0.003220251427836244	0.00010814601123315097	-2.2822150415068323e-05	0.0027508200325348097	-0.017146534073209294	0.005082686278814437	0.001059530141081246	-0.005593555603766635	0.0032451706849666185	-0.0011519454681240874
3.29	-0.00021461176891952288	0.00011445353477548547	0.0032239538511565384	2.9326109247670416e-05	1.37320101094234e-05	0.002744997506918666	-0.009602341100657759	-0.0002462011685462447	-0.0004538142028761713	-0.009548797081295054	0.003761005466626449	0.0001300931835125453
3.3000000000000003	-0.0002503478492266975	8.43612670024982e-05	0.0032129572524140443	-6.714706448743223e-05	4.598997971465107e-05	0.0027525411400918295	0.0027108340155508662	-0.005525160195408122	-0.001449236400884788	-0.008883610980595178	0.0024045516080938357	0.0011536699372010663
3.31	-0.00016522834030094043	1.2631646007110955e-05	0.003203498250882505	-0.00013280063256239293	5.733346849070436e-05	0.002761172830377093	0.013636001057448126	-0.008256070419827753	-4.116571070562264e-05	-0.0036852318941220374	-0.0002253497495167585	0.00024710826764481756
3.3200000000000003	2.3807297708298476e-06	-6.88153149813434e-05	0.003212615692210355	-0.00013537660584491467	4.210088559401308e-05	0.0027566938564634823	0.018567714127279394	-0.007318622662794902	0.001486812106180316	0.003196714709819305	-0.002736221824986007	-0.0008787969727180292
3.33	0.00017444950990136632	-0.00012069307158414568	0.0032241022267904865	-7.307452366965262e-05	6.162728630348895e-06	0.002750631818546489	0.014262476640299454	-0.0025156365197824652	0.00046729384261198916	0.008798422528022098	-0.004193126638519679	-0.00010075413356982524
3.3400000000000003	0.0002626116280283556	-0.00011412869312211171	0.003219271853631336	2.7340508666591567e-05	-3.495741623300954e-05	0.0027559882917940048	0.002630671570372907	0.003759020420047186	-0.0012794535287972782	0.010435498484283906	-0.003656472503501932	0.001079189943092259
3.35	0.00022380851161311272	-5.1900755484859934e-05	0.0032058123954224757	0.00011715979519786862	-6.055198594214665e-05	0.0027665107850687915	-0.010010234717143731	0.008172964665647688	-0.0009183572913195285	0.006689119867191227	-0.0012356927761827483	0.0005976825893629233
3.3600000000000003	7.71361377321115e-05	3.766906232709989e-05	0.0032076019670265756	0.00015032879151790854	-5.789579083819098e-05	0.002762484204636344	-0.018252614800199053	0.009051464907734869	0.0011724807002118879	-0.00024339792969756436	0.0017385113423610584	-0.0012880074154843976
3.37	-0.0001127365118517601	0.00011365785466371481	0.003220812484226926	0.0001122886715241349	-2.7907600768785443e-05	0.0027483484783233274	-0.017974360161101738	0.005418724635660853	0.0009594452041291251	-0.007140760523930095	0.00406078254295668	-0.0010939758183824897
3.3800000000000003	-0.00025004944924652054	0.00013552356548340272	0.0032211385444209945	1.761946039467421e-05	1.7618462565399392e-05	0.0027458448402724097	-0.008270793407530863	-0.0012807998290224193	-0.0009443702015166926	-0.011045500761389975	0.004666391402905154	0.0006393593675578145
3.39	-0.00026501744989021063	9.044999390975917e-05	0.0032061561914870297	-8.963620014427856e-05	5.711260634892991e-05	0.0027581554358366463	0.0053228123654555145	-0.007337612585314871	-0.0015812314154997672	-0.009421608205928888	0.002864991953622272	0.0014581134673903057
3.4000000000000004	-0.00015275568779322293	3.433116857370943e-07	0.003199767207465203	-0.0001539688770318093	6.992477431138506e-05	0.0027662640580550127	0.0163045596247709	-0.01002497688981182	0.0006335868269266594	-0.0029214864968282322	-0.0003677627332846186	-0.0001659402168163905
3.41	3.754615984269281e-05	-9.4989641030253e-05	0.003214922907925529	-0.00014492247239821952	5.0545704323968246e-05	0.0027578875706827178	0.020168159434945893	-0.008167410705442676	0.0018035407592659613	0.004678725673595678	-0.0034015014705689748	-0.0010752388908478244
3.4200000000000004	0.0002150480262933905	-0.00014728708211341604	0.003225329244237346	-6.587628906323764e-05	6.0869083250590904e-06	0.002752389271246471	0.013670224215249455	-0.0017799659186190587	-1.4831662376792054e-05	0.010534854119360199	-0.005149224336756967	0.00017649042474981083
3.43	0.0002870233173431603	-0.0001273102048100618	0.0032148645422102784	4.9020625990641107e-05	-4.408736796426561e-05	0.0027610191968003342	0.00015034251499486834	0.00556130466608256	-0.0018057481435452215	0.011405775067023517	-0.004409935994197703	0.0013533823211714583
3.44	0.0002196912766496981	-4.543251022205149e-05	0.0031993979029214434	0.0001416694981935268	-7.40757635327207e-05	0.002771450477803547	-0.013043090906170382	0.010181122596868618	-0.0006942137029801346	0.006274181482494304	-0.0013254710073983692	0.00027823258667752254
3.45	4.501448798781184e-05	6.214816261227159e-05	0.00320607349498091	0.0001654030123064262	-6.940738060631259e-05	0.002762746827596082	-0.020614250330012747	0.01047629735306911	0.0016800943299214105	-0.001674016459398571	0.0022288133596259363	-0.0016782679292957855
3.46	-0.00015795192759917792	0.00014515209533639244	0.003220980228521387	0.00011021437869894979	-3.146861700981481e-05	0.002748070180861836	-0.018076800246031113	0.00526491849139353	0.0007954139643885824	-0.009004401106596567	0.005126713528258976	-0.0008345009615730125
3.47	-0.0002842741936208993	0.0001574288154340144	0.003217717612130437	-1.2608856678119165e-06	2.4732420207897673e-05	0.0027498031550063284	-0.006050967235890686	-0.0029342102371995144	-0.0013859666384329755	-0.012322369804199153	0.005637349373595251	0.0011438175636349554
3.48	-0.0002704426082199656	9.229517980898955e-05	0.0032001269787247043	-0.00011543212148888887	7.113346410898559e-05	0.0027655628136478184	0.008569717446175708	-0.009509808524343634	-0.0015457753764787586	-0.009415170426819103	0.00322072856058018	0.0015478497071364894
3.49	-0.00012664762863721612	-1.8928794750997915e-05	0.0031982154324005216	-0.00017310869220478193	8.408427130406122e-05	0.0027704611871049844	0.019208984260939317	-0.011961736675062978	0.0013001553292579066	-0.0017313510368145812	-0.0006770113520915033	-0.000734617007729192
3.5	8.470464064882416e-05	-0.00012761427845660485	0.0032166500213511753	-0.0001484541285507339	5.816562725920472e-05	0.0027584418490277955	0.021157753668583634	-0.008720211502967099	0.0016737686454059862	0.006556371541419099	-0.004420971173714733	-0.0011344081038735779
3.5100000000000002	0.0002581440527651931	-0.00017634836580040226	0.0032228596407301055	-5.0841447832030346e-05	2.094185872200732e-06	0.002754514570575924	0.011910369793843405	-0.0005566848358852847	-0.0005850096233055574	0.012175789190679225	-0.006341231389919951	0.00049872753561317
3.52	0.000303159253384948	-0.00013804442700553844	0.003207511879128866	7.49239196625082e-05	-5.783717514838914e-05	0.002766375293429281	-0.003183500068738362	0.007834345201760146	-0.002060967314576762	0.011834066843958733	-0.00506998656228182	0.0015539993208865883
3.5300000000000002	0.0002018442797317017	-3.2454491200971483e-05	0.003194478720503946	0.0001646207883981235	-9.036262663283992e-05	0.0027750516010417794	-0.01627931971999038	0.012542905072016495	6.133251426399403e-05	0.005329104852657107	-0.00120617358780109	-0.0003129954879804088
3.54	-4.399017974926711e-08	9.46227644049378e-05	0.0032079715839796468	0.0001746051539644267	-8.103271219293767e-05	0.0027611746762002736	-0.02247447434128114	0.01174890655603983	0.0019668389066908177	-0.0033754586846612812	0.0030633429092074282	-0.0018741837548269373
3.5500000000000003	-0.00020789400276498935	0.00018033579029057018	0.0032209852005478648	0.00010061886351372124	-3.2166848627902505e-05	0.0027483396039341473	-0.017129162230390425	0.004517158774694189	0.0002334995637564043	-0.010875165406585252	0.006361229827908214	-0.00037578121623070505
3.56	-0.0003118494735745002	0.00017663488146726745	0.00321141567155224	-2.534167690705957e-05	3.5706564075774534e-05	0.0027554379969733384	-0.0028194996879444844	-0.005204984717884152	-0.001924723339934993	-0.013276665633937668	0.006605055529080616	0.0016244574368525144
3.5700000000000003	-0.0002622374971421656	8.638341972785825e-05	0.0031926513022209353	-0.00014132609651494797	8.798430471638621e-05	0.002772688755627896	0.012152269001727296	-0.012105091274540479	-0.0010951152329569127	-0.008799492168575831	0.0033774218650166085	0.0011938856619848216
3.58	-8.628929506599516e-05	-4.859988118865691e-05	0.0031990233476030484	-0.00018715342029315807	9.888987439609654e-05	0.0027707795469424723	0.021817115752434568	-0.013906621037433516	0.0021055659147083457	-0.00016054412940980567	-0.001216433580233627	-0.0013602855200408699
3.5900000000000003	0.00013847686948237022	-0.00016739497386970535	0.0032198832309782584	-0.00014416523359849967	6.369033557737392e-05	0.0027573496100618783	0.021016419350639404	-0.008639241020894481	0.0013842161619936565	0.008485178210529541	-0.00563665851367368	-0.0008420171642951256
3.6	0.0002955159189035207	-0.00020468948023745465	0.003219761243981558	-2.9707403381054093e-05	-5.405537456324751e-06	0.0027586318174589045	0.008974467446349612	0.001505424952882191	-0.0013948745373758222	0.013449007320812816	-0.007578739571320459	0.0011065103603097725
3.6100000000000003	0.000304212347565034	-0.00014087314924810104	0.003198454113944738	0.00010197649154266093	-7.463601023086393e-05	0.0027748498898266098	-0.007094818287374737	0.010599090584675223	-0.0022554747387560515	0.011658437012203393	-0.0056087605173252425	0.001649322046946399
3.62	0.0001675301791640711	-8.700167971263463e-06	0.0031904745846247627	0.00018248425107982198	-0.00010824703926740642	0.0027789518240490104	-0.019337122238808947	0.01495523113289924	0.0010914769017216128	0.003851750452246042	-0.0009565868496123853	-0.0011752124571742027
3.6300000000000003	-5.5202723072298194e-05	0.00013546297085481712	0.0032110017192357875	0.00017541346533443052	-9.248555788788374e-05	0.002759629441084627	-0.0232229822908026	0.012472690439124023	0.0021567181059860556	-0.005287435419005395	0.004156091190973366	-0.001949404547375377
3.64	-0.00025436237324246396	0.00021607692785996922	0.0032214457789342503	8.296085637788165e-05	-3.037481319442605e-05	0.002749797691118003	-0.014720811490317051	0.002852448603651626	-0.0003322947338606487	-0.012469451969860204	0.0077659712310090894	0.00016791335684957282
3.6500000000000004	-0.00032418448910669453	0.00018815391777262364	0.0032056283135980107	-5.377882141203357e-05	4.99589434561576e-05	0.002762146810662854	0.0012268435831780567	-0.008114292056676372	-0.002412988209106814	-0.013665276962029009	0.0075648020531863995	0.002017334153531163
3.66	-0.000235784160354525	6.855997749641932e-05	0.0031870958723052177	-0.00016544414246315954	0.00010713164151037787	0.0027788798304971196	0.015640039981718184	-0.014882982076513179	-0.0004322190714111177	-0.0075942602629114125	0.003404394185431756	0.0005868811089076784
3.6700000000000004	-3.2342885716521e-05	-8.971748910963017e-05	0.003200668914368756	-0.0001957646098635021	0.00011470494878849893	0.0027701522913500306	0.023552109675820422	-0.015436667554398324	0.002383747726631203	0.001703213295521955	-0.0020075039660313013	-0.0017030617562129985
3.68	0.00019351103916868235	-0.0002109716513291871	0.0032186067610999926	-0.0001327149357014445	6.743541176910743e-05	0.0027575772242663214	0.019434502243131938	-0.007556807372874516	0.0006898960163164493	0.010453752411695778	-0.007114878326627908	-0.00043286976902070384
3.6900000000000004	0.00032118468982578966	-0.00022657357078223258	0.003211419981546546	-2.993351566739454e-06	-1.597837949912216e-05	0.002763568524906642	0.005024879786244303	0.004515578857778676	-0.001973589552593309	0.014386206928184668	-0.00884584690279136	0.0015111861838272363
3.7	0.00028865105086999676	-0.00013046265711662245	0.003188771205256201	0.00013002664894634278	-9.37543829252654e-05	0.002780775795598946	-0.011028146440455919	0.013810112720031964	-0.0017151880794781893	0.010931483319745933	-0.00596119920276118	0.0012780429114881296
3.71	0.00011861493636035091	3.0213461962549926e-05	0.0031918772844035585	0.00019720294341718628	-0.00012652976529151257	0.0027769446965092404	-0.021916303785071124	0.017260597019237902	0.002201045993555023	0.002145918981195553	-0.00045196970825797786	-0.0019298001754226922
3.72	-0.00011546007746481292	0.00018508692764555257	0.0032155605710473497	0.00017005306638601738	-0.00010046115051675792	0.0027567865761904176	-0.022651615246083515	0.012095503511991885	0.001732988405659184	-0.007463487381357389	0.005627495363249304	-0.0014670352906867514
3.73	-0.0002925104877764848	0.0002488294990907523	0.0032182428665849367	5.8819392188259604e-05	-2.2284568991447127e-05	0.00275431877601135	-0.011109481710080511	6.160690620626242e-05	-0.0012770354133055935	-0.013839968609319258	0.009324686641779198	0.0010112586431886745
3.74	-0.0003200219429917244	0.00018743807960872527	0.0031956230556349275	-8.38575049457497e-05	7.002658994428306e-05	0.002773036289901314	0.005603405072516569	-0.011668219457468106	-0.002635306057919844	-0.013406081842018417	0.008243741740394186	0.002280746625141058
3.75	-0.00019336742605942592	3.513723606996264e-05	0.0031834009067434983	-0.00018420331672055573	0.00012828422371384638	0.0027848186839280037	0.018766714887502433	-0.017800413017575473	0.0009062967713149937	-0.005835868520888418	0.0030903549912770873	-0.0005644956262112847
3.7600000000000002	3.0139265592095724e-05	-0.00014266615706809687	0.0032056642738421282	-0.00019468001720731535	0.00012763677607805564	0.002768109730497075	0.02400949165504994	-0.01604641092506924	0.0025031221819241858	0.0038733500457059232	-0.0033758893306557966	-0.0019147778356249925
3.77	0.00024263382932998456	-0.0002540235394308289	0.0032192424658058776	-0.00011147794251700649	6.384409066080428e-05	0.0027578175610877033	0.016440899632010543	-0.0051112425014951494	-0.00011841159713443581	0.012069543094247952	-0.008850925079122631	7.424071236119765e-05
3.7800000000000002	0.00033018171472312793	-0.00023645332983221806	0.00320404421408984	2.7482450466488616e-05	-3.4481984977689564e-05	0.002769395655876626	0.0004024855568036783	0.008360017175020627	-0.002571841267844313	0.014521479987100318	-0.009957014751355395	0.002007785025508856
3.79	0.0002548756552968715	-0.00010338470079258164	0.0031820938625080736	0.00015318089559788998	-0.00011705440035231014	0.0027866512228560984	-0.014596371058089901	0.01714451869179474	-0.000780786368971094	0.009348202883693748	-0.005805811841532663	0.0005964925587163449
3.8000000000000003	5.7734685570759227e-05	8.431889721156786e-05	0.0031959093749204534	0.00020125245982419122	-0.00014442953158016672	0.002774595788133438	-0.023484758691212512	0.018908957158228268	0.0027218441793729893	4.192291740786817e-05	0.0005621152902823577	-0.002269216763159019
3.81	-0.00017374661028127334	0.00023869605402454086	0.0032174386094972335	0.0001529454984334805	-0.00010325162724448296	0.0027568859916544245	-0.02053564838499786	0.01036320831997775	0.0009775022761393168	-0.009388633610261068	0.007424086725789323	-0.0008338085384249744
3.8200000000000003	-0.00031553692831854996	0.0002721064421261434	0.0032112196447805965	2.8738681595961666e-05	-8.328535275208378e-06	0.0027610671248093238	-0.006572648261197997	-0.0039056124988433773	-0.0020926976015017843	-0.014404079668262414	0.010755380866184302	0.0015946300835375452
3.83	-0.0002976057016260848	0.00016971531898586886	0.0031846671131992026	-0.00011100268172138401	9.294097891153044e-05	0.002782157020584007	0.00974457740245115	-0.015508026108394489	-0.0023503141130212695	-0.01216187286024452	0.008515709289910689	0.0019509801367076922
3.8400000000000003	-0.00013866896601774856	-1.5394874987088432e-05	0.0031835759766765497	-0.0001928506334251889	0.00014893716015268948	0.002784065346481873	0.021111728294543386	-0.02038041703897744	0.002231398840667574	-0.00374789867812402	0.002443615914351658	-0.0016624165233106174
3.85	9.309715095974169e-05	-0.00020356091588271107	0.0032104389294096295	-0.0001818754570557918	0.00013627678621525065	0.0027642011989806644	0.023023810305497112	-0.015278621848322863	0.002210020803690331	0.005946413437006289	-0.005066451458061275	-0.0015624625694747399
3.8600000000000003	0.000278866120866659	-0.0002911872274420985	0.003217559937089238	-8.246145005517566e-05	5.499701262406601e-05	0.0027599040512449424	0.012387084031702255	-0.0014361449126314388	-0.0009108567645702845	0.013083315108466975	-0.01049566885615104	0.0007944256891354168
3.87	0.0003204656959445181	-0.00023104377668980655	0.003196085149778912	5.86526617689754e-05	-5.59462686741003e-05	0.002776955930003892	-0.0042125818137071554	0.012733795473204475	-0.00283556886204729	0.013915467256599704	-0.010679979749278215	0.0022263372462829746
3.8800000000000003	0.00020728364341004356	-5.9782209178547596e-05	0.0031794075865069034	0.00016965280869149916	-0.00013924064161219531	0.002789580656042819	-0.017477868662872126	0.020343105655936174	0.0004863943646614769	0.007292411145331622	-0.005408454259626965	-0.0005361473125989767
3.89	-6.9333044699597105e-06	0.00014810408135105483	0.003200651234829041	0.00019659024509363765	-0.00015808216783934633	0.0027709339469225687	-0.02360092102429741	0.019278447502515398	0.0026033523771185284	-0.0021279499095991417	0.002021930053782268	-0.002210503124027949
3.9000000000000004	-0.0002209439143930025	0.00028764023837713864	0.003215666506866523	0.00012880121573833838	-9.959768836457787e-05	0.0027580389375034165	-0.01714376220821192	0.007243948608635198	2.9256836189977394e-05	-0.010851022339186086	0.009189024175191312	-0.00011192497231263046
3.91	-0.0003195122410308451	0.0002801223558468336	0.0032010618454357473	-2.7285441987570554e-06	1.013159801282676e-05	0.0027689139536185184	-0.001779988211701292	-0.008539533113531046	-0.0026512584057865286	-0.014337328978792757	0.011796166581573975	0.002098888583170292
3.9200000000000004	-0.00025848771302441567	0.00013516607909463613	0.003176576484591704	-0.00013294318239279388	0.00011526913152622318	0.0027896735176988177	0.013137140600301078	-0.019119649322596983	-0.0011659518189557024	-0.010378328565075383	0.008241385295327513	0.0011394691389771576
3.93	-7.580365758377143e-05	-7.767708738809391e-05	0.003190397354142292	-0.0001943930531964938	0.00016489474721437093	0.002780321699571453	0.022261857086119462	-0.02189114936441869	0.0031332999716780167	-0.0016307311841674617	0.0013583206212095435	-0.002351604552923165
3.9400000000000004	0.00014875598732311222	-0.00026122924814226284	0.00321708396632498	-0.0001626569596249516	0.00013634128615443224	0.0027607734061404878	0.02044383755197092	-0.012922243370967102	0.0015071994935707178	0.0077790024671698715	-0.0069369946525362144	-0.0010429632919254004
3.95	0.0002953084467512323	-0.0003114883342267732	0.0032144185010474376	-5.119136357098276e-05	3.7943099606645014e-05	0.002763348048689158	0.0075739502941479355	0.00327290883174612	-0.0019628198404039333	0.01357354924142579	-0.01187118304146924	0.0014863326730903098
3.9600000000000004	0.0002904850302246867	-0.00020488570183199866	0.0031864415447546307	8.643171454536629e-05	-8.086309610163158e-05	0.0027847588275537374	-0.008200079448160933	0.016874165387487684	-0.0028375719056105723	0.012643229974613653	-0.010748643057723967	0.0021780207866946783
3.97	0.00014832933441735147	-5.97846100646154e-07	0.003179486802887343	0.00017826767104655406	-0.00015929973030360013	0.0027889898445382427	-0.019337365005773904	0.022787536841926758	0.0018510704061648457	0.0051259499375853395	-0.004571888612600454	-0.0016830105862775469
3.98	-6.897833161827521e-05	0.00021433840141091637	0.0032051581472204694	0.0001834798136037026	-0.0001642267639589539	0.0027671927092474697	-0.022038209857351228	0.01795468074758239	0.002247807103211198	-0.004217107242682231	0.0038673731717534807	-0.0018109890810009464
3.99	-0.00025161925589720514	0.0003231383512283263	0.003213479004327217	9.989876363137638e-05	-8.7079753940533e-05	0.0027608643599846363	-0.012762736341252004	0.0027618069593676403	-0.0007800191485866126	-0.011781283912111518	0.01087265682320573	0.0006483650804804791
4.0	-0.0003032402137714027	0.0002665403141112917	0.00319299756240125	-3.3058962885572925e-05	3.4518716766173856e-05	0.0027778478119155734	0.002714030579391402	-0.01335541548042229	-0.0028303016110991976	-0.01366952684683613	0.01236019172951868	0.002375122540326533
4.01	-0.00020770399573432214	8.205248534740631e-05	0.0031754126563821048	-0.00014790535461863178	0.00013797203486589786	0.0027934916137159057	0.01543990115626275	-0.022159473959291427	0.00048036309033977487	-0.00816862896594696	0.007503487748948854	-0.0002677817625621701
4.0200000000000005	-1.3193708041625824e-05	-0.0001481232346111473	0.0031997395382608743	-0.0001870594766389693	0.00017650375005960956	0.0027744153610008	0.021952157182261754	-0.021776836638644197	0.003095242723347071	0.0005666585960491258	-0.00032902577160575633	-0.0024379653672837952
4.03	0.000191021050879194	-0.0003100958984136054	0.003219223897635972	-0.00013629491197378554	0.00012890823687390312	0.002758978731375439	0.01689387929249625	-0.008993679647337572	0.000365360194358219	0.009162965873308329	-0.008793365793257037	-0.00038022961645289025
4.04	0.00029456530840481774	-0.00031222118237320514	0.0032058732713780803	-1.8834951718127273e-05	1.5454631699665522e-05	0.0027680999777460226	0.002952166412016966	0.008439054222675584	-0.0027772666817281817	0.013348885247210536	-0.012910262635324953	0.0020254990546095327
4.05	0.0002499699521044194	-0.00016076160712608366	0.0031767098836524748	0.00010765807297276836	-0.0001064460679084977	0.002790203756162273	-0.011151816728610845	0.02039345259427601	-0.0019436479099887059	0.010655542900402534	-0.010258011364667042	0.0015105550930510569
4.0600000000000005	8.910245700439886e-05	6.865832198834765e-05	0.0031841223748752803	0.00017629466436241376	-0.00017606506773877847	0.002784016044836843	-0.020089095297076906	0.023947573213680802	0.002815412580653815	0.002816262776019538	-0.003257646971406317	-0.0022357498775368552
4.07	-0.00011908514018071819	0.0002739859568357317	0.003210178823699106	0.00015959378994696827	-0.00016288961995964286	0.002764100314015681	-0.0194978058754619	0.014974185271253623	0.0016423958376572205	-0.006071431111072371	0.005921747761561949	-0.0011891287517384703
4.08	-0.00026510856887421435	0.0003396239440301201	0.003210625288140062	6.494180316526764e-05	-6.75780526526364e-05	0.0027647106491892645	-0.00837551512859164	-0.0024038404196967916	-0.001556310690255911	-0.012059437537308088	0.01231705632072748	0.0013006010310363976
4.09	-0.00027425705457500096	0.00023349858256855617	0.0031858715564861144	-6.190721840465542e-05	6.251356135523728e-05	0.0027849115323618293	0.006339288533416266	-0.01760173370236202	-0.002675178453116825	-0.012145869266088452	0.012453861866923033	0.0022109492671574605
4.1000000000000005	-0.0001534828223365498	1.749007299457972e-05	0.0031789164472231643	-0.00015466438733289245	0.00015973353783096643	0.0027909667832947994	0.01700566514673605	-0.02432725364271897	0.0018801196058980394	-0.005764606539973322	0.0064813435905118335	-0.001557271096424883
4.11	4.3067580248730886e-05	-0.00021604377175846564	0.0032065922879918785	-0.00017079232259436034	0.00018194639564432668	0.002768308352700351	0.020510769826440504	-0.020014796799811947	0.0025050244042111296	0.0027247290595074657	-0.0024904480443125156	-0.0020373854066884486
4.12	0.0002185737140073997	-0.0003430724220931875	0.0032165718464990936	-0.00010391252128851983	0.00011295623804988869	0.0027598717235245607	0.012908812763101579	-0.0041694550248431465	-0.0007047818559268626	0.010061697482291318	-0.010665099460106726	0.0004759439804088546
4.13	0.00027919845203377085	-0.0002942180779995347	0.0031952429873383	1.4055919685358202e-05	-1.3537208619860764e-05	0.0027761158350504056	-0.001139775160023215	0.013275323639436286	-0.0031214836744662892	0.01251558907195096	-0.013534185696997943	0.002452752117105487
4.140000000000001	0.00020346268403567073	-0.00010496722334039185	0.003172200315431854	0.00012348923139352626	-0.000132696099594717	0.0027947686430448222	-0.013134252643640619	0.02304363785739952	-0.0002059868515471005	0.00823218132493402	-0.009240307522074782	0.00018477423125336318
4.15	3.290456425410651e-05	0.00013895540100148575	0.003193727640283412	0.00016820298110756097	-0.0001883276839330573	0.0027774989061259314	-0.019769658503952785	0.023617919743466404	0.0032127365343453023	0.0005153135965369781	-0.00129461701897115	-0.0025719291546315057
4.16	-0.00015644473329653877	0.0003205523649621745	0.0032161800684149147	0.0001321353412079716	-0.0001525235022734859	0.0027595924262344535	-0.016275896134467616	0.010848963904129144	0.000786808188003544	-0.007452534134494277	0.008192688403183932	-0.0006469812954206099
4.17	-0.0002632006160285374	0.0003367484272528748	0.003206890044729214	3.133174210149296e-05	-3.893472759860237e-05	0.0027665032466331987	-0.004202426592985674	-0.0076154262085617146	-0.0024238087083790485	-0.011864729463384585	0.013538914397792874	0.001894353512364227
4.180000000000001	-0.00023691189731838027	0.00018653576097463063	0.003178724358288976	-8.505733578769142e-05	9.484117155366484e-05	0.0027892369511589793	0.008899799687761596	-0.020890212150474062	-0.0021693769685961362	-0.010219960526908283	0.01188079690081946	0.0018251864375896907
4.19	-0.00010107749926051074	-5.161844114188451e-05	0.0031828133841509954	-0.00015498677775603408	0.0001808459404735794	0.0027860743640132375	0.017519481750077594	-0.025279186050258064	0.002642167963737622	-0.003430754265337544	0.004884457487455615	-0.002157535628710239
4.2	8.654346286763237e-05	-0.00027418992608296724	0.003208938679264351	-0.0001497368667813733	0.00018130720658046944	0.0027654112181216732	0.018165479798859897	-0.016901958774258367	0.0017648168753361469	0.004510217758191541	-0.004946769792315685	-0.0013205395435910258
4.21	0.00022845118237615287	-0.00035731982363007846	0.0032105459456904565	-7.205872519913877e-05	9.031148672223052e-05	0.002764630282910537	0.008902157810013493	0.0009802129023521564	-0.0014511633564927371	0.010356823867429898	-0.012436629238224303	0.0011835540115572786
4.220000000000001	0.00025176969741983705	-0.00025952422537976505	0.0031856458475190883	4.09883394753345e-05	-4.6340218908153317e-05	0.00278469963154136	-0.00422015387668002	0.017381188074022634	-0.0028570688840322696	0.01123870883987598	-0.013605684983133358	0.0023325222466734786
4.23	0.00015605080217684578	-4.099511787564574e-05	0.0031757232605226144	0.0001303929191098836	-0.00015753944175506333	0.0027932086960304513	-0.014181075542021037	0.02498745676444127	0.0016869391608473623	0.0059140599643921436	-0.007935614066969961	-0.0013927982321082159
4.24	-1.434256887168943e-05	0.0002051668410490429	0.003205022908463389	0.0001535822423330753	-0.00019434727663122331	0.00276938806236196	-0.018407096987509378	0.021782111473510148	0.0028860370938217582	-0.0014623952926960731	0.0011679158139063592	-0.002336040704281983
4.25	-0.00017772925930015752	0.00035116953159003027	0.0032191092747333675	0.00010267987536998884	-0.00013443591715917412	0.0027574551435172673	-0.012725986359301892	0.0060248412747205965	-0.0003348751731309852	-0.008310224224408724	0.01027673715011711	0.00015479556845390748
4.26	-0.000247070843240841	0.00031641623435403637	0.0031996610758886087	1.0375303922827505e-06	-6.033815387066685e-06	0.002771437977460408	-0.0006585498006154334	-0.012447423484689638	-0.0031455200420991503	-0.011173729829800732	0.014270627503409404	0.0024022388984910573
4.2700000000000005	-0.0001947514836378016	0.0001290976755219732	0.0031731164132196934	-0.00010024156539902788	0.0001250201408628481	0.0027925928800605223	0.010378024658582593	-0.023375714007930454	-0.0008760740444576636	-0.008007918730741017	0.010699731626397356	0.0007390949676893027
4.28	-5.2946943069098546e-05	-0.00012254552967075948	0.003189596419417158	-0.0001477885670280919	0.00019529125941338972	0.0027798537700921572	0.017090806406308865	-0.024937699640197347	0.002998975254474283	-0.0012759196505786967	0.0027546689096245264	-0.0022692546561267754
4.29	0.00011731786029801048	-0.0003215173759978224	0.0032123539896560375	-0.00012384623933840564	0.00017149883926110312	0.002763356464221457	0.015316374957739815	-0.012806807071387163	0.0010063790473862637	0.005881102575134086	-0.0073363398594277875	-0.0006519121949485432
4.3	0.00022538770307999856	-0.0003551324980949457	0.0032061848721663313	-3.980769669386805e-05	6.109083550855939e-05	0.002769137350007643	0.005348802861130751	0.006252881757975084	-0.0020936221247284696	0.010208468219543451	-0.013782479990091715	0.0017019776124358769
4.3100000000000005	0.0002185413282573043	-0.00021230995673242507	0.003180380705209033	6.361333049691505e-05	-8.015094253704589e-05	0.0027902000393427535	-0.006371778525075192	0.020737514527365112	-0.0021254929100345196	0.009435389383042163	-0.013079370097265494	0.0018024119999228612
4.32	0.0001112465460441881	2.843818665249686e-05	0.0031838426344701744	0.0001314181585615641	-0.00017951489801680174	0.002787419273613472	-0.0145262757939169	0.026020845587620495	0.002704044426452934	0.00376562896557785	-0.00630018616407834	-0.0022794065102319286
4.33	-5.100921726944529e-05	0.00026438193455312326	0.0032121057086450587	0.00013451477916575627	-0.00019352237721740746	0.0027636453520875253	-0.01638504073778179	0.018713401555541263	0.002030160075810717	-0.003225293929556809	0.0038122699717289942	-0.0017562379676822316
4.34	-0.00018625331444647458	0.00036648886403652445	0.0032153796645580553	7.215988143525519e-05	-0.0001096972369693085	0.002759086263352409	-0.009391151121590134	0.0008129502375606077	-0.0014088606218607385	-0.008701376143637824	0.012206117614354542	0.0009167288110290293
4.3500000000000005	-0.00022390423029394814	0.00028242810323888184	0.00318926827292921	-2.5601821848625918e-05	3.001971305903178e-05	0.002778384585470846	0.0019903683733421213	-0.01656937012667825	-0.0032130919445999655	-0.010010428468039846	0.014464844406491394	0.0024966213457964714
4.36	-0.00015511983846755827	6.66540403480962e-05	0.0031726057897195595	-0.00010847373942384973	0.00015262788151323547	0.002791856813969189	0.01115234518592229	-0.025149193616335715	0.0009591753287325104	-0.005800385291168707	0.009201554123338222	-0.0007567124756618225
4.37	-1.3911617139383358e-05	-0.00018758965377518156	0.003199052479446699	-0.0001351246040571091	0.00020267921305576638	0.002771933763725856	0.015948541694748627	-0.023257174539941524	0.0030435014003013126	0.0006315992094096275	0.00011943157177845675	-0.002171432671375021
4.38	0.00013506886997373936	-0.0003527576916248676	0.003217202318801829	-9.666629144123998e-05	0.00015255353757685422	0.002760275440598375	0.012403968569082489	-0.008121989364509488	0.00023000539716397584	0.006707392277614951	-0.009703712372024146	6.309012202886426e-05
4.390000000000001	0.00021243058383221846	-0.0003368546850580809	0.0032030899908237816	-1.1385479231844816e-05	2.493403730270496e-05	0.002772658978827	0.0024560670072365075	0.010934429323874133	-0.002700743894188186	0.009647923193572468	-0.014710767556513663	0.0021918321637771866
4.4	0.00018416664953592283	-0.00015838426432516507	0.0031777460518431586	7.871065825632118e-05	-0.00011501354885911636	0.002793136700633619	-0.007587186520981877	0.023070451157947227	-0.0011976397508916751	0.007430959309560089	-0.011895308055129977	0.0009101142289474732
4.41	7.179615163475139e-05	9.563325395109676e-05	0.0031906253195677515	0.00012565865250580016	-0.00019744775009457002	0.002781151781105095	-0.014250830070132798	0.025900361320887754	0.0028443034085170846	0.0017831340795110614	-0.00399014544807674	-0.0024652416168747422
4.42	-7.759923275603049e-05	0.0003109501917739284	0.0032133457293456887	0.00011206027478371432	-0.00018444603270775163	0.002761703855801025	-0.014184228282987422	0.014951859949247972	0.001068360067327647	-0.004424808026448204	0.006549523354262495	-0.0009877073275219544
4.430000000000001	-0.00018582846157902497	0.0003669639987987212	0.003207473927285885	4.394146164960992e-05	-7.792719569820803e-05	0.002764921711381294	-0.006513147725789915	-0.004154889605740021	-0.00212584657570453	-0.008613710458646251	0.013815125779700227	0.0015465427626412634
4.44	-0.00019882012092198266	0.0002400874666347582	0.0031801121654300778	-4.567106851767655e-05	6.822082091193083e-05	0.0027863717139263284	0.0037647845680726347	-0.01978858272968376	-0.0024719098730902507	-0.008433733826880684	0.013974740858782036	0.0020711063745654083
4.45	-0.00012037246406292278	3.003134967871467e-06	0.003179441052858444	-0.0001085314833684573	0.00017769835469090016	0.0027878915413436915	0.011465335395484588	-0.026283831897449324	0.0025354031197686354	-0.0037079995068688178	0.0073493868602189875	-0.00197870942976603
4.46	1.5978254187644076e-05	-0.0002447051501937364	0.0032098617940160695	-0.00011693055435713145	0.00020285930098639103	0.0027646430518486137	0.014568041168904783	-0.020673250897025163	0.002507687256325148	0.0021503239710631643	-0.002788297095538219	-0.0018565868349573337
4.470000000000001	0.00014372768106995593	-0.0003702740267826323	0.0032185328126920695	-6.844975585561061e-05	0.00012569742519648897	0.0027586097887880535	0.00981395781397613	-0.0032825785838867063	-0.0009193779165386004	0.007136416722423753	-0.011964890112841256	0.0007145300346317004
4.48	0.00019590787942884482	-0.00030723878677278233	0.0031954032028148074	1.4161556932316073e-05	-1.6573886640483162e-05	0.0027763649095753624	0.00028818692799803807	0.015000781819189905	-0.00313910080650861	0.008671554320999711	-0.015181027426404568	0.002436258547957309
4.49	0.00015328144326248963	-9.995637350007431e-05	0.0031753340492574967	8.833341652577892e-05	-0.000149458388286127	0.0027921073233754027	-0.008287873760735856	0.024925555643329607	0.00028692867544680085	0.00536802997319821	-0.010279956571894535	-0.00029160047989482867
4.5	3.9564162255506464e-05	0.00016012254321621264	0.0031969955290749017	0.0001157493880041315	-0.0002102112765800303	0.0027740105031662738	-0.013650304293425643	0.024752920095855554	0.0028114467681926054	-1.7022939107995612e-05	-0.0011614297377600992	-0.002228396514424277
4.51	-9.512715462038651e-05	0.00034644581019096507	0.0032145084319692677	8.770527015724301e-05	-0.00016765924490485466	0.0027603246688653166	-0.011976750341677254	0.010651687054226812	0.00031378222986381074	-0.005350291696550642	0.009323823986511551	-0.00024350109664787346
4.5200000000000005	-0.00017903651618031733	0.00035512105018570874	0.003202160576319623	1.7321857902068205e-05	-3.987011186981388e-05	0.002770153048515491	-0.004074209050409756	-0.008804434006487106	-0.0025283646057201164	-0.008127853249379344	0.015115752608726742	0.002005440847274458
4.53	-0.00017291548287878215	0.00019095683551525712	0.0031770898576455836	-6.110644590866714e-05	0.0001072880268089035	0.0027910491763377494	0.00495972269473432	-0.02237005927268024	-0.0013838907493797976	-0.006691846366569181	0.012852806718216786	0.0012448714276820567
4.54	-8.849084581667687e-05	-6.261932919639203e-05	0.0031891885844145423	-0.00010490400836936774	0.00019905081587509187	0.0027818508798704736	0.011513022983971222	-0.02668213585488519	0.0030684061329497247	-0.0019219828124299324	0.0049657757747291285	-0.002435775356197858
4.55	3.951521841114367e-05	-0.00029444375444062415	0.003215902448604037	-9.747053021463462e-05	0.00019506506341047017	0.002761134032899924	0.012894816223240943	-0.017305031831290847	0.0015276733489627396	0.0033516836657851456	-0.00589212651197507	-0.0011632097799285424
4.5600000000000005	0.0001459613183872866	-0.00037662836888757435	0.003213777718079085	-4.309351728985213e-05	9.138789807389567e-05	0.002762459542189573	0.007447730074890219	0.0015704348392791604	-0.0019042427828656933	0.007085891479435856	-0.013926833994294343	0.0014201625329152755
4.57	0.00017689415263962767	-0.0002698288481209973	0.0031856347042978576	3.261957120891241e-05	-5.9486306251216965e-05	0.0027838996079770978	-0.0013206851733566993	0.018509137990140385	-0.002922494441373007	0.007362114747396955	-0.014791259744613927	0.002281419567642013
4.58	0.000125741757036536	-3.846117111864236e-05	0.003177163476780362	8.928348197412468e-05	-0.00017796977968741114	0.0027901352020861625	-0.008563879219360035	0.026443766413629808	0.0018157764601135992	0.0035074876112356113	-0.008213686548650333	-0.0015446766214244109
4.59	1.5305427089692886e-05	0.0002202339915601335	0.0032047228703072812	0.00010012150687567934	-0.0002119516625163971	0.0027676496776799196	-0.012590759787622809	0.0227090876564193	0.002561429008090979	-0.0014107763456885727	0.0019686176879966637	-0.0020219283328528482
4.6000000000000005	-0.0001030844114694236	0.00037143461606074254	0.003216184199399173	6.28265032800928e-05	-0.00014005696828478748	0.0027588313096311564	-0.009973402875320158	0.0060570131683986735	-0.00048134082471404415	-0.005727787323162192	0.011754850694905247	0.0004179887546373986
4.61	-0.0001668125850505519	0.0003329157077824029	0.0031973681318838206	-5.363937659248032e-06	3.3615357182088102e-06	0.002774275788679432	-0.002288992308715188	-0.01314771110482591	-0.002825927826174739	-0.007345507259867634	0.015648462192140833	0.0023483511177310617
4.62	-0.00014895430003013138	0.00013632123326174186	0.003177096728624237	-6.995924906287433e-05	0.00014382899127761225	0.002791856562451657	0.00553000324403763	-0.024546121750631356	-5.856468924141453e-05	-0.004860929301019197	0.011176778044637585	0.00011716032681804026
4.63	-6.302557743763615e-05	-0.0001280579990345766	0.003197101889342627	-9.630810384174018e-05	0.00021365318211385848	0.002775715318120352	0.01113960959854094	-0.026116617432910952	0.0028882926304215203	-0.0003325917195869828	0.0021286586206966398	-0.0023393904221885326
4.640000000000001	5.4810647757700714e-05	-0.00033613829202841576	0.0032164607924147067	-7.644707786308311e-05	0.00017912488716626738	0.0027598124945017862	0.011301392043803381	-0.01340062484679954	0.0004994328123515841	0.004156061656254424	-0.00875327461378777	-0.0004785602287988735
4.65	0.00014287575632800236	-0.0003724301355475198	0.0032052042141852933	-1.957275941656118e-05	5.359628147771929e-05	0.00276753758591921	0.005536050447382106	0.006322971485998733	-0.002508969470379989	0.006728468443240607	-0.015243744116769795	0.0018918124005590324
4.66	0.00015811118667749793	-0.00022596151765610882	0.003177940099884671	4.667194466235594e-05	-9.880909660173805e-05	0.0027889334582693478	-0.0023888673379174924	0.02137794728483688	-0.0018966905250780354	0.005829529570007349	-0.01372175559719381	0.0015739859499648392
4.67	0.00010113254501902841	2.5025335366564172e-05	0.0031855322535352276	8.598342687831496e-05	-0.0001992968407357792	0.0027834062413859997	-0.008726387531363747	0.02731259019644896	0.0029904354753294594	0.0018501334423643085	-0.0058512205698666355	-0.0023666078960041786
4.680000000000001	-4.338828397596727e-06	0.00027372721143896294	0.0032147832801628653	8.276806012279383e-05	-0.0002039531920997062	0.00276076693537224	-0.011413784622902394	0.01986452115156024	0.0020040455191489754	-0.0024932138077079086	0.00513519604807447	-0.0015055095683346312
4.69	-0.00010640155209774546	0.00038432096501810894	0.003217363219519985	4.006619051154635e-05	-0.00010479027826319732	0.00275885705597892	-0.008079549001205425	0.0012686449878256552	-0.0014896772414089436	-0.005730900149407356	0.01381633719245059	0.001141811381766068
4.7	-0.00015258523451333142	0.00030048461112871914	0.0031912576930646502	-2.2557609038637466e-05	4.899885984066878e-05	0.00277946757550114	-0.0008766492226611026	-0.01695090514332098	-0.0030762475401776186	-0.006217230974784804	0.015487383034290423	0.0024530036659628452
4.71	-0.00012632027364802186	7.655026685420765e-05	0.0031772170664519867	-7.182346742460974e-05	0.00017627626450985505	0.0027904672481931375	0.005817529303281256	-0.026407582146160142	0.0011258797293107517	-0.003151409293558019	0.00911149983938873	-0.0009740246921999948
4.720000000000001	-4.214848309318658e-05	-0.00019178696853663191	0.003201381692762706	-8.316293137831536e-05	0.00021945427782589462	0.0027704025943166236	0.010382140941830483	-0.02464699656180333	0.002542191231536273	0.0008972387656644209	-0.0010892765352027943	-0.0020342232907525817
4.73	6.29886988485047e-05	-0.0003685290761005174	0.0032142028578346173	-5.5122995391344435e-05	0.00015409313752930875	0.0027603419034246263	0.009654255279631327	-0.008988480671359166	-0.00024654316207565395	0.004473186813728077	-0.011397658497939958	0.0001965738274502318
4.74	0.00013386242540473024	-0.0003571489562324284	0.0031974995328272744	-5.86286493942249e-07	1.0524509646239003e-05	0.00277351438144314	0.003950916820294632	0.010923186867703206	-0.00269240390239588	0.006000488589152984	-0.01606292613124267	0.002175062890339139
4.75	0.0001381671672612746	-0.00017465994652049826	0.0031762311600883404	5.3635063728466423e-05	-0.00013731444350010316	0.002791487387793037	-0.0028699871183053443	0.023913995301349238	-0.0003840017843691203	0.004208731434235392	-0.012097573292965097	0.00044933722350685285
4.76	8.057262380798316e-05	9.158696991536147e-05	0.003196201572341576	7.722224257278841e-05	-0.00021627755556261505	0.0027761881958695994	-0.008368355533787378	0.027311268908137093	0.0032811505467120476	0.0004914758409217352	-0.0030877719839984387	-0.0025679701707541345
4.7700000000000005	-1.6210209379043382e-05	0.0003205410805004386	0.0032207577896925603	6.356304153387267e-05	-0.00018993871266211022	0.0027570286339339326	-0.010098523876881123	0.016151645822811995	0.001038855187516461	-0.003133496862263379	0.00818441051230114	-0.0008453722636447964
4.78	-0.00010323301862749244	0.0003852378194719185	0.00321290877625649	1.948505978378629e-05	-6.668594131484733e-05	0.0027615076167078157	-0.006517286885767433	-0.003673777239509682	-0.002420968144755271	-0.005341859199280685	0.015405926421101078	0.0016663373257854983
4.79	-0.00013678992348857758	0.000258574167673351	0.0031829138748279227	-3.4390240379838025e-05	9.167439480254512e-05	0.0027837900604573435	-5.968847039225149e-05	-0.02021618604678918	-0.0026558210747465003	-0.004922987273034263	0.014687279287808755	0.0020528268899171523
4.8	-0.00010708350801433812	1.2048862630255866e-05	0.0031809539229463047	-6.900806749149358e-05	0.00020226236258375093	0.0027850354045369364	0.0058591503431899465	-0.027668461979864743	0.002267810233170399	-0.0017687838522966325	0.006875119660017184	-0.0018118761288862877
4.8100000000000005	-2.6476999795802614e-05	-0.00025016556097980303	0.0032076049333004115	-6.885517892687903e-05	0.00021683526186206713	0.0027650899723747446	0.00955691284847587	-0.02208636977043963	0.002093027827215518	0.0017793099706123942	-0.004297431070674474	-0.001447731484350355
4.82	6.693600580560457e-05	-0.0003875686141238885	0.003213863267346916	-3.624986299036589e-05	0.00012246216150552778	0.0027623225502823204	0.008262437715544248	-0.0041058087164537104	-0.0009638194840665836	0.004458150345534124	-0.013727781395807982	0.000958191193503268
4.83	0.00012435237756239868	-0.0003281551198400256	0.003192545400983363	1.3596101048725455e-05	-3.47358594470104e-05	0.002780731899060279	0.0028304922957312307	0.01513662246714788	-0.002721569852400152	0.005079121206219405	-0.016260502176668325	0.002291920299258684
4.84	0.00012203332404076026	-0.00011499271499242175	0.003178998724193633	5.533084094492834e-05	-0.00017220603061916557	0.002791691080973511	-0.0031310699534007214	0.025995742953354193	0.0009695190570175729	0.0027948001835774237	-0.010157217481391095	-0.0009202133020677708
4.8500000000000005	6.44462492938734e-05	0.00015843243140826945	0.0032039659314769204	6.710700566226186e-05	-0.00022567005867978353	0.0027693829214387373	-0.008063270461895648	0.026197002518237245	0.002774102786728182	-0.0004603183130346924	0.00013747389118983432	-0.002475376509162256
4.86	-2.5486740834528915e-05	0.00035813401319821365	0.0032190479631326718	4.709514356177149e-05	-0.00016695304424415856	0.0027551136686568356	-0.009025705843282697	0.011779567183746488	-8.093173336959978e-05	-0.0033887740210689107	0.011092002964777619	-0.0001549647301214968
4.87	-0.0001000829045598039	0.0003738806606355134	0.0032024791132492184	4.6629759018720245e-06	-2.2527041469109542e-05	0.002766600837600657	-0.005269305626865767	-0.008543871043799634	-0.002871626900023379	-0.004755735513027785	0.016539057736995395	0.0022173401836549584
4.88	-0.00012401345452335905	0.00020804394588622822	0.0031760455028060804	-3.96863906680038e-05	0.00013340813096281243	0.002788337942401819	0.0004963051918342315	-0.022983854086695	-0.0012258662652020124	-0.003592243391499116	0.013113511154822982	0.0011845629616029816
4.890000000000001	-9.215473789822879e-05	-5.6537976788335937e-05	0.0031893859777002384	-6.0824786830554236e-05	0.00022181927147722717	0.002779768673477716	0.0057904780799778914	-0.028103994856028984	0.0030203654900962384	-0.0006036502698103377	0.003994538815805898	-0.0021867772263088414
4.9	-1.586664829595682e-05	-0.00030286126754482833	0.003215081016764923	-5.244632129440251e-05	0.00020341647834479869	0.002762162158931416	0.00877949183065946	-0.01863493332893497	0.0014282024417772796	0.0022188069167291408	-0.00763191919698555	-0.0008291942432175158
4.91	6.748916262119489e-05	-0.0003948064752040178	0.003212727297522333	-1.9546566696425834e-05	8.229247698295246e-05	0.0027659367043575273	0.007112549007288845	0.000980391290969769	-0.0018274705016746527	0.004069908184291548	-0.015554063496413547	0.0015364975198536098
4.92	0.00011494053708781417	-0.0002893717602341894	0.00318674194967795	2.2682223673147357e-05	-8.114003247551132e-05	0.0027865827688864017	0.0020737022109633624	0.018822958183344236	-0.002547458460727469	0.003998625564078091	-0.015543485984169315	0.0019609604799060176
4.930000000000001	0.00010896592940191408	-4.984025051300938e-05	0.0031828556461004067	5.1484539349354014e-05	-0.0002010473527991407	0.002787545538409632	-0.0032247233851277098	0.02770976222436089	0.002064658674770397	0.0015403635370840807	-0.007759906392961329	-0.002004652122726062
4.94	5.283543260465303e-05	0.00022253022402685224	0.003209059739501838	5.3365711795585216e-05	-0.00022425624571823015	0.00276330722915608	-0.00757276858425415	0.024026556243812485	0.002172596182688146	-0.001145899510314505	0.003539210917005637	-0.002007264054397767
4.95	-2.9120225007392563e-05	0.0003847225793423743	0.003215820696047878	3.0651111059115675e-05	-0.0001350733104491051	0.0027559156807600163	-0.008038323792875328	0.006861800118160063	-0.0009502948222748585	-0.0032154869098594695	0.01351872820258884	0.0005959208008954208
4.96	-9.403247764500814e-05	0.0003504098601875883	0.003193637330060337	-6.191212521644156e-06	2.339117271360444e-05	0.0027731062881228667	-0.0044226216726437366	-0.013114413693897226	-0.0029652010399243297	-0.0038457910904585073	0.016747598883742106	0.00245384565493705
4.970000000000001	-0.00011294855237645515	0.0001500799210313199	0.00317534357299505	-3.881658977886795e-05	0.00016865128777438976	0.0027898470423126545	0.0005995874194333558	-0.025405579224467335	0.00040720864191970516	-0.0022847991152432677	0.011041043070352599	-8.582520615521791e-05
4.98	-8.186896340376213e-05	-0.00012598964465417985	0.0031988097954738183	-4.8824696361169004e-05	0.00023122465323294788	0.002773571699929869	0.005521767878411505	-0.02743995929777533	0.0030377162836360216	0.0002006623837390118	0.000825345783048683	-0.0021619512080886544
4.99	-1.0996547847333787e-05	-0.0003462864810505995	0.003218273445345049	-3.596343001572287e-05	0.00018047629109502542	0.0027601142683262836	0.007999712506421576	-0.014441817713007649	0.0004300319002271669	0.0022834517230794294	-0.010532240328286473	-0.0002383719560639698
5.0	6.353915538494786e-05	-0.0003894031282635417	0.0032061178070199236	-6.613965890383261e-06	3.817190627122348e-05	0.002769823493990959	0.006256147437897513	0.006044016521194645	-0.002582097140922564	0.0033454122026433035	-0.016692467342573323	0.001998991006044556
5.010000000000001	0.00010461990775971662	-0.00024173959169077104	0.0031792704671814373	2.553638522961595e-05	-0.00012353085887231488	0.0027906048181597517	0.001799602286734514	0.021912028292567692	-0.0017083146983960307	0.0027155043555076737	-0.01402535312285628	0.0012689376286331001
5.0200000000000005	9.892354947806216e-05	1.892070006654915e-05	0.0031880383098888917	4.167499020722645e-05	-0.00022155753242298517	0.002781708420788171	-0.003014843614829754	0.028569521141303414	0.0028735936894787218	0.000508746571572013	-0.005026777722254111	-0.0024927622335890126
5.03	4.701487555330377e-05	0.0002797805363268935	0.0032142787802199087	3.692143496703584e-05	-0.00021326994515125647	0.0027592628122886298	-0.006918553599510885	0.02095511955382926	0.0016439465729577273	-0.0014064114351412663	0.0067674643171474905	-0.001365607633978435
5.04	-2.7446016537642682e-05	0.0003986372868137564	0.0032138303304058207	1.5571237975739968e-05	-9.698826737177033e-05	0.0027591836697599135	-0.007271510676529042	0.0017790542998283026	-0.0016778246652679003	-0.002720825968409429	0.01547153990142769	0.0013064961497604084
5.05	-8.603519403034707e-05	0.0003163976236661328	0.003187844981994935	-1.2871533903282915e-05	6.959547981052034e-05	0.0027801995034079804	-0.0039892571265508995	-0.017151539950510417	-0.0027698647362007383	-0.002713441412637182	0.0162684163264136	0.0023152681004152582
5.0600000000000005	-0.00010364886386113754	8.674961297318801e-05	0.0031795658509244525	-3.311626220863175e-05	0.00019883360501407897	0.0027880441997609282	0.0004945986816498759	-0.027380912714330026	0.001689829348805853	-0.0010791765237692687	0.008747650463762642	-0.00128132795294896
5.07	-7.463272452036994e-05	-0.00019242987715361362	0.003205848878013037	-3.4615075597366345e-05	0.00023260273946835254	0.002767849373258372	0.005154137280401854	-0.025735424921820505	0.0024741536954808745	0.0006733995426775341	-0.0024833212612321697	-0.0018794292744138347
5.08	-9.310038391331158e-06	-0.0003783593302371394	0.0032165980800466345	-2.086804924573552e-05	0.00015108873765189097	0.002760147111244099	0.007298622770557322	-0.00967180498324658	-0.0005636713960539797	0.0019814657438487625	-0.013099527762967415	0.0004673030223702247
5.09	5.853123897142472e-05	-0.00037063722748644477	0.0031971066539819766	1.9732999273059132e-06	-7.480250840361571e-06	0.002775458183783937	0.005686306314136502	0.010863294861612971	-0.0028633239029757142	0.0024054446161856924	-0.017211981245740447	0.00229285666180452
5.1000000000000005	9.685037024440374e-05	-0.0001861488458113156	0.003176249353991606	2.2989262140210864e-05	-0.00016097946951055357	0.0027925088533142864	0.001850092665222493	0.02445322514633924	-0.00012004615196321013	0.001493141215583749	-0.012062470912355032	9.694515842338228e-05
5.11	9.333619979563846e-05	8.87600568757241e-05	0.0031972360685808715	2.930435862329625e-05	-0.00023403373454809634	0.0027749353114307138	-0.002684633198658607	0.028358316407298842	0.0031205034342492114	-0.00014262967802112435	-0.0019528714795428138	-0.0025870429473941786
5.12	4.556766557773453e-05	0.0003273996247296565	0.003219085129466782	2.169183498644724e-05	-0.00019318244806350058	0.0027565561293294793	-0.006461579856020024	0.016989198135775554	0.0007329488877514754	-0.0012866564892245625	0.009803535131747013	-0.0007040833396680514
5.13	-2.4024409811295653e-05	0.00039789574073759295	0.0032092318863542416	5.287924229585008e-06	-5.445013821318497e-05	0.0027628500014685495	-0.0068027896222524874	-0.0033711832268341416	-0.002488004485517656	-0.0018909856442872962	0.016769163886511753	0.0018689366023817307
5.140000000000001	-7.953669750569935e-05	0.00027146649956726006	0.0031806282404307504	-1.3382919526706205e-05	0.00011250109992186165	0.0027853558978793848	-0.003952030071992435	-0.020452476003337404	-0.0022194606822006687	-0.0016763152157591762	0.01495701810513113	0.0018371289355210243
5.15	-9.960751856007389e-05	1.9058521319404216e-05	0.00318382819976651	-2.3454200666538764e-05	0.00022065958220469144	0.002783447572815567	0.0001124795501942932	-0.028543672773202324	0.002585337899070349	-0.0002797312284318204	0.006119774353873557	-0.0019846577449536703
5.16	-7.478552411414473e-05	-0.0002522457368258964	0.0032108674438536826	-2.079823019528679e-05	0.00022339082474919877	0.0027638697830726514	0.004699596523602113	-0.02296554062513676	0.0019297869665780138	0.0007198845911582748	-0.0057746438515867155	-0.0013108479401407196
5.17	-1.3345437557996392e-05	-0.0003965083936436553	0.003214483584992184	-9.76607907584676e-06	0.00011422427765669996	0.00276256324644502	0.006986697550841089	-0.004601690209582631	-0.0012682248249027835	0.0014205723527000004	-0.015113895608244776	0.0010896053013652433
5.180000000000001	5.270325875459194e-05	-0.0003398192081771897	0.003190770243667979	5.3437553623527715e-06	-5.332004767250714e-05	0.002781578235956038	0.0056637590608944605	0.015118846856019256	-0.0028148764663439778	0.0014975349297868608	-0.016834242467791565	0.0022401798563946775
5.19	9.317521554214648e-05	-0.00012379675314193897	0.003179025161388545	1.6536392484385608e-05	-0.00019098755818516423	0.0027906017235150315	0.0022605950003696915	0.02666594923523819	0.0013276595859774386	0.0005483269366705998	-0.009692227585404464	-0.001166475272219389
5.2	9.304897124435344e-05	0.00015792353763631944	0.0032054001610871026	1.6963728393234973e-05	-0.00023581187714633752	0.0027681452584763845	-0.0024227333433886346	0.027045017487652208	0.0027333893249259396	-0.0003438783726311947	0.0013121105240017693	-0.0023126787533387554
5.21	4.7524343579555534e-05	0.0003650111474986203	0.0032190879663353475	1.082892699300027e-05	-0.00016416406096636508	0.002755811541890848	-0.006271232436800593	0.012346183625702199	-0.0002626647094977795	-0.0008630168394549609	0.012372992966228602	4.39736997993682e-05
5.220000000000001	-2.0920366194304856e-05	0.0003842468178460044	0.0032011248728003308	9.417868318196427e-07	-8.996210910340958e-06	0.0027687455768586836	-0.006797003156127197	-0.008419905233063595	-0.0029377850789760384	-0.0010851322607446372	0.017301824106132003	0.002288525887183046
5.23	-7.742919697682012e-05	0.00021718591638828557	0.003175837897246639	-9.050733365696497e-06	0.00015051771373252935	0.0027892485308452643	-0.004181696504567089	-0.023343420372638993	-0.0008905920050021705	-0.0007190686106611226	0.013004666137551147	0.0008128944950912381
5.24	-0.00010041205334628691	-5.330161812944098e-05	0.003191550280789065	-1.107317843862044e-05	0.00023402807230636893	0.0027775837495309283	-0.00010590435448240272	-0.02881372607292961	0.0030118385740731854	0.00019048597798605336	0.0031234211425825204	-0.00228489675319412
5.25	-7.686134262373789e-05	-0.0003061882637431597	0.003215332684450688	-7.45703983158962e-06	0.00020444738261789208	0.0027606654901437054	0.004680433687964562	-0.019203149316424747	0.0011359740685748018	0.0004742674496928036	-0.008866123974071166	-0.0007123118291152907
5.260000000000001	-1.5354205054185565e-05	-0.00040207867738925173	0.003210407462310028	-2.2242677530194062e-06	7.210644970944421e-05	0.0027659896995523335	0.0070490104736464195	0.000782047706363308	-0.0019969906233749195	0.0005705424326457594	-0.01645895489205956	0.0016893709603022446
5.2700000000000005	5.167284006147217e-05	-0.0002973191694079199	0.0031844367840956245	3.7151409822920464e-06	-9.687441748659036e-05	0.002787261541585168	0.005853789460663656	0.018903287241271723	-0.0023109292036107587	0.0005607254460556567	-0.015671371310414222	0.001888127237839264
5.28	9.503410347342561e-05	-5.468946240623087e-05	0.0031844793867581342	6.264261646478639e-06	-0.00021392373328295397	0.0027865970519267784	0.0025660903282984544	0.028228348504680572	0.0023669811764289754	-0.00010420616619378882	-0.007137868160730562	-0.002087908986764568
5.29	9.636674435876255e-05	0.00022303211262971666	0.0032113545431706196	3.843138567107022e-06	-0.00022823183933993538	0.0027629648605539863	-0.0024095751127384203	0.024547678401219776	0.0020547769717558866	-0.000279962421789517	0.004620264539669684	-0.0018444385997296918
5.3	5.006158618109376e-05	0.00038949111686787194	0.0032157511210318653	1.3355095213664232e-06	-0.00012812015230385365	0.0027571691762253935	-0.006415228952081686	0.007192750148796932	-0.0012515621824942874	-0.00022860202295345324	0.014515389102623445	0.0007681391537491337
5.3100000000000005	-2.0029105787549298e-05	0.0003571829474344861	0.0031913887956234416	-6.17680161011949e-07	3.756583810235131e-05	0.0027750768396998192	-0.006968142182062123	-0.013050695650515576	-0.003037457153093547	-0.00016544238829170057	0.017132158559965735	0.002405342579540125
5.32	-7.925121476907848e-05	0.00015599981961315985	0.0031749327305792977	-1.5364022832037082e-06	0.00018222846719206722	0.00278928010796807	-0.004594108955587388	-0.02567126144136336	0.0007931443344783717	0.000138201135252918	0.010612294326521322	-0.0004751797051670987
5.33	-0.00010517802578661417	-0.0001239362477838347	0.003200366779456276	1.4385942639374026e-06	0.0002374152498657445	0.00277083018953434	-0.00018418000984352266	-0.02785464320289269	0.003041327273618149	0.00029853865202181273	-0.00019762725777131148	-0.002182029452604781
5.34	-8.036408690475866e-05	-0.0003477302923931798	0.0032188127483078186	2.6971176980575216e-06	0.00017596353287384938	0.002758516067511247	0.004929787635193437	-0.014706991841789654	0.0002899186749954125	-5.103094730989987e-05	-0.011580708239262888	-5.841826550254942e-05
5.3500000000000005	-1.5748630763876347e-05	-0.0003927308176406744	0.003205390886905159	8.223051078021836e-07	2.537425190578873e-05	0.0027698350462353493	0.007367942725880381	0.005941516012427285	-0.002679417881906813	-0.0002800221386038778	-0.017262753280151026	0.0021004793974854943
5.36	5.462881246361265e-05	-0.00024563921642292214	0.0031791013004727974	-1.7958029054004567e-06	-0.00013817228326279968	0.0027903472471197243	0.006212436619539335	0.021940926392276117	-0.0014252799760460912	-0.00025842314590035205	-0.013795430222914047	0.0010686670379328606
5.37	0.0001018321635864497	1.709593540259413e-05	0.0031897915535018	-6.12137234257594e-06	-0.0002307456243602172	0.0027800893333575992	0.002799749948636205	0.028863510614688875	0.0028035345486354967	-0.0004942461515115529	-0.004180837892589529	-0.002434190300917176
5.38	0.00010271231902276284	0.00028031193988071665	0.003213594567497587	-8.194334068764032e-06	-0.00021215869424743563	0.0027597706158438806	-0.0027015597083597347	0.02111724944545993	0.0012842190037228667	0.0001382966762081006	0.007847594504473887	-0.0011145064289306715
5.390000000000001	5.22897210397989e-05	0.000400096116210547	0.0032101478983880267	-3.901566223316065e-06	-8.686138163007728e-05	0.0027618539691551653	-0.006891654939306275	0.001810745986216987	-0.0018973403690451785	0.0006605697250397907	0.016115418028621733	0.0014833046207950653
5.4	-2.2345992545363556e-05	0.00031848058154773054	0.0031839999528421557	3.2277889407383946e-06	8.275630525295203e-05	0.00278336071222973	-0.007391854300766354	-0.017036113903001072	-0.0025127552971846686	0.0006898644925499483	0.016196468571376643	0.0022269764311843147
5.41	-8.619151799400742e-05	8.92167079463485e-05	0.003180848425980062	1.0057254971390994e-05	0.00020785563235798705	0.0027882637871983044	-0.005043624402832974	-0.027471830668108935	0.0022508626005552034	0.0007190495221400159	0.008081342405819087	-0.0016171615412366497
5.42	-0.00011343577552314156	-0.00019090309854720395	0.003210204432878307	1.4578925686260531e-05	0.00023277292883795703	0.0027665544284242965	1.2375036956236397e-05	-0.025774946612558098	0.0025318611371371712	9.808567291286268e-06	-0.003519644423323884	-0.0018698831300931976
5.430000000000001	-8.496889109367403e-05	-0.0003767428821546792	0.0032198239442298962	9.791758064975237e-06	0.0001417972188082716	0.0027593341172887963	0.005445155363589439	-0.009638048414544437	-0.0007917455376347221	-0.0008853078314579276	-0.013887427211910618	0.0005572465529965544
5.44	-1.4951860118141573e-05	-0.00036905628187474255	0.0031973400127336127	-1.130656647238823e-06	-2.1808451739953325e-05	0.0027755358552122695	0.007909552421254814	0.01078816759512967	-0.003178973702186277	-0.0011776599345139133	-0.017347215658061382	0.0023337570087781454
5.45	6.068621004717325e-05	-0.0001855708805538303	0.003175298687399137	-1.1976272135801083e-05	-0.00017271503493969932	0.002791383535662601	0.006779470321119755	0.024385086671564367	-2.700513969674508e-05	-0.0010034345701753606	-0.011454557752770008	-0.00016272463502072792
5.46	0.00011195816264269199	8.883944948289996e-05	0.0031961581168844957	-2.0418735132511265e-05	-0.00023719173657813316	0.0027733249627359484	0.002878124920561578	0.028203771030177897	0.002970480543584442	-0.00045144060224435595	-0.0008513012126765487	-0.0024220496013805273
5.470000000000001	0.00011051959493826795	0.0003255893901643969	0.0032161003984987136	-1.8397103228090288e-05	-0.00018581558701460222	0.002757405689323433	-0.00319130095171143	0.01677472515080444	0.0005698682788527762	0.0008512667083079726	0.010716425891434813	-0.00042877252193413204
5.48	5.4012477039598e-05	0.00039452816928542395	0.00320596202174674	-5.194375366354884e-06	-4.085941608128162e-05	0.0027660359228666312	-0.007526259170147752	-0.00343999936979552	-0.002390847732371386	0.001653808081911032	0.01705633410328995	0.0019986191576565043
5.49	-2.67937877700418e-05	0.0002687507005458612	0.003180215553542376	1.1155458608906257e-05	0.0001251503628095267	0.002787809375809359	-0.007993715596455488	-0.020274159350847965	-0.001691070513813617	0.0014708424006046148	0.014476757863674462	0.0015023577598290295
5.5	-9.639203596352977e-05	1.7873862220072554e-05	0.0031881409216483352	2.3823155033295875e-05	0.00022579913782387931	0.002781716920151443	-0.005402017824254343	-0.02836413288678276	0.0027751643567505858	0.0009640538678782899	0.0051188264492657	-0.002242997759254644
5.510000000000001	-0.0001234385962998432	-0.0002505563603203769	0.003214039284322469	2.6117518790587466e-05	0.0002178077386148968	0.002761542436672124	0.00034569530081737505	-0.02261491039243454	0.0016181963257208584	-0.0005932919842982677	-0.006786056867051413	-0.001215783477317334
5.5200000000000005	-8.904990046934429e-05	-0.00039175270066706775	0.0032137803594137608	1.3221492804993147e-05	0.00010085219683567461	0.002761992099602389	0.0061874488042698485	-0.00438021699291891	-0.0016425013552330628	-0.0018268479413897796	-0.015601870664311443	0.0012718449636973529
5.53	-1.1405644302282306e-05	-0.0003346519398641695	0.0031877307164931245	-7.140155141690855e-06	-6.782873040798137e-05	0.0027825777105554123	0.008623502261681128	0.01495459629725547	-0.0028314155712485956	-0.0020289923454567173	-0.016552460899107137	0.0022836800458610595
5.54	7.117552464715003e-05	-0.00012138131442407741	0.0031786355110637364	-2.4820623385081866e-05	-0.00019908932823727216	0.0027897611158219666	0.007454519813734804	0.026356146121036213	0.0016947056902063462	-0.0014811109033627608	-0.008836538077231523	-0.001440539469865626
5.55	0.0001256453921208702	0.00015605368898009332	0.0032062741540620767	-3.3329054527199933e-05	-0.0002336362264136954	0.002766893052869553	0.002746203107204236	0.0264967417777914	0.0026799979587135312	3.5183887350192163e-05	0.002438932081410942	-0.002199537186420509
5.5600000000000005	0.0001191179516318973	0.0003581004510170697	0.0032186638647094313	-2.3490670966534625e-05	-0.0001528562636369585	0.002756220435195499	-0.004005482216081881	0.011989664496700437	-0.00046829743937082467	0.00182437304998252	0.012994153232817402	0.00024779001907065945
5.57	5.348598264070102e-05	0.00037589726721405696	0.003199169097241858	-3.262988113466205e-07	5.0315091713693076e-06	0.00277072421359403	-0.00846985695062356	-0.008348528559135714	-0.0030019249971797576	0.0025583943993565694	0.017230187070060597	0.002354934883580517
5.58	-3.5973862864050944e-05	0.00021246355221554958	0.0031756177823952705	2.3197038499955345e-05	0.0001597835701647832	0.0027901082773535845	-0.008795262268894833	-0.022861340046863906	-0.0005015091142097911	0.0020069397990444683	0.012207555240115877	0.0005006116976486111
5.59	-0.00011191962270181054	-5.319287184189519e-05	0.003193636267099451	3.794303641900206e-05	0.00023385356282258851	0.002776494910513388	-0.005648148883156683	-0.028223738541907108	0.0029925232855303762	0.0006580866970692616	0.0020928595558339126	-0.0022166639248061824
5.6000000000000005	-0.00013647030497029348	-0.000299659769931194	0.003215970623029833	3.347480734287154e-05	0.0001948753637482749	0.002760930505266151	0.0010634942353807142	-0.018621905346523592	0.0009216759699757183	-0.001515370535843781	-0.009589567887942293	-0.0005271643911646736
5.61	-9.267464288627675e-05	-0.0003918789203861859	0.0032085763518245325	1.0460390637028623e-05	5.824760162873805e-05	0.002767946896933441	0.007255353332396126	0.0009130236115903477	-0.0022172532360469374	-0.0028782125346512627	-0.01659297306254646	0.001826085013099293
5.62	-5.068678509242814e-06	-0.00028877223042384083	0.003182271925251488	-1.858219176908832e-05	-0.00010766895305577608	0.00278941396489772	0.009503231180065252	0.018412893173685108	-0.0020731845464500766	-0.0026546798066426087	-0.014946114544415396	0.0016867902025419963
5.63	8.545807126187415e-05	-5.226929606057049e-05	0.0031861218678619118	-4.010199852155766e-05	-0.00021569720815966978	0.0027851796834753037	0.008014155046897852	0.02755991646145122	0.0026398735530221485	-0.0015337394300368374	-0.006122975727693951	-0.002324296188344864
5.640000000000001	0.00013988573800223438	0.00021766489280990794	0.0032132963135845074	-4.404408685847318e-05	-0.00021969063157050114	0.0027614938734634594	0.002201267502553208	0.0237512389896965	0.0019074481242598524	0.0008690415364174045	0.0055380259737496974	-0.001717419871964498
5.65	0.00012433339518316063	0.00037797208253248504	0.003215897164287699	-2.391762403609409e-05	-0.00011370763455845621	0.0027573006909875583	-0.005157739570910899	0.006841389318997587	-0.0014399616532098092	0.0029553053812477414	0.014725130905216047	0.0009605680628496845
5.66	4.732248232407207e-05	0.0003454588883949334	0.0031901220581271508	9.62614131136082e-06	5.0464573005873825e-05	0.002776929819036713	-0.009517880545700366	-0.012705391435881007	-0.003061318273496674	0.0034127717834362154	0.01661957331661483	0.0025039441667240757
5.67	-5.090800627857295e-05	0.0001506043385623587	0.0031755901644260056	3.869144503500722e-05	0.0001869506571283263	0.0027901677151450934	-0.009571471668145108	-0.024918306392365832	0.0010819652964432973	0.00233591287928044	0.00962862024677445	-0.0007205326537093214
5.680000000000001	-0.00013047502117932656	-0.00012088467299337171	0.0032014328147489473	5.2360575957011115e-05	0.0002318860322353047	0.0027711207645503186	-0.005435893305282543	-0.02688860363181166	0.0028814671578657053	0.00010908466414933193	-0.0011873784618998805	-0.0020848224019027876
5.69	-0.0001476282880099945	-0.000336038674877273	0.003217762478441094	3.916815818670451e-05	0.00016316336874300024	0.0027599538028977816	0.0022207274394679907	-0.014060125887429602	7.895759814696902e-05	-0.0026263573120982454	-0.01195762057319182	4.551864206856165e-05
5.7	-9.059535807594138e-05	-0.0003782086951820215	0.0032029577359366625	4.736058262309562e-06	1.2298158112134149e-05	0.0027720185359500784	0.008603862718168931	0.0058110175237885715	-0.002713361643879093	-0.003955519285253349	-0.01690065852829127	0.0021334166794539063
5.71	8.660784223543685e-06	-0.00023664728049594024	0.0031786917432008377	-3.23931486508352e-05	-0.00014425097744723284	0.00279098089601527	0.010467276107404864	0.021060167228658715	-0.0009659695114214464	-0.003158854994109751	-0.012867266458682284	0.0006940869813626863
5.720000000000001	0.00010658529827668228	1.6028113965314727e-05	0.0031929622649534773	-5.572399315780551e-05	-0.00022700368295088232	0.0027776972297777784	0.008285229947900966	0.02774882101835626	0.002878783484843904	-0.0012379191982754	-0.003172552288783044	-0.0025046246601811905
5.73	0.00015682282537897587	0.0002683023054287845	0.0032156394111429606	-5.214070858829333e-05	-0.0001997556127468367	0.0027581291113475278	0.001190729789341038	0.020205559635504806	0.0010380404068931692	0.001939831007447971	0.008479339922303486	-0.0009536468779085491
5.74	0.00012805195670979516	0.00038274629393066035	0.003209473449398359	-2.027902674982846e-05	-7.178168102160958e-05	0.002761900997749979	-0.006616139529772711	0.0017522925821442411	-0.002138205263890753	0.004120620054847209	0.016013262322177764	0.001623439409337496
5.75	3.743684970284203e-05	0.00030471177560303036	0.00318226862449604	2.243277662508652e-05	9.310970596644728e-05	0.0027842406643366112	-0.010647898931061512	-0.01626749901501409	-0.002418542164168748	0.003999241870209363	0.015369600626067213	0.002139638041919359
5.760000000000001	-7.040080193099336e-05	8.524695212219388e-05	0.003181846680117703	5.444093059304362e-05	0.00020809212645387672	0.0027865232693257695	-0.010318409210191837	-0.026383813772194994	0.002466764530317129	0.0022989260184389563	0.006988789404224155	-0.001818907904523388
5.7700000000000005	-0.00015058251604060217	-0.00018299365382705256	0.003210839612892448	6.238306990064144e-05	0.00022279388323746515	0.002765149449906529	-0.004778985700475039	-0.024599375288643328	0.002333158528351253	-0.0009169660759300361	-0.004366140178613657	-0.0016644372232544034
5.78	-0.00015641426739527057	-0.00036003098791599663	0.003218158091576388	3.7337661049762386e-05	0.00012702203514658951	0.0027604434501036397	0.0036799160243562944	-0.009177743256943713	-0.0010095378548843814	-0.003859580380077345	-0.013940029138110242	0.0008040310695971276
5.79	-8.447667707930546e-05	-0.00035279916842763734	0.0031948151107773007	-7.974234133769845e-06	-3.301073358068397e-05	0.0027781413895526658	0.00996776961217833	0.01027292081097197	-0.003078432261174295	-0.0047529961822264915	-0.016646054105216555	0.0023457302854602833
5.800000000000001	2.5991068380896e-05	-0.00017795461574954507	0.0031763174618688293	-4.929027121742139e-05	-0.00017433983623537996	0.002791735593959519	0.01143674432034267	0.023327341636349044	0.0004981857255541364	-0.0032738416057482675	-0.01037072880198323	-0.0006063461483988309
5.8100000000000005	0.00012904570572550605	8.469127540449468e-05	0.0031993158062752934	-6.958375440542007e-05	-0.00022858556224739736	0.002770738206721388	0.008122778024159573	0.026946194224891598	0.002866328142301495	-0.00041715049459036484	2.7844000202824804e-05	-0.0024963812548256087
5.82	0.00017104492898322362	0.00031017941411056805	0.0032169402534227686	-5.4721170128499227e-05	-0.0001713272657076381	0.002755258357007657	-0.00017058096916977493	0.015938752141872566	0.0002560646477859881	0.0032585222092717074	0.010944226071961435	-0.0003114463756742589
5.83	0.0001263757541922092	0.00037557588243091367	0.0032037191630026013	-1.038020325316085e-05	-2.7682115292908948e-05	0.0027655567305718185	-0.008279878514164405	-0.0032644356021935147	-0.002616015566365194	0.005167122892861863	0.01653475456816837	0.0021685747179454947
5.84	2.125338558464594e-05	0.00025633376814792393	0.00317809908587668	3.9141285614584585e-05	0.0001301069676967985	0.0027881664312506657	-0.01183997647962522	-0.019241902072379687	-0.0013975610409777191	0.004305642916541301	0.013415604608132618	0.0014138710119402163
5.8500000000000005	-9.596762321138689e-05	1.7075904876431077e-05	0.003189595592310904	7.09898111836658e-05	0.00022019077561641188	0.0027812994144804917	-0.010741285226498715	-0.02705272613129972	0.0029673826654558156	0.0018137626197815729	0.004121779876526143	-0.002164401265767541
5.86	-0.00017221895069347153	-0.0002379598918292214	0.003215346145917645	6.913711144693486e-05	0.00020407314243165174	0.0027626452079113576	-0.003634902575301939	-0.021420491550361475	0.0014679504626782934	-0.002225004314926757	-0.007306984751274398	-0.0010270853378466433
5.87	-0.00016167974225203864	-0.0003713265941007743	0.0032128735911177604	3.0383871490403196e-05	8.59653718426248e-05	0.0027648025764102032	0.005589526601300377	-0.0041011403375158266	-0.0018817901449035904	-0.005175831551885268	-0.015306905792911382	0.0014208802362422857
5.88	-7.165321232770716e-05	-0.0003171208119907123	0.0031858072235432973	-2.4863546836585584e-05	-7.590732914386957e-05	0.002785455214275548	0.011517474653621046	0.014100745147825144	-0.002721617001140023	-0.005343403680319575	-0.015531322531479534	0.0021079113134444237
5.890000000000001	5.1614880385306165e-05	-0.00011559763233812035	0.0031799857894094655	-6.820572640416095e-05	-0.0001960133582359419	0.0027890255002262997	0.012450912505178964	0.02500306376492473	0.002040279550011783	-0.0031498678401749884	-0.007740298348740276	-0.0018193183738807377
5.9	0.00015710179044861985	0.00014744821748097195	0.0032080936826326765	-8.156272053209612e-05	-0.00022096102412678088	0.0027647173120803562	0.007476264317005318	0.025078835116704026	0.0024848401460035342	0.0008002702956635805	0.003171000454542336	-0.002138965283147216
5.91	0.00018570556550778192	0.0003383413083077767	0.003217836213419756	-5.250504911228071e-05	-0.00013645076176784082	0.0027554619049245653	-0.002036886407431966	0.011275427310313727	-0.000719251503126962	0.004733496961513831	0.012985341841212075	0.00044111626686919034
5.92	0.00012085621352357058	0.0003550001460879675	0.0031963433781766436	4.686741932964502e-06	1.7157205023318166e-05	0.0027716505720571344	-0.010224678124306576	-0.007848728212474964	-0.003075548420744795	0.006198748481510657	0.016383091897858706	0.002457590790979943
5.930000000000001	-7.263187469340367e-08	0.0002010942667034687	0.003174666055632004	5.9639006120446546e-05	0.0001605971823993886	0.0027902380547849795	-0.013114062913192724	-0.021553837177547885	-3.5441241965331386e-05	0.004413343634692368	0.010942325503130507	0.0002058892640415534
5.94	-0.0001256376430832999	-4.948056404898515e-05	0.003195654422932554	8.830960308622184e-05	0.0002227144946815425	0.002775315506008091	-0.010804735416651192	-0.026574331869678867	0.003034625899514739	0.0009239235215985973	0.001041604129494589	-0.00218542133637558
5.95	-0.00019365956214757753	-0.00028099389258403766	0.0032166051476643118	7.381498448474982e-05	0.0001772745788634386	0.002761212698441322	-0.0020815027238684273	-0.017445691007473424	0.000657369513504325	-0.0037003906164224595	-0.009784240356049995	-0.0003273595870914269
5.96	-0.00016385109056247767	-0.00036715013663820184	0.00320665623840811	2.063436797770261e-05	4.339463813343667e-05	0.0027698502923988546	0.007709295727049797	0.0008500912828181737	-0.0023953745732138	-0.006428014745377366	-0.015860059462386233	0.0018854185806987168
5.970000000000001	-5.500166644374609e-05	-0.0002711565020654624	0.003180206699982548	-4.331851460598408e-05	-0.00011235439644115267	0.0027901722524197995	0.01305518211813344	0.01714509418981436	-0.0018453751459898162	-0.005712089242109338	-0.013690864249166872	0.001365579810095709
5.98	8.070092764456565e-05	-4.9732770988978285e-05	0.0031873444341375943	-8.625324169666358e-05	-0.00020818739460382773	0.002782174889346153	0.013182974483484851	0.0258241045272092	0.002818977098415315	-0.0026372953506245598	-0.005004692600548544	-0.0024990654802583947
5.99	0.00018400008280133347	0.0002027406186288064	0.0032140143740802757	-8.862295696548154e-05	-0.00020338401787082911	0.002758903764419627	0.00632121975716957	0.022152541415568966	0.0016967619713730996	0.002303185354987509	0.006082541175840056	-0.001507596793798379
6.0	0.00019472131612121728	0.00035186032605893973	0.0032144451717106867	-4.417778437895571e-05	-9.668561324596872e-05	0.0027575480701019697	-0.004223733178232805	0.0063333952808155205	-0.0016150804454434053	0.006152355340270325	0.014331675907499513	0.0012319476081685515
6.010000000000001	0.00010868257048950667	0.0003217484745535117	0.003188023844469675	2.3667013240558317e-05	5.9399817803978466e-05	0.002779115175734594	-0.012099616727074642	-0.011745139379456664	-0.002936172599827851	0.006745631005678498	0.015440496190095432	0.0025281572212002426
6.0200000000000005	-2.7685634349259827e-05	0.00014092748162638515	0.003177229861743569	7.931229115966562e-05	0.00018290760924420183	0.002790014962770352	-0.014376958824520862	-0.023235756330446618	0.0015456827068487291	0.00409895731171615	0.008372876463463255	-0.001061387032993873
6.03	-0.0001577838775751265	-0.0001119155442143703	0.00320496695275495	9.9425131039844e-05	0.00021695357169598388	0.0027700321957228363	-0.010246771239494171	-0.024986188777167455	0.0027953633751594204	-0.00046631745869933134	-0.001981400157049276	-0.0019968471184460728
6.04	-0.00021138684572082696	-0.0003113310804653199	0.0032188203848893433	6.932287213802037e-05	0.00014477048014297715	0.0027602318884255616	5.684333937285972e-05	-0.012963624219655707	-0.0002739958881959532	-0.005296306479532792	-0.0118223590667072	0.0002388824233688212
6.050000000000001	-0.00015797790500222058	-0.00034971887097564014	0.0032007681794409895	2.5898813368522782e-06	-1.5160995013277988e-07	0.0027738260064672756	0.010032323671158272	0.00541667813137883	-0.002913570276044183	-0.007425319703645109	-0.01590894286674137	0.0022158964054782636
6.0600000000000005	-2.990755092417219e-05	-0.0002187502388938118	0.003177150348224226	-6.54622109713085e-05	-0.00014407141724303167	0.002791406349846642	0.014560856612309101	0.019485962494406393	-0.0006178135992660918	-0.005612712057038196	-0.011464516589647637	0.00031443773964056335
6.07	0.00011587334281147203	1.558674261273289e-05	0.003194447452557846	-0.0001034772067751968	-0.00021448675587211304	0.002775303770599861	0.013354485910497791	0.02568013243698238	0.002952145995647385	-0.0015767421262120342	-0.002162950731576689	-0.0025701041815289535
6.08	0.0002104161865058414	0.0002480528037531588	0.0032158976788831837	-9.118752514705795e-05	-0.00018128793122281205	0.002756606994811729	0.004546697105898347	0.01849407110235009	0.0008145446487996358	0.003944055693962327	0.00858644026708202	-0.0007678036487103576
6.09	0.00019830497336026875	0.0003520452920914954	0.0032074572317905927	-3.1333883313730936e-05	-5.698907174724489e-05	0.002762486884256024	-0.006798603770921595	0.0014830479040624542	-0.0023316256196756293	0.007493223781350376	0.015165855083959998	0.0018465591499902232
6.1000000000000005	8.900396401957797e-05	0.00027998739284841947	0.0031801800785683752	4.502971903469852e-05	9.621321611170492e-05	0.0027859304444098785	-0.013984856309121262	-0.014902783394088634	-0.0021627196905261324	0.00702948292923248	0.01393851221769661	0.002081845305481201
6.11	-6.204564228068435e-05	7.861328192641353e-05	0.003183899396164354	9.90842009698127e-05	0.00019742118077761028	0.002786483468375778	-0.015303155378945808	-0.024243020721475283	0.002772071793244806	0.0035208401471583956	0.005797980191136717	-0.0019132842585677823
6.12	-0.00019042943504748641	-0.00016687476358970147	0.003213296358856467	0.00010716092116887371	0.00020317724344311695	0.002765400294025854	-0.008985899232426629	-0.022438098952982287	0.002139966207489586	-0.0021395569496084335	-0.0048502974109338355	-0.0015749126756687095
6.13	-0.00022358617101244453	-0.0003279617954308984	0.0032177897604656193	5.971077016116896e-05	0.00010796073692489557	0.002761655203498284	0.002618449090766781	-0.008297686335493524	-0.0013338426984406306	-0.006922528197908822	-0.013364871455587473	0.0008630578174524621
6.140000000000001	-0.00014475819136054876	-0.0003209321787253276	0.0031922317707486223	-1.904251181281138e-05	-4.202687517394522e-05	0.002779223473006158	0.012270246901650024	0.009352615471473407	-0.0031217956453351925	-0.008094460813017155	-0.015289444637374364	0.0022244965632664355
6.15	1.003666722565863e-06	-0.00016220308812474186	0.003176463021214822	-8.78685875219707e-05	-0.00016849964905231421	0.0027897845973002275	0.01597909662339329	0.02122608676685176	0.0009389111977976002	-0.005232230786119051	-0.008953181630591769	-0.0010039228002107188
6.16	0.00015302539062003333	7.697771323007796e-05	0.003201417529364858	-0.00011643451061095305	-0.0002112123616548356	0.002767919889788155	0.012884091918652618	0.024480512193767883	0.002823019864899334	-2.4450369843755557e-05	0.0008724965128771989	-0.0023276449001865714
6.17	0.00023229882875924852	0.0002810834359695344	0.0032171452857683823	-8.62360419355928e-05	-0.00015085529113890132	0.0027555677554306785	0.0021860705697223635	0.014372262667456443	-2.395609288248347e-07	0.005762318274311347	0.010685012327082041	8.222471390050473e-05
6.180000000000001	0.0001933799954116792	0.0003396879120479426	0.0032016598809552137	-1.1188682953382002e-05	-1.479996690966794e-05	0.0027692860286101413	-0.009482522516455526	-0.0030014972961039193	-0.002759306247123103	0.008591519617877656	0.015349725761054275	0.0024194639968781488
6.19	6.200612773946896e-05	0.0002321885794770171	0.003176980608957955	6.961692649829847e-05	0.00012820259369533527	0.0027920467079359176	-0.01568490197241313	-0.017295093575744554	-0.0009618428948874997	0.006815270068033455	0.011797275169706882	0.001127352565370758
6.2	-0.00010125339733979991	1.6601610191400946e-05	0.0031925712669750076	0.00011715347980690984	0.00020424290473770287	0.0027815368615381544	-0.01573670295500219	-0.024419599466686724	0.0031421478721519115	0.00230598289338784	0.002996014068484169	-0.0023690609955215455
6.21	-0.0002219392434066243	-0.0002132659328729909	0.003217660042753284	0.00010822978934379299	0.00018158812887482956	0.0027622521891198454	-0.007139418304473085	-0.019272039156084282	0.0012409359737283185	-0.004064124679185839	-0.007393503406809455	-0.0010355836230837349
6.220000000000001	-0.00023021943894379037	-0.000333598580778042	0.0032123784552967787	4.264205840260628e-05	6.865103935334345e-05	0.002764342220268672	0.005491616897804634	-0.003756869963271413	-0.0021757481767648613	-0.008456464275789043	-0.014224957003576746	0.0013970251787861025
6.23	-0.000124688917928379	-0.0002858025601886807	0.0031837840803806495	-4.563373655529503e-05	-7.873756227217384e-05	0.002784113692997404	0.01453116368176431	0.01254317873968783	-0.002653888389069213	-0.008332766141210307	-0.013837352770234	0.0019309472698991212
6.24	3.872340169460648e-05	-0.00010578650352687388	0.003179973858577291	-0.0001106939179297363	-0.00018280383979771736	0.002785154410203625	0.017207246878529304	0.02244206086639531	0.0021438109608439854	-0.004350650380250238	-0.006382189977041322	-0.001937266552886034
6.25	0.00019150347992608605	0.00013042461310824294	0.0032070984296842077	-0.00012418206867323404	-0.00019803964724219653	0.002762403258693771	0.011698254146994444	0.022497993823201362	0.002281076713288561	0.0019571449758301104	0.0036142566818385025	-0.0017851277067441674
6.260000000000001	0.00024951752217545955	0.00030157984988554546	0.0032150075124162533	-7.435302598343202e-05	-0.00011544449302710787	0.0027569596491923065	-0.000647498136307853	0.01012913954702238	-0.0008517907630099463	0.007564254257600813	0.012199428836391059	0.0007791948017537629
6.2700000000000005	0.00018143370620839018	0.0003171973784061325	0.0031939064307535603	1.3805649752741996e-05	2.547663955552095e-05	0.002775665853588613	-0.012198567612894532	-0.0068878397476102235	-0.0028578323153342074	0.0092973100924849	0.014733470463547296	0.0025513461354250136
6.28	2.837986034462934e-05	0.00018185932342347266	0.0031767928017260305	9.449750041099851e-05	0.000151643625441365	0.002792354451738854	-0.017380751646351108	-0.019052717791466094	0.0005531325209548814	0.006243151056935589	0.00933001446282198	-0.00022196529908634265
6.29	-0.00014424635367467687	-4.090582855437838e-05	0.003200857565364332	0.00013132503413156022	0.00020129333935333047	0.0027744590930640625	-0.015468216198676705	-0.023665395872014983	0.002984506591308638	0.0006133040769422117	0.00018543026630988418	-0.0022849357757655387
6.300000000000001	-0.0002500368546320184	-0.0002471114962327072	0.003218992991205197	0.00010305461666117662	0.00015298147570157135	0.0027603473921302903	-0.0045976156861337325	-0.015591313973671417	0.00026509291961814165	-0.006012495397318012	-0.009471433534865016	-0.0002749138257636974
6.3100000000000005	-0.00022838113100171414	-0.0003249055558974344	0.003205423430898795	2.183086876663575e-05	2.808635619980917e-05	0.0027694862803646397	0.008595270010377784	0.0005816162211409811	-0.002705262904793008	-0.009520183328413093	-0.014455424655909377	0.0019158240702801554
6.32	-9.635467323159193e-05	-0.0002419940686672468	0.003178120002569415	-7.019176729356242e-05	-0.00011061483537909451	0.002789385777775249	0.016580390814110432	0.014970406372026507	-0.00168141195291776	-0.007990426299795511	-0.011855321629447947	0.0011580019528734423
6.33	8.20365873588475e-05	-4.6995100486441196e-05	0.0031874099376373597	-0.00012754101634599864	-0.00019057392695569873	0.0027795871807145523	0.01789539526193398	0.0228463996744517	0.002875571414516902	-0.00311239427466562	-0.003752458621477822	-0.0025108492293385498
6.340000000000001	0.0002282510458479172	0.00017626726249297953	0.003213321403308217	-0.00012399554988507664	-0.00017884761694520168	0.0027579746044975374	0.009784603196903427	0.019600292816938113	0.0015543629897615057	0.0038855279832906227	0.006074604386867749	-0.0012417983645544339
6.3500000000000005	0.0002589131563761698	0.00030874557274349713	0.0032124498334068505	-5.6439000369122016e-05	-7.852383091513977e-05	0.0027591814263135126	-0.003886929126465921	0.005740930860866132	-0.0016872618964866386	0.00902392368625461	0.013114697005143661	0.0014595267468005806
6.36	0.00016038500111838477	0.00028442639408373245	0.0031869182888123082	4.081507256832495e-05	6.159687177406264e-05	0.0027816313279562382	-0.014773227990576362	-0.010074150441101382	-0.0026841727107400843	0.009494426988889824	0.013599962149930048	0.0024533102697019546
6.37	-1.2478895839607927e-05	0.00012737427663377034	0.0031802263893390232	0.00011701223407087695	0.000167816363053837	0.002789995890134796	-0.018805750157960842	-0.020351863202582168	0.001900466345552893	0.005348533763458662	0.006897105376823939	-0.0013255115143445636
6.38	-0.00018745344565758817	-9.47173993823354e-05	0.0032080385764971346	0.00013875945904452523	0.00019125208629200302	0.002769545328210099	-0.014364539101169525	-0.021975110419269913	0.0025333619602989003	-0.0014185869879999652	-0.0024999805557475705	-0.001860645909106724
6.390000000000001	-0.000270940266895408	-0.0002707496268420508	0.0032183074893487877	9.017548006995979e-05	0.00012094925855284025	0.0027614709396940234	-0.0015390915257859799	-0.011550258211459665	-0.0006686200953761536	-0.007886509884574667	-0.010968542207167347	0.00038463666924359896
6.4	-0.00021711046264178476	-0.0003069573023204836	0.0031975785475335714	-5.375756408704562e-06	-9.987239615254987e-06	0.0027756998467456918	0.011638412449101016	0.004466523270410708	-0.003022072293397635	-0.010360310766564008	-0.01410791529179921	0.002167044772472529
6.41	-6.0947246759608844e-05	-0.00019521471356915727	0.003175665982751298	-9.740487786323553e-05	-0.0001345840630557165	0.0027909126793498468	0.01838714443091249	0.016814718886845225	-0.0001515778390361442	-0.007283187462659819	-0.009600996928472758	-0.00011937049402812737
6.42	0.00012847095819602857	8.63614775941614e-06	0.003196038803800209	-0.00014305243277843935	-0.0001900020765298015	0.002772010196885545	0.017857431827851773	0.02240935895668017	0.003031286639963566	-0.0013504006050497916	-0.0011062647540291404	-0.002605318711913764
6.430000000000001	0.00026039211083405485	0.0002120504721675714	0.0032171324197299432	-0.0001184746458516845	-0.00015314735090673912	0.0027547270304062303	0.007182768047344322	0.016277352931039303	0.0007153338904818388	0.006065682195509535	0.008173755544957547	-0.0004811879156464382
6.44	0.00025945188101046684	0.0003050821756928039	0.003207817490010212	-3.194971207086187e-05	-3.983622297694502e-05	0.0027637460676675596	-0.007266377304334684	0.0015941098051359577	-0.0023631158911331224	0.010422770895335469	0.013504880873198013	0.002112195648194195
6.45	0.0001312111323625156	0.00024576912780919385	0.00318126076637375	7.128300632542463e-05	9.367572324381153e-05	0.0027880698980873825	-0.017116212283437692	-0.012596294108056903	-0.0019293784069364	0.009210870404346781	0.011835109116869736	0.0019026735890264072
6.46	-5.915727745848852e-05	7.277759094194944e-05	0.003187288280696289	0.00013894798652732296	0.00017691118605837764	0.0027853815368233965	-0.019792238733635087	-0.021010446839734402	0.0027567495625481836	0.003978100990359137	0.004386187144565448	-0.002119111274901095
6.470000000000001	-0.0002294291089053237	-0.00014067069144681614	0.0032141260323399388	0.00014131512466767962	0.0001745878121976026	0.002764485803088115	-0.01243637399913914	-0.019585410313630126	0.0017707474124430609	-0.0036735797699032104	-0.004914731001208791	-0.0014363253326229956
6.48	-0.0002840569366563511	-0.0002824909190968328	0.0032149061924087205	7.15248110485128e-05	8.621606230114355e-05	0.002762343430921625	0.0019567982703921163	-0.007490634578172682	-0.0016017092952194524	-0.009654652109313948	-0.012002930933431074	0.001052247627392545
6.49	-0.00019640398711088822	-0.0002799019676640738	0.0031882949758555296	-3.553144231982289e-05	-4.5497202377424804e-05	0.0027812451186564426	0.01457522929412369	0.007721674420011147	-0.003001011858062425	-0.010738968870650135	-0.013115558697227251	0.002234056903219776
6.5	-1.765932240691663e-05	-0.00014571666690689207	0.003176449799095151	-0.00012386770476170795	-0.00015146512935339753	0.0027894517529503315	0.020093728867430594	0.01818077361708992	0.001454107712202894	-0.006400587973706308	-0.007230216985597947	-0.001323694737104098
6.510000000000001	0.00017728756325844313	6.037471378621294e-05	0.0032040624702750213	-0.00015444055529877706	-0.0001821320118993233	0.002766499116785662	0.016911239775478214	0.02118006313931117	0.002840215115499925	0.0007787773913766618	0.0014364046438495894	-0.0022448483534240394
6.5200000000000005	0.0002864823146672311	0.00023822898627865447	0.003218543400950109	-0.0001075235277552181	-0.00012372040131430775	0.0027554555171399146	0.0038685786550292003	0.012687813567787632	-0.000217742470432376	0.008172878678910579	0.009739493092010552	0.00021963373395510915
6.53	0.0002493457818011802	0.0002923364741436026	0.003201086327279407	-4.899107481223425e-06	-3.0324663155907823e-06	0.0027701779290354727	-0.010794261578475425	-0.0021635932555887825	-0.002907515252940462	0.011431665913232922	0.013358791578699463	0.002445903836466001
6.54	9.284407557641056e-05	0.00020393603359772103	0.0031767562180212445	0.00010013444181087756	0.00011889693395897843	0.0027913136229225756	-0.019189969745596953	-0.014538608289893637	-0.0007359494147491525	0.008606536996079169	0.00979141561959176	0.0007565846771891097
6.550000000000001	-0.00011089651695792127	1.9925077173714657e-05	0.003193407506330996	0.0001568195745362821	0.00017927346465665815	0.002778828557926324	-0.01994464784677447	-0.020992256110262446	0.0030048606912120345	0.002229007973612429	0.0019432466114696683	-0.002335560963127011
6.5600000000000005	-0.0002675149042898845	-0.0001787054421063972	0.0032162092598919563	0.00013733663392370937	0.0001529288388163871	0.0027612533735128673	-0.009746462577508526	-0.016755585343120598	0.0009571251055697437	-0.005980367776379282	-0.007026133829299415	-0.0007575251179836797
6.57	-0.0002880363402728284	-0.0002846796324908007	0.0032089556250345513	4.7650255768303265e-05	5.047090724271264e-05	0.0027663194293586174	0.005730427187719334	-0.00354139560548211	-0.002240329310705036	-0.011171828670941871	-0.012602570240961045	0.0016554688805474624
6.58	-0.0001665556766242654	-0.00024715249209458686	0.0031815356046060233	-6.64801475935254e-05	-7.755418519838597e-05	0.0027873101222666953	0.01727847349564783	0.010346530107811579	-0.002305361090058707	-0.010529101259047016	-0.011729585487830055	0.0018050782212318402
6.590000000000001	3.243103296846644e-05	-9.588449848436611e-05	0.0031833242149839538	-0.00014658240133718844	-0.00016278489282411926	0.0027849422683422446	0.02136148814884021	0.019093447797275575	0.002630213557791323	-0.005105788946583071	-0.0048638196968189005	-0.00222760607177646
6.6000000000000005	0.00022475138047530936	0.00010596111476264112	0.0032122964046230715	-0.00015802953691351575	-0.00016845676947870787	0.0027613749241126853	0.015104241012745987	0.019313284788298746	0.0022043534972317003	0.003104936795050604	0.0038891947186727796	-0.0017434962671386593
6.61	0.00030506502039437394	0.0002540612849702232	0.003217731693650147	-8.935666805149129e-05	-9.097342056548448e-05	0.0027569055635240317	0.00021785417294247237	0.00894235652951915	-0.001207643000401171	0.010020969704758175	0.01093138587543766	0.0009241560849947549
6.62	0.00023105583174520507	0.0002715500229031221	0.003193045575049479	2.553338726121332e-05	3.222684506062861e-05	0.002776407026735947	-0.014102763942119203	-0.005388902494050586	-0.003115346246565961	0.011896006827844075	0.012614913953622407	0.0025474909731579834
6.63	4.877529598565817e-05	0.00016002844226821507	0.0031761453447636825	0.0001266287337133106	0.00013758980872178886	0.002791116785790185	-0.021109012855081502	-0.016003959615635242	0.0007724307443982486	0.007579552510084195	0.00751057715325471	-0.0005174343191526014
6.640000000000001	-0.00016338579725355242	-2.8970754052087767e-05	0.003200580605782993	0.00016762553957311307	0.0001739246328453939	0.0027725123323905413	-0.019293168296063316	-0.020185475515813255	0.0028499294993683676	7.50971523287684e-05	-0.0005681192506880617	-0.002146847682842361
6.65	-0.0002990212042841931	-0.00020616273258923797	0.003217238843770605	0.00012551244866861798	0.00012589344163155432	0.0027607041380761435	-0.006464399369909954	-0.013547007598566675	0.00012276546094085677	-0.00813632151164573	-0.008649613961655995	1.8210888777012697e-05
6.66	-0.00028169556519837936	-0.00027605316351114777	0.003202457632876193	1.8888652655806413e-05	1.539244451220342e-05	0.002772424534269133	0.00961339268624532	5.933820277740757e-05	-0.0027441005079098107	-0.012247517794490525	-0.012518132077971632	0.0020960523526816492
6.67	-0.00012801335947819722	-0.00021006977820196558	0.003177050560833488	-9.713253669826351e-05	-0.00010199405059059981	0.0027919799019335443	0.019658869055884765	0.012321717496980123	-0.0011656754557493013	-0.009816821662416991	-0.009748663197417668	0.0008221892776542842
6.680000000000001	8.707474857201174e-05	-4.671786108971229e-05	0.0031914743415125857	-0.00016484241511052785	-0.00016502703845779626	0.002778248547062315	0.02182184345309924	0.019321938706239068	0.0031526526269566686	-0.0032624453042602777	-0.0025414364248104618	-0.002742177817521987
6.69	0.0002674876332154045	0.00014329745985318515	0.0032173399699388563	-0.00015312599314820478	-0.0001481512955336774	0.002756064257088288	0.01237549062583675	0.016811579517886022	0.0013648974972898132	0.005595636758293089	0.005849322321452715	-0.0011704961124237537
6.7	0.00031167592988612077	0.0002586212667135289	0.0032134459855111632	-6.254307593955071e-05	-5.76578242359187e-05	0.002758627967618294	-0.003873374213154667	0.0052331700390774415	-0.0020475975222537515	0.011709128735061525	0.011482490456419343	0.0016396413543891019
6.71	0.00020053659211969715	0.00024209151184283623	0.003184829758622881	6.081418459719973e-05	6.23862993380318e-05	0.002782362527665989	-0.017103601741139698	-0.008101953796616141	-0.002776470595956551	0.011742331695969636	0.011358734460989964	0.002458989458466799
6.720000000000001	-3.5211979798091835e-06	0.0001125170216312827	0.0031800257977069217	0.00015237018308463147	0.00014790942664200064	0.0027886233451741844	-0.022550477733490736	-0.01703501569163697	0.0021479672470783723	0.006081157588617594	0.005230302211041101	-0.0015111133410288982
6.73	-0.00021532676385610243	-7.442601324396221e-05	0.0032080502494991527	0.000172276727497841	0.0001608813345758002	0.00276804879087745	-0.01759455946558518	-0.018589140782545557	0.0023887372727274528	-0.0024921850667759416	-0.0028697892200920706	-0.001739074458574543
6.74	-0.0003208616118914564	-0.00022450574742714956	0.003216765097731212	0.00010548846717676794	9.48280342564934e-05	0.00276180089732276	-0.0025377730046164605	-0.010015574924305099	-0.0008243488900259332	-0.010234038246148545	-0.009788970740452374	0.0005954739791316836
6.75	-0.0002637455530969768	-0.00025860298627210796	0.0031953667417358327	-1.527165242272773e-05	-1.8658100806067253e-05	0.0027776520309814316	0.013220326097095262	0.0033245250590688263	-0.0029464620236791953	-0.012818621433453492	-0.011904711535468267	0.0022196010846391796
6.760000000000001	-8.229073252057291e-05	-0.00016895616861641345	0.0031763903442816235	-0.00012707700051384796	-0.00012116440423062993	0.0027913343218011395	0.021696539375541952	0.013782297113301575	0.00031183135681543873	-0.008623539930869966	-0.0075882948574877585	-0.00046264944234532767
6.7700000000000005	0.00014320110173865526	6.967019026597202e-07	0.003199219869339471	-0.0001777120030603577	-0.0001616327111463044	0.0027710431779262817	0.021367822396817282	0.018816952953932382	0.0030129106604568166	-0.0008920889991142146	-0.000212290199886557	-0.002496438731715791
6.78	0.0003031571598179623	0.00017280652040438325	0.0032185340151387846	-0.00014014554359571054	-0.00012399926266485497	0.002755783846941139	0.009024059683240413	0.013927084778653478	0.00042315981655541925	0.008047625349717435	0.0074446306727816	-0.00029350263656753307
6.79	0.0003079492967701207	0.000254631850497169	0.003206009618358141	-3.0657524134181235e-05	-2.499531843775341e-05	0.0027660696843503623	-0.00795384521457211	0.0018219798703097204	-0.0026516356332746717	0.012905971162018253	0.011504847915900876	0.0021666139897982546
6.800000000000001	0.0001622849887887278	0.00021016348678401533	0.0031786721272325643	9.493119548767221e-05	8.645356754105657e-05	0.002789262766769945	-0.019683684135013296	-0.010053814985772474	-0.001721446850226598	0.01093682168247568	0.009643909784774408	0.001564772231890268
6.8100000000000005	-5.989189468318109e-05	6.882641650598712e-05	0.0031874185806993562	0.0001727750546789878	0.00015169708002684613	0.0027830154727577143	-0.023310930126408308	-0.017412408137665442	0.0028876562891879992	0.004180191101233447	0.003077548014004837	-0.00228712354351054
6.82	-0.00026189082166604486	-0.00010964941150840909	0.003213935493801192	0.0001684076506093649	0.00014341787049492583	0.002762039994246366	-0.014983053065363175	-0.016543931630917406	0.00161393239455265	-0.005137852989512939	-0.004722032482629559	-0.001299970984365479
6.83	-0.0003312411392535279	-0.00023152116530100413	0.003213175800264561	7.826948974927005e-05	6.459931857103744e-05	0.002761970785669559	0.0017087067384584241	-0.006744748061216082	-0.0017275997594209762	-0.012057482998279216	-0.010352122047401073	0.0012660497086247962
6.840000000000001	-0.00023427611497545554	-0.00023522792722554278	0.0031864497047872846	-5.222566165225871e-05	-4.6381685952533946e-05	0.002782048915115122	0.01655368093585242	0.005803693501802362	-0.0028540472548484936	-0.012816489022970636	-0.010813541134702027	0.0022172914859794625
6.8500000000000005	-2.864127735588475e-05	-0.0001291476648972711	0.0031780885747187235	-0.00015499387233122177	-0.00013117235070985635	0.0027882558402090502	0.02339189741537152	0.014727253425547595	0.001824811642417187	-0.007154820256327458	-0.005497375152771432	-0.001541108947846796
6.86	0.0001995279588657156	4.043682243593957e-05	0.003206563174606629	-0.00018435007601446627	-0.00015069150530539225	0.002765379265382048	0.01991289123897373	0.017647493474205814	0.002700296653482816	0.0017647473048059033	0.0018266000729679887	-0.0020679522311547855
6.87	0.00033027650182247616	0.00019079954508409165	0.0032187134146877392	-0.00012096330541224251	-9.680826461749968e-05	0.0027565036752097297	0.004994014359081919	0.011000560232897109	-0.0004883347198975642	0.01034291280941077	0.00847038440203765	0.0004256060410231247
6.88	0.0002924750984309182	0.00024177437646912453	0.0031991718977306934	4.951592440956745e-06	5.247065215899866e-06	0.002772615773275683	-0.01201029079193744	-0.001094644446253991	-0.002977786635258133	0.013719893869204055	0.011057615792838581	0.002475199362750996
6.890000000000001	0.00011516500449128676	0.00017544047149364175	0.0031764856443732906	0.00012786538469389348	0.00010344171636408407	0.002792049829467688	-0.021976257509811966	-0.01144112697338761	-0.00035420045432234574	0.009753728098286205	0.00760603687915868	0.0003616084251229962
6.9	-0.00012057324014116853	2.741752352305635e-05	0.0031955617376360134	0.00018852356314703032	0.00014761345298956586	0.002776843751655102	-0.02323668254383	-0.017125434023406754	0.0030156104054716994	0.0018089113742705148	0.0009687412663777948	-0.0024072117221169385
6.91	-0.00030450839192382254	-0.00013680525999303927	0.003216848851017674	0.00015724617953549107	0.00012060159042086868	0.002759970178097462	-0.011651054607094018	-0.014122640303936207	0.0007453751983286124	-0.007844178771381707	-0.00617909841457843	-0.0006164186028629537
6.92	-0.00033263921302708547	-0.00022936015339299943	0.0032076124668615168	4.541248971749743e-05	3.406055621976931e-05	0.0027664511660712497	0.00616068387518273	-0.0036321904129182816	-0.0024066818034621075	-0.01354387929288684	-0.01036913075336771	0.0017796529042231521
6.930000000000001	-0.00019664732866716232	-0.00020661448086872793	0.003180452543928232	-8.986699866982405e-05	-6.922340850519072e-05	0.002787766871871314	0.019576881498034174	0.007673335721158637	-0.002030789004075304	-0.012173265403304111	-0.009250687726650584	0.0016816791947834278
6.94	3.120801142572859e-05	-8.940681166937326e-05	0.003185607809442697	-0.0001791299334377572	-0.00013459071144080562	0.0027835168616878333	0.024621721830801253	0.015154361864317307	0.0027724529315784293	-0.005214674080932424	-0.0035025790297678982	-0.002268116580582506
6.95	0.0002534706047355606	7.354319663567978e-05	0.0032135127935962525	-0.00018292823075227512	-0.00013439091987684033	0.002761372232105484	0.017536900623376574	0.015880032502129625	0.0019118995904213716	0.004658738656179575	0.0035884444595727116	-0.0014990708003457228
6.96	0.0003484570199092396	0.0001986671038323112	0.0032157770142974378	-9.370399914506739e-05	-6.837930934514567e-05	0.0027592564551041474	0.0006150188627221111	0.007990493749662864	-0.0014880617459893178	0.0123965305832955	0.009070012694492476	0.001099305401586049
6.970000000000001	0.0002676941236591293	0.00022119914514223018	0.0031899478991248608	4.400760654518569e-05	3.2180468096772254e-05	0.002779529101767286	-0.015758847090867063	-0.0034873341812274306	-0.0030216694324886138	0.01385218590109306	0.01013563093483481	0.0024617508232587515
6.98	6.20827948922366e-05	0.00013934660754752975	0.00317678005871315	0.00015799045204395129	0.0001146204900106563	0.0027909594605048907	-0.024059572386511234	-0.012250921782434277	0.0013100444939136415	0.008166987051088963	0.0056140063304995136	-0.0010012155768012482
6.99	-0.0001811632685417276	-8.832555120610967e-06	0.0032038288483060475	0.00019686303514341116	0.00013894056178093839	0.00276982737623925	-0.02221195445732454	-0.01613171719532004	0.002864364616057932	-0.0009560237611267266	-0.0009732414824835816	-0.002162114071091431
7.0	-0.000337944485538073	-0.00015388724112717155	0.003218935066513277	0.0001379288411521079	9.602932372609366e-05	0.002758837861118328	-0.007605665467287928	-0.011495583235763515	-0.0001433287045760264	-0.010307805839152551	-0.007271506599272439	0.00015733051021900072
7.010000000000001	-0.000321323200944368	-0.00021855766491918655	0.0032019960612024107	8.374767812816714e-06	5.400784906888786e-06	0.0027719641235710458	0.010569909226179204	-0.000980911047098259	-0.0028481077669246357	-0.014479828665056042	-0.010079416560914437	0.002212381326844837
7.0200000000000005	-0.00014997141468442974	-0.00017589401657348996	0.0031770012672509675	-0.00012512028425247458	-8.734594692110367e-05	0.0027911552884123995	0.02215607437646106	0.008914434584400825	-0.0009284193860225566	-0.01093216246803585	-0.0074979758724888	0.0006110975884508497
7.03	9.446112206916668e-05	-5.234782095062944e-05	0.003192460549529926	-0.00019645356308790735	-0.00013369913301644712	0.0027769014937979925	0.02489762658077386	0.015035243059123196	0.0029634839654116892	-0.0028103621834464918	-0.0015501800652793038	-0.002545604986831151
7.04	0.00030099551841383126	9.931356049535867e-05	0.0032153208605752333	-0.00017265545937296376	-0.00011540227469584271	0.0027575183469269646	0.014302371505485035	0.013808762806400147	0.0010115958038400413	0.00742840973693715	0.0050882808662713105	-0.0008574028822720576
7.050000000000001	0.00035383941325562574	0.00019903416118975453	0.0032089104396621024	-6.071790472184663e-05	-4.051808382910713e-05	0.002762661467893522	-0.004090857068967243	0.005258549732572412	-0.002146057890384377	0.013960087892733184	0.009276624519635332	0.0017699429560580696
7.0600000000000005	0.00023085841935185732	0.00019789136816666776	0.003181802412104713	8.276313537684365e-05	5.455055727994041e-05	0.0027860105787491235	-0.019125342006295912	-0.005240763908205963	-0.0023602361272277643	0.01330603642830687	0.008825472003057406	0.002178277828096013
7.07	5.609465607689224e-07	0.00010529638067120832	0.003182711400172318	0.00018300422184895813	0.00011884326308456952	0.002787632706576072	-0.025617360363165705	-0.012773938233859914	0.002596922721593251	0.006248248288558618	0.00366652835099931	-0.0019383479432407158
7.08	-0.00024003183655825396	-3.961728295133483e-05	0.0032120524487459254	0.0001964201292856374	0.00012420188561832618	0.0027654976455816255	-0.020030780968631957	-0.014856954216386335	0.002260193632298436	-0.003888367864512673	-0.0026825773671102	-0.0017161452765689007
7.090000000000001	-0.0003610988096836163	-0.0001643833839980044	0.0032179038013699706	0.00011101803018079596	6.914723950866099e-05	0.002760557932286638	-0.003069050046202119	-0.008903069792312427	-0.001201102310695858	-0.012413695809647376	-0.00785887448111921	0.0007863428861680231
7.1000000000000005	-0.00029861099133442746	-0.0002033891832116605	0.003193113492498185	-3.123589493628746e-05	-2.023375327575207e-05	0.0027782563914560627	0.014716647945672876	0.0012591293351839096	-0.0031546252393025494	-0.01475893488439105	-0.009222536826762615	0.0023565566964906144
7.11	-9.558792815251679e-05	-0.00014551648608516772	0.003174958006801104	-0.00015652543507353994	-9.750307797627423e-05	0.0027915228034822554	0.024475455400253247	0.00975617010616255	0.0006270709272103646	-0.009330317627811816	-0.005502364221323769	-0.0006701224647744179
7.12	0.00015944444869548107	-1.9539555697551475e-05	0.00319948779351286	-0.00020670699183540005	-0.0001241895894527306	0.002770735210492404	0.024171037431472708	0.014480060609965928	0.0029814453612607298	-9.291654005917569e-05	0.0003206095174876038	-0.0024068727954999025
7.130000000000001	0.00034048969485427755	0.00011751023502063551	0.0032176667385543007	-0.00015483002229967248	-9.117284569782338e-05	0.002756735216506643	0.010228309390384537	0.011618947224504296	0.00027630910835486835	0.00999938021651286	0.006021770755486664	-0.00011851675657995175
7.140000000000001	0.0003466651345025661	0.00019235319050165645	0.0032042808672533493	-2.3773034667497962e-05	-1.3575080761787611e-05	0.002768332130877072	-0.008869403263637214	0.002768897729594686	-0.0026445206544905733	0.015070985653868042	0.008834873148090897	0.002194748044583147
7.15	0.0001838569127697347	0.00017147227593912213	0.0031784661186761054	0.0001195313697196666	7.034716171262636e-05	0.002790648303987993	-0.022090965199589252	-0.006506816116653628	-0.001351486743064009	0.012164792182743276	0.0070459624712627565	0.0012905521941973636
7.16	-6.658615039097896e-05	7.198737961948872e-05	0.003190464607631785	0.0002030717890228359	0.00011578786492760502	0.002781851807115646	-0.02628383280678735	-0.01283838211334726	0.002956562027905707	0.004017441338399514	0.0018613780950826745	-0.002346230920540175
7.17	-0.0002935031248307375	-6.450169017359397e-05	0.0032152930671304992	0.0001895454360044887	0.00010483045083545538	0.0027619875296508415	-0.016777879718632104	-0.013137010061668663	0.001324996493202131	-0.006719261640312581	-0.003980165340550543	-0.0010985744648344276
7.180000000000001	-0.0003707426590901779	-0.00016721503173603458	0.003211789460804677	7.989988874865173e-05	4.284024228010087e-05	0.002763621727656095	0.0019682202667362365	-0.006464455319664547	-0.0019619112888846885	-0.014237524901808732	-0.007896384432326863	0.0013772051487912793
7.19	-0.00026216980858071305	-0.00018405384432957625	0.003184156224558411	-7.078922565112158e-05	-4.020710769698177e-05	0.002783945540637452	0.018448220164741205	0.0030153584381754058	-0.0027195111382259346	-0.014432671914324615	-0.00790671352755891	0.0020849050220991686
7.2	-3.2484282262541095e-05	-0.00011519280976345688	0.003179568911560973	-0.00018369166687253174	-9.982003155546697e-05	0.0027871479555175273	0.026181697745214734	0.010328511900693872	0.0022189823147551507	-0.007524547966735042	-0.0035974662920052096	-0.0018188229700446044
7.21	0.00022183679487298885	9.15760629790243e-06	0.003208807279244914	-0.00020917745426655653	-0.00010910866415253681	0.002764218263955047	0.02211689908148392	0.013433490284063493	0.002551564289113413	0.0028817910791018976	0.0018372139066875144	-0.00190086977062766
7.220000000000001	0.00036659791871876846	0.00012899125162320772	0.0032187094235441864	-0.00012947213605170383	-6.587451055582555e-05	0.002757459056263861	0.005484974019310707	0.009376258060241444	-0.0007261355133794773	0.012345448183254597	0.006469920217942641	0.0006651119485937021
7.23	0.00032412522195012097	0.00018081510580934406	0.0031971166245234285	1.7007539426817066e-05	9.908973090514062e-06	0.00277517137894734	-0.01333018736296888	0.00063822900515521	-0.0030876149693275404	0.01561509475916097	0.008024022173185881	0.0025233041207820845
7.24	0.00012787598764305274	0.000144822641075747	0.003176049143049091	0.00015366103704977975	7.964922669563343e-05	0.0027927943933767755	-0.024384995311213246	-0.007389451979430446	7.255316292537058e-05	0.010509997908475732	0.005181243042300837	-3.8478027524178174e-05
7.25	-0.00013447086832281334	4.198939116947682e-05	0.0031973184537568535	0.00021536028400594276	0.00010719668344738255	0.0027752404238766547	-0.02578648454842002	-0.012446154584893466	0.002933215926854543	0.0011820518461148847	0.00020715969146938511	-0.0023750063245798767
7.260000000000001	-0.0003376033020275391	-8.249809804382478e-05	0.0032165226102560157	0.00017188859944331698	8.32525125164224e-05	0.0027596972482902757	-0.01277836976126844	-0.011242352634068618	0.00045466648444918124	-0.00951584233368413	-0.00480424010935957	-0.00041869617080882995
7.2700000000000005	-0.0003673875248443264	-0.00016291052919174657	0.003204657504019778	4.12159284700318e-05	1.898475320454998e-05	0.0027679913450059457	0.006911593800879767	-0.004137812971575486	-0.0025709782926026424	-0.015496595958435675	-0.007513525647004946	0.0019315787221266122
7.28	-0.0002165934374335597	-0.00016107886136347172	0.003177401735901455	-0.00011031918279968893	-5.437364079968672e-05	0.002788858541920625	0.021647290943323284	0.004244051280301387	-0.0017736553678830446	-0.013308310874269876	-0.006396884740747689	0.0014178543799028994
7.29	3.566233609732461e-05	-8.59129282937869e-05	0.003186372920122118	-0.00020499013092819068	-9.734595827677631e-05	0.002781462501480234	0.02723923707576404	0.010416602104064242	0.002994690229094938	-0.005121758844933982	-0.002027998144840224	-0.0024273112855112836
7.300000000000001	0.0002802537176196121	3.1753778596514714e-05	0.0032144782571893924	-0.0002015639488401994	-9.284903116358474e-05	0.002759721967350751	0.01916505518923647	0.01200929777556817	0.0018235932335971604	0.005903279215107608	0.0029151864808182756	-0.0013327506991801111
7.3100000000000005	0.0003826609157777082	0.0001325012567037081	0.0032155478140661544	-9.61422447697086e-05	-4.345659986704055e-05	0.0027598681589715793	0.00044025068678333235	0.0071981718452204515	-0.001613088230149571	0.014226038668724364	0.006555794065419819	0.0013399828821024785
7.32	0.0002918786934477761	0.00016434529034247571	0.0031889562681759478	5.91279240711279e-05	2.7386856106122623e-05	0.0027815150076183873	-0.01746299629793954	-0.0009362979330004958	-0.002964223774690735	0.01535922768162172	0.0069863386644237035	0.0024548681417916984
7.33	6.502273267437015e-05	0.00011895472538453316	0.0031783791986180537	0.000182954272914599	8.225033366903575e-05	0.002790704524604702	-0.026517762936684907	-0.007795927187032998	0.0015472089036783186	0.00864162360069928	0.0035134050328166156	-0.001240862079748781
7.340000000000001	-0.00020143184427518935	1.774116146020396e-05	0.003204717493561656	0.0002200808590516867	9.461103049673013e-05	0.0027696620635101836	-0.024105624340019033	-0.011637388253183709	0.0025566499917370144	-0.0018018380100218595	-0.0011320093043625413	-0.002004260961565184
7.3500000000000005	-0.0003701897565086682	-9.280362597842388e-05	0.0032161811254130643	0.00014775139036642972	6.169142114814315e-05	0.002760235645397292	-0.00801072224994922	-0.009411733366197989	-0.00048458262058155885	-0.012019257083295709	-0.005176965108788145	0.00028939078167702345
7.36	-0.0003495044142761159	-0.0001539018056837504	0.003197193384019263	-3.899705180704491e-09	-8.954139979341423e-07	0.0027741495914305908	0.011698826435987254	-0.002348392110251799	-0.002891827705385659	-0.01623293886487816	-0.006818362808839039	0.002193622382553056
7.37	-0.0001617144811244765	-0.0001394220408981754	0.0031752456629818406	-0.00014678233538423227	-6.18675491418726e-05	0.002791345754420383	0.024219581406057244	0.004912552950662827	-0.00029102136892278	-0.011743729186722061	-0.004707902343628677	0.00019819966166563415
7.380000000000001	0.0001053819205139272	-6.200872913263035e-05	0.0031954976684103634	-0.00022073715684501648	-8.848865857493265e-05	0.0027745144196540438	0.027061092867007364	0.010104161599044122	0.003146605045120658	-0.0024156024675302504	-0.0005755010921003875	-0.0025296621426755808
7.390000000000001	0.00032814585212540486	4.636766033620043e-05	0.0032182087255105923	-0.00018717078645435386	-7.257531236438034e-05	0.002756803015342385	0.015248073990639575	0.010531663600666942	0.0008601791135711901	0.00889953965235061	0.0036366606561615902	-0.0006516053729516275
7.4	0.00038272184815203264	0.00012936660849499596	0.003209440281191616	-5.8327214488099955e-05	-2.1470392755231318e-05	0.002763756631312047	-0.004723071270226294	0.005354981713498304	-0.0024179615711013504	0.01576874909074237	0.006145852693927538	0.0019011400765323572
7.41	0.00024739622102199795	0.00014616019856606073	0.003180895616879995	0.00010075841425800573	3.997879965814164e-05	0.0027869838180346273	-0.020831612552448406	-0.0019275120389954845	-0.002288229709848001	0.014450494387183668	0.005551368396985745	0.001955152614873284
7.42	-2.9194027670395826e-06	9.62103208094974e-05	0.0031834824687822774	0.00020728690838107755	7.839240953597144e-05	0.00278553868606594	-0.027774664694597294	-0.00781956859303989	0.002603207555293248	0.006300957779664951	0.001930385517228923	-0.002053236868345332
7.430000000000001	-0.0002619041923312784	1.602566556065788e-07	0.0032110114278254007	0.0002149424964134412	7.753614284850704e-05	0.002764579156730759	-0.021376274766449235	-0.010513548246090276	0.001980614662957274	-0.005043706015036301	-0.002102222211675266	-0.0014738861295579852
7.44	-0.00038930599643310253	-9.48592555016438e-05	0.003214940486543042	0.00011432952624133025	3.9488331836147995e-05	0.002762052847744082	-0.0029843279620513654	-0.007630658898901184	-0.0012487546718491054	-0.014181673337296235	-0.005141936238121676	0.001007014344901081
7.45	-0.00031962557029559415	-0.00013988611141606006	0.0031908846201801093	-4.477698830395814e-05	-1.7433805437553378e-05	0.002781070584183383	0.01597350036144656	-0.0010966910984351367	-0.0029178032866660833	-0.016150521382623094	-0.005744871016759839	0.0023202804379858794
7.46	-0.00010077541984836443	-0.00011844167827143198	0.0031776532632330832	-0.00017898168999827912	-6.38739694242296e-05	0.002791162244445536	0.026350271133854228	0.00510610087386468	0.0011916322547295497	-0.009679225187650934	-0.0030521713504054727	-0.00111799413688846
7.470000000000001	0.0001729937310785618	-4.287301470222629e-05	0.003203545457187546	-0.00022665198883746452	-7.601161447878205e-05	0.0027686011848568606	0.025834871053054195	0.009463898102330608	0.0027581726537782834	0.0007910282978594427	0.0006574162117165115	-0.0023556964177747163
7.48	0.00036521188362417784	5.397484887559482e-05	0.0032177382994564917	-0.00016181261160593262	-5.1899981257867894e-05	0.0027556673940541273	0.010724441495641073	0.008995875896195523	-0.00019526364459381297	0.011612034097576001	0.0039616144288796545	1.7352541777298906e-05
7.49	0.0003699578065655114	0.00012101670417090279	0.003200590509014004	-1.4394503881878775e-05	-2.9442508773114306e-06	0.0027684361851719433	-0.009604584020436535	0.003848538303847039	-0.002859732426844403	0.016588872471375103	0.005455779281652772	0.0022955835774595475
7.5	0.00019552085095986385	0.00012719331763250285	0.0031756973037197723	0.0001396374462916552	4.715236694741863e-05	0.0027897615337009215	-0.02360171493331445	-0.0024629732147033166	-0.0008897830265546832	0.012738544740440779	0.0040021025961333645	0.0009502224890024871
7.510000000000001	-7.23240303260843e-05	7.600915127767029e-05	0.0031922572329734686	0.00022369195223022028	7.075451895545816e-05	0.00277881643549277	-0.028052171298370707	-0.007561394113248444	0.003182258703062622	0.003492870051285156	0.0006750214823338423	-0.0022900096973419645
7.5200000000000005	-0.00031385590659760773	-1.2249978585855555e-05	0.0032175553776639387	0.00019996169742146768	6.051055666874427e-05	0.0027610343203292036	-0.01776061698152554	-0.009275156994873647	0.0012555116363464406	-0.008102936880000652	-0.002671089344290967	-0.0008456211640553435
7.53	-0.00039477264744504397	-9.258840828134125e-05	0.003212667000022931	7.52917697311985e-05	2.1620506209353375e-05	0.0027652901888821605	0.0021980549508402794	-0.00607955283284548	-0.0021137085526744693	-0.015773857948223436	-0.004801682850865943	0.0016104071386679286
7.54	-0.0002786596034512704	-0.00012503024623186282	0.003184377139045605	-8.830003043134164e-05	-2.785233285945978e-05	0.0027869430869572305	0.01963865153772466	-0.0002773120369570837	-0.0026342386494560385	-0.015327430786049374	-0.004624484376598265	0.0020296825373356336
7.550000000000001	-3.360891306902803e-05	-0.00010025267442266344	0.00318154764058711	-0.00020508938042533995	-6.116304137391476e-05	0.0027875302232553707	0.02798165707213493	0.005085073737162509	0.0022470046568304303	-0.007408073257997246	-0.0018255268384928579	-0.002065936374398627
7.5600000000000005	0.00023710223398274152	-2.8629534921210462e-05	0.0032087756398755593	-0.00022436074292942282	-6.333798703729029e-05	0.0027636898613500422	0.023432784512490628	0.008641460590461612	0.002207134233806905	0.003967504126216412	0.0014027909179885102	-0.001903220558273328
7.57	0.00038991324404039226	5.708471782549086e-05	0.0032155254845914628	-0.00013130959747154273	-3.538683109387556e-05	0.002757193179944548	0.0056771037040813455	0.007702855618736911	-0.0010044601924002134	0.013791626428438175	0.003961054034040118	0.0007123628297053054
7.58	0.00034362429099366986	0.00011216686883874356	0.0031930520860960084	2.8699846658808306e-05	9.688099845402069e-06	0.0027754119285200835	-0.014199389139745642	0.002885996655086489	-0.002925471766145238	0.01679435597380471	0.004645095281115582	0.0025077753725588022
7.590000000000001	0.00013505740419253028	0.00011312131729120736	0.0031764902740504712	0.00017294110686381779	4.8532124693275334e-05	0.002791045759006601	-0.025976280695352627	-0.002568958284142049	0.0007012023648214188	0.01085446659108877	0.0026823539182520987	-0.0003408580699736321
7.6000000000000005	-0.00014319518693849825	6.30070047121419e-05	0.003201346468224974	0.00023311203907675754	6.041698251413652e-05	0.0027728418173124784	-0.02719607953201734	-0.0071413140126348595	0.002992744914659695	0.00047858799922871577	-0.00026996978116050055	-0.002253995966924147
7.61	-0.0003562928135763634	-1.8095134658431587e-05	0.0032190737973425373	0.00017848534754412373	4.408466864842676e-05	0.0027593979707448346	-0.01330553752261268	-0.008338088003291881	0.00018017706052192054	-0.010924728938312318	-0.0028933533750565943	-0.00015678120555262374
7.62	-0.00038646785206816997	-8.863602870889146e-05	0.0032044272591193164	3.3206940952474304e-05	7.002945656858497e-06	0.002770076916053109	0.0073664690765312705	-0.005159616230843631	-0.0028113793568838316	-0.016884762247693717	-0.004204860362204831	0.0020949702224963775
7.630000000000001	-0.00022780235366124218	-0.00011392006716698414	0.00317694707119077	-0.00012887254661855859	-3.288334301236591e-05	0.0027908254595645533	0.02273747311103391	0.00015966466307558823	-0.0015248948583363035	-0.013880228855168182	-0.0033236713931514773	0.001127270225760428
7.640000000000001	3.809984197386851e-05	-8.790655209465684e-05	0.003188130509060057	-0.00022468887535782725	-5.306669515326546e-05	0.0027804894731154168	0.028710980702274656	0.004986848801110071	0.0030153495413467895	-0.004735543863672469	-0.0006688707476185936	-0.002499801573279065
7.65	0.00029474544268756386	-2.0181704738468936e-05	0.0032144935997959092	-0.0002122916646837333	-4.6783073036223556e-05	0.0027594692342963337	0.019981775716945066	0.007963353220282814	0.0015278532109453927	0.007205971911735416	0.0018607491653894774	-0.001170329745474864
7.66	0.00040074891408114707	5.6935432351353716e-05	0.0032128982329153784	-9.287598424490926e-05	-1.8714234605210473e-05	0.0027612700824019825	0.0003040534762746073	0.006741870013004016	-0.001786983515605469	0.015648263600722606	0.0035196705038990565	0.001457341145310549
7.67	0.0003048749891384324	0.00010332745013577808	0.003186516000970872	7.441347834917649e-05	1.8109346854025918e-05	0.0027830829152254905	-0.018270431906920688	0.0022417416834411884	-0.002725119158335239	0.016194370825163052	0.0035194146460184902	0.00231389153722143
7.680000000000001	6.749354732394497e-05	0.00010138989918794714	0.003180271834219036	0.000201645660304011	4.395104839221138e-05	0.002788990447005913	-0.027806937963020924	-0.0025716214664628246	0.0019465322665611626	0.008494234637718551	0.0014047948537668404	-0.0015472118257186744
7.69	-0.00021097525090915984	5.3333505086897856e-05	0.003207593804841816	0.00023213259270175513	4.6014828241472534e-05	0.0027672932663349724	-0.025111683026705262	-0.006683205885433457	0.0024040078372584363	-0.0029063199737188556	-0.0009383630244545352	-0.001891534483876612
7.7	-0.0003859928955829556	-2.0615622945277222e-05	0.003216653942214955	0.0001468833947568155	2.671961606192925e-05	0.002759587960152322	-0.00822423641674901	-0.007408661944927581	-0.0007386910479610903	-0.013378264871130512	-0.002773239134132349	0.0004906597870967299
7.71	-0.0003636913889093097	-8.191136846401536e-05	0.0031955271018780053	-1.2793939736246668e-05	-5.035209478065045e-06	0.0027754511815882895	0.01225012333009887	-0.0043480653616678406	-0.002981836672664432	-0.017160281951980345	-0.0033276610617899343	0.002363830051389714
7.720000000000001	-0.00016834663188111443	-0.0001025607318338443	0.0031753543442612155	-0.0001645437876359558	-3.333659255392552e-05	0.0027921635032220633	0.025212219349868736	0.00019848898873551133	0.00013030974162736694	-0.011790918082021009	-0.0019641655199187677	-7.227938058636585e-05
7.73	0.00011005673154375793	-7.779099758689772e-05	0.003198059220180139	-0.00023487635485097938	-4.185707684906486e-05	0.002773867352927103	0.028170900420419854	0.0046816026581605755	0.0031663755155515137	-0.001627357150813454	0.00016422845912156356	-0.0025090027243924074
7.74	0.0003411445714125663	-1.563131187898084e-05	0.0032191715752639756	-0.00019068209643033238	-3.107980163623862e-05	0.0027570591234323564	0.01574029603400184	0.0071908597797661015	0.0005932760602201309	0.010118550751820941	0.0019355069422750996	-0.0005167095167369956
7.75	0.0003967375081474669	5.287150892735806e-05	0.003208049187909205	-4.9373346179870106e-05	-6.176449430080538e-06	0.0027650345123429415	-0.004950862023507165	0.005897302119780331	-0.002594443568801282	0.016923639657930086	0.0028615252336832114	0.0019659559199464837
7.760000000000001	0.00025653280417789915	9.30246474274304e-05	0.003179546280335614	0.00011762846689401913	2.1336260251798035e-05	0.002787406224075882	-0.021523798896047774	0.0019111107761860106	-0.002045649703769136	0.014799356353531981	0.0023437406070149084	0.0016572578718849751
7.7700000000000005	-3.1316625116317338e-06	9.088142055162514e-05	0.0031852286397131852	0.00022352245787914056	3.54268775199331e-05	0.0027827394302273605	-0.028839098848136815	-0.0023824757185281075	0.0027455701552534287	0.005820686373954317	0.0004532840983871184	-0.002209972421324086
7.78	-0.00027101632630037936	4.662541582395693e-05	0.003212048816127838	0.00022204069716437352	3.177430496546546e-05	0.0027620603258058534	-0.02200882021692131	-0.00611510803562665	0.0018240676692108386	-0.006244116047804053	-0.0011546491605456872	-0.001292669249090017
7.79	-0.00040171440754079637	-2.0410956232572467e-05	0.0032138429636356463	0.00010924076762737734	1.3789725143184895e-05	0.002761923262736988	-0.0029616479539596578	-0.006650272220963988	-0.0014751279999659888	-0.015365886876057994	-0.002269932521197425	0.001257777114102465
7.800000000000001	-0.00032911442963024027	-7.507212437137214e-05	0.003188945767268867	-5.945385604528914e-05	-1.0194673417448391e-05	0.002782365849861001	0.016472159214252574	-0.0038578512365205556	-0.00281037302268127	-0.016787139540799374	-0.0023303760369704847	0.0023303920261748853
7.8100000000000005	-0.00010318313195284294	-9.41562539011097e-05	0.0031791253403865966	-0.00019536117461225734	-2.758860809879248e-05	0.0027905532617671833	0.0272862028614251	7.162470117325038e-05	0.0016119715238132402	-0.009494972763853846	-0.0009245695187420711	-0.0013694808987081176
7.82	0.00017929850296352046	-7.178176846883648e-05	0.0032067007387716288	-0.00023702332133352267	-2.926409252912224e-05	0.0027678323396731156	0.026485573079954906	0.004338776144449008	0.002694962932578615	0.001763865464973466	0.0005195635567253449	-0.002192084974847409
7.83	0.0003754554072097739	-1.4325204506591673e-05	0.0032194334803434363	-0.00016098649696532561	-1.8322168736786898e-05	0.0027568653780300715	0.010853633025371484	0.006618489702212923	-0.000417606010187836	0.012778526262159666	0.0016255313117245868	0.00018706787284657983
7.840000000000001	0.0003785951581718168	4.861334400804557e-05	0.003199793972877872	-2.8018280586180867e-06	5.247106957925385e-07	0.0027710332912233783	-0.009982869890055836	0.005401641993838511	-0.0030741594796717194	0.017476639840868446	0.0019936052531908444	0.002351874693769517
7.8500000000000005	0.00019956707751354213	8.606050812279652e-05	0.003175014710153799	0.000156265775536028	1.8059225624604382e-05	0.002790720778687814	-0.024193682361692566	0.0019657812690026025	-0.0006470795660973072	0.012806082209209523	0.001266110636276179	0.0005475802333961175
7.86	-7.577567781937335e-05	8.619560723906416e-05	0.0031926513218715844	0.0002367731443270825	2.3359420051105807e-05	0.002776526133502006	-0.028763348062685573	-0.0020970136390938915	0.003045779840746643	0.002712482303168912	-9.608678141880393e-05	-0.002377819521326324
7.87	-0.00032184337660142256	4.5529935799973045e-05	0.003215833296863219	0.000202718356246283	1.7505815365281937e-05	0.002759206883635958	-0.018002006798622436	-0.005697213656602966	0.001038717596157732	-0.009289513430116893	-0.0010202186413447152	-0.0007080765194124095
7.880000000000001	-0.0004028289305519713	-1.704748433928173e-05	0.003209472209455233	6.631948325211279e-05	4.3838001701938865e-06	0.002765158842328885	0.0024180097406132158	-0.0062569507203593736	-0.0021571833850134543	-0.016794532091792835	-0.0015053765536778131	0.0017800972172592102
7.890000000000001	-0.0002833537947853587	-6.928806615176002e-05	0.0031829601893877	-0.00010391596874850035	-1.0557932539018344e-05	0.0027870501177393978	0.020076034205545622	-0.0038256033029493534	-0.0022006023015302854	-0.015566056745886436	-0.0013286744112448632	0.0018541911390132955
7.9	-3.247124073254237e-05	-9.007992601468524e-05	0.003185169789830707	-0.00021898807273909669	-1.817174488463651e-05	0.002785424048043538	0.02865870448428516	-0.00018224392474963018	0.002534264092642099	-0.006858468473311338	-0.00013596202397669823	-0.0021051543033648703
7.91	0.0002433723654665829	-7.00387559200234e-05	0.003212137699218325	-0.0002289585156540758	-1.5575295652799462e-05	0.002763332281749896	0.02372720947985776	0.0040706699352938275	0.0019408004274746899	0.005155311813922648	0.0005934901651771685	-0.0015952455505295292
7.920000000000001	0.00039691816165175016	-1.54943328112891e-05	0.003215234408037961	-0.00012368498590157651	-7.1817423417747696e-06	0.0027598453498417995	0.0055733374478106066	0.006321375463873478	-0.0014076405116386222	0.014950386338869024	0.0010346567852579553	0.0009631387106125132
7.930000000000001	0.00034837262205890726	4.498590278404763e-05	0.003189777522362525	4.461357101465708e-05	3.5949411523192224e-06	0.0027788399151876635	-0.01449822486620181	0.0052514124394484685	-0.003056869567219158	0.017178748792603095	0.0010540987550417694	0.002388422827843755
7.94	0.00013625616314372275	8.353554040217339e-05	0.003175050185876964	0.00018771258328940225	1.1201955527403688e-05	0.002790773222537835	-0.026431050187846614	0.002310175318569349	0.0011089561918802343	0.010341056832945337	0.000292822430652885	-0.0008604243932384635
7.95	-0.00014649762364648723	8.69465852661126e-05	0.0032021600383897535	0.00023904439556789089	1.0086799648402029e-05	0.0027698105714236516	-0.02751592581479644	-0.001834611310574622	0.0030488578106732662	-0.0006817942248870146	-0.0003633076151973503	-0.0022768439751855935
7.96	-0.0003611721617291174	4.840479134001771e-05	0.003219798931435931	0.00017246323272078712	5.196749317342639e-06	0.0027572268026645557	-0.01330359937926609	-0.005512761348836342	0.00011652555123801023	-0.01206918160322347	-0.0005982211646013583	7.199565879823965e-06
7.970000000000001	-0.00039013093132948015	-1.3126249359596474e-05	0.0032047104420105405	1.7908532630934518e-05	-1.026125694434926e-06	0.002769565869135483	0.00755182037660866	-0.0062342625832805375	-0.0027822096722212	-0.0174915128061568	-0.0006132716519290332	0.002225873223537022
7.98	-0.00022948559223403973	-6.615439190031857e-05	0.003178615282279997	-0.0001455086201590148	-6.3755843632091745e-06	0.0027905032646130543	0.022976117141511578	-0.004054538404879556	-0.0012131289781715376	-0.01356902224619754	-0.0003472697477170875	0.0009790757325485603
7.99	3.9804226963977215e-05	-9.058568260319829e-05	0.003191364361746222	-0.0002347478590536033	-5.909800188288563e-06	0.002779711453056742	0.02901592883820605	-0.0005409894753402036	0.002858362327108583	-0.0037247055076633164	0.0003383068739371855	-0.0023523886301069063
8.0	0.00029793259035898776	-7.339402275767635e-05	0.003214308542979883	-0.00021091595221767284	-2.323489957766228e-06	0.0027609332646914343	0.02003102658202126	0.0038751699612074183	0.0011262096866892447	0.008391115266522637	0.00033927425356856857	-0.0009320844476659359
8.01	0.0004035217781995563	-1.9715282658617852e-05	0.0032090345196136186	-8.113947846867172e-05	6.913567102992446e-07	0.0027645457587054333	0.0002174664872495335	0.006342904814083265	-0.0020701157851217337	0.016435449174754303	0.00025487138467001626	0.001542771284323927
8.02	0.0003072797629090599	4.1968222587777984e-05	0.003182187956296096	8.997520267211736e-05	2.8104319275254697e-06	0.002785657816761318	-0.01822918546123067	0.005522058927557986	-0.0024179627822903823	0.0161057923538808	0.0001467907237607582	0.0020202218371993853
8.030000000000001	6.947401779944285e-05	8.453710537440811e-05	0.003181704372892413	0.00021262049888763672	1.81478915037764e-06	0.0027867988110797963	-0.028009995090841715	0.002773435202217423	0.0025029472413276538	0.007738990170654382	-0.00040828191176906273	-0.0020010085296844693
8.040000000000001	-0.00021035879348586472	9.058744656729977e-05	0.0032116674030125605	0.00023310666129787937	-2.4943544946404315e-06	0.002763268576867319	-0.025146960694498427	-0.001746146035185297	0.0024483430371290277	-0.004025825776837321	-0.00031068941801460503	-0.0018806444338163206
8.05	-0.0003857321039313711	5.178678404715615e-05	0.0032196824109278583	0.0001371523986806851	-3.7561386113712464e-06	0.0027570621358596354	-0.008260670261566275	-0.005643656799388524	-0.0009722914657270765	-0.014322854009511287	3.7347508134988025e-05	0.0007344589987681795
8.06	-0.0003637118900272924	-1.1827483139852741e-05	0.0031962441045511247	-2.911266325209394e-05	-2.05493325619896e-06	0.0027752662691267202	0.012163764711490947	-0.006489315514347182	-0.0031726538575548714	-0.017471513481341218	0.0002613404138393883	0.0024950975389881015
8.07	-0.0001690376282707566	-6.83080932771291e-05	0.0031757565819718657	-0.00017937690517626136	1.3175538418668015e-06	0.0027915154498842766	0.025274972675876025	-0.0045509069410338415	0.00023153187140404667	-0.011268822852450133	0.00046776876945816957	-0.0002318777949995218
8.08	0.00011038762561723984	-9.648984603279291e-05	0.0031976199798719766	-0.0002411925753532563	6.775596723915498e-06	0.002773597893252286	0.028210435951365923	-0.0006844087890369039	0.0028895356532070713	-0.000484091908190809	0.00044614781339859087	-0.0023085614079259463
8.09	0.0003411589467439818	-7.898175502489281e-05	0.0032160344057294687	-0.0001852614216112954	7.921692360370271e-06	0.0027592157193521687	0.015667205468065628	0.004070380324782216	0.0003733455978264493	0.011202459572636438	-0.00021639621325986625	-0.0002983351457082251
8.1	0.000396174291224272	-2.251324060479719e-05	0.0032040441411987646	-3.603700574852715e-05	3.1265197610094512e-06	0.002768660585780307	-0.004957743319618896	0.006691519296400532	-0.0025007059831981654	0.017357131130171805	-0.0006710892864584819	0.0020069763207817347
8.110000000000001	0.0002569295458301302	4.315847744506168e-05	0.0031787598067452424	0.00013124428403839136	-3.917250896579453e-06	0.0027895448814103424	-0.021360917636573492	0.005980027956758701	-0.001465388261357083	0.014384968586136153	-0.0006841728744905009	0.0012427646406343242
8.120000000000001	-2.1184805597570014e-06	9.05801126047413e-05	0.003189864677823469	0.00023037127211125252	-1.1233515262229289e-05	0.002780652292500745	-0.028806850761057913	0.0031259852118774704	0.0029915336124322492	0.004910661623352953	-0.0006988312746723639	-0.002420729543193675
8.13	-0.00026914270650728485	9.748546643880745e-05	0.003216285561518535	0.0002187908344906057	-1.4114732054622007e-05	0.0027596366342140534	-0.02190486010430432	-0.0018823329323831295	0.0015228240385584389	-0.007234802353876398	0.00019147134145748297	-0.001259492528163358
8.14	-0.0003987446121468789	5.591609075115889e-05	0.0032140970770353746	9.747633987574068e-05	-7.959232464886224e-06	0.002760407074414183	-0.0029204444897380655	-0.006030239040274603	-0.0019074559572944698	-0.016005802231369524	0.0009702233909408063	0.0013737872378252408
8.15	-0.0003268637772949626	-1.185003497605754e-05	0.0031861199719805796	-7.417366387166888e-05	3.2600235499229867e-06	0.002781979283778753	0.01628792966034898	-0.006933298938620902	-0.002884369532952407	-0.016689515239396737	0.0011188628230915695	0.002371406706696059
8.16	-0.00010263505930687026	-7.372005049513247e-05	0.0031782679097545	-0.0002055618918382022	1.3712446679280015e-05	0.0027890393518193524	0.02720385941342926	-0.005128669700901958	0.0018818607700728707	-0.0087482476162415	0.0010135925068653494	-0.0014784348229861187
8.17	0.0001786493649513057	-0.000105243618212815	0.003206622929302077	-0.0002376274486708256	2.0391296167061008e-05	0.0027671916722080622	0.026330875792539263	-0.0007017079371921177	0.002639086103313236	0.002847907088275247	0.00012125434332808631	-0.0020033591516498057
8.18	0.0003731033726590705	-8.496372488725851e-05	0.0032181967907024002	-0.00015167936219388984	1.5260690628830372e-05	0.002758621523778633	0.010734744621961681	0.004556321297601196	-0.0005429268026384664	0.013605513041964218	-0.0010880582688963234	0.0004257386040751639
8.190000000000001	0.00037626343536122125	-2.2783518600019243e-05	0.0031983820648601303	1.151997406115149e-05	9.637422169988367e-07	0.0027738742976321507	-0.00985877371535727	0.007282242335544842	-0.0029730218119429198	0.017619920310421665	-0.0016199157413733243	0.002304873371179151
8.200000000000001	0.00019916791824726947	4.87807979272165e-05	0.0031765101369822003	0.00016792946585582788	-1.40797423371654e-05	0.0027909974245820695	-0.024027672313701044	0.006581831324821907	-0.00019605393998683735	0.01218123338354423	-0.0013632624614170752	9.963586386717464e-05
8.21	-7.481858402974194e-05	0.00010125950915813322	0.003196254054839119	0.00024027639460649127	-2.4817918115133334e-05	0.002774218668080653	-0.02861043219852976	0.0033238143528831524	0.002952308903598492	0.001671891232914449	-0.0005421829727360815	-0.0024062606679366595
8.22	-0.0003189588230037099	0.00010692498014668098	0.0032164306642786596	0.00019549204857066416	-2.2408746966658848e-05	0.002758098684791407	-0.01778550690931672	-0.0023079311476563863	0.0006006032044090519	-0.01028834897722281	0.0009801559026569005	-0.0004805637133634205
8.23	-0.00039883621262015175	5.902490375873079e-05	0.0032059867803422974	5.1988215760377336e-05	-7.169278729276251e-06	0.002766230620078591	0.002382520122956616	-0.006785653689428487	-0.002470409212256462	-0.017175552786253878	0.001918653976244925	0.001954346210496787
8.24	-0.00028134399767427846	-1.6493649753061802e-05	0.0031788411246879296	-0.00011789581649119122	1.2250151073168594e-05	0.002788530362278333	0.019723493076929173	-0.0076818080562692116	-0.0019295104042873215	-0.015106564355042342	0.0017842891439937203	0.0017044952932877815
8.25	-3.344098522647569e-05	-8.582788303355703e-05	0.003185840917905531	-0.0002256157527961358	2.7450166051550958e-05	0.0027841293988913906	0.028384343652877567	-0.005685434820684479	0.0029403214598568137	-0.005873492006642414	0.0011191531735197013	-0.0022679140717727147
8.26	0.00023927206798900918	-0.00011844147082943178	0.0032145102350755973	-0.00022448795778884557	3.0461094746208392e-05	0.0027622290314599533	0.023372835176825237	-0.0004240400116616697	0.001930148723995768	0.006248985385643984	-0.0006259307732392619	-0.0014705189135843294
8.27	0.0003901021807579773	-9.264471043544837e-05	0.0032165618032414054	-0.00011056232100640783	1.616278951783321e-05	0.002760441435146577	0.00544375853743257	0.00535949923409156	-0.0015612087294332069	0.015533442686528703	-0.002058161151791071	0.0011212301627394924
8.280000000000001	0.0003425421351762267	-2.1600678219658897e-05	0.003189839661293386	6.008311169328311e-05	-6.920248797903757e-06	0.0027802140592146024	-0.014193882061532118	0.008172279211949206	-0.0030800513707910245	0.017040165243396157	-0.002326489915590072	0.0023319420545713063
8.290000000000001	0.00013420322216571958	5.8642231921330426e-05	0.0031767717449047153	0.000198106373074928	-2.690167796756682e-05	0.0027895330096970815	-0.026106983124106534	0.007458930838155157	0.0013012437995209827	0.009570116938257678	-0.0016408157380887938	-0.0011908868466869523
8.3	-0.00014470330210127077	0.00011596720520925022	0.003202836792840024	0.00024001826253441	-3.651241853099813e-05	0.0027676533136966317	-0.027041957277678188	0.0033174622901429368	0.002703407160841675	-0.0017295687052815644	-5.046446200126615e-05	-0.0021618654109238815
8.31	-0.0003545614517971481	0.00011728066048086945	0.0032165335706889906	0.00016387569259324332	-2.6814762868779572e-05	0.0027573593195925035	-0.012905878294703514	-0.003117653968995469	-0.00024035989848665432	-0.012815931737068612	0.001878019603295817	0.00027721585166150074
8.32	-0.0003816377065913185	5.985412934885645e-05	0.003199381829953564	5.2863562644558906e-06	-2.1913821689127004e-06	0.0027722234846541383	0.007497798490187914	-0.007793495519580337	-0.00282444507004151	-0.017541670950503813	0.002783742361173904	0.002387299557072133
8.33	-0.00022438049348225573	-2.4653232230658944e-05	0.0031764124437637887	-0.00015498104413893824	2.3511127769989944e-05	0.0027924119629408823	0.022441702098052404	-0.008511796349483864	-0.0005714108425649853	-0.012936145942838019	0.002188384114236629	0.0006088414631034163
8.34	3.9519858337985126e-05	-0.00010067723519105389	0.003194800519669649	-0.00023632388170518898	3.996475363384533e-05	0.002778053527862586	0.028413754008520947	-0.005994613941029588	0.003150443792312091	-0.0027875865757130296	0.0008291131933774567	-0.002528608380091127
8.35	0.00029170672833906064	-0.00013097721470421993	0.0032186231343300374	-0.00020326686870916928	3.6689566308292904e-05	0.002758824549246506	0.01947130254447826	0.00030945624098936263	0.0010285164124083823	0.009181266054258225	-0.0014984558394335737	-0.0008960328814283777
8.360000000000001	0.0003937420368263842	-9.508359403334673e-05	0.0032114985500682823	-6.820532494338977e-05	1.2916955303127829e-05	0.002762984894381164	9.349778411436865e-05	0.006489404888248494	-0.0023069566125178665	0.01668689408244252	-0.003020730222780874	0.0016365493938245285
8.370000000000001	0.00029879514415250295	-1.3757502254300826e-05	0.003182716260325692	0.00010197421047456442	-1.8080126642305624e-05	0.002784715877746614	-0.01786816564233276	0.009051714867588812	-0.002512041820263012	0.01566880167792306	-0.0028565404756714266	0.00195316454959734
8.38	6.515422934793308e-05	7.438983936047039e-05	0.003182245928187827	0.00021813794242136892	-4.11168000388564e-05	0.0027843163025408776	-0.02750665842182134	0.008043725737680018	0.002391310678275806	0.006931675536917082	-0.0016542660142776406	-0.0020185556884963814
8.39	-0.00020829796715747165	0.00013208754511039606	0.0032092201638079694	0.00022936247118722597	-4.610482784526696e-05	0.0027627266845826805	-0.024454667307104595	0.002813453642593597	0.002091902510940699	-0.004956468759204345	0.0007983105503343917	-0.0015630830844948868
8.4	-0.0003773771885098172	0.00012431345712001553	0.0032146605096478797	0.0001267101933535784	-2.640485841483024e-05	0.0027598816679319706	-0.00780308568141793	-0.004295648243236231	-0.0010996547975700094	-0.014685066504259402	0.0029484717441453363	0.0010252315609667515
8.41	-0.0003536553654370972	5.489383359968942e-05	0.0031919626630629197	-3.9976558142812395e-05	7.68623698534634e-06	0.0027795175176950028	0.012006436106925244	-0.00890324772203325	-0.0028534047514910533	-0.017133705030112748	0.0035280680696825263	0.0024755194727247294
8.42	-0.00016331205157763814	-3.9378678095823105e-05	0.0031775602635353765	-0.00018378599139639624	3.836213544811432e-05	0.0027926530402367276	0.024685018623421703	-0.009409871300248566	0.0010319750856137785	-0.010445807374710939	0.0024640652711779335	-0.0007980777037510437
8.43	0.0001090990538424024	-0.00011979240480209753	0.00320377499247209	-0.00023697408319782258	5.330217972296836e-05	0.002771352759331944	0.02736462562498989	-0.0058092617393883045	0.0029466741667330703	0.00039984108287939883	0.0002330317021277063	-0.002408926531491799
8.440000000000001	0.0003317357165756663	-0.00014290143564906824	0.0032200029385128824	-0.00017395315682537356	4.065297693966206e-05	0.0027574249684368096	0.014980531711740594	0.0014269586937385903	-5.101225349735503e-05	0.011667071848792126	-0.002642733414238668	-0.00015332266151911068
8.450000000000001	0.00038283185516166195	-9.410929507337311e-05	0.003203243064383114	-2.3248579796788226e-05	5.466371923140479e-06	0.00276820219052594	-0.005055478522833065	0.00783676215301981	-0.0029892366333453173	0.017156563145468665	-0.004066692048136473	0.0021283191536865553
8.46	0.00024619202956104936	-6.918693861127956e-07	0.003175289870959346	0.00013841862704523547	-3.322503373393685e-05	0.0027892225708714387	-0.020807337112620044	0.010099461372522855	-0.0013968352157019647	0.013548944968122	-0.0033053460842411278	0.0010989194855634667
8.47	-5.8492160128808676e-06	9.639125921801441e-05	0.003187769322340819	0.0002283710773955891	-5.770973376231842e-05	0.002779058320987804	-0.02796516391501074	0.008552153082665949	0.003027726453628057	0.003926381632935637	-0.001348426530345242	-0.0023744724747219274
8.48	-0.00026345647834258757	0.00015173618661581696	0.003213553887697664	0.00020806920832924225	-5.4836106481192924e-05	0.002759808522729156	-0.020936033907827174	0.00189265331656169	0.0014503917212250477	-0.007900307318046465	0.0019622446139608537	-0.0010024702186690487
8.49	-0.0003859498500204244	0.00013067627270715317	0.0032116114410354435	8.357294436477452e-05	-2.2331975670637557e-05	0.002762940245989082	-0.002513031676961222	-0.005878242027003695	-0.0017602341855452869	-0.015926222617768493	0.004245454514576301	0.001581547817936789
8.5	-0.0003140550084036374	4.569018190442104e-05	0.003186204252754142	-8.368923129664697e-05	2.2215494042861247e-05	0.0027852371821795686	0.01587297564434419	-0.010288601960197603	-0.00251817826262889	-0.015922097448160755	0.004246492915216509	0.0022227905691455455
8.51	-9.632714955732569e-05	-6.08928485438004e-05	0.0031828776467209582	-0.00020588240457694354	5.620571109843927e-05	0.00278902774594128	0.026382316325828468	-0.010420327456962104	0.0021554224328452745	-0.007772974327515956	0.002435744293947639	-0.001779391388665818
8.52	0.0001748624903408017	-0.0001445844461015737	0.0032099418008900336	-0.00022842136268651968	6.536275639298338e-05	0.0027664631807850838	0.025201110388738707	-0.005366119906190863	0.0022119346485251845	0.003645594427946784	-0.0008342177991876378	-0.0019119878044398606
8.530000000000001	0.0003594757613352571	-0.0001569270563094319	0.0032164112420586975	-0.00013769723097703014	4.022822221192535e-05	0.002759179631822397	0.009993171581633792	0.003028312227504845	-0.0010575120966811037	0.013714464650426696	-0.0039552188148169925	0.0005597315447847238
8.540000000000001	0.0003594290287268969	-9.056353147898812e-05	0.00319284408132566	2.2768946720145183e-05	-6.495357179448942e-06	0.0027756359369537483	-0.009710274730046875	0.009545092080061802	-0.0030930404548041037	0.016952508128351505	-0.004955300037285371	0.0023526893193096927
8.55	0.00018829469952577952	1.7374996595932372e-05	0.0031736721920447124	0.00016942087435966948	-4.99942395936724e-05	0.0027906388038921683	-0.023112776700721656	0.01135160792259705	0.0004231550582463708	0.01106057318502212	-0.003478367162117957	-0.000330605598071805
8.56	-7.461468545797504e-05	0.00012222516128249612	0.0031984804632953106	0.00023093508706631554	-7.184408072298748e-05	0.0027714234955033817	-0.027291646186948158	0.008562078756029868	0.0032507412579831168	0.0006907608312330174	-0.0005427782872403941	-0.0024120932025556985
8.57	-0.00030600232917066977	0.0001700060294467605	0.0032199794592684063	0.00017966314140330784	-5.753852764674536e-05	0.002756427925543791	-0.016702826154818995	0.00048110746077309604	0.0005852062076161462	-0.010520956097858004	0.003252838730970509	-0.00027625074205799564
8.58	-0.00037915780590713625	0.0001314031825366472	0.003208395206293452	3.82734129098875e-05	-1.2718910673963774e-05	0.0027668763635474362	0.0025808680475052728	-0.007769507710367913	-0.002654371591513476	-0.016581793323745236	0.005312092127418548	0.002166542996883814
8.59	-0.0002648953958796551	2.9699552272944463e-05	0.0031801143929126433	-0.0001224348201672818	3.900402567765757e-05	0.002790314036183802	0.01893310791711944	-0.01164343855763587	-0.0019073405851551296	-0.013946095112767298	0.004521916806573863	0.0016259905644794178
8.6	-2.73306859791574e-05	-8.773273890807305e-05	0.003187079172865536	-0.0002187518139051461	7.295297999043592e-05	0.002784427485858516	0.027123800823641145	-0.011010419457986783	0.0027083042058303353	-0.004849619800741487	0.0020304412232574004	-0.0022968052124769374
8.610000000000001	0.00023111857568223863	-0.00016877729415766107	0.003211980891878469	-0.00020994621854188367	7.320509013693558e-05	0.002763436777173754	0.021997861520010643	-0.004284685222024403	0.0015169573012652805	0.006653788192813804	-0.002077246037033988	-0.001325849787449607
8.620000000000001	0.0003713105847314798	-0.00016513026731298128	0.0032110941668763225	-9.651178716312284e-05	3.5303344699698707e-05	0.002762610772822344	0.004817473368958379	0.00495029461257828	-0.0016732180639350935	0.015042727650129898	-0.005172760812054972	0.0011537865800369267
8.63	0.00032310150197285885	-8.001083207101292e-05	0.0031854881545752656	6.586645641759868e-05	-2.1335157716350032e-05	0.002782057674131161	-0.01366182042006227	0.011210421930678869	-0.0027243376062807733	0.015901141214056152	-0.005601065077432469	0.0021506513477325545
8.64	0.0001248594775319735	4.183757486361718e-05	0.0031784719782699034	0.00019151202676741537	-6.756710193176498e-05	0.002787965857098528	-0.024778466292348443	0.012465870473057781	0.0019317040654168794	0.00840130041990509	-0.0034100622035705534	-0.001524920291441927
8.65	-0.0001385392468541951	0.00015012742743956284	0.003207587793848275	0.00022365597079516543	-8.32814987473679e-05	0.002765381645841443	-0.02538898950914568	0.008004899309478446	0.0027303220169050163	-0.002426746963475399	0.0005727416417740304	-0.002049542566432498
8.66	-0.00033436879564031446	0.0001855174997343128	0.0032199102861441863	0.00014522228331338181	-5.577863307631866e-05	0.0027567288304528263	-0.01190977457204099	-0.00129785612446962	-0.0005153078065354961	-0.012570166261395767	0.004660730490918383	0.0004569376656418163
8.67	-0.00035753909583087956	0.0001273660770291266	0.0031994356309886208	-6.770897716225595e-06	1.4408273444998919e-06	0.002773130530852329	0.0072389380616003736	-0.0097002565154978	-0.003106924407622015	-0.016474307127338814	0.006243668933098922	0.002500044520505094
8.68	-0.00020864041652173787	9.507981430704601e-06	0.003175677867771107	-0.00015399716961817886	5.776672333788736e-05	0.0027928818845682976	0.02115444739432393	-0.013015337220987064	-0.00041611268036004375	-0.011530539111140364	0.004602045928409052	0.00036676774461360433
8.690000000000001	3.976162148365558e-05	-0.00011714737531764642	0.0031948621605746783	-0.00022286467411586014	8.834787799515987e-05	0.0027772004141865627	0.026631937292161713	-0.011181902599386421	0.003047798083948623	-0.0017412251351006758	0.0011551561941902024	-0.0024709703393906365
8.700000000000001	0.00027472471606167676	-0.00019111535275134382	0.003216689197211343	-0.0001837097842573655	7.584843706953113e-05	0.0027593679809499384	0.018042599401524594	-0.002805314900221488	0.0008007485505287876	0.009278369672978312	-0.003544024925159936	-0.0007045151531655155
8.71	0.00036770621599651915	-0.00016820986034980022	0.0032078231652989085	-5.278775580205667e-05	2.3733971421203526e-05	0.002765125127644073	-0.0001603158954646031	0.007104565339792133	-0.0023856207787548767	0.01581445149000468	-0.006404935822221266	0.0017469153846218347
8.72	0.0002772504118125475	-6.352398846154368e-05	0.0031804767974247168	0.00010530859291967717	-4.066842527752623e-05	0.0027864762070239995	-0.016752208229606394	0.01283417495289376	-0.002105813291143163	0.01420849493158899	-0.005833005208448419	0.0017307668449838202
8.73	5.85730439501296e-05	7.128186101143717e-05	0.003185125331986535	0.00020736462815264806	-8.508266973681056e-05	0.00278333712553752	-0.025730456648609484	0.01328022973165735	0.0027234674048705757	0.005676767626812145	-0.002814101476462216	-0.002140622263689573
8.74	-0.0001957235498170805	0.00017793470820915775	0.0032126515207685537	0.00020941930498916703	-8.964016527627285e-05	0.002762364114804468	-0.022602969284150256	0.006876580714695758	0.0019287865516515708	-0.00543398238541178	0.0020760457039586053	-0.0014029418244046736
8.75	-0.0003508458692742106	0.00019532001605662962	0.0032152652404774064	0.00010729608000722785	-4.743027672933862e-05	0.002760958171370368	-0.007000040124276751	-0.003538039097597344	-0.0014644894909854533	-0.014118723147715357	0.005983592078813059	0.001136415856902065
8.76	-0.0003265726052508629	0.00011502887032810853	0.0031893986821874324	-4.917921551177095e-05	1.9723977469210733e-05	0.0027808837485468365	0.011270887436414736	-0.011667442131868763	-0.003029149158794296	-0.01574203872388644	0.006781897491983472	0.0023869839994852186
8.77	-0.00014911713781673308	-1.8337854720764614e-05	0.0031762770051457496	-0.00017774804860751483	7.66744140641402e-05	0.0027909527892770116	0.022990298253726636	-0.014234511918710587	0.0013083407598120475	-0.0089841979691297	0.004302345609484485	-0.0011655345176346439
8.780000000000001	0.00010344981745394003	-0.00014950551056017232	0.003203390980150951	-0.00021846057208320654	9.916242568386931e-05	0.002768057821427895	0.02521494434442464	-0.010609012696369624	0.0028740332316108206	0.0013262677055346107	-0.00020630438808068858	-0.0023533557771095634
8.790000000000001	0.0003074130236398388	-0.00020872069822512086	0.00321886085424785	-0.00015169138896012287	7.11662992264196e-05	0.0027553517004149956	0.013605662097356117	-0.000650454586610905	-9.815002605976509e-05	0.011430081940566545	-0.005126282433463367	4.6134633966872274e-05
8.8	0.00035268455369706126	-0.00016210125696270562	0.003202219686141392	-8.533494211600925e-06	5.619864730012656e-06	0.0027683924896249957	-0.004775138050502089	0.009431182938597429	-0.002841971013930008	0.015961845427102203	-0.007400346400691649	0.0023151302753529816
8.81	0.00022615518667793306	-3.840674073905756e-05	0.003177243777699987	0.00013840450668194956	-6.300222794665048e-05	0.0027895161792797557	-0.019210800099935612	0.014286031184005931	-0.0009323888350903031	0.011950680115110992	-0.005721542822089569	0.0008870687273218166
8.82	-6.684554344158587e-06	0.00010635854596310303	0.003192450420973678	0.00021406041868327817	-0.00010215855623346161	0.0027784521626255053	-0.025747153182852058	0.013492349194625025	0.0029467492671907416	0.0027186507048091706	-0.0017671363910858784	-0.002221217434347261
8.83	-0.0002427941854626613	0.0002046881673618589	0.0032152830657455698	0.00018626417120597185	-9.201804664055206e-05	0.0027617228798337214	-0.01912145142424266	0.0051321669087708065	0.0010136516900397228	-0.008088899829988554	0.0037399862471475262	-0.000710952242492738
8.84	-0.00035386478588748135	0.00019932688436655673	0.0032088619577147013	6.571771178569758e-05	-3.4093305650339796e-05	0.002766856083324247	-0.0021706014336675813	-0.0060766243231888655	-0.002162382122371386	-0.014992402624106541	0.0073382378803974295	0.001650670954004397
8.85	-0.00028740587828947296	9.622996862639696e-05	0.003181809279217509	-8.799152769817528e-05	4.154800368395623e-05	0.0027876849888723554	0.014489961603203403	-0.013483452737126015	-0.002333330709533868	-0.014244552066659642	0.0070539080881729605	0.0018218887887554074
8.860000000000001	-8.865018558995928e-05	-5.1419308688110775e-05	0.003182963925549143	-0.0001938474708270602	9.627624919034749e-05	0.0027858899555931434	0.024129145781390922	-0.01519401816027659	0.0025953699751271	-0.006329060550227059	0.0036409310225915537	-0.0022142049746924145
8.870000000000001	0.00015878918248390315	-0.0001815851148083389	0.0032121432677560246	-0.0002054278128356556	0.00010637917418519256	0.0027615564746188833	0.022914466432040308	-0.009432466800725254	0.0022672655026502275	0.00427421074664856	-0.00186686296979908	-0.0018669124040341198
8.88	0.00032657399704639285	-0.0002213315355658614	0.0032181217918988165	-0.0001149468606561412	6.147457849035615e-05	0.0027560692388009797	0.009088130014872832	0.0018299296192758495	-0.001121440311395852	0.013053884060609113	-0.006717743191638551	0.0008177248751038078
8.89	0.0003267920564506205	-0.0001496656937175847	0.0031938951959787467	3.394935663840606e-05	-1.5955546786569265e-05	0.0027749283011567886	-0.008803474485936224	0.011684862953699318	-0.003126656927493147	0.015386878267209286	-0.008071517412433638	0.0025170773002555088
8.9	0.00017154038099950934	-8.331710869682314e-06	0.003175961090034896	0.000163674818876602	-8.520473642188245e-05	0.002790333518186869	-0.021047099874561822	0.015662784926252837	0.0006031316810362435	0.009423287847554895	-0.005307772264542519	-0.0003826850310918584
8.91	-6.797193155894994e-05	0.0001429592403960673	0.0031992424315286376	0.00021161617703914534	-0.0001155907790236426	0.0027724806955892137	-0.02480001466374935	0.013093959347148602	0.0028195617990615096	-0.0002749449754653687	-0.00029844643191014904	-0.002146876991389542
8.92	-0.0002775311072128925	0.00022691191335709172	0.0032161532309523256	0.0001568131673934276	-8.848643793723115e-05	0.0027603882828694673	-0.015086047015236598	0.0028452502387797686	0.0002096324161683867	-0.010243263921857974	0.005462380610506385	-4.078049605386235e-05
8.93	-0.0003435542551478884	0.00019553623707763178	0.0032025888670961277	2.392858956835758e-05	-1.57027955384443e-05	0.002771730694530211	0.0023058012565060617	-0.008713593058559241	-0.002611658169255716	-0.015162007403897223	0.00845350232665386	0.0020733696083115936
8.940000000000001	-0.0002409849411120407	7.024882034001099e-05	0.003177957936511452	-0.00011987518766223746	6.491552201878829e-05	0.002791802991743302	0.017020457179414028	-0.015222841596190613	-0.001203630587920101	-0.0121195767555122	0.006916795568034537	0.000987549603187259
8.950000000000001	-2.6627726076049115e-05	-9.009474350315978e-05	0.00319176538364465	-0.0002004540898650205	0.00011441690693664361	0.0027798021813633584	0.02451217793753063	-0.015702828594641918	0.0031126981021550367	-0.0036054777951066083	0.0026066431354678956	-0.0026524545733661027
8.96	0.00020667873698289172	-0.00021368561116050455	0.003217637916317076	-0.0001844839545358399	0.00010928263907731092	0.0027574917937527362	0.01982645492360623	-0.007663396807646391	0.001367486253322921	0.006740722021173491	-0.0036645781887581505	-0.0012486873418832449
8.97	0.0003332271692611076	-0.00022883349469243367	0.003213622393296924	-7.625838226250245e-05	4.74506349732736e-05	0.0027587979290646016	0.004377120542531759	0.0046985567616803165	-0.002070411446720384	0.013970777390817292	-0.008138720999393218	0.0014471042406212127
8.98	0.0002907156201807907	-0.00013041155483658857	0.0031846929028550085	7.102651903178697e-05	-3.910798874559013e-05	0.0027809168139732044	-0.012144196528038926	0.013945946486442127	-0.002869155277112768	0.014103167143759109	-0.00833034867737773	0.0023668975251365056
8.99	0.00011336749042089376	2.837245626375992e-05	0.0031782675229891683	0.00017982774374706185	-0.00010521364089489005	0.0027875500559561605	-0.02226392841026638	0.016890143035846104	0.002023532927512693	0.00696465462393323	-0.004588016677286711	-0.0014545229992872584
9.0	-0.00012348560553635365	0.00018124518459933898	0.003206668048049103	0.0002013363505566452	-0.00012294464751722167	0.0027672388528138577	-0.022827531744585204	0.012042225900623088	0.00255426660072937	-0.0030080243700950056	0.0013979313094405644	-0.0017287044637095499
9.01	-0.0002997480472563058	0.0002453965191303868	0.0032170991156396864	0.00012371222833675892	-7.842659305847205e-05	0.0027612115467279125	-0.010736642979011375	0.00015316402505968104	-0.0006468301423107227	-0.011851737548708646	0.007091256156862682	0.0006295144335202865
9.02	-0.00032149792023898594	0.0001854095373001285	0.003196628803900159	-1.6031095058381877e-05	6.728198541497462e-06	0.0027777680773849816	0.006331681732155991	-0.011432776084161024	-0.0029359783977408135	-0.0148610139597295	0.0091712385526662	0.002325279371746236
9.030000000000001	-0.00018970482742780787	3.815120495518564e-05	0.0031769108078357603	-0.00014581392602297592	8.819546843787979e-05	0.002792930419086677	0.0188315607612606	-0.01693306959561747	0.00018455858121726532	-0.009867444856812365	0.00647016083698171	-0.00033466689635835837
9.040000000000001	3.252691795219255e-05	-0.0001319580197484701	0.0031993241654120785	-0.00020150370630673598	0.0001282812885472041	0.0027725348050637293	0.023832093111440935	-0.015558455962525298	0.003041008783369757	-0.0008290349828063208	0.0010456089017818757	-0.0026673847800445555
9.05	0.00024275859996560138	-0.00024165653555138647	0.00321877136661793	-0.00015886918841075695	0.00010490445610978344	0.0027547009584876158	0.01614846079400709	-0.0052623237656529934	0.00040257836022869166	0.009009173224149599	-0.005535506486807909	-0.0005479978104890499
9.06	0.0003267112144584701	-0.00022807801620918885	0.0032060731284993802	-3.629481745052564e-05	2.7255263804585167e-05	0.0027630797616814756	1.5835744456891464e-05	0.0077359515797973	-0.00269362629286795	0.014443697650004955	-0.009319085938107381	0.002072509386638993
9.07	0.00024831658732153553	-0.00010370563213192254	0.0031775667895507305	0.0001047132042824032	-6.473810816024866e-05	0.002786502333008741	-0.014693628198117387	0.015945592648937655	-0.0019331840573792308	0.012338888786183706	-0.008183131344701973	0.0017519775077847214
9.08	5.4948042787413406e-05	7.003169201137897e-05	0.0031852538998391783	0.00019006145170030652	-0.00012490546290147916	0.0027825510617342213	-0.022859480810189247	0.017689661926310246	0.0029702502479777917	0.004324400965106342	-0.0035097273046276007	-0.0021286528951682325
9.09	-0.00017085639501631837	0.00021764412997520035	0.0032137058261028717	0.00018365066422227196	-0.00012606264517878542	0.0027630729573174086	-0.020060464919507744	0.010275823167688743	0.0018958925540953724	-0.005664917578588201	0.0033976193182873836	-0.0011908516487508126
9.1	-0.0003090995532216699	0.00025568612227474727	0.003215955203475715	8.62144725368676e-05	-6.244195816012493e-05	0.0027635424056645266	-0.006337059256865608	-0.002980949272248624	-0.0014576037335117503	-0.012980454720973382	0.008756003596901842	0.0012880336949726554
9.110000000000001	-0.000289863958969917	0.0001659150276029394	0.0031905988733143304	-5.458620381513065e-05	3.39550193915539e-05	0.0027835831687194044	0.00970957172276464	-0.013963728548415277	-0.0028875285672299907	-0.0138760904909642	0.009599014894991719	0.002219899297861877
9.120000000000001	-0.00013532204002632853	-4.990928757125547e-07	0.003179948988561656	-0.00016495683710801028	0.00011256148744955021	0.0027901644745837464	0.02019664470815935	-0.01833786848282141	0.0014931177953287737	-0.007411604326816257	0.00568340502424609	-0.0015383295953907542
9.13	8.754490636632238e-05	-0.00017421996961616975	0.0032057303113167414	-0.00019414774678725994	0.00013916275744000402	0.0027663281887298314	0.022293527816839895	-0.014620370100421318	0.0024783042746546694	0.0019405862335100585	-0.0008361648195889571	-0.002240140133438687
9.14	0.0002684454943278191	-0.00026360048116214844	0.00321669183053658	-0.000127870165449257	9.54781442001275e-05	0.0027556490404927756	0.012144900491569743	-0.002386787757234715	-0.0005600336962472436	0.010732450479284563	-0.007524615317279176	0.0002688496578891219
9.15	0.0003101483693344927	-0.0002191340055566742	0.0031968089793398087	2.8840969435059307e-06	2.0940049005202504e-06	0.002770774574181875	-0.003972069402904186	0.010690249149590941	-0.0029593353753221445	0.014278723270833155	-0.010316851666635677	0.002428096947946301
9.16	0.00020171058197231929	-7.080041828062657e-05	0.0031744608939468415	0.00013131429060983892	-9.19066209479959e-05	0.0027909199391563605	-0.016620639570978413	0.017751856991172134	-0.0002961297445553015	0.010127551654067186	-0.007642877016227121	0.000520442794146609
9.17	-1.8033930093946084e-06	0.00011463332187052056	0.0031953833388747663	0.00019231400061638166	-0.00014193516289307638	0.0027766656481088992	-0.022610019961151608	0.017786889095049798	0.0032813245762795076	0.0016621217522988267	-0.001864944758269813	-0.002373467960659005
9.18	-0.00020974804960937566	0.00025000790358540984	0.0032194254285734703	0.00016010714605183322	-0.00012268549149565988	0.0027597453176732467	-0.01691162504662101	0.007881624211795314	0.0009645969709431853	-0.00785004591552613	0.005551648248713699	-0.0006164797025925467
9.190000000000001	-0.000309121441416686	0.0002579461868487188	0.0032113258896820903	4.8099572443172543e-05	-4.046687504807444e-05	0.002766210124407711	-0.002156983527516351	-0.0062705674667623045	-0.0023903374969561388	-0.013586946345498077	0.010192200776625998	0.0017815003668013815
9.200000000000001	-0.00025365493283475125	0.00013915033546187602	0.0031824250209566943	-8.852009064788682e-05	6.30468938917967e-05	0.002787727425555203	0.012427773205716414	-0.016267253046880543	-0.002384171224958015	-0.012365957565060853	0.009455808739395088	0.0017586991713571722
9.21	-8.111946795214481e-05	-4.430732971679174e-05	0.0031836953977437098	-0.0001776349458913107	0.00013444493371171957	0.0027843501928653384	0.02109369220595599	-0.01936148015081214	0.0024731610849059267	-0.004978717140457763	0.004462076003700862	-0.0022788611230406667
9.22	0.00013574767265217238	-0.0002151260560322783	0.0032105147783668387	-0.00018076932725133451	0.000142639765885969	0.002761402824188492	0.020139727392420682	-0.012992584366041584	0.0019854286400486703	0.004484227560041766	-0.003068044089514783	-0.001599105672219872
9.23	0.0002835727363013014	-0.0002784703651768599	0.00321467783925707	-9.473209997499782e-05	7.790178202965413e-05	0.0027584786227135374	0.008064666210393742	0.0008860539725122996	-0.0012356874215922501	0.011999541606703893	-0.009282349848557752	0.0010649960571303546
9.24	0.0002856461111698228	-0.00020165854057832707	0.0031906644131856855	3.922123680140807e-05	-2.684790757327453e-05	0.002778763942115316	-0.0073948366872484605	0.013574165907550654	-0.002925863717053901	0.0135528131785643	-0.010705148858577178	0.002519628919010109
9.25	0.0001531322604184225	-3.14028097496452e-05	0.003177372195432836	0.0001507726500447105	-0.00011688811911472863	0.0027915554800582803	-0.018155158529480336	0.019401703287861605	0.0012381148525601256	0.007810971504402886	-0.0066933493593678405	-0.0008343035899580156
9.26	-5.485120204815917e-05	0.00016034217190651748	0.00320466671107012	0.00018698966290748534	-0.00015222035238381926	0.002770868649987472	-0.02161919997338309	0.017074019655375538	0.0029493217154330717	-0.0009621523576916099	0.00016331043291101447	-0.002254050672007475
9.27	-0.00023862107864507708	0.0002760772459436072	0.00322057551486506	0.00013165910747305217	-0.00011168380012453657	0.0027582785332397187	-0.01336017434326661	0.004922026569690849	-0.00011025843294552672	-0.009612353801890006	0.007553924020151366	-2.4010695118011425e-05
9.280000000000001	-0.00029871075869889016	0.00025114263263260303	0.003203294993784669	1.0363031599522023e-05	-1.374179228580063e-05	0.0027699795188767555	0.0017436030356571168	-0.009545288651115686	-0.0029972907238828292	-0.0135965877741451	0.01116476987916228	0.002131053816004531
9.290000000000001	-0.00021234258905467992	0.00010543682806027417	0.003176409548636944	-0.00011570938523368644	9.130310323790864e-05	0.002789902551106214	0.01454567578662234	-0.018299302179071136	-0.0012051206874763984	-0.010326354441729418	0.008834502545422833	0.0008453528791556077
9.3	-2.6785969466683403e-05	-9.212073473494516e-05	0.003190156178173386	-0.00018148834938273693	0.00015201056141861185	0.0027775232617659957	0.021341762056151008	-0.019750556486034004	0.003007372540298847	-0.002493054640352312	0.0028309574833956376	-0.002448735591249339
9.31	0.00017713521847415186	-0.0002520460192007434	0.0032147716366895092	-0.0001601801529391818	0.0001396232744131996	0.0027585802282791907	0.017383419662748284	-0.010568905635625929	0.001264770315720119	0.006650714954211429	-0.005265903947813003	-0.0008447635063740425
9.32	0.00028898717215526383	-0.0002839008254878557	0.0032105776037203854	-5.9410440507944915e-05	5.571837002796692e-05	0.0027632543541421173	0.004051093348150275	0.004397930674571807	-0.0019982539553563875	0.012632483081363662	-0.0107535811744365	0.0017030895449189633
9.33	0.00025441725700781916	-0.00017524485211273196	0.0031839503746962385	7.144404641563538e-05	-5.68369979663473e-05	0.002786111874376805	-0.010326983514817497	0.016177277932662857	-0.0024712956920597538	0.01223968187925495	-0.010649726104361133	0.0021804228329981327
9.34	0.00010186764738950867	1.4494445635862618e-05	0.0031826637436118137	0.0001628726663259526	-0.0001396555561464995	0.002788236527982451	-0.019340872804990937	0.02071250005002589	0.002425828263785971	0.00550670835166028	-0.005495183536891116	-0.001968843096929492
9.35	-0.00010427132891566221	0.00020577515557406757	0.0032115734158713674	0.00017469446364395713	-0.00015713120628324921	0.002764555784387558	-0.01989523761176221	0.015573055397950071	0.002315697767573231	-0.00337488390797148	0.0023766200138512555	-0.0019312978100258869
9.360000000000001	-0.0002581933361914874	0.00029509504810268757	0.0032183554502353447	0.00010042258267027685	-9.487877051832001e-05	0.0027573747790888524	-0.009447251678288675	0.0014612761480326702	-0.0010884844467946464	-0.010854592679905382	0.00948849595695092	0.0005999461359529956
9.370000000000001	-0.000278362401529555	0.00023457498647760182	0.0031942776468941764	-2.431122651416137e-05	1.6441259252180562e-05	0.002774286050840752	0.005371527432413265	-0.01279282698745233	-0.0031894130618709054	-0.012997724607517667	0.011763745911600777	0.002399930277823885
9.38	-0.00016505293458463636	6.412685874950846e-05	0.003174739249165679	-0.00013508610614938767	0.000118774715251338	0.0027898097998288987	0.01631284056586128	-0.020084677807703986	0.0004291826413496214	-0.008114957469487993	0.007874464309472771	-0.00029787578154727613
9.39	2.7977879093191108e-05	-0.00014218899830765973	0.003198659262394021	-0.00017702935089287697	0.00016456321405594187	0.0027715693858940634	0.02068065194756494	-0.019264380161011865	0.003059646536655883	4.48064515715983e-05	0.0007370385046809968	-0.002244029544242131
9.4	0.00021019328794317707	-0.0002833240485665655	0.003218050270146731	-0.00013269009143220136	0.00012948822160939902	0.002758513698218918	0.013982697052714195	-0.007544131051592753	0.0003969092381161275	0.008420449283531957	-0.007437151204704719	-9.115146760055632e-05
9.41	0.0002830544385697046	-0.00027987716574765274	0.003205342963483989	-2.276338226575029e-05	2.8257045789807134e-05	0.002769913763959536	4.703487004598667e-05	0.00805007174183103	-0.002631581599512781	0.012629756644506628	-0.011929833378084332	0.0021563932013554843
9.42	0.00021572434290786154	-0.000140579329110628	0.0031788384434140223	9.809680613496807e-05	-8.754306896240791e-05	0.002791661784102529	-0.01263484213681497	0.018459814357216307	-0.0015450568169159168	0.010288468679662833	-0.010086197542369212	0.0012298677941961094
9.43	4.8596883345464253e-05	6.542060851157417e-05	0.003189942831170548	0.0001665230783623774	-0.00015956798141695974	0.002781454172573567	-0.019802105623947654	0.021393102706734203	0.003031795379020755	0.0030572178572858145	-0.0038722933140925035	-0.002626941877496047
9.440000000000001	-0.00014682630177541384	0.00024803285247898294	0.0032163025729875956	0.00015383029539646189	-0.0001550358506275425	0.0027584170184247717	-0.01737331800445499	0.013229820778428728	0.0015103459966441385	-0.005547052233154901	0.004853794274998179	-0.0014028619488723488
9.450000000000001	-0.00026658462626356704	0.0003047462869449602	0.0032139579509273563	6.488796601514225e-05	-7.110107360089632e-05	0.00275795291957909	-0.005505961644417147	-0.002351987103687136	-0.0019466677539368982	-0.011503931623588284	0.011183220090602514	0.0012815526001421496
9.46	-0.0002502201032079553	0.00020866409294028397	0.003185560273939184	-5.743288144529088e-05	4.9650011738399695e-05	0.0027791123941082172	0.00836996676698152	-0.0157475962134458	-0.0029451699197392866	-0.011800215445238587	0.011794122372918952	0.002366892555570584
9.47	-0.00011675930928080217	1.5986493837060274e-05	0.003177403012722979	-0.00014873790751093562	0.00014410177632463096	0.002786582786799875	0.01750172226088622	-0.02164814881710824	0.0019063937208497756	-0.00580972580674082	0.006566840604172686	-0.0013833901534848262
9.48	7.613110276108196e-05	-0.00019231986968107337	0.003206260222934621	-0.00016697150501001376	0.00017065972848390905	0.0027659080825076033	0.019273839394901605	-0.017885153426714814	0.0027091918224743596	0.002421729963141885	-0.001717711234574115	-0.0018124506593904383
9.49	0.000232099392032024	-0.00030666595555418994	0.003218564905586841	-0.00010323450416289287	0.0001115965407856326	0.0027593102821389997	0.010439421934831902	-0.0038821679848719728	-0.00047186946584470773	0.00976288963733012	-0.009573857904926385	0.0006344983390957495
9.5	0.00026764802156244497	-0.00026508241604098013	0.0031991643588220754	1.2156094602707824e-05	-4.746545691612607e-06	0.0027763727364570694	-0.003456478880719156	0.011619049844460645	-0.0029518108252068703	0.012315511502166306	-0.012664301148584292	0.0024458485854601977
9.51	0.0001738237347980633	-9.831646455998556e-05	0.0031775445682394707	0.00012032981924211575	-0.0001182065973598981	0.002793860360021758	-0.014379980863616318	0.02042652466234481	-0.0001277475408421027	0.00821883888995853	-0.008997828570131705	4.672020935983638e-07
9.52	-2.3369925551838045e-06	0.00011900437682706665	0.003198342167727873	0.00016647768859196318	-0.00017424695647996082	0.002775328262664983	-0.01950964500340295	0.021206650912014867	0.0030159473137172446	0.0007014519144876552	-0.0016395960140375076	-0.0026223729020856384
9.530000000000001	-0.0001808039416740876	0.0002840869528269212	0.00321843230542651	0.00013202332809403614	-0.00014500832864928443	0.002756835466265494	-0.014436057133121962	0.010154899145802053	0.0005227697275159973	-0.007320344314053821	0.007243751383610531	-0.0006863580366038474
9.540000000000001	-0.00026494961812687174	0.0003038313354631634	0.0032067114819892962	3.16732114968261e-05	-4.1439558519130915e-05	0.0027632632664090534	-0.0017161292683474758	-0.006262569902913309	-0.0026352050062656723	-0.011872393131550734	0.01250374602860194	0.0018468259699920434
9.55	-0.00021638413642475625	0.00017411602062359483	0.0031779800531533888	-8.478801694422791e-05	8.334706350639673e-05	0.00278554276663876	0.010738886653072488	-0.01827873807162649	-0.00204480371208721	-0.010248295554429031	0.011182693796203525	0.0017401915877682812
9.56	-6.76042707827815e-05	-3.6674064145462916e-05	0.003184285200728229	-0.0001560394380101181	0.00016531413446541996	0.002781680025296092	0.018194870413523315	-0.022630909755405427	0.0029677903545810604	-0.003628689907719451	0.004784385913981164	-0.002190405621448593
9.57	0.00011854634486150289	-0.00023891960233146816	0.0032136058498587043	-0.00015186231730845136	0.00016879300509953487	0.002761110269060944	0.017213028684461708	-0.015712006255778475	0.002031267669727029	0.0045230116781675425	-0.004291746406355315	-0.0012928490914501643
9.58	0.0002442575153597672	-0.0003206843434905185	0.003216895949446176	-7.2616349843594e-05	8.635541792298251e-05	0.002761077483238199	0.0067805250125403645	8.2928962434037e-05	-0.0014425446710938988	0.01063321012060953	-0.011470652847322868	0.0013103972175760158
9.59	0.0002444530822838613	-0.00024029105775326032	0.003191197039972391	4.326138287140314e-05	-4.099447546694248e-05	0.0027828621747713247	-0.006501110818981778	0.014990401681090363	-0.002994682692903912	0.011486980306624636	-0.012791154373488225	0.002516693698774962
9.6	0.00012938314295351673	-4.8012420749191015e-05	0.003178809914068295	0.00013514388633460977	-0.00014617388244194074	0.002792569059541538	-0.01569615586346034	0.022280432079794767	0.00139740885467772	0.0061670933056419235	-0.007560560630543936	-0.0013379592808187937
9.610000000000001	-4.963436275855025e-05	0.00017487597321928062	0.0032052742964919613	0.00015978616142928428	-0.00018209951532909398	0.002768532895990513	-0.018480168418146235	0.020063018825257666	0.002646414854316036	-0.0015093923494796074	0.0009229273438832069	-0.0024122466014330824
9.620000000000001	-0.0002054996631692377	0.0003139779953054149	0.0032174432432566756	0.00010640169061069636	-0.00012732809238600137	0.0027555405563987096	-0.011207524780300349	0.006374182370555356	-0.00048030140529213984	-0.008705802176320911	0.009543110246145455	4.8764682526463525e-05
9.63	-0.0002544452372776908	0.00029227871224720055	0.0031980224344655556	-2.3779775973827063e-07	-7.43407552809938e-06	0.00276877507416122	0.0016868990056137583	-0.010294755612707455	-0.0030208848185059424	-0.011692063886397321	0.013395129647561534	0.0023143382001564075
9.64	-0.0001792992103482944	0.00013063710969404407	0.0031734773925920787	-0.00010609928886477455	0.00011586289003634436	0.0027893630326463526	0.01249430864866673	-0.02060108281702612	-0.0006344496966467564	-0.0083911135219384	0.010087336506234428	0.000728549149253846
9.65	-2.0311425268887213e-05	-9.525393556950913e-05	0.0031929535516570275	-0.00015679095384433584	0.00018205313815944076	0.0027762396877452334	0.018227587213324636	-0.022829144924258003	0.00339361200141319	-0.00145964240783538	0.0025974399840587065	-0.0023565328854706926
9.66	0.0001529397833854169	-0.0002820156879987664	0.0032193195880420964	-0.0001316534769160229	0.0001596957504071682	0.002759291319080339	0.014681619462085831	-0.012608840324656295	0.0012637263293746072	0.006290887609321112	-0.006898628214724808	-0.0005957440759953169
9.67	0.00024639089402158097	-0.0003244134357804081	0.003213885115151443	-4.1518333220799875e-05	5.605194609706619e-05	0.0027662019917457205	0.0032464927436745812	0.004417242898033864	-0.0022082982377486667	0.010989027351691938	-0.012954920414027746	0.0018607710967845968
9.68	0.00021511992947205477	-0.00020581612562506162	0.0031849827897059806	6.94290097639136e-05	-7.6870799008714e-05	0.002788820313676103	-0.008928707440658207	0.01798007450322304	-0.0025979594213213046	0.010101846111272043	-0.012321734088557983	0.0019418692162522149
9.690000000000001	8.37253959584955e-05	8.427575285787968e-06	0.0031837809307194652	0.00014252491689756636	-0.00016986727345929558	0.0027869495816967094	-0.01660050237107762	0.023639681385749785	0.0023582607432284155	0.004114544166110982	-0.005798298646488056	-0.0022936835821102037
9.700000000000001	-9.173178493357322e-05	0.00022823941217534185	0.003210243394682044	0.00014631343368843612	-0.000181994660389283	0.002761942706524469	-0.01676907786657524	0.01804024077029864	0.00200489626748068	-0.0034904177210546418	0.003695464220051832	-0.0019170731644091302
9.71	-0.00022060392181877785	0.0003339152151351848	0.003214477484692968	7.80607372400453e-05	-0.00010178356450979482	0.0027558935163175904	-0.007808167480264966	0.002136180786481888	-0.0012492940952172882	-0.009566019519253803	0.011631634666020338	0.0007812025590608237
9.72	-0.00023558258948041448	0.00026997733688600625	0.003190272258301116	-2.928943648716965e-05	3.0473038782705496e-05	0.0027746599558845213	0.0047239106842176925	-0.014068527152464884	-0.002990745038299854	-0.010956693425657724	0.013648360305475928	0.002524024620971543
9.73	-0.00013844455287295067	7.967051034386412e-05	0.0031756032716230213	-0.0001202499168255554	0.0001457465646345923	0.002789487375122316	0.013928412283747596	-0.022697196759665944	0.001115680127925837	-0.006407324824178019	0.00854338706100855	-0.0004938292691830607
9.74	2.6024731246968797e-05	-0.00015488139539709936	0.0032034828157497283	-0.00015050227748434914	0.00019112790542531141	0.002771158253467558	0.01755433457534822	-0.021998090963833268	0.003163279090018556	0.0006294997184144477	-6.95793810891934e-05	-0.0020816988607345933
9.75	0.0001796921027696537	-0.0003170481538675165	0.003221626469878396	-0.00010758214641299978	0.00014170677858855627	0.0027598767172503824	0.011685736005952633	-0.008854027623281318	0.00010040691928604517	0.007606709935990392	-0.009376232357657206	4.094489335608008e-05
9.76	0.00023948389268094237	-0.0003168239911021935	0.00320538913297379	-1.1238017670286871e-05	1.963343509123225e-05	0.0027720797610079648	-0.00014140337744961308	0.008724498567122029	-0.00299190612454141	0.010845536439479471	-0.01396746849562344	0.002174947409831673
9.770000000000001	0.00018136979907275555	-0.00016287217345970935	0.003177119532429921	8.995724895194313e-05	-0.00011215985514217061	0.00279260594913944	-0.010731531730916968	0.020562868283659108	-0.0014404359750214747	0.008339535920856934	-0.011088555875661224	0.0009250526295492444
9.780000000000001	3.9496616721296986e-05	6.854775559993817e-05	0.003189708543112631	0.0001432082142792935	-0.00018765485094151106	0.002779158778141886	-0.016772462134290556	0.02413941824590745	0.0030534966267877534	0.002067213860468388	-0.0035104796540841037	-0.0027730959292063167
9.790000000000001	-0.00012504004904373116	0.0002751582946475888	0.0032152516432893178	0.0001274545280365255	-0.0001729680459721683	0.002756523854198375	-0.014534222179303648	0.015054079986566151	0.0013898107767376395	-0.0051159375667630185	0.006412960916864481	-0.0012296274763910976
9.8	-0.00022478211170314573	0.0003412878690958289	0.003212063985776529	4.8804420077236304e-05	-7.045987036145666e-05	0.002758453982345399	-0.00450722077552846	-0.0023310680143379205	-0.0019543671810115446	-0.009924971522091207	0.013211991692002614	0.0015580396927865714
9.81	-0.00021009006098784378	0.00023643018702585892	0.0031846353188868495	-5.453888918541151e-05	6.86187371471884e-05	0.002781729907288351	0.007078375565123369	-0.017407072942603248	-0.0026689522532261085	-0.009769416658574443	0.013252126903746516	0.002437901935694399
9.82	-9.78195169057194e-05	2.146940677062459e-05	0.0031808612486761327	-0.00012798708129503503	0.00017153241253677512	0.0027881594663154963	0.014718227897422083	-0.024359076826820213	0.002254949751005621	-0.004469211205127568	0.006771791580285284	-0.001516298856865976
9.83	6.404890124428625e-05	-0.00021321445156305435	0.0032100384913219516	-0.000138837455861465	0.00019311526938695835	0.0027678832688653094	0.01611717067982656	-0.02016787219946079	0.002460373289625387	0.002473386877582882	-0.0028768854298309686	-0.0016893463625402732
9.84	0.00019404506292822928	-0.0003422246598375571	0.003218601130316205	-8.188088737905299e-05	0.00011770831600148631	0.0027621297702478853	0.008663482906793368	-0.00444897641989693	-0.0009195283101316599	0.008421196639457743	-0.011533921992739319	0.0006330905327138189
9.85	0.00022337013165163664	-0.00029661993701407356	0.0031952871997271786	1.5650542752334772e-05	-1.7869719847514792e-05	0.0027783703141676646	-0.002888504765548446	0.012899083589630291	-0.003176383579691984	0.010226571967459032	-0.014364202118260625	0.0022495516755650685
9.860000000000001	0.0001455489887353979	-0.00011096347911251709	0.0031748477928783348	0.00010344104082978335	-0.00014278183714272396	0.0027920686126960683	-0.011926675148971418	0.022816682698207136	0.000317507432773239	0.006486053754323665	-0.00957133319535643	-0.0005324886484640002
9.870000000000001	-1.2167241946609292e-06	0.00013201622945564537	0.0031988726186475045	0.00013781431733883077	-0.00019848259239585333	0.0027700715405126176	-0.016254188512108133	0.023624377326147018	0.0031794860723635826	0.00015289716572015904	-0.0009414030587472493	-0.0027365538211703987
9.88	-0.00015000061666196462	0.00031536591356291213	0.0032198128608679623	0.00010523597316718116	-0.00015636393690536467	0.002752820200232364	-0.012037634903707278	0.011185657343392906	0.0005537448797175435	-0.006413999465741324	0.009012577004091226	-0.00039716020150792685
9.89	-0.0002205629210017987	0.0003364727374811588	0.003207830455371768	2.01236794335254e-05	-3.383847985584928e-05	0.0027629037731370415	-0.0015151415294294784	-0.006987405536521962	-0.0026503186512697313	-0.009916014242600498	0.014419222512718424	0.0022580178082653437
9.9	-0.00018109837371770268	0.0001924815300176148	0.003179550865157626	-7.550026696222733e-05	0.00010628601829871888	0.00278764591838729	0.008811078400265997	-0.020320106901378657	-0.001860324434820497	-0.008204838527617683	0.012213339797261807	0.0017830480379376905
9.91	-5.8024853914315545e-05	-4.2636061430020755e-05	0.0031873843897440935	-0.00013071935717430422	0.00019244931082600447	0.002783464893656508	0.015116913876400804	-0.02520440117549532	0.002843677506943604	-0.00257273540962886	0.004535409649393771	-0.0021214539971827285
9.92	9.6627390748254e-05	-0.00026676636577054454	0.0032136643860523765	-0.00012292768638742208	0.00018652510171584128	0.0027640269991139076	0.014297307877878645	-0.01728639870032197	0.0016200837566735043	0.004117225444822156	-0.0057968516362772666	-0.001204505109714465
9.93	0.00020130737278142613	-0.00035558789365233327	0.00321308273553891	-5.481555822910046e-05	8.610206903876691e-05	0.002764342843567179	0.005696559154081415	0.0002739636820537803	-0.001712321797253948	0.008928381162556207	-0.013396833030211075	0.0012418138524705263
9.940000000000001	0.00020253538825755157	-0.0002654043369148401	0.0031868532358968376	4.096032381918062e-05	-5.8964353322769574e-05	0.002783790209888069	-0.005228493895685052	0.016622328323513614	-0.0028148012545077847	0.009320231969661717	-0.014223883936263532	0.0020928818007282194
9.950000000000001	0.00010881543932164889	-5.2079545878701745e-05	0.003179340173698736	0.00011352606776054127	-0.00017263510503635348	0.0027882633885860193	-0.012889783844589322	0.024788841807890007	0.001942867473665908	0.004685450192118425	-0.0078021180282775646	-0.0017665501276665002
9.96	-3.8405391218008844e-05	0.0001945455004349249	0.003208236016594223	0.00012962119259113633	-0.00020392023565229535	0.0027632344616071976	-0.015177795498683266	0.022080290949304783	0.0026593442613665297	-0.0016684008037873017	0.002089926846556942	-0.0022841786301526857
9.97	-0.00016650449690951618	0.0003463870346034042	0.0032195838391034888	8.269972888123961e-05	-0.0001326374753431102	0.0027531212112009993	-0.009226223788504946	0.006824940499392721	-0.0006219668286751865	-0.00732930640976921	0.011504874544526632	0.0004273419127681226
9.98	-0.00020759069212578318	0.0003202981443311473	0.003198152832458076	-5.1682141798847765e-06	6.804037360581046e-06	0.002770072300155039	0.001250113067118879	-0.011568207805126436	-0.003177566127617949	-0.009497100220635733	0.01514118982404853	0.002669571512052839
9.99	-0.0001478906360590295	0.0001404040879267557	0.0031740995667078973	-8.957165000741168e-05	0.0001422148755573692	0.0027920277693987906	0.010012515061969936	-0.022901064725984313	-0.00033785773215703026	-0.006510776943116514	0.010690618289303865	0.0005914163722209023
10.0	-1.9565378581783432e-05	-0.00010981212401598479	0.003194957081233949	-0.0001268478105119299	0.00020801121589661937	0.002778231338716411	0.014751961586434078	-0.025143694678706613	0.003261642872474577	-0.00076333199623419	0.0018550637722363377	-0.0023066817314343364
10.01	0.00012069795810598188	-0.00031364002996105855	0.003218335200086248	-0.00010300290728755298	0.00017281755773338806	0.0027619840045915553	0.011951261443658988	-0.013559265347946155	0.000886715335098877	0.0053594210902068425	-0.008609571738121208	-0.000576052985465656
10.020000000000001	0.00019768377999383735	-0.0003564099348054681	0.0032095179395056615	-2.8840377988888553e-05	5.034296840096107e-05	0.0027685239005457705	0.002804341034333028	0.0052519906613141525	-0.002452842236500628	0.00887300572431354	-0.014818766933044616	0.0017448549103248193
10.030000000000001	0.00017488974614994292	-0.00022285032227778925	0.0031809623130652064	5.943373365096541e-05	-9.78261721278133e-05	0.002789216806965637	-0.006917138018059408	0.02000163370476757	-0.002224577809046529	0.007905901621449279	-0.013332812874102831	0.001579801779194578
10.040000000000001	7.169757931693774e-05	1.4539688841469412e-05	0.003184982001024371	0.00011526588342074587	-0.00019534482911133237	0.0027832353870003938	-0.013182168055735142	0.026101446537882565	0.0027219805387484154	0.002985708689411091	-0.00567400927873485	-0.0024922307192215
10.05	-6.842313417688335e-05	0.00025485243972866295	0.0032123113253493523	0.00011501867043078641	-0.0001998624052930249	0.0027594522779600455	-0.013477482477633928	0.019447618034180464	0.0018888181911407337	-0.003082719604973555	0.0049945059702797626	-0.001592228839146374
10.06	-0.00017300200010052452	0.00036612328433140943	0.003214581262535777	5.86444220325445e-05	-0.00010346350440847989	0.0027573050451387628	-0.006485522151757347	0.001806968281628312	-0.0014748352772283946	-0.007716966339105485	0.013399546893688587	0.0011753500576396174
10.07	-0.00018818903785003215	0.0002915434359588361	0.003188823419236156	-2.6885284125380847e-05	4.5848249058864046e-05	0.0027785252705979117	0.003409993102922093	-0.01572801003675522	-0.0030070273197467657	-0.008633133392798888	0.015082100077909628	0.002580267378084155
10.08	-0.00011454051773760433	8.074699081313076e-05	0.003176466761900017	-9.709919159069117e-05	0.00017029934376718302	0.0027908526784835284	0.010757344709790928	-0.02509463678857661	0.0014467377195853711	-0.004790298932733346	0.008950781172512898	-0.0009650723329065392
10.09	1.426868111646378e-05	-0.00017656501893275532	0.0032048208870778905	-0.00011790771948278576	0.000213411910421339	0.0027699105799303134	0.013896490524473977	-0.023864571944222524	0.0029388761896944776	0.0007969643620726899	-0.0009354912988618663	-0.0021634879056638685
10.1	0.00013718058699529543	-0.00034943754122788285	0.0032201570388819606	-8.174884021183238e-05	0.00015049730570282396	0.0027585976234330307	0.009512031726233229	-0.009049114509568867	-0.00017969818541975876	0.006133484655168483	-0.01108330622398737	0.00010055684711081379
10.110000000000001	0.0001881069141576647	-0.0003428581701062585	0.0032024091728094254	-5.043631086406419e-06	1.1084692317333625e-05	0.0027717775488793344	0.00032899608496561264	0.010081200695672518	-0.002984911150940727	0.008539810445116381	-0.015610097820157464	0.002254717358519349
10.120000000000001	0.0001468561101140659	-0.00017056205369865118	0.0031765327688910907	7.367010374929464e-05	-0.00013326014819928448	0.0027916436546984186	-0.0080230877801728	0.02276394004026948	-0.0009442710175185571	0.0063639842689005134	-0.011840775608005494	0.000666995443292055
10.13	3.830938967898913e-05	8.420029957429816e-05	0.003192563188705213	0.00011273685784496474	-0.00021087732654374167	0.0027771332330172147	-0.013035411065921371	0.026303041159447538	0.0030679611174200747	0.0012999769888042709	-0.003087315439005511	-0.002583638905627322
10.14	-9.13560664284745e-05	0.00030588845264846616	0.003216312773478505	9.734517145896901e-05	-0.00018625140230281022	0.0027575691582975206	-0.011637948625965585	0.015761716366458307	0.0010755516438732582	-0.004270688940391244	0.007858790916627518	-0.0008904401246748202
10.15	-0.0001734306434461516	0.00037066426010654247	0.00320995635995678	3.4027995427058684e-05	-6.716000763637635e-05	0.002761952492293899	-0.004039749409110955	-0.0033163748979834528	-0.0022176722750761897	-0.007856739233953997	0.014926149064783423	0.0016943862753636676
10.16	-0.0001672127411903451	0.00025015761351545603	0.003181988979448366	-4.662934886830146e-05	8.633491131306447e-05	0.0027847173696292356	0.004994043324890985	-0.019379177050374865	-0.002439649934867373	-0.007477572335458461	0.014296912822093368	0.002139486473293086
10.17	-8.382403013209277e-05	1.3365538297315053e-05	0.003182561731940004	-0.00010144338374289705	0.0001945778410003612	0.002786023693315556	0.011236426893986146	-0.026631158040561716	0.0025739049687315127	-0.0031694352856998383	0.006791737128696103	-0.0019376152494510312
10.18	4.1683772115424e-05	-0.00023966286524353597	0.0032115832216610433	-0.00010631744545515867	0.00020998767989914593	0.0027643826532747005	0.012676952456896788	-0.021352637337781814	0.0022327549395895385	0.002287749115102581	-0.004053839704827032	-0.0016390577973904958
10.190000000000001	0.000145876254253187	-0.0003725274977418283	0.0032176521317096676	-5.919078108613329e-05	0.0001198917647614615	0.0027604440053976007	0.007187494249090179	-0.004012572545698814	-0.0011377639726520244	0.006736084639005855	-0.01316585346870028	0.0009012278585550102
10.200000000000001	0.0001741081175442158	-0.00031565824543494035	0.0031930578121889615	1.7031721380240475e-05	-3.129418257026228e-05	0.0027792219332303837	-0.0016612134904608667	0.01458313428089309	-0.003183859917008226	0.007865247189796193	-0.01570891367800955	0.0024113400283306994
10.21	0.00011940961983347842	-0.00011004703674550223	0.0031753002756272587	8.310796566535252e-05	-0.00016471141768717914	0.002792084570992301	-0.00877746155477889	0.02507565254546331	0.0007698932954820866	0.004718494356826439	-0.009920604839856285	-0.0008139032531487971
10.22	8.870184545407715e-06	0.00015405706474269678	0.0032009130758506718	0.00010598139596249596	-0.00021826652100768104	0.0027694929385797943	-0.012476220086438904	0.025314431904504987	0.003040292099806363	-0.00029588283146549153	-0.00014472318139959302	-0.0025617142602931578
10.23	-0.0001073811379820921	0.0003467158068091103	0.00321921897007753	7.731489016348887e-05	-0.00016420423985303816	0.002754327325122311	-0.009645739766653907	0.011323823908304886	0.0002269738953081948	-0.005208047182927191	0.010470903431965172	-0.0002095858347229702
10.24	-0.00016681963879148213	0.0003610297838751103	0.003204726411921169	1.0635821836002633e-05	-2.6698274968197802e-05	0.0027658460636376904	-0.0018015302248540704	-0.008387366240249735	-0.0028014502142787515	-0.007584787362391242	0.015836747335167788	0.002304036829562032
10.25	-0.00014333397227680008	0.000199300489692976	0.0031776485566317814	-6.10595980865587e-05	0.00012416453777258	0.002789303924344274	0.006090196476829355	-0.02232052939909199	-0.0014510225422157388	-0.006013667748819352	0.012814308343799204	0.00142242266791861
10.26	-5.4027954533747145e-05	-5.688543108758331e-05	0.0031896776903169665	-9.979138768371981e-05	0.00021207854352763185	0.0027816328603822212	0.011269994177938735	-0.027178522501196	0.0030129179529403078	-0.0015637886421201155	0.004209070456587011	-0.0022380387007647153
10.270000000000001	6.369047474809416e-05	-0.0002948729740149721	0.0032150521968797243	-9.024810416988232e-05	0.0001980934772637381	0.002762896990046059	0.011131338663928302	-0.017953864147416086	0.0013640774237404206	0.0034223287491524793	-0.006967920543521957	-0.0010152150941785322
10.280000000000001	0.00014813185424676517	-0.00038220074802079886	0.0032113734925006275	-3.689260971862254e-05	8.441863155426704e-05	0.0027652218649792336	0.004993340483953093	0.0011831101074035364	-0.0020170725884220463	0.006780816461011442	-0.014777479810906536	0.0014292917285179797
10.290000000000001	0.0001563674911245309	-0.0002776172232699384	0.0031834371271116683	3.4473016622099706e-05	-7.227715180473842e-05	0.0027857973820373536	-0.0032014013771108516	0.01845229468291611	-0.0027204248351186894	0.006833922074134394	-0.015042838716475389	0.002089255463438207
10.3	9.210843974118558e-05	-4.460987345572099e-05	0.0031797186059271164	8.633719771650901e-05	-0.0001896319554187538	0.0027877496543302314	-0.009268751695667031	0.0268411131264309	0.0023719050951756014	0.0031630677376803576	-0.007782122145872714	-0.0020439449291503476
10.31	-1.685079438919137e-05	0.0002188413006884214	0.0032103303072708593	9.479471933252413e-05	-0.00021621018548571621	0.0027624172245671666	-0.01150978356290598	0.023172128727047808	0.002655554171177119	-0.001577970752750346	0.002948459445411547	-0.0021155664454086008
10.32	-0.00011729789121868048	0.0003738056300790616	0.0032206897578816855	5.703578545779495e-05	-0.00013436544584434105	0.0027543030283277282	-0.007594155959220001	0.006351758784401384	-0.0007862373855928457	-0.005655838315493491	0.012698758955667185	0.0006128655687211219
10.33	-0.0001558317388439882	0.00033711268254203237	0.0031977659492456586	-9.141759754480527e-06	1.6523082511690542e-05	0.0027724460598592764	0.00011157794606359838	-0.013084614528554799	-0.003253801958533807	-0.006999007244148847	0.01612840083655509	0.0026537092173593586
10.34	-0.0001187228229282756	0.0001400230057741262	0.003175024055312247	-6.973510503731372e-05	0.00015791494136555928	0.0027919907972208243	0.006848560460527136	-0.02478843740816415	-6.299320191335999e-05	-0.004490111870169449	0.010910338241197363	0.0001484638113303536
10.35	-2.6722831078315076e-05	-0.0001281231590753863	0.0031960692932938104	-9.345919178105279e-05	0.00022241743630508734	0.002775653824019931	0.010901072527101213	-0.026550230685580427	0.0029940881251407556	-0.00015405632082556424	0.0013019138176485444	-0.0022990104169816057
10.360000000000001	7.995176424378705e-05	-0.000339608875033735	0.003216229181301582	-7.233198423955333e-05	0.00017854342866535506	0.002760505866156002	0.00940374364450795	-0.013631297166186815	0.0005618724569382601	0.004202883116769005	-0.009712068679522814	-0.00044044952591046756
10.370000000000001	0.00014474159428777992	-0.0003764206583247926	0.0032055396584343616	-1.6054153206466565e-05	4.460375260796469e-05	0.0027683319443828425	0.003006814874317412	0.006394786495132217	-0.0024692546791383386	0.006572921970877115	-0.015944370353099903	0.0018577943313863744
10.38	0.00013724899098664252	-0.000228308491339805	0.0031790120212905784	4.7799918655250883e-05	-0.00011179676674628182	0.0027888114470080365	-0.004236389973379077	0.021608142800865152	-0.0017500781343741689	0.00553587225268874	-0.013772749128762739	0.0013628880861673764
10.39	6.742334684387027e-05	2.595414940140334e-05	0.0031879759228582278	8.505257995579606e-05	-0.00021020757655278234	0.002780665045487288	-0.009360990666462447	0.027679189891636525	0.002984269692321853	0.001751022680653916	-0.005380915577054587	-0.0024889812165425867
10.4	-3.606364201466401e-05	0.00027692820956075933	0.0032154268820782437	8.086681565116812e-05	-0.00020755851168675402	0.0027584054240052873	-0.010331758218294594	0.019945465630819306	0.0016913326976642335	-0.002580916959214164	0.006050087532685658	-0.0013488834680744075
10.41	-0.00012040335503863409	0.00038687471250297816	0.003214969402580512	3.753398283398248e-05	-9.94829811079972e-05	0.0027587782200797287	-0.005765502985772978	0.001110177459950839	-0.001774223273750103	-0.005730392596029893	0.014614144084483537	0.0013871772280892201
10.42	-0.000142546081324642	0.0003011941906091079	0.003187197666130582	-2.439767689748814e-05	5.9923603947616665e-05	0.002781194159306606	0.0013895452718458968	-0.017151469261037184	-0.003031707484166376	-0.00608967495690613	0.015760669442539173	0.002555846351602149
10.43	-9.790948516622401e-05	7.513849139956404e-05	0.0031770594949793863	-7.206089406033102e-05	0.00018668338132850985	0.002790765842166985	0.007212476098890841	-0.026683295540290704	0.0017491035742030453	-0.003043316215834372	0.008799793670005655	-0.0013069494980691358
10.440000000000001	-6.676754588829986e-06	-0.00019534448500217586	0.003206068649444535	-8.280645057696661e-05	0.0002241620790945034	0.0027686481766470805	0.010269685771045867	-0.02473558496698051	0.002851314953235326	0.0009880221219499036	-0.0018854729322646433	-0.0021285375516175166
10.450000000000001	8.85291476735749e-05	-0.00037101779976445796	0.0032199712724275504	-5.365032226093294e-05	0.0001500993441400862	0.002758434569063489	0.007865619903508137	-0.00872160087492092	-0.0003356168146571265	0.004595096419773154	-0.012252862295478744	0.00027387766588148565
10.46	0.0001368859720465431	-0.00035653263000555923	0.003200988453304695	1.7095446634645019e-06	-3.84313952211522e-07	0.002772791337817882	0.0014450186579198856	0.011251472703362858	-0.003039232797528758	0.0060255157905403445	-0.01653617781639198	0.002299750074525446
10.47	0.00011808490835891604	-0.0001709948197505991	0.003176792243338029	5.549285708335827e-05	-0.00014998339948666805	0.0027911912786660288	-0.0048688649165642625	0.024214546029382396	-0.0005526935478003696	0.004154032559774663	-0.011981269452511722	0.00032220191052951034
10.48	4.556089079278599e-05	9.84270501108276e-05	0.003194671895219119	7.907607405094094e-05	-0.00022526085802452374	0.002774875715829037	-0.00916341809781138	0.027534551977607336	0.002966855481680794	0.00046799505530806983	-0.002457513215563233	-0.0025635523226829574
10.49	-5.006157018465477e-05	0.00032735355313231145	0.0032158642136364463	6.443617335472781e-05	-0.0001912644243583025	0.002757025635398908	-0.009037533367504683	0.01593534559870508	0.0007416618426138334	-0.003297364698494702	0.009030977954838123	-0.0006425624477551817
10.5	-0.00011864334021417994	0.000388098144376288	0.003206857699893394	1.8419580782779163e-05	-6.0222672436614705e-05	0.002764159256603257	-0.004080127966450322	-0.0042061942668063365	-0.002374794429619718	-0.0055508217945002564	0.016030087112292486	0.0019474766020969373
10.51	-0.00012668188525174435	0.000256332808848933	0.00317942626623407	-3.6951498070818136e-05	0.00010154627007385048	0.0027876614673624524	0.0023254861973599646	-0.02064006814061078	-0.0021195647931730437	-0.0049410467683194785	0.01470313402139632	0.0019677333123422312
10.520000000000001	-7.720072845820978e-05	5.992435383958489e-06	0.003184678156042866	-7.096693497266134e-05	0.00020952818803866277	0.0027855012787828034	0.007331399706539027	-0.027998941759210357	0.0029486397279492194	-0.0016968685318419483	0.006370679541220952	-0.0022387665898654487
10.530000000000001	9.630488189051122e-06	-0.0002571844142605335	0.003214987006362984	-6.97756588029377e-05	0.0002170511230749667	0.0027626773641990098	0.009265660252302623	-0.021901327811514885	0.002193812928301859	0.0019336682349886526	-0.005109547782267519	-0.0016018485684235208
10.540000000000001	9.08795081423529e-05	-0.00039052500356142407	0.0032194114515442583	-3.515830504146645e-05	0.00011526554180010963	0.0027595396998000826	0.0062446087917114555	-0.0035374534556424655	-0.001382896267801851	0.004707937456495125	-0.014374462250579997	0.0010184323807171033
10.55	0.00012425132585702515	-0.0003250678724655015	0.0031929874959033275	1.666547961182096e-05	-4.590398085129592e-05	0.002778990075484082	0.0002451741438694252	0.015718543754782356	-0.0032219395050405975	0.005173684789883462	-0.0163744695196012	0.0024279174597425035
10.56	9.868675617937568e-05	-0.00010699767177147065	0.003176615638918635	5.8661808090709446e-05	-0.0001821088735865252	0.0027907099046054922	-0.005099321235548787	0.026444509403679043	0.0009551704518820449	0.002795599428055518	-0.009839191150299463	-0.0009857952726036023
10.57	2.783373569989686e-05	0.00016927221275760338	0.003201220804176534	7.003149352537539e-05	-0.00023044121407893848	0.00276888870049748	-0.008543858305845873	0.026180833309919983	0.0027247006137295403	-0.0005800646291789681	0.00082211622373439	-0.002291856454721364
10.58	-5.7173922408534506e-05	0.0003656835416292102	0.0032160725783366008	4.758476387702004e-05	-0.00016457339628813664	0.0027565727780640725	-0.007623830924461726	0.011180227271486008	-6.696999410717614e-05	-0.003712359818817025	0.011765359071772442	7.72801396700965e-05
10.59	-0.00011123997927545711	0.00037425364983822274	0.003200200663284466	1.806927084578823e-06	-1.5030315645141579e-05	0.0027697023809899204	-0.0027556157161386964	-0.00930783755058623	-0.0027540003598507667	-0.005063424507870063	0.016847057264682396	0.002298064257042865
10.6	-0.00011008586330864358	0.00020174595840580104	0.0031764932618933636	-4.434370829956069e-05	0.0001414465270907483	0.0027908025072855324	0.0028006246819566112	-0.023530200897432036	-0.000807986926138154	-0.003662263011532776	0.012921632046758743	0.0008692445866923684
10.610000000000001	-5.9342977503716014e-05	-6.702773723590741e-05	0.003193679498625876	-6.576438780656926e-05	0.00022662892963009462	0.002778145788103719	0.007087605448921819	-0.028306502573318338	0.0032259138049914905	-0.0005538351023319897	0.003509821313970972	-0.0025002899535576987
10.620000000000001	2.0656020016242004e-05	-0.000311866459207145	0.00321893954932928	-5.5347254063205645e-05	0.00020234117386007099	0.002758648190642508	0.008157646620303547	-0.018180721864041807	0.001171200892248711	0.0025682225656729475	-0.008243104004472547	-0.000935957204157664
10.63	8.888938280514324e-05	-0.00039688450823844587	0.003212653402843503	-1.8242078104104014e-05	7.561472225360082e-05	0.002762936948320303	0.004886821892658775	0.0018496878210460667	-0.002270053502078018	0.004527161543124512	-0.016011825338559087	0.0016707619158278213
10.64	0.00011065238391276446	-0.000283234935216237	0.0031831581607080035	2.8141561485065254e-05	-9.014193685389874e-05	0.0027855127777237313	-0.0005780022225064097	0.01950054183686264	-0.0026970552661451006	0.004278219635979978	-0.015515484227265154	0.0021372749370943793
10.65	8.110724102208369e-05	-3.835249894420781e-05	0.00318073554051392	5.8332686869827335e-05	-0.00020786428122987274	0.0027867139901197892	-0.005176363904910284	0.028107359251388575	0.0023849263017418202	0.0015926339767196192	-0.007409191998364375	-0.0020200752718768284
10.66	1.3430732601488439e-05	0.00023481800207013646	0.003209501733266213	5.907577086787786e-05	-0.00022651062027781077	0.0027633527598649637	-0.007769142269025188	0.023749097522675518	0.0023633970326818734	-0.0014568012932986078	0.004091269222946226	-0.0018248540716309404
10.67	-6.016625767169637e-05	0.0003909108794180734	0.003217355726777815	3.168078781891817e-05	-0.00013172111672707116	0.0027576584312798483	-0.006265032243351283	0.006026489104379842	-0.0009359427121343115	-0.0037855524639718854	0.01402511268617439	0.0007709957310284485
10.68	-0.00010139445938131985	0.00034763852236827233	0.0031947815048972514	-1.0870775470707706e-05	3.069667814355448e-05	0.0027760665489134743	-0.0016985229467224375	-0.013990432939058155	-0.0030304487299951774	-0.004358715285887595	0.017022711873316592	0.0025080461169725726
10.690000000000001	-9.367244046636497e-05	0.0001398862699045846	0.003176876014882726	-4.718200421452423e-05	0.00017627466286158436	0.002791372848233471	0.0030656236393586532	-0.0259849214974854	0.0005957324284174234	-0.0024979125361776476	0.010887128241297781	-0.0004492614953164682
10.700000000000001	-4.335045267918295e-05	-0.0001399462106171461	0.003201140310308449	-5.815648074545363e-05	0.00023585527816614874	0.002771888373146636	0.0066966099494752095	-0.027471509970965955	0.0029346416766834514	0.0003233107420805501	0.00035251356794047616	-0.0023628191140484087
10.71	2.904636139274307e-05	-0.00035621551704242136	0.0032184351177969614	-4.13525896870324e-05	0.0001796501007484105	0.0027576657133125187	0.007079983361882299	-0.013663613119122512	0.00015542533622809175	0.0028980760000437587	-0.011125587232789174	-0.00020634812156464002
10.72	8.520041302248797e-05	-0.0003893244790779186	0.003203614435429764	-4.668347797014208e-06	3.246339173401997e-05	0.0027685094781429672	0.0036851357456571766	0.007151083923766221	-0.002787908332939269	0.004129886013446254	-0.017026473641442993	0.002161334100609557
10.73	9.790394939677166e-05	-0.00023213591602077514	0.003176514440792047	3.410762645900929e-05	-0.00013035512447987567	0.0027906819982285174	-0.0010918403549211317	0.02263503218665691	-0.0014407984427745792	0.003201109030143027	-0.013922828028343366	0.0013138815693187894
10.74	6.633224368344448e-05	3.36120344147761e-05	0.0031895743872077174	5.332627145192685e-05	-0.00022617637855002853	0.002780953434932854	-0.0051174818769579335	0.0288019748463695	0.0032576577237218543	0.0005921297743619203	-0.004720288915265545	-0.0025629934250424326
10.75	2.824198256710693e-06	0.0002924897956416685	0.003217704656413827	4.634569552576782e-05	-0.00021359357643826625	0.0027592442994928785	-0.007010467058930564	0.020344048359215102	0.001647897357322963	-0.0019266949101893146	0.007244104712782677	-0.0012390908379014969
10.76	-6.108345156347023e-05	0.00040193328939438133	0.003216390643720196	1.7468517103881754e-05	-9.327224471884566e-05	0.002760557546320275	-0.005196450228227814	0.0006499765379363265	-0.0018901165590098376	-0.003598332645920571	0.015765593788485185	0.0014554911540684459
10.770000000000001	-9.26311992658328e-05	0.0003083645028770787	0.00318786134198164	-1.9923814936968292e-05	7.500885616256781e-05	0.0027827812446052187	-0.0009215779580610641	-0.018129497282747167	-0.0030040568686585728	-0.0035221343595465975	0.016277167936419576	0.0023664541166581957
10.780000000000001	-8.038868206372488e-05	7.129989474764148e-05	0.0031790948398987716	-4.59614101779705e-05	0.0002028332373805323	0.002788945099926007	0.003252890366323681	-0.027898859157784152	0.0018318834046060124	-0.0014329025978525299	0.008537874052271174	-0.0016160764553905498
10.790000000000001	-3.0791624193866506e-05	-0.00020923513944237214	0.003206296071234914	-4.803986664214088e-05	0.00023359923223683916	0.0027660631749206028	0.006286026248331809	-0.025381318531729223	0.002485132610974656	0.0010063362628577263	-0.0028997518433519103	-0.0020325852740313123
10.8	3.387642452741451e-05	-0.0003870079013285571	0.0032167854897936234	-2.767231844437789e-05	0.00014787655081498967	0.0027576610715308596	0.006030681064696637	-0.00848295755158793	-0.0005917077106807479	0.0029248174009130767	-0.013450313451854417	0.0005059430767802886
10.81	7.983221160153052e-05	-0.0003661907784035295	0.0031965585018116412	5.959882127118444e-06	-1.2935667945954761e-05	0.002774024028574115	0.002786352247652099	0.012165916150779886	-0.002970850846857978	0.0035228109457605835	-0.01731446138303809	0.002411797252095122
10.82	8.684207584871337e-05	-0.0001705538459603539	0.0031760692846681043	3.6126866462531125e-05	-0.00016604751502971365	0.002791472363705865	-0.0013294290226016788	0.025332675412620177	0.0001030317569186679	0.0021570962951324205	-0.01191617133980625	-1.3613202192405193e-05
10.83	5.4886849153033604e-05	0.00010939310052142873	0.0031988140990142962	4.617713588092268e-05	-0.0002368036439353904	0.002773585266669354	-0.004922723787032112	0.0283486483994228	0.0031850513162901034	-0.0001093957142917094	-0.0015828329453947772	-0.002474452731483881
10.84	-3.7673216665139838e-06	0.00034194566573367833	0.0032197499233098253	3.426381619988087e-05	-0.00019150829910200142	0.0027572412376531542	-0.006270480758653772	0.015855701217267038	0.000531860178281877	-0.0021849054904408654	0.010274467666316013	-0.00045742135915654544
10.85	-5.9534538639096274e-05	0.000398334551867086	0.003207910160395849	6.030469333210281e-06	-4.8888784066100244e-05	0.0027659898452956993	-0.004375014972846007	-0.004922737570586514	-0.0026641896824966056	-0.003234458672477343	0.017013782467809914	0.002027846997619689
10.860000000000001	-8.437349873607639e-05	0.00025807509309861624	0.003178806181740365	-2.519094163494476e-05	0.00011893091688608343	0.002788661699450049	-0.0005060344291823491	-0.02154621420280017	-0.002057504509504289	-0.002677366535167423	0.014849382584557027	0.001631509439291747
10.870000000000001	-7.056346765520449e-05	-2.1734013581680016e-06	0.003185528999798445	-4.1768406360981394e-05	0.00022482600787430938	0.002782505181947583	0.0032117993042413435	-0.028977708409606662	0.00294575865658884	-0.0005972289120989824	0.005806078595919672	-0.002439548756091284
10.88	-2.350120240883421e-05	-0.00027147839202688325	0.00321390284868692	-3.781874772552828e-05	0.00022328267875134652	0.0027597332913061492	0.0057843639446665575	-0.022136539128979935	0.001867157015210981	0.0013468048900752109	-0.00631059732783555	-0.0014570863720389886
10.89	3.457064761978938e-05	-0.0004032284576127602	0.003215346376629682	-1.664048840689507e-05	0.00010886346210312229	0.0027584922191644626	0.005297656553915232	-0.003026184268770566	-0.00157590218571284	0.002717941258014417	-0.015561740674890412	0.001219105535207332
10.9	7.370668796726114e-05	-0.0003304920064360801	0.003189091855333261	1.230552225566741e-05	-6.168127507264844e-05	0.002779539256420998	0.0022238660447687296	0.016569232941851208	-0.002985869412731112	0.002838120721821818	-0.01696533587665125	0.0024701040713591732
10.91	7.780947300242224e-05	-0.0001030374547587656	0.003177914195510925	3.415816712142329e-05	-0.00019885999072094047	0.002789634117366725	-0.0013888924708975203	0.027483546228302486	0.0015528230569072038	0.0012920707870617857	-0.00953218593931793	-0.0011811753793257163
10.92	4.633111329206451e-05	0.0001815317421816956	0.003205361921041837	3.738323930732068e-05	-0.00024007722114039495	0.0027682295643674686	-0.004718201466494469	0.026667017015299384	0.002712124187626146	-0.0006031453368776386	0.0018706565053187984	-0.0020774460896531535
10.93	-8.340598303933044e-06	0.00037887855563319107	0.003218079402494843	2.360583658767778e-05	-0.00016237436072193611	0.002758531033335391	-0.005680080727655616	0.010872719108867432	-0.00039952402409179015	-0.002062236879447303	0.012940273517384101	0.00033318538757691344
10.940000000000001	-5.7492955808256555e-05	0.0003814302980767449	0.003198963003006158	-8.735387113962265e-07	-2.6100469632526867e-06	0.0027736291805345948	-0.0037066163286368454	-0.010129987847671853	-0.0029873758818134335	-0.0026468435983084933	0.01760168046689241	0.002362656434521977
10.950000000000001	-7.781278760046456e-05	0.00020057387687068208	0.0031752828265317013	-2.4422196569321974e-05	0.00015707820514135044	0.0027930786536505205	-0.0002915364344261404	-0.024403795464274722	-0.0005014646359633958	-0.0017566990769333393	0.012804345759265017	0.0004143976097953215
10.96	-6.343453687630104e-05	-7.709109817443287e-05	0.0031953505705826103	-3.297481934739542e-05	0.00023768660364148562	0.0027765662454661798	0.0031580375933591334	-0.029009983302702966	0.0032881842806103206	2.131321103220528e-06	0.002695557369139616	-0.0026992240564975498
10.97	-1.8583935721727168e-05	-0.00032516836276944217	0.003219684760851031	-2.5850147533069747e-05	0.00020273537687841251	0.00275655820474632	0.005407934050176848	-0.018095864538239456	0.0009871885506005022	0.0013930339396333786	-0.00942181548514215	-0.0008811038538534108
10.98	3.484289613711788e-05	-0.0004060753728173616	0.003211584424205416	-7.071047168539437e-06	6.512184721569684e-05	0.0027617476633282154	0.004765704268595935	0.002510514286349818	-0.0024435491784542854	0.00220595248120092	-0.01692162946204874	0.0018003536967326718
10.99	6.92799100106278e-05	-0.00028459934642328715	0.0031818948793143945	1.5162052275175907e-05	-0.00010620478727575654	0.0027849396406224142	0.0019006613064953498	0.020335312733092727	-0.002517941972283679	0.0019983700588768944	-0.015655623502747046	0.0020804238439157676
11.0	7.204949075173326e-05	-3.0797745675250825e-05	0.003182305357863687	2.8003641543827593e-05	-0.00022185403609790432	0.0027849505097544453	-0.0013770956935726527	0.028993844905910098	0.002536813728378788	0.00047939741231222826	-0.006862374135921161	-0.0020043645600846386
11.01	4.195274093042467e-05	0.0002481582945507771	0.003210319402237695	2.5940882792375048e-05	-0.00023125783329155927	0.0027639555222548815	-0.004443418119915388	0.02394009673575336	0.002112815078695533	-0.0008487680776357856	0.005269038071529409	-0.0014817571723775452
11.020000000000001	-9.126908885979384e-06	0.00040252249578621546	0.003215222488300396	1.2302622004385386e-05	-0.00012473680082338769	0.0027614308419516165	-0.005278461256129346	0.00549456904977412	-0.0011706721661602954	-0.0017828317970709881	0.015112943837192498	0.0010228006248752788
11.030000000000001	-5.418964397804936e-05	0.0003516208440606404	0.003191724739325047	-6.907727138669259e-06	4.57004910383663e-05	0.0027808634301092028	-0.0033593864268707287	-0.01485602408815679	-0.0029286540637618844	-0.001901736384288268	0.01741399663517876	0.0023944622518194793
11.040000000000001	-7.284014331924991e-05	0.0001355505664248755	0.003177654978484061	-2.1588810158914514e-05	0.00019093897886537863	0.0027922458499211765	-0.0003477958930025655	-0.026870120957607525	0.0011541762395881749	-0.0008312927002570242	0.010504990185066442	-0.0010322477515986722
11.05	-5.958653732390165e-05	-0.00015138950598804832	0.0032045087689271563	-2.312209892024558e-05	0.0002435355446373075	0.0027689335503864924	0.002984377243634097	-0.02784082829692878	0.0029167046725726664	0.0004340349197648383	-0.0006479431406828561	-0.0024905571075253094
11.06	-1.7543667218186494e-05	-0.00036757487517956154	0.0032200967806088067	-1.4162243029516517e-05	0.00017604246227757858	0.0027548932524689945	0.005025689541446811	-0.013265559475320822	-0.0001332534159455618	0.0012996093880001303	-0.012249570839475518	-0.00011334363344180643
11.07	3.1902172141675494e-05	-0.00039423666673738146	0.0032022998607771865	1.1089989573301798e-06	1.9286105265061646e-05	0.0027668951589281225	0.004408340663448949	0.007947676563395015	-0.003056474534315252	0.0016382031263076555	-0.017754435013575865	0.0022714614503693917
11.08	6.392087911254932e-05	-0.0002288012057653286	0.00317447777774895	1.553558985891033e-05	-0.0001469212103041402	0.00278906419193364	0.0018527600431226762	0.02344635969421897	-0.001258663956932457	0.001070906312778102	-0.01381946459521509	0.0011228936775998747
11.09	6.74185297713543e-05	4.513843100806527e-05	0.003188941122996098	1.9936761559801817e-05	-0.00023828714725958997	0.002778739748284062	-0.0012608492263788997	0.02946502420886596	0.003195192645941065	-0.00010224687946606018	-0.0038840228981054594	-0.0023622542372023153
11.1	3.9303841221757203e-05	0.00030639029193119496	0.0032156447687958	1.4571233415863643e-05	-0.000215269239586025	0.0027602891226109066	-0.004152769128671574	0.02012360524592512	0.0014633596474343056	-0.0009264284609373461	0.008398854588611358	-0.0008548365263973491
11.110000000000001	-8.043548278931151e-06	0.00041044954976815126	0.00321301575350527	2.9362453067047473e-06	-8.40582260454806e-05	0.0027647653012486547	-0.0048847880739394675	-0.0001662604292163557	-0.0018967261312758058	-0.0013200287891900735	0.01668937797434609	0.0016430773637293148
11.120000000000001	-5.001026582409611e-05	0.00030827074410100534	0.0031862441054169993	-9.631234686365254e-06	9.020341161858327e-05	0.002786851122204511	-0.0032019816513330886	-0.018952138115032036	-0.002613271773262618	-0.001078846443249144	0.01647282933725825	0.0021151953674162626
11.13	-6.877618476784018e-05	6.317498156916035e-05	0.0031832101219853286	-1.6022828352190924e-05	0.00021642245984646022	0.002788217161792175	-0.00046396370109779453	-0.028659906339951545	0.0022510766125520454	-0.00010984473481325197	0.00805091447901445	-0.0020476772597635895
11.14	-5.684165446613498e-05	-0.0002211992597440487	0.00321060363529049	-1.3436077782432775e-05	0.00023886227356091424	0.0027640382106679036	0.0028385132834275978	-0.025360334333214076	0.0021818388693207844	0.000543170443530977	-0.003989644052618622	-0.0019456828361586911
11.15	-1.667995683417837e-05	-0.0003952009885162337	0.0032160674542867254	-5.964695886979832e-06	0.00014229676057792742	0.00275701163899913	0.00479187529514859	-0.0077996958633361575	-0.0012184478673191027	0.0009129412217446371	-0.01447415735582022	0.0006348385180754823
11.16	3.033231945315396e-05	-0.00036665182589275887	0.0031911825617432056	3.68570426636402e-06	-2.6504443903877654e-05	0.0027745345183690286	0.004185789346406162	0.012951694228024205	-0.0032009098675610755	0.0009445453348983853	-0.01775775616885777	0.0024615483632547445
11.17	6.170951765641632e-05	-0.00016428486380435397	0.0031723707819226255	1.123477952266011e-05	-0.00017955138947987808	0.002790400884261891	0.00198929589110771	0.025949806659486027	0.0006328254704742935	0.0003684063817361332	-0.01153189628903667	-0.00035280750489737425
11.18	6.706721103298101e-05	0.00012071666282928808	0.0031994230995751557	1.094689579364424e-05	-0.00024413611921303983	0.0027711002485518153	-0.0011155929026373701	0.028584190717304416	0.0034074044895475697	-0.0003136903838113439	-0.0007201235828454639	-0.0023894456959766886
11.190000000000001	4.015439577948755e-05	0.0003519685538856411	0.003221827708467284	6.256893404816437e-06	-0.00018918640826950996	0.0027567022479085854	-0.004033382430003088	0.015372269344083618	0.0005869123345393498	-0.000606699074246065	0.011242969290068995	-0.0001857569545592032
11.200000000000001	-6.428506329953491e-06	0.000401509021641349	0.003209615909340586	-6.010653293779657e-07	-3.8462058865469274e-05	0.0027679753864304356	-0.0048206444512762705	-0.0057433613296572214	-0.0027692151433518527	-0.0006945541404483817	0.017618938755300094	0.0022545292757121635
11.21	-4.842704924052523e-05	0.0002534835359880931	0.0031801969743967986	-6.620022707964434e-06	0.0001320083258996281	0.002791392740898098	-0.0033129237682062006	-0.022231755019930185	-0.0019550838441575375	-0.0004302944699265508	0.014721446222003928	0.0014642401656352049
11.22	-6.939870968195321e-05	-1.31182023752822e-05	0.0031873169650704783	-7.196306373511418e-06	0.00023426051023389582	0.0027831880417611876	-0.0006730387415199134	-0.02943915282981993	0.002712836370844503	0.00028363752395277813	0.0051745334326393465	-0.002501774972964116
11.23	-5.872508753521708e-05	-0.0002833677741315056	0.0032116113567503637	-3.355214866789693e-06	0.00022416032938018228	0.002761023083556214	0.0027704192885323682	-0.021857783625619204	0.0014010373251233013	0.0004234025588532057	-0.007227283579893749	-0.0013496452021399426
11.24	-1.86411848921086e-05	-0.00040918736207062173	0.0032094683293662375	7.109516860900247e-07	0.00010169642284019753	0.002760856519034026	0.004856734610978744	-0.0022077220884054983	-0.0017755918763782013	0.00035329869502264316	-0.016198859577060083	0.0012679042803327599
11.25	2.9582971136632908e-05	-0.00032826706524835656	0.003183518330773419	3.741008039055829e-06	-7.217817355223524e-05	0.002781582472649563	0.004379806980572279	0.017281022036071025	-0.00261485807725286	0.00023120062940903887	-0.016946385880674927	0.002279146225955397
11.26	6.36095504489069e-05	-9.506410997794306e-05	0.0031790315021181957	4.003709915686747e-06	-0.0002063250508620765	0.002787452993838259	0.002284523909046416	0.02797221446053104	0.0022900195539252537	-0.0002665044148603231	-0.009070621012482417	-0.0016442235162681803
11.270000000000001	7.056467151675904e-05	0.00019155569277499963	0.003210718672336914	5.684271843152815e-07	-0.00024091003933922835	0.0027642895971999033	-0.001083786916904021	0.02651224263879509	0.0028418200437948364	-0.0003015230088440249	0.002713883743757456	-0.002027702501782299
11.280000000000001	4.2909176727077036e-05	0.0003841269507518112	0.0032226293169024117	-1.3790445439474984e-06	-0.0001553308945890064	0.0027564259005489005	-0.004187428546679672	0.010161161959015567	-0.0006775997361189098	-7.713961898706337e-05	0.013658383768496965	0.000582021670759512
11.290000000000001	-5.425911834653175e-06	0.00037905269322804187	0.0032000196803049067	-1.2784362525433555e-06	9.334265507711883e-06	0.0027736626721572553	-0.005045722899108443	-0.010851363706551582	-0.0033273971614026236	7.719640056251814e-05	0.01782282738722917	0.0025614564444508595
11.3	-5.018328625026377e-05	0.00019233380162052342	0.0031745807679097217	6.290661179888393e-08	0.0001678700897103231	0.0027930563929922042	-0.0036791687576890534	-0.024866301653851917	-0.00045239484026624017	0.00022355075278629937	0.012389918254124286	0.00023448145618677648
11.31	-7.445596360861866e-05	-8.857783445095856e-05	0.0031939133313069563	3.861075622087257e-06	0.0002427092002944715	0.0027759446059305716	-0.0008278976972352658	-0.029055209351722056	0.00307113562238297	0.0003769470344838247	0.0019600207850246744	-0.002552170401365672
11.32	-6.367878942552416e-05	-0.0003336887645067495	0.0032156609008368218	5.6696762613504365e-06	0.00019999780028125816	0.0027582623752177068	0.0029229826144922637	-0.017496776483018336	0.0007684499057413854	-5.170569384763563e-05	-0.0101701640473589	-0.0006042448983294574
11.33	-2.114025010228117e-05	-0.0004068037486802797	0.003206937021331764	3.5312559121323147e-06	5.660823122569474e-05	0.0027656573099792206	0.005164309073285208	0.003368498915420472	-0.002332011884671469	-0.0003443870051869572	-0.017271594732113524	0.0019386255644482345
11.34	3.0729447702434685e-05	-0.00027799250023751435	0.0031802598474372557	-2.9702749393014146e-07	-0.00011551137133462352	0.0027882011257347114	0.004787301752530287	0.020864856879052675	-0.001957465474953838	-0.00040394907810185806	-0.01541320504042062	0.001746050674967786
11.350000000000001	6.935006749879147e-05	-2.02791962060506e-05	0.003186702308398178	-5.301861883274105e-06	-0.00022658076404901805	0.0027838395126320156	0.002656419293132122	0.02918259639627384	0.002879444101780054	-0.0005641182748036473	-0.006259891402766342	-0.0023281070315829505
11.360000000000001	7.734902150328907e-05	0.0002565835664429091	0.0032146707985519015	-8.690873987154787e-06	-0.00022896237348069096	0.0027613390063320367	-0.0012393242261716628	0.023399255275039412	0.0018338660950371986	-3.865700064437076e-05	0.00598175878523486	-0.0015095096168477964
11.370000000000001	4.6528068264738255e-05	0.0004032783578246602	0.003215733488371408	-6.2441724718857644e-06	-0.00011664332481270066	0.0027594558275097283	-0.00462593193867658	0.004622231140823714	-0.0016301464546735148	0.0004925116499639127	0.015502749647000576	0.0011577572995464913
11.38	-6.306776124958935e-06	0.0003447777077129463	0.003188142449531509	1.0322696249106777e-07	5.511538228014561e-05	0.002780356297932526	-0.0054629586027031924	-0.015453396767067326	-0.00317098850520936	0.0007079062714500791	0.01725398239578003	0.0025121330227377663
11.39	-5.53773568941259e-05	0.0001246809169047754	0.003174941307650235	7.144906023213055e-06	0.00019596242631063351	0.002791157694975004	-0.004122670860737095	-0.02712285168310437	0.0014823756802110769	0.0007628015131348619	0.009902391944686242	-0.001177140437274714
11.4	-8.185245022084939e-05	-0.00016159832758908923	0.0032038056224474843	1.3439783288939547e-05	0.00024157192284432173	0.0027683325934278026	-0.0008074767348262501	-0.027405181026962034	0.0030024655984881975	0.00032056679480347395	-0.0013695456280994882	-0.002335725716228554
11.41	-6.85140261406168e-05	-0.0003706046063738617	0.003219776797122785	1.2260149756331618e-05	0.00016806586220149988	0.0027561720397634645	0.0033655717272526183	-0.012387183235748472	-9.743327875067734e-05	-0.0005462175048810351	-0.012704250475427989	0.0001399715184910222
11.42	-2.1147561984877785e-05	-0.0003885548503792129	0.003202525259874017	3.9613927098817575e-06	8.879736001088726e-06	0.0027701437791887145	0.005629665064661767	0.008720146595555207	-0.002970796239343078	-0.001060812349074259	-0.017739212153485548	0.0023928846393145987
11.43	3.465209758276978e-05	-0.0002178961683252766	0.0031768253484480975	-6.456421697753445e-06	-0.00015448358563210704	0.002791373324625821	0.0051738567875195445	0.023764821713001344	-0.0008998247530293446	-0.0010004534614811266	-0.013304658637724861	0.0007577092332273293
11.440000000000001	7.657365126738415e-05	5.696848287731228e-05	0.0031931269068394487	-1.579235415490366e-05	-0.00023986023060571058	0.0027778580553424726	0.0028086014613112526	0.02920847805666789	0.0030175924256100077	-0.0006977987554311179	-0.0031722436468447327	-0.002479292646368993
11.450000000000001	8.358399729821859e-05	0.000312045568721795	0.0032156766878445515	-1.7275174371702973e-05	-0.00020940867355481968	0.002759407241057564	-0.0015241463779553928	0.01923377470293366	0.000923616271750617	0.0004015423663594215	0.009069168745580527	-0.0007813695023960927
11.46	4.860842155388288e-05	0.000406658144002998	0.003208270019148769	-8.57454881524542e-06	-7.339609771704093e-05	0.002764877059100815	-0.005111279144974297	-0.0010742011300867388	-0.0022643365970897076	0.0012413366047904293	0.016937056416020762	0.0017701565289268716
11.47	-9.403703357267436e-06	0.00029771969734371435	0.003180189287401461	4.970698295900553e-06	9.987373231706308e-05	0.002787490778045745	-0.005972930910392583	-0.019314588288417485	-0.0023780387998392884	0.0013443792520235615	0.016020885069453976	0.001980258095657831
11.48	-6.335932943675694e-05	5.130111418114937e-05	0.00318253906910272	1.727095523066163e-05	0.00021948512731723646	0.0027861126487275624	-0.004488154566393008	-0.028612760964563357	0.0028206351569326675	0.0010783275507374077	0.007259827528862705	-0.002236591177595933
11.49	-9.054493110233806e-05	-0.00022921397578504784	0.003213480830800913	2.2841594181348357e-05	0.00023335113653558966	0.002762041456144926	-0.0005546298962351484	-0.02465567378739125	0.0023537623713641817	-0.00010915133282942689	-0.0048246371825532396	-0.0018129581674798277
11.5	-7.301351338102821e-05	-0.000394476553009433	0.0032198372258942123	1.5505943546200215e-05	0.0001306163339524358	0.0027571022339737705	0.0039001110184407896	-0.0068806962887099634	-0.001211056616922566	-0.0012677664252594009	-0.01483246758891147	0.0008890471783020437
11.51	-2.000015304751686e-05	-0.0003575780313839771	0.0031939715640787623	-2.608913524563576e-07	-3.892020740772107e-05	0.002776652529207297	0.006170112048465164	0.013591557318244431	-0.0033537811092104112	-0.001716715504908258	-0.017534004202852713	0.002593996678812909
11.520000000000001	4.106753620661651e-05	-0.00015145413916009843	0.0031747337940834512	-1.6044403810384457e-05	-0.00018675019988388103	0.0027916754805546195	0.005716451353910199	0.026114702079892596	0.0006342956740523587	-0.0014178651403736933	-0.010826335464930757	-0.0005754765429251401
11.530000000000001	8.61403368395258e-05	0.00013204808827452553	0.00319928646659752	-2.627616195435979e-05	-0.00024308204153081372	0.0027719420559591864	0.0027402014361926864	0.028026615880308497	0.002938838433136023	-0.00044029525215699304	0.00018578449113517965	-0.002255305156431881
11.540000000000001	8.972673142123532e-05	0.0003548577974952605	0.003216750509895156	-2.2579465249916004e-05	-0.00018051041505527793	0.002759200427378605	-0.002106179857933623	0.014365132175504072	0.00019519441043798784	0.0011020762342145737	0.011809973921530199	-7.003188621315182e-05
11.55	4.845210939883107e-05	0.00039477968135728526	0.0032027231374878017	-6.3652657963888685e-06	-2.677945471337395e-05	0.002770892086296574	-0.0057580801170840044	-0.006542017866885491	-0.0027053215240508285	0.0019617062497147295	0.017609103220740593	0.0021745171450117625
11.56	-1.489228495555687e-05	0.0002418852252256553	0.0031774984618985675	1.2870192712684115e-05	0.00013984092997171692	0.002791938748284359	-0.006434328310608387	-0.02241008900158813	-0.0011441497731193141	0.0017548898989902984	0.014027827843990327	0.001036704408070848
11.57	-7.261109296731047e-05	-2.4342863019965003e-05	0.0031924885725797612	2.7548207766091316e-05	0.00023416541369542402	0.002779897481094277	-0.004655853706151092	-0.029052270968647625	0.003214567194317544	0.0010100551984607855	0.004276885696463697	-0.0026501846441324205
11.58	-9.772052549212592e-05	-0.00028718642104522384	0.0032185874421670705	2.917955163520546e-05	0.00021564680066678981	0.0027582135782829855	-5.852289920405224e-05	-0.020833815564860577	0.001330449124059759	-0.0007010520933245645	-0.007944813699214277	-0.0011729889064325066
11.59	-7.341758065836914e-05	-0.000402213222570733	0.003213874972460643	1.4882978024980182e-05	8.864367089708737e-05	0.002760473289407361	0.00463780736404345	-0.0012253108744840133	-0.0021578877482813846	-0.002029119728593746	-0.016362431320055024	0.0015540788466181245
11.600000000000001	-1.3705917028849305e-05	-0.0003142675303658318	0.0031841103497258984	-7.181598868439589e-06	-8.38036113683902e-05	0.0027832692305716335	0.006750563299674825	0.017620668764498925	-0.0029273984258466317	-0.002161663926956805	-0.01647525342308279	0.0023518040161344955
11.610000000000001	5.200171849594266e-05	-8.07917148145493e-05	0.003178554642348907	-2.6065848080791014e-05	-0.00021097005845600305	0.0027877471888009347	0.006056297397556061	0.027757464517716154	0.0021981114184770694	-0.0015476341026107625	-0.008210550355290464	-0.0018149249562427947
11.620000000000001	9.691129421688791e-05	0.0002001029637483551	0.0032077756158179487	-3.4153754080650824e-05	-0.00023647988123905037	0.0027649311185675342	0.0023688798524431334	0.02564012219082838	0.002557004924842894	0.00011393992478321638	0.0035637034637906306	-0.0018919214158225734
11.63	9.387730117505412e-05	0.0003820886966266482	0.0032178508535914757	-2.3829181378179862e-05	-0.00014456866483677732	0.002758329410135844	-0.0029289277365857156	0.00906391102268307	-0.0007259082404051678	0.001814168220035784	0.014007993086770306	0.0006558196356376608
11.64	4.4268180821746665e-05	0.0003679555316320007	0.003196532684053049	-8.766711228666198e-07	2.0431113236710066e-05	0.0027754124081119493	-0.00649004582451575	-0.01147400086255917	-0.003023021962956259	0.0025439272906081253	0.017529406291775115	0.0024122628598441244
11.65	-2.473251121205223e-05	0.00017870688594353353	0.003176751727844387	2.2379343225453637e-05	0.00017358115052561678	0.002791647045150359	-0.006869302744110966	-0.024864090110320033	0.0002475859887173555	0.0019916095882834346	0.011698821181086587	-0.00021287222562682285
11.66	-8.490917556767625e-05	-9.89900609479376e-05	0.003199639027260338	3.6913975446108697e-05	0.00024053426101150309	0.002772808847927908	-0.0045166248751034544	-0.028331609490767313	0.003028104038515169	0.000661693491459398	0.0010388658372367044	-0.002432254694988179
11.67	-0.00010502086723416482	-0.0003336842982332855	0.0032186923447413106	3.249555448259438e-05	0.00018961444854550532	0.0027575295431787935	0.0007261824933060827	-0.01629367823251917	0.00034391825065113626	-0.0014937175259237298	-0.010790696506520264	-0.00032333744879887077
11.68	-7.190797409928542e-05	-0.0003960043175209899	0.003205423978924883	1.013835926486894e-05	4.30645537935966e-05	0.0027673534143980126	0.0055429682356952815	0.004244173789287926	-0.0027343984449875415	-0.0027603202821887786	-0.01726840798289927	0.0021175751060367796
11.690000000000001	-4.700160524510266e-06	-0.0002626397211457513	0.003177011299874956	-1.763038095931474e-05	-0.00012503453185443476	0.0027900905212324767	0.007342414117327459	0.020907726098767464	-0.001804271521746516	-0.0025394886993162923	-0.014636646286784061	0.0015103012690279207
11.700000000000001	6.610647926126211e-05	-7.080004252099472e-06	0.0031869794061007164	-3.800592088668147e-05	-0.00022752958415980397	0.0027819104351974825	0.006333433932342349	0.028661720908373132	0.0031329265804590236	-0.0013787608090407503	-0.0053479740343636345	-0.002565320097631107
11.71	0.0001090607815236133	0.0002609905587349057	0.0032157847354780077	-4.067789457409887e-05	-0.00022100318959540223	0.002759219983122642	0.001752355037998316	0.02224457182463164	0.0018155186418480614	0.0009139779452933354	0.006777277832800806	-0.0013990421416497825
11.72	9.743834331955625e-05	0.0003956909853778185	0.003216079007072061	-2.1638072469294846e-05	-0.00010328367129548434	0.002758972488653612	-0.003967309681398618	0.003505046724327719	-0.001743535192429327	0.0027055937353141894	0.015756056891798504	0.0013533531105790154
11.73	3.7682569909908887e-05	0.00032942150107602447	0.00318822329429096	8.734814437460726e-06	6.778570123548052e-05	0.0027807924741559014	-0.007389886319979575	-0.01583432694549501	-0.003061379618004717	0.003090572870250199	0.016851247336365748	0.0024612644515826835
11.74	-3.9130695780677986e-05	0.00010905117259762856	0.0031778629545075455	3.4879443213503966e-05	0.00020228326297014313	0.0027892207133082838	-0.007560489550691154	-0.02691204316728252	0.0016884450020761203	0.0020610061355107756	0.009171597318090153	-0.0013844619483547316
11.75	-0.00010174974127936832	-0.00017113523146696855	0.0032055483655820615	4.6057222703312e-05	0.00023924012933002837	0.002767582012503553	-0.004242147460944282	-0.026423013541545977	0.002652831867555577	-4.85241069666309e-05	-0.0023088664463062547	-0.0019928267341275114
11.76	-0.00011497217744931873	-0.00036831286042737093	0.0032172718477100283	3.325453400669394e-05	0.00015806380680658598	0.002759086031890965	0.0017358995972445125	-0.01111368709436469	-0.0005295515200747963	-0.002391903382765579	-0.013190358313860704	0.00043892177448335234
11.770000000000001	-7.043046684950353e-05	-0.00037567980451599323	0.0031973060590222632	2.850190260326587e-06	-2.548223786777205e-06	0.00277491060620444	0.0066868389615125775	0.00944014035069746	-0.002990963603960999	-0.003401335920821548	-0.017547794693204857	0.0024058734374831545
11.780000000000001	6.735844485401428e-06	-0.00020253128821584736	0.0031748927888341143	-2.8634235872909828e-05	-0.00016043829576954189	0.002793293133390818	0.008187136053916851	0.023594686800919085	-0.00017244519062234933	-0.0026612014308115017	-0.012508825625270588	0.00015469407750610386
11.790000000000001	8.336084719624643e-05	6.787658284480184e-05	0.0031969794629848934	-4.780770164675909e-05	-0.0002374745568478671	0.002774777479752071	0.006427429903391431	0.028396089272416443	0.0033234456159642193	-0.0009015783868164287	-0.0022885055879274634	-0.0027486424453002055
11.8	0.00012165275068344576	0.0003116672669619676	0.00322011213991542	-4.3314630656156094e-05	-0.00019909366831309672	0.0027552839455099866	0.0007847597174878456	0.017958640966414162	0.0007569484081145396	0.0017885674141763465	0.009670066162220995	-0.0007499122721685482
11.81	9.805179333487613e-05	0.00039448416880388804	0.003209669925115818	-1.550235320926938e-05	-6.041398796232192e-05	0.0027620921671576933	-0.005267736575703807	-0.0020293876927001144	-0.00264144652226572	0.0035308951565878152	0.016887950183816686	0.0019633106888045588
11.82	2.6987027366513472e-05	0.0002806763899955758	0.003178905671789916	2.0657767396307316e-05	0.00010917218067833913	0.0027862156635122567	-0.008272702952616388	-0.01933836404138581	-0.0024465766819051354	0.0033452983276134694	0.015328736687721521	0.002040924848599014
11.83	-5.690262939655232e-05	3.691761842257678e-05	0.0031820095322772257	4.7059990946067205e-05	0.00022094570203095242	0.0027844863764130722	-0.008009128218367445	-0.028027776460441495	0.00280422718831033	0.0017974616359310194	0.006483574028959444	-0.00216979427469405
11.84	-0.00011847655619172123	-0.00023389897403097644	0.0032111464747961254	5.199718020890096e-05	0.00022710400311604881	0.0027631170935622767	-0.0035760333478734563	-0.023376448615833514	0.002109385462477634	-0.0009360691144539309	-0.005501827373606802	-0.001407643858213014
11.850000000000001	-0.00012090424909223	-0.0003863493179056109	0.0032156584517660913	2.978617093638512e-05	0.00012009125208731763	0.002761674282079666	0.003087387240631076	-0.005714422000876286	-0.0012780069872787457	-0.0033058403377480058	-0.014959409143945154	0.001151582815276033
11.860000000000001	-6.313662974003219e-05	-0.00034147289350781217	0.0031910246966220246	-8.12840837643976e-06	-4.732518269951764e-05	0.002781787231696846	0.007890571786375585	0.013933458190475667	-0.0029848615637147846	-0.003907095294818412	-0.017022566857752136	0.0024267053385091516
11.870000000000001	2.362625801744913e-05	-0.00013662123589021813	0.0031779363008894957	-4.1631263757501085e-05	-0.0001880682997996592	0.002792107642432164	0.008939930350058205	0.025679854851618326	0.0013194464020868293	-0.0026150992482814827	-0.010057957059655911	-0.0012480132383977706
11.88	0.00010307548204189162	0.00013880184238470605	0.003205304386917674	-5.6945796384157694e-05	-0.00023649538924373257	0.0027679651137082597	0.006091511670993415	0.02684317448618805	0.002866363265992609	-0.00012673614968295574	0.000967256168651306	-0.002472362756918217
11.89	0.00013276184531833257	0.00034826798558723225	0.003219937008984722	-4.288523084018804e-05	-0.00016826146382662168	0.0027544270694044816	-0.0004694042901682033	0.013054342003444339	-0.000251652487488082	0.00278979915071746	0.012061374980592328	2.3492185764572607e-05
11.9	9.525643650348722e-05	0.00037780926243856556	0.0032012740695645243	-6.124908733507447e-06	-1.5171088547759122e-05	0.0027681405261815685	-0.0066564103726415545	-0.007199268613212681	-0.0030723435666351836	0.004234391708698904	0.01723630395813159	0.002451140375351
11.91	1.2629450110832951e-05	0.00022345363184604863	0.003174530852924854	3.398902710415763e-05	0.00014507296888818284	0.0027908435083313374	-0.009206951080271787	-0.02211583921310264	-0.0009873904708081638	0.003472167233681856	0.013225374522920644	0.0010047031969103986
11.92	-7.826695294705445e-05	-3.6712087602388183e-05	0.0031915235059974227	5.9301519380462195e-05	0.00023139249422784202	0.0027789472817547414	-0.008220013415563629	-0.028094095957862518	0.0032863557436451176	0.0013399066862857481	0.0035010367200548438	-0.002435679702696535
11.93	-0.00013501064136598292	-0.0002868754279577983	0.00321750797052958	5.604955590362749e-05	0.00020604639896575186	0.0027605654018812236	-0.002492125816590867	-0.019411387861234926	0.0012737814198462575	-0.0019884235221985388	-0.008419024704887283	-0.0008069923855824715
11.940000000000001	-0.00012333389076904335	-0.00038930240666685016	0.0032126935342871965	2.352475393192198e-05	7.728605008875037e-05	0.002765753193511799	0.0046881849658994	-0.0002116548431957571	-0.002137872989194167	-0.004237652434357928	-0.016221705824604436	0.0017148998598311585
11.950000000000001	-5.1396391921992195e-05	-0.000296194311105127	0.003184434121754936	-2.1155496423194977e-05	-9.069332611477197e-05	0.0027878812787173247	0.008985440921348491	0.01760221732699413	-0.0025961361645210853	-0.004263623219219928	-0.015712653461889475	0.00200646938832973
11.96	4.401581276393534e-05	-6.637519155486541e-05	0.003182940075404317	-5.54655137479675e-05	-0.00020954487063567712	0.0027869270153899066	0.00957002762543121	0.027069986230378294	0.002405263056986988	-0.0024270264296218564	-0.007430249839719533	-0.002298099011590967
11.97	0.00012317872812758735	0.0002033308952028194	0.003210808960163279	-6.412413021901604e-05	-0.0002275464253293652	0.002761282790152657	0.00539657137476353	0.02417106224864469	0.002168168462015757	0.0008633882787996287	0.004182140221128876	-0.001997836480356291
11.98	0.00014082326921253572	0.00037087173624984337	0.003216351910816923	-3.9716696829300856e-05	-0.00013212555869267413	0.0027547207051299995	-0.002019652619508138	0.007801703764193641	-0.001161612389281183	0.0038048037097750467	0.014049731251708266	0.000774380600938761
11.99	8.749744157434289e-05	0.0003483616924478162	0.003192059532621549	5.515538673466882e-06	3.006201223265444e-05	0.002774071675622013	-0.0080371819710049	-0.011774512738206011	-0.003118133071108044	0.004819985343912978	0.016944083537749448	0.0026542057896824993
12.0	-6.019557102952518e-06	0.00016130441032990495	0.003174304920122798	4.768824591547189e-05	0.0001748012965802757	0.0027908404428727412	-0.010084619013224955	-0.02420463896583536	0.0007299396774981966	0.0033643413230515836	0.010789590193355746	-0.0003350852043795832
12.01	-0.00010092233243051052	-0.0001066455860903213	0.003200595931165506	6.857836991353834e-05	0.00023302925770867156	0.0027726293028273357	-0.00793634689312653	-0.027023811777038775	0.003187188561963934	0.00048390624833223	0.00025305574464777917	-0.002184302423514199
12.020000000000001	-0.00014839154491179981	-0.00032702490787443734	0.0032203684787798195	5.5089400836854174e-05	0.0001772490602021948	0.002760183183603922	-0.0010648642863249089	-0.014874427379670601	0.00037564833060871013	-0.0030570973760943596	-0.010901749555584674	-4.8971265495189665e-05
12.030000000000001	-0.0001206287787594053	-0.0003784278504684902	0.0032067176933001113	1.2975339036152851e-05	3.2537621824248e-05	0.0027717396288553806	0.0062912105800823565	0.004868937365704357	-0.0028054418023760927	-0.005004970016008751	-0.0167977354945986	0.002120976343282858
12.040000000000001	-3.526529517584331e-05	-0.0002444706853701743	0.0031784387491905677	-3.5650466853784295e-05	-0.0001284084746768974	0.002792602337652148	0.010024387985544983	0.0204629442337356	-0.0016493343273212397	-0.0042765010039215465	-0.013760194596234853	0.00107575578226545
12.05	6.79112083198498e-05	3.4678383594819516e-06	0.00318920684637028	-6.752208513576584e-05	-0.0002225259486739162	0.0027800438982064795	0.009867945681733067	0.02757693622742151	0.003004063939077281	-0.00187282174548546	-0.004540585149443551	-0.002840342996646907
12.06	0.00014271354297395065	0.00025836401561229924	0.003215274996807527	-6.734780590658003e-05	-0.00020929152698753343	0.0027559787812546023	0.00428022911010258	0.020807168967276933	0.0014628615918251574	0.0019318677018460631	0.007187586609725756	-0.001420334418513391
12.07	0.00014547330677735083	0.0003805899491723328	0.003212555977931562	-3.227024936970234e-05	-9.09372263944291e-05	0.0027562795867392856	-0.003713274482050223	0.002582128848005304	-0.0019353427882175538	0.004792115865474777	0.01546358699241107	0.0014498120836550442
12.08	7.648497504285003e-05	0.00031014668822025945	0.0031844060133845845	2.0011778313572854e-05	7.41534782836193e-05	0.0027792519710388634	-0.009356766041670751	-0.015662452365580004	-0.0028447800934817105	0.005161494274078274	0.015977206522386603	0.0025525678828640518
12.09	-2.7337254255695805e-05	9.557606823470054e-05	0.0031785200418527728	6.222473651850133e-05	0.00019908711629814817	0.0027877465278872554	-0.010850080653170297	-0.02597859917266293	0.0021701823559229453	0.0030788490084436675	0.008229303920967799	-0.0013392170747296276
12.100000000000001	-0.00012355443800855518	-0.00017218548549059512	0.0032088322675855895	7.597713276778119e-05	0.00022751465083347905	0.0027681760091757377	-0.007341893910583612	-0.024935223260772934	0.002727897946902511	-0.0005917302931146226	-0.0029698503584641564	-0.0017152675604247838
12.110000000000001	-0.00015903472416904817	-0.00035543652443194664	0.0032202755347041606	5.073570388211127e-05	0.0001429774373095594	0.00276211166879132	0.0005524908118588656	-0.00998525451899983	-0.0006475713550013733	-0.004223077425716085	-0.013173293834367803	0.0006237430605663135
12.120000000000001	-0.00011440961887896173	-0.0003562930288839668	0.003198641320603431	-1.1218344293630704e-06	-1.376416864758323e-05	0.0027783274302129474	0.007879162997430196	0.009550740665970154	-0.003164556497209245	-0.0056735287911346905	-0.01681389366525537	0.002290029182489961
12.13	-1.6457028191760858e-05	-0.00018714926267573225	0.003176026856959783	-5.1998217926717714e-05	-0.00016187409768054687	0.002793380090355216	0.011008174558653258	0.02280381378093343	-9.872970379436393e-05	-0.004114516866944663	-0.01142840506780892	-0.0003491533467953929
12.14	9.239382035022154e-05	7.265711545914198e-05	0.0031974400116223235	-7.8822293480379e-05	-0.00022905627392825987	0.0027715822581274477	0.009783228634334225	0.02705758583543004	0.0031021038407156665	-0.0009058226008541942	-0.0014289152213289036	-0.00286449845826833
12.15	0.0001591400178230945	0.0003025495301442943	0.0032179375371101603	-6.661780698258116e-05	-0.0001847981885454458	0.002752340084420906	0.002901146006438507	0.01661746889867969	0.000551195846340388	0.003237057015983488	0.009909865957740504	-0.000630215207335501
12.16	0.00014519881219133117	0.0003755047972691155	0.003206503212839883	-2.0063336512684526e-05	-4.734790757322296e-05	0.0027607091779777524	-0.005492340173795688	-0.0025395570090527	-0.002612565268821572	0.005659423818424302	0.016374989391293875	0.002128513777821198
12.17	6.061748821607848e-05	0.0002618278845373024	0.0031783807418452876	3.675551725674384e-05	0.00011406974901195711	0.0027858652748486675	-0.010622494697333716	-0.01881485342231111	-0.0019408708983315263	0.005136610969576735	0.014293052034009882	0.0020198453289075923
12.18	-5.2842133551086944e-05	2.6575967106847264e-05	0.0031860390819852757	7.558459482440497e-05	0.00021514990201473126	0.002783933809475923	-0.01137033461018259	-0.026864051582075305	0.003006398769063338	0.0024474587184528046	0.005435478987792894	-0.002020841446976331
12.190000000000001	-0.00014579978620495498	-0.00023020129653692766	0.003214979376235073	7.927384184427043e-05	0.00021296763348926045	0.0027646284968275278	-0.006206138954100919	-0.021890114646420357	0.0019224602209289103	-0.0018212144874033445	-0.006025093983257173	-0.0012338246527083747
12.200000000000001	-0.00016525305772414783	-0.00037011367490533093	0.003217003040514435	4.223584519710126e-05	0.00010443749383809485	0.0027641922569714575	0.0025118557185563033	-0.004842268293461946	-0.00155892402114094	-0.005262214020786328	-0.01472293123589761	0.0011619322771627538
12.21	-0.00010202203274318862	-0.000322303176445653	0.003190199610606542	-1.6656410526258357e-05	-5.704446976446953e-05	0.0027835719261212473	0.00944664427273253	0.013638782702855028	-0.003106493859491922	-0.00596145355819049	-0.016065810500250403	0.00220902028722038
12.22	7.936123394659328e-06	-0.00012456902218761426	0.003177687822646235	-6.654498498986942e-05	-0.00018669041038570636	0.002789936343775819	0.011892042095109617	0.024659482565013168	0.001466886784237584	-0.0037437110253706212	-0.008952220821411472	-0.001649729991578025
12.23	0.00011873896767831232	0.00013809900504056747	0.003205024923076902	-8.570957240450083e-05	-0.0002249733101876421	0.002763535441506664	0.00912367678843451	0.025380657605408894	0.0027507964227284297	0.00023060324694280416	0.0017983891463979472	-0.002535124167515885
12.24	0.00017219464211517727	0.00033425968373685267	0.00321848421828218	-6.094664633633928e-05	-0.0001519292564121611	0.002750757340506086	0.0010185622228595455	0.011974280472543484	-0.0003483298205308093	0.0044717615346508135	0.012158390772482474	0.00017105097223083272
12.25	0.00013802655380038838	0.00035784904090508204	0.003199867699807513	-4.341362561561039e-06	-1.8290418807939029e-06	0.0027662523502954696	-0.007438600211094507	-0.007239959000741983	-0.0029689975411972378	0.006365298392806231	0.016529631591381037	0.0026149918804527473
12.26	3.809523410364107e-05	0.00020773529283425846	0.003175614255608406	5.459685147150861e-05	0.00014826274487294975	0.002789456529243278	-0.01169817408266368	-0.021309400089251872	-0.0006292850436847104	0.004873831805873773	0.012020388834532197	0.0009428861767203815
12.270000000000001	-8.21532703608745e-05	-4.20809184740284e-05	0.003194377051278942	8.809943731871844e-05	0.00022323864229498646	0.002778478561509021	-0.01135741130230182	-0.02680279219709478	0.003216427410447279	0.0014596850596709345	0.0024456578440857045	-0.002173342292179251
12.280000000000001	-0.00016656687796732665	-0.0002784832462921742	0.0032185461269499086	7.890495605599921e-05	0.0001902511928593796	0.0027629297179375388	-0.004630323145954251	-0.018105614438332633	0.001038764061766857	-0.0032328708359868844	-0.008798689902029125	-0.0005572110615760376
12.290000000000001	-0.0001662473947311348	-0.0003711804886475923	0.003211234349960236	2.9106931344133402e-05	6.194576024365449e-05	0.0027693003070230955	0.004613299313938901	0.00026689866428794584	-0.002343220651717126	-0.006298029275068394	-0.01576574049419063	0.001728443183279063
12.3	-8.460213144113689e-05	-0.0002786594240070223	0.003182457657932272	-3.5823345710017924e-05	-9.771011560793749e-05	0.0027897910926767302	0.010877766416556233	0.017034999835471024	-0.0024401621134905065	-0.006032593870447153	-0.01457147042154453	0.001608075652148707
12.31	3.603011268827558e-05	-5.738676654782564e-05	0.0031841123078491626	-8.243405317533053e-05	-0.00020484164729457584	0.002783968889273634	0.012579356035282402	0.025977661128149015	0.00267103980123021	-0.0030634904883914452	-0.006318572951135468	-0.0026672802708960874
12.32	0.000145059596714524	0.00019959094062750132	0.0032127621023825036	-9.034635117059344e-05	-0.00021349198644688162	0.002756735734467145	0.008056139491192358	0.02281109208594156	0.0021351056242840637	0.0016664875709300345	0.004856405155177338	-0.0019889963058511324
12.33	0.00018122217877262082	0.00035577937735975274	0.0032171357561310296	-5.154038984488829e-05	-0.00011532814418631846	0.002751349917584829	-0.0011349545302961938	0.006969415406575795	-0.0013113090833672637	0.005742267897522242	0.013913973029128949	0.000975859475051477
12.34	0.00012610369398819246	0.00032972595789252957	0.00319168791359869	1.436567547939833e-05	4.183293965161234e-05	0.002772751937039532	-0.009267547976169802	-0.011663228074775532	-0.0031538582901831573	0.006812698476622742	0.016107046471723056	0.0028649316414620465
12.350000000000001	1.2294014733862069e-05	0.00014731097582685766	0.0031755068445202504	7.258217720105681e-05	0.0001764923806864958	0.002790547473127953	-0.012783829916757444	-0.023474238325575315	0.0009838251979272423	0.00442121379688505	0.009684152804834381	-0.0003014618797144379
12.360000000000001	-0.00011251999641457333	-0.00011025050049154317	0.0032021977115950758	9.722033569656506e-05	0.000224470196618012	0.0027738018570773073	-0.010932022630234715	-0.025682514680662048	0.0030307532295663128	0.0001387211055951056	-0.0006435001894993493	-0.0019825334205299176
12.370000000000001	-0.00018419638628247345	-0.00031712723749421147	0.0032196778293621694	7.329052252399278e-05	0.00016245052366626098	0.0027628970479595975	-0.0026945903980918158	-0.013677379151633402	0.00010457515475062556	-0.004699840816861759	-0.011206158319762682	4.984824653349428e-05
12.38	-0.0001622369054621558	-0.00036021384598255903	0.003204226042053712	1.1070922059322914e-05	1.9221794227888275e-05	0.002774672030707154	0.006783488086051868	0.005274788316265267	-0.0028653549116207586	-0.007161140600097368	-0.016226450734951638	0.0020754112932032435
12.39	-6.269154235283618e-05	-0.00022747196666777475	0.0031774257527414215	-5.671018417869209e-05	-0.00013283874533783876	0.0027929763864844304	0.012246380809579583	0.01986099399642832	-0.0012286448764075417	-0.005758414965424724	-0.012642327258631719	0.0005902134288266895
12.4	6.77287025329298e-05	1.1535838346341111e-05	0.00319159565276648	-9.69990770320376e-05	-0.00021604962275935448	0.002776431027910151	0.012883661022358378	0.026330425162947518	0.003103648751494775	-0.0020127744988837335	-0.0035319141429661243	-0.0029699090800898976
12.41	0.0001703566449920304	0.00025203952238294535	0.0032166815133459568	-9.104837599954163e-05	-0.00019474763487831216	0.002752949321745241	0.006543776195093063	0.01935611081741363	0.0012600383429576842	0.003194856701972683	0.007689159909632819	-0.0012026289675152923
12.42	0.0001860735973786408	0.00036280224623055484	0.0032118094709368008	-3.865563159122057e-05	-7.532178404048508e-05	0.002755930961003393	-0.003473506811828047	0.0018942038429662369	-0.002120649921524365	0.006842310381414728	0.015185087497046517	0.001740829213276305
12.43	0.00010933525186495082	0.00029076749481642095	0.0031834316217295004	3.3801446523498146e-05	8.309242573812485e-05	0.002781354339414772	-0.01107094266443818	-0.01531983764216062	-0.0026886950553819833	0.006951765840740892	0.014963407700652754	0.0026490928612178085
12.440000000000001	-1.80938545193207e-05	8.329699034531831e-05	0.0031806583248567386	8.878164854471227e-05	0.00019664001559819045	0.00278893660151896	-0.013724320642418813	-0.024997965154443882	0.002446814509983431	0.003766493329632143	0.0070985423364881926	-0.0014704641992683467
12.450000000000001	-0.0001431792875457733	-0.00017214205362178493	0.0032111649007051787	0.00010235723213264059	0.00021550090742251076	0.0027687374651916264	-0.009953835797639608	-0.02354079146443938	0.0025216696380638997	-0.0013275319325540937	-0.003696580240198854	-0.0017293273470421757
12.46	-0.00019742300511843458	-0.00034233345444456776	0.003219836197106715	6.39817237788235e-05	0.00012794496911118034	0.002762491060432178	-0.0003962801805104198	-0.008901270144918656	-0.000946322457704034	-0.0059975934978011	-0.013050655886947241	0.0005953861944386608
12.47	-0.000151619135317414	-0.00033675909918645083	0.0031962256965336546	-7.07502283853228e-06	-2.3847526793878817e-05	0.0027784225101407114	0.009003281420665879	0.009690419278274815	-0.003237690493342881	-0.00758988037676914	-0.015985855739758168	0.002226701402829324
12.48	-3.451607743299348e-05	-0.0001710000910100121	0.0031752405546665095	-7.41113506412496e-05	-0.0001615537293042731	0.0027915351330856653	0.013574064764380339	0.022105290328027497	0.0002659916743483735	-0.005285666575410569	-0.010318341226043118	-0.0006617826096789899
12.49	0.00010320458223349703	7.863076056479858e-05	0.0031984195859430732	-0.00010624472821064492	-0.0002185898037385395	0.002768657523017735	0.012664549989815354	0.025728781489590083	0.0030580644492830176	-0.000723761955664661	-0.0005429199173847004	-0.0027559629614899743
12.5	0.00019308321271505597	0.00029451802809354655	0.0032178280102876378	-8.532002972333091e-05	-0.00016873522148247902	0.002751622110811298	0.0044016957572241356	0.01530122285581297	0.00040100583895529197	0.004701508346955231	0.010072645798678536	-0.00034084601684044945
12.51	0.00018384846566560424	0.00035788211993047507	0.003205323019673793	-2.0413203186833186e-05	-3.400812120040628e-05	0.002762844473690492	-0.006087277733697256	-0.003056614769267314	-0.002664485534096269	0.007680309811249109	0.015742374694985673	0.0023930763630090075
12.520000000000001	8.510950753659863e-05	0.0002444767546828822	0.0031777672773488203	5.457929217433943e-05	0.00011796564128618641	0.0027888600598295105	-0.012711684736694701	-0.018302971411451117	-0.0016945878060730048	0.006614653025677838	0.013099112380221968	0.0018419230724133697
12.530000000000001	-5.418984703993594e-05	1.7440538932008045e-05	0.003188605184295648	0.00010262786578031817	0.00020795456774347064	0.00278414050521321	-0.014255321292188755	-0.02574681885075202	0.0031940689534272074	0.00271196214796016	0.0044533306564749344	-0.002222728800683064
12.540000000000001	-0.0001733596397493779	-0.00022618075991880703	0.0032174688276417024	0.00010196351083331075	0.00019806947248916784	0.002763946820455129	-0.00831705592933843	-0.020499237937584767	0.0017710171693337575	-0.0029250632876698063	-0.00645185638081785	-0.0012396492948078671
12.55	-0.00020475937241764102	-0.00035407217834645916	0.003216965284155682	4.922741054226064e-05	8.948115963304878e-05	0.002764067971708843	0.002293628833547843	-0.0039676620359040075	-0.0018501638385615795	-0.007140557226545452	-0.014330241227900572	0.001232772744192517
12.56	-0.00013344334937921665	-0.0003021857422481656	0.003188151232972908	-2.9009454658919064e-05	-6.42885299255245e-05	0.002783579064490795	0.011157557206125593	0.013523626231902744	-0.0031381776752789836	-0.007732881742227367	-0.014996245924559469	0.002132868013608356
12.57	-3.153913060987185e-07	-0.00010945963026567777	0.003177810929077712	-9.173082806375086e-05	-0.00018267081535438943	0.002788061619343203	0.014717475555808848	0.02381881944959117	0.0017318321139512178	-0.004475539492182707	-0.007897557961549371	-0.0018145495039566864
12.58	0.00013908168290525523	0.00014121686676701656	0.003205653015939909	-0.00011144631071047509	-0.00021213517078003805	0.0027628639537663332	0.011705608918273014	0.023905816100539864	0.0026513123731918054	0.0008615718459798725	0.0024266042675113704	-0.0022460642241672246
12.59	0.00021040882060420105	0.0003227696539751463	0.0032176790313147084	-7.479361962870621e-05	-0.0001367667161861112	0.0027532676919498926	0.0018764177256712876	0.01067035947968959	-0.00046460631703003434	0.006131551300845337	0.011983610854952056	0.0004840754375308411
12.600000000000001	0.0001744158713677025	0.0003375349726024922	0.003198346645396629	6.147387148739645e-07	7.68923139560057e-06	0.0027703677860971086	-0.00860149160921954	-0.007635868226506708	-0.002942014286647141	0.008295035621228035	0.015652597486132527	0.0026363516296165016
12.610000000000001	5.568154386187211e-05	0.0001894166461056877	0.0031765697014024853	7.534013394458796e-05	0.00014739596122165016	0.0027914738911851227	-0.014198287792296172	-0.020618741290763205	-0.00017843699028031977	0.005997335183581512	0.010913128343717519	0.00047684604984997653
12.620000000000001	-9.240936083656807e-05	-4.992672863463444e-05	0.003197792334481996	0.0001138701780238307	0.00021246527099743189	0.0027766914073878565	-0.014158202787963139	-0.02538573883622304	0.0031656871089142174	0.0012959133100238155	0.0016055576825743944	-0.002362749256807083
12.63	-0.00019938241625867776	-0.00027049322980390227	0.0032196525798513145	9.661732535827078e-05	0.00017440860799120794	0.0027602961043943605	-0.006147548044417413	-0.016536081101666163	0.000695639982685169	-0.004617636374875628	-0.008912464212488752	-0.0005643385177822042
12.64	-0.00020466807062974877	-0.00035094155709816785	0.003208843286302197	2.967443670042289e-05	4.927529708204334e-05	0.0027673244811473865	0.005064782307715542	0.0010343014716002392	-0.002657164593782755	-0.008177542387111752	-0.015057832731470116	0.0018191100562634753
12.65	-0.00010963862771391043	-0.00025673852721997976	0.003178805047874085	-5.249760537840026e-05	-0.00010073753951607901	0.0027885292508416236	0.012957238478049814	0.016623049527598164	-0.0022882155634401415	-0.007446990709509199	-0.013401811446286415	0.001603710240984686
12.66	3.663723501320229e-05	-4.392950818265426e-05	0.003183405215444806	-0.00010804611267351891	-0.00019687483547815748	0.002782145008430972	0.015442937598249804	0.024735332703113396	0.002907363316174994	-0.0033800582040324047	-0.005366034426815983	-0.0025825745289698057
12.67	0.00017221713653895954	0.0001975746338905013	0.003213209683182603	-0.000112367591580668	-0.00019848753988859885	0.002757093467404946	0.010228621547188682	0.02112429763378772	0.002129413868086416	0.002665232780678529	0.005209013038009421	-0.001718755653524355
12.680000000000001	0.00022125408989205243	0.00033858570787413206	0.0032172569316337254	-5.9044992435419664e-05	-0.00010074593352440867	0.002754268303929583	-0.0008531205588153976	0.005817086192248823	-0.001388506485918622	0.007528023117753315	0.013474162535121586	0.0011854789130999513
12.690000000000001	0.00015872610963826427	0.00030647432383639606	0.00319164891108289	2.5148479068245303e-05	4.860416146597334e-05	0.0027761967564437456	-0.010914201578173478	-0.011655323964285732	-0.0030718354283951824	0.008512882013208628	0.015042600828338946	0.002709437418799888
12.700000000000001	2.259295235411235e-05	0.000129769250186589	0.0031776082914950587	9.577530805890172e-05	0.00017134946612449545	0.0027901637359303367	-0.015481975872043335	-0.022453154151311307	0.001246300415682116	0.005167701057585444	0.00858045917140482	-0.0007612370401597557
12.71	-0.00012994867107733995	-0.00011373302812224581	0.0032040779501449107	0.0001218341443636657	0.00021019305749106344	0.0027712770927602742	-0.013483782443661805	-0.023966512843934685	0.0027878435206557437	-0.0003511388720664583	-0.0012877263849481824	-0.00198503219106478
12.72	-0.00022042107978699024	-0.0003033718055443588	0.003218493212252182	8.746313925219006e-05	0.0001459033405194504	0.0027614755577310716	-0.0037217085971766647	-0.012147300951936032	-0.00019462464180956183	-0.006213525056487765	-0.011004749757940337	0.00022811873472768264
12.73	-0.0001986582060595931	-0.00033621883766978277	0.0032010533265228796	8.444101222674468e-06	8.302028038469681e-06	0.0027750595464207397	0.007722652942780614	0.005664845921071288	-0.00293887356585652	-0.008899494024967619	-0.015319705246619164	0.0022140857072783346
12.74	-8.211821550597372e-05	-0.00020587526384205707	0.0031762307816342677	-7.436467091650898e-05	-0.0001322892633028669	0.002793387954776626	0.014506696369957627	0.019039801647154776	-0.0007638695965339563	-0.006851278528063906	-0.011397805833538022	0.0003877361683372539
12.75	7.435737610837604e-05	2.1297809567263788e-05	0.00319486659823814	-0.00012060020486174639	-0.00020469869592024142	0.002775638678644459	0.015592805063525037	0.024764883380476346	0.003335400844794519	-0.0020188450679714345	-0.0026327404401348723	-0.002947059210481458
12.76	0.00019968198389105684	0.000244394697848825	0.0032199909427278227	-0.00010857132036211366	-0.00017801376708763915	0.0027530081220332424	0.008175977711630518	0.017641226241083795	0.0010641916309998168	0.00438913297565729	0.007809337324506415	-0.0010840797062901227
12.770000000000001	0.00022259247153651448	0.0003415917785501155	0.003212315923740813	-4.0334919522715576e-05	-6.165596341478945e-05	0.0027570485118782137	-0.003698499391715129	0.000980003465563659	-0.0024499846965571575	0.008647684675165659	0.014455379006454288	0.0018107078255877851
12.780000000000001	0.00013497331929055546	0.00026665914067707934	0.003181304965945551	4.911439870128861e-05	8.63294909927825e-05	0.002782035523329288	-0.012867159027839803	-0.014938848485613773	-0.002760369583030757	0.008367022331862062	0.013695661685233567	0.0024323298621389206
12.790000000000001	-1.558419654259962e-05	6.794376888253016e-05	0.0031795921100210645	0.00011325362829677632	0.0001881564282360488	0.0027860624039060104	-0.016406476243784468	-0.023702765488882165	0.002527841088839928	0.0041603860825465844	0.006148165418941081	-0.0017220342187278122
12.8	-0.00016613050897650906	-0.00017096388003437813	0.0032096901055538875	0.0001244026544240542	0.00019971073925998802	0.0027657073240441874	-0.01209911533703333	-0.021679151910858906	0.0024483153208555517	-0.002183272596071258	-0.0041057508672211985	-0.0015392530041264093
12.81	-0.00023400843317912355	-0.00032432057872695	0.003217764347344765	7.260896949261785e-05	0.00011196461911432755	0.002762349805341814	-0.0008565750846180424	-0.00756732144148464	-0.0009579929101769967	-0.007729582595540874	-0.01267310019754411	0.0009131188324463599
12.82	-0.00018329039630107246	-0.00031138141360931927	0.003194728138535411	-1.6840001327373844e-05	-3.261348155234723e-05	0.002780636182949109	0.010355407599442364	0.00973897961596581	-0.0030627471884006443	-0.009324974854322553	-0.014940997028356476	0.0023229604205444168
12.83	-4.6704803257788245e-05	-0.00015128548113238374	0.0031774236468067128	-9.665856300538825e-05	-0.00015850232981980432	0.002792448127839842	0.016038473739380034	0.021055865525373585	0.0007481774658315306	-0.006036535537060235	-0.009148268595725732	-0.0009496425915528762
12.84	0.00011691324872745441	8.381775749436445e-05	0.003202455580045788	-0.00013045302829835698	-0.00020544880041451296	0.0027686245954776974	0.015138787776102513	0.023919952720361005	0.00293298245214063	-0.0002615232823527718	0.00025201307103667685	-0.002660854075544494
12.850000000000001	0.00022598420714668878	0.0002811016077478028	0.003218960244081195	-9.939274902669099e-05	-0.0001516796210480887	0.0027528459772149577	0.00559593227699276	0.013635765722401154	4.831401209405198e-06	0.006185284756893632	0.010042595413379447	-0.00022276512412641822
12.860000000000001	0.000219191944793779	0.0003330533655730687	0.0032029694535030294	-1.7180405012852562e-05	-2.1578388725224768e-05	0.0027645161958243856	-0.006759128221463602	-0.0035703702010609897	-0.00288805356977807	0.009538852255609527	0.014882917791992011	0.0023260133007288776
12.870000000000001	0.0001058334437019722	0.00022132022618581053	0.003175448024219663	7.396456909536938e-05	0.00011928019231404413	0.0027883024676891646	-0.014790793202507382	-0.017514233328025382	-0.0013929567551169005	0.007785037746688525	0.011830069350942121	0.001427340167022733
12.88	-5.829106567137672e-05	6.060977815493964e-06	0.003189417224462285	0.00012832207841148796	0.00019780930386545034	0.0027799911289365553	-0.016899134793465817	-0.024148829963748945	0.0033161090043084974	0.0027217624559563933	0.003487296009760119	-0.0023427342024734824
12.89	-0.00020062154757893857	-0.0002189831192230211	0.003217848443684076	0.00012118244409137262	0.000181104154067831	0.0027605445722598326	-0.010068368519018376	-0.01859063606957202	0.0016293706138404156	-0.004162459161854143	-0.006781622164984438	-0.0010060543401165286
12.9	-0.00024068216704422284	-0.000331179377841726	0.003215834518260514	5.2285889592247283e-05	7.347337743808688e-05	0.002763511037269029	0.0023791401357063386	-0.0029101887097038033	-0.0019723480621503644	-0.00905261215016937	-0.013829121339140453	0.0015216599528765679
12.91	-0.00016013906432452588	-0.0002758823144138653	0.0031868316811798697	-4.398552783277835e-05	-7.196182282679084e-05	0.002785117823092899	0.012812585742132844	0.013143399383034316	-0.0029508336224174157	-0.009267724705730214	-0.01386972213513475	0.0021860372137963466
12.92	-5.458720482791127e-06	-9.231398429846544e-05	0.0031799626378428117	-0.00011707105821974632	-0.0001781344112757559	0.002788001718056018	0.017263111832067062	0.022522454410499763	0.0020535543720340004	-0.004962965918254718	-0.006752804674148905	-0.0019948070336900945
12.930000000000001	0.00015883911934956436	0.00014205790496206775	0.003208073150231691	-0.00013507515636253974	-0.00019797056066626318	0.002762773857397253	0.013888984199441828	0.022049629363865036	0.0024455903110858833	0.001719126320367131	0.0031383268464247396	-0.0021173277800049244
12.940000000000001	0.0002446720239710571	0.000306495329623425	0.003217167319191828	-8.487003516697424e-05	-0.00011958024914473802	0.0027544058120646526	0.0024826535992281936	0.00927598680213617	-0.0007907568164191597	0.007878699010829486	0.01184320331861613	0.000605681347524029
12.950000000000001	0.0002055336816206393	0.0003130509009141362	0.00319539452241099	9.270611484267409e-06	1.9120703857669024e-05	0.0027724871972299287	-0.009766503345511861	-0.007796166946635709	-0.003061289123543209	0.010087056136781458	0.014699059835565433	0.0026613287618997943
12.96	6.90448724788931e-05	0.00016968628993283143	0.003175033738997949	9.801231881265666e-05	0.00014720354946433852	0.0027917428308157966	-0.01648785173796346	-0.019654984304943734	0.0002554421987446864	0.006914208919143644	0.009705019597604085	8.034596491461187e-05
12.97	-0.00010417030453674725	-5.6402022059079586e-05	0.0031991508063666406	0.00013969760264476196	0.00020168584573835243	0.002774860421829607	-0.016616043934299513	-0.023701584082796014	0.003218582416730912	0.0009462884320460978	0.000701780022805954	-0.0023259114534092645
12.98	-0.00023052112832890935	-0.0002593939963037558	0.003219911613879498	0.00011268203358504902	0.00015796452035504274	0.002759582471403552	-0.007361984892393367	-0.014879951205621121	0.0004694214083034067	-0.006101519670278451	-0.009094613941916905	-0.0004152082112591073
12.99	-0.00023876119180044807	-0.00032770334072136826	0.0032071587042572444	2.8037692584370557e-05	3.513818208095102e-05	0.00276790369966039	0.00569088503696413	0.0016772534386478998	-0.002777539544319109	-0.010080905413555063	-0.014442007438517885	0.0019173298178023432
13.0	-0.0001303240784866663	-0.00023353271625004856	0.0031776731720429448	-7.106822438819138e-05	-0.00010553622917245246	0.0027889337491770936	0.014892910343290282	0.015988453830785433	-0.001986740813833805	-0.008750367431838617	-0.012265034974757968	0.0013827267574809743
13.01	3.9247351758353984e-05	-3.083796803522633e-05	0.003185853530869926	-0.00013412050775564463	-0.00019068772749479437	0.002780234383671533	0.017984752368960154	0.02337423432930308	0.003037500044111041	-0.003517182875768173	-0.0043675513777485025	-0.0026073951159608037
13.020000000000001	0.00019689926875196193	0.00019402448124342225	0.0032145975629787812	-0.00013312891975276496	-0.0001843806226822587	0.0027569879942705156	0.011887935273578598	0.01931732164169526	0.0018659600495056943	0.003797587557254079	0.005683631551581832	-0.0014329554813489608
13.030000000000001	0.00025463191777221544	0.0003193511412049029	0.0032157559751864987	-6.439109562482067e-05	-8.592387237718126e-05	0.002756672892726425	-0.0008482916041273928	0.004625638166230972	-0.0016226061083977298	0.00932828656712658	0.013148236393079007	0.0014044829229835276
13.040000000000001	0.00018382805936229582	0.00028165604364379824	0.003188862425309434	3.768782349440499e-05	5.631016685750579e-05	0.002779875599101506	-0.012443334050516472	-0.011505711001261206	-0.0030375237366401125	0.010098103564638894	0.013980555663826739	0.0026647864514979308
13.05	2.7353103764285678e-05	0.00011201391337803426	0.003178312599718148	0.00011942985920037426	0.00016748873318551326	0.0027908138388129267	-0.017915252541223687	-0.021340422152319013	0.0017000163159533134	0.005759516486912007	0.0075191047131278775	-0.0011752491841426054
13.06	-0.00014887301491775342	-0.00011635661874959103	0.0032066048627001193	0.00014488029501466857	0.0001974130915201907	0.002769658286503501	-0.015558754472212359	-0.022172954268624572	0.002723601622567969	-0.001100594838569905	-0.0019376194942459391	-0.0020621457785007105
13.07	-0.0002529038018374908	-0.0002887696067987928	0.0032192809404243705	9.7993022181147e-05	0.00013030608877900645	0.002760026104785888	-0.004250302924537122	-0.010657655401361998	-0.0004444734461937877	-0.007857930590159976	-0.010889465861819558	0.0003068168669706842
13.08	-0.00022771678326085772	-0.00031176087219214415	0.003199452482693987	9.340591060875998e-07	-2.0426340984599266e-06	0.0027744843954276704	0.008905222676790545	0.0060414968952546555	-0.003100035474876391	-0.010684276635914465	-0.01444472537190365	0.0022854195051559304
13.09	-9.371640051677068e-05	-0.00018399522782499918	0.0031750176093764894	-9.598322440702109e-05	-0.00013217390620872996	0.0027921024528734955	0.016771493729362884	0.018252136676181127	-0.000483012925339961	-0.007799679206055573	-0.010283448681124942	0.00014575229651526159
13.100000000000001	8.741655249036152e-05	3.1161422322167514e-05	0.0031949241088817222	-0.0001460482022793542	-0.0001949419507604487	0.0027734470491396087	0.01799752083058913	0.023153923351237667	0.0032084060472334047	-0.0017227395528170387	-0.0018181705073178863	-0.00278524953019605
13.110000000000001	0.00023136495146977435	0.00023617691646612936	0.00321822019525221	-0.0001249361119321474	-0.00016300942650074183	0.0027538121597458997	0.009311655887695185	0.015799165439876934	0.0008951801597061753	0.0058149775962511975	0.007981850966625268	-0.0007442300912366439
13.120000000000001	0.0002569137620356567	0.0003187880115002435	0.003209739544110461	-3.998500755536579e-05	-4.8817905163377706e-05	0.002760752234834138	-0.004349526221334188	4.759904679786726e-05	-0.002416605163346045	0.010464291153141415	0.01388184158469448	0.0019976336419789678
13.13	0.00015532403258418842	0.0002417895404325137	0.003180727225635812	6.568643011050191e-05	9.069900957477873e-05	0.0027857120479196323	-0.014872148193850172	-0.014468139937173913	-0.002345189761190373	0.009612135465323964	0.012624186229023442	0.00218207139719807
13.14	-1.8716579517715972e-05	5.236279572820751e-05	0.0031840080312141228	0.0001373961086636325	0.00018200062651331123	0.0027854461126724244	-0.0189548504568646	-0.022359743277547955	0.0027760630628612536	0.004401988609458286	0.005177896520385771	-0.0020885750454566897
13.15	-0.00019146705674864535	-0.0001694659935081297	0.0032128474692968913	0.00014472521212028597	0.00018568570801704584	0.0027637303797852625	-0.013781985975570878	-0.019772986624909828	0.0020676048465446168	-0.0031403217273124127	-0.004623845326145386	-0.001531685643315807
13.16	-0.0002677557149002283	-0.00030569772473408607	0.0032164680497135775	7.926871753528596e-05	9.720337945586682e-05	0.002761113216773362	-0.000782405055808811	-0.006201299125599402	-0.0014163879197483062	-0.009359311209955147	-0.012323454496731726	0.0010379684837099469
13.17	-0.0002081647277228518	-0.00028504799760752396	0.003190523708417654	-2.655552977354541e-05	-4.0304348708294234e-05	0.002780683585156355	0.011906994918512184	0.009872612206709647	-0.0031335727180159777	-0.010822813923549236	-0.013940344304634967	0.00240685257182894
13.180000000000001	-5.18806304058851e-05	-0.0001299976907592999	0.0031762123082246935	-0.00011730424652970175	-0.00015505481986633244	0.0027914792215444576	0.018321412716582722	0.020054493806299714	0.0012829850322807028	-0.0066908422385775785	-0.00811758054801099	-0.001179168763767563
13.190000000000001	0.0001345546624588248	9.069370447263147e-05	0.0032047440355140793	-0.00015212214808183464	-0.0001932949651677552	0.0027671433396335133	0.017163890673499226	0.02205457755100852	0.0030756894713679615	0.00020887206699308407	0.0008905098834774426	-0.002543467902182897
13.200000000000001	0.0002569259832614578	0.0002689498632987389	0.0032213653906667497	-0.00011117300447927444	-0.00013673952953639212	0.0027534098211805633	0.006125731997409838	0.011865935631169144	-8.540777744482867e-05	0.007614221956143604	0.009924342250671372	1.918094873059301e-05
13.21	0.00024721277832234447	0.00030774667303120067	0.0032038735864604135	-1.3104860560502599e-05	-1.1237936563882764e-05	0.0027671109452140955	-0.007826251488175093	-0.00426760885807348	-0.0030497512166021215	0.011146062941887273	0.014085938968602147	0.0024753680162526485
13.22	0.00011791808660002601	0.0001962073733049576	0.0031762655741354897	9.150449655818705e-05	0.00011974286962385031	0.0027908126823317212	-0.01681757191551734	-0.016829597537929036	-0.0012137703145680486	0.008726660632609995	0.010765777665275887	0.0011619165272235797
13.23	-6.844276489759568e-05	-7.65296024948775e-06	0.0031912488873798574	0.00015057450856436163	0.00018933735529644996	0.0027800624523550282	-0.01908943651740401	-0.02256403838718614	0.0031628747229508957	0.0026351247581421263	0.002748349047118095	-0.002392505083414693
13.24	-0.00022763278506551666	-0.00021403344364522532	0.0032164839901055262	0.00013679790163318597	0.00016783917461311244	0.002761293537378514	-0.011131233785304336	-0.01664014946235081	0.0012214207606470687	-0.005308878564493854	-0.0069267389741802755	-0.0008865520238540179
13.25	-0.000270063484199609	-0.0003096519525650546	0.0032111771921005602	5.353200618156339e-05	6.247133220282855e-05	0.00276516637722466	0.002940167140926395	-0.0016817293206154113	-0.002153748958750454	-0.010599913106205063	-0.013249818369502698	0.0015967101816845423
13.26	-0.00017763691517236636	-0.00024873179222588334	0.003182518892851647	-5.678177420474784e-05	-7.462381031305799e-05	0.0027863734137735315	0.014470418372295984	0.013022659550291603	-0.002638390175423501	-0.010385737499306918	-0.012826309941395265	0.0019658080708514283
13.270000000000001	-3.1288928997808682e-06	-7.244154033860869e-05	0.0031812525706872456	-0.00013656317845606432	-0.000171032744619487	0.0027855186171637882	0.019468019887174247	0.021283374629267507	0.0025650165178359124	-0.005180254492010976	-0.005932537753943789	-0.002290659943838247
13.280000000000001	0.0001802671842081159	0.00014488351889523367	0.0032114105746755828	-0.00015130832354847895	-0.00018441765952426466	0.002759945784107966	0.015327457971913589	0.020024450055596863	0.0024240448075172993	0.0025520522145634434	0.0035158051610384637	-0.0019894632942347437
13.290000000000001	0.00027349769964751303	0.00028965544599641844	0.003218842099973756	-8.929639252086963e-05	-0.00010598858863347093	0.0027537259414351684	0.0024576887825669843	0.007573732746519408	-0.0010448495008869112	0.009311701689279974	0.011474350638891292	0.0008308429081031402
13.3	0.00022704595051304983	0.00028523084654509485	0.003194586345484398	1.8958921608683778e-05	2.5858712418681338e-05	0.002773803970695324	-0.01112555112796103	-0.008187206765873941	-0.0032183225275068273	0.011356779817758452	0.013770413902804821	0.0027805277630050377
13.31	7.324571694353344e-05	0.000145140390574433	0.003175240870172809	0.00011662805279182084	0.000143189348285166	0.0027921263990825303	-0.018518385529538633	-0.018709132730696652	0.0005371675937469524	0.0073796278651561955	0.008662350348663672	-0.0002194038756195293
13.32	-0.00012037378844091077	-6.638840097154658e-05	0.0032002625805417403	0.00015840742398390119	0.00018934322838971672	0.0027739541591524594	-0.018425359791704322	-0.021774193217774893	0.0030990806633627807	0.00045237626033260703	0.0001207438575405996	-0.0022742400814372734
13.33	-0.000258751754615328	-0.00024904912487774415	0.0032191583819308977	0.00012234568256393047	0.00014329733369013704	0.0027603173824111006	-0.007882262491752674	-0.012923618677318447	0.0003090691492764911	-0.007331461817716459	-0.008927539859641837	-0.00019427353444699996
13.34	-0.00026425111496857564	-0.0003024553069629748	0.0032056368254524915	2.416131033685779e-05	2.571306708954165e-05	0.0027706122204845984	0.006688295119091106	0.002584598136760793	-0.0027601380481920242	-0.011458141219858699	-0.013592063636354151	0.0020769499728184905
13.350000000000001	-0.00014071408260607607	-0.00020689566121106668	0.0031780866014483556	-8.60122881535384e-05	-0.0001045578771090586	0.0027913631252340673	0.0167620601339024	0.01542237485698918	-0.0015369278164171923	-0.009477367886525265	-0.01112732308177953	0.0010744758583317382
13.360000000000001	4.9122282071456234e-05	-1.5003030875804709e-05	0.0031900760942014748	-0.0001526626420536598	-0.00017990529729661284	0.0027792868124240366	0.019975503820473733	0.021733608738697053	0.003121917273241655	-0.0034335657399785537	-0.0035326674427840726	-0.0027275766678385833
13.370000000000001	0.00022210286223328242	0.0001901433847832262	0.003216560259975645	-0.00014618654578311052	-0.00016791208575120552	0.0027565997799000866	0.012812985774617883	0.01722992815107888	0.00147384739187725	0.004755852113493594	0.005925834405492669	-0.0012749858757695348
13.38	0.0002814624156178306	0.0002974990828831497	0.003213444763476895	-6.543932551226486e-05	-7.14766757003893e-05	0.0027582087670938492	-0.001433742041509735	0.003310290679789214	-0.0020116369544489997	0.010682490031839267	0.01253718030108462	0.00155720297906003
13.39	0.0001994533609909578	0.00025386750222533794	0.0031843549325699058	4.9268712980127374e-05	6.150482620092628e-05	0.0027818052785879913	-0.014003404311880411	-0.011351721425687338	-0.002975069624608783	0.011143708443860107	0.012812080735805415	0.0025340383651151696
13.4	2.515495792608999e-05	9.188270888113901e-05	0.003177629414039789	0.00013750367718368426	0.00016084980629795336	0.002789128207020911	-0.019869202505592026	-0.02011201169840803	0.002220843116256822	0.006021717840285248	0.0064481446689031545	-0.001595264676345515
13.41	-0.00016877366820034414	-0.00011978606522250819	0.0032086263772280257	0.0001604522781314758	0.00018221090093556279	0.002766291879138953	-0.016934309622325706	-0.020147377678759366	0.0027920971030765025	-0.0018426913145141647	-0.002522356577907407	-0.002023869118988392
13.42	-0.0002799740715134251	-0.0002723592841913474	0.0032205941334897637	0.00010308005576579375	0.00011340851680438548	0.002757988965837387	-0.004272242829010578	-0.008904184319453853	-0.0006221049986844176	-0.009129616402609678	-0.010635331799844081	0.000525361051140245
13.430000000000001	-0.00024813764464793274	-0.00028385035951599113	0.0031990624297428844	-6.757973945172249e-06	-1.2556386023520898e-05	0.002774528379595711	0.010153434412773036	0.0064937180171270184	-0.0032017505415371677	-0.011846757173849913	-0.013459667990515286	0.002443422404007277
13.440000000000001	-9.817569204607659e-05	-0.00015891329142647483	0.0031755843677695856	-0.00011206916307148432	-0.0001307527937777008	0.0027922371142850596	0.018621220091513273	0.017379973208233937	-0.00017528858388712084	-0.008285174913178208	-0.009061630786847286	-8.708358417438231e-06
13.450000000000001	0.0001017677604756563	4.2798562072434365e-05	0.0031964911094142664	-0.0001627344280390791	-0.00018315688057690975	0.0027734025041200572	0.019669022788263876	0.02135676784084885	0.003076254083207783	-0.001313655045065985	-0.0009736050953022748	-0.002596594739521347
13.46	0.0002566608337459224	0.00022799265662708874	0.0032173612473817732	-0.00013344394570073416	-0.00014653810495285686	0.0027561958044782686	0.009734493219644856	0.013847372624616307	0.0006153967559944496	0.006929891549495936	0.007987787369357244	-0.0004987756043250827
13.47	0.00027947759649873943	0.00029471715919077846	0.0032065160571468072	-3.6280978147194296e-05	-3.666371313965161e-05	0.0027646709840226853	-0.005261825755267769	-0.0009843811770821366	-0.0025354838023045707	0.011695043044609138	0.013067440340376843	0.0020482258482876717
13.48	0.00016453916735281808	0.0002148027778523716	0.003178740817658095	7.978363516345635e-05	9.179479951242238e-05	0.0027882520086952734	-0.016483427026835768	-0.013970525542922156	-0.001918739871158949	0.010340432722720823	0.01134062093765987	0.0017688070300668727
13.49	-2.7302273872746615e-05	3.558792090421224e-05	0.0031869152044411804	0.00015490391754603876	0.0001714972348329092	0.002783378301040268	-0.020741078137337686	-0.02083904014311718	0.003077879058165105	0.004300103359723008	0.004204187142854117	-0.002340647705813683
13.5	-0.00021369594221809027	-0.00016719829376394388	0.003215996170095956	0.00015629907771476866	0.00016844495731436045	0.0027612697362560633	-0.014594793504673529	-0.017682516459775022	0.0018903936152648332	-0.004179447661474527	-0.00489648341313257	-0.0014204930610852158
13.51	-0.0002915591324454639	-0.00028490605744707165	0.0032169955079488057	7.85795655125392e-05	8.142037124815646e-05	0.0027601132306976487	-0.00029673414434644896	-0.004784469025103251	-0.0016878216894062323	-0.010675688578228764	-0.011735093738755229	0.0012283106071341156
13.520000000000001	-0.00022208816139155974	-0.00025725721165693237	0.00318899059755141	-3.9145338465061864e-05	-4.65877143077809e-05	0.002781430640551938	0.013337366021680019	0.009787407358401655	-0.0031878980286070497	-0.01179850420958356	-0.01267035560016723	0.002474820507489984
13.530000000000001	-4.922210765581244e-05	-0.00010944792244484072	0.003176405811202882	-0.00013580576700669044	-0.0001483559499718721	0.0027906014230868583	0.020202388427904793	0.018809807778658413	0.0015385183021897138	-0.006893771713518553	-0.0069541220081051035	-0.0013924465392029708
13.540000000000001	0.00015417346532721986	9.462314997755596e-05	0.003204931905060864	-0.00016806280459375161	-0.00017734705362576597	0.002766768919403137	0.0184570311501429	0.020077357810192317	0.0028803122604444155	0.0009434712535184208	0.0015241201687748098	-0.002327667572051698
13.55	0.0002831399174133887	0.00025352923196562694	0.003219418284852929	-0.00011665640161725988	-0.00011892911073601882	0.002755158086086065	0.006094952298899545	0.010156545369699057	-0.00026603485282258296	0.008865645670542516	0.009627183935962466	0.00019825568136942688
13.56	0.0002666672788666209	0.00028106491723630013	0.0032007848864091452	-5.759352422236067e-06	-9.660738161402888e-07	0.0027697579470267477	-0.009052671251056861	-0.004717840680491002	-0.0030259810178246875	0.012364955399604617	0.012965390763907365	0.0024144666406229554
13.57	0.00012184322785319132	0.00017206254993411198	0.0031758200601989493	0.00010783355033464203	0.00011679040332639511	0.002790497971596366	-0.018625797105513993	-0.015973954455662465	-0.000678613696957928	0.009270432706346681	0.009408100855165285	0.0006329226753429473
13.58	-8.285412628590112e-05	-1.884191292729899e-05	0.003194204189465433	0.00016825914362276085	0.00017514499176193445	0.0027760711850077064	-0.02074663179078144	-0.020804220681332024	0.0031796644974541057	0.00233469121813512	0.0018644868511880606	-0.0024899278723990734
13.59	-0.00025321996882671645	-0.00020555164856078762	0.003217736087794013	0.00014713304365188688	0.00014880185236732318	0.002758286449295497	-0.011585894914457752	-0.014664930172259337	0.0009658679697890616	-0.0063961882979679495	-0.006937895010321909	-0.0006587704748445698
13.600000000000001	-0.0002935560504868589	-0.00028569515481975395	0.003209833610566918	5.147428257140579e-05	4.8063898193999954e-05	0.0027652110041447363	0.003788947899540596	-0.0007258599789308253	-0.00239124120291826	-0.011928956239990955	-0.012371274095693009	0.0019104027621374942
13.610000000000001	-0.00018815067471737628	-0.00022284728646902396	0.0031806779322743756	-7.080411008033673e-05	-7.736791562496003e-05	0.002788823497947152	0.016111472514737078	0.012437557491645108	-0.002422989951431708	-0.01129476098170165	-0.011469036741512329	0.0019992205656746654
13.620000000000001	4.2546331518933965e-06	-5.708126998584844e-05	0.0031831065187972823	-0.00015582049207359306	-0.0001612153010129827	0.0027863869746492676	0.021295924699293114	0.019809943212128863	0.0028360192753700306	-0.0052931274027672535	-0.004914415002864432	-0.0024111083727191324
13.63	0.00020247220101440736	0.00014203657935973684	0.0032135211985310774	-0.00016663409718538157	-0.0001677355289738346	0.0027608801771661098	0.01630194593650583	0.018015454836199825	0.0022337094528229093	0.003379365693155893	0.0038129472386367992	-0.0018970915281889768
13.64	0.0002989698257645467	0.0002691780968806628	0.00321857780246027	-9.31964093269048e-05	-9.090595723667569e-05	0.0027555021094135827	0.002102986078856743	0.006253312244880912	-0.0012971744261991284	0.010641704581589303	0.010883485369764407	0.0009060663783308753
13.65	0.00024359878601273177	0.0002579169900889197	0.0031925306864969204	2.8358775443348556e-05	3.196744416724224e-05	0.0027752781183847967	-0.012430348034778209	-0.008137892932433407	-0.0032706435677614856	0.012563844298849379	0.012599966266613862	0.0026056733209592134
13.66	7.421494275943995e-05	0.00012453568530820724	0.0031753083829899765	0.00013460029113376303	0.00013698241959185883	0.0027898902947911934	-0.02028857870679264	-0.017563404576319948	0.0009254057461491053	0.007885145716122264	0.007524774713967188	-0.0006628367249350976
13.67	-0.00013635307519490242	-7.146515470466098e-05	0.0032012726515619943	0.00017653294708559937	0.00017414672873630518	0.002770087902155766	-0.019811685253593236	-0.01987624216557432	0.0029345334623213913	-6.83257987122065e-05	-0.0005098891691953716	-0.002191242965263352
13.680000000000001	-0.00028281699375931764	-0.00023477554438757647	0.0032181924456541303	0.0001312953747665809	0.00012625779791413083	0.0027586899995449277	-0.008034230053746172	-0.01120638863727836	8.477286493139365e-05	-0.008589201464740917	-0.008641181542232958	0.00013318965980593027
13.690000000000001	-0.00028405143044583724	-0.00027614848005858353	0.003203010529642248	1.9206533779747584e-05	1.5509183815281765e-05	0.0027718864987554158	0.00762104320542074	0.00314767104092305	-0.0027969449407678096	-0.012841839803175855	-0.012545937009648263	0.002306549147069514
13.700000000000001	-0.00014785191103471891	-0.0001821106636784496	0.0031773662848781424	-0.00010226893922451552	-0.00010223654573123193	0.0027930342361341455	0.018276751263058548	0.014590450979780581	-0.0011102861345286636	-0.01025202883405892	-0.009807100660438887	0.0009039480580237606
13.71	5.87941550302269e-05	-3.1114462772844443e-06	0.003193338330081241	-0.00017220591191638548	-0.00016682663070021213	0.0027789784627534737	0.021616796696484794	0.02001487756124742	0.003252132032094739	-0.003261635177058547	-0.0027475989722176037	-0.002825480307530631
13.72	0.00024421425052534263	0.00018233382985882054	0.0032190345688797623	-0.00015909850295233862	-0.00015094235462817968	0.0027560636882196067	0.01354541595625596	0.015230390489873015	0.0012181093697249006	0.005832255849928712	0.005842005981759079	-0.0012257499076077192
13.73	0.0003045507073680275	0.00027338964263705996	0.0032130766767615843	-6.53425520389087e-05	-5.9554709009415366e-05	0.002758258189331494	-0.0019482903806710495	0.002200297225974874	-0.0023072413252338674	0.012107314906872163	0.011643303361233141	0.0015979486385875937
13.74	0.00021224105473726643	0.00022634666488897584	0.0031823945111968724	6.220942563842075e-05	6.23372850879984e-05	0.0027814063069403596	-0.015388319636036265	-0.010929738977550507	-0.002923749291404626	0.01216241142113389	0.011559853823728865	0.0023645351506629245
13.75	2.2057880230035097e-05	7.438198733748448e-05	0.003177848417954146	0.00015661742972857443	0.00015026270815371326	0.002785912005580691	-0.021616448437627143	-0.01859527171955096	0.0023278889590731015	0.0062236725531408695	0.005542420063050128	-0.0017639442423310026
13.76	-0.00018704392173034184	-0.00011837471142381584	0.003207854315828718	0.00017663810915956044	0.0001653065615048979	0.0027640385318601613	-0.01802759272004655	-0.018045273582579735	0.002579431466974054	-0.002587942829326197	-0.0027722970868601176	-0.0017324106150120502
13.770000000000001	-0.00030354398716150237	-0.00025222680646942605	0.003218046293785787	0.00010848330747533688	9.881612206359717e-05	0.0027590940198093327	-0.004169498705738392	-0.00745283178854876	-0.0007087433290317656	-0.010434988651497739	-0.009977093583662444	0.000844675809431033
13.780000000000001	-0.00026510178632246846	-0.00025606027288009424	0.003196962400279185	-1.4734799720092826e-05	-1.7757043638492213e-05	0.0027779922320361897	0.011273284559269908	0.006523091921941476	-0.002977741771082861	-0.01310733302805265	-0.012295348806815602	0.002549072426371064
13.790000000000001	-0.00010110118240218067	-0.00013745230191926323	0.0031777721693634032	-0.0001289589306817214	-0.00012364570310892536	0.0027941514160692168	0.020273194657137596	0.016182601186649576	0.00038543244229235216	-0.008772253045772858	-0.00792768533986064	-0.0004117442794666304
13.8	0.00011538285424124446	4.802629588897459e-05	0.0032015567991042636	-0.0001800066884187969	-0.00016750949141255947	0.0027727209542058213	0.02109102179403284	0.0193573858796993	0.0030309790647885205	-0.0008847678850125293	-0.00044483124921936636	-0.0026870976495538446
13.81	0.0002796430452183151	0.00021308577832736557	0.003219671473796898	-0.00014252511596738867	-0.00012962176890581655	0.002755145257062721	0.010133948435274851	0.012018997480318015	0.00021315021721983547	0.008053679016563908	0.007685870732139814	-0.00048000490429204947
13.82	0.0003000797584883296	0.00026733132714540803	0.0032050342655506776	-3.2272611509443064e-05	-2.6558520447096517e-05	0.002764010351934251	-0.006104356625441032	-0.0015524056027205694	-0.002859817215536976	0.013046576970879057	0.012040101523885407	0.0020713677623589275
13.83	0.00017300841835864465	0.00018910344129633157	0.003175998676734209	9.462754166117002e-05	9.000350818769218e-05	0.0027866844950455425	-0.01797118548860813	-0.013138262911733893	-0.0017691859566462968	0.011061960671048601	0.010078202309447783	0.0015383015576928365
13.84	-3.545511775147361e-05	2.3022170905501456e-05	0.003186590692926666	0.0001728778828782182	0.00015926622383277393	0.0027797313781775463	-0.02240656424843085	-0.019080100491875657	0.003180129586249631	0.004157563987319092	0.0034408712261852397	-0.0023302497674313463
13.850000000000001	-0.00023499696934253705	-0.0001597600294617295	0.003215358065013076	0.00016822577258072	0.00015200032236432838	0.0027596456990154152	-0.015444990484486987	-0.015642073529767986	0.0017834573956664991	-0.005164023971283894	-0.004908439147065927	-0.0011141536503559563
13.860000000000001	-0.0003149121032240849	-0.00026056206368025615	0.003215252892114465	7.843241498091994e-05	6.903638589759663e-05	0.0027617739453574437	0.00011894615424652588	-0.003655439360659694	-0.0017634698498567422	-0.012018728152833804	-0.01098330909563475	0.0015188239770929752
13.870000000000001	-0.0002360086061834286	-0.00022889413678847702	0.0031877432392238623	-5.153164477929475e-05	-4.9097827820039725e-05	0.0027844954013656747	0.014641888035045146	0.009436931401394268	-0.002947710546194534	-0.012733335033183683	-0.011541288235265597	0.002445482419497736
13.88	-4.7772040184103254e-05	-9.048910744116986e-05	0.0031796515964913692	-0.00015326549235346424	-0.00014001372836105284	0.002791064519703875	0.02189926575187188	0.017436114781882523	0.001984669492418653	-0.007011597820757717	-0.0060353000949292515	-0.001753102899191841
13.89	0.00017053082199049483	9.590893492956879e-05	0.003209053028957055	-0.00018194265420304955	-0.0001626572713587122	0.002765731551149315	0.01957512063066858	0.018057966689854762	0.0026891626795363627	0.0017535356437670074	0.0018376398894007929	-0.0023216122146364915
13.9	0.0003054538039594211	0.00023595038659128485	0.0032198806782389256	-0.00011990094668829244	-0.00010511431111444096	0.0027546081393066742	0.006124129291382191	0.008578974352429453	-0.0007209380346216084	0.010100003250379068	0.009143712087247294	0.0002723398770349754
13.91	0.000283743003965914	0.0002536968447776643	0.0031976804410273644	3.4283537384842028e-06	5.153251560764887e-06	0.0027699863501165745	-0.01008314527398543	-0.005010720699280099	-0.0032472546796556323	0.013479346821767216	0.011963256790099684	0.002462257952899421
13.92	0.00012608715813807643	0.00014907414930775332	0.0031734601874107557	0.00012432513089802576	0.00011218409142074335	0.0027898469840197597	-0.020083555827557525	-0.014929082446823361	-0.00028993815779226455	0.009596986056723333	0.008369999381260566	0.00039533500413704544
13.930000000000001	-9.41467431936006e-05	-2.7178086009064515e-05	0.003195322132992873	0.00018398350102909918	0.00016243884096399182	0.0027743908413993784	-0.022164297280611735	-0.01895169762961416	0.0033433118621053613	0.0018038414349074937	0.001315291616337646	-0.0023782295691131116
13.940000000000001	-0.00027396944231451487	-0.0001945450338329419	0.0032190382317389787	0.00015413504046501024	0.0001341513262897487	0.002758725740134003	-0.011979158048964985	-0.012840653732639774	0.000896498519269145	-0.007516875968245891	-0.006774806610554647	-0.0004467312406051656
13.950000000000001	-0.00031245032250859034	-0.00026111162682620586	0.003210367861752503	4.650083316879434e-05	3.892636579754622e-05	0.0027673081820881844	0.004542348025509107	6.930641240515937e-05	-0.0024737520241143148	-0.013105624480712702	-0.011478939615038973	0.002029774198422979
13.96	-0.00019608741534657209	-0.00019715180626130125	0.0031813260073315507	-8.489943367227786e-05	-7.564022126399443e-05	0.0027904385583340215	0.017422427436167773	0.011875122919319393	-0.0022594883065689257	-0.011838798457552141	-0.010297136094997843	0.0017691403493918228
13.97	1.1349419513662638e-05	-4.187810268123957e-05	0.003185850273269669	-0.00017192525224714626	-0.0001497388512430253	0.002784869754450694	0.0228747100809461	0.01828786998915645	0.0028296522291926507	-0.005123109822655781	-0.004153002724263391	-0.002591991810391515
13.98	0.00022196149029419883	0.0001391807494543746	0.003214050190881331	-0.00017686862237467158	-0.00015175730311482835	0.002759619446821229	0.01706181250593441	0.01608741423599211	0.0019344061988577587	0.004317128801733349	0.0038729180296541692	-0.001758031144551739
13.99	0.0003200035722711238	0.0002494701001158591	0.00321622425960837	-9.255282330465061e-05	-7.827971774229863e-05	0.0027560079091254732	0.0016423997414898336	0.004973175597572055	-0.0015345923911585355	0.011812001972686045	0.010164413860536372	0.0010604811110085217
14.0	0.0002554561271817552	0.00023207116785490547	0.0031894591023013063	3.936937975390507e-05	3.476072556006463e-05	0.0027766831606790255	-0.013712635875822518	-0.008060975473957751	-0.003133318198692572	0.01336864320972156	0.011414413512935618	0.002570141241986704
14.01	7.14554915464354e-05	0.00010555687297423874	0.003175832382602296	0.0001500609260744169	0.0001284762933839343	0.002788987195853447	-0.021906971022767716	-0.01639360593826667	0.0013997279273276775	0.00798965227694872	0.006590633545190223	-0.0009787122604763769
14.020000000000001	-0.00015368268133843615	-7.460571394669316e-05	0.0032039576985931875	0.00018885433113850563	0.0001591080230188605	0.0027683261759318422	-0.02090899117432725	-0.017967035554122154	0.0029420003364275657	-0.000765561507045585	-0.000838665903344109	-0.002095951254253188
14.030000000000001	-0.00030549487944247643	-0.0002196262749679696	0.003219425771274037	0.00013415473187542289	0.00011186784026751323	0.002758322459956546	-0.007979605217477625	-0.009628183318108427	-0.00017488406547620303	-0.009689429156636046	-0.008223133592096003	0.00027035764136762393
14.040000000000001	-0.00030054727421421884	-0.0002510032295518694	0.003201644476367107	1.154754455161095e-05	8.462740760484632e-06	0.002773136353580933	0.008752140894533278	0.003487425702543808	-0.0029841786601811017	-0.013782978986826242	-0.011580039987976418	0.0023961123675359133
14.05	-0.0001506236663908359	-0.0001603917356273515	0.003176271832312036	-0.00011616410767794246	-9.835351201632185e-05	0.002793863619636174	0.019816706241490643	0.013672792107534776	-0.0008019177147306466	-0.010503219950419501	-0.0086818131511848	0.0006608509404196685
14.06	7.198935618385488e-05	5.5942743684532e-06	0.003194390066695385	-0.00018575940618144768	-0.0001537686157886418	0.002777859221639366	0.023057046672870674	0.018389402771724014	0.0032649344126645177	-0.002890269966233839	-0.0020709861500026743	-0.002835226578554639
14.07	0.00026670796534681066	0.0001738140434583123	0.0032191270455682298	-0.00016579049680741283	-0.00013483632525783455	0.0027561800092140605	0.013882310236745254	0.01357120557833441	0.0010640513329919854	0.0067826477182726655	0.005735720843379691	-0.0010560616080515937
14.08	0.000324362943840047	0.000252129076121999	0.0032117784482277078	-6.163830064433393e-05	-4.869986255441514e-05	0.002759894288227298	-0.002797816158054614	0.0014475943573172424	-0.0023860880860526565	0.013114865946433052	0.01075399913685917	0.0017245946964183575
14.09	0.0002198201695153721	0.0002033585042067771	0.003181273391045922	7.395908956450296e-05	6.199088707139005e-05	0.0027834608336273427	-0.016892053751525277	-0.010493066131286224	-0.002777764066995037	0.01268646153537361	0.010310038171641478	0.00224902333406188
14.100000000000001	1.3228155468598384e-05	6.078103023173247e-05	0.0031796450776171324	0.00017055458488751392	0.00013896185428179805	0.002785474102682676	-0.023269256976136975	-0.017252978577810066	0.002548841965640155	0.006147066714218822	0.004662336517547901	-0.001968189041886321
14.110000000000001	-0.00020850526373690143	-0.00011551551466884036	0.003209784411265104	0.00018605096268891843	0.00014865770666339396	0.0027632737088351426	-0.018775700216441225	-0.0162590450843257	0.002432824804970696	-0.0033653775251940173	-0.002929061040548388	-0.0016781363098214732
14.120000000000001	-0.0003257129520522556	-0.000233596681532903	0.003217477811673742	0.00010808083346909215	8.49636730677439e-05	0.002759223328879818	-0.003602973434847631	-0.006248927879052868	-0.0010017194859423693	-0.011518913197451032	-0.009261316804363241	0.000917422497309224
14.13	-0.00027669529440022613	-0.00023112661784513953	0.0031943144567277756	-2.50099734037337e-05	-2.1446916264830733e-05	0.00277863634514395	0.012715833933551631	0.006505240916535209	-0.0030658035322648353	-0.01390104069855527	-0.011086016966607161	0.0025364092331992554
14.14	-9.732104138712108e-05	-0.00011912325547662062	0.003177315644734485	-0.00014400116778962808	-0.00011541737950258932	0.002792978047393478	0.021894863457805287	0.015014388149392818	0.000834459032295177	-0.00892724861292089	-0.0068958338970101325	-0.0006852903558623431
14.15	0.0001336251059609215	5.104219692650723e-05	0.0032032163020968307	-0.0001932581785557768	-0.00015177922161859544	0.002771068035909142	0.02214657852194394	0.017558992074366626	0.0029988232340271907	-0.0003071192368919277	-1.855035433007337e-05	-0.0025433311984391273
14.16	0.0003025281689235783	0.00019864099278304065	0.003220125668744261	-0.00014686483678746435	-0.0001142482192670169	0.0027559859476097566	0.009951219299713618	0.010515972558327164	1.5095295216810589e-05	0.009163384770240013	0.007204452362434647	-0.00021563682803122695
14.17	0.0003154253527281465	0.00024298608071262966	0.003203407075220635	-2.5665684570786938e-05	-1.9560453532533044e-05	0.0027670114086840417	-0.007306025847480006	-0.001921580028159942	-0.003017233540719546	0.01402137836104462	0.010928708075815785	0.002209024488288795
14.180000000000001	0.00017444286258328843	0.0001679522395333343	0.003174535123635461	0.00010816851801002638	8.45683823019434e-05	0.002789590804477825	-0.019441900630612293	-0.012209972841601982	-0.0015154074502390046	0.011395498214839454	0.008843545529182815	0.0012664968455741072
14.190000000000001	-4.9080924186342524e-05	1.5004725704888229e-05	0.003188149089730479	0.00018686637425706164	0.0001442611669769231	0.0027792974278768416	-0.023758738805248706	-0.017432611673697234	0.003351599937300287	0.003879654373702511	0.002774701813479503	-0.0025603983771343933
14.200000000000001	-0.00025730245629259626	-0.00015004912186243578	0.003217102532453715	0.00017596442188630177	0.00013439507745727035	0.0027583416208542366	-0.015700899403147596	-0.01393901353139635	0.0017010075117673924	-0.006063963734062001	-0.00473880919898065	-0.0011050710557400296
14.21	-0.0003337049397567614	-0.00023786814901277341	0.003215747013156608	7.587548060740376e-05	5.7283630961094814e-05	0.0027611827553792405	0.0010751244694543278	-0.0028761176257754706	-0.0019171111607055044	-0.013078065907381385	-0.010022778899867796	0.0015948846386730504
14.22	-0.0002417244829088022	-0.00020509484335059583	0.0031871934587918926	-6.333235215370744e-05	-4.900799035480675e-05	0.0027845736354546228	0.016199048688489988	0.008871093473157612	-0.002941801652180223	-0.013433207881714202	-0.010222127167919483	0.0024293898179574827
14.23	-3.741380779100682e-05	-7.704478196367058e-05	0.003180658620765814	-0.0001686200016584904	-0.00012806357541969915	0.0027896221457295645	0.023535440553335684	0.01596924413538315	0.0020927181585447736	-0.007055757941209453	-0.0050970505135099625	-0.0018221453987500894
14.24	0.00019330867093621427	9.143766485810202e-05	0.0032089435403373943	-0.00019330110446087295	-0.00014446245610800603	0.0027655278074254705	0.020298302439611404	0.016125098218082935	0.0024273346187105873	0.002569276980857197	0.0020488640919113722	-0.002088584678837278
14.25	0.00032878132920146827	0.0002148316552934402	0.003217497103597824	-0.00012108896608515446	-8.955889796574844e-05	0.002756884609337539	0.005514290916078914	0.0073628341042781915	-0.0008849393492494274	0.011260063383578241	0.008462449214445064	0.0004966957172681007
14.260000000000002	0.00029614744327392524	0.00022711897261128475	0.0031946185219052683	1.296911228701478e-05	1.0583677924137213e-05	0.002773337060267188	-0.011506333563074919	-0.004853513267304673	-0.0031607738056474073	0.014369068563339105	0.010712966283438458	0.002442172814325388
14.270000000000001	0.00012317742209606703	0.00013050043706669626	0.003173582798475143	0.0001393687231254099	0.00010433958680010742	0.0027906406794224897	-0.021710122476334696	-0.013593086956640887	0.00023187818376640046	0.009792563365390998	0.007129945476175321	-0.0001242171122912027
14.280000000000001	-0.00011199132734684724	-2.8459709745953256e-05	0.0031982445609959925	0.00019756081332140957	0.00014488422864386926	0.0027719219424045646	-0.023317678777244	-0.01690821144517451	0.0033392157828572287	0.0012463337281921872	0.0006559654570281904	-0.0024722524904450304
14.290000000000001	-0.0002975927342507832	-0.00017634050147563918	0.003220356815797936	0.00015880597714913709	0.00011496337079868362	0.002756241732953797	-0.01195248064119398	-0.011220129284262238	0.0006193838032808425	-0.008658042121448486	-0.006423128037717533	-0.000328504872492587
14.3	-0.0003301492202830766	-0.00023269004967275516	0.0032087198709699477	3.936420819441589e-05	2.7277254825031786e-05	0.0027663020923041695	0.005595617094056603	0.00037739524941668917	-0.002689466744175633	-0.014205496545798614	-0.010371663068754254	0.0021599315673299707
14.31	-0.00020036759418707204	-0.00017319640214179236	0.0031794200047941205	-0.00010050078134477144	-7.450591075770148e-05	0.0027899642057102395	0.018934652912968784	0.01073419358926559	-0.002029748084916829	-0.012337395970887266	-0.008936730053299773	0.0016311219780325956
14.32	2.290066693651379e-05	-3.363581096046974e-05	0.0031870106477401502	-0.00018880145120683318	-0.00013685295040964928	0.0027829665778558586	0.024368034924312828	0.016365038399369668	0.002979483683044776	-0.004848408964593147	-0.0032493852213223823	-0.0025417724952835033
14.33	0.00024403282310152225	0.00012663644513862568	0.003214627092767922	-0.00018684640967347964	-0.00013346874361386276	0.0027596587335525185	0.0175676576175896	0.014067226266141054	0.001743457924820981	0.005369772069774018	0.003972386883899892	-0.0014859681508889288
14.34	0.0003410372012085457	0.0002217740702012534	0.003214512263312629	-9.035648006558785e-05	-6.398224759988424e-05	0.002758415432632795	0.0009932765032255328	0.004130711732627127	-0.0017298150272056676	0.013068219603268552	0.009356966686769323	0.0012570273265591135
14.350000000000001	0.0002659127848312187	0.00020393301145851196	0.0031869966107046462	5.244188032731173e-05	3.806904151872983e-05	0.0027798190151017504	-0.01505301955464247	-0.007289680356732629	-0.0030203431732649783	0.014147329123081538	0.010112959630610534	0.0024562733191101607
14.360000000000001	6.731381807528839e-05	9.113519877703444e-05	0.0031768134597347166	0.0001665397134210909	0.00011890526556628928	0.002788838290286442	-0.023493144076877002	-0.014566751197112548	0.0017926165089386461	0.007973124701181233	0.005478256527709527	-0.0013728790560914505
14.370000000000001	-0.00017125993255100597	-6.850418322722347e-05	0.003206580881459394	0.00020143545992290596	0.0001412509823085518	0.0027663113213476334	-0.021857874628616082	-0.015843856969554485	0.0029055639213681574	-0.0015525770472415014	-0.0012994146487237345	-0.002125546082039189
14.38	-0.00032723148821011376	-0.00019551574839517371	0.003220696430681012	0.00013621708969854034	9.408855326778663e-05	0.002756816935474199	-0.007822887771083394	-0.008340497086742244	-0.0003308856021539179	-0.010900463360537734	-0.007719607001145133	0.00036319588272600554
14.39	-0.0003150134856364567	-0.00022135811873733177	0.003201180901358509	1.896102860597304e-06	-1.1096037746083063e-07	0.0027724448142370556	0.009901250485980393	0.003285455688120702	-0.003120318965180137	-0.014819678126841915	-0.01030917524532003	0.002476594980848553
14.4	-0.0001512102737834136	-0.0001398319574297745	0.003175715088122349	-0.00013297153202170987	-9.324816476429636e-05	0.002792694577747824	0.02139492635459009	0.012179788226735083	-0.0006439673889511693	-0.010843821336890894	-0.007386855390413525	0.00044693668409189765
14.41	8.703113785868405e-05	7.675299024210073e-06	0.0031943078232078382	-0.0002021494372317332	-0.00013840989053826066	0.002776251060168997	0.024367795189898806	0.0162350253546184	0.003131421844087926	-0.0024250703087265605	-0.0013636551988637322	-0.002634457218122549
14.42	0.0002897354867718455	0.00015507416927068484	0.003217044159882293	-0.00017365268885723335	-0.0001165573939921312	0.002757354683116836	0.014102520568062256	0.011777347688649872	0.0008739369448089665	0.0079355417483347	0.005538426598568284	-0.000729721055803769
14.430000000000001	0.0003436008765568427	0.00022197157588327556	0.0032084648805533337	-5.731296946646517e-05	-3.663359673787408e-05	0.0027638484029189553	-0.003710495085056655	0.0010636192781228527	-0.0024179775576319913	0.014352758822271565	0.009757531883223343	0.0019141299329935109
14.440000000000001	0.00022705937384800566	0.00017745305504762824	0.003179649307705949	8.831183343236915e-05	6.18534628515319e-05	0.002787174509382116	-0.018256321576493647	-0.0093225763327839	-0.0023210608334142844	0.013341115631281831	0.008954053470040732	0.0019429305855234746
14.450000000000001	5.63958637718784e-06	5.124407017804469e-05	0.0031835499409266195	0.0001876051243473134	0.0001267349345053299	0.0027845072735211804	-0.024791749036365107	-0.015239540274413294	0.0029378823200222814	0.00603864325772275	0.0037067607483857153	-0.002348292822625109
14.46	-0.00022771214009569902	-0.00010354436636812937	0.003214246695515838	0.0001976212396505083	0.00013017895026569203	0.00276051212973134	-0.019469818285184643	-0.014179663183864615	0.0022425843228424686	-0.004319071912604656	-0.0031118199800471325	-0.0016719756578661299
14.47	-0.0003464454342080235	-0.00020558495256546753	0.003219085952646699	0.00010808278389215995	6.937616614087692e-05	0.002757288235136027	-0.0032022517024321746	-0.005284061281091339	-0.001345181390496887	-0.012806278195710083	-0.00852718036446135	0.0010664230046790743
14.48	-0.0002888919484366835	-0.00020163624378494697	0.003192662625903127	-3.6949595135871406e-05	-2.6541158730192163e-05	0.002778264208278726	0.013893294046388987	0.005867657290597062	-0.00327232576013618	-0.01488253193104793	-0.009792340154718563	0.0026534120210063893
14.49	-9.600169121284384e-05	-0.00010203699322250139	0.0031758607219213803	-0.0001613244491138219	-0.00010785519513742892	0.0027921085130017923	0.023402777764087637	0.013303743039224668	0.001003151669888501	-0.00909942556758689	-0.005796073634498947	-0.0008778146790659223
14.5	0.0001493430468736187	4.823521613690378e-05	0.00320213644380955	-0.00020790969422370664	-0.00013570499882601417	0.002770060196634925	0.023318943352710852	0.015418016251970344	0.0029228486602011507	0.0004172681151481685	0.0005245755342791774	-0.002389030332874627
14.510000000000002	0.0003246613097261691	0.00017667059318856668	0.003218357734952373	-0.00015172868787623043	-9.708326757632703e-05	0.002756963188833037	0.010009558990606137	0.00901069874763399	-2.5028085949928373e-05	0.010315414126882427	0.0068707552021794694	-2.6687469992091107e-06
14.520000000000001	0.00033286949222994275	0.00021323192426445407	0.003201824457545138	-1.8912873898354453e-05	-1.0030486141611112e-05	0.002769661837742584	-0.008237920821726667	-0.0019348029048575897	-0.002913664916154355	0.015086477257356703	0.009807670424193799	0.002313091147694537
14.530000000000001	0.00017936352949998648	0.00014541167204073957	0.003175516745773586	0.00012266508023725574	8.159755781518816e-05	0.002791414601044991	-0.02094434723170879	-0.010869080184230252	-0.001081302579658743	0.011824787954337277	0.007570114550934871	0.0009890238770440462
14.540000000000001	-5.9621538552097385e-05	9.621601822988957e-06	0.00319224193613024	0.00020240775759939274	0.00013064518202549278	0.0027785897643557707	-0.025181535219517954	-0.015400529165412244	0.0033411641859280583	0.0035769812355347613	0.001965942054643691	-0.0026378181367446266
14.55	-0.0002776430666763757	-0.0001349210088144009	0.0032189100532437525	0.00018441193080191663	0.00011666119248873257	0.0027576717115488864	-0.01619397597492262	-0.012056275440475748	0.0013355066072101626	-0.007107301280543872	-0.004683615006286104	-0.0010616893634986591
14.56	-0.0003531660325877418	-0.00020929219276672777	0.003214077104947323	7.28563007779299e-05	4.4585047653766696e-05	0.0027608771563843444	0.0016830955481833723	-0.0022095102552528154	-0.002217499294247037	-0.014234248682259592	-0.009108115729855865	0.00168361222354148
14.57	-0.0002514192726826363	-0.00017767212229487857	0.003184017923582245	-7.617677077806111e-05	-5.0232541150960634e-05	0.0027842981705041756	0.017426272552555116	0.008038105568461454	-0.0028588275442517092	-0.014105879040730815	-0.008954245742290572	0.0023146978662449977
14.58	-3.3262666874065465e-05	-6.353586853532315e-05	0.0031800353173533687	-0.00018476023687162367	-0.00011793184486963676	0.002787222669377977	0.025002592994683933	0.014171850903142246	0.002327602611490519	-0.007044340778722229	-0.004189750008011939	-0.0019475198661365967
14.59	0.0002097679950757691	8.50628149387637e-05	0.003208940211949262	-0.0002054577544212433	-0.00012838692637304267	0.0027638722664868392	0.021124682829547905	0.014074128350180962	0.0024004856710485942	0.0033030377140394157	0.0022761602332152363	-0.001844240334450918
14.600000000000001	0.0003484655579387039	0.00019106915426176532	0.0032171370312386524	-0.00012338748736516917	-7.553350045449226e-05	0.002758103519475555	0.005299229864559915	0.006144472276470146	-0.0008954831272842921	0.01239348261260545	0.007829178171457474	0.0007668121703617932
14.610000000000001	0.0003088933117464685	0.00019856390540127434	0.0031944328879877346	2.1433064524332776e-05	1.5354271999430038e-05	0.002776573776776164	-0.012575647185126578	-0.0045688091237239435	-0.0030607575705041226	0.015276539239598973	0.009551872940613784	0.0025218156960852387
14.620000000000001	0.0001232885346209819	0.00011129620285654042	0.0031759590717659143	0.00015393441962507532	9.728034270922682e-05	0.002792195909896677	-0.023143079976757634	-0.01215352716936247	0.0005843551286407701	0.010108088869339315	0.006080828763166295	-0.00046779210355328354
14.63	-0.0001257307873484596	-2.997820835910259e-05	0.003201405099767917	0.00021135545531562796	0.0001302041454845266	0.0027712807102053083	-0.024445880669820938	-0.014906178694781863	0.0031095631416255772	0.0007473293570176567	0.00022080093829875927	-0.0025375668921423585
14.64	-0.0003179144220263412	-0.0001587783984521647	0.003220668780651235	0.00016469347839399246	9.971108368303363e-05	0.0027555983544958686	-0.01208176066278472	-0.009584894566451715	0.0002892370590342231	-0.009661035058617266	-0.006065670463512015	-0.0003142754584972949
14.65	-0.0003461462313963589	-0.00020479075245784673	0.0032061358631852908	3.453162223180219e-05	1.9319521466493693e-05	0.0027659082236020285	0.006511358599716625	0.00073566247213898	-0.002886700652891428	-0.015250194223301428	-0.009318244911605973	0.002194696793400222
14.66	-0.0002043410811743932	-0.0001491898007301044	0.0031770957764999494	-0.0001132758327623168	-7.036267613219018e-05	0.0027891123946028754	0.020354214430928302	0.009692145665083607	-0.0017434655267524065	-0.012805957174253814	-0.007696193455798426	0.0014684147484665326
14.67	3.3769178951689914e-05	-2.4737416817088935e-05	0.0031877121857199894	-0.00020302998619432404	-0.00012237528003018497	0.002780827925242966	0.025740239631161524	0.014476411171714465	0.003110997135489341	-0.004626535059150392	-0.0024753791399328207	-0.0024717252377798897
14.680000000000001	0.0002645475343491473	0.00011550850937947447	0.003215320964417437	-0.00019539194693089538	-0.00011525008177799012	0.0027596438207762057	0.018046241475540466	0.012178355161839008	0.0016502430828737899	0.006201105297987479	0.003902700714775321	-0.0011817230313090027
14.690000000000001	0.0003605041288575441	0.00019639973982861446	0.003214280881780269	-8.939964028525063e-05	-5.073399390689105e-05	0.0027613939719706515	0.00033121056592212814	0.0032755586612905805	-0.0018199302120871742	0.014056747917305677	0.008421864216218712	0.0015025189614045885
14.700000000000001	0.0002746810603312686	0.00017738875381832545	0.003186389663501749	6.206763466765322e-05	3.948587400321339e-05	0.002784179768250103	-0.01640278015632399	-0.006693107683935632	-0.0029149610525248323	0.014789164638877295	0.00874036560955229	0.0024483041304786115
14.71	6.167754660909766e-05	7.61967692008937e-05	0.0031790330549911483	0.00017963319903517428	0.00010763697258934487	0.0027905441846562346	-0.025002912888802818	-0.012936211045921688	0.0020681364655281914	0.00805110430937046	0.004426135074180939	-0.0017330150123322193
14.72	-0.00018948183574372113	-6.416626459407435e-05	0.0032091503711921972	0.0002117390796070086	0.0001231440717624273	0.002765787942624435	-0.02268946240052827	-0.013783873376943789	0.0027606691504085275	-0.002151490127540041	-0.0015579985513824717	-0.0022280719164102106
14.73	-0.0003477467003080749	-0.0001730030614830185	0.00322070242514264	0.00013823072528887064	7.850555053600418e-05	0.002755393052414964	-0.007442190265538493	-0.006941406919307745	-0.000669876545764016	-0.011892427227451546	-0.0069908648001107375	0.00034108174310962925
14.74	-0.0003271167493733049	-0.00019185669046501778	0.003198464615552019	-5.7381621793371145e-06	-5.21038974857425e-06	0.0027712127176694893	0.011140566045823067	0.0032302627355055833	-0.003284504655604954	-0.015633642753698204	-0.009038998760566063	0.0025110443471318853
14.75	-0.00014969380691511082	-0.00011782354284371697	0.0031741241714007273	-0.0001458740599121136	-8.561931649366882e-05	0.0027908813098506667	0.022830329025437596	0.010870162382508562	-0.0002794789968832827	-0.011085352467689087	-0.0062175407323904	0.0002454839008513836
14.760000000000002	0.00010221510282489467	1.2248184900947288e-05	0.0031949145651720633	-0.00021418691623587677	-0.00012199978554872514	0.002774284554706795	0.025481110162544944	0.014132336674750324	0.003145269712176252	-0.0019530396044516246	-0.000811764486609454	-0.002417325030481593
14.770000000000001	0.0003105948952551637	0.00013911209441752056	0.0032170655129599916	-0.00017819331169132438	-9.905464377921667e-05	0.0027582514744033384	0.014090126968335944	0.0099704307105405	0.000772857272500687	0.008849811592990323	0.005190907048143359	-0.00043731962026492973
14.780000000000001	0.00035901644059962604	0.0001935442397892532	0.003207799006054508	-5.2363161661596687e-05	-2.6992321882676158e-05	0.0027669957690949483	-0.0047170047430344945	0.0005109801010831277	-0.002426020956427896	0.015225709802660761	0.008607678752617413	0.0020438252599201063
14.790000000000001	0.00022969907843987345	0.00015116094571806068	0.0031802370367658476	9.935637506959947e-05	5.826613449707004e-05	0.002790413019185728	-0.019677019261793556	-0.008404825546970352	-0.0020201901834853374	0.013608495750028891	0.007572308626926077	0.0017612070558440324
14.8	-6.29224434238712e-06	3.872825212034305e-05	0.0031872066278193713	0.00019857755095833144	0.00011180632742420841	0.0027847142699183687	-0.026163719689304036	-0.013466582973923613	0.0030352736859035573	0.005750892505188128	0.0028775123190981195	-0.0025584468874799565
14.81	-0.000248597137007221	-9.623151155112845e-05	0.003216071148300938	0.00020277391054480506	0.0001110335942371991	0.0027598315757918317	-0.019817451250721943	-0.01217448010298449	0.0018816039236793963	-0.005110364958814583	-0.0030692651340243956	-0.0017286815273900016
14.82	-0.0003645862560580327	-0.00018186525309831566	0.00321687627199948	0.00010478877179428064	5.531855164013128e-05	0.002756540335848708	-0.0023482036820632922	-0.004172788455088848	-0.0017150329088175286	-0.013632273995947969	-0.007583024481104488	0.001123098030319918
14.83	-0.00029523219301213745	-0.0001739939357624381	0.003188420515172743	-4.6918109098570876e-05	-2.8226998381033645e-05	0.0027775549322882655	0.015299685430870189	0.005492813643052248	-0.003265893139072198	-0.01531836291385039	-0.00834521689438139	0.0025767599325144195
14.84	-8.790374883851033e-05	-8.410976403824302e-05	0.003174429511647774	-0.00017261726739762544	-9.585584848576423e-05	0.0027892540744482858	0.024847551402682685	0.011858561790410022	0.0014484712721848708	-0.008967110445588603	-0.0046949853081592816	-0.0010852245434718297
14.850000000000001	0.00016874514933470528	4.8216589318474886e-05	0.0032031395463901443	-0.00021520136652573935	-0.00011633123059011507	0.0027680230804695005	0.023972597029577398	0.013381902990356126	0.0030071512524444846	0.0010811137132868654	0.0008170706082420717	-0.0021030425405948513
14.860000000000001	0.00034445567122428267	0.00015798798091313525	0.0032193723448596216	-0.0001506935615720611	-8.002271194824958e-05	0.0027578498672581673	0.009465077933097105	0.007499890849708122	-7.867514375168684e-05	0.011229501648378298	0.00614897790284411	0.0002521217765204279
14.870000000000001	0.0003426649030436326	0.000185403455301137	0.0032024058812620895	-9.683277223762946e-06	-3.34133091180785e-06	0.0027724530983017346	-0.009566414629707353	-0.002160160845045069	-0.002943692575120261	0.015742925221801034	0.008542173341256103	0.002391279378286418
14.88	0.00017550929242233539	0.00012223589816995526	0.0031772731356548897	0.0001353064401482442	7.489636142672566e-05	0.0027930138629573796	-0.022326146442201704	-0.009810516498985806	-0.0007983330633595692	0.011815254252187225	0.006303275789273676	0.0006252341496114439
14.89	-7.652940744707303e-05	1.5735860652544421e-06	0.003194783234407497	0.00021205912250278573	0.00011409296840903785	0.002777531963905202	-0.02620085059103301	-0.013489960826682851	0.0031287778008596574	0.002949607355035767	0.001303659797875175	-0.002707628277337922
14.9	-0.00029901536457412514	-0.00012304631157879144	0.003217898766653381	0.00018604300849707592	9.787952725441308e-05	0.002756958490176375	-0.016035200882692165	-0.010193514313891153	0.0009064429334714429	-0.007978835857176554	-0.004417204358407042	-0.0009522327625731501
14.91	-0.0003678427815271335	-0.00018372141664483457	0.003209623171138504	6.608555820423524e-05	3.2856719562361036e-05	0.0027612164054851658	0.0027868117588096763	-0.0014352928720960123	-0.002390795821665003	-0.01497472586810203	-0.008021414823568421	0.0017382842404070368
14.92	-0.0002530480050972546	-0.00015178679288585983	0.0031803928461710306	-8.778288235814528e-05	-4.854148158692748e-05	0.0027843908091098957	0.018817439928805222	0.007335584587619373	-0.002490592100488166	-0.014273190059119905	-0.007471421079919603	0.0021353379628914746
14.930000000000001	-2.1034471207971234e-05	-4.994133714951308e-05	0.003181637438982553	-0.00019500242685678416	-0.00010319648439109853	0.00278490971426944	0.026300971879790237	0.012481640585322156	0.0027577678861965206	-0.00665838957570065	-0.0031820869840556666	-0.002054473522496346
14.940000000000001	0.00023038473494528804	7.896539284691459e-05	0.0032122166924133935	-0.00020893536554769887	-0.00010800509221452126	0.0027626799821674018	0.021426125298179048	0.012012575137175711	0.002346761362593824	0.004179146030741066	0.002371244918688303	-0.0016160557673024255
14.950000000000001	0.0003661284250172854	0.00016754426522273962	0.003218495471614998	-0.00011784448401177903	-5.9540276741184076e-05	0.0027592707760147	0.004466300815816985	0.004875873754933837	-0.0011905051107393486	0.013225871477683407	0.006899327390742434	0.000989345944880252
14.96	0.00031502869608380786	0.0001693850160195626	0.0031934067300147455	3.326175676020768e-05	1.8507936067902784e-05	0.0027792241089954046	-0.01392496420077428	-0.0043809312513499055	-0.0032194110429831684	0.01562697991491101	0.008011334249934941	0.0025680094334996875
14.97	0.00011600078613625565	9.08373113148557e-05	0.0031758569583426213	0.0001653863239545089	8.558384594093127e-05	0.002792945683165062	-0.024475989611936273	-0.010725815434451075	0.0008688539788485127	0.009741932544100565	0.004808458655500976	-0.0008423412352269625
14.98	-0.00014391440467144282	-3.1960737032899344e-05	0.003202403764837999	0.00021700856878885175	0.00010962420512910995	0.002769610318147713	-0.025096445382838912	-0.012771938878376712	0.003051728676780895	-5.9305305097732806e-05	-0.00023836925665405458	-0.002658490848450662
14.99	-0.0003369366919959663	-0.00014061933547629012	0.003219930628491848	0.000161791716460234	8.02952889016703e-05	0.002753689725645892	-0.011607474838967772	-0.007917935803088569	0.0001119091910073139	-0.010519459453303293	-0.005378136399926709	-0.0002742941051565649
