0.0	1.2952199968136311e-11	2.1600276833206784e-11	0.003224804921474178	7.276044657775807e-11	3.875978664029488e-11	0.002742747089364989	5.180879987254524e-07	8.640110733282714e-07	-1.5237379210709396e-06	2.910417863110323e-06	1.550391465611795e-06	-6.719228601570667e-07
0.01	-9.12594603775612e-08	-1.0367302337531949e-07	0.0032247711902920672	1.1364987139569201e-07	1.9401919261534648e-07	0.002742717369460212	-7.2250878322210015e-06	-1.1378634076644614e-05	7.129374473574514e-07	1.4906913789091884e-05	2.4052420477753062e-05	-3.1164118479166495e-06
0.02	-1.3037494146650557e-07	-2.8472795745281543e-07	0.00322478142571378	1.8038798168823534e-07	3.3172934858935233e-07	0.002742827258453699	8.202309672601486e-06	-2.2075564940903945e-05	8.6661683618103e-06	2.315710716936737e-05	-7.504259412855188e-06	2.7379037908232475e-06
0.030000000000000002	1.1433409655693995e-08	-2.5991561685629255e-07	0.003224750344237551	5.372836557031553e-07	3.556011161467202e-07	0.0027426031450379965	6.187624552993704e-06	1.245013736270737e-05	-2.8024131448381397e-05	4.468215833536394e-05	3.4934067815549085e-06	-3.313071973755669e-05
0.04	-1.9619632245043645e-07	3.9698294231718836e-10	0.003224303237947405	1.0706633019850135e-06	3.6427678332729767e-07	0.0027420616139393755	-3.437043739647616e-05	4.611019693533187e-05	-2.4188761319650977e-05	4.1818237804164054e-05	-3.250677255092491e-06	-6.772182724105585e-05
0.05	-5.326804379813607e-07	4.462769893734551e-07	0.0032241873997166286	1.3731854552749373e-06	1.8431722529731708e-07	0.0027417533593856666	-3.232294961711427e-05	3.5162635930517806e-05	1.9593046103943363e-05	-2.983582952985314e-06	-2.128917575945944e-05	9.864509228215245e-06
0.060000000000000005	-6.621852490580342e-07	6.804824020699649e-07	0.0032241510448301376	1.1590882752695009e-06	3.41070249712891e-09	0.002742296652769377	-1.1696343052113876e-05	3.0507632315863253e-06	-1.3040414357997004e-05	-6.60042958582293e-05	-3.574573833333383e-05	7.798282121343756e-05
0.07	-8.699541049819396e-07	7.378012108113657e-07	0.0032246623280136246	4.1337476427443256e-07	-1.8309224831151538e-07	0.0027429119875636673	5.374336946950027e-06	-1.133778839765266e-05	9.062939609876047e-05	-5.798297083315809e-05	-4.0371557773821305e-06	1.8993186626995097e-05
0.08	-6.42254965387056e-07	3.9238356091615514e-07	0.0032254278246550278	-2.895158810455843e-07	-3.533170035899364e-07	0.0027431222176069856	4.380403659672138e-05	-8.187375968059875e-05	5.0376567057177974e-05	-7.413012504865442e-05	-1.2113679913065464e-05	1.5647931034573613e-05
0.09000000000000001	-2.8934894875347293e-08	-5.546867338565194e-07	0.0032255209970276995	-1.0177730473575252e-06	-2.8303291953852535e-07	0.0027431763119587452	7.614338760037274e-05	-8.323670451607001e-05	-3.4981516956785054e-05	-6.133186203781378e-05	6.674795916877365e-06	1.5918637471866165e-07
0.1	7.278224047319271e-07	-1.2513040733539525e-06	0.0032249742840858675	-1.3924343433008807e-06	-2.921835344310108e-07	0.0027431457316036824	8.813529916481907e-05	-4.646686384843904e-05	-6.790422819940609e-05	-2.806162871169933e-06	-6.5294188208947275e-06	-2.1823370967359524e-06
0.11	1.5593520185255497e-06	-1.156185471687957e-06	0.0032242347060276767	-1.1288568561285628e-06	-4.6972260643056694e-07	0.002742937291840067	7.915596342104116e-05	4.9229156703859144e-05	-6.60509000964605e-05	3.5466852193844235e-05	-1.3883467649393821e-05	-3.928406008791408e-05
0.12000000000000001	1.9056394931016664e-06	-4.627499328548856e-07	0.0032238950493583226	-4.788579473346267e-07	-5.279950566194412e-07	0.0027421248331925595	-3.895513991081619e-08	9.090068940025811e-05	2.0640345031114528e-05	8.573823923984668e-05	-7.320550720340011e-06	-6.608468343630695e-05
0.13	1.2251945576022923e-06	3.364948990736962e-07	0.0032242947607966617	4.4490648193759503e-07	-4.902381892601919e-07	0.002741697674440373	-9.849397952355693e-05	6.055730770267879e-05	5.6907927740684076e-05	9.434245677415225e-05	6.554509153654387e-06	-6.833905450348876e-06
0.14	7.766891801377874e-08	7.463607488492363e-07	0.003225102115408974	1.1615804898973449e-06	-1.9569787445989265e-07	0.002742129186342787	-0.00012094102750451774	1.4948467734975065e-05	7.969629868462134e-05	5.3596005582896856e-05	2.2086474718239146e-05	7.639037668851764e-05
0.15	-1.203996544238191e-06	5.435625986365979e-07	0.00322563243465666	1.494157447620369e-06	1.1593168896390323e-07	0.0027431974480333046	-0.0001261818153668019	-4.692601991312455e-05	1.0125286359274594e-05	5.688184130596555e-06	5.62301825521885e-05	0.00011096131096478491
0.16	-2.0641224206288803e-06	3.0791102392953725e-08	0.0032254362872195202	1.3580401680749037e-06	6.110874299586362e-07	0.0027442589429405068	-7.404174772573967e-05	-6.346518833932969e-05	-4.257464049547898e-05	-3.032207483842699e-05	2.275114072404768e-05	9.384601101714402e-05
0.17	-2.4540201013644983e-06	-3.690657274553566e-07	0.003224961206384511	7.422770217654951e-07	8.274835516870523e-07	0.002744433266401714	1.1385452754388973e-05	-2.0512468174499005e-05	-5.9714825180918155e-05	-7.764208442832792e-05	-7.108553297993508e-06	-3.843085661101814e-05
0.18000000000000002	-1.988484340355155e-06	-5.370196863472102e-07	0.0032245783242951186	-3.0338376213474277e-07	5.610617326866558e-07	0.0027436333713536046	7.731753148910925e-05	-1.0710757786619383e-05	-8.499262638293957e-06	-0.00011358019068524526	-6.532430025738916e-05	-0.00012511825461759558
0.19	-6.122771546422457e-07	-3.7299955581489354e-07	0.003224561268362171	-1.3359017396652127e-06	-3.8123636463981056e-07	0.0027423062590341296	0.00018379193919767424	4.3698541769431455e-05	6.822785267782166e-06	-9.559380414910637e-05	-9.810045372339119e-05	-0.00013770631387672263
0.2	1.3759952117663538e-06	1.0577920996965956e-07	0.0032246204136606362	-1.8589240292249405e-06	-1.0778938076429024e-06	0.0027412196516024617	0.0002005359816137168	4.286422861989114e-05	-1.2628871526118619e-05	-1.0582785122746428e-05	-4.144050113999671e-05	-6.959003329230953e-05
0.21000000000000002	3.2893968306939067e-06	5.645532451395719e-07	0.0032242477758789357	-1.4685859301076822e-06	-1.103032417248768e-06	0.0027411502029240707	0.00014776790954927832	2.0731919454282563e-05	-4.0366406039725523e-05	7.977988134591978e-05	1.9990247701320745e-05	1.9616788935495495e-05
0.22	3.902446828252597e-06	8.012306079785589e-07	0.0032239877378269924	-2.670504444509314e-07	-7.428348142332757e-07	0.002742016907888078	-2.552369727168198e-05	4.618086827034809e-06	-1.3780565726920487e-07	0.00015420981621506913	2.7621514557667486e-05	0.00010512871118082328
0.23	2.8835789744067884e-06	8.003158382961252e-07	0.0032240831030029694	1.1698336383814933e-06	-4.1695865112543613e-07	0.0027430145716958814	-0.00017380355983453056	-9.604819953389684e-06	3.07135578407593e-05	0.00010747915895394642	2.621554765401379e-05	8.583892988393827e-05
0.24000000000000002	6.034611064431749e-07	5.514592552378747e-07	0.003224773364335459	1.7394974345506913e-06	1.5093971740038168e-07	0.002743630440399703	-0.00026838892166849613	-7.819978133121781e-05	0.00013071973007124386	3.0033545982495534e-05	7.26599108726212e-05	1.7349274673387946e-05
0.25	-1.965971125354298e-06	-4.584457945643269e-07	0.0032261565882840096	1.5904965442071237e-06	9.772665901305277e-07	0.0027436247132634735	-0.00021772469240646393	-0.00010976213102650534	0.0001301562571967338	-6.341380841292095e-05	9.340695424280013e-05	-2.2231126633202003e-05
0.26	-3.477993650483041e-06	-1.6895141954320747e-06	0.0032267605278844397	5.00492403271036e-07	1.7730641951953206e-06	0.0027433858725041454	-6.654193449106416e-05	-0.00014122319012451742	-1.1710891317512902e-06	-0.00014371255209575347	5.368884661257566e-05	-2.2696356226694743e-05
0.27	-3.2023312606968436e-06	-2.6854328163263014e-06	0.003226175763820211	-1.1266946251071999e-06	1.8943717868703062e-06	0.0027431252092028286	0.00011477021324535944	-5.9349266844781945e-05	-0.00011729219023468175	-0.00019072367245258294	-3.2557767061925134e-05	-2.426892140022192e-05
0.28	-1.521416893050315e-06	-2.635365266258475e-06	0.003224620806755765	-2.559717833335621e-06	7.546208630395561e-07	0.002742895031474615	0.00023502492745605747	5.306957833460635e-05	-0.00018371153731350516	-8.907881191022157e-05	-0.0001629631083412709	-1.503316841880849e-05
0.29000000000000004	1.2227522968413334e-06	-1.568580465518599e-06	0.0032232177835770206	-2.67507838877661e-06	-7.469605212592956e-07	0.002742920012262026	0.0002600362924902845	0.0001453916491547864	-9.971928320204268e-05	6.936013465821154e-05	-0.00012846701603986258	1.2757513865194516e-05
0.3	3.462954592418429e-06	1.3118737370936963e-07	0.003223144088411063	-1.4493088558151952e-06	-1.66499145344316e-06	0.0027428843384850444	0.00017832509437955372	0.0001859331319223427	0.0001050095315154143	0.0001830218175869262	-3.985896929733096e-05	-4.925177261538729e-05
0.31	4.549431270122416e-06	1.7323017579634553e-06	0.003224697478488957	3.8727924729299175e-07	-1.6497022820219696e-06	0.0027422693410027376	2.2757478145481697e-05	0.00014885671827741733	0.0001653367069123141	0.00015717219925652035	4.472636326057935e-05	-5.8884285827439015e-05
0.32	3.668677140539974e-06	2.458546656066194e-06	0.0032261436120188504	1.6307628088193666e-06	-8.601460614553366e-07	0.0027421529962631313	-0.00018864200104911597	1.1077020026114189e-05	0.00012088924072652449	9.804712306072817e-05	9.391944107760407e-05	4.458739927811869e-05
0.33	9.91445718744933e-07	2.301219254567509e-06	0.003226638711668395	2.0779319400242187e-06	1.3807626106941604e-07	0.002742791499902012	-0.0003165916155454335	-7.144979647582747e-05	-2.744410834822697e-05	-1.0280413271174882e-05	8.568383458082647e-05	8.571904796900267e-05
0.34	-2.086342853119414e-06	1.1301131657076848e-06	0.0032258138947675475	1.3402463081709528e-06	9.870444451813953e-07	0.0027438051640280127	-0.0002787901539799442	-0.00018530372278563763	-0.00012190886604378954	-0.00013758690003878347	8.254939112289918e-05	0.0001064997245702517
0.35000000000000003	-4.305950529407968e-06	-8.996279291084837e-07	0.003224414529364865	-2.369787112176494e-07	1.669356750020156e-06	0.00274457157597994	-0.00014378197886504005	-0.00016311225725486832	-0.00012925331476888366	-0.00016002368301377113	3.050280944504161e-05	5.0198807828040196e-05
0.36000000000000004	-4.6848292307979025e-06	-2.2296517064933814e-06	0.0032238112970689988	-1.5027212166314935e-06	1.5302459127085669e-06	0.0027442417722815153	7.122725443312789e-05	-8.699068355382088e-05	2.38723539460411e-06	-9.281100281247123e-05	-8.542824181865658e-05	-0.00010362270091879985
0.37	-2.8743112038325286e-06	-2.484611452002324e-06	0.0032244886884979242	-1.986849694454914e-06	4.777805563950909e-07	0.002742650331115023	0.00027163719761700796	1.6296706673433158e-05	8.792917259473145e-05	-4.717588071122861e-06	-0.00010984827171663859	-0.00019855628624484644
0.38	2.9629880107656026e-07	-1.6300648822953013e-06	0.003225444088890962	-1.5282397342734919e-06	-9.521092209009885e-07	0.0027409730001591043	0.0003565234639464605	0.0001005716967158081	3.0020613989773504e-05	9.798350304964133e-05	-0.0001267410727250714	-9.880942345030924e-05
0.39	3.5158465505210646e-06	-3.0271582427287774e-07	0.0032251456978077946	-2.002496797387335e-07	-1.8538762133811629e-06	0.002740752392149396	0.00026897831998067896	0.00015141244068772128	-5.7766281217149755e-05	0.000133628777966181	-4.128630597515873e-05	5.167766236113538e-05
0.4	5.0042367688240655e-06	1.2729848923171636e-06	0.0032244186720108217	1.262607884864274e-06	-1.613272755747266e-06	0.0027421072114292263	4.21986129382303e-05	0.0001682661834397762	-7.217393248191856e-05	0.00013312103074310513	6.95925039980475e-05	0.00017601037077065427
0.41000000000000003	4.465879350990719e-06	2.652108545560922e-06	0.003223945322932265	2.4813925013565258e-06	-4.916801214495998e-07	0.002743991619310793	-0.00016157305572346619	8.560425674106931e-05	-1.2882564690456948e-05	8.507579218166022e-05	0.00013711110476293103	0.00017099224229124853
0.42000000000000004	1.7964005631114163e-06	2.8000837395006647e-06	0.0032244967453663362	2.657870284711768e-06	9.887447114466164e-07	0.002745037285190965	-0.00035095733865609004	-4.1086251949365037e-05	0.00014009230106891483	-4.8617148799585947e-05	0.00016471347776057633	5.2833419329455e-05
0.43	-1.7063500421696638e-06	1.7106136259590481e-06	0.0032258313290250465	1.5932206193304885e-06	2.4530231399913913e-06	0.0027447988913315052	-0.000322221273460491	-0.00016967585159592116	0.00011204413612107097	-0.00016198483734850266	0.00011252350025127092	-9.734422377599775e-05
0.44	-4.52788533726836e-06	-2.616194339765382e-07	0.0032265629515767086	-3.443862477456111e-07	3.037343955039053e-06	0.002743247642096837	-0.0001915525787917164	-0.00022210693581895568	3.4288818915916393e-06	-0.00020571174994056808	-1.592751941187123e-05	-0.00018576602770986633
0.45	-5.4410159860081114e-06	-2.5507901028082012e-06	0.003225825480532599	-2.281648619438924e-06	2.3156717959023234e-06	0.0027415890589962623	3.404799538408823e-05	-0.00020608611805005616	-0.00013346559161832113	-0.00016420543159648116	-0.00011414124134007412	-0.000130643498083684
0.46	-3.7810436551442043e-06	-3.757836141231139e-06	0.0032241150252428803	-3.3343305310938202e-06	7.102164335110347e-07	0.002740866371792555	0.00030305548390908646	-2.4777031163514206e-05	-0.00019274554786914106	-5.654857658866938e-05	-0.00021112161491773935	1.1558569786199193e-05
0.47000000000000003	-1.0910009724085736e-07	-3.1619366518369404e-06	0.003222653159619423	-2.9437722843875323e-06	-1.6055997803747642e-06	0.0027413417401554656	0.0004086539878793306	0.00013313292875343155	-9.307558162921189e-05	0.00012185491009055629	-0.00023890178126635242	0.00012489078455671843
0.48000000000000004	3.6132494291274764e-06	-1.169969113422247e-06	0.003222500644589774	-9.663823055184522e-07	-3.458925521961936e-06	0.002742574898254873	0.00030146149513595474	0.0002609795360968661	7.538541979179557e-05	0.0002463652836440612	-0.000107672922426925	0.00010100163814803561
0.49000000000000005	5.437374675147256e-06	1.4155354675107387e-06	0.00322389384048403	1.637915265270546e-06	-3.600769653219748e-06	0.002743387299256929	5.4630650113792515e-05	0.0002554160303655063	0.00018901625670144357	0.00025301471499039754	0.00010619855483045908	5.744499912684147e-05
0.5	4.658393454455669e-06	3.6041894901926055e-06	0.003225780401676693	3.6144337806535323e-06	-1.7475700495950539e-06	0.002743779135277691	-0.00021208312625311276	0.00017265911801547622	0.00015765772191695093	0.0001290566133960646	0.0002641726207739954	3.165080609207849e-05
0.51	1.4100504716008996e-06	4.473437380008343e-06	0.003226932061649442	3.852135787165832e-06	1.2451831904807352e-06	0.002743871373827527	-0.0004092159334353507	9.319356736127167e-06	4.1907642147292226e-05	-7.116758314456922e-05	0.00028218284018205665	-4.096832453787702e-06
0.52	-3.0271327787078255e-06	3.522482678845078e-06	0.003226757208774887	2.0498457381725948e-06	3.5502621779768886e-06	0.002743726524585135	-0.0004269950538793921	-0.0001850745627365647	-9.918214079320294e-05	-0.00026938236006131917	0.00013312995708975858	-3.683370600931695e-05
0.53	-6.335047506382865e-06	8.605551066827161e-07	0.0032251535094759854	-9.124042217700094e-07	3.897645124401739e-06	0.002743191999551434	-0.00021575704693559388	-0.0003118289516420063	-0.00021530150332685376	-0.0002888699421105255	-7.109454718933718e-05	-4.334011121131727e-05
0.54	-6.8218954478088605e-06	-2.18207792545606e-06	0.0032231105856506174	-3.4855957222136976e-06	2.1294376601403065e-06	0.002742767267016354	0.00012130584667352726	-0.0002741789994855519	-0.00014037002245389905	-0.00020410878620692006	-0.0002518728563845592	-3.544147614901192e-05
0.55	-4.007133749832887e-06	-4.27391542041967e-06	0.0032224551176046217	-4.55038777009166e-06	-7.48377761836405e-07	0.00274201542924199	0.00040889400170704697	-0.00012167775838273895	4.55708241677644e-05	-5.148642828882126e-06	-0.0002879777623825941	-8.673292251854701e-05
0.56	8.776549977262559e-07	-4.32983636710524e-06	0.0032234296067981546	-3.540810449814431e-06	-3.2327387794838597e-06	0.002741268049772502	0.0005338970725706042	0.00011336632181538177	0.0001492327475575908	0.00022599694242312214	-0.00016912078449457353	-4.256541710284557e-05
0.5700000000000001	5.8858618911822796e-06	-2.1237858913535893e-06	0.003225076883425988	-8.780427846093043e-07	-4.051553192159325e-06	0.0027411291903375354	0.00042634037921383567	0.00032874086159931826	0.00014682835142495549	0.00030826489137355606	-1.1869951174133146e-06	3.171199623597472e-05
0.5800000000000001	8.38141109472143e-06	1.6119533586510981e-06	0.00322614576518405	2.1731503850046317e-06	-3.0968914934256467e-06	0.0027421915017819738	5.439580647439277e-05	0.000379937389536427	4.358208368120153e-05	0.0002714657296369885	0.0002156227476832433	0.0001849253771599239
0.5900000000000001	6.872857714319749e-06	4.735297759001398e-06	0.0032260327777035346	4.1639661558574985e-06	-1.7205452134962987e-07	0.002744001178249271	-0.0003529671375322927	0.00025536655907281146	-4.389110242373617e-05	0.00011666218995923822	0.000319527690748183	0.00017137232053380516
0.6	1.934786252900101e-06	6.059995232797885e-06	0.003225236206382902	4.495082828275512e-06	2.6489533388269827e-06	0.0027449968854511356	-0.0005883150102248428	-3.143829731978736e-05	-7.670298744914997e-05	-6.506208093631317e-05	0.00022636391147968856	1.946890668424781e-05
0.61	-3.874949273393401e-06	4.104822316740856e-06	0.0032247787678827307	2.7143696925154386e-06	4.1406665905960395e-06	0.0027444467855371945	-0.000548687771132063	-0.0003837761044078533	2.441632494009194e-06	-0.00025623454776658213	6.350512651470343e-05	-0.00013132155935254228
0.62	-8.331627575297031e-06	-5.106642567255574e-07	0.0032251336015384495	-3.742545998118617e-07	3.7521052418591535e-06	0.002742877538532456	-0.0003031466195416165	-0.0005106267982024881	4.1724884122495046e-05	-0.00033829273984681816	-0.00014146819425257356	-0.00017353307904888394
0.63	-9.360336137465473e-06	-4.985040547454069e-06	0.0032254248710537545	-3.529275367752678e-06	1.4675409857702952e-06	0.0027413992231970497	0.00011114814909703822	-0.0003369255112565703	7.222495481229975e-06	-0.00026873815918553257	-0.0003051729018563063	-0.00010851454425489603
0.64	-6.128268058276434e-06	-6.9792591592732435e-06	0.0032247494932751476	-5.1338683970260426e-06	-1.7252121032151699e-06	0.0027409755164822017	0.0005208864351043111	-6.123062453412734e-05	-0.00010871863321679822	-5.755922441084787e-05	-0.000303840657904957	9.080277957796902e-06
0.65	1.665773394938662e-07	-5.885555706195055e-06	0.0032236702860484897	-4.421481784250556e-06	-3.908378833856526e-06	0.002741611924651037	0.0006710741706277357	0.00026795586210821994	-0.00011749583869004863	0.0002001733199735125	-0.00010049430100222212	6.928372873092157e-05
0.66	6.61337083060132e-06	-2.0660678734769925e-06	0.0032230303359091442	-1.2561700399780602e-06	-4.013316504759856e-06	0.0027424084775323006	0.0005569640105567201	0.00047972697862367074	-1.7414487155518182e-05	0.00039666667792366523	5.638013757124821e-05	8.383038771348976e-05
0.67	1.0115320915803897e-05	3.0954597702213786e-06	0.0032234130435723285	2.7794662636750212e-06	-2.5238528190224995e-06	0.002743189415871274	0.00012352498272698913	0.0004882458797991806	0.00011433634055958582	0.00037974637433483546	0.00021833568200210358	6.788348450866886e-05
0.68	8.841709891906181e-06	6.716765987698836e-06	0.003225239800949077	5.6612805734392425e-06	2.8062570428704753e-07	0.002743537357012523	-0.0003667721331648516	0.0002048625610203614	0.00019079462626041973	0.00017147795572140307	0.0002920587626675559	2.4017663415228708e-05
0.6900000000000001	3.1685555514161344e-06	6.979099521770911e-06	0.0032265814230972053	6.069635449878343e-06	2.8524560112880916e-06	0.002743556556298754	-0.0007163271143846572	-0.00017544401593930713	5.980107572157885e-05	-0.00011836155972905584	0.0002018184309209013	-9.367796057700216e-06
0.7000000000000001	-4.38710957492345e-06	3.7978436358142797e-06	0.003226275388522869	3.569119866883031e-06	3.984848894521208e-06	0.0027431549931161586	-0.0007390825843623425	-0.0004363039749154472	-0.00013230096513409262	-0.0003781967490216971	3.314868351548954e-05	-5.319152774900962e-05
0.7100000000000001	-1.0231626154081522e-05	-1.1103569682069373e-06	0.0032246090309829734	-5.068276243287477e-07	3.341811395629824e-06	0.0027426117934668507	-0.00037808824931436543	-0.0005112904530920272	-0.000182352647873453	-0.00043025384703529945	-0.00016469570067994621	-6.243319009590744e-05
0.7200000000000001	-1.1271603970582327e-05	-5.643828633048776e-06	0.003223104243766197	-4.186803770473928e-06	1.2509830841626373e-06	0.002742006806138713	0.00016962245755740795	-0.00036277680527530855	-8.338412234772139e-05	-0.0003178625432134265	-0.00026791252631236644	-6.373588339207e-05
0.73	-7.011891676208428e-06	-7.758072172880849e-06	0.0032228545674856538	-5.9072534249329845e-06	-1.4540315244567055e-06	0.0027414811347833416	0.0006508801543431465	-4.819418248956451e-05	3.722271431635543e-05	-1.563386791244262e-05	-0.00023892753871941437	-9.666586192515051e-06
0.74	5.774711036415159e-07	-6.152881541187577e-06	0.0032240532245872474	-4.665568077400561e-06	-3.6613362905007927e-06	0.002741412092713438	0.0008279783527174032	0.0003271544110107614	0.00018371897681410202	0.00026430370050899697	-0.00017472610674762072	-1.201772324465592e-06
0.75	8.06363624202236e-06	-1.5741740878658278e-06	0.0032257305831032406	-1.0304338695631349e-06	-4.4592893908736896e-06	0.002741627228688052	0.0006122572017354905	0.000537485929076995	0.0001304318407766848	0.00043106620722153715	1.7272968856183154e-05	7.775980187017082e-05
0.76	1.1725472764542926e-05	3.64000724542834e-06	0.003226260055242027	3.117826715148324e-06	-2.9040860240540636e-06	0.002743049231012854	8.931136218860094e-05	0.0004890010479861936	-1.706646382067902e-05	0.0003642637036845274	0.00026155710270396587	0.00017444870842103714
0.77	9.923197189678878e-06	7.2211560111272356e-06	0.0032256083413172184	5.615280297919407e-06	6.241006833437893e-08	0.002744594122915485	-0.0004829492934677623	0.00019186391223634434	-9.122144682563842e-05	0.00012392863072389958	0.0003293596465761113	0.00011232785661273488
0.78	2.9701509655777784e-06	7.314805118853989e-06	0.003224802628342967	5.494420108622964e-06	3.088310975298924e-06	0.002745106590024135	-0.0008230222690773116	-0.00015947468116398326	-5.747052155878403e-05	-0.00013287965721901277	0.00025255199850396473	-2.5468017647768996e-05
0.79	-5.484184210588893e-06	4.204902577428492e-06	0.003224617222509192	3.121869571539933e-06	4.5742320093720666e-06	0.0027443552992366706	-0.0007856647608900509	-0.0004383409873609642	1.9452650578143914e-05	-0.00033215241713128947	3.612862957146773e-05	-0.00013246476881436186
0.8	-1.1337508628615972e-05	-1.1555074787424902e-06	0.003224751798058462	-8.338228848071959e-07	3.7838677795939154e-06	0.0027425881907769717	-0.0003322361047365756	-0.0005833570858118525	3.4383860351871835e-06	-0.000392210611777485	-0.00020297127732744208	-0.00019939743704709654
0.81	-1.1904617960833829e-05	-6.4114655805822534e-06	0.003224809130361937	-4.402250545355248e-06	1.0133122063375997e-06	0.0027409813301094766	0.00025874102168937224	-0.0004425696979288281	6.2392875301470636e-06	-0.00030351813517351373	-0.0003479532027048699	-0.00010121383285953334
0.8200000000000001	-6.481064746987433e-06	-9.14193559638726e-06	0.0032246590713531625	-6.156084290973285e-06	-2.6151460510642873e-06	0.0027404547186935203	0.0007870958536243813	-7.66044975401692e-05	-2.051076328303307e-05	-4.437267325491966e-05	-0.00032174130270708765	1.952934986473686e-05
0.8300000000000001	2.4082532973195844e-06	-7.70319443850469e-06	0.003224188820048917	-5.29537879384037e-06	-4.968144299149746e-06	0.0027415645614999	0.0008901614451464326	0.00035319033843052836	-3.116508545849593e-05	0.00023609114641851527	-0.0001254133484690953	0.000177655144885066
0.8400000000000001	1.0263567200540335e-05	-2.469432710606657e-06	0.003223948456895775	-1.9127351848659545e-06	-4.800278875065583e-06	0.0027434397487176025	0.0006187430106305881	0.000642128633566291	-7.645944559536661e-07	0.000437277198531974	0.00013352933286310247	0.00017696429559508093
0.8500000000000001	1.328141761712775e-05	4.255751402408003e-06	0.0032242239483617073	2.543452192382288e-06	-2.55998047053325e-06	0.00274476732883286	-9.646914474913365e-06	0.0006527689612340272	6.396138788052092e-05	0.000410787677935034	0.00028240116784301303	8.128024827648457e-05
0.86	1.0231850878522435e-05	9.417802068765384e-06	0.003225101187217996	5.728198695786304e-06	7.480355614178766e-07	0.0027447469561280684	-0.0006103053385638172	0.0003236010280523175	9.869479874392369e-05	0.00020352276906927867	0.0003530325313374681	-7.09254496292511e-05
0.87	2.0828402612888514e-06	1.0188295079567409e-05	0.0032260289263079125	6.146641992329568e-06	3.882539904362995e-06	0.0027434588587446976	-0.0009512268778366909	-0.00019050915943351977	5.274952645743579e-05	-0.00010397259965965718	0.0002374898621644882	-0.00016889009600051382
0.88	-7.112389175436465e-06	6.061478901487583e-06	0.003225895719107069	3.923124645938931e-06	5.157982746069088e-06	0.0027420850677538945	-0.0008223930825095793	-0.0006104964861801724	-8.094694527496645e-05	-0.0003562188081017615	3.2531996636325877e-06	-8.602609611618099e-05
0.89	-1.310894846312026e-05	-1.0937453231101952e-06	0.0032247449505996414	-4.770454614108752e-07	4.197449812373943e-06	0.0027416275257627055	-0.0003471744956798478	-0.0007673704420319132	-0.00015307875352030845	-0.0004793700024053857	-0.00019077154707337565	9.687272971599238e-06
0.9	-1.3179212862475781e-05	-8.040524486699173e-06	0.0032233053150883457	-4.830552980210341e-06	1.4499175962295747e-06	0.0027421883457315823	0.0003189855031766628	-0.000585262351760838	-0.00013012226509823157	-0.0003477906087382077	-0.0003404327259880083	8.578870629007563e-05
0.91	-7.0287548715229325e-06	-1.150323250264159e-05	0.0032228647848831504	-7.085290733894737e-06	-2.247226749781449e-06	0.0027430376934205448	0.0008656748762165234	-7.416087709827143e-05	3.716600631258988e-05	-7.528609312369575e-05	-0.00034873811915983637	6.76815609964086e-05
0.92	2.7694282363974237e-06	-9.30143555180537e-06	0.003223993783550298	-6.298746348851137e-06	-4.929832886385673e-06	0.0027433513362946273	0.0010314595089702117	0.0004969579998996424	0.0001549684659122231	0.00022248322327227444	-0.00019248871700722436	7.3825024652836595e-06
0.93	1.1944991674178067e-05	-2.5989489474495488e-06	0.0032256437119624714	-2.898041235210988e-06	-5.768647423661772e-06	0.0027433456448779326	0.0007157971745780017	0.0007972243419654966	0.00015499293740772204	0.00044090742881128996	7.190781804940506e-05	-2.6741748360359298e-05
0.9400000000000001	1.5934800519116683e-05	5.734736115996113e-06	0.003226669421843417	1.9118328522974308e-06	-3.836013476122248e-06	0.00274293927813122	3.420075634244814e-05	0.0007847795922829012	2.194502839089796e-05	0.00048395300182043174	0.00034685168470360194	-5.823263230522006e-05
0.9500000000000001	1.2307686129123314e-05	1.1764147426638149e-05	0.0032260581567635054	5.89161863918144e-06	3.746330294063249e-07	0.0027424410651872336	-0.0007151143539768998	0.00037264727086878924	-0.00012242893972518794	0.0002837304842814942	0.0004523681295033192	-4.016844170659011e-05
0.9600000000000001	2.875167656745593e-06	1.239402054760572e-05	0.003224342186695777	7.195911825135272e-06	4.46267678056564e-06	0.002742225567635886	-0.0011069993796067913	-0.00023661169473979986	-0.00019967303164522844	-4.73788903839599e-05	0.0003397631340122565	1.0989299783776214e-05
0.9700000000000001	-7.857525645540007e-06	7.212729301489168e-06	0.003222655478227418	4.7690202537343505e-06	6.417228660329992e-06	0.0027426137417233725	-0.0009577515295021657	-0.0007707432355814228	-8.412350465063376e-05	-0.00041089410925809836	3.67899668637004e-05	4.237757219137907e-05
0.9800000000000001	-1.4703398089921746e-05	-1.8029597120599084e-06	0.0032226772021198345	-6.624227347415469e-08	5.2533785064966825e-06	0.002742862013645383	-0.00035461533764575903	-0.0009615394221050925	0.00010055859383529602	-0.0005208212891862781	-0.0002493777895942887	1.2097779555456694e-05
0.9900000000000001	-1.470496486963408e-05	-1.0182522632725558e-05	0.00322436552302254	-4.888474190482455e-06	1.6735991426009434e-06	0.002743055985698998	0.00035074376616688144	-0.0006571975386924896	0.00020218412806766859	-0.0004070160314543803	-0.00043379938689302566	3.472994061321026e-05
1.0	-7.943565909527023e-06	-1.3962540626974646e-05	0.003226179036897548	-7.544400735292635e-06	-3.1221087511526445e-06	0.0027433480732784177	0.0009672960215936325	-6.951346207430713e-05	0.00014613640012087832	-9.399958534423821e-05	-0.0004722431490741135	2.463145101306091e-05
1.01	2.983135702861497e-06	-1.1201990210476157e-05	0.0032268368666200017	-6.664030885849079e-06	-6.758173626192753e-06	0.0027434100618498125	0.0011330123516991254	0.0005999453093379513	-1.865394610098081e-05	0.00026951508206477014	-0.0002192738118301214	8.624163368455714e-06
1.02	1.2811658775355647e-05	-2.9353889738416556e-06	0.0032258232037559575	-2.4197166111272067e-06	-7.330749206833552e-06	0.002743520625191979	0.0007498127543146926	0.0009841511771198188	-0.00014835718776553023	0.0005325588362974278	0.0001223091263412481	1.0839091693779933e-05
1.03	1.6755098125379365e-05	7.204298149047724e-06	0.0032243537218869457	3.1404271160869815e-06	-4.281287523319669e-06	0.002743308556567884	2.1874728988399506e-05	0.0009428048635618452	-0.00010667816932161005	0.0005296329696665809	0.00045438148515817883	-3.770996650271113e-05
1.04	1.2796325026350307e-05	1.4133595151071275e-05	0.003223594594584084	7.226860397396078e-06	9.587630007238393e-07	0.002742823813852227	-0.0007626570978110544	0.00039062084047161987	-4.1841737132122155e-05	0.00025455407337750594	0.0005207715494170715	-6.2814227544737e-05
1.05	2.754670201626459e-06	1.4326929204259469e-05	0.003223636104984533	7.505777556326491e-06	5.771447316127711e-06	0.00274219635378736	-0.0011603774660427287	-0.000362043373924928	5.716960514469835e-05	-0.00017680273886809796	0.00039148607589701434	-5.114200142857782e-05
1.06	-8.55534322709686e-06	7.540499464691719e-06	0.0032246330080521603	3.7986168837834516e-06	7.964761906233629e-06	0.002741673908860504	-0.0009759339591360287	-0.0009263233582658523	0.00012188711560876973	-0.0005528287273992687	3.4920146881692896e-05	-5.670818051176332e-05
1.07	-1.552748281663521e-05	-2.7321955893658355e-06	0.0032254703001225247	-2.249067628992393e-06	6.331198538724475e-06	0.002741522047704335	-0.0003611262485914555	-0.0010549150080293736	2.337750946018127e-05	-0.0006028913342731324	-0.0003487288405777436	2.7386455264274242e-05
1.08	-1.5104327894000574e-05	-1.1726170953504498e-05	0.0032253757180872207	-7.40226373614967e-06	1.7203149030819467e-06	0.0027423983629363976	0.00042854371547041575	-0.0006997528534080043	-5.6747777467507444e-05	-0.00040431371261671103	-0.0005646364899677556	0.00013440377814606568
1.09	-7.5354676935217415e-06	-1.5485929863183985e-05	0.0032247658063567987	-9.555909407496478e-06	-4.022109937800501e-06	0.0027436215717605433	0.0010253430681679135	-1.872929401915744e-05	-6.468434304270315e-05	6.694261246225403e-06	-0.0005418966151733258	0.0001248866144812727
1.1	3.7635307257133953e-06	-1.207507196095443e-05	0.0032240139122385074	-7.284289363777654e-06	-8.223914389333486e-06	0.002744221804660887	0.0011249223444044873	0.0006718847205027323	-6.416194115122293e-05	0.00044328675026359825	-0.0002633508412869892	2.2727521636485618e-05
1.11	1.356800496372555e-05	-2.8250275327660447e-06	0.0032240271057941854	-1.3986894177903403e-06	-8.869788361629517e-06	0.0027435952264289226	0.0007342225409459512	0.0010907621100826456	3.473185399878503e-05	0.0006876447032659209	0.00016221690852096578	-0.00011697951377976655
1.12	1.7169960985097346e-05	8.04671560799427e-06	0.00322487726823123	5.410690326575361e-06	-5.292927996660836e-06	0.002742345364198769	-4.7433762034615806e-05	0.0009990596433337787	0.00010185986957826079	0.0006050338638284139	0.0005150824585062112	-0.00012275063581775319
1.1300000000000001	1.2602237048857381e-05	1.5471948293041986e-05	0.0032256492350043625	9.79158816946737e-06	1.0099033154038989e-06	0.002741580365490662	-0.0008666749562421134	0.0004211931986393031	2.353645388954891e-05	0.00024061481435450294	0.0006948857048162004	-7.654888349627214e-06
1.1400000000000001	1.401293586879486e-06	1.5732617441394075e-05	0.0032254009810476895	9.65194168194907e-06	7.076816617964226e-06	0.0027418341885711017	-0.0012956290448859547	-0.00036579977327689595	-5.660625538566708e-05	-0.00025883403404307716	0.00046417625774042596	5.6317380681147896e-05
1.1500000000000001	-1.1083055477920188e-05	8.426259827459602e-06	0.003224689803118972	4.8213305144374386e-06	9.77797990880422e-06	0.0027427556265258836	-0.001118967284809956	-0.0010307271864662985	-7.909907348556627e-05	-0.0006668086412592967	4.469482094424856e-05	0.00010948783483842192
1.1600000000000001	-1.8818253089975293e-05	-3.2870151567990836e-06	0.0032240083576457125	-2.376253971212625e-06	8.27998706668375e-06	0.0027438139159913417	-0.0003821718333219087	-0.0012071245482639023	-3.142507599404936e-05	-0.0007016254481538345	-0.0003656964437232085	7.658864252109365e-05
1.1700000000000002	-1.795536842969725e-05	-1.398445991868027e-05	0.0032240385378494787	-8.215901588650686e-06	2.708253448406213e-06	0.002744057720828627	0.0005516522173226481	-0.0008388444742550346	6.200031718397519e-05	-0.0004324571584717566	-0.0006868671170383876	-2.885123565441385e-05
1.1800000000000002	-8.436328534071852e-06	-1.8383358767797754e-05	0.0032248900408746017	-1.0232757720092597e-05	-4.502254177627434e-06	0.002743301210519975	0.0012791796852646678	-1.3586847612391277e-05	0.00010133349394888086	6.0632532205015794e-05	-0.0007029106583157466	-0.00011519704371732224
1.19	5.594389692671738e-06	-1.3955291376109272e-05	0.003225611302531798	-7.1826028047240515e-06	-9.93214480210895e-06	0.002742240371491329	0.0014003327648041668	0.0008714893016801282	4.3650053475296176e-05	0.0005008205803188376	-0.0003376728285699215	-8.66142450251457e-05
1.2	1.713468646511262e-05	-2.283642794347754e-06	0.003225592163882771	-9.184475008711695e-07	-1.0889207012659988e-05	0.002741765647761125	0.000833278981380759	0.0013484393834340299	-4.2915717976177573e-05	0.0007198899838508832	0.00013616673628955272	-3.055419792504775e-07
1.21	2.0872257572640194e-05	1.1124493246524996e-05	0.0032246693743758132	5.792736203504254e-06	-6.946070924714515e-06	0.0027421018188691798	-0.00014025164272848996	0.0012137719823248777	-0.00012634740771269007	0.0005894691568782231	0.0006153628931089254	6.16123109585569e-05
1.22	1.4308501653629113e-05	1.9961951702579375e-05	0.0032234744836420245	9.846707894074795e-06	5.104490214027806e-07	0.0027427382737475288	-0.001104030426143587	0.00048340020117071066	-7.442040059208149e-05	0.00020544283110130276	0.0008136702666879258	6.654808026656217e-05
1.23	6.606551773868405e-07	1.981049196099005e-05	0.003223450317820713	9.543639902207296e-06	8.013764142010824e-06	0.002742940438045344	-0.0015226404576918098	-0.0005139626399909847	6.550989879836256e-05	-0.00028893400238465456	0.0006220863806679552	-8.578897846807562e-06
1.24	-1.3774934243497555e-05	1.0104667878860977e-05	0.0032246492900139313	4.35269876763777e-06	1.2128806255171072e-05	0.002742871601715114	-0.001230376633516331	-0.0013408029159043492	0.00015574262920002132	-0.0006736568763742884	0.00015488618394662033	-5.282132198346072e-06
1.25	-2.2087891448798274e-05	-5.078142667553226e-06	0.0032259650193148938	-3.0800314638193337e-06	1.0624392531867726e-05	0.0027428209499990417	-0.00035092426154143664	-0.0015556942911758287	7.425101671601248e-05	-0.0007509808831340178	-0.0004429917835890508	-5.084692518050375e-06
1.26	-1.9682249653988006e-05	-1.84512533962579e-05	0.0032262031540661877	-8.99240583009022e-06	3.9050922148380205e-06	0.0027429468676120885	0.0008085245444397976	-0.0009998895137326525	-2.5929964961595335e-05	-0.00042636008268501625	-0.0008735467231210962	1.6006643153612875e-05
1.27	-7.4344828081494725e-06	-2.338513699973625e-05	0.0032254450036460413	-1.09155156960654e-05	-5.307218738073675e-06	0.0027431545291343225	0.0015498727550293974	6.198138077281678e-05	-0.00010603463337375539	7.142996341312038e-05	-0.0008809003764053021	1.6100248354564072e-05
1.28	8.60584284910261e-06	-1.7356960383583147e-05	0.0032244982137073974	-7.654254387949343e-06	-1.2436616607523654e-05	0.002743049412545036	0.0015567392327563735	0.001106561832505921	-7.559534783828453e-05	0.0005530008728904438	-0.0004671448011401759	-1.1255347730243623e-05
1.29	2.1158331952493237e-05	-2.7488726556902426e-06	0.0032241128439632304	-6.840051033728569e-07	-1.3883201384147142e-05	0.0027429207263734608	0.000848473727604016	0.0017025212140276717	-1.992584389780206e-05	0.000783740335904551	0.00019608526506551205	-3.1249754238301086e-05
1.3	2.3841719591570993e-05	1.4191728335738717e-05	0.003224176630167415	6.710509092709116e-06	-8.760327326410689e-06	0.0027427144417954026	-0.0003392167520213361	0.0015202287514980383	3.666463785583271e-05	0.000646374555850261	0.0007764496677443995	-8.145116010497955e-06
1.31	1.4860200611092847e-05	2.5274966984031824e-05	0.0032247264173353683	1.121342515896781e-05	4.975100941501952e-07	0.002742698730192615	-0.0013624533090985625	0.000576443851798854	6.704411542533267e-05	0.00021306518974333982	0.001006389433672898	-1.0117993298178121e-05
1.32	-1.2250105541126171e-06	2.4468980133100776e-05	0.0032252831232959644	1.0600596649483904e-05	9.592034055847258e-06	0.002742929505160825	-0.001743406506218224	-0.000759366068987606	2.911272352794506e-05	-0.0003399080902917251	0.0007441935270310527	2.8607589147672466e-05
1.33	-1.6969225820244865e-05	1.134834930368331e-05	0.0032254629929987467	4.8446211277086585e-06	1.4389543092988964e-05	0.0027433338638417613	-0.0012973984643221764	-0.0017315845335659124	-1.7702124833106035e-05	-0.0007637104403162542	0.0001536998627233923	4.6769330284482726e-05
1.34	-2.5007524431197182e-05	-7.800152097321438e-06	0.0032249902569589824	-3.448939458390835e-06	1.237320165840042e-05	0.0027437613326043464	-0.0002655568411009555	-0.0019301534938214655	-4.9443788696002266e-05	-0.0008127946912061692	-0.00053662212040008	2.761521278379062e-05
1.35	-2.1600852281045702e-05	-2.4289052533547642e-05	0.0032243766054813813	-1.0410295108717391e-05	4.648565167026308e-06	0.0027439462590238533	0.00090758421512914	-0.0012149904548776867	-5.346403112837356e-05	-0.000520496590174754	-0.00096560342316623	-1.6101042874551549e-06
1.36	-7.851892515044165e-06	-2.9758452233395394e-05	0.00322399913606373	-1.266069621604371e-05	-5.271947269253305e-06	0.0027435639835178024	0.001743403632213784	0.00015182889962105878	-2.159995358269234e-06	5.991060650785148e-05	-0.0009470353920909881	-6.386063388562127e-05
1.37	1.036595795790784e-05	-2.1294460421831167e-05	0.00322440055259137	-9.095447643470857e-06	-1.2973223829593887e-05	0.0027429095891690443	0.0017492372450821385	0.001482143199338547	8.08470387399048e-05	0.0006201988052561364	-0.0005108135378150223	-7.192539529762847e-05
1.3800000000000001	2.42806139137916e-05	-2.438041070946562e-06	0.0032250959901035116	-1.129600583129784e-06	-1.4591591359055674e-05	0.002741965129529325	0.0008965317610098743	0.0021397402298284694	3.8088207036154285e-05	0.0009244285333257124	0.00018901099671559616	-0.00010137685285895265
1.3900000000000001	2.691123594785058e-05	1.8165877606364977e-05	0.0032251387202194737	7.854497211140522e-06	-9.33067657555557e-06	0.002741227927502015	-0.0004222287459588053	0.0018214889216553827	-6.086517502071087e-05	0.0007649021116472878	0.0008350989839364014	-3.695783030437521e-05
1.4000000000000001	1.6436813936504086e-05	3.065745331862048e-05	0.003224212606497268	1.3100605309155692e-05	5.828428200949009e-07	0.002741756604752619	-0.0015867198673601823	0.0005982318665095721	-0.00010616461988370846	0.00024314179781635616	0.0010668188486376222	0.0001001879685503608
1.4100000000000001	-2.451617004769376e-06	2.9059799153458877e-05	0.003223222054737525	1.2335061283859479e-05	1.030722532222257e-05	0.0027430947265057364	-0.0020508402896003844	-0.0009288752963521456	-6.417718527797549e-05	-0.0003862753607084768	0.0008049500060587034	0.00013074540664243577
1.4200000000000002	-2.1114733380467217e-05	1.3436043714612708e-05	0.00322318630960725	5.67889825287229e-06	1.5216754933069344e-05	0.0027437882887803937	-0.0015312119242970714	-0.0020762550321373344	6.20062230239358e-05	-0.0008870133546730573	0.00013313576111387214	2.895037131727963e-05
1.4300000000000002	-3.065099126533564e-05	-9.003017529742762e-06	0.0032243320583100837	-3.9192490285695425e-06	1.2926248614802959e-05	0.0027437663943018654	-0.0003058602273498223	-0.002234310086102003	0.00014962236365340082	-0.0009517144402319763	-0.0005955257150739563	-1.7990210357280588e-05
1.4400000000000002	-2.613171191288869e-05	-2.80665990086034e-05	0.0032256252642701238	-1.1891823605275905e-05	4.586996260632085e-06	0.002743396330889542	0.0011721631328722201	-0.0013987074871507905	9.250151544510316e-05	-0.0005895696387221179	-0.0010204273665665932	-3.994018023859319e-05
1.4500000000000002	-8.70027132407071e-06	-3.4382535517622485e-05	0.0032258555882633717	-1.4780408805576473e-05	-6.005152344200899e-06	0.0027430376660987845	0.0021531634168156667	0.0001512709023451583	-4.164608732915464e-05	7.500756234441562e-05	-0.0010334830128197	-3.365773758750085e-05
1.46	1.3593363165020881e-05	-2.501431776031143e-05	0.0032248603638773245	-1.0714558320170727e-05	-1.4155526745799826e-05	0.0027428775986408833	0.0021134102218161735	0.001658253294799723	-0.0001335716038164699	0.0007182105025467185	-0.0005458851796801834	1.034329961953418e-05
1.47	3.02711787102253e-05	-3.6322254860811378e-06	0.0032236483962475022	-1.45071177551447e-06	-1.5905164106495782e-05	0.0027429798567162825	0.0010939805436237723	0.002401850191458309	-0.00010377261312930484	0.0010879406473476186	0.00023483801429663586	1.1776073579809314e-05
1.48	3.329197354716224e-05	1.9844205995989375e-05	0.003223118896882645	8.98235569429236e-06	-9.888626750132768e-06	0.0027431944810655125	-0.0005220862428201162	0.0020857252672519303	4.486210394410558e-06	0.0009236566005499271	0.0009369054175904048	2.1631086322527326e-05
1.49	2.080514764626542e-05	3.473826685331992e-05	0.003223571607947649	1.5779624309700317e-05	1.1306277392703938e-06	0.0027435020986149514	-0.0019047500392619233	0.0007888755985146224	9.778759604981622e-05	0.000350684822427135	0.0011983181608153895	2.611169642362333e-05
1.5	-1.9200728251755743e-06	3.3744102459857616e-05	0.00322475721737321	1.542307251948236e-05	1.2195543175915704e-05	0.0027435421131333216	-0.0024474412958113805	-0.000999811580957681	0.00012743790571418466	-0.00042288492483347727	0.000902507590610191	-1.5449468256372452e-05
1.51	-2.4407356799179725e-05	1.6290464808323573e-05	0.0032255820017793803	8.018628600404205e-06	1.777019720565298e-05	0.002743368970561307	-0.0018871717528073722	-0.0023219422338008047	4.896352881150644e-05	-0.001025660190934875	0.0001613642181774742	-2.1594900765351363e-05
1.52	-3.622640054935046e-05	-9.134106802495922e-06	0.0032252659593065215	-3.5521704757832473e-06	1.4832326004942049e-05	0.002743261123457132	-0.0003625100543798625	-0.0025719479151986653	-9.76129304043233e-05	-0.0012076705696661162	-0.0007286191858823767	-3.9417938311764084e-08
1.53	-3.098294351542394e-05	-3.096207130548703e-05	0.003224060449900191	-1.3976651595721654e-05	4.421895911031494e-06	0.002743316133841778	0.0013623626649926506	-0.0016095717725494445	-0.00012574380157957934	-0.0007883090955213159	-0.0012676846911627256	1.4226449943473978e-05
1.54	-1.0722878041676808e-05	-3.880457743541875e-05	0.0032230986893073215	-1.7878638887074454e-05	-8.350816924520841e-06	0.0027435784005335907	0.002519721244994143	0.00010397785484298565	-5.4176485116354223e-05	4.9087933954915365e-05	-0.0011917373626978665	1.095880408372687e-05
1.55	1.5454970391629832e-05	-2.8790489273265573e-05	0.0032235470024016173	-1.3150510989366112e-05	-1.7580437110817554e-05	0.0027435222933444386	0.002493967733978144	0.0018569879590813775	0.00012974145649607472	0.0008794780218812951	-0.0005754365955262604	-2.1739826377939592e-05
1.56	3.5000276069798664e-05	-4.553071831686947e-06	0.0032249668206496005	-1.714700640675109e-06	-1.8944327380603475e-05	0.002743346522542184	0.0012521268605085749	0.0027991579073321565	0.0001234763372907069	0.0013302018163735656	0.0003169555775960442	1.8729442633344607e-06
1.57	3.85719309347342e-05	2.2986664000124625e-05	0.0032255307261462684	1.1227483020958111e-05	-1.1708929046921045e-05	0.0027433723203692056	-0.0006174761131035	0.0024916327046912113	2.0997270263694122e-06	0.0011544052189866568	0.001096858763271576	3.4894593541125537e-06
1.58	2.340632342309574e-05	4.096175770519918e-05	0.0032251215634033596	1.9301502859277012e-05	1.4072900230298537e-06	0.002743327061587655	-0.0023021043753186825	0.0009244176940928495	-9.65537369637439e-05	0.0003958655751623726	0.001410135689386936	-1.2449244453181075e-05
1.59	-3.3854886412584694e-06	3.997565462001295e-05	0.0032239044646494982	1.823144947778743e-05	1.4197602579142789e-05	0.0027430438205571584	-0.002832531998019798	-0.0011081836525717221	-0.00010444116155071916	-0.000597115111630087	0.0010292285449595485	-3.427712246053247e-05
1.6	-2.883555945390146e-05	2.0240519573329178e-05	0.003223195064894733	8.345206881382177e-06	2.033001224469489e-05	0.0027426397545488434	-0.0020500863259239454	-0.0026798341586242525	-3.414253077084053e-05	-0.0013158797432323253	0.00013960076784998412	-3.316653494575893e-05
1.61	-4.113114689637556e-05	-9.636453225448119e-06	0.0032236383897103725	-6.0517537602395276e-06	1.6908311198259417e-05	0.002742662311880754	-0.0003141972390594663	-0.003040373493583449	0.00010517873394334092	-0.0014260802565569865	-0.0007919583383015335	5.00969723555347e-05
1.62	-3.423439769666507e-05	-3.5781920935942755e-05	0.003224563746228424	-1.8213529579030934e-05	5.577132334333686e-06	0.002743710828662791	0.0016496171821587427	-0.001951158509865739	0.00010018141179077542	-0.0008618313501129987	-0.0013723046128189956	0.00011491527414313879
1.6300000000000001	-1.0456418925883962e-05	-4.5349773868242e-05	0.0032255294305156604	-2.2122107095946805e-05	-8.480770425242176e-06	0.002744748672022368	0.0029257174425272397	0.00010649011569866687	7.650054631726338e-05	0.00011038052610133674	-0.0013216613043046258	6.041035749039074e-05
1.6400000000000001	1.9533550184364153e-05	-3.378447326295323e-05	0.003225965502436809	-1.6021810130800132e-05	-1.9060638644247577e-05	0.002744907803609957	0.0028224401176599316	0.002101761964171521	3.4921378785195403e-06	0.0010769719680576936	-0.0006997146712199949	-1.962151777195293e-05
1.6500000000000001	4.117683096562107e-05	-5.9901016786785666e-06	0.0032254607596391258	-2.013602218838302e-06	-2.102968522154165e-05	0.002744420979674235	0.0013284221326253789	0.0032303712819797864	-0.00011578310709093577	0.0016174128227362595	0.00033906657103191995	-7.42760737872593e-05
1.6600000000000001	4.401943126808071e-05	2.570255415304129e-05	0.0032240666611537466	1.3538304935406232e-05	-1.2895594449950963e-05	0.0027436142100768237	-0.0008098291587005428	0.0028342473332646496	-0.00014826317042115932	0.001382760101192379	0.0012225221195168638	-9.024829117368665e-05
1.6700000000000002	2.6001280414639863e-05	4.618043405882388e-05	0.003222861723895617	2.312218873794905e-05	1.8473069587860992e-06	0.0027427152017504893	-0.0026450049012875687	0.0010842851272050552	-6.026720686619904e-05	0.0004604950631513132	0.0016027416672696395	-0.00010381478181503173
1.6800000000000002	-4.942032211490231e-06	4.5440816675578785e-05	0.003222593572086642	2.169810675503042e-05	1.64259901544336e-05	0.0027418836205154017	-0.0032938723119735665	-0.001235153461152839	1.6566453435126998e-05	-0.0007287824971539052	0.0011915173039603961	-2.5284885101386596e-05
1.6900000000000002	-3.4449121373279776e-05	2.3362280528320345e-05	0.003223276366628643	9.450668698527985e-06	2.3664089086953996e-05	0.002742261209571076	-0.0023574799748720962	-0.0030220134522515665	0.00012077732448199203	-0.0016213196374560961	0.0001888571522329098	9.945193376103053e-05
1.7000000000000002	-4.840337122740416e-05	-1.0673666801057487e-05	0.003224585343356988	-7.68004489158832e-06	1.9691930747482238e-05	0.002743556237982235	-0.00030720100868200206	-0.0034540334839836357	0.00013114937199694757	-0.0016662388899968835	-0.000960383439904186	0.00016190715797998278
1.7100000000000002	-3.978469929515563e-05	-4.0426272875288245e-05	0.0032255217919888515	-2.127176398295585e-05	5.989739669993129e-06	0.002745170932346899	0.00199801927335085	-0.0022453084051564185	6.721636180565155e-05	-0.0009547324595313212	-0.0016873287126656727	0.0001512402312112553
1.72	-1.176479441640997e-05	-5.198047857573884e-05	0.0032256160042467585	-2.4929397403352963e-05	-1.1103642789265278e-05	0.002745898147771519	0.003385782788883045	4.715981528239309e-05	-3.544206752915423e-05	0.00025674784557954365	-0.0015898199037246352	-2.016637277656344e-05
1.73	2.3021340426133414e-05	-3.909638022864247e-05	0.0032250456829017063	-1.6336014433166902e-05	-2.3482582788035793e-05	0.0027452757419126127	0.003255415440008959	0.0024484894487900245	-7.092706029977035e-05	0.0014126090923023374	-0.0007736419634568845	-0.00011556517026179084
1.74	4.802619203159216e-05	-6.952487173632963e-06	0.003224418952609424	8.764620606473373e-07	-2.5151441623122644e-05	0.00274389107272836	0.0015054898976770128	0.0037139433988883207	-5.781938916786626e-05	0.0018812119870044292	0.00046297019452085265	-0.00015464957574399754
1.75	5.0357369146703635e-05	2.948252237222194e-05	0.0032235368232008256	1.8305606435536314e-05	-1.480946859199039e-05	0.002742460981860608	-0.0010829314741499598	0.0032607412141122355	-9.567548701495486e-05	0.0014519617187671383	0.0015235649732473896	-0.00010037525631154297
1.76	2.8186098186302416e-05	5.271677655794172e-05	0.0032229634231970903	2.7449358123795163e-05	2.765725675724582e-06	0.0027421612048207254	-0.0031658783152014097	0.0011984933186129864	-4.202770469558081e-05	0.0003128741720120158	0.0018713195071727647	1.2092144653531167e-05
1.77	-8.239442774927857e-06	5.157275917055314e-05	0.003223017150650164	2.3751974682648455e-05	1.961612125069328e-05	0.0027428076124174205	-0.003831353395147736	-0.001453690860285746	4.07406700220055e-05	-0.0010492863728395149	0.0013508119893011208	9.462433702629592e-05
1.78	-4.217136819845139e-05	2.59220029215833e-05	0.003223671784691549	8.387790540892906e-06	2.7356711004166272e-05	0.0027439489106288848	-0.0026804076785108045	-0.0034917343069617683	7.12377247167791e-05	-0.0019280093900369854	0.00012672917650045286	0.00010258666468484517
1.79	-5.6958721155951794e-05	-1.2908647404246922e-05	0.0032242688057641266	-1.140382713084746e-05	2.213865591699862e-05	0.0027447382990505188	-0.00014793199791448284	-0.003940694976392022	3.278059369206821e-05	-0.0018615890558992918	-0.0011228389221607953	7.756808269506159e-05
1.8	-4.481732206813661e-05	-4.682767707831646e-05	0.0032244769636557646	-2.5803964539070155e-05	6.084818148902646e-06	0.0027452592243441755	0.002500779457758746	-0.002539489285463275	-1.6710370178923836e-06	-0.0009168757960576036	-0.0019235266261958214	2.197795443979622e-05
1.81	-1.0510534340244024e-05	-5.935790746661075e-05	0.0032245758192863145	-2.807204307406581e-05	-1.3339936906706568e-05	0.0027450340140074193	0.00406923180797177	0.00014321975855626848	1.1506039249893771e-06	0.000494765416372217	-0.001805038236510242	-6.443796989509546e-05
1.82	3.0232841127236358e-05	-4.4163032919422685e-05	0.003224452858905914	-1.6922111044450895e-05	-2.7137151343171175e-05	0.002744226620888633	0.00374522848650904	0.002790358993757066	-2.4264997906722574e-05	0.0016646554439344007	-0.0008437126596026201	-0.00010387908480874886
1.83	5.8054552779129345e-05	-7.759055944638321e-06	0.0032240027155331823	2.7339128854936976e-06	-2.8317503550516968e-05	0.00274336351798386	0.0015661399116032625	0.004206380751882248	-8.043035821313121e-05	0.0021063145486169216	0.0006352684297205502	-6.707972449718181e-05
1.84	5.905433761742866e-05	3.3181851014601954e-05	0.003223178363297358	2.1661890010287126e-05	-1.578767634638364e-05	0.0027429713722808987	-0.0014215277179521113	0.0036510720161806016	-0.00011131885143120133	0.001529141210546195	0.0017735410007500387	-2.9630390044308865e-05
1.85	3.184363626673767e-05	5.9525318116917144e-05	0.0032221439333996764	3.059790823824253e-05	4.468901299506372e-06	0.002743065936762886	-0.0037976707456698635	0.0013693318756423543	-5.3617670072612866e-05	0.0001952846392139858	0.0021215130254757407	3.105452295515969e-05
1.86	-1.116284321843555e-05	5.795124558244674e-05	0.0032224467275231523	2.507625858468971e-05	2.290302273791052e-05	0.0027436661576656506	-0.0044662250453185864	-0.0016677548487810368	0.00010224622553916468	-0.0012676549717430168	0.001420997895940733	5.989217515407328e-05
1.87	-5.021951830077561e-05	2.8448444032145873e-05	0.003224270521443393	7.302966857524338e-06	3.096370441923719e-05	0.0027442823770898526	-0.0030132178950301944	-0.00399956592489893	0.00019960382270878095	-0.002157449168935461	0.0001268194630806988	5.869493364473091e-05
1.8800000000000001	-6.61048277806622e-05	-1.5705150913360628e-05	0.0032257736873899305	-1.4689546576905973e-05	2.485098866601328e-05	0.0027447691982062637	-4.373341647203936e-05	-0.00446301605049209	7.766998170955653e-05	-0.002050171104961083	-0.001304855335579224	6.148608192292042e-05
1.8900000000000001	-5.071209992557087e-05	-5.378799551217713e-05	0.0032255921093643004	-3.0465865457188327e-05	6.725115371897117e-06	0.0027454537260681137	0.0030126059999910962	-0.0028164909881572965	-9.278199663698686e-05	-0.0009673669142071293	-0.0021742849962972694	7.881315680235358e-05
1.9000000000000001	-1.0492462722848726e-05	-6.756600556781044e-05	0.0032241096875422364	-3.2041675117710326e-05	-1.5341874789995245e-05	0.002745711622270991	0.004721325528187189	0.00021643901415539741	-0.00016757403453730987	0.0006543397213766443	-0.0020494432604986376	-3.130472075647534e-05
1.9100000000000001	3.6082483547052386e-05	-4.96139820843274e-05	0.003222756860767666	-1.835800956191087e-05	-3.07845800846368e-05	0.002744911324630671	0.004197688164504415	0.0032599982488569577	-7.830949225420883e-05	0.0019876525037966397	-0.0009090665186107064	-9.748838168320091e-05
1.9200000000000002	6.676547593559961e-05	-7.339393959152224e-06	0.003222502905799522	4.371279088540802e-06	-3.207810742078812e-05	0.0027436898061039645	0.0016626986249655442	0.004860129016605618	1.015207924453949e-05	0.0024014166829183056	0.0006725200824462552	-0.00011969079073248156
1.9300000000000002	6.639618406904865e-05	3.978458099933644e-05	0.0032227343636398336	2.5716106545111688e-05	-1.8435586355452706e-05	0.002743086352295449	-0.0017523493772274184	0.0041832693310184495	2.354414216222369e-05	0.001672787217503816	0.001958213083729611	1.917292905783178e-05
1.9400000000000002	3.419166464379449e-05	6.926278571845195e-05	0.0032230694777010825	3.514418396188559e-05	4.097130555156698e-06	0.0027437286494302977	-0.004451361594003664	0.0014704611201585569	4.453258856955027e-05	0.00015494685324190922	0.0023928628533536013	0.0001254170023332998
1.9500000000000002	-1.5342160459959664e-05	6.661203330870176e-05	0.0032235933858870466	2.8379746493761815e-05	2.5323072507817904e-05	0.0027449237707653047	-0.005069047676594767	-0.001995678094580158	6.610907318296785e-05	-0.0014536465769184426	0.0016926783209995073	0.00012092599168945917
1.9600000000000002	-5.920425835834755e-05	3.2119506240730334e-05	0.00322408551884359	8.143702046492819e-06	3.496599594652878e-05	0.0027458800614603234	-0.003309688675150189	-0.004634164297225124	3.523012979731604e-05	-0.002452508586177021	0.00016441431087015824	6.714187337745953e-05
1.9700000000000002	-7.610311749302556e-05	-1.8585304082651897e-05	0.003224163257528228	-1.6716458279769328e-05	2.8293117335985547e-05	0.002746342621733658	8.995134894012024e-05	-0.0051267450102095305	-1.1128667899751743e-05	-0.0023083115721382443	-0.0014498625330744387	1.8566544680841325e-05
1.9800000000000002	-5.7118860408886775e-05	-6.214902778353359e-05	0.0032238490098108006	-3.4394658064999055e-05	7.965764152453375e-06	0.002745904994929913	0.003578482573717121	-0.0032101326669323744	-6.771939109829503e-05	-0.001079721534718864	-0.0024520396547396506	-7.532815305483857e-05
1.99	-9.75862399266181e-06	-7.750335753002012e-05	0.003223040273647626	-3.6545138244237547e-05	-1.680242757869948e-05	0.002744946585219979	0.005508666459068339	0.00028578363739447456	-5.636156806560047e-05	0.0006764341027294758	-0.002297510472206875	-0.0001247673381397409
2.0	4.416836203676964e-05	-5.6367592709586405e-05	0.003222829915757924	-2.1637484901256e-05	-3.432210003205799e-05	0.002743756011606963	0.004809681185016841	0.0037940134269192284	1.1328915454241717e-05	0.002200380371146841	-0.001056899126384552	-0.00010117229113060884
2.0100000000000002	7.852550369353604e-05	-7.4661545044411186e-06	0.0032230355764649474	4.304723897186543e-06	-3.593723499516195e-05	0.0027432053463360864	0.0017523734740712462	0.005585848079681319	2.3174665310239018e-05	0.0027609737508879242	0.0007627426911412554	2.889855733413486e-06
2.02	7.613024532425417e-05	4.652464294737702e-05	0.0032227949736105717	2.928264498086083e-05	-2.012768923385178e-05	0.0027438117834108003	-0.0022128752078320463	0.004755247811749557	-8.663506868115312e-05	0.0020167221280613283	0.0022481532779484626	0.00011029844442415136
2.0300000000000002	3.7220888482097206e-05	7.97222650518456e-05	0.0032220908508499217	4.1303466500058635e-05	5.70469153678417e-06	0.0027452994320604366	-0.00526806571046462	0.001619234543366908	-1.3448620742554625e-05	0.00025752007812427947	0.002687837880844441	0.00015320581583949216
2.04	-2.1190053232539486e-05	7.592193855951099e-05	0.0032226628160332803	3.3923687627025565e-05	2.933122576305113e-05	0.0027463658565873962	-0.005927348845450613	-0.0023478846576756476	0.00012109740310744412	-0.0016810618856716714	0.001856402582632603	3.0726079917956974e-05
2.0500000000000003	-7.1784268434882e-05	3.583117650353813e-05	0.003224006060373866	1.001097854960929e-05	3.960701875693106e-05	0.0027461626140430095	-0.003755604661242303	-0.005329859428591546	0.00010024573574449755	-0.002893944269170627	0.00011009569019680621	-5.206265101033774e-05
2.06	-8.968629642242222e-05	-2.229739906340032e-05	0.003224520455412333	-1.960849359343645e-05	3.097839784799685e-05	0.0027455950685808593	0.000328185759195176	-0.005810368850210627	-3.08898701220407e-05	-0.002790432122803748	-0.0017709890189908611	-4.745271733126484e-05
2.0700000000000003	-6.531431402449917e-05	-7.125635605377994e-05	0.0032234159562627815	-4.112988294324174e-05	7.006400002984935e-06	0.002745351906891246	0.004376922041611386	-0.0035577994194253455	-0.00018198874261567054	-0.001313861837900005	-0.002827095481650815	-1.403522920973802e-05
2.08	-8.534410762137555e-06	-8.748440472907751e-05	0.0032215911814918144	-4.383502954496732e-05	-2.092896229196318e-05	0.002745397241295674	0.006503389798117771	0.0004810686796356913	-0.0001483398866929651	0.0008142805944452283	-0.002515288688154193	-3.415677564734322e-06
2.0900000000000003	5.442865254437959e-05	-6.202677337466516e-05	0.0032208160067108624	-2.577220965712751e-05	-3.928756300317353e-05	0.002745234592474764	0.005567004858395227	0.00443580747193512	1.3037421798360844e-05	0.0026652812997614538	-0.0010049945698114144	-2.529665818719522e-05
2.1	9.363174542894716e-05	-5.6594156169018795e-06	0.0032213734426281932	5.229325830350441e-06	-3.9333632818938396e-05	0.0027451213931346755	0.0019098091261741813	0.006351763950314341	0.00010633059357176653	0.0032849813664703386	0.0009877093005727436	7.203608126558513e-06
2.1100000000000003	8.936019953410586e-05	5.479527202512258e-05	0.0032226056741068024	3.458683030394647e-05	-2.070771735974763e-05	0.002745561337382604	-0.0027738678037994135	0.005205089486264147	0.00015109350342729265	0.0023362680306121667	0.002569586309745065	6.882670627957067e-05
2.12	4.205028713880705e-05	9.036577652488253e-05	0.003223746743455262	4.8147776526553005e-05	8.420725017969173e-06	0.002746366067283121	-0.00629373505411817	0.0015736685710206805	6.53781745008028e-05	0.00023458441864917848	0.003035409221315833	8.795173902195217e-05
2.13	-2.6768273055372735e-05	8.379453967933909e-05	0.003224008626003028	3.909018264515301e-05	3.4765978014259344e-05	0.002746650337537866	-0.0069032846739892125	-0.0028688310636616177	-3.840228593207219e-05	-0.0019999613473847874	0.0020047366883392294	-3.0303847348878578e-05
2.14	-8.478660161699056e-05	3.6824107509865294e-05	0.003223068719511905	1.111003558204465e-05	4.515567311749277e-05	0.0027459196143267656	-0.0041894849422442594	-0.0061676668732064165	-0.0001641661538608032	-0.0033746947326538466	-2.290741829236831e-05	-8.02355812466451e-05
2.15	-0.00010367466650449005	-2.9463831534240772e-05	0.003221018921956812	-2.3002441546824746e-05	3.415930781370719e-05	0.0027457397153628415	0.0005915062021903753	-0.006533496051506695	-0.000246938504891279	-0.0031606114794174617	-0.002103299187920868	2.8647246623465887e-05
2.16	-7.34445818084859e-05	-8.337240245623856e-05	0.0032190364009624982	-4.684277116416185e-05	6.367091686280136e-06	0.0027461345865861645	0.005221266584346259	-0.0038129634809121	-0.00011719847978732876	-0.0014135323420199448	-0.003247742382390769	1.5636740760396132e-05
2.17	-7.075028480493729e-06	-9.934541193555384e-05	0.003219179534803379	-4.8974598312114265e-05	-2.511288487917649e-05	0.002745994124178625	0.007523480786181245	0.0007849203374887211	0.00018770521227834668	0.0010360099964584646	-0.0027984834511248953	-4.193710566001669e-05
2.18	6.47688755804999e-05	-6.847023620281642e-05	0.0032222503076651	-2.760185515811431e-05	-4.508380018300369e-05	0.0027453389906496777	0.006252248869006497	0.0051739935674163535	0.00035914803398344393	0.0030738907712015333	-0.001024717655083701	-6.668345641206594e-05
2.19	0.00010759019935612767	-3.898349120413763e-06	0.0032248963080647704	7.56443521902286e-06	-4.40210864110518e-05	0.0027453415240925724	0.0019327050027250292	0.007192391886905236	0.00010021851797213114	0.0036737105593156786	0.0012648494540763557	0.00010632703048036992
2.2	0.00010004255951016093	6.38662563173989e-05	0.0032244114950185383	4.029058421028617e-05	-2.1500629262852628e-05	0.0027472188833620533	-0.0033892763480630156	0.00579395007429786	-0.00019067340359124529	0.0025738106272148622	0.003035457429514731	0.0002286811514987781
2.21	4.439551518167874e-05	0.00010277466328307982	0.0032219375504170776	5.482129787335394e-05	1.18686462567579e-05	0.0027492406283736656	-0.0073062927229918025	0.0016331098149871268	-0.0002429312103789557	0.00018114073776150262	0.003357898519111972	0.00013317518846221645
2.22	-3.435822995353556e-05	9.375215707793701e-05	0.0032203918346945053	4.318368080177496e-05	4.003043355954442e-05	0.0027493337616297108	-0.007803840419316753	-0.00340289036881621	-5.320434522171282e-05	-0.0024063329622812536	0.00202811163338342	-0.00013663737264846195
2.23	-9.906017765582766e-05	3.9503183660658375e-05	0.003220800233667494	1.0320461407236511e-05	4.958399166275448e-05	0.0027470932607403576	-0.00457263860840739	-0.00700000310719764	8.998237998153943e-05	-0.0039044605221232624	-0.0002088829761144958	-0.0002602041796736149
2.24	-0.00011801321081378984	-3.532352357904096e-05	0.003221327443493811	-2.8602327055230925e-05	3.590206515689413e-05	0.0027451090088141095	0.0009822678603570857	-0.007316530805413024	1.3611147976183284e-05	-0.0035244583343335438	-0.0024192165600380763	-0.00010201158942399608
2.25	-8.070140111941843e-05	-9.489470078248393e-05	0.003221132306734591	-5.466601124083105e-05	4.911851754404522e-06	0.0027449849909768572	0.006190030541299456	-0.004107267056543913	-3.149770561120099e-05	-0.0014675944381075385	-0.0035278395591246984	5.114556134983243e-05
2.2600000000000002	-3.7298379164630155e-06	-0.00011053739460425064	0.0032207597633310283	-5.5204684740616213e-05	-2.918755555043712e-05	0.0027458502096474823	0.008562769584498602	0.0011384161686699163	-8.20063284212327e-06	0.0013435462741808986	-0.003017818528163501	0.00010769682243489106
2.27	7.729446879903373e-05	-7.36621043168739e-05	0.0032210914220535043	-2.962847087221745e-05	-5.047034896501432e-05	0.002746953034536182	0.006983887624170989	0.005957169806376562	4.531801578700786e-05	0.0035845008651266075	-0.0010586496218139524	9.38850166996953e-05
2.2800000000000002	0.00012410745122540023	-3.8345006643033454e-07	0.003221412402284588	1.0911653109122769e-05	-4.846605378945527e-05	0.0027480096493721854	0.0019498082656422614	0.00808848897204435	-3.6155225168249655e-06	0.0042031617724647	0.0014614588562120504	0.00012849999460105152
2.29	0.00011302455714521971	7.491883496518982e-05	0.00322111248258537	4.735562979385928e-05	-2.3371422197544687e-05	0.002749236687322714	-0.004108046870399372	0.006350262844805494	-3.509899361120257e-05	0.0027559792511894134	0.003399234923624456	9.328729187533831e-05
2.3000000000000003	4.8021209902685626e-05	0.00011621449996398004	0.0032207644550582937	6.187889530014672e-05	1.3945801580118141e-05	0.0027495030313483414	-0.00838280596684006	0.0015572264841097552	8.648872772209887e-06	-7.84668881714936e-06	0.0037396969313558473	-5.677459480133702e-05
2.31	-4.165434239378364e-05	0.00010305190403480166	0.0032213397963352826	4.718671818544599e-05	4.525467369532528e-05	0.0027481842037576924	-0.00882088288376667	-0.00408687213483114	8.489037315306648e-05	-0.002816815468886398	0.0022619433436236644	-0.00019926050718858035
2.3200000000000003	-0.0001140851449903014	4.0529716888517615e-05	0.0032218174128674456	9.4935763442973e-06	5.565655238036518e-05	0.002746200130611629	-0.005050318626492269	-0.007911565250493007	-1.4244585425660725e-05	-0.0044010423410092946	-0.00028116714485387474	-0.00014017007379837408
2.33	-0.00013390150615118373	-4.2529788817560396e-05	0.0032206758719512817	-3.409065547748006e-05	3.955411558269439e-05	0.002746384251679986	0.0012807290333449405	-0.00801273210772047	-0.00021718105890853253	-0.0039337242732156875	-0.0027897629048715014	0.00018520205859942366
2.3400000000000003	-8.978120561987894e-05	-0.00010692497009483394	0.003218216349933727	-6.251369303062763e-05	3.986261290365751e-06	0.002748869985578465	0.007201499758184654	-0.004324043372321002	-0.0001992027948768241	-0.0015237587156645485	-0.0040298477101612645	0.00023533885023592442
2.35	-9.631592775222794e-07	-0.00012178583564799702	0.0032178023834005197	-6.176210093578452e-05	-3.440181533974708e-05	0.0027502231912293986	0.009848818339884642	0.0015049528206467857	0.0001273881298516994	0.0016909185414894512	-0.0033023828309113584	1.247999423758685e-06
2.3600000000000003	9.142118395422786e-05	-7.88492210166928e-05	0.0032203993206851625	-3.1545077380961214e-05	-5.697073644471029e-05	0.0027491453500542626	0.007839987438501837	0.006741717378212048	0.000322242536839203	0.004134356885087558	-0.0010346516570521346	-0.0001803621846278257
2.37	0.00014227548133731365	2.891448499227096e-06	0.00322267252440915	1.4466821484229406e-05	-5.314064632576466e-05	0.0027478507874689057	0.0018896186991285053	0.008910188526259945	7.57622013468934e-05	0.004698047740936194	0.0018070672499278756	-3.091369822721922e-05
2.38	0.00012581228471038227	8.502637746289469e-05	0.003221803059208681	5.4908638711345894e-05	-2.3682019836684895e-05	0.0027488064944048733	-0.00506144615299345	0.006837372072867739	-0.00019763878765812192	0.003048204497277728	0.0038687416695325294	0.00015678477244410806
2.39	4.860732939813108e-05	0.0001282700046198399	0.0032195436824794693	7.006015559669666e-05	1.8183314807493433e-05	0.002750003750676186	-0.009765398937701326	0.0014499373145649998	-0.00020864097849186935	-0.00015632967785792165	0.004143011371250232	5.5444710794504384e-05
2.4	-5.4159141534732394e-05	0.00011112924855079578	0.0032186753399403717	5.1979847971545125e-05	5.227977192197948e-05	0.0027494760680517247	-0.009948440817354265	-0.004763121595935046	3.897226505972173e-05	-0.0033083943640283284	0.002390598871257102	-0.00016616860544205094
2.41	-0.00013424356142405772	4.0156918885719555e-05	0.003219499224871435	8.746888700222818e-06	6.208542571814346e-05	0.002748056277962675	-0.005353735287022797	-0.008871513090006283	5.886389946073397e-05	-0.00501299932002245	-0.0005296341968264424	-8.866421529667783e-05
2.42	-0.000152240834071567	-5.2068910646235005e-05	0.0032193302282648084	-4.0250234364469816e-05	4.2246652495336314e-05	0.00274837824475225	0.0019267123036421684	-0.008783473306553519	-6.749371682169189e-05	-0.0043674388086357525	-0.003279297261861297	0.00013371462322227067
2.43	-9.785527193259952e-05	-0.00012142806280972196	0.003218127652783202	-7.14859821259686e-05	1.6050738539765219e-06	0.0027502277016195056	0.008516625383476664	-0.004505004367189969	-8.766541932057686e-05	-0.0016079893684438238	-0.004492322631789429	0.00018770009534177216
2.44	4.977747946334679e-06	-0.0001343199671295085	0.003218410598258145	-6.922122535783505e-05	-4.040698762240637e-05	0.0027509805945011264	0.011217290697605166	0.0020462333437919703	0.00015002963390969764	0.002026831050484341	-0.003555846833029231	-3.3295258027751264e-05
2.45	0.0001085116574937932	-8.304358748184965e-05	0.0032203546315877143	-3.405270354865877e-05	-6.392074027211428e-05	0.0027499137876730957	0.008627940032341285	0.007815232695682803	0.00019235035571954127	0.004737923322919132	-0.0009357401804119547	-0.00011446541568112713
2.46	0.00016306478968797705	9.586726605161295e-06	0.0032209392027812912	1.834904186217656e-05	-5.753526822519071e-05	0.002749465918696982	0.00177346966983382	0.009946445097788284	-0.0001422779534109951	0.00530743719250896	0.0021786588393622555	5.562530368414514e-05
2.47	0.0001406944022471554	9.975302803822337e-05	0.0032181118627795475	6.321690061337904e-05	-2.354613524624079e-05	0.0027509930885692073	-0.006100195370447252	0.007354149743850835	-0.0003639773422732918	0.003275712966136746	0.00435000523799676	0.0002010317489425517
2.48	5.032563147498923e-05	0.0001447089047187006	0.003215602948603684	7.879341087172437e-05	2.2453110661045723e-05	0.0027520246953299165	-0.011249381775007304	0.001246924658809003	-5.5372182928094694e-05	-0.00032499614077539533	0.004457924122611463	-3.9197298364026734e-05
2.49	-6.692167227645309e-05	0.00012215467111530406	0.0032171822798637943	5.7130482780811195e-05	5.8657949203112836e-05	0.002750427664760783	-0.011223106621553935	-0.005635764967549268	0.00031750359912714857	-0.003839375407417792	0.002469738880391216	-0.00022073435410776792
2.5	-0.00015552291518147808	4.0635356138220944e-05	0.003219808011943937	7.747553549142146e-06	6.7744189327828e-05	0.002748909367498219	-0.0057195983953553095	-0.010020489503862107	0.0001434307845602555	-0.005648866173288329	-0.0007510737411085268	-2.5559725803467034e-05
2.5100000000000002	-0.0001714821243983192	-6.240147990576866e-05	0.0032194449488384394	-4.7093796854034185e-05	4.464677327605223e-05	0.0027503191599974526	0.0026986811057942576	-0.009707278878388946	-0.00022327629876226559	-0.0048674401332005155	-0.0036720609674397785	0.00027364214432054374
2.52	-0.00010547534716031414	-0.00013785087780742196	0.0032165375728512176	-8.138709054170288e-05	-2.8043958249356584e-07	0.0027534023852216175	0.00998728895881076	-0.004732426851206727	-0.0002549851101567899	-0.0016643951781365029	-0.0049255594924573366	0.00023031824865049464
2.5300000000000002	1.2474661860700967e-05	-0.00014931730517142664	0.003215843344231987	-7.745705728699214e-05	-4.581521342787378e-05	0.002754100936021924	0.012685173040694907	0.0025800869165105906	0.0001226595560506126	0.002419081533022694	-0.0037888032112745403	-7.53960922309504e-05
2.54	0.00012812470971785552	-9.006088039243056e-05	0.003217930744132513	-3.666091325716277e-05	-7.022313062934524e-05	0.002752397002414763	0.009434334169476059	0.00883293058556541	0.00022349096275692165	0.005437417645589501	-0.0008986802208788263	-0.00019479912486484067
2.5500000000000003	0.00018538545154130607	1.3531064556511307e-05	0.0032188201298866924	2.311388198113768e-05	-6.213857604091665e-05	0.0027513321958375224	0.0014992987627365972	0.011009695314286872	-8.344043833978386e-05	0.0060263676243008275	0.0024942551032159544	2.6254810277550327e-05
2.56	0.00015486017572231733	0.00011264830022905032	0.003216710716855975	7.373125516352597e-05	-2.4224451999092838e-05	0.0027525811061847403	-0.007382138349654083	0.007987656929437098	-0.00026477505487819576	0.0036453824958726697	0.004783667082301257	0.00017473728471839275
2.5700000000000003	4.938594007665131e-05	0.0001603399317483349	0.003214944111097367	9.017794413977e-05	2.58099306675001e-05	0.0027535043774190165	-0.012893234314260156	0.0011404895211624918	-4.408441374490463e-05	-0.0005292095875319563	0.004803437189824806	-4.564623875073298e-05
2.58	-8.289114419592684e-05	0.0001327892418158482	0.003215909428463416	6.393403181062595e-05	6.41352680449062e-05	0.0027521480559319256	-0.012484118712774637	-0.006457447405333269	0.00019960597297226395	-0.004519695968598708	0.0025296839009313673	-0.00017548323535913394
2.5900000000000003	-0.0001792260792026366	4.100168056767547e-05	0.003217320489628393	6.846956260993752e-06	7.239615244679313e-05	0.0027513348611391576	-0.005934085536674448	-0.011160981985343384	1.0775910278198944e-05	-0.006450001850066537	-0.0009368490263490921	3.886127406811043e-05
2.6	-0.00019133387769882377	-7.232568104446291e-05	0.0032159476969040256	-5.510571703254664e-05	4.625503601665581e-05	0.0027532228209815155	0.003632056856086969	-0.010555989201457849	-0.00026991541713956363	-0.0054286641330311206	-0.004055482316812864	0.0003152316031673628
2.6100000000000003	-0.00011185694042586615	-0.00015321311353496466	0.003213706692264283	-9.226700899431884e-05	-2.459338013036817e-06	0.0027560019693139144	0.01163689270174772	-0.0049666065513164805	-6.609233796424836e-05	-0.001690599456722211	-0.005275645415705292	0.00015581702665557268
2.62	2.3150619190635336e-05	-0.0001632411789328866	0.0032150795960242955	-8.590121362626973e-05	-5.084517839300066e-05	0.0027554261644899282	0.014294334431395394	0.0030834918244032243	0.0003392178665770291	0.0029144475128971823	-0.004016369620601794	-0.0002453678245918427
2.6300000000000003	0.00015105603871792023	-9.575794458451687e-05	0.0032186990256456386	-3.864558451792194e-05	-7.603682635221315e-05	0.0027525920545702705	0.010182955797985921	0.009897482962197496	0.0002608440672750331	0.0061703716507661875	-0.0008361940079336542	-0.0002220035868746736
2.64	0.0002093007858021314	1.923915836747217e-05	0.003218511547660738	2.8512324746091652e-05	-6.577330499205594e-05	0.002752525136015414	0.0009237291998060355	0.01213102112541569	-0.0003179743214809185	0.006700376845312225	0.0028232018434371053	0.00020075029347733738
2.65	0.00016763340600184297	0.00012704117216858605	0.003213749726960617	8.416716850873693e-05	-2.4051648353876897e-05	0.002755837748355452	-0.008915965745899996	0.008551341736400386	-0.0005136705431200545	0.003933157116027228	0.005182351977825766	0.0003665075181037733
2.66	4.43753474919678e-05	0.00017677547020530246	0.0032110203011913763	0.00010028157300668162	2.9635079534799675e-05	0.00275788302684838	-0.014723419239760064	0.0009864513641700146	3.901175464228936e-05	-0.0008093284234488451	0.00510489592284695	-2.7930620882409605e-05
2.67	-0.00010395480287470474	0.00014437215569536074	0.0032135189612479214	6.92689942878576e-05	6.979092867062249e-05	0.002755973959332691	-0.013682945905240076	-0.007251159595334543	0.000394495719331229	-0.005149464848342382	0.0026100095235118206	-0.0002861514475245225
2.68	-0.0002063960087999789	4.254175644652628e-05	0.00321646507298932	4.785798596433639e-06	7.755000182925658e-05	0.0027540901296002774	-0.005886668820045111	-0.012264819489054864	8.59656909889954e-05	-0.007244588494061342	-0.001148102446247857	-2.3349628415897684e-05
2.69	-0.00021142822673333943	-8.109873294842946e-05	0.003215245043045312	-6.399112172361386e-05	4.842440389119967e-05	0.0027556404917645785	0.004935996275336438	-0.011426676286451859	-0.00028243163214687833	-0.005907254947325339	-0.004444336155279255	0.000289800645623867
2.7	-0.00011499637237303541	-0.00016798841632685485	0.003212698573367595	-0.00010356641539749238	-4.175940999583368e-06	0.002758106855029367	0.013559637039550416	-0.005238617352333873	-0.00011604214492696314	-0.0016544860504543886	-0.0056294343326920996	0.00011754864283502669
2.71	3.881876235107068e-05	-0.00017685589276558746	0.003213578778839289	-9.43921821255327e-05	-5.515672258784533e-05	0.0027571630194025806	0.015949023024376507	0.0035670386623573216	0.00023465921858412323	0.0034412827401602533	-0.0041647591558230754	-0.00026521943535655514
2.72	0.00017809802352598998	-0.00010141600681986248	0.0032152733882911243	-3.9648431906821516e-05	-8.099893653977442e-05	0.00275510026818737	0.010694321995735234	0.010936194639995192	-2.2400833535730237e-06	0.007046820574031254	-0.0007894225245003114	-5.193229261662105e-05
2.73	0.00023422410789084724	2.4249014628606185e-05	0.003212851493594467	3.571757487078638e-05	-6.925055187385485e-05	0.0027566484954164253	1.581394575247411e-05	0.013112932954973594	-0.0004254219931763292	0.007389569615794799	0.003069181507834494	0.0003455696737459725
2.74	0.00017864742632165104	0.00014006131972327105	0.003208670447481332	9.550983200991896e-05	-2.4492476463735208e-05	0.002760395803733284	-0.010700141850640896	0.009099446567672975	-0.0002543603167177741	0.004066296407172719	0.005514358047931822	0.00026371751969342925
2.75	3.643197447151909e-05	0.0001916266827609309	0.0032095894096537824	0.00011015649431904276	3.181890946866262e-05	0.0027604132906566548	-0.016610017145255104	0.0007794056269093591	0.0004154689681429725	-0.0012248072115978136	0.005308074349627376	-0.0002534583380343934
2.7600000000000002	-0.00012706736775630175	0.0001533207879638249	0.0032151029739637496	7.2835942453446e-05	7.358000182405726e-05	0.0027567582005074112	-0.014712125485431191	-0.008150512348189986	0.0005204976147938927	-0.005930923025476579	0.0027125406723570384	-0.0003604628861971187
2.77	-0.00023272791543636997	4.0943838269707484e-05	0.0032168830952788753	-3.2435193560729377e-08	8.153430956908537e-05	0.0027555584158155994	-0.005468774350338822	-0.013383009279059712	-0.0002291837752283033	-0.008045132249490897	-0.0012259813326249347	0.00014064998142551024
2.7800000000000002	-0.0002272570066008058	-9.288421045007802e-05	0.0032115377777496897	-7.526991547725027e-05	5.096897025902878e-05	0.002759090137519613	0.006523380995721435	-0.012253130526959964	-0.0007100543828610712	-0.0063489060566575784	-0.004640627092701081	0.00048363329452424844
2.79	-0.00011240998618864475	-0.0001844878101550334	0.003206509587032387	-0.00011605922646315089	-3.999875564374242e-06	0.0027626505383312023	0.015533255914627795	-0.005347297564236958	-0.00015566145658103323	-0.0014582940787155674	-0.005854163951243733	0.00010083680535420976
2.8000000000000003	5.9554045972813534e-05	-0.00019067054828551065	0.00320852107293009	-0.00010242933904697031	-5.662584921925276e-05	0.002760749223419821	0.01746075731881059	0.004195390129302624	0.00046435525737856926	0.004084324445703347	-0.004287599272843994	-0.0003645276946552295
2.81	0.0002075827959509894	-0.00010616034263427013	0.0032128031946696244	-3.996745544176554e-05	-8.282596447366977e-05	0.00275765733807545	0.010844462114361023	0.012050506120247386	0.0002417466214160105	0.00792879513274754	-0.0007470994372475152	-0.00011081353545312838
2.8200000000000003	0.0002579007811927478	3.082807568637147e-05	0.00321214766423684	4.361195072077447e-05	-7.050522073875841e-05	0.002759366677757688	-0.0012230562792886527	0.014170713958882695	-0.00033172065740990394	0.008078693565729272	0.00312675337874257	0.00038372805887548647
2.83	0.0001849562623001097	0.0001545571094439197	0.003208402123287045	0.00010806710429249441	-2.4810116629107672e-05	0.00276341568768237	-0.012799755378548836	0.009555103893995153	-0.0002472181267910039	0.004246917433085194	0.005635803986808491	0.00031143525069619497
2.8400000000000003	2.1654234223769157e-05	0.00020712994366265725	0.00320876085956163	0.00012151898442052823	3.302771877483267e-05	0.0027637683857623407	-0.018561339456216616	0.000491822223196608	0.00030637112526172986	-0.0016462005943371073	0.005446182102533955	-0.0002524004524327368
2.85	-0.0001564958670337916	0.00016227705804322683	0.0032123700549036337	7.764059529658854e-05	7.555564577668395e-05	0.0027605842107605726	-0.015534930370795426	-0.009149713573274123	0.00024168767616307863	-0.006813110087190217	0.0027360608421129534	-0.0002654160253165546
2.8600000000000003	-0.0002625414439710028	3.874895110155717e-05	0.003211506250499947	-4.451198852451748e-06	8.331063388694937e-05	0.002760514611318376	-0.004730141669710759	-0.014516531419286717	-0.00043450909980048295	-0.008934912922342834	-0.001262141779319124	0.0002719831364033849
2.87	-0.00024312991152891216	-0.00010452340553222011	0.003205597350145363	-8.641608006313393e-05	5.1998206222132726e-05	0.0027645030192522875	0.0084443023894647	-0.012971850796715173	-0.0005737678909941311	-0.006732315186613372	-0.004733572800151211	0.000391126503683973
2.8800000000000003	-0.00010708840398544053	-0.00020041220864037867	0.0032033049053269438	-0.00012785846175120857	-3.489011649770909e-06	0.002765750802375153	0.017720393832549194	-0.005444788708523873	0.0002032229407813836	-0.001227871866042501	-0.0058739215904374245	-0.00019251043495452437
2.89	8.387790646128025e-05	-0.00020381479145360507	0.0032085508222696895	-0.0001089863452484035	-5.6669943329398864e-05	0.0027616133812896127	0.018852922666557567	0.004863903597018813	0.0006373735153324181	0.0048717064910259265	-0.004362412972677121	-0.000476322175116716
2.9000000000000004	0.00023826907745733787	-0.00010994895839881434	0.0032126416910950592	-3.742586830996625e-05	-8.408114918908284e-05	0.0027591785669536634	0.010677106879273417	0.013153029162820904	4.145001374859486e-05	0.008872401751082573	-0.0008789766034461268	9.679111751944458e-05
2.91	0.00027880346487006865	3.774674578151117e-05	0.003209229510212936	5.4416514470900745e-05	-7.231707844732961e-05	0.0027631930598438236	-0.002893306429912418	0.01511768381868815	-0.0006159623177288291	0.008708435798491503	0.0031777551329424366	0.0005983831729340653
2.92	0.00018563063586946157	0.0001686091890032492	0.0032038411812592435	0.00012173445099489159	-2.594331956357744e-05	0.0027681592644245756	-0.014969871526382995	0.010024904244752454	-0.00028382154402920826	0.004174880007198834	0.00565919228805766	0.00021736673110192006
2.93	2.0847139095413126e-06	0.00022215156820904974	0.0032051246292160093	0.0001313335857786808	3.1852537000344195e-05	0.0027668614074132358	-0.02027355848905453	0.00019781709017058165	0.00046402891195276326	-0.0023527206885550645	0.005464472697734613	-0.00040317817465134224
2.94	-0.00018653280732599617	0.0001710204840595994	0.0032095239105918915	7.825985388640968e-05	7.496074671847225e-05	0.0027627815553092996	-0.01582769048266763	-0.010064989382322198	0.00023164245367170163	-0.007862006878403948	0.002829398689758161	-0.0002567295112197821
2.95	-0.0002873536774125695	3.6796443858989695e-05	0.0032081405368808978	-1.3932010858500117e-05	8.372316859136061e-05	0.002763288368279898	-0.003456150818220515	-0.015635405822746487	-0.00047994301727228504	-0.00980959531554554	-0.0011423067524135451	0.0003399008548204703
2.96	-0.0002503005166793722	-0.00011641980613640016	0.0032026865878905927	-0.00010151846072516951	5.3347825927535656e-05	0.0027677095079652993	0.010549138144458898	-0.01377775113974651	-0.00041841232840759854	-0.006947496563506015	-0.004683453580959989	0.00038193108533333785
2.97	-9.2834280439486e-05	-0.00021709777611853118	0.003202388382702364	-0.00014111932652280686	-1.7041083858684344e-06	0.002768566908886805	0.019706453487063926	-0.005560723163702138	0.00038633481570048497	-0.0006580505591298975	-0.005888465621088036	-0.0002219340970442513
2.98	0.00011317366459977504	-0.00021751625083514035	0.0032076381770902713	-0.00011395513215403999	-5.568785358723202e-05	0.002765173013333328	0.01971283908217165	0.005603122300379324	0.0004757101885304864	0.005921429783407035	-0.0044800820936575095	-0.00030018739117107436
2.99	0.00026760034633244357	-0.00011355009366835758	0.003208804333804919	-3.155877781468452e-05	-8.465691472945674e-05	0.0027650476509243314	0.009807356504749964	0.014314073583207321	-0.0002892479272876605	0.009892595758346584	-0.0010470370519855066	0.00031073659757161707
3.0	0.0002932304253993192	4.558346555168343e-05	0.003203391396430269	6.762962408460254e-05	-7.445835494721483e-05	0.0027698253833076986	-0.004851298811609601	0.01618976339064093	-0.000606569884393569	0.009076312331948926	0.0030114205371169203	0.0005429087530532947
3.0100000000000002	0.0001783651451290099	0.0001847229477250192	0.003200425428165391	0.00013461548551189955	-2.949535075539466e-05	0.002772399625589303	-0.017199529617054333	0.010561509974125721	0.00014103828308262065	0.0037607462215031927	0.005589392918162295	-0.00015729013270823086
3.02	-2.4192777056617143e-05	0.0002396302729729141	0.0032053795192137037	0.00013704219481575552	2.8672043627975797e-05	0.002767666089723826	-0.021673217372226473	-0.0001537251216423259	0.0006487785457279009	-0.0032729210497388166	0.005598691197375664	-0.000622110536379773
3.0300000000000002	-0.00021874844157233778	0.00018028944090420443	0.0032092044918745452	7.392938047759396e-05	7.448731392910986e-05	0.002763518004002731	-0.01550107367840515	-0.01124773315544144	-3.6069950413497655e-05	-0.008866378210185974	0.0031750870799707024	-8.58149824008007e-05
3.04	-0.0003083411065081075	3.333342823574915e-05	0.0032045694881067456	-2.6523120268891387e-05	8.654454785240483e-05	0.002766596463350887	-0.0016429837359454764	-0.01688211243456488	-0.0007604879125480415	-0.010357589262102944	-0.0008689645139119317	0.0006292605528620405
3.0500000000000003	-0.0002496614399091582	-0.00013036209867340142	0.0031977604364518256	-0.0001156156341499188	5.8259217919147434e-05	0.0027726888501559536	0.012866927126390306	-0.014577159607889245	-0.0003781148586495964	-0.006663604850814844	-0.004551781731313571	0.0004030488010401492
3.06	-7.065164405523651e-05	-0.0002355975125837626	0.00319942767813232	-0.00014929760569854097	3.5039478822969654e-06	0.0027725207769543504	0.02151070040233394	-0.005595614514041525	0.0006078589971152411	0.00019236522670673908	-0.005961281092823381	-0.0003714218442242936
3.0700000000000003	0.00014613196168963879	-0.000231233720782577	0.0032059068410689273	-0.00011226865182239421	-5.2489413489810925e-05	0.0027685107759294596	0.019945846688680723	0.006505358842098753	0.00045577638828441473	0.006973596467178013	-0.004802368507909141	-0.00025358786550460917
3.08	0.00029384511723893166	-0.00011514855562614071	0.0032057885513884234	-2.0361624520997034e-05	-8.521183914220702e-05	0.0027691495902888966	0.00833778346220266	0.01572341886286554	-0.0004552131316668503	0.010664327838701661	-0.0014603006923279637	0.0003866436564345746
3.0900000000000003	0.000299736949498311	5.730226406751831e-05	0.003199655746034464	8.328874677523598e-05	-7.876179411812397e-05	0.0027740210419676505	-0.007157058459688891	0.017350775238764136	-0.0005719408223385093	0.009140838469468114	0.002698054733637513	0.0004280346488066715
3.1	0.00016231392201176978	0.00020488536643008137	0.0031981485251717408	0.0001471250736596373	-3.5865646270423864e-05	0.002774741279461204	-0.01927756531623412	0.010989264495277996	0.0003325472087006735	0.003099407459131014	0.00549981142111851	-0.00033141849594761657
3.1100000000000003	-5.566554627026402e-05	0.0002585981160311616	0.0032035871148177	0.00014095434949660678	2.3207483935241994e-05	0.0027694340028246237	-0.022502424620584417	-0.0008338793384010603	0.0005303672796079826	-0.004307020433692591	0.0058948023850299	-0.0005427356495311492
3.12	-0.00024964816192082803	0.00018832474288180346	0.003204962357121368	6.691713964624495e-05	7.308068109237956e-05	0.0027672386434221615	-0.014569162132587953	-0.012662863418189932	-0.00034705276354587766	-0.00988602212555586	0.0036633565487633195	0.00015812774217306187
3.1300000000000003	-0.00032260651377420826	2.6880611929599335e-05	0.003198200114788267	-4.109211227945714e-05	9.012506812103583e-05	0.0027719404463574853	0.0005242247533755669	-0.01826872841691746	-0.0008170092917000254	-0.010759592746126825	-0.00045559136914729485	0.0006488283038936505
3.14	-0.0002412431279685612	-0.00014843394317371156	0.003193445109653751	-0.00012975597059396304	6.469618413493743e-05	0.002776325243068778	0.015081077583247877	-0.015415922656180412	4.275925199910178e-05	-0.006227808235843189	-0.004377219054267586	5.91231711821065e-05
3.1500000000000004	-4.338988093452719e-05	-0.0002573113036607154	0.0031989805199132107	-0.00015590759381660542	9.902714744015505e-06	0.0027733183509532624	0.02289843116391169	-0.0053682405746015155	0.0008656789214514802	0.0011934866125907476	-0.006208055104191307	-0.0004861984873043526
3.16	0.00017851896486583235	-0.00024482422440096774	0.003205377873111106	-0.00010752904657234266	-5.0519753358094815e-05	0.0027700345015396676	0.01953630604075428	0.00781424500829672	0.00022041571728250315	0.00811194781006467	-0.0053961166372764385	-3.839482972472789e-05
3.1700000000000004	0.00031401908471666306	-0.00011384064750201196	0.003202301790595538	-6.201098196322482e-06	-8.882371567177442e-05	0.002773195974053171	0.0064093295525231115	0.017260588588531425	-0.0007357921849624168	0.011283459288229757	-0.0019200717395633055	0.0005974627111422926
3.18	0.0002976910251169055	7.238886450611242e-05	0.0031948544777130744	9.890491056549456e-05	-8.557756172329071e-05	0.002778604116289642	-0.009462756237984773	0.01848081257648078	-0.00047694670439057805	0.008796868007618641	0.0025190717843128142	0.00026985605678102553
3.19	0.00013930397988958052	0.00022746352712305944	0.003195591917151634	0.000155464722837602	-4.306255487594643e-05	0.0027765716715821586	-0.020999896754164124	0.01124887338424647	0.0005406376023235029	0.0020812724852498723	0.0056368445590779725	-0.0005985042681935939
3.2	-8.907718604494333e-05	0.00027748127138038783	0.0032015788532478388	0.00013781246165646036	1.937798407577589e-05	0.0027704122637791143	-0.022683914017352466	-0.001796405532481173	0.0004140593105647888	-0.005502168018590813	0.006419978189484897	-0.0004059155499927389
3.21	-0.0002757117222295815	0.0001932999922604067	0.003201091736188396	5.3581841840227994e-05	7.521660271996827e-05	0.0027707159293216097	-0.013004236910070372	-0.01429355192628961	-0.000509205705186216	-0.010626937737451556	0.004240147208999583	0.00047696826754590414
3.22	-0.0003280215324392704	1.562518802379257e-05	0.0031940904655363162	-5.7367132028161544e-05	9.645154371035326e-05	0.002777374907633069	0.0028570480446325854	-0.019751141355557778	-0.0006480169269777303	-0.01058777342685796	-0.00018287442288608512	0.0006818339262899827
3.23	-0.00022401375339602497	-0.00017144006041680022	0.0031924166999149515	-0.00014020365754739133	7.248302798717154e-05	0.0027802083268333127	0.01715618652241151	-0.016188459235105628	0.0004096220788367314	-0.0052986896241800675	-0.004368814971840553	-0.0001953288004397789
3.24	-1.1117017781923371e-05	-0.0002813594433863927	0.0031998570118266308	-0.00015573948448365971	1.5605351438239628e-05	0.0027755803163786045	0.023675084311334624	-0.004738379051295008	0.0007926772447043819	0.002306173826775176	-0.006616222529243318	-0.0005120613293877667
3.25	0.00020975181201220448	-0.0002566531085688747	0.0032034230416907827	-9.726282138795555e-05	-5.024644564968745e-05	0.002773413268812411	0.018505786647445795	0.009525848712053427	-0.00020226310374769698	0.008940106975042926	-0.0059891160443495805	0.00015738520186503279
3.2600000000000002	0.0003277968447646462	-0.0001070908470331524	0.003196600337508978	8.801445367207314e-06	-9.444748244598365e-05	0.002777978381908382	0.004170143861129606	0.01907981053314509	-0.0009718953257440678	0.011368600024873674	-0.002418610881068533	0.0006103605930351426
3.27	0.00028817120297688496	9.435636905487165e-05	0.0031896350017374176	0.00011054737998435425	-9.424341093535246e-05	0.0027818238398569757	-0.011713936978385468	0.01960537674675129	-0.00017955549354904603	0.00808941121567686	0.0023843866513001627	-5.788259349066124e-05
3.2800000000000002	0.00011103540264648486	0.00025502018662265955	0.003193766402625561	0.00015797361912134891	-5.076232931122986e-05	0.002777020297925735	-0.02234375219438185	0.011110774298721413	0.0008147862226586502	0.0010719882933576386	0.005981474308031853	-0.0007365630904439421
3.29	-0.00012203603007740391	0.0002959596098878871	0.00320036386391117	0.00013039242496205665	1.7083592259343933e-05	0.0027715257832451254	-0.02221588963842933	-0.003372007949231521	0.0002866853448089965	-0.006410761285522321	0.007093198450066364	-0.0001783919864483534
3.3000000000000003	-0.0002955653446918378	0.00019285198523158185	0.0031980845639804924	3.935064524236755e-05	7.975920350168515e-05	0.002774396315497223	-0.010995701633165562	-0.016331538201044382	-0.0006667855032832295	-0.011025425299838052	0.004878084800931337	0.0006940615166139125
3.31	-0.00032540768907134875	-3.358792976163186e-06	0.003190947740071551	-7.110425562873978e-05	0.000105821021426365	0.0027819500203737214	0.005174978078463406	-0.021302845228483663	-0.0004880879430139538	-0.010061017554051033	0.00012128738848874139	0.00059170113411921
3.3200000000000003	-0.00020064093656090246	-0.00020066373778841422	0.0031918690696838376	-0.00014560258658008148	8.262474106899458e-05	0.0027827832042061364	0.018849992083560852	-0.01655175519832407	0.0006129741626931803	-0.004251991732445925	-0.004572326099371774	-0.0003516871070212525
3.33	2.2301886163785735e-05	-0.00030613411551189205	0.003198623227949665	-0.000150099662915086	2.0976416506085345e-05	0.002778055016352456	0.023837597903333226	-0.0035263053431539796	0.0004749151692985028	0.003387209456162832	-0.007321974407943014	-0.0003776380879887155
3.3400000000000003	0.0002350779161469509	-0.00026348972808943894	0.003198380539349956	-8.290388207427361e-05	-5.253254056332123e-05	0.0027779188303172133	0.016843244825548498	0.011659979948905132	-0.0005324189631672045	0.009505511367739153	-0.006764871237874652	0.0003475215561387588
3.35	0.00033208886025828363	-9.270448700541612e-05	0.0031905529999688375	2.4413614063568296e-05	-0.00010245891174611151	0.0027829284370767325	0.001878197772844994	0.02101969195162068	-0.0007763227240571268	0.011015580975683002	-0.0027633763944549584	0.0004394573376628902
3.3600000000000003	0.0002709624686348288	0.000123698365658023	0.0031881015681264045	0.00011855718830995714	-0.0001037646301921049	0.0027832252906534755	-0.013601239943467982	0.020563349893804157	0.0003978037813430599	0.007001248176472978	0.0024561445619056916	-0.00046456545233940493
3.37	8.003709829693993e-05	0.0002854960055557677	0.003195906201308074	0.00015427997850415656	-5.711238533516943e-05	0.0027760495305214415	-0.023026482183921497	0.010303204266099935	0.0008738153425472265	-0.00011746854518210749	0.006579377637352549	-0.000724067736464311
3.3800000000000003	-0.00015106651938370612	0.00030996501010815215	0.003200293301080964	0.00011635874674884753	1.850282022428773e-05	0.0027728703581197706	-0.021140035485307376	-0.005659213096425963	-0.00011751810294767932	-0.007201081577003863	0.007924541004185279	0.00019874614398571048
3.39	-0.0003071248719000708	0.00018273481113593735	0.003194105149397833	2.1647082807105334e-05	8.789134657149632e-05	0.0027790107085906355	-0.008795820800923244	-0.018664436219225915	-0.0009109450714128751	-0.010933805000260479	0.005323879777199485	0.000877539819842618
3.4000000000000004	-0.0003147948163921306	-3.241552216268633e-05	0.0031874776058003567	-8.299649111698173e-05	0.0001158729907991764	0.00278611558078217	0.007210642873110472	-0.022656359521247907	-0.00016391203406548792	-0.009080256130099548	7.365779087923088e-05	0.0002882936938297398
3.41	-0.00017351208597118488	-0.0002358409465450616	0.0031916709131264306	-0.00014598390450427058	8.99877428509906e-05	0.002784097796165804	0.019977696935142286	-0.0162747256564865	0.0008024168666854071	-0.0030397646958293684	-0.005073093734675961	-0.000552448990890189
3.4200000000000004	5.261546403622417e-05	-0.0003288508801660209	0.0031979809829192265	-0.00013937416863455505	2.1494241584785137e-05	0.0027795106039454572	0.023288564711544734	-0.0014318059387590757	0.0002513242573539359	0.004323615496012771	-0.00813864270832104	-0.0001972965887411567
3.43	0.00025265039286040647	-0.0002611266707716333	0.0031950596917882795	-6.62367313573237e-05	-5.967652997670779e-05	0.0027810273679119268	0.01501889810752326	0.01432682955629717	-0.0007547411263154119	0.009697858680125907	-0.007395500480437807	0.00046526522859451265
3.44	0.00032941748538966914	-6.71219732027726e-05	0.003187088055731556	3.818933186267943e-05	-0.00011362860081889777	0.002785793510566326	-0.00020234117704282482	0.022838129558023064	-0.000546232179402485	0.010246005535357289	-0.002898622367781986	0.00028740181429799737
3.45	0.0002501644713120616	0.00016056304501659016	0.0031877705652561656	0.00012158134555359479	-0.00011379184815120519	0.002783694494049932	-0.015044561418499648	0.02088200287826252	0.0006640716567982892	0.005804218622875221	0.0028750298995773946	-0.0006461350047543482
3.46	5.063622241607526e-05	0.000315099038886634	0.003195487421158218	0.00014609932588208291	-5.987323225638661e-05	0.0027770391470131116	-0.023166930681296997	0.00858402908862402	0.0005948182294361512	-0.0010779988764637604	0.007525396522564818	-0.00046910007738899985
3.47	-0.00017380574645033936	0.00031640838819717895	0.0031964749062938155	0.00010102253238846489	2.5297130613830293e-05	0.0027770747251173013	-0.01976149057267238	-0.008350686072013324	-0.0004424524975540027	-0.007608634626158197	0.008783444148474427	0.000480434247846627
3.48	-0.0003119499884943617	0.0001633853742933641	0.003189210796339488	6.766217463073871e-06	0.00010041713293722733	0.002784615960323458	-0.0068080119256129275	-0.020877635473590783	-0.0007674192655756879	-0.010405565870048462	0.0055604173695981505	0.0008102462222632369
3.49	-0.00030123440357607403	-6.771939470795945e-05	0.003185994669337378	-8.901070505639238e-05	0.00012750872133107676	0.0027887153432524557	0.008845132426076905	-0.023549291191245277	0.00026748774608109015	-0.007907314975223049	-0.00033115426912048003	-0.0001112140947363178
3.5	-0.00014775934533291287	-0.00027027855084247324	0.0031926559749352254	-0.0001400731198118168	9.469116558798754e-05	0.0027839725824203108	0.02065951832330895	-0.015162401653790116	0.0007593869601455901	-0.0019342818566549264	-0.0060289273374236835	-0.0006196265092798616
3.5100000000000002	7.832228254800753e-05	-0.0003434619675175014	0.0031965970279975334	-0.00012463871641034104	1.559302914417582e-05	0.0027802001494014825	0.02255937041076119	0.0012361583366839403	-8.81729787041521e-05	0.004922665206992779	-0.009177908770717442	-2.7849248503922413e-05
3.52	0.00026496291099129405	-0.0002481713850430374	0.003191021360415274	-4.959647490420052e-05	-7.360852033050654e-05	0.0027831605759128858	0.013217257233169175	0.01690552660398906	-0.0008150605019774464	0.009453850257974829	-0.007858895159986461	0.0005259584270003987
3.5300000000000002	0.0003231348801900227	-3.374037684027364e-05	0.0031850944799506737	4.8263494730728256e-05	-0.00012815944526144415	0.002786944230958391	-0.0019624473404481527	0.024245111507950567	-0.00011813286736862217	0.009253564046963456	-0.0025647977460997906	2.4159548172563833e-05
3.54	0.00022874375437424938	0.00019936625557035072	0.003189548488029501	0.00012067361153207459	-0.00012173746758891793	0.002782992304778505	-0.01626595226440065	0.020413864352557737	0.0008240522851014208	0.004689187584869206	0.0038102630761375576	-0.0006792635363319321
3.5500000000000003	2.330876043927492e-05	0.0003391164677753676	0.0031962239886304767	0.00013546043603714916	-5.672022300776319e-05	0.0027779397039172744	-0.023067596688630704	0.0062135001637799985	0.0002929846226268322	-0.001870455790425201	0.008693622676001097	-0.0001802234320839128
3.56	-0.00019287966139722027	0.0003124724906522496	0.003193434376595262	8.555382542485904e-05	3.8041178292985285e-05	0.002780595171611126	-0.018313326667240115	-0.011261425889763423	-0.0007808606293399028	-0.0076931725649313195	0.009433945128056006	0.0006412325263542141
3.5700000000000003	-0.0003139984536381471	0.0001342839589425654	0.0031849446071858813	-5.553774685263604e-06	0.00011541436834913042	0.0027877435471478982	-0.005024746515517861	-0.022827636474184728	-0.0006094067872600936	-0.009695662574449072	0.0053611437104820366	0.0005579653326071324
3.58	-0.00028670000316539945	-0.00010888452487232961	0.0031851536439957795	-9.169594285752592e-05	0.00013739103010254082	0.0027885608712102704	0.01030640745847194	-0.023880485878046497	0.0006107068925561601	-0.006831116844310054	-0.0010980877596440124	-0.0004087708067461145
3.5900000000000003	-0.0001223648013685518	-0.0003037182060610513	0.003192909469387213	-0.00013262460391048195	9.449929427164185e-05	0.002783291707924089	0.02123061660930093	-0.01329376871514274	0.0006536272344456862	-0.001032430259940828	-0.007172169498656439	-0.00044402942221489686
3.6	0.00010183431491747613	-0.0003512682367820976	0.0031944430765504816	-0.00011091031169385392	4.618422074356281e-06	0.002782162182359949	0.021644451549702747	0.0042304974091384945	-0.0003857915765920846	0.005230412144347607	-0.010041990072574123	0.0002492975104834219
3.6100000000000003	0.0002746425086510777	-0.00022727861403238012	0.0031878354236940555	-3.618079002194449e-05	-8.927811245035928e-05	0.00278700287740813	0.011556813855587754	0.019414328503432884	-0.0007204889953003642	0.009050889220606591	-0.00787902496708008	0.0005126336899066749
3.62	0.00031623272948322887	5.051729111674094e-06	0.003184759839293988	5.429577864111163e-05	-0.00013998992754658054	0.002788822557606099	-0.0035066472965284007	0.025228341803074688	0.0002283616327250419	0.008244632000792102	-0.001889142123298641	-0.0002765071972062721
3.6300000000000003	0.00020841054105876452	0.00023787493755553235	0.0031908025829654463	0.00011645260111732355	-0.00012431592695363704	0.002783090434464394	-0.01725322145583421	0.019304453927076907	0.0007257539122300954	0.003747900939859678	0.004941248516507804	-0.0006661520213548134
3.64	-9.27949601031918e-07	0.0003569049292815418	0.0031941573595163975	0.0001234857481109605	-4.7832272345042106e-05	0.002779619600399012	-0.022766044618482518	0.0034268234758565324	-0.00016199825915245178	-0.002403392977644783	0.009736004459366114	7.41999439412638e-05
3.6500000000000004	-0.00020836188544860168	0.0003008778746454488	0.0031882649526950675	7.194766387005178e-05	5.430806493587233e-05	0.0027841405356211013	-0.01698045247860575	-0.014048996746980335	-0.0008594387165840242	-0.007475253295837168	0.009780686419746071	0.0007156481167301449
3.66	-0.0003145751467835136	0.0001003091375343053	0.0031819549714738743	-1.3169095283771072e-05	0.00013063210718038378	0.002789994843733866	-0.003514190463568627	-0.024417099395848366	-0.00014536835893181002	-0.008744412469587284	0.004828581663491615	0.00026391766370551575
3.6700000000000004	-0.00027303065712297393	-0.0001497886685845478	0.003186687790297065	-8.884681218567917e-05	0.0001439911754111858	0.0027881736925183223	0.01158547977891826	-0.02356921381755049	0.0008928929591532284	-0.005854972986814211	-0.002263702531233254	-0.0005256916464237584
3.68	-9.980628945026688e-05	-0.0003307289312826229	0.0031942950003898468	-0.00012192393288139593	8.839993058798962e-05	0.0027835632727529814	0.021575253259095917	-0.010941221705356911	0.0004247939101218929	-0.0004969043335343896	-0.008415500289089476	-0.00023299645666570613
3.6900000000000004	0.00012178446104549011	-0.0003493593708990613	0.003193312850547613	-9.759501107340798e-05	-1.1273715846236715e-05	0.0027847815750421385	0.020799584656935717	0.0073141594072987735	-0.0005773668320755031	0.0051699215409924705	-0.01064795697306373	0.0004397032148112823
3.7	0.00028267825393708985	-0.00019852251615775748	0.003185856557693139	-2.6825713762208793e-05	-0.00010627128997175571	0.0027895402048134935	0.010145146073936562	0.021498629420958	-0.000602050422127554	0.00835109827979704	-0.0075112985060128345	0.0003227469957322083
3.71	0.0003098198389459435	4.6824819949855135e-05	0.003184787999817769	5.480779334769428e-05	-0.000149576103064846	0.002788618569598882	-0.004942598933698271	0.025654745260202477	0.00041326710133531236	0.007327057530170669	-0.0008265783835446257	-0.0004931303372959689
3.72	0.00018969496247071198	0.00027281993758873494	0.003190419929392748	0.0001090070357693719	-0.0001216739558827047	0.0027827211910847693	-0.018146070443377	0.017492595542067477	0.0004737844716495243	0.0031154383733241874	0.006241548881631433	-0.00046156950457091467
3.73	-2.2856265814575313e-05	0.0003660445174296043	0.0031910464714685694	0.00011204808448017922	-3.3927490403946e-05	0.0027817075143694464	-0.02249578090460926	0.0003340021367332623	-0.00040169166476149745	-0.0025578040658926727	0.010565467317292894	0.00029657300979442407
3.74	-0.00022248567435084816	0.0002804240985339323	0.003184502195562108	6.180452881760431e-05	7.170703049894443e-05	0.002787317752686998	-0.015788979255697264	-0.01662269778457331	-0.0006860918657636023	-0.007033852045067457	0.009630304883517177	0.0006580180452816031
3.75	-0.0003152022102618078	6.123389441447723e-05	0.003182168632097806	-1.6325511811725255e-05	0.00014231826869372474	0.002790982303508806	-0.002073052228797904	-0.02546792907350073	0.000368160849302844	-0.007862450306659727	0.0039130483785484275	-3.0725610707733185e-05
3.7600000000000002	-0.00025949696191555736	-0.0001891740455251973	0.0031899951550673623	-8.38073800752175e-05	0.00014436901227166872	0.0027872249127089484	0.012845866804594099	-0.022468382083767852	0.0009043912347333053	-0.005163325733045682	-0.0035502721602234293	-0.0005564472726986044
3.77	-7.833137281388857e-05	-0.0003489843593309062	0.0031952240643779183	-0.00011189667398480052	7.602649344827094e-05	0.0027837904138939846	0.021803840232254373	-0.008064565304396459	2.970072611278065e-05	-0.00021027449777191552	-0.00957831133864718	-2.930870995254769e-05
3.7800000000000002	0.00013959064775458455	-0.0003370628135168513	0.003190494298177184	-8.708895214124668e-05	-3.1291806407941876e-05	0.002786667373224691	0.019910435184477118	0.010248618107370006	-0.0008608983842610665	0.0049659250199169235	-0.010939654691194135	0.0005063356318592341
3.79	0.0002888543170811068	-0.00016293605316351065	0.0031831726973282687	-2.1331991796023912e-05	-0.00012359939326069883	0.002790296707880328	0.008796172220282769	0.02311102436585221	-0.0003512449704524207	0.007584851384829097	-0.006752148230671429	5.949410296473541e-05
3.8000000000000003	0.00030222302230803255	8.952788262348482e-05	0.0031852251362962276	5.193934937528512e-05	-0.00015614847207100988	0.0027871779878726913	-0.006308836722867697	0.02534778928882971	0.0006254060409002617	0.006527126476690804	0.0005154638507850616	-0.0005744475788328119
3.81	0.00017083440195143586	0.0003013777801553566	0.0031910179940519536	9.998723206212359e-05	-0.00011343340397197963	0.0027826950904304695	-0.01885933813442475	0.015088982533243258	0.000319331616967575	0.002684463848118517	0.007707432961743486	-0.00019341072911651852
3.8200000000000003	-4.336616709129978e-05	0.0003653324356497681	0.003190176467229908	0.00010101680405932668	-1.4448726485967483e-05	0.002784652148653804	-0.022097320621879742	-0.0027879909119398294	-0.00047414453480348396	-0.0024934828597314527	0.01124300037645354	0.0005220919506236651
3.83	-0.00023491476279817306	0.00025191984445973144	0.0031844412901927996	5.4276092639724607e-05	9.219753368224464e-05	0.0027904506187284364	-0.014668040167751542	-0.018851433006824556	-0.0004227881655271371	-0.00643585305353573	0.009147074049741905	0.0004366944788660556
3.8400000000000003	-0.00031517104212847144	1.8731997546198914e-05	0.0031853047365234836	-1.6226909425227616e-05	0.00015328935479664633	0.0027908306243537434	-0.0007104263320113465	-0.025946944952585052	0.0005595331860615263	-0.007091790706187694	0.0026089192162845613	-0.000378920589278874
3.85	-0.00024613921477749753	-0.00022565325993079678	0.003192154609561774	-7.72386426140252e-05	0.00014072001993827523	0.0027856488679929574	0.01402197667057248	-0.020759575844589415	0.0005613473646507907	-0.004656288386201008	-0.005056512827311251	-0.00045082766255831924
3.8600000000000003	-5.741255598753229e-05	-0.0003602972086586614	0.0031929666078813735	-0.00010234195009864715	5.936516000877508e-05	0.0027842293440149255	0.0220597738125535	-0.004981824885981931	-0.0004181732932485003	-0.00013292082699761868	-0.010527283661835073	0.00020245270608806228
3.87	0.00015780623157437925	-0.0003185198176456863	0.003185893071843285	-7.925184745376625e-05	-5.216890929440416e-05	0.002788094592665675	0.01920569309833816	0.012884787775213555	-0.0007678828812904301	0.004551101327325101	-0.010782601854438509	0.00042392698914793373
3.8800000000000003	0.00029737158724067974	-0.00012481758962058485	0.0031820730109504564	-1.9466059459685778e-05	-0.0001377666821493299	0.0027898644181917165	0.007613193011017875	0.024295939769069644	0.00013520760689304044	0.006879395399720573	-0.005637096469294168	-0.00017233140828156016
3.89	0.0002973539694645457	0.00012963823309279358	0.0031872873181756846	4.739080062802539e-05	-0.00015665972803832856	0.002785507314539745	-0.007755089809240725	0.02444284730938178	0.00069060401162462	0.0060193831476138306	0.002022776046981615	-0.0005077451548703717
3.9000000000000004	0.00015389636423976212	0.00032234822554046995	0.00319173682992644	9.200889133357762e-05	-9.976167924714881e-05	0.002783013318197874	-0.01970627705504124	0.012384038672787203	7.538582828466758e-05	0.0025258535739414965	0.008911521725356218	9.714247700418092e-05
3.91	-6.360147665384594e-05	0.00035685208499272266	0.0031883923841992835	9.357302747446204e-05	6.681903876683125e-06	0.0027871080829938296	-0.02191329615705605	-0.00569614376494816	-0.0006263977351509272	-0.002236402889656013	0.011442479452007777	0.0006165184119071517
3.9200000000000004	-0.00024951045947219357	0.00021975104998301988	0.0031836512682092404	5.1010282526698726e-05	0.0001097018868403213	0.0027921156987950942	-0.013816246263090104	-0.020540411282743847	-0.00015374292911380527	-0.005852047696259021	0.008236447446593647	0.0001995428507062223
3.93	-0.00031848972436656665	-2.192090061683436e-05	0.003186558716125899	-1.3652492214562763e-05	0.00015852278587060625	0.0027898265920196135	0.0006686656228173139	-0.025843938283534602	0.000587844081891859	-0.006587434287971635	0.0011732193465197156	-0.0005539358569498969
3.9400000000000004	-0.000235148937882863	-0.00025468012693547225	0.003191383801897152	-7.131680502098033e-05	0.0001309815181994453	0.0027849586269862604	0.015337212554371274	-0.01861482198627536	0.0001916212952187039	-0.004501405747609767	-0.006475619676736073	-0.0003044962905423945
3.95	-3.754536395361975e-05	-0.0003623579044130309	0.0031891599314697546	-9.646327560064852e-05	3.9003589939519e-05	0.0027849846431706564	0.022443788544352906	-0.0020243500387076546	-0.0005765880540188106	-0.0002768898530411238	-0.011138844920353172	0.0003156517746507273
3.9600000000000004	0.0001764796346870617	-0.000293868893711437	0.0031828267732487104	-7.598572170207397e-05	-7.237313977277427e-05	0.0027890592148759673	0.018634839595124724	0.015040021839706921	-0.0004702953960964709	0.00417359704052658	-0.010150469875075254	0.0003368404034235736
3.97	0.00030697428096246977	-8.591125096490656e-05	0.0031830205616633434	-2.0675143658199832e-05	-0.00014720284676321727	0.002789286984969115	0.006392606302230343	0.024900264459923247	0.0005133660793601971	0.006441912443323224	-0.004247950860699346	-0.00028503274144374847
3.98	0.00029270538604811555	0.00016454037200013414	0.003189891326193447	4.329333572807574e-05	-0.0001509700506171092	0.0027852748206058076	-0.00926980028839287	0.023017362129320044	0.0006317624585725854	0.005890899927497221	0.0035669148424300485	-0.0003282388589967294
3.99	0.00013633182133471588	0.00033525056240753893	0.0031920803379126683	8.773279671714142e-05	-8.146464867987273e-05	0.0027848742253305907	-0.020628908447915283	0.00960671681287385	-0.00021857705806973182	0.0025976953434136436	0.00977072945587146	0.00026528763710396074
4.0	-8.492003238809506e-05	0.0003419087515899567	0.0031870850111022247	9.053516903953016e-05	2.8591017972610567e-05	0.0027893666866774074	-0.021764346779695326	-0.0082249510839771	-0.0006020001312487268	-0.0020407676884754383	0.011262045679770178	0.0004852680814770729
4.01	-0.00026497733933036617	0.00018554744347335409	0.003183904610913098	5.0703142806371775e-05	0.00012432101440191748	0.00279136193486633	-0.012815917169909218	-0.02175330163320681	0.00010417162944544274	-0.005540840164106418	0.007079079637297999	-0.00017499841095790718
4.0200000000000005	-0.000320650337199414	-5.974597898870414e-05	0.003188230874587895	-1.1681320087867687e-05	0.00015950688760669264	0.002786696843114944	0.00228405611346348	-0.025258213377854145	0.0005586143656077286	-0.006492153799165266	-0.00033713174121076226	-0.0005625939111108249
4.03	-0.00022163258597503738	-0.0002770305362951048	0.00319132619034239	-6.89544640198068e-05	0.00011766918369735757	0.002782932994413198	0.01669629490341939	-0.01627619050768174	-6.414855595581883e-05	-0.0045030968396682115	-0.00773532199752251	-7.015491811873598e-05
4.04	-1.514193431076846e-05	-0.00035803933585028665	0.0031873617876003366	-9.409071606663229e-05	1.7815780276228037e-05	0.002785535949079567	0.0227746050702088	0.0006799738430561964	-0.0006274669064252466	-0.00029564280154839237	-0.011366218508940823	0.0004786046646932025
4.05	0.000197154095973603	-0.0002668297445159427	0.0031825535463569942	-7.453258082594016e-05	-9.012318067254785e-05	0.002789673405434027	0.017999258336883855	0.016731185425438944	-0.00013826553029925467	0.003989932198514539	-0.00929960343472006	0.00019634773600379647
4.0600000000000005	0.0003171123214431937	-4.9537519700382294e-05	0.0031857773088658373	-2.1102720854459243e-05	-0.00015312540913579783	0.0027882898068299572	0.004934050423046219	0.024985896338385945	0.000649099474568236	0.006307387518235889	-0.0028244370360224545	-0.00038758229033187934
4.07	0.0002860207133686931	0.00019258385837593752	0.003191525495872436	4.251764760344891e-05	-0.00014239502032257082	0.0027849373586353505	-0.010965760652361834	0.021292842603210956	0.00034833431579119127	0.005902986012947546	0.004898864652858476	-0.0001507652988732386
4.08	0.00011599250259458953	0.0003402792059815657	0.0031906017022247882	8.708518208407554e-05	-6.235248062577212e-05	0.0027862496406014887	-0.021518725699628375	0.007007579632103349	-0.00047196352871936456	0.0026248730416710982	0.01042507794779308	0.000404342609424303
4.09	-0.00010870180361515642	0.00032273215338240763	0.0031848347830520274	9.037996170513658e-05	4.8296961722043616e-05	0.0027910121356988166	-0.021572735928181996	-0.010278558087104048	-0.0004484308024240414	-0.001965581741566651	0.010695095846230877	0.00036555834249365907
4.1000000000000005	-0.00028172253641131574	0.00015206857552221492	0.0031845213483721953	5.1593573273991956e-05	0.00013391108032422932	0.0027909114376381337	-0.011656541319460326	-0.022522610134393287	0.00039123793597906054	-0.005472646571379316	0.005761257805844622	-0.0003743496946132668
4.11	-0.0003219753539171431	-9.238491754032504e-05	0.003189849101940273	-1.094404750607502e-05	0.0001546301945590939	0.0027858089539462903	0.004051176125459982	-0.02427660773917807	0.00047239955208964947	-0.006587233375815132	-0.0018158888737568825	-0.00047799900975590675
4.12	-0.0002063020011172679	-0.00029233081045751836	0.0031911444805888993	-6.983955473517805e-05	0.00010024381155357145	0.002783688619340402	0.018102537987287854	-0.013958804651823765	-0.0002584219244966481	-0.004666703974627563	-0.008606000454974833	0.00010323672094648992
4.13	8.969426669884931e-06	-0.0003488118965907522	0.0031861964756217083	-9.602515625872353e-05	-3.2503171537289548e-06	0.002787028815606108	0.02310253331315189	0.0030302400137012975	-0.0005955812344534202	-0.00035558704156484644	-0.011163085444719055	0.000447995934891584
4.140000000000001	0.0002192211525481987	-0.0002383180900098065	0.0031831225869189783	-7.666487593044468e-05	-0.00010415699676847082	0.00278974779733911	0.01726845078122847	0.018141084204310754	0.00010960117377810578	0.004038127020225233	-0.008156644557336779	-2.1977714062246984e-05
4.15	0.00032655632547343437	-1.393018702459239e-05	0.0031872301074772	-2.1807895274069302e-05	-0.00015378763132918366	0.002787262381778425	0.003202290556889177	0.024904042353797586	0.0005667759881183375	0.006527245554474095	-0.0013876269145003711	-0.0003106054178291779
4.16	0.0002768290124394404	0.00021837731311172246	0.0031908778490837937	4.404854601762637e-05	-0.00012941132251245247	0.002785711920649326	-0.012770022004060844	0.019523522728130883	3.93480269791915e-05	0.006113589001792443	0.0060535911604686	5.7872974594151276e-05
4.17	9.284228432619996e-05	0.0003437966778745765	0.0031877767607158157	9.02613626751532e-05	-4.236815615946108e-05	0.002788507650330275	-0.022410503844077417	0.0045181470519118526	-0.0005498774707493178	0.002706133850619777	0.010593559556737324	0.00042190686205233424
4.180000000000001	-0.0001346567458086245	0.0003033404399944655	0.003183265863781455	9.374254695191987e-05	6.451332312248464e-05	0.002791764531172696	-0.021283794057364875	-0.01217075392391745	-0.0001732094568355919	-0.0020152261337642026	0.009821698977191736	6.624016808085254e-05
4.19	-0.0002995670955527894	0.0001198628803629336	0.003185407616966835	5.351664542225359e-05	0.00013832636260578787	0.002788953783114165	-0.010306598039773079	-0.023083566700209956	0.0005300674038365165	-0.005708741869288693	0.00438000804476092	-0.0005325602053749602
4.2	-0.0003221825835701453	-0.00012164109851831671	0.0031905455746287347	-1.2006160224453562e-05	0.00014522281739166103	0.0027839745007204784	0.006043537328117074	-0.02310361895000399	0.0003070033775474855	-0.00689229448327594	-0.0030606878618994497	-0.000317381202660458
4.21	-0.00018853355587683703	-0.000303204794310882	0.0031900255408209986	-7.36181466582441e-05	8.157186625192162e-05	0.0027834537865991846	0.01948637354101665	-0.011672483466385586	-0.0003733747346295162	-0.004873599403367955	-0.00912114047513094	0.00021997953862042582
4.220000000000001	3.5239762376666265e-05	-0.000337067428321138	0.0031853649588670457	-0.00010086963757373162	-2.184064557030471e-05	0.002787074793388109	0.023391190142556657	0.005070598400238655	-0.0003778286400951567	-0.0003339683492833332	-0.010636026668353758	0.0003597677193052631
4.23	0.0002422679751605788	-0.0002108065546244031	0.003184999111740648	-7.99110241703132e-05	-0.00011336430683672723	0.0027884957451988724	0.01633855861753724	0.019171558931500954	0.0003088586871406444	0.004311691656971289	-0.006918710016766356	-8.573572763688527e-05
4.24	0.00033499157529903473	1.649443317869211e-05	0.0031893191513311376	-2.1077943171228172e-05	-0.00014962571064406577	0.0027867030473225753	0.001334120203655747	0.024386107822607642	0.0003823179101641092	0.007004146378109876	-2.3341980022019624e-05	-0.00015017324712969008
4.25	0.000265469750970936	0.00023611077221669666	0.0031900483770395506	4.9330510343204407e-05	-0.00011360217025434773	0.002787065157183485	-0.014634876198716782	0.01762290834821547	-0.00026897745102867236	0.006473708156341538	0.006921624822539051	0.00024452092863483
4.26	6.757778642279423e-05	0.00034023605732675543	0.0031853684077619154	9.725735386176578e-05	-2.2607052348484734e-05	0.0027906705045244733	-0.023204127910247882	0.00239920793735458	-0.0005438953179680795	0.002686396490349069	0.01050311494903544	0.0003471614156922752
4.2700000000000005	-0.0001618985225222247	0.00028210387029136303	0.003183001321704723	9.884202296961657e-05	7.827690698624069e-05	0.0027914591548198406	-0.02084825084680716	-0.013533061096561067	0.00017577405529966742	-0.002339580305865007	0.00880564519823043	-0.0002760692728741595
4.28	-0.00031583787748884604	9.009389310909984e-05	0.0031877327472897734	5.418390321553524e-05	0.00014016669574553472	0.0027863101942969693	-0.008578635816896427	-0.023310260618753863	0.0005956826335766131	-0.006266849497970414	0.003086026727449032	-0.0006213901260019337
4.29	-0.00031794162307854316	-0.00014591952327581382	0.003191524905617501	-1.7099613098895932e-05	0.00013478509848983026	0.0027819790512533856	0.008216658221271557	-0.021847406086323556	6.411796612921505e-05	-0.007439155763131922	-0.004133129768742444	-0.00016223222305737696
4.3	-0.00016584386935052786	-0.0003103245268732658	0.003188926048137457	-8.205011782335725e-05	6.376628717471273e-05	0.002783811453353829	0.020877238894160537	-0.009654547493249737	-0.0005244848757694643	-0.00498071019228564	-0.009438883420717708	0.000457912705108842
4.3100000000000005	6.513413025132495e-05	-0.0003248556191523222	0.003184223130766903	-0.00010814475223588651	-3.799352722313095e-05	0.0027884629277095565	0.02343298991363403	0.006789393651966474	-0.00025844460232773005	-2.185548777000876e-05	-0.010026331829754681	0.00034495877528426113
4.32	0.0002658600546225445	-0.0001855045465228176	0.003185302151368162	-8.300179620532391e-05	-0.00012026164456328516	0.00278943088659971	0.01504572814536661	0.02001199079309033	0.0004058763125909183	0.004845784425901765	-0.005788157096046042	-0.0001272592805787118
4.33	0.0003405440028829713	4.35668279410131e-05	0.003189600528614628	-1.8278712408897936e-05	-0.00014471532897647409	0.002787886748168144	-0.0008219914503850367	0.023851948377682213	0.00028429412198537063	0.007612910923416622	0.0011063345617117592	-6.089575274923768e-05
4.34	0.0002502475501825542	0.00025173749054494535	0.0031891421627538367	5.678865898091285e-05	-9.989170323476519e-05	0.002789040490945472	-0.01643057628869102	0.015988244901399738	-0.0003435903186261721	0.006755971352917945	0.007535714181530578	0.0002635267369654337
4.3500000000000005	3.9863421323561544e-05	0.00033791748077523524	0.003184943620024161	0.0001054617234374552	-7.160507193000629e-06	0.0027915270327190387	-0.023871574262546862	0.0005961496817913534	-0.00034109038644283726	0.002523334015420167	0.010211037392438234	0.00010609197471705973
4.36	-0.0001894286191004177	0.00026386191232312633	0.0031846918522115742	0.00010361140299306076	8.743798505485637e-05	0.0027897914148189993	-0.02013579014122688	-0.014812958115526664	0.0003098110846868755	-0.0028570346917025794	0.00790191349358891	-0.0004562429203679977
4.37	-0.00032984183009880647	6.422697372315803e-05	0.00318910876438225	5.2733526882564154e-05	0.00013900188629769724	0.002784328763570731	-0.006685470263315523	-0.023476863375529164	0.0004200494452087066	-0.006949672227363304	0.00201374094409244	-0.00048276242182232167
4.38	-0.00031089563263215944	-0.00016661422656763527	0.00319056320319086	-2.4857266959413234e-05	0.00012400529683239816	0.0027821831060700153	0.010327256778773844	-0.02070005997447943	-0.00017340865332587656	-0.007920660690098696	-0.004880640384083157	0.00011729210987731273
4.390000000000001	-0.00014127489406100336	-0.000315588437555066	0.0031865141822250928	-9.206645712127231e-05	4.8808926325162475e-05	0.0027860601536264895	0.022077187201651246	-0.007896444289705594	-0.0005026293459106705	-0.004929159865476819	-0.009489193165203313	0.0005533239032569625
4.4	9.513993407403983e-05	-0.0003132820100019344	0.0031835581701827693	-0.00011537664819299756	-4.926790214739877e-05	0.002790489397207948	0.023279128351549137	0.008291071524918587	3.73113399520925e-05	0.00046088759452729674	-0.009270744588724107	0.0002282142572512353
4.41	0.00028751578480126007	-0.00016231900970306202	0.003186698561694641	-8.402418369762655e-05	-0.00012219266716419365	0.0027903357217922797	0.013521098609179705	0.020681331089451964	0.00047069328758108547	0.005571504517172407	-0.004722572576870793	-0.00016920209385282102
4.42	0.00034232906272506337	6.6980123141562e-05	0.00319009185418997	-1.2356482701167196e-05	-0.0001364664919656748	0.002788861592098367	-0.0030712319323144576	0.023201177550058575	0.00010871580845613866	0.008193918275297576	0.001995940057031835	-4.523295745536494e-05
4.430000000000001	0.00023156599624111194	0.0002632476549284931	0.0031881333440541	6.653794585976126e-05	-8.5160790656688e-05	0.0027898312518759498	-0.018104933033653223	0.014392281674383466	-0.00039756054414681824	0.006905299230613857	0.00783739343298829	0.00016793428697706704
4.44	1.027642275463358e-05	0.0003324577609492167	0.0031848322898392557	0.00011387308584690517	6.890336386161586e-06	0.002790712331178469	-0.024281915219493203	-0.0010325559815690965	-0.0001434621984129769	0.0021639289327411134	0.009735833629111987	-0.00010054479428965685
4.45	-0.00021598096144787013	0.00024429474864754266	0.0031864689213973937	0.00010646827829637191	9.364699566938364e-05	0.002787557169367748	-0.01910312456520933	-0.015929472564504728	0.0003834373811759784	-0.003596523403565814	0.006949432776158625	-0.00047916873510738466
4.46	-0.00033982834915258274	3.8838119273267976e-05	0.003189993696992733	4.738199221571691e-05	0.00013510787446908694	0.0027831839958769697	-0.004546512847108612	-0.02340371922317849	0.00017735991576540544	-0.007748636889821351	0.0009970990386472772	-0.00028778630492352615
4.470000000000001	-0.0002990539022035687	-0.00018492448484291077	0.0031888709945408927	-3.625216319582284e-05	0.00011142824065139977	0.0027830693918713305	0.01234240106367612	-0.019421672544681037	-0.000384978312258544	-0.008266942025800712	-0.00552635475662856	0.0002616453491177586
4.48	-0.000113896050354349	-0.0003183277058683732	0.0031843857889684696	-0.00010373155515901849	3.4131834847335145e-05	0.002787260429056062	0.023070377786284006	-0.006204843119462811	-0.00035859976031849287	-0.004642989640108662	-0.009253095417432376	0.000430176968852465
4.49	0.00012541087142340832	-0.00030008616840460913	0.0031836871667988193	-0.00012162678901778248	-5.8305220335657534e-05	0.002789407618802381	0.022864273515934445	0.009724198504107532	0.00022791421666922375	0.0011953317229517915	-0.00844160820064451	-1.370670601290428e-05
4.5	0.00030632882189536006	-0.0001386920004248487	0.003187685309566926	-8.152701696665977e-05	-0.00012154374851277316	0.002788064855243665	0.011722576132014923	0.021223769117735117	0.0004243154285416584	0.006525708693479087	-0.0037307124503502325	-0.00014279193106473307
4.51	0.0003395910790051287	8.978887306312844e-05	0.0031896704121342594	-1.2614664136907195e-06	-0.00012705533569823762	0.002787847104280114	-0.0053698120868323354	0.022512668774970126	-6.990900053903809e-05	0.008866920443237076	0.002693294448839925	0.00011419504848213626
4.5200000000000005	0.00020871256059396876	0.0002743037101647267	0.0031870877453122667	8.084979192469136e-05	-7.184449786924087e-05	0.002790190158981743	-0.01965087025008807	0.012882272479074102	-0.0003285573052641043	0.006836576597321905	0.007864519016095788	0.00025018210830692793
4.53	-2.1602640349771778e-05	0.00032753169654950427	0.0031853022337031724	0.00012440588657825201	1.6987242052330685e-05	0.002791067494777337	-0.024536401493928783	-0.0026304964029263147	4.6300964725584656e-05	0.0015137210808322168	0.009127962687659417	-0.00014356432305088592
4.54	-0.00024268575310041745	0.00022539811232698742	0.003187719163134878	0.00010848350404307376	9.615414424059859e-05	0.0027878182897897803	-0.017814480060947983	-0.01699862496369172	0.00034242300266117294	-0.004567081659492788	0.006076894662341139	-0.0004069540141284703
4.55	-0.00034769931737473926	1.4572812191150318e-05	0.0031896328513422393	3.973492446596317e-05	0.00012905934147371158	0.0027848669995732198	-0.002260585055892336	-0.02337373348671492	-3.3629234490174124e-05	-0.008607222406496378	0.00022636151245223566	-0.00012486995502054477
4.5600000000000005	-0.00028436040723055076	-0.0002032762760328653	0.0031869100850229963	-4.95441326778135e-05	9.985226758598342e-05	0.0027858081574528896	0.014354800215005563	-0.01835597860372799	-0.0004284601362531488	-0.008497227296008663	-0.005841013932333183	0.0002772906121214548
4.57	-8.512657997037966e-05	-0.00032303078037261486	0.0031833921823178992	-0.0001158403685267996	2.2695220787660177e-05	0.0027886849390788447	0.02384021316451532	-0.0046790166160035965	-0.00016261594112328237	-0.004174385470221125	-0.008917239372788271	0.00018150964403611272
4.58	0.0001550222431432553	-0.0002894914173487567	0.003184742929865889	-0.0001264243194085847	-6.387386888325121e-05	0.0027886583424904677	0.02219295427047001	0.011136443726176656	0.00037082311849715653	0.0021118131883536913	-0.007656393428052196	-0.00014779212759563309
4.59	0.0003221387520223994	-0.00011730165902825121	0.003188678237134705	-7.667611276230105e-05	-0.00011900681036352454	0.0027870552240280627	0.009760995239518051	0.021854166437298116	0.0002900626459999109	0.0074581752737685365	-0.002936482910575872	-9.483888796682827e-05
4.6000000000000005	0.0003333749976070156	0.00011144080801610191	0.0031890453881166085	1.0674383164214712e-05	-0.0001177138705354137	0.002787693079474962	-0.0075861816207289075	0.021906115395947084	-0.0001924341026561071	0.009273351100280498	0.0031823614018477624	0.00019432894154468988
4.61	0.00018388798465592088	0.00028546012804643426	0.0031861363970683266	9.344638207058303e-05	-6.0223138860390305e-05	0.002789893226623527	-0.021004154740129732	0.011487316528199957	-0.00027159204411323593	0.006551299132812135	0.007807605546715397	0.00015127941949312187
4.62	-5.2691661610615415e-05	0.0003234960120118639	0.003185491819534357	0.0001308746698374552	2.493532990062373e-05	0.002789778305127039	-0.02438637246571566	-0.004172485478558745	0.00015093211405003076	0.0006447109283900544	0.008532344905409682	-0.00017886066505385756
4.63	-0.0002647177606332124	0.00020764216746374558	0.0031879817966332033	0.00010529463424536024	9.70798864625592e-05	0.0027871539840483212	-0.016202570817459593	-0.018078631926378395	0.0002572598291942712	-0.005576331002703722	0.005318190029150344	-0.00026107047478348333
4.640000000000001	-0.00034939733576786424	-8.51312075307269e-06	0.0031887482461795897	2.823236624860292e-05	0.00012286607803568435	0.002785578506662561	7.957469815391254e-06	-0.02329209034717292	-0.00015425165359562678	-0.009187517342074089	-0.0003821553149116557	-1.1996250495390928e-05
4.65	-0.0002650113396684041	-0.00021987757413134237	0.003186012039066253	-6.304404736873848e-05	9.005335731473929e-05	0.0027870351174553733	0.016095824784330397	-0.01721315162032186	-0.0002808687708565472	-0.008312145377414105	-0.00590656154656855	0.00021980258966745056
4.66	-5.4210665303015835e-05	-0.000325710242261704	0.0031844500741283646	-0.00012391125802558634	1.4607957846536553e-05	0.002788337071051803	0.024309770805129777	-0.003112754501880909	5.000355331162082e-05	-0.003361600458321478	-0.008526549559901946	-9.69470056953073e-06
4.67	0.00018289032932181947	-0.00027689363764206443	0.0031868309387269606	-0.00012502003977690374	-6.688939722730966e-05	0.0027869340660950847	0.0211182563645028	0.012541918082174502	0.00034025858145972224	0.003146506910875747	-0.00711821390639944	-0.00020951888631580613
4.680000000000001	0.0003330610226097866	-9.494847663175705e-05	0.0031889088435935785	-6.585077863553421e-05	-0.00011644886452967384	0.002785842652197834	0.007598248372224283	0.022316958148481596	9.26911096186224e-06	0.008221114613460928	-0.0023676335197836624	7.412491819322067e-05
4.69	0.0003220605843046512	0.0001324697029456267	0.003186844154645071	2.6033386587953984e-05	-0.00011031892969737622	0.0027882470769642243	-0.009628860325680296	0.021228931410752862	-0.0003349334070682619	0.00937453660468278	0.003548751538620607	0.0003561048239059396
4.7	0.00015688232247073144	0.00029570635760923787	0.003184382437847671	0.00010544526288958973	-5.1630959147868075e-05	0.0027911646992350376	-0.022002178930448563	0.010119650317322187	-5.592657864885691e-05	0.005833690486193956	0.00768147483799931	0.00011867990004765115
4.71	-8.294789630597579e-05	0.00031891052672751186	0.0031861666579189474	0.00013358767624642315	3.0504246347494644e-05	0.002790099829229647	-0.023973708375133053	-0.005700724476744338	0.000352995888599205	-0.00042305272602152045	0.00807818355428187	-0.0002911200387891268
4.720000000000001	-0.000283501754920474	0.00018979841509669278	0.0031897363864337868	9.753247268172e-05	9.755825820706249e-05	0.002787051341833295	-0.014416198099745666	-0.01906795295761274	0.00024638823706499237	-0.006518089137231157	0.004781713908713479	-0.00023787738023062373
4.73	-0.00034714706701859067	-3.10389327796648e-05	0.0031898453900976705	1.3539793203338053e-05	0.00011820154013493353	0.00278599987345793	0.00222388966729478	-0.023195866388712662	-0.00021502396145674736	-0.009541494286308355	-0.0008160204951345037	2.7109201341669842e-05
4.74	-0.00024341072481614848	-0.00023603085191611854	0.0031868395664899035	-7.769890174563438e-05	8.228523654128943e-05	0.0027873800556126936	0.01762539052170296	-0.016133806721920198	-0.00029710122667464035	-0.00790013846105167	-0.006021352727587415	0.00018252075118682217
4.75	-2.3618018323562072e-05	-0.0003285493491598965	0.0031855077405288815	-0.0001314133080437262	7.738763683286925e-06	0.002787991645964416	0.024545647112650035	-0.0015912259626075411	6.601283835082948e-05	-0.002411674152936438	-0.008282469247274321	-7.637409518651034e-05
4.76	0.0002079458019979395	-0.0002646670593993177	0.0031872274854538164	-0.0001220159733834035	-6.993398227445876e-05	0.002786754337897565	0.01980478909353199	0.013869586039334993	0.00019324740392130871	0.004222717692026183	-0.006643948876469443	-9.994361586984251e-05
4.7700000000000005	0.00033940267555111005	-7.336225569851293e-05	0.003187893074826845	-5.349558230954454e-05	-0.00011440910221815959	0.0027868877971437785	0.005361282148538134	0.022766599976726934	-0.00010231897142547975	0.008905218207721884	-0.0018879944797090815	0.00016100963204879255
4.78	0.00030688614045709314	0.00015284418577545317	0.0031858361729191747	4.138143668032358e-05	-0.00010432242043032136	0.002789382007468791	-0.011539982207642956	0.02057442572646201	-0.0002255121167698683	0.009238020898137208	0.003807047719740238	0.00026063742216327166
4.79	0.00012775040107893784	0.0003054988443431456	0.0031849693761991523	0.00011592788182924986	-4.4570834572590406e-05	0.002790475921501171	-0.022779682613946375	0.008707841237228633	9.985703004010311e-05	0.005043947073797607	0.007642498815823679	-8.823226239372097e-05
4.8	-0.00011268177700085526	0.0003127151796264915	0.0031876403760450677	0.0001342778756101909	3.596167070208038e-05	0.0027881497479061183	-0.023288609831881517	-0.007377298744989245	0.00035143028308497307	-0.0015188830992307557	0.007834449187997817	-0.0003067851499245541
4.8100000000000005	-0.00029960333079030927	0.0001693859066100182	0.003189924665193187	8.790889759398055e-05	9.957600140052937e-05	0.0027854870734460996	-0.012482415743888716	-0.02006079058098889	2.3660303056671704e-05	-0.0073846035121600115	0.004355926405989056	-0.00014970578413942486
4.82	-0.0003416978188873963	-5.5209667665697434e-05	0.0031879943386396033	-1.6610432580805518e-06	0.00011583734236726564	0.0027856204781292436	0.004378749118788857	-0.022960087806636786	-0.0003604141765100056	-0.009754864884235836	-0.0012568592693667487	0.00015912962382842133
4.83	-0.0002198851522889708	-0.0002530096208896196	0.0031847678464496823	-9.074672821597363e-05	7.682340507098253e-05	0.0027874928791428062	0.018964601669252144	-0.014963850426888416	-0.00018337574776063022	-0.007294460372356723	-0.006209709830479565	0.00018114363954548594
4.84	6.952421733848477e-06	-0.00033058859430434634	0.0031849493005417714	-0.00013586708595824393	1.8405435036652859e-06	0.002788188595483989	0.024535967468669095	0.00010145287289384003	0.00021348766322554092	-0.0013665200709001406	-0.008166817206977262	-3.313043635159431e-05
4.8500000000000005	0.0002311295989499011	-0.00025033767650345585	0.0031876468034942253	-0.00011592370437671468	-7.365800943674422e-05	0.0027878063751121816	0.018388462326289618	0.015304137585613007	0.00022961510875979716	0.00521486905525591	-0.006305323184391655	8.255276667339434e-06
4.86	0.00034423555854650676	-4.940815536477057e-05	0.0031885303062682475	-4.0065956656498664e-05	-0.00011412196773976616	0.0027889042047685745	0.003269385258834983	0.023161566112495115	-5.1696822081640264e-05	0.009335593146730176	-0.0014469071582212142	0.00021442038284749017
4.87	0.00029180117865511767	0.0001746007433146348	0.0031871837943950095	5.527761135270589e-05	-0.00010019492404659171	0.0027909870991892132	-0.013275328601900121	0.019789673081361602	-0.0001282981754070627	0.008916075545450233	0.004079456300264538	0.0001224011924235068
4.88	0.00010049412623924023	0.00031532108269510383	0.0031870758102479674	0.00012350335854781314	-3.9024493415894e-05	0.002790486026989663	-0.02340853448153804	0.007182134233557385	0.00011866720604418353	0.004159802806575222	0.007631100154157356	-0.00023796483576989262
4.890000000000001	-0.00013887026425191644	0.00030607769725203105	0.0031885797175871785	0.00013198409973037413	4.053028356578294e-05	0.00278712052495569	-0.022456666776497842	-0.008998720788024599	9.240442821990544e-05	-0.0025276139822763086	0.007618666461936247	-0.0003523243730737015
4.9	-0.00031184804230590654	0.00014950625189235405	0.0031880865954102486	7.642092240363983e-05	0.00010122325271622146	0.00278483293365952	-0.01065641183217656	-0.020964108737990855	-0.0002158246067599414	-0.008100665021477547	0.004013009613977668	-7.435279956547459e-05
4.91	-0.0003344412693327063	-7.869564532215519e-05	0.0031852077450238896	-1.652839438027149e-05	0.00011371273385962405	0.0027854193061198074	0.006291283794211187	-0.022762946589220397	-0.0002825279066624597	-0.00969697828881761	-0.0016361604271344474	0.00014665804110255962
4.92	-0.00019719859985262942	-0.00026895655658632856	0.0031837218351981568	-0.00010135523082966694	7.165892208974669e-05	0.0027868994423324825	0.020036299980861153	-0.013723774382052233	4.157564270753351e-05	-0.0065758037399175845	-0.0063802422816858755	0.00011214549699971893
4.930000000000001	3.412369247531797e-05	-0.00033109551484887333	0.0031860160907104026	-0.00013700897028840148	-3.847540676494248e-06	0.002787451918302815	0.024317398415437414	0.001817261181792822	0.0003597627337278815	-0.0002920793407641295	-0.008099345734528321	6.361472168043724e-06
4.94	0.0002494836605690193	-0.00023467653574918082	0.003189156880607567	-0.00010664733979710304	-7.765281617495739e-05	0.002787838925248594	0.016911057888342858	0.01664956351483035	0.00016828813410607108	0.006119317840537392	-0.006036571193041649	0.00010995429540079539
4.95	0.0003444988081604154	-2.560912940068508e-05	0.003189133807814641	-2.461261480004814e-05	-0.0001148825125117294	0.0027895777168122	0.001294562140224558	0.023385896559375258	-0.00016123885137964958	0.009587246264459587	-0.0010780729074791593	0.00022603535475946735
4.96	0.000274052878186904	0.00019520293551546528	0.0031870215928054236	6.914901577671685e-05	-9.718556625658444e-05	0.0027912366567012523	-0.01477623653274093	0.018941040724473095	-0.00018178590613913392	0.008371851091528	0.004467022894363813	5.3836980904228534e-05
4.970000000000001	7.29632464047138e-05	0.000323035383964454	0.0031862842240540494	0.0001292078141959648	-3.35443025620981e-05	0.0027900952582485664	-0.023795394951529568	0.0055394761524254635	6.211595612034289e-05	0.003135350444111005	0.007748970053377545	-0.0002725392882554705
4.98	-0.0001636725544689275	0.00029668325731621516	0.0031873037660744307	0.00012706174069184215	4.5645106744449286e-05	0.00278686819301326	-0.02153178310958959	-0.010610991522908897	8.774012687094037e-05	-0.0035556805168483903	0.007436938753947818	-0.0003031639817905956
4.99	-0.0003217557947635533	0.000127801959856128	0.003187106091275375	6.376530641009575e-05	0.00010330998488659202	0.0027851766231332723	-0.008724845471369813	-0.021718314093057047	-0.00012056492426169972	-0.008594307252628197	0.0036183691968676305	-1.2730255350757901e-05
5.0	-0.0003244867438217393	-0.00010196199272298146	0.0031858023412681966	-3.073787212988706e-05	0.00011206157683915988	0.0027861825396192945	0.008146900361853327	-0.02229707152189763	-9.002991737354875e-05	-0.009496923051066345	-0.001973816588142018	0.0001774275902427817
5.010000000000001	-0.0001721940119818789	-0.000282641720891331	0.003186181508753387	-0.00011020042680232614	6.719013624939634e-05	0.0027873634702180804	0.021051345313050772	-0.012365191322393157	0.0001721743392982024	-0.005748375196943885	-0.006614079661723727	4.683953219607906e-05
5.0200000000000005	6.27775653783651e-05	-0.00032896402500938866	0.003188643244873612	-0.00013676505905175864	-9.749542797367943e-06	0.002787243889840259	0.02398403332104577	0.003559996214888635	0.00022066892346075197	0.0006586280726769446	-0.008166335449661472	-3.4763797330916825e-05
5.03	0.00026799528733157274	-0.00021686422494580375	0.0031894336230192375	-9.801454064257507e-05	-8.28837898401474e-05	0.0027875053397788062	0.015291192206669057	0.017899730559101434	-0.00010034353232310232	0.006776057221621253	-0.005841133425891587	0.00011571573381050307
5.04	0.00034369381719065244	-3.794014363074599e-07	0.003187119043569517	-1.2237767519490812e-05	-0.00011681260277879009	0.002789233441922296	-0.0007605724349613995	0.02356228302363366	-0.00029357365399304	0.009647146101401147	-0.0006316634570352607	0.00018807059946815484
5.05	0.0002547534598356655	0.00021612413593756846	0.0031847952937638295	7.88695966220647e-05	-9.491489322959804e-05	0.002790280042992363	-0.016249875148370636	0.017971358845211352	-0.00010537640523352362	0.007810618019355373	0.0048079243630370205	-2.922179924848461e-05
5.0600000000000005	4.4550832898940625e-05	0.0003300842811780171	0.0031855254405819032	0.00013154677907548855	-2.8383499163084367e-05	0.0027886591869285856	-0.02407101221908404	0.003844071374065379	0.00018505694567544495	0.0022913604839330556	0.007934583504697112	-0.0002365077828053107
5.07	-0.00018752501152177934	0.00028605924130905127	0.003187332594680011	0.00012098447317460534	5.1304758800557465e-05	0.002786508286140246	-0.020370021895671084	-0.012295260827190445	0.000116229039140408	-0.004331000206402014	0.007357579631921437	-0.00015731116572167722
5.08	-0.0003291049727647111	0.00010442611955456889	0.003187568760840087	5.188223244078587e-05	0.0001071536693587058	0.00278625458837562	-0.006778630967227368	-0.022488627605103912	-4.514625450300288e-05	-0.008908734354625924	0.0033430606380724075	8.186754866986665e-05
5.09	-0.00031246903675550023	-0.00012696146050234034	0.0031870807046577914	-4.251991549863047e-05	0.00011206365318201634	0.0027875072534845067	0.0099424370286072	-0.02186836017163764	-3.504767522556914e-05	-0.009134358963517471	-0.0024208355904677703	0.00012662489543480173
5.1000000000000005	-0.00014659041886523903	-0.00029817474065852947	0.00318742857072941	-0.00011615389010250187	6.312911276515705e-05	0.002788082213963877	0.02185257950583825	-0.010958887382140011	0.00012210977028411882	-0.00495737899269608	-0.006953434343912295	-2.0833563852470433e-05
5.11	8.938558851952238e-05	-0.00032719142234460103	0.003188578048536028	-0.00013376165319693028	-1.6073036239432892e-05	0.0027876118562253963	0.02336183935271865	0.005404635116687384	5.843782382393619e-05	0.0015979029960089802	-0.00822475998787305	-2.9581875978361618e-05
5.12	0.00028234161907532917	-0.00019888180858044607	0.003187786510244791	-8.705403192236636e-05	-8.808238811885474e-05	0.0027881005992644015	0.013614384601287397	0.019175002731631738	-0.0002125371998660074	0.007333798299224549	-0.005579554799058477	0.00011530754296654992
5.13	0.000339684010685531	2.483917137208106e-05	0.0031852567762175204	1.1034874717809357e-06	-0.0001182226915539568	0.00278948711618532	-0.002617428696579811	0.02368373655460538	-0.00020259754213855955	0.009543534288985038	-0.00018540030422456636	9.741501455907266e-05
5.140000000000001	0.000234995106952508	0.000236859024424128	0.0031847621959791997	8.835755425647007e-05	-9.178405756575114e-05	0.0027895201874208247	-0.017472464409997196	0.01695214902139777	0.00013943238559620876	0.0071623392876881955	0.005252363397530643	-0.0001156558471577253
5.15	1.806728672274621e-05	0.0003363131116158621	0.0031871428481549755	0.00013281111997078888	-2.1946705673518704e-05	0.002787644963201045	-0.024096209680335313	0.002066813312626457	0.00027560923291402185	0.0013641037615578443	0.008174656627282567	-0.00023209157756632124
5.16	-0.0002075116741537368	0.00027433365487048854	0.0031888754705386665	0.00011326604508111513	5.8708197640327235e-05	0.0027859930587087224	-0.01909467378074345	-0.013966703023893797	5.6030948778456296e-05	-0.005112599271225196	0.007265367816751769	-5.284949732750293e-05
5.17	-0.0003327141748734795	7.995278302071071e-05	0.0031882401120823557	3.862414564015238e-05	0.00011178205091005666	0.0027864117139764616	-0.004914437527869482	-0.023237421408818498	-0.0001503221166486987	-0.009157694421095352	0.0028876847613397774	0.00010069477912316706
5.180000000000001	-0.00029841409124902314	-0.00015260547606727351	0.0031865838656865665	-5.4771193820967754e-05	0.00011130262220219596	0.0027874535944482693	0.011480939194069041	-0.021338770531223922	-0.0001219669578405395	-0.008717787552358464	-0.0029736724949370277	7.252519044334095e-05
5.19	-0.00012158210148514273	-0.0003123974126113792	0.0031860906865617106	-0.00012158013328122323	5.751851225277439e-05	0.0027875673984161828	0.022429583608283787	-0.009257146165288077	2.029472385029282e-05	-0.004097933382052214	-0.007335373693316225	-3.16701070290066e-05
5.2	0.00011393078763681429	-0.0003224126811044397	0.0031862066803132008	-0.00013011346315176144	-2.3648438810383383e-05	0.0027875758997771304	0.022668685066136996	0.007387002602847663	-2.9840643526626612e-05	0.0024673078947374974	-0.008226146726013798	4.603360162168825e-05
5.21	0.0002945580659468223	-0.00017715479051912805	0.003185602786927965	-7.62464148511939e-05	-9.357657397552592e-05	0.0027887689081298396	0.011938860678982494	0.0204203068059861	-5.216929564559624e-05	0.007843799335176581	-0.00518994676730026	0.0001703457811777774
5.220000000000001	0.0003337019500559364	5.273990129311983e-05	0.0031855349848464378	1.3917115455227895e-05	-0.00011906686219657252	0.0027900764377818883	-0.004385630547892725	0.023638197660947786	5.4293594808756174e-05	0.009440835906440513	0.0003133108468320747	4.07199022090209e-05
5.23	0.00021383927393616296	0.00025742675210280354	0.0031871388271037557	9.683282112341347e-05	-8.789354318159651e-05	0.002789278349104008	-0.018611410682120456	0.015620018049030498	0.0002366956074050218	0.006455073834961083	0.005665704539844474	-0.0001783053483282256
5.24	-8.613747773155673e-06	0.00033930921238063244	0.003189501250504431	0.0001328873701821634	-1.4668665217338195e-05	0.0027872791076371133	-0.024004120764480958	3.377420289650391e-05	0.00016494540163093977	0.0004554876833990479	0.008385295989530826	-0.00019001225802936194
5.25	-0.00022685283693920012	0.00025783212089504457	0.0031894236104920504	0.00010484151646705794	6.632349847716826e-05	0.0027862472637604336	-0.01779107233025546	-0.015629057414855284	-0.00019476900951408333	-0.005808490258905347	0.007108490654068484	-2.640950099051568e-05
5.260000000000001	-0.0003355968838508833	5.2608633958413064e-05	0.003186291973880131	2.6340689086806454e-05	0.00011591092569572631	0.0027865934991979403	-0.003042920114509106	-0.023689478404674433	-0.0003588946967640641	-0.00920517190703806	0.0023751996432271713	7.418605419316025e-05
5.2700000000000005	-0.00028341044431544354	-0.00017756848817288085	0.003184053581127104	-6.429443183223318e-05	0.0001101422692808423	0.0027872917903418236	0.013026445263623157	-0.020436781723058316	-4.493920175046996e-05	-0.008166675551973437	-0.003506302001923412	5.3974386455390016e-05
5.28	-9.599465127583033e-05	-0.0003230337636359173	0.0031850801840617644	-0.00012375793139212686	5.180745962696099e-05	0.0027874400681776063	0.022915852932563322	-0.007403377329109378	0.00019322564790943188	-0.0032492419458012324	-0.00769886233023738	3.1684477764073844e-05
5.29	0.0001375935491563834	-0.0003136160510343417	0.0031870907413382964	-0.00012409265634321734	-3.172646496692515e-05	0.0027882937626598136	0.02182629833848115	0.009225534100245127	0.00017130450310973773	0.0031945270944466232	-0.008305540347492013	0.00013304269971500904
5.3	0.00030494046870356556	-0.0001537093644391981	0.0031879045847926658	-6.482606910765256e-05	-0.00010044287354358371	0.0027897908408935452	0.010224648002063708	0.02139951391412586	2.1804399061448825e-06	0.008134278543858507	-0.0048694095417858825	0.0001407084890048537
5.3100000000000005	0.0003258116182151408	7.977856320276751e-05	0.003187917984904114	2.537888491688572e-05	-0.00012117603706077134	0.0027902925727378357	-0.0062099001803744705	0.023357557005675957	2.6185843174714437e-05	0.009139423427427905	0.0009028222330407089	-7.257481525010935e-05
5.32	0.00019087206165250282	0.00027545026926326414	0.003188576347447148	0.00010319073805902678	-8.371535893223485e-05	0.0027885918878197712	-0.01967853376236126	0.014143122749445137	4.5347701449812546e-05	0.005758935088581465	0.0062769980010164116	-0.00024338777897805095
5.33	-3.597096485121996e-05	0.0003389986938619346	0.003188341405384705	0.00013139181770614256	-5.575544828191723e-06	0.002786285143208392	-0.02376869458265437	-0.0019664232724172065	-0.00013000841063373652	-0.0003336754093734714	0.008691984775367475	-0.0001845405807669395
5.34	-0.00024545105343338726	0.00023933756914509594	0.0031862739214802848	9.676534562781519e-05	7.610705087651346e-05	0.0027854395249123256	-0.016347835208282632	-0.017110262431512212	-0.0002626286687790832	-0.006331824732233817	0.006921524873424847	-8.074081834227588e-07
5.3500000000000005	-0.0003368669477130901	2.5049054573878033e-05	0.0031840011994891827	1.559665251207438e-05	0.00012133763854126876	0.002786201687247784	-0.0011858434528467872	-0.023947299266936284	-0.00013063116608676105	-0.009215441342389179	0.0017598114034297217	0.00010569539951731835
5.36	-0.00026730358822861614	-0.00020135115170628212	0.00318425118339181	-7.254145817279144e-05	0.00010856920124383022	0.0027871065932955235	0.01452622418340232	-0.019416181414393226	0.00018191288689598472	-0.007689163190025149	-0.004213150209414459	6.839958540937624e-05
5.37	-6.983541063700709e-05	-0.00033174278563927797	0.003186809950131137	-0.00012597575669836246	4.398494179548772e-05	0.0027876865541969285	0.023328321083192667	-0.005530714837545443	0.0002805156553601272	-0.0025621464828081393	-0.008174803746467847	8.102891610553294e-05
5.38	0.0001615391967419227	-0.0003026979137319099	0.003188769238262647	-0.00011908232110580898	-4.191900120707938e-05	0.002788691971485793	0.020967305445074677	0.011102285124618643	9.236143384337315e-05	0.0038761903230561724	-0.008279623067718102	0.000133741820314757
5.390000000000001	0.00031537671171417476	-0.00012822305720189828	0.003188745254292216	-5.4899823577172115e-05	-0.00010778849915137834	0.0027900909120113313	0.008522128874441351	0.022306537397263466	-4.963400323810117e-05	0.008397773576854898	-0.004352263526754766	0.00010618881105128824
5.4	0.00031821341694781083	0.00010747089644969394	0.0031878811498771515	3.5212192615432875e-05	-0.00012184034840683169	0.0027900183106070718	-0.00794722743591907	0.022889460801952116	-8.005083422992216e-05	0.008849943811903115	0.0016496588710490543	-0.00011119924569679431
5.41	0.00016902258995458847	0.0002922224053531409	0.0031873772251280585	0.00010792897995059238	-7.743207680507723e-05	0.0027883073005006516	-0.020645522143260788	0.012490529479754531	-4.4161926728430275e-05	0.005095868526061568	0.006852076568182692	-0.00022639649504109188
5.42	-6.15052544268805e-05	0.0003369022635943563	0.0031865320917016065	0.00012885814570180135	4.245772096969988e-06	0.002786537139403364	-0.02351757078052608	-0.003944211735363486	-0.00015467762846773031	-0.0010800671046993701	0.008796560388996025	-9.853747280598334e-05
5.430000000000001	-0.00026242337004921324	0.0002196675582738865	0.0031846410333788776	8.782472018223005e-05	8.422033625916858e-05	0.002786393434607559	-0.01500356083286313	-0.018461840337590414	-0.00018931000916103262	-0.006765299889199849	0.006517488540878712	8.004703439812775e-05
5.44	-0.00033743538023840096	-2.573201154971607e-06	0.00318376567933041	4.748547533156404e-06	0.0001241099445286994	0.0027872004303057035	0.0005870816867176511	-0.024109687557760478	2.1621355580139052e-05	-0.00912270204437016	0.0011061378170498768	7.314677228547654e-05
5.45	-0.0002514392825622674	-0.00022349259676407085	0.003185435753997091	-7.979262208069173e-05	0.0001047784482741142	0.002787493527818487	0.015926515697953503	-0.01825326067907081	0.00029846375968466094	-0.0070972759390058185	-0.004817312136630443	5.85098226090473e-06
5.46	-4.467376378420927e-05	-0.0003378005688323596	0.0031885680415645315	-0.00012589001049155478	3.5305499019552976e-05	0.002787399685517824	0.02367573999979438	-0.0036184840243842086	0.00026529866590740996	-0.0017269476862905682	-0.008485433981560835	6.75619245566648e-06
5.470000000000001	0.00018333133456889265	-0.00028956297117906663	0.003190018014458282	-0.0001114610124925274	-5.1420192902973704e-05	0.0027879825543556495	0.01998677786703798	0.012842977515809643	-3.8291826812572844e-07	0.004507550503397783	-0.008136240307598247	0.00011507358632046496
5.48	0.0003227720850554966	-0.00010209680517938831	0.0031889908720927514	-4.3356837595366746e-05	-0.00011385841834471355	0.0027889616265954213	0.006732227941486706	0.02306106744843362	-0.00017615099792648746	0.008519432978629412	-0.00382223891899411	6.726358548160751e-05
5.49	0.0003077741771456283	0.0001343882739065015	0.0031872258537304146	4.491480904871846e-05	-0.00012170420102849166	0.002789090233078339	-0.00962233593240019	0.022261893867217185	-0.0001382353491533281	0.00839263672581396	0.0023365410448133524	-4.564625121579726e-05
5.5	0.0001455747053028847	0.00030701850827185504	0.0031859967647625263	0.00011120569269719214	-7.08817869095083e-05	0.0027884238348259284	-0.02147934893454353	0.01082462130684252	-0.00011713354455925457	0.0043178935067513715	0.007404291775894276	-5.570839489464473e-05
5.510000000000001	-8.673489788476189e-05	0.00033271226850234626	0.0031849554968281808	0.0001240889773558966	1.3967421231803021e-05	0.0027880122645074657	-0.02300270808930607	-0.005895963227751879	-9.940935172403271e-05	-0.0018217006736185387	0.008844716224425493	-4.006132221582762e-05
5.5200000000000005	-0.0002770873934893404	0.00019868214896642044	0.003184299435886957	7.788943517228894e-05	9.192865113279555e-05	0.0027878198246641265	-0.01350504726327484	-0.01975916902963485	-5.784968825635652e-06	-0.0070235144380880596	0.006104771214619998	-3.6122530414132826e-06
5.53	-0.00033487877135301503	-3.039306120320971e-05	0.0031855218194924225	-4.691399725455542e-06	0.00012618184786711593	0.002787612824873657	0.002412628851615619	-0.024159720853109166	0.00023068994252252247	-0.008824309007180507	0.0004571482040235273	-4.571791857151254e-05
5.54	-0.0002325411538634706	-0.0002452086409484646	0.0031882961867250328	-8.464714737992756e-05	0.00010008250391169336	0.002787070064052663	0.017221439117596448	-0.016998927579195165	0.00027488206185386817	-0.006501713671829971	-0.005471349286975669	-4.9438820101870043e-05
5.55	-1.8396333713864012e-05	-0.0003424154505776988	0.0031899392398971834	-0.0001242794884706639	2.5473634735242842e-05	0.0027872188856667497	0.023789503950153067	-0.0016005405416747165	6.075470480982252e-06	-0.0010749640784679518	-0.008830808437450238	7.414678683716658e-05
5.5600000000000005	0.0002041097186823359	-0.0002743598844242021	0.003188743138374516	-0.00010461947536761686	-6.20972666093701e-05	0.002788712144856684	0.01884836739586103	0.014601423794134946	-0.00021165786944112226	0.004862518631757938	-0.00793310265571889	0.00020171441879789233
5.57	0.0003286420301187006	-7.45696419369869e-05	0.0031862068149399263	-3.489750779382553e-05	-0.00012005408764930704	0.0027902042520779363	0.0050224836260377255	0.023675217371241685	-0.00023140269016790147	0.008466879971387604	-0.003147519698351984	6.632526766783223e-05
5.58	0.0002963737333744112	0.0001610400733570263	0.003184981174184445	5.106159643244439e-05	-0.00011998315173009204	0.002790003668210774	-0.011229916232236401	0.02149094591781649	-3.501445425856344e-05	0.00800104401234348	0.0031551724808697385	-9.86522778711116e-05
5.59	0.00012202432968758504	0.0003203041687247136	0.0031852536490132085	0.00011243918039326304	-6.228092923625518e-05	0.002788732076513992	-0.02217977003138032	0.008993310901753468	6.041535377690769e-05	0.003777853727041426	0.007894618866868765	-0.00010847056074301414
5.6000000000000005	-0.00011074040115633199	0.0003262588681183692	0.003185857942251471	0.00012012785914355213	2.512860210714683e-05	0.002787786074183821	-0.022429907814796268	-0.007859518498785965	5.206360933384908e-05	-0.0022982822635085514	0.00883753169134919	-7.520683126693404e-05
5.61	-0.0002899998202537367	0.00017579740140124153	0.0031863821699897998	7.033629285559206e-05	0.00010039191919459224	0.0027870830531139933	-0.0119199292911954	-0.020961670086027725	8.594682394706645e-05	-0.007223190394038318	0.005553996905064202	-7.438582911786288e-05
5.62	-0.00033041957506190135	-5.903934808432705e-05	0.0031878365554360707	-1.2730736784049976e-05	0.00012718722451238195	0.0027863254597357582	0.004185298071418915	-0.024011365648460833	0.00018990341950396949	-0.008707952308517907	-0.00041992361054870897	-6.81313665727074e-05
5.63	-0.00021281325196013953	-0.0002653283954003257	0.003189477566810609	-8.98566663671127e-05	9.271357906105582e-05	0.002786075991863468	0.018347817015688793	-0.015485588534817341	8.917401828365975e-05	-0.006086234123692877	-0.006218562059294219	4.5581316019920366e-05
5.640000000000001	6.8268036571966e-06	-0.0003436620141997832	0.0031888690347161926	-0.0001243085198550576	1.3004688227180789e-05	0.0027873863993739603	0.02371932035506408	0.00048119255086452703	-0.0002025158581518664	-0.0005017600065430354	-0.009032442288272158	0.00019893358307032815
5.65	0.00022299703820789066	-0.00025661852542208194	0.003186316893936666	-9.924145197739234e-05	-7.30705828080045e-05	0.0027895267812598533	0.01771259370752103	0.01616707155806512	-0.00021238391408989928	0.005327327420490451	-0.00744366653560276	0.0001887080989367223
5.66	0.0003326275530699694	-4.675973748997759e-05	0.0031850314916666623	-2.685556862022783e-05	-0.00012396484976325863	0.0027907480995700723	0.0033132863577652527	0.02405664340757666	-5.05123563143845e-05	0.008528113813336471	-0.002301051493348953	1.655925997687137e-05
5.67	0.0002836312727652169	0.0001856950738687575	0.0031854342642540245	5.7656553252534705e-05	-0.00011535595198392898	0.0027901384455376508	-0.012704948545265847	0.020481704697959388	0.0001108229867706001	0.007690020335211759	0.003940295052295014	-0.00013858670189923037
5.680000000000001	9.88627581608536e-05	0.0003292360411046657	0.003186664018254079	0.0001145535957862804	-5.169470673336283e-05	0.0027883870423112108	-0.022691190660182364	0.007020116003957928	0.00010266280272468626	0.0032093020054129806	0.00826994913468238	-0.00019359865476617304
5.69	-0.00013339775514298834	0.00031468310263814376	0.003187359569180388	0.00011637790259236124	3.6827692960605494e-05	0.0027870218946408256	-0.021782112971485794	-0.00982164622149175	5.647079792259253e-05	-0.0028509155350611246	0.008700304160693423	-9.875205293377486e-05
5.7	-0.0003015553713593632	0.0001490684372771734	0.0031880435166766444	6.233926887564702e-05	0.0001077617341133711	0.0027865789533912523	-0.01043904842398654	-0.02186831500184474	8.961889276115558e-05	-0.007513023515693677	0.004914537226100165	-1.2807889286082549e-05
5.71	-0.00032509131278001983	-8.762938021447012e-05	0.003188541317411109	-2.1434886084740377e-05	0.00012736486255480472	0.0027864761968524904	0.005947673987412294	-0.023477627190660544	2.974190520859437e-06	-0.008568483821644941	-0.0011859200528474784	1.6078387113498996e-05
5.720000000000001	-0.00019228280380801407	-0.0002823271911129833	0.003187966088401996	-9.534092063633224e-05	8.578764774640859e-05	0.002787332839347902	0.01949842418353068	-0.01382452940929778	-0.00012573292634801686	-0.005586305126349386	-0.006782297671195495	0.00015216629614338043
5.73	3.289147019541282e-05	-0.00034108349229068505	0.003186110737633435	-0.00012386972756875563	3.0999562968064434e-06	0.0027894271574511503	0.02364520241243558	0.0025441628828344947	-0.00020164172561339125	0.00012077893500990621	-0.00906272600054771	0.00020092594771784617
5.74	0.00024204034847718703	-0.00023633154322506123	0.0031845281887093106	-9.30670470853321e-05	-8.085542686874083e-05	0.0027907767308742175	0.016457597532619515	0.017527229867293992	-8.708011140958799e-05	0.00577185610915868	-0.006994346305193194	3.1220076642184714e-05
5.75	0.0003358126828392553	-1.8867770189832122e-05	0.0031848292587266895	-1.7965581713330935e-05	-0.00012558703229899893	0.0027899057668481424	0.0014995823319549691	0.024137316773242	0.00013563524194657795	0.008622317152856772	-0.0016121457450575213	-0.0001799405894234249
5.760000000000001	0.0002691952602451138	0.00020774121304416475	0.0031866175360843307	6.510803256712563e-05	-0.0001104167685805361	0.0027876540613638386	-0.01430055213255264	0.019245879287935468	0.00019218856059452274	0.007326652698778578	0.004515030696558663	-0.00025084540841970043
5.7700000000000005	7.338309089231234e-05	0.00033452420137526656	0.0031880419233144513	0.00011674810748379616	-4.249253383388857e-05	0.0027858754964857186	-0.023238231510521262	0.005060044839229982	8.784786893934394e-05	0.0025877656428188217	0.008530188350988182	-9.607449600380497e-05
5.78	-0.00015747888117639413	0.00030050655542354085	0.0031882594411618216	0.00011243470617770079	4.631393857383079e-05	0.002785563083432524	-0.02099771878658488	-0.011563893489552701	-1.4254136662436689e-05	-0.0034257380383101907	0.008460443555642523	3.7164117644761756e-05
5.79	-0.00031290542031282045	0.0001222772359723932	0.0031879832637997777	5.3935982358015345e-05	0.00011287432898557067	0.0027862145310151164	-0.008766921773876033	-0.022586371312253457	-9.925187678326458e-06	-0.007766694905996581	0.004323900111101891	8.590239596005002e-05
5.800000000000001	-0.0003184110669456723	-0.00011452886215613316	0.003187706147071591	-3.0352008849095495e-05	0.00012574530259152437	0.0027871856655609616	0.007720824198800077	-0.022804304016030733	-4.002688098458456e-05	-0.00834785293948178	-0.0018759675802232703	0.00013151785512543844
5.8100000000000005	-0.00017078580330463685	-0.0002966373532238684	0.0031865596140276367	-9.994024130399448e-05	7.83945561136176e-05	0.0027889224551195016	0.020536960393786767	-0.012081128355662073	-0.00016197334567559022	-0.004966586656817017	-0.007221402162499982	0.00018426658503149345
5.82	5.864898841931038e-05	-0.0003364442179727092	0.003184923840394212	-0.00012163279044104822	-6.8180941768428935e-06	0.002790847969618039	0.02342189329592803	0.004439178005729853	-0.0001529908651860886	0.0008262449993708466	-0.00908660954467636	0.00016424936836976933
5.83	0.0002599821003533593	-0.00021546855066127837	0.0031843422636163086	-8.513466680491876e-05	-8.838479872616443e-05	0.0027914956039802184	0.015174777587322276	0.018767087440240887	6.360240647428636e-05	0.006145872447616507	-0.006551819612027436	-6.873556459751806e-05
5.84	0.00033740367483056107	8.47766354646657e-06	0.003186124817068768	-8.45334195981401e-06	-0.00012716417838664162	0.002789730327706854	-0.000337282455522339	0.02415882890978252	0.000244802860619624	0.00854503238666815	-0.0009048309424798228	-0.0002532131521790007
5.8500000000000005	0.00025350616042863334	0.00022859074230714086	0.00318854287208554	7.211004461287553e-05	-0.00010507406409788336	0.0027869802365207913	-0.015755394092551632	0.017976371365668424	0.00016861891037015165	0.006928365072156229	0.005154320812673578	-0.00024845502727633746
5.86	4.7846500142839655e-05	0.0003385023817036262	0.00318894573768454	0.00011864080349969513	-3.234567237936365e-05	0.0027853640116638125	-0.02359702412232036	0.003094640443801368	-5.879715568357714e-05	0.001969385865812671	0.008803424193232436	-4.299597966005913e-05
5.87	-0.0001800791758100799	0.00028581088215559754	0.003187739267443872	0.00010819096429606579	5.636390602862009e-05	0.002785785406141039	-0.02008332881179516	-0.013177826346562609	-0.00013291533482325164	-0.003969705318027496	0.008204796414156293	0.0001091142395074329
5.88	-0.00032160458220808016	9.632099253579985e-05	0.003186613586803569	4.567208833199276e-05	0.0001181419733614896	0.002786996447712471	-0.007031156096081449	-0.023143611297550732	-6.614439938046023e-05	-0.007994655704426912	0.0036142692735471552	0.00011096661033085223
5.890000000000001	-0.00030919426834821967	-0.00013930012081587304	0.0031863362076709058	-3.864624999720638e-05	0.00012324415301568175	0.002788246025013531	0.00940651119039197	-0.02202257267693305	-5.689982168474441e-06	-0.008169173702998318	-0.0026560007946071617	0.00016270890975856673
5.9	-0.00014850747630065512	-0.0003080646830222285	0.0031859543357618675	-0.00010468834957541375	6.932987109677074e-05	0.0027897794230514945	0.021374618206016795	-0.010321912756902564	-5.8913193521774624e-05	-0.004453464112277981	-0.007682678704116912	0.00013953711829547036
5.91	8.314449677532712e-05	-0.0003293093350673124	0.0031856539058187842	-0.00012060288396615103	-1.739977789030069e-05	0.002790606681506692	0.023015232995216624	0.006243887825606411	7.762818265587132e-06	0.0013977680034375397	-0.008957266266035288	2.2372353788355818e-05
5.92	0.00027534200653540637	-0.00019349429799342418	0.0031863759931649006	-7.916885212323188e-05	-9.551774331460487e-05	0.002789857869943307	0.013782632672587405	0.019795933197883284	0.00014965310227529305	0.0065589476032887045	-0.005990379213756175	-0.000160464060659798
5.930000000000001	0.0003362249438329371	3.467655397934189e-05	0.0031881058635628095	4.6684180463058474e-08	-0.0001277380944786677	0.0027874960203242414	-0.0021401735441704743	0.023914805713796523	0.00016172890307878507	0.008627516839108349	-0.0001923455725546408	-0.0002845772020770671
5.94	0.0002357261220420384	0.00024596026537541114	0.0031888489410411723	7.950400752964304e-05	-9.863549120440599e-05	0.002785206763700651	-0.017116217429730095	0.016546151123343938	-3.771965410251285e-05	0.006568324759990122	0.005775210669952784	-0.00014254197814002063
5.95	2.1851716087364625e-05	0.000338402199276368	0.0031873777231652195	0.00012085360168431663	-2.13527138457027e-05	0.0027848529086696087	-0.023844136820536665	0.0011865807199861167	-0.00020474565778620812	0.001332554490858558	0.009025421619361165	5.1975812980890476e-05
5.96	-0.00020232140118021867	0.0002684733391556186	0.0031855396455408376	0.00010438517058075297	6.687983758002124e-05	0.002786151618201716	-0.019113563670594625	-0.01458861528551284	-0.0001140182965745126	-0.004493139792154096	0.007864952573924047	0.00015370660511796245
5.970000000000001	-0.00032961684357337226	7.026959723849575e-05	0.0031853521734123503	3.8484643049226226e-05	0.0001229387167731642	0.002787641001916563	-0.0052730913147287645	-0.023397555766437806	6.583952913775364e-05	-0.008166970459467354	0.0028755212330878466	0.0001425208339032365
5.98	-0.0002989662184465944	-0.00016202306781310544	0.003186414374298925	-4.563295426040195e-05	0.00011981715522925253	0.002789048214145004	0.011141569320018073	-0.02110024590790412	0.00010715199459045382	-0.00795112786781549	-0.0034545959745546978	0.00013191145758887965
5.99	-0.0001249803336162053	-0.0003170379976074344	0.003187287895823604	-0.00010821925092425842	5.9385564438453924e-05	0.002790150647416766	0.0221835099561457	-0.008592172738957987	5.160494457571473e-05	-0.004002982728147014	-0.008108949792274854	5.403929768628678e-05
6.0	0.00010864816934367101	-0.0003200886620620194	0.003187714302934507	-0.00011909097138341626	-2.9382208741697742e-05	0.002790091800412577	0.0225952033512525	0.008009346912099879	4.944770257981518e-05	0.001919565711658841	-0.008894079355087573	-8.590677842329602e-05
6.010000000000001	0.0002901010140183637	-0.00016986493709718786	0.0031884243640378203	-7.295800987903093e-05	-0.00010385105227230849	0.00278813347244043	0.012171079580142458	0.02074819513627871	4.235531684505661e-05	0.006907381577472227	-0.005385512280246097	-0.000264745674544621
6.0200000000000005	0.0003323842631132763	6.160128853760815e-05	0.0031884058757238503	8.052981315067122e-06	-0.00012825015075018116	0.0027856856994047546	-0.004080874941739585	0.02358315221912532	-6.79121862386749e-05	0.008615339659111263	0.000691969014320956	-0.00020022114371068183
6.03	0.00021485627993076366	0.0002632699306991384	0.0031871766764827395	8.578820824865206e-05	-9.081247742454431e-05	0.0027843846148059067	-0.018417673068246737	0.015063697544626437	-0.00015672832695911757	0.00627423762246837	0.006469442334530615	-2.9760917723428717e-05
6.04	-5.633842323169209e-06	0.0003384643542623991	0.0031855312664052396	0.00012291423200076466	-9.186381372294494e-06	0.0027853085475953256	-0.023809449904418238	-0.0006678370661915526	-0.00014757003537077174	0.0008427404714500675	0.009158397592413393	0.00019644387082934923
6.050000000000001	-0.000223268140398211	0.00025158047156179786	0.00318490476260452	0.00010125668822469331	7.693569836996664e-05	0.002787549392587173	-0.01789106709563916	-0.015982919990690684	4.319564649656081e-05	-0.004971120194172848	0.0073672008575662645	0.000235183325871955
6.0600000000000005	-0.0003346914360529341	4.439680335553198e-05	0.003185934673511057	3.156009238478861e-05	0.00012613378085362303	0.002789637931381607	-0.003442345000113807	-0.023719136677095607	0.00014474901878677832	-0.008393718911449372	0.002083510519120882	0.0001835225269203041
6.07	-0.0002862740664356992	-0.0001842510659271378	0.0031871763260314973	-5.2861691117831666e-05	0.00011501250724883667	0.002791067393204582	0.012723368020161548	-0.02009683085656004	9.927619172134025e-05	-0.007785516078723921	-0.0042108739808866796	0.0001062667069067137
6.08	-0.0001009877934265064	-0.0003247766620968333	0.0031876735775971123	-0.00011177964988691594	4.878248620212522e-05	0.002791400822680343	0.02279311130340732	-0.006835734753557353	7.480928372783431e-06	-0.0035006247500378703	-0.008466548520784309	-4.190281633317147e-05
6.09	0.00013260178444475128	-0.00031008697348074024	0.003187898736668805	-0.00011700085584845038	-4.040662960200992e-05	0.0027897395354239134	0.021964732509566775	0.009643634840042903	4.1908625965545287e-05	0.0024834243247663446	-0.00861535718450898	-0.00027522622290448084
6.1000000000000005	0.00030270493836427137	-0.00014734839113265412	0.003188097716481079	-6.599903193474638e-05	-0.00010957554158834627	0.002786679644835112	0.010637279368239305	0.02155159986852855	-1.8802162269993684e-05	0.007295294326800967	-0.004644846053503886	-0.0003150156505982135
6.11	0.0003276081913545839	8.590959161882314e-05	0.003187521104339277	1.7038344250595544e-05	-0.00012601614500746302	0.0027842712474306416	-0.005865603285256232	0.02312707610138603	-9.048938654350794e-05	0.008644510950454369	0.0015063281105185092	-0.00013206472953002286
6.12	0.00019527829116649674	0.00027759768241216804	0.0031865017627878407	9.255680962125422e-05	-8.167376811500909e-05	0.0027840144607767414	-0.01949786724195897	0.013607512847109319	-0.00010010411208097643	0.005795300313486042	0.006971058007105538	7.017457310125015e-05
6.13	-3.0392498017706413e-05	0.0003359848204037933	0.0031856888728561887	0.00012358944709314813	2.3167768351496944e-06	0.0027855620795364166	-0.0237619320930887	-0.002404020490899944	-3.0624053422448584e-05	0.0001486141835269505	0.009109597485959445	0.00018500296934105325
6.140000000000001	-0.00024143001108661705	0.00023381830973983472	0.003186137766518835	9.517791957703905e-05	8.559521667261575e-05	0.0027874635781305755	-0.016681996873093966	-0.017205932500531276	0.00011029467615757031	-0.005565237571016986	0.006821130859201133	0.00019162589153816942
6.15	-0.00033707432983880626	1.937995015586957e-05	0.0031875009517354012	2.116868204160214e-05	0.00012754880821150955	0.002789331373938029	-0.001657407637393913	-0.02385802370292851	0.00016335612051190807	-0.00860552562395758	0.0012449303032931508	0.00018370742521728393
6.16	-0.0002715696150611256	-0.00020444345397773388	0.0031886092959747766	-6.301224227160314e-05	0.0001085502323605519	0.0027905627606670774	0.014211097624442025	-0.01902181563803649	3.580131308838262e-05	-0.007528996778279475	-0.00489184232496216	8.02922855721943e-05
6.17	-7.618200963869598e-05	-0.00033029703024672403	0.003188438241471212	-0.00011714180143255034	3.763627822583482e-05	0.0027905966447622026	0.023215406102793063	-0.005089976992411817	-7.460587005729007e-05	-0.0028656935903597844	-0.008697789682731754	-9.896126868240565e-05
6.180000000000001	0.0001553587597685784	-0.0002980108330911321	0.0031874917564624033	-0.00011535358144152786	-5.111554593191997e-05	0.002788965167804507	0.021169406669715674	0.01125460769527119	-0.00010214915313713122	0.003187611810194254	-0.008304806201118215	-0.0002305394246292906
6.19	0.000312701163402041	-0.0001231546512475528	0.003187007743833181	-5.8349967354162194e-05	-0.00011518342041255404	0.002786354796962432	0.008984027190808068	0.02224896049876627	-1.7988249203269685e-05	0.007737998495094407	-0.003981234459482342	-0.00026314725256055426
6.2	0.00032038140570866995	0.00011082795718229561	0.0031868094748181285	2.7131241728655784e-05	-0.00012432294056204023	0.0027845084241133406	-0.007544603707453818	0.022574844273141027	-4.8902270980430395e-06	0.008618081234901537	0.002248823076249194	-9.091617480115709e-05
6.21	0.00017426525413172006	0.0002915400193658188	0.0031865568403540837	9.980246379658415e-05	-7.36999925278039e-05	0.002784528210122591	-0.02044773337933108	0.012034093487326536	-3.468969848197326e-05	0.005297439863833605	0.007443699236292084	8.124819239234928e-05
6.220000000000001	-5.517710061359751e-05	0.0003321713681536759	0.003186366343675414	0.00012452518602820066	1.24618497252255e-05	0.0027859733718845177	-0.023532006533975313	-0.004230854909449707	2.069801333153755e-05	-0.0005801567434035958	0.009055856012060668	0.00018565122404532055
6.23	-0.0002581513774072686	0.00021379826155289362	0.0031868099176366603	8.941976231403628e-05	9.255246460809943e-05	0.002787529814890711	-0.015367355535340218	-0.018448459314446882	7.04434589786114e-05	-0.006150420722438707	0.0062901441594695375	0.00011858259367210247
6.24	-0.00033760149334839174	-7.001956522460421e-06	0.0031875115972897165	1.1241853903299003e-05	0.00012811348773317984	0.0027882312110720153	0.00016973904564487023	-0.02386794693398952	5.361103588188006e-05	-0.00879467590019307	0.0005145268687872834	3.944342787971088e-05
6.25	-0.000254802248668859	-0.0002244807933998419	0.003187781922249966	-7.234749678718313e-05	0.00010221874972073828	0.0027885834845469133	0.015665686952444365	-0.017798743318756843	-1.0732571643783416e-05	-0.007206892719525834	-0.005471546686072603	3.319499886967042e-05
6.260000000000001	-4.9879878238227986e-05	-0.0003342255578676572	0.0031872285448437273	-0.00012113302666755271	2.7551246868541076e-05	0.0027885843276263702	0.023597571143855193	-0.0032316612468162665	-4.940482078717487e-05	-0.002130205147064694	-0.00884782983131666	-5.8327725031985816e-05
6.2700000000000005	0.00017910247383978327	-0.0002841396929008883	0.0031872000411661185	-0.00011167311627436346	-6.0215114483481714e-05	0.0027876326784058957	0.020263455524200346	0.012827214933107761	6.675621942183302e-05	0.003966209392758095	-0.007976343753863045	-0.00012247805014140186
6.28	0.0003224540545673629	-9.822404153298445e-05	0.0031879236530855783	-4.8628701777231605e-05	-0.00011906264106540996	0.0027862439796649888	0.007203690166010796	0.022802072289119173	6.662125968245184e-05	0.008127296981603168	-0.003306095757363602	-0.00013957951380974426
6.29	0.00031137767595411516	0.00013480326906942363	0.0031879676300894957	3.7835978074806055e-05	-0.00012105199228112825	0.0027855615253782303	-0.009344676905049523	0.021860204485003074	-3.3558159918792265e-05	0.008441497390198833	0.002947161844370375	1.6936383931319525e-05
6.300000000000001	0.00015069008721089886	0.0003032229450121138	0.0031870737078794503	0.00010653175549072314	-6.491620128853705e-05	0.0027863732587467757	-0.0214167105591873	0.010426165382859785	-0.00012094878678563337	0.0046841916741965205	0.007826342504975171	0.00014065850463255592
6.3100000000000005	-8.225184998833965e-05	0.00032657792865981163	0.0031860924830797274	0.0001240182742239525	2.2266382914095068e-05	0.002787797681801902	-0.023237899481213034	-0.005952550691370806	-5.472640922868559e-05	-0.0013550915148294819	0.008845655393541664	0.00012770295243943702
6.32	-0.0002761807242728502	0.00019375052657138466	0.003185883574737147	8.195589567800435e-05	9.800804958444103e-05	0.0027886391318486903	-0.013912239915573017	-0.01950413937597412	3.760625043410897e-05	-0.006722824255394611	0.00565717338532943	4.252753040460955e-05
6.33	-0.0003380356506270383	-3.202962932300081e-05	0.0031867600827471935	6.112935758628722e-07	0.00012667951772373062	0.0027888503401730207	0.002073863469822318	-0.02374404838808043	0.0001458154833408225	-0.00888533409492931	-0.00018409539526032648	5.308378719526433e-06
6.340000000000001	-0.00023810390017172642	-0.00024253217507446434	0.003188131898255315	-8.118354489568958e-05	9.481994224417228e-05	0.002788635355079015	0.017086635529645684	-0.016625242897262794	0.00010926753301693236	-0.0067673146413548095	-0.005940306461854767	-5.2220252971107825e-05
6.3500000000000005	-2.4099644673969445e-05	-0.00033707512399855746	0.0031888697818288126	-0.00012407203124097362	1.743149843805077e-05	0.0027878905347991103	0.023920862670944797	-0.0015188175689584938	5.343851435747392e-05	-0.0014568071728476887	-0.008877913744521985	-9.691976263547777e-05
6.36	0.00020129544713347664	-0.0002704386672349659	0.0031888448314650523	-0.00010755845341498209	-6.829305984493298e-05	0.0027866327022016686	0.01925913275237531	0.0143089639164144	-6.0472120476665414e-05	0.004618344894560279	-0.007553506547460733	-0.00014141876787774642
6.37	0.00032978761820417064	-7.402316156965049e-05	0.003187967286455867	-3.895692969311043e-05	-0.00012141894207518535	0.00278542007964243	0.005371552220146956	0.023328114655173916	-9.182851391772062e-05	0.008507353806052453	-0.002609832653901755	-9.501152101141063e-05
6.38	0.0002999202188805957	0.00015801845099712542	0.0031869685141129615	4.867845584695171e-05	-0.00011636365562540664	0.002785083369136407	-0.011074211282135964	0.021121192596149075	-0.00010155301631280208	0.008286924808295182	0.00357078902753218	4.6207954774375447e-05
6.390000000000001	0.00012613983326173044	0.0003143872976723259	0.0031862223063947462	0.00011305175619205102	-5.546771536546869e-05	0.002786012945553745	-0.02222168778630173	0.008836992198043386	-3.990491388117411e-05	0.0040500922825295145	0.008074552900930227	0.00012247014243774713
6.4	-0.00010842172455978793	0.0003203975566448638	0.0031862615002101026	0.00012295551220509594	3.187432566008305e-05	0.0027873508553833432	-0.022715946941899486	-0.007707024507577437	4.2851261936086136e-05	-0.0021469103922045116	0.008645739451735423	0.00010912622997857453
6.41	-0.00029121760671504374	0.0001727308269311603	0.0031868812268893228	7.375198386070755e-05	0.00010346646354320713	0.0027882207717825785	-0.012320994109794866	-0.020565252150085533	6.45353504202265e-05	-0.007271307039128138	0.005094363965925751	6.484336462899116e-05
6.42	-0.00033465937023124785	-5.763770798387849e-05	0.0031874243190936325	-1.072257320425741e-05	0.00012559825404892349	0.002788562532081589	0.003991071120018015	-0.023566221148669745	5.010963610901999e-05	-0.008898126049811219	-0.0008722531539280794	-4.190785230401648e-06
6.430000000000001	-0.00021756716084607179	-0.0002602014259942908	0.0031877277842453596	-8.982110848783602e-05	8.747620873011545e-05	0.002788373793517197	0.01842299541129154	-0.015279056785830015	-7.15148694174772e-06	-0.006247794545348417	-0.0064201478725746195	-5.902579710420997e-05
6.44	3.616165141450131e-06	-0.00033841330071122895	0.0031874534028568558	-0.0001254158430566192	7.4635549681387365e-06	0.002787464837316548	0.023969753101846698	0.0003180698922263045	-2.7646255451146007e-05	-0.0005988210651564475	-0.008902276947273217	-0.00011103499337780502
6.45	0.00022324416269384743	-0.00025454591952708854	0.0031873581969724335	-0.00010086926631997347	-7.593015958744352e-05	0.0027864410915464507	0.018101496884935116	0.015762745155551917	1.731494252481987e-05	0.005309643904626689	-0.007072085007140081	-7.803162499356303e-05
6.46	0.0003357805898384321	-4.8455129615955e-05	0.003187520377429047	-2.7817413777674083e-05	-0.00012288475993252123	0.0027857944721503616	0.00346540161231602	0.023686444601945154	4.259828101386243e-05	0.008694954225260102	-0.0019337027768533042	-2.6114403966894547e-05
6.470000000000001	0.000287045388304902	0.00018092192448359077	0.003187671253076226	5.903917025488878e-05	-0.00011085340529770958	0.0027858094707523397	-0.012800932633997899	0.020281243594382076	-1.0827475752785544e-05	0.00792260699468144	0.004221587273979204	5.274007341765996e-05
6.48	0.00010045778412610961	0.00032376382572845775	0.003187738513736364	0.00011770672432764832	-4.5152117126044206e-05	0.002786383682829786	-0.02293280393534355	0.007086807926877057	3.1604608505624736e-06	0.003313748116252343	0.008338696968833138	6.21869661103933e-05
6.49	-0.0001339743829227418	0.00031127150453554725	0.00318760537276333	0.00011988041094907662	4.2166727959339295e-05	0.0027871207199890702	-0.022015281797330557	-0.0094887958825385	-2.432013570207291e-05	-0.002892038044976512	0.008411572117268713	8.401961950163606e-05
6.5	-0.00030421117829579174	0.00014953845438465935	0.003187393092419895	6.441068512706905e-05	0.00010949471553666928	0.002787880436810459	-0.010613776077385487	-0.021517121753248103	-3.0304425709541857e-05	-0.007748423505701257	0.004491590167945175	5.606816777641648e-05
6.510000000000001	-0.00032884873219874875	-8.408438260649391e-05	0.003187202214989104	-2.2137867754970956e-05	0.00012450033735044816	0.002788278012329003	0.005891318128479019	-0.023240635548657837	-3.139281984441167e-05	-0.008819844459651062	-0.0016218477319536854	1.3665870860160323e-05
6.5200000000000005	-0.0001958301660065273	-0.0002774873970428776	0.003186914781300307	-9.803470567672103e-05	7.957705542273632e-05	0.002788036418151818	0.01958591882023976	-0.013810005120814877	-3.425803084351201e-05	-0.00571164134151384	-0.00696246310508015	-5.3349607958543426e-05
6.53	3.107186602582084e-05	-0.00033799667455495223	0.003186571652019447	-0.00012694227524674774	-3.3806712734143126e-06	0.002787438573033879	0.02388486499770115	0.002217769971011585	-7.728109925316524e-06	0.00016203872294139426	-0.00892655981680759	-5.980366986394115e-05
6.54	0.00024303043310764438	-0.0002364034572792424	0.0031866811812158243	-9.509752902645665e-05	-8.473922377320437e-05	0.002786950844557168	0.016721695237683718	0.017230294724138416	3.0847692197374395e-05	0.00593898113303026	-0.006632552669271334	-4.059521603733108e-05
6.550000000000001	0.00033854165337352947	-2.1451961372162906e-05	0.003187190281836517	-1.7754668977698205e-05	-0.0001251664078955635	0.002786812357944619	0.001592308610983248	0.023934875230899173	5.038368436625834e-05	0.008870299591903674	-0.0011283360145410305	1.3741001175243389e-05
6.5600000000000005	0.00027210888665216506	0.00020350767590614596	0.0031875936369858884	6.813423753320182e-05	-0.00010568736553429625	0.002787200715856713	-0.014327629829635983	0.019171597696283942	2.659766784074553e-05	0.007571082545951787	0.004870162821506349	7.095085479441945e-05
6.57	7.540440032859778e-05	0.0003308160548524826	0.003187658564041834	0.00012160693699426871	-3.540223761165774e-05	0.0027878635073095275	-0.02334703208786331	0.0052195266254459315	-9.713686871225404e-06	0.002666337642016743	0.008582494648750364	4.766707558478732e-05
6.58	-0.00015721368390634634	0.0002997507862906195	0.0031876814625568907	0.00011687677477649144	5.193022777343317e-05	0.002788144471552818	-0.021226471680504164	-0.011169990258178832	2.8218442985377235e-05	-0.0035829138793992076	0.008129047305985102	6.37855522519369e-06
6.590000000000001	-0.000314835448147412	0.00012546561481584283	0.003187729354523945	5.605294223431362e-05	0.00011425752974054243	0.0027883141260763916	-0.00895886838495908	-0.02224380453897272	-1.4112134324993438e-05	-0.008086890461128508	0.0038161020350502227	2.346752610047632e-05
6.6000000000000005	-0.0003216361165043485	-0.00010907239828592089	0.0031873881345157607	-3.164305226878847e-05	0.00012233244093439203	0.0027881068859983995	0.007678977298686946	-0.022690419576422816	-4.235446951557709e-05	-0.008723718788405846	-0.0022886484393791068	-6.660175033766676e-05
6.61	-0.00017393777077413355	-0.00029119334068669953	0.003186839977108536	-0.0001039741683539603	7.212036066912272e-05	0.0027873145479633066	0.020632736988187895	-0.012232084825859555	-8.014850213715425e-05	-0.00512433700335224	-0.007357229199801209	-9.536234937967573e-05
6.62	5.74425794888393e-05	-0.000333736112792568	0.003186245963424108	-0.00012619506439075616	-1.2665990898463119e-05	0.0027863186696481636	0.023660555714495383	0.00408835958928605	-3.378074544885562e-05	0.0008824886137080953	-0.008903385665861444	-7.276285515354764e-05
6.63	0.00026111964015458806	-0.0002161981274385179	0.0031862175894904715	-8.779660341452983e-05	-9.136152940211903e-05	0.0027856336373669553	0.015342490281660572	0.018423296677500405	3.7719517991646594e-05	0.006474899133871198	-0.006183035651684185	-5.428418891557547e-05
6.640000000000001	0.00033950253449304785	4.9032084741606025e-06	0.003186876430660956	-7.280826527792449e-06	-0.000126233807928523	0.002785813136424832	-0.0003358834921136364	0.023918537760769826	8.112103735358337e-05	0.008960543389983497	-0.0004788394335702089	7.458633484763457e-05
6.65	0.00025487657060553143	0.00022340112246993702	0.0031877358810016975	7.651429005973676e-05	-0.00010032526684238189	0.0027865733419665784	-0.015855110058658844	0.017929094964438706	7.205363936805487e-05	0.0071216194816801906	0.005444742720235226	8.784618813829947e-05
6.66	4.803898563084641e-05	0.0003346498155172241	0.0031885301416820816	0.00012360204153794106	-2.619166346567419e-05	0.0027874328038060875	-0.02374489597050274	0.003375841943232059	8.343794428606746e-05	0.0018937334624644054	0.008747757101026722	8.986524219826964e-05
6.67	-0.0001818304197426568	0.0002854206468695853	0.00318870774522734	0.0001113344207636737	6.07432072457396e-05	0.0027882283554726494	-0.020295163618831213	-0.012816683417304115	-4.820595407333667e-05	-0.004244584476009502	0.007898286890923647	6.548390984229113e-05
6.680000000000001	-0.00032466643082191665	9.900332592918384e-05	0.0031877315679535393	4.5697456088322775e-05	0.00011847706784666868	0.0027886385711612606	-0.007080076337537609	-0.022872471612576873	-0.00013121221406809733	-0.008327846773729707	0.0031715238086950613	1.842197676510911e-05
6.69	-0.0003119515369199876	-0.00013487741003631612	0.0031864704310126954	-4.205192118753099e-05	0.0001194461478747314	0.002788207722783926	0.009515421844543959	-0.021941828086379157	-0.00010885274291587437	-0.008465594235316223	-0.0029760172628591716	-0.00010351056026561093
6.7	-0.00014992969810129802	-0.0003042018933582629	0.003185827256563616	-0.00010976965107482806	6.355541015838441e-05	0.0027870271225713195	0.021528531682771385	-0.010498556540902001	2.6608815810045776e-06	-0.004506706483246123	-0.007735025259907255	-0.0001434480416861069
6.71	8.39713787740794e-05	-0.0003280164790706673	0.0031864467506627922	-0.00012488956662511642	-2.2761617765396788e-05	0.00278576992712895	0.023274408787183516	0.005960012217885203	0.00011300924354117654	0.0016014487252023432	-0.008788611327972014	-8.84903302899866e-05
6.720000000000001	0.000277808794133178	-0.0001945435518504591	0.0031874344079361188	-7.996292077014733e-05	-9.837693224530924e-05	0.0027853336693731087	0.013840890548287415	0.019624246462678498	0.0001048909413804487	0.006999427622132499	-0.005695916528287041	1.0433258451526619e-05
6.73	0.0003381935103013829	3.233470163220159e-05	0.0031882628769536727	3.733081049031319e-06	-0.0001273336770253813	0.0027858743978543825	-0.002287831354794615	0.023818177455245	3.7429466405035236e-05	0.009035066148435016	0.00016178775221795474	0.0001017073771293538
6.74	0.00023583542131712314	0.0002436841462347655	0.0031882698290281327	8.609979283260857e-05	-9.527597043042884e-05	0.0027872383376313413	-0.017321086897966378	0.016651405512992164	-3.216952318756125e-05	0.006744136403445187	0.005972945816811928	0.00017204150426586567
6.75	1.9954868500127673e-05	0.0003382413781701852	0.003187673742451404	0.0001273773818358537	-1.7553027136929378e-05	0.0027887994314083914	-0.0240589590350017	0.0014888427452011696	-9.34045932954202e-05	0.0011447761468693421	0.0089248358385559	0.0001127866732844659
6.760000000000001	-0.0002057216849475846	0.0002709049579098196	0.003186887985739032	0.0001074355507138069	6.836247071840494e-05	0.002789405838245677	-0.019181320543989182	-0.014406465424392037	-6.845924555711527e-05	-0.004958113617387348	0.007556490286124166	2.8208702322995227e-06
6.7700000000000005	-0.00033263968027792343	7.36234206107212e-05	0.0031862787371413175	3.6535978880010695e-05	0.00012150049838846942	0.002789107606476618	-0.005156734019909427	-0.02337947301404396	-4.7346488893665925e-05	-0.008632970622450454	0.0026368410105780614	-7.345864432383398e-05
6.78	-0.0003005543166117831	-0.00015892824676709465	0.0031861493661240123	-5.1379143023828516e-05	0.0001166993588025218	0.002788394551400926	0.011325879159457623	-0.021171758832202753	3.175447264900035e-05	-0.008195034375349661	-0.003520239120348644	-6.932464574506597e-05
6.79	-0.00012429625573391557	-0.0003152985938892021	0.0031866250597934456	-0.00011423716526174264	5.644109399855134e-05	0.002787820563838179	0.022431745156635208	-0.008776916769597897	8.915391068206632e-05	-0.003859980986641866	-0.008017677883094881	-4.740668123183764e-05
6.800000000000001	0.00011169642587425586	-0.0003203743513338138	0.0031875240341706274	-0.00012243906376834448	-3.062520514082391e-05	0.0027875321940796782	0.022775190400694433	0.007787294107698949	7.77091485671025e-05	0.002288578996531485	-0.008661603374977279	-1.3699907026666537e-05
6.8100000000000005	0.0002939254576112284	-0.00017193040030177644	0.003188268458943455	-7.200073972445612e-05	-0.00010291957305203572	0.002787506597268552	0.012141112192732251	0.02063056860709148	6.215399081263769e-05	0.0073694567463738056	-0.0051555336591841356	4.079041450036539e-06
6.82	0.000334999782481554	5.8822838886374076e-05	0.0031885573038166006	1.3115678257524842e-05	-0.00012574588267985482	0.002787540639062847	-0.004259920671477228	0.023581136678116742	-7.147192619759054e-06	0.008915191583851057	0.0008173908692544804	2.3733660839874482e-05
6.83	0.00021549850037142504	0.00026112754155810207	0.0031880154664311513	9.16172894318544e-05	-8.800012214368068e-05	0.0027877433155221293	-0.01863457313321039	0.015202146620463139	-7.308175885237738e-05	0.006133164633895105	0.006423465796111524	2.682905794972119e-05
6.840000000000001	-7.611319445352224e-06	0.00033848063742073447	0.0031870934313426814	0.0001259955650060425	-7.804252944673635e-06	0.0027878195591425985	-0.02410588617850803	-0.00039695041043921427	-0.00010990698885964577	0.0004521791780420537	0.008936872751338568	-6.0840148062732836e-06
6.8500000000000005	-0.00022720883691115026	0.0002536974076265702	0.003185885557228393	9.977951645384239e-05	7.60444279775954e-05	0.0027875951779901234	-0.017954256997500626	-0.01585045411347292	-0.00011499573614617431	-0.005488478809730231	0.007122899903249526	-1.5431558438189644e-05
6.86	-0.0003376420516009153	4.720549340480167e-05	0.0031852286397497623	2.5612343668068963e-05	0.0001233891127614239	0.002787435434752315	-0.0032233430431536365	-0.023710508080168967	-4.1296404016795245e-07	-0.008708230692565305	0.0019305383662692073	-8.71004710949936e-06
6.87	-0.0002863455453217255	-0.00018195388600166494	0.0031859006081606384	-6.0461126515021396e-05	0.00011171157009632731	0.0027875492210663756	0.013052010401790931	-0.0202157517623616	0.00010505834884309503	-0.007773948097791868	-0.004184242664949983	1.0004168486007973e-05
6.88	-9.773609406625452e-05	-0.0003242072451210766	0.0031873606162088107	-0.00011731086959414408	4.6602715458621694e-05	0.002787752855643651	0.023092841254232107	-0.0070453995965678905	0.00015688599834004215	-0.003123445590937199	-0.008292063187138479	1.0370460139518297e-05
6.890000000000001	0.00013796968673317984	-0.0003112529787176385	0.003188374157525879	-0.0001180601464943135	-4.085127549481995e-05	0.002787750842687383	0.022075226061316976	0.00952802367386379	4.141618197026218e-05	0.0029898180458543125	-0.008463740017872192	1.2886882178428888e-06
6.9	0.00030762469001533935	-0.00014895834007354176	0.0031882995342743694	-6.249483826260874e-05	-0.00010893898165351915	0.002787695890786677	0.01042356895898919	0.02155748971944297	-4.48042152970188e-05	0.007699687468482564	-0.004582939133746872	-1.5991483013171187e-05
6.91	0.00032960111210418293	8.501381828820954e-05	0.0031875585603884896	2.3332968108657577e-05	-0.0001249018261064968	0.002787574866345085	-0.006242697263464674	0.023266266232895315	-0.0001021231386811632	0.008760412332050502	0.0015212635453973249	-6.434171614393529e-06
6.92	0.00019303122964494597	0.000278518729052198	0.003186327057558441	9.827784903249869e-05	-8.099235044390259e-05	0.0027874856732383194	-0.019908995634157232	0.013823588953981255	-0.00011666390890043457	0.005582252586567728	0.0068979012965938395	1.340385367460979e-05
6.930000000000001	-3.6197079847598286e-05	0.00033903787745935625	0.0031856391971940142	0.0001261130846133842	1.7674684376178927e-06	0.0027875121392002436	-0.0239937493127203	-0.0022460074912396336	-3.524381338832717e-05	-0.00026483486996472025	0.008966301981541544	8.392090065807697e-06
6.94	-0.0002474720048321569	0.00023715833636689919	0.0031860493425475618	9.333022448424181e-05	8.366530535204476e-05	0.0027878662420670005	-0.016526071484314474	-0.01727643126168105	8.281914275762303e-05	-0.006012344405979095	0.006747240277310456	4.5056548423471055e-05
6.95	-0.00034016967459688365	2.15361117036554e-05	0.0031870321916901223	1.577154820449216e-05	0.0001257632799149844	0.0027884858646547556	-0.0012306383357516219	-0.02404048945323547	0.00011512060013279494	-0.008816842527749275	0.001334261159417399	6.467241148229425e-05
6.96	-0.00027020039790794553	-0.00020450229422657663	0.003188024484776743	-6.88100435640517e-05	0.00010778239824677294	0.0027887125704571295	0.014665254100275875	-0.019262827400785557	5.8657919466831704e-05	-0.00741137899106012	-0.00477412632721755	-1.3137775596104742e-05
6.970000000000001	-7.054128018737076e-05	-0.00033263837124628324	0.0031884090694717718	-0.00012057297245709651	3.824799120342913e-05	0.0027884178887301893	0.023557585276684403	-0.005252371821926672	-4.1159123145381525e-06	-0.0025160810448758165	-0.008554606977359084	-4.060872564758525e-05
6.98	0.00016273217357504015	-0.0003006753154913823	0.003187820010377054	-0.00011473586932009724	-4.948083276855228e-05	0.002788186965951733	0.021129103590172157	0.011355360279604326	-0.00012153455012487476	0.003621544063725388	-0.00825306787520702	-8.744500516021707e-06
6.99	0.00031777169406537695	-0.00012422172472540218	0.0031865075160733714	-5.393885386258224e-05	-0.00011350153870225973	0.0027882427799314903	0.008585233765121934	0.02245998767380805	-0.00012408401511443545	0.008046169148507304	-0.0040188960862480635	1.3237659891517684e-05
7.0	0.0003204019866206918	0.00011181634449357729	0.003185597158123264	3.2903172691437234e-05	-0.00012292943552216028	0.0027881534633415277	-0.008076609899356334	0.022772361225357834	-3.547103246852885e-05	0.008593450142560601	0.0021860730143761333	-3.472952367221613e-05
7.010000000000001	0.00016933542835660098	0.0002946616020189484	0.003185902399417003	0.00010404731180495836	-7.332773176215269e-05	0.002787565306648392	-0.020856487899633135	0.012250799173680445	9.515531218152657e-05	0.005036130587498309	0.007288677434319527	-5.528304654858575e-05
7.0200000000000005	-6.303834670014089e-05	0.0003364509765569719	0.003186821963123054	0.00012552676933420725	1.1592679056655612e-05	0.002787359120262198	-0.023638354089975177	-0.004253689910834177	0.00010328431301141783	-0.0009212594915815698	0.008962148402676524	1.6163010451586554e-05
7.03	-0.0002650597383372753	0.00021659021695273948	0.0031876800648291425	8.700948456531217e-05	9.131372134911011e-05	0.002787756763444309	-0.015058068340126763	-0.018708737153321112	5.5481421821750956e-05	-0.006469310068138909	0.00630111453318214	4.942267696081614e-05
7.04	-0.00033964045630003177	-7.303156208037888e-06	0.003188155621123185	6.597007595285089e-06	0.00012753795612790186	0.0027884814689023126	0.0007603651614902396	-0.024200873571457112	2.299995338545229e-05	-0.008951393135045414	0.000645504063166917	6.500885929198484e-05
7.050000000000001	-0.00025138041244441764	-0.00022789050262212406	0.0031879831302763706	-7.710651762583411e-05	0.00010306936989536125	0.0027888833590027614	0.016127445395199017	-0.01807013599258162	-5.510502119254836e-05	-0.007089999468225449	-0.005335856880259012	4.462997284199853e-06
7.0600000000000005	-4.292666858927149e-05	-0.0003392729415747504	0.003186988881052078	-0.0001235749600598053	2.9268371764256002e-05	0.0027886314100420712	0.02381571150931449	-0.003270348271176282	-0.00012046152202779797	-0.0018317653612524537	-0.008831791482890877	-4.810135621011766e-05
7.07	0.0001862108424054183	-0.0002879466145702816	0.003185453319091421	-0.00011104708734276285	-5.88404044958251e-05	0.0027880889431283343	0.020094607349118308	0.013100297905307074	-0.0001697494639508848	0.0042504647194495536	-0.008033927683465928	-4.406109414983648e-05
7.08	0.00032623205361711084	-9.8464443382e-05	0.003184557867673888	-4.544157693764176e-05	-0.00011845290070163041	0.0027876045491141204	0.0067595723860523265	0.023181071966761065	-1.9664505419936677e-06	0.008339041520859227	-0.0034020599985847048	-2.8686894978860468e-05
7.090000000000001	0.00031023894254850307	0.0001382594184194217	0.003185224694699823	4.199540657537812e-05	-0.00012100871861778656	0.0027872568146625493	-0.009822802317406652	0.0221626697799371	0.00013998762628419836	0.008413787119568602	0.0029087136907542813	-2.8134516677945567e-05
7.1000000000000005	0.00014523277579250982	0.0003087177823829671	0.003187054712419224	0.00010920943468782412	-6.530622615170881e-05	0.0027871997935090794	-0.02177299385104869	0.010506491689341417	0.00019533849192538615	0.004477340201334442	0.007775885234925184	2.699174544178901e-05
7.11	-8.933807067251712e-05	0.0003309220499943801	0.0031887250355572888	0.00012417201960185972	2.1646764236188536e-05	0.002787760838193895	-0.02316937945686931	-0.006256859461921092	9.646146492429867e-05	-0.0016181974779240754	0.008913417716683867	7.224298262304663e-05
7.12	-0.0002806123392199643	0.00019416647884584116	0.0031889292384444	7.956336291921855e-05	9.865766720666439e-05	0.002788501373245	-0.013483561248544818	-0.019955995120112986	-5.27711298212673e-05	-0.006917903072479998	0.005850347129237041	6.451667203701929e-05
7.130000000000001	-0.00033721811929852356	-3.5535223370298885e-05	0.003187819884575392	-3.0025824386578345e-06	0.00012864984350140769	0.0027889672673702195	0.002639519910822015	-0.024075530430468495	-0.0001679196089164377	-0.00890155971020173	-8.514090700421177e-05	3.351702866203885e-05
7.140000000000001	-0.00023218488933134806	-0.00024823971670240427	0.003185699881835795	-8.40370935331112e-05	9.698597756386449e-05	0.002788895076711917	0.017482263152092895	-0.01666813242744038	-0.00022678332929869773	-0.006630709785197869	-0.00598076478615785	-2.1256984403744745e-05
7.15	-1.6005859415533005e-05	-0.0003419401520610597	0.003184083866763186	-0.00012468612420867575	1.8837534151846238e-05	0.00278859137345285	0.023949887681958222	-0.0012936945313442487	-0.00010163236623072407	-0.001161176132563579	-0.008991813255560874	-1.4337685175863937e-05
7.16	0.00020771592191620855	-0.0002721374653707944	0.0031837587283371532	-0.00010560274591368471	-6.799115574082655e-05	0.0027883291146726563	0.018941358324944625	0.014658857451490925	6.044095839613625e-05	0.004834210677549122	-0.007648398960336044	-2.899060522306431e-05
7.17	0.00033184441153819217	-7.244217505778256e-05	0.003185335429197939	-3.597052375831335e-05	-0.00012188738360827081	0.002788053679963274	0.004842301549948299	0.023608612772594573	0.0002523938062961895	0.008501383934098598	-0.00267601141491722	-1.950197237162999e-05
7.180000000000001	0.0002968529546748167	0.0001620386184211249	0.0031880977787342515	5.0586591965898615e-05	-0.0001173025483203379	0.0027879037574267043	-0.011565811483163711	0.021289373646862703	0.00025874678705891687	0.008111646811099273	0.0035407244164099363	-1.1262059618990456e-05
7.19	0.00011929715797488555	0.00031834718982981297	0.0031899566051109556	0.00011292297264674963	-5.6551936809629085e-05	0.00278773852532856	-0.02245787420125955	0.008667933605990184	0.00010676613720605565	0.003866290150569229	0.008108921767645176	-1.0433785114019509e-05
7.2	-0.00011558618937386452	0.0003214207691497994	0.00318963979758275	0.00012155428244876655	3.185023747630704e-05	0.0027878732800650135	-0.02254280247613224	-0.008089854063624774	-0.00015476723547239168	-0.0022244128272545264	0.008811859832308004	2.7358159330676082e-05
7.21	-0.00029495217387485865	0.0001699395057906812	0.0031874150000476675	7.178458923225968e-05	0.00010528221457834713	0.0027880579415458288	-0.011825294475245387	-0.020927226665255365	-0.00027460062234361415	-0.007304273816783423	0.005251295102667958	1.1864243040722795e-05
7.220000000000001	-0.0003330685803271756	-6.330552889573234e-05	0.0031848032283065416	-1.2431172128828186e-05	0.00012803062483859466	0.002788135282510896	0.004544994673189441	-0.02377713314153527	-0.0002287440317443718	-0.008841588557910528	-0.0008883212878043816	1.2283570024121088e-05
7.23	-0.00021132115737932094	-0.0002667285515787853	0.003183483375672294	-9.054702518592806e-05	8.928859955742185e-05	0.0027883218806808883	0.018779474991170754	-0.0151990672792362	-3.841798456689936e-05	-0.006099216771320423	-0.006540583596852121	3.471992873700342e-05
7.24	1.166532605966537e-05	-0.0003427777622112395	0.003184252042653204	-0.00012500488914033922	7.909666284111392e-06	0.0027886784366854896	0.023956888777006125	0.0006395055738721621	0.00016428357595587862	-0.0004973859633393296	-0.009055569889084195	9.488765724819944e-06
7.25	0.00022894482992313303	-0.0002549488264755645	0.003186374462443208	-0.00010013673674317504	-7.691140394111426e-05	0.0027887107538406264	0.017661177262566035	0.01619268405555157	0.0002449524276561049	0.005302473502122449	-0.007203719571429655	-1.0988412089655096e-05
7.260000000000001	0.00033635236279094317	-4.500517029446291e-05	0.003188712524638797	-2.7444165555317854e-05	-0.00012454184731999383	0.0027884245048589427	0.0029268320766030597	0.024026652052641026	0.00020098079199101557	0.008630916914358633	-0.001933757144477495	-3.99124692820438e-05
7.2700000000000005	0.0002824021151370041	0.00018619675318823679	0.0031900317614450527	5.848631310449219e-05	-0.00011257516600988706	0.0027880125855304955	-0.013249548601755768	0.020276246274900083	3.028468851282751e-05	0.00784307005866967	0.0042399494301928325	-5.3246863599201284e-05
7.28	9.301877949678156e-05	0.00032778698222885977	0.0031893470922093707	0.00011679804818117817	-4.6283665644673215e-05	0.0027876728432783267	-0.023037428300872975	0.006855799050415961	-0.00014807817012806463	0.003323843512148185	0.008432361807096026	1.008621400545842e-06
7.29	-0.0001410693315794949	0.0003120013577190709	0.003187176380331973	0.00011922039819093278	4.25019678162858e-05	0.0027876327753292	-0.021805548336960662	-0.009869571255274007	-0.000257019566061145	-0.002853854446320836	0.00857284585785925	1.1236971379865781e-05
7.300000000000001	-0.00030755935837628877	0.00014669560314939617	0.0031846637016856444	6.430624198201683e-05	0.00011123040207001707	0.002787980200464263	-0.010136846357790306	-0.02182647940852321	-0.00020538977349162518	-0.007637238571854164	0.0045888920166668535	2.5094087677893334e-05
7.3100000000000005	-0.00032729100796288806	-8.908661872620847e-05	0.0031834981395193144	-2.128545519620742e-05	0.0001269543874123732	0.0027880859586376745	0.006386352952738027	-0.023371318245289215	-1.62701605438089e-05	-0.008748940095501395	-0.0015772937702578024	2.5424744002807106e-06
7.32	-0.00019042298406325473	-0.0002829285040861392	0.0031841674037341528	-9.653424460824519e-05	8.217434729405752e-05	0.002788148650420352	0.019841780929968796	-0.013739330769050151	0.0001423180105903672	-0.005689174241000644	-0.007011443575638696	1.0583546641512695e-05
7.33	3.755618030720624e-05	-0.0003415151298169232	0.0031860861913110294	-0.00012554713229283917	-2.0690714617425293e-06	0.0027883375863540696	0.023834831648586616	0.0025467367445380046	0.0001915401050555529	0.0001209199580563777	-0.009146277359036354	1.4699044762126674e-05
7.340000000000001	0.00024749927479892904	-0.00023638402438264062	0.0031879702644448567	-9.446264879398916e-05	-8.544050679809731e-05	0.002788403529184994	0.016398031849526356	0.017592404322654742	0.00014316369237842076	0.005855276293383453	-0.006843692948290914	8.203052667692465e-06
7.3500000000000005	0.0003388262944005412	-1.7983094722160844e-05	0.003188810044150716	-1.812740186925684e-05	-0.0001279619242340695	0.002788338534663818	0.001100200679241925	0.02425252660596252	3.6711742075089116e-05	0.008795580175362274	-0.0013005783437021353	-1.4013959391981162e-05
7.36	0.0002677172331032157	0.00020921588057724782	0.003188315746154644	6.694005321886994e-05	-0.00010898346892793664	0.0027883298178039686	-0.014720367892679633	0.019270352189150585	-0.00011816412015588695	0.007516696688688757	0.00493111820953156	3.867716083576087e-06
7.37	6.824457650697171e-05	0.00033560304059757415	0.0031865214342634883	0.00012018779160980491	-3.782080460983554e-05	0.002788590583283382	-0.023494841316144523	0.004973848622082931	-0.0002154282419491065	0.0026919061692475127	0.008738458296635169	4.680975726405197e-05
7.380000000000001	-0.00016379864254875104	0.0003007178806855916	0.003184631348297978	0.00011619694185631885	5.166952493461079e-05	0.0027890181969716142	-0.020987017357073336	-0.011664353792301626	-0.000151705309192971	-0.0034597125188173686	0.008393571261150892	4.07750406340993e-05
7.390000000000001	-0.00031746526698618436	0.00012154179439164523	0.003183957001367846	5.651935506303356e-05	0.00011626890893973837	0.002789028349006187	-0.008464819994716585	-0.022684123855200876	3.4937642720171045e-05	-0.007984680845063442	0.00399788422987867	-4.780963137942234e-05
7.4	-0.00031954523002901246	-0.00011608854782941015	0.0031852206029237542	-3.027711504786407e-05	0.00012533730668115041	0.002788272084167931	0.008080015521005155	-0.022837724527712874	0.00020185507055570833	-0.008661165474570725	-0.0022647677488678315	-9.429871153019624e-05
7.41	-0.00016847975033472745	-0.0002981220437677865	0.0031873284640117528	-0.00010226686232085643	7.434513668756052e-05	0.002787275184528966	0.020852459114658314	-0.012013603162061168	0.0002152535016320024	-0.005147779382168178	-0.007509509783821596	-8.606802042349867e-05
7.42	6.362451568099282e-05	-0.00033707818275334646	0.0031886502724780275	-0.0001251215211344348	-1.2707086536254435e-05	0.0027867385290066505	0.023592293563244167	0.004570549092818177	5.2418635495177876e-05	0.000783807685065378	-0.009165052552564504	-2.303057455085884e-05
7.430000000000001	0.00026528877800020395	-0.00021422611132318985	0.0031883101524102604	-8.769440446438666e-05	-9.403828207845864e-05	0.0027871616103645204	0.015032983110520723	0.018961587528584112	-0.00010373481694390347	0.006360946088178274	-0.0064171381608781495	9.847993214846436e-05
7.44	0.0003397561614280174	1.1247483395165351e-05	0.003186817801573097	-8.126829930150943e-06	-0.00013050503457217048	0.0027881549974734976	-0.0007655932365838617	0.024248152620586525	-0.0001894637092042302	0.008871099798967517	-0.0005753987890735694	8.03793410414056e-05
7.45	0.00025138242092874886	0.0002312762599734781	0.0031848711152811992	7.524697452673367e-05	-0.0001047754554668021	0.0027886295869879725	-0.016178080847889968	0.01789068684928086	-0.0001753305675490555	0.007106066807335527	0.005512975349938521	3.003079949758662e-05
7.46	4.234598402385315e-05	0.0003400329781937085	0.0031838259241591836	0.00012280350861018955	-2.906197278770083e-05	0.0027888302338904118	-0.023871243222852827	0.002982936058387715	-2.2391036697315284e-05	0.0019923603746107937	0.009004843409285786	-5.864652521348897e-06
7.470000000000001	-0.0001872690857767824	0.00028601510355107064	0.003184275533122546	0.0001116239005335533	6.0515017131009684e-05	0.0027885018268546517	-0.020135968483078626	-0.01333634929772478	0.00011197063617582677	-0.004106635191277795	0.0081326687370494	-6.484307624569494e-05
7.48	-0.0003274238977614883	9.495086848448683e-05	0.0031859846133767897	4.725750171911207e-05	0.00012068304567711332	0.002787850700509614	-0.006729484015639928	-0.023274325150134403	0.00021995833856390794	-0.008220824190823699	0.003401007292567349	-6.723958056397925e-05
7.49	-0.00031046844878259355	-0.0001416643005785788	0.0031879201406527723	-3.9554201074684444e-05	0.00012281424434146737	0.002787295275229842	0.009974203966423227	-0.02207016266408885	0.00013786822365291287	-0.00841489917198233	-0.0030019298722791404	-1.0418368539319963e-05
7.5	-0.00014415912400168445	-0.00031009833089641186	0.0031883411867462187	-0.00010755960805350737	6.603275329420344e-05	0.0027875663305992815	0.021866690928862155	-0.010220456372340554	-4.195825136750595e-05	-0.004602752987974739	-0.007902839931851702	5.672340340484946e-05
7.510000000000001	9.122929628704358e-05	-0.00032959060107229154	0.0031870584216706055	-0.0001242510158808142	-2.2550461988430783e-05	0.0027884453999978687	0.023230855015055712	0.006494388980200123	-0.00018619527318569501	0.0014279303106121456	-0.009060340970942353	8.252449453266567e-05
7.5200000000000005	0.0002828677147278378	-0.00019079670042738904	0.003185080371745964	-8.132772223890161e-05	-0.00010033774177772944	0.0027892631129461066	0.013482091099555962	0.020091184189135268	-0.00016786631617629898	0.006788655604992814	-0.005842037373457506	8.146636528347011e-05
7.53	0.0003393196537701812	3.9623686209261685e-05	0.0031842005181512627	8.42307244623739e-07	-0.00012969985621463242	0.002789570546485149	-0.0026730138807270266	0.02404173615292331	-3.376773260717322e-05	0.008929024370953512	0.0002134833408184887	-1.0062250250027983e-05
7.54	0.000233408935964236	0.00025082672694725597	0.00318461160388924	8.246335698317399e-05	-9.679306232532541e-05	0.0027892404883176755	-0.01762101661102947	0.016450012117372185	8.2821245991334e-05	0.0067172042020345836	0.0060660810674625755	-6.361989720455386e-05
7.550000000000001	1.5559205772043476e-05	0.00034164778490596015	0.003185576757586729	0.0001243490851450548	-1.78424845360576e-05	0.0027886058890279715	-0.024109607221859498	0.0009535203306029881	0.00012213076496075576	0.0013184630826994321	0.00904199759733205	-7.059553787016759e-05
7.5600000000000005	-0.0002095743985769978	0.0002685623029619594	0.0031869824155404277	0.0001068259496292342	6.938338370060992e-05	0.002787847154122803	-0.019001828888178633	-0.014972177097578435	0.0001385924662287923	-0.004680888729274268	0.0076879082002915605	-7.957429627015092e-05
7.57	-0.00033411726876775137	6.660235277300749e-05	0.0031880152357448024	3.821567013509302e-05	0.00012319355450605824	0.002787418754494013	-0.00481132614418453	-0.023699476370324088	2.224252700499471e-05	-0.008479480923225995	0.002653578863354487	-2.7164305014475394e-05
7.58	-0.0002981072172331076	-0.00016684075128203538	0.0031873832330380422	-4.915097154136845e-05	0.00011786325666750724	0.0027875030986197562	0.011714419566630756	-0.02103606988540296	-0.0001356942242632176	-0.008263450632265733	-0.0036664393579230094	5.448902149500229e-05
7.590000000000001	-0.00011921664890700062	-0.0003199313872130247	0.0031859545861519893	-0.00011332547250429069	5.574415962559442e-05	0.00278847883095807	0.02257220975565378	-0.008316293023653037	-0.00013545552971049672	-0.004028587106381706	-0.008211426939960492	0.0001288210270310575
7.6000000000000005	0.00011682321911959809	-0.00031981362612283187	0.00318512546985625	-0.00012307994299179216	-3.2769470498620544e-05	0.0027894839675814084	0.022644971761247676	0.008321330336962826	-2.5819154060407943e-05	0.0021460492654976826	-0.008762536627866677	6.41015167295637e-05
7.61	0.00029723763710046245	-0.00016675410860144687	0.00318531101848599	-7.414502585280544e-05	-0.00010529534219717966	0.0027895814564176977	0.011909206568107155	0.021017640609163998	5.3161988352215176e-05	0.007271750203683106	-0.005133235181305485	-1.426906762836915e-05
7.62	0.0003355288127578829	6.615540230958669e-05	0.003186151721623033	1.0385021985337446e-05	-0.00012737219724885803	0.002789185377062666	-0.004592121874798354	0.023623760430657004	9.320442001050973e-05	0.00891954601244739	0.0008930460017931006	-4.881434346293114e-05
7.630000000000001	0.0002129908782658767	0.0002673162046606902	0.0031869863608044156	8.976008510326824e-05	-8.859874385639989e-05	0.0027884456648986228	-0.018883655944162626	0.014895877534594433	5.507822334479966e-05	0.006299239279036126	0.006544978151205249	-8.309573077265089e-05
7.640000000000001	-1.1419456713529556e-05	0.0003400920528216689	0.0031873727844824924	0.00012614535860873044	-7.368233276989924e-06	0.002787574358555483	-0.024118471145876896	-0.000962944805718448	4.1561868715563566e-05	0.0006975615803394629	0.009022290098229984	-8.988876827177334e-05
7.65	-0.0002301966754179011	0.0002495400189613537	0.003187861001414458	0.00010229977650161788	7.732225802923622e-05	0.0027869386291400596	-0.017808108257867314	-0.016366880241499925	4.0984783956784715e-05	-0.005306347872496742	0.007185403644265659	-1.5403974805241306e-05
7.66	-0.0003384948588417635	3.935762884302214e-05	0.0031879084481185355	2.8655644274813037e-05	0.00012450531371918536	0.002787086317115141	-0.0029522573119840196	-0.02389048672975492	-4.3781242763505634e-05	-0.008797985291358095	0.0018690795028254955	3.868138951629746e-05
7.67	-0.0002843557266637462	-0.00018968019564999925	0.0031872052644144546	-5.9099262762302176e-05	0.00011169998571883463	0.0027878788892902935	0.013313451503182312	-0.01998380119057522	-0.0001116940362229341	-0.008017726611890518	-0.004337650270647763	0.0001107355041553322
7.680000000000001	-9.379807977736637e-05	-0.00032747188151726567	0.003186072259742343	-0.00011892307591347829	4.516971985525671e-05	0.0027889454609401885	0.0231848949651406	-0.006432330524937049	-0.00010067125727327122	-0.0034222982504628495	-0.008413265768878297	8.208991375749684e-05
7.69	0.00014187451999981253	-0.00030812428437971396	0.0031854568641550463	-0.0001220193028959468	-4.301207826092345e-05	0.0027893154684171667	0.021970057621790298	0.010133100826488436	-1.1932508368157609e-05	0.002818207728676635	-0.008470451402779505	-1.7148772743497987e-05
7.7	0.00031000614937356174	-0.00014123264764207832	0.0031855805940591416	-6.732508919151328e-05	-0.00011054218809846896	0.002788792607878451	0.010218283663686432	0.021850869807061503	3.839095566332006e-05	0.00770142094466214	-0.0044721865867449586	-7.178004647110258e-05
7.71	0.0003294996366749565	9.304854130873293e-05	0.00318610609429865	1.9281646669231256e-05	-0.00012525135275493827	0.0027883634679438368	-0.006489633546715371	0.023047411193333967	7.220449562494559e-05	0.008894570258865017	0.001667754134313959	-2.3337834818414552e-05
7.720000000000001	0.0001910274214722655	0.00028243749991425254	0.003186672183712625	9.646176804163892e-05	-7.999915447336595e-05	0.002788422445474669	-0.02005364889493742	0.013238704878630023	2.8328618540290266e-05	0.00590512543808735	0.007009306820971201	-2.72246824171611e-06
7.73	-3.8963849181062666e-05	0.0003365660780907322	0.003186953819341075	0.00012765289444705282	3.4513111809597364e-06	0.002788395097689775	-0.024038381534832565	-0.002879220239753519	1.8635205607740564e-05	7.985723653200479e-05	0.008992778300815919	-2.1019613613687117e-05
7.74	-0.0002507120215780373	0.00022962818631097105	0.003187162260255298	9.793286542862083e-05	8.518146622282282e-05	0.002788042248870666	-0.016511390692156482	-0.01762890697613807	4.404962814775118e-06	-0.005775292119372887	0.00666768366545769	-3.1119596534710393e-05
7.75	-0.00034214258669208487	1.252838536980825e-05	0.0031869503549011454	2.1263469887693062e-05	0.00012601076388073652	0.0027881163710002234	-0.0010012376034688607	-0.02396851190460371	-5.4103642128536514e-05	-0.008908960210952018	0.0011457130353877284	6.946668515245626e-05
7.760000000000001	-0.00026910780012784206	-0.00021031616809010485	0.0031860579143743323	-6.562696607380031e-05	0.0001062252799568945	0.002788961793803312	0.014979353469909555	-0.018735948052367543	-8.347446731847829e-05	-0.007738774871394771	-0.004917214798879256	7.73325954922896e-05
7.7700000000000005	-6.696246912032286e-05	-0.0003321907258089693	0.0031857506340732477	-0.00012087356507986631	3.569189468652951e-05	0.002789563636856322	0.023756892919987914	-0.004611720395743097	1.6069518550543784e-05	-0.002852273882571668	-0.008586126383632962	2.6144284898983486e-05
7.78	0.00016734572954015597	-0.00029507211299669995	0.0031863175310217315	-0.0001182225092438224	-5.1400952053023375e-05	0.002789331374234705	0.021135053420551338	0.01172834812791312	9.022665749897775e-05	0.00336034551225484	-0.008107525342630038	-5.58552837544385e-05
7.79	0.00032138891317404656	-0.00011663784082729272	0.003187178340173059	-5.890884488638581e-05	-0.00011347806036277226	0.0027887901729466724	0.008386163280964056	0.022467786592223527	6.143297529410752e-05	0.007984348561835471	-0.0037878771149684252	-3.187806712086323e-05
7.800000000000001	0.00032115524045727334	0.00011749437774504177	0.00318734185910971	2.8636856216781843e-05	-0.00012084011657689149	0.00278871100754791	-0.00841831100481811	0.022418176156435175	-1.86688570867429e-05	0.008814903268693062	0.002391223038532049	1.905701691560157e-06
7.8100000000000005	0.00016691735662250005	0.0002951442110273885	0.0031870632750812637	0.00010250956398361495	-6.993285617737052e-05	0.0027885717798769283	-0.021122032665569355	0.011635576967336723	-2.8791813347696145e-05	0.005341991075455569	0.007370432668958389	-4.796056329625388e-05
7.82	-6.722291365083995e-05	0.00033132002524839064	0.0031870896812122725	0.00012726388554389463	1.457748343987226e-05	0.0027877926093373964	-0.02374953237067393	-0.004720272944594037	4.340482497501587e-06	-0.0006262826281011758	0.00879798878735383	-0.00010851489875591623
7.83	-0.0002693497445338052	0.00020854874434131157	0.003187018127166057	9.101227725117811e-05	9.193468780662697e-05	0.0027869206090318554	-0.014972240722126905	-0.018810201203789415	-2.0181049556361373e-05	-0.0063066174068581475	0.006038251768623735	-3.733609578040532e-05
7.840000000000001	-0.0003420225567053802	-1.4548812345420386e-05	0.003186372316330427	1.1123917012225665e-05	0.00012528975929222165	0.00278724802603263	0.0010327632024031085	-0.023919008172023533	-0.00011000657567664718	-0.009025953413406076	0.00036952492070497253	0.00010067143084137307
7.8500000000000005	-0.00025059629869367386	-0.0002307940893613444	0.0031849635667801756	-7.470989702374907e-05	9.858968862150002e-05	0.0027886695954083716	0.01648920791702981	-0.01751622947406144	-0.0001242361715214469	-0.007403927913401045	-0.005488285696723684	0.0001299834094027905
7.86	-3.938448624392805e-05	-0.00033684112355420864	0.0031844404631195455	-0.00012480230081391523	2.4993837858658717e-05	0.0027897616976575094	0.023999082937011577	-0.0027861367322540957	4.957542070945879e-05	-0.0022007095351459765	-0.00860109833615149	5.209072709992297e-05
7.87	0.000190541169799572	-0.000281701926327315	0.003185751686157578	-0.00011515755608643578	-5.985893190710891e-05	0.002789565071281509	0.02007860553244328	0.013388644601850104	0.000182479852039631	0.004027746154231577	-0.007664991994114539	-7.909949365735085e-05
7.880000000000001	0.0003292693742041835	-9.089650316350131e-05	0.0031872863056573745	-5.049575831376902e-05	-0.0001161208785999288	0.0027886810383191424	0.0065051423977928145	0.023153260179758158	0.00011250344418258483	0.008358518687108877	-0.0030871215085205603	-8.205098368645776e-05
7.890000000000001	0.00031000982975843577	0.00014335616105264507	0.0031877687955387444	3.856203739877935e-05	-0.00011660775912193442	0.002787913048501701	-0.010197792093542846	0.021719378379409227	-7.226658704632026e-06	0.008697429617174813	0.0030217162022490125	-4.529281948029192e-05
7.9	0.00014211559447075634	0.00030845989275059087	0.003187218504591601	0.00010901786793961527	-6.076610295471636e-05	0.0027874258675401917	-0.021967396056017583	0.009914120868029149	-6.017573131336254e-05	0.004807026782687468	0.007676521282694945	-4.1943445539378565e-05
7.91	-9.379085280643358e-05	0.0003257044537848083	0.00318669197676161	0.00012697766242764124	2.445261340778897e-05	0.0027872417397323992	-0.023267366671435794	-0.006587898460203991	-5.031813121112022e-05	-0.0013843544619913252	0.00866613186916469	-2.531557507601034e-05
7.920000000000001	-0.00028508207541348457	0.000187072025434203	0.00318639278063146	8.389850795315733e-05	9.834174075747385e-05	0.0027871047457017004	-0.013383215356974803	-0.019973349417974268	-4.8233469914417434e-05	-0.006870560984718126	0.005506407685637397	6.512934329402842e-06
7.930000000000001	-0.0003395160057849332	-4.100354229291264e-05	0.0031856931608894327	6.502902999358319e-07	0.00012511586933438383	0.0027876341480721997	0.002958161985571401	-0.023732295536508394	-9.397548042692537e-05	-0.00907696000185623	-0.00035359303597682214	9.038729385022086e-05
7.94	-0.0002308717165668815	-0.00024912836793910143	0.003185198325034688	-8.303307663129281e-05	9.201327705014185e-05	0.00278881061896178	0.01784031875588176	-0.016148822692622824	8.51145935496846e-06	-0.0069308206732157755	-0.005989590648776553	0.00012260788378959083
7.95	-1.1708384657717788e-05	-0.00033803189425037804	0.003185811669093232	-0.0001265893916522069	1.5055097946340778e-05	0.002789817346931893	0.024145795792165383	-0.0008909979816190792	0.00012093331226904069	-0.0014591923194032263	-0.00874236467054672	4.1599943167895095e-05
7.96	0.00021292830561405468	-0.00026518610120427726	0.0031871944712383313	-0.00010986574883599806	-6.853809114910392e-05	0.0027895041765751945	0.018913675801547115	0.014850185950747498	0.00011284921007141025	0.004666531379372513	-0.007308492690210677	-7.376161603192634e-05
7.970000000000001	0.0003355019791474859	-6.528940269818707e-05	0.0031879822701151	-4.05096602134971e-05	-0.00011906240194217204	0.0027886582121266477	0.004558375393209317	0.023435419612722132	1.9104343382040296e-05	0.008639621990608254	-0.00237985028598235	-7.821356773209913e-05
7.98	0.00029677388943527295	0.00016551845868253097	0.003187575916967267	4.859964953474476e-05	-0.0001123565497630723	0.0027881373915190502	-0.011967134825135662	0.02077614791853166	-8.696835092379973e-05	0.008445894121630345	0.003661714103040638	-5.833156473743602e-05
7.99	0.00011594369628387838	0.0003167799564715436	0.0031866490815229023	0.00011455230164489934	-5.180465783601255e-05	0.002787276240269288	-0.022679581173434566	0.008211156055038554	-7.320186417454608e-05	0.004189265415667568	0.007965132553347907	-8.699975339848293e-05
8.0	-0.00012034463708221325	0.00031662228405873955	0.0031861460602089207	0.00012542727137900098	3.403478534545597e-05	0.002786438158710749	-0.02258890340014818	-0.008272699734443497	-2.5539499428854162e-05	-0.00210090882093609	0.008457783694411905	-7.115708993069457e-05
8.01	-0.0002988788659337989	0.00016475878697011148	0.003186011608469876	7.581207045103609e-05	0.00010378483961887461	0.0027861678063989402	-0.011597148656080657	-0.02081256152081908	-8.470821934456524e-09	-0.0073944710723449925	0.00490240525814826	7.618975504990904e-05
8.02	-0.000333653531080541	-6.59837134629726e-05	0.003185829818133329	-1.0360556693453861e-05	0.0001241293392772105	0.0027875024529139605	0.004933705704970566	-0.023373209155781744	-4.0570606678167175e-05	-0.00910123739679956	-0.0010205348375753283	0.00017118126867193557
8.030000000000001	-0.0002085703603320363	-0.000264944228497163	0.003185641182615183	-9.141305747893624e-05	8.50526606426031e-05	0.002788893108902623	0.019020782688674246	-0.014765122993004644	5.1359259135153806e-05	-0.006436752981757314	-0.006443094206062807	9.939725053320189e-05
8.040000000000001	1.5842874075054572e-05	-0.00033734638177375115	0.0031867099062245605	-0.00012838133855391171	5.603939756987294e-06	0.0027890610550456605	0.02400758970648216	0.0009056029510993394	0.0001579600832054204	-0.0006634030293223517	-0.008771237192281501	-3.398937332828913e-05
8.05	0.00023269917278029919	-0.0002480542242169501	0.0031879524000716954	-0.00010365703823809515	-7.652143278467105e-05	0.002788451292684105	0.017535623810484593	0.016203864841070344	5.945294686994559e-05	0.005393822619852858	-0.006952036802799426	-6.199578585790664e-05
8.06	0.0003379703904183947	-3.9735608933401e-05	0.003187870997396812	-2.9175277061608198e-05	-0.00012214545666514333	0.0027883026875785413	0.0026261208260664353	0.023703244212178638	-8.797411453101646e-05	0.008870173531409965	-0.0017609697128968015	1.3201720326474957e-05
8.07	0.00028104326642449463	0.00018774921721181418	0.0031868653023669072	5.950521989084157e-05	-0.00010891787153527403	0.00278830788665861	-0.013502767285992456	0.01986494800895319	-0.00010138584017100386	0.00809866664099468	0.004298802097702286	-1.9375314204054654e-05
8.08	8.965137962087235e-05	0.0003255232198483709	0.0031862725647561247	0.00011946956322945693	-4.323438624877647e-05	0.0027880491526977884	-0.023155616832122798	0.006532436386123379	-4.180725941489973e-05	0.0034010729791145284	0.008283927024915514	-4.613689533160726e-05
8.09	-0.00014461024763678376	0.00030745700618810913	0.003186166368965647	0.00012220700374739494	4.3194953012619375e-05	0.0027872285522474323	-0.021749229686363673	-0.010004442957896589	2.463092198928196e-05	-0.0028934693375054906	0.008284905091259518	-8.796789985924671e-05
8.1	-0.00030969681050311014	0.00014166882192068888	0.0031862638967871163	6.600222289803077e-05	0.00010898626206173694	0.0027865942431979343	-0.009877894315951695	-0.021753353677317157	1.2579955349749594e-05	-0.007857977129251799	0.004315334001361397	-1.843714661564848e-05
8.110000000000001	-0.00032639664544788715	-9.215143538403466e-05	0.0031864503895499877	-2.219703502476649e-05	0.00012249266656246232	0.0027869369475535225	0.006669169099747482	-0.023061172941683677	3.401840549168116e-05	-0.009024081789813843	-0.0017556474082901755	7.720075315751597e-05
8.120000000000001	-0.00018678545130575708	-0.000281989858313419	0.0031869878440295486	-9.967627502482121e-05	7.688007928916328e-05	0.0027875468791414316	0.020075841697972892	-0.013324262771779517	9.41023412694115e-05	-0.005838104203528049	-0.006996229345050252	6.008945372017633e-05
8.13	4.244992023522088e-05	-0.00033694689282967306	0.0031880061350572577	-0.0001294925945840074	-5.600445490935901e-06	0.0027879497802058913	0.02385461096090814	0.0028149400217506275	7.695924636679894e-05	0.00011939710321774762	-0.008802568691115653	1.958410401919733e-05
8.14	0.00025164789045983686	-0.00023001554139258262	0.0031883056076029304	-9.722755532751299e-05	-8.533506650372636e-05	0.0027881383572423064	0.01620508793809588	0.017675080981997774	-2.5162926693571896e-05	0.006049734613686457	-0.006463726035383222	3.103635750538144e-05
8.15	0.0003402016186635734	-1.2471264163047032e-05	0.003187481140648623	-1.8164721559512905e-05	-0.00012416876412525945	0.0027884560577680455	0.0007650050579882977	0.02400049919295763	-0.00011349694071300056	0.009092650446027747	-0.0009611669362432421	2.1711940007805447e-05
8.16	0.00026559398564446254	0.00021094751044825743	0.003186329060589259	6.965399521921186e-05	-0.00010332727073412026	0.0027884124953632045	-0.01504648373888465	0.01882660780031531	-0.00012280141312822276	0.007738192512728844	0.004950976975629291	-2.30543261865443e-05
8.17	6.37165117807687e-05	0.00033370328001025703	0.0031854218153601218	0.0001239507777704144	-3.3106693763105935e-05	0.0027877470770564993	-0.0236186291706764	0.004681339003457767	-4.0998240320876964e-05	0.0026623163816234764	0.008504118447100346	-8.85780483785423e-05
8.18	-0.0001684780777802007	0.00029654623330028324	0.0031857154262305573	0.00011881972123015118	5.283213866526116e-05	0.0027867941228724097	-0.020843401581566574	-0.011801384742650325	5.9117866448184464e-05	-0.0036569858526539862	0.007958525255161365	-8.08895349965122e-05
8.190000000000001	-0.0003196990857300781	0.00011694366934922673	0.003186215894677285	5.680065726244179e-05	0.00011341071799762846	0.002786677346077391	-0.00810110665612705	-0.022577587234624993	3.788150774160372e-05	-0.008209710749902555	0.0036371174976097833	3.619857668735312e-05
8.200000000000001	-0.00031761285496594276	-0.00011841597349323173	0.0031866507926601962	-3.2381251336392623e-05	0.00011963419871737974	0.002787465319838266	0.008505844247261312	-0.022519222366415233	6.066494018117395e-05	-0.008866344862882005	-0.002455301719557402	9.966685148704605e-05
8.21	-0.00016324367995424404	-0.0002970336511072267	0.003187416542773221	-0.0001059856776772752	6.833030308949243e-05	0.002788301721657031	0.02106566426229298	-0.011711800901477346	6.583306370263525e-05	-0.005239225008488006	-0.007370457025995225	5.1847775843251664e-05
8.22	6.951007961426356e-05	-0.00033343299071297936	0.0031880357299998306	-0.0001285317820294817	-1.5680320640473214e-05	0.0027887171725240346	0.02350765034931035	0.004768016272189863	3.773832442172737e-05	0.0009099773918653985	-0.00872797751182161	2.8342248695748044e-05
8.23	0.00026874908710361846	-0.00020964306387693168	0.0031880137827845095	-8.917820609127286e-05	-9.19849465494969e-05	0.0027887288542573817	0.014640985863079324	0.018943479306794773	-6.283395291212653e-05	0.0066109841453143355	-0.005904018619574961	-1.0863649320918206e-06
8.24	0.0003385694685900157	1.454471921635699e-05	0.00318689562416161	-6.886407741039018e-06	-0.00012407048217567718	0.0027890778373883176	-0.0012502955316972604	0.024018369245569018	-0.00012641222834112239	0.009146993465214267	-0.00024817821535336	3.687585108932491e-05
8.25	0.00024607777308781304	0.0002317669145883156	0.0031860566988062096	7.871673600104761e-05	-9.674282317376046e-05	0.0027890550113246356	-0.01647359157960147	0.017609089058825467	-4.147593328517876e-05	0.007243986346225784	0.005488396252921074	-6.618881773537957e-05
8.26	3.557000598036377e-05	0.0003382111626709315	0.0031861027031166154	0.00012630996062856865	-2.3296109302275122e-05	0.0027881589279919747	-0.02385920718771942	0.0027604299409341245	4.53383264220838e-05	0.0018715227781253227	0.008601991332929746	-0.00010220187294149885
8.27	-0.0001921314899095219	0.00028227475787862824	0.0031865690812564	0.00011317032130909035	6.120586244321692e-05	0.0027873209941492423	-0.019765634041401088	-0.013478257567547924	1.7651707878234593e-05	-0.004397916342080378	0.007585741875090881	-6.574528628135146e-05
8.280000000000001	-0.000327666664452059	9.117120564580382e-05	0.0031865021048122968	4.559326995350873e-05	0.00011621919983081149	0.0027871409644803645	-0.0061850943525511015	-0.023140174361178257	-3.354550430623747e-05	-0.008540752859214306	0.0029805017021432767	2.6160338127282514e-05
8.290000000000001	-0.00030612866590558883	-0.00014301246080654245	0.0031863605426196654	-4.3644904613802436e-05	0.00011593867361677743	0.0027875023346440667	0.01030582122638544	-0.021739593857598744	1.9616240181232324e-05	-0.008565700510797074	-0.0030580845250520465	2.6505439706922167e-05
8.3	-0.00013815329649195598	-0.0003089108751225498	0.0031870998445627215	-0.00011157946849935496	6.031050450750603e-05	0.002787605143622195	0.02186463723623358	-0.010010796769823785	0.00010283628431534797	-0.00448518345850407	-0.00763608458587342	-1.374158232872871e-05
8.31	9.61071494690247e-05	-0.0003270591532653466	0.0031878453393944547	-0.0001258008757174198	-2.4365487153130608e-05	0.002787573476371523	0.02300466812138363	0.006573152762832456	2.0591228526649027e-05	0.0017682870839750998	-0.00859068672086154	2.0000056156785387e-05
8.32	0.00028448953172410915	-0.0001881763980004147	0.0031877671584009818	-7.942075375299163e-05	-9.785038836813219e-05	0.002787874882479544	0.013084902644015085	0.020030095639402615	-4.331756804854725e-05	0.007108363873831927	-0.005476430558688645	5.781369628185251e-05
8.33	0.00033643395872741524	4.084235068209908e-05	0.0031872792124477806	4.907735262634947e-06	-0.0001244394531110686	0.0027883449761725416	-0.0030998924181594866	0.023857245000319674	-4.620641006162711e-05	0.009067616705757545	0.0003561807170375416	4.006905347692075e-05
8.34	0.00022760362832020497	0.00025028062715608734	0.003186914510503799	8.686733989968475e-05	-9.144480690262324e-05	0.002788705716673179	-0.017745361809228498	0.01628777876753335	-9.050359785657653e-06	0.006629078584001222	0.005958732526214574	2.955655228819618e-05
8.35	1.0146451022049263e-05	0.00034005235901578344	0.003186984254723382	0.00012694017104004606	-1.4924850858023003e-05	0.002788418140090414	-0.023945537786650508	0.000900279135195182	1.455997212094986e-05	0.0010392340664971244	0.008713043669622302	-6.487971623666446e-05
8.360000000000001	-0.000212316023327567	0.0002666676628733577	0.003187070553066525	0.00010591765652598831	6.889640146474992e-05	0.002787656329217021	-0.01868667061912139	-0.014948244944150108	3.6186104925351714e-06	-0.005068339340822051	0.007347520392908014	-6.755522080877224e-05
8.370000000000001	-0.00033295432097085303	6.53074742879696e-05	0.0031870423796828457	3.412733673975064e-05	0.00012003232901039523	0.0027870719913565827	-0.00443743513383586	-0.02359076227536258	-8.216513232281775e-06	-0.008710488964845371	0.0024434734234847558	-3.251859870365148e-05
8.38	-0.0002941617025167507	-0.00016721644657492256	0.0031870028522134127	-5.421336108949904e-05	0.00011379693451147763	0.002786593929442362	0.011864169386186802	-0.02094359455947434	-1.15054095099776e-05	-0.008216712623231875	-0.003623734300105767	-4.9811127727384064e-05
8.39	-0.00011452369346190865	-0.00031952868264375616	0.0031868700014992027	-0.00011680507769882611	5.309941617095662e-05	0.0027864575272833667	0.022553829330454585	-0.008236509223460836	-1.7440104250725375e-05	-0.0037748990463918907	-0.00801489105465632	3.9001651524643435e-05
8.4	0.00011988473558207554	-0.00031860686524616365	0.0031867374749180335	-0.00012327875799860967	-3.336105052534079e-05	0.0027870636791246907	0.022367539470120143	0.008406084445939686	-3.1603894048686267e-06	0.0025049346542040355	-0.008556154166574145	8.490139652491713e-05
8.41	0.0002966954069735621	-0.00016537249835616948	0.003186539056754272	-7.052973696395362e-05	-0.00010404034062849562	0.002787996398775327	0.01150493664311521	0.020984951872304	-2.322796161536512e-05	0.00761639257831409	-0.004974861645006915	0.0001120107936810174
8.42	0.00033156002982837935	6.707772416448475e-05	0.0031865658633540325	1.608468830147903e-05	-0.00012479790476721702	0.00278899300248329	-0.004830447487891979	0.02356247215952664	1.1072520609396987e-05	0.008995860631597912	0.0009883649166875128	4.289190661180636e-05
8.43	0.00020786561233673362	0.00026763648952732186	0.0031870413483610525	9.466194579727537e-05	-8.59144853669044e-05	0.002789020437914041	-0.01891158067355196	0.01487247784687932	6.586257918480666e-05	0.006061912675772852	0.006475987878084415	-1.3841380607350455e-05
8.440000000000001	-1.5772223114287066e-05	0.0003403587339649915	0.0031874895009475573	0.00012774378985630058	-5.752398340227141e-06	0.002788596726555727	-0.0239239284668611	-0.0009593011455002418	2.045702024923291e-05	0.0002938452632682524	0.00890020991706927	-6.845129410074918e-05
8.450000000000001	-0.0002318831765944519	0.0002499254804940896	0.0031873967638182447	9.981173862930218e-05	7.720468747892089e-05	0.0027876739028516854	-0.01746859371628667	-0.016356283116786115	-2.0925042575828646e-05	-0.005637129017840521	0.007030982240002054	-0.00011423094672424653
8.46	-0.000336800046982511	3.961105874236217e-05	0.0031869239647784823	2.408608837205904e-05	0.00012341393506144058	0.002786914962450719	-0.002634304765107239	-0.023927522565107426	-5.060208755942576e-05	-0.008860424502824066	0.0018021296939663984	-6.711527780719298e-05
8.47	-0.00028034684928327457	-0.0001896564075304026	0.0031864075302837527	-6.302461876753108e-05	0.00011047909406394517	0.002786374713719092	0.013457409332745593	-0.02001948047614302	-1.3270207131406435e-05	-0.007851521767511133	-0.004290634912328057	-3.1529502669319054e-05
8.48	-8.952537877570319e-05	-0.0003281561030072757	0.0031865885582322536	-0.00012003615979779071	4.46534214084184e-05	0.0027862803818547175	0.023119146050956867	-0.006522777869730257	5.397865744195921e-05	-0.0030833846335246375	-0.008339492156422152	9.695996335968979e-06
8.49	0.00014419019774930634	-0.00030910074633008647	0.0031871220324578243	-0.00011971666393056942	-4.276895217776656e-05	0.0027868492580654146	0.021663301871398723	0.010153416611214276	5.127943445299221e-05	0.0031701429677065693	-0.008412788389212562	7.582827275282635e-05
8.5	0.00030851450204967177	-0.00014174506450983333	0.003187363980778894	-6.181723776149412e-05	-0.00011002761212899315	0.0027878650304004314	0.0098292826413362	0.021913069589442204	1.3823145476633438e-05	0.007923378436506808	-0.004440993438202771	9.4579471156391e-05
8.51	0.00032488949327862153	9.348617770021188e-05	0.0031876072565336982	2.5757210893287948e-05	-0.0001244896944861073	0.00278861034767189	-0.006711426090041292	0.023184631791018245	4.285076256181594e-05	0.008864367895586337	0.0016723695431986542	4.337826174342798e-05
8.52	0.00018542055534266722	0.00028421840971059106	0.003187770084810941	0.0001010272320640138	-7.918081984455447e-05	0.0027885313559405937	-0.02002494316955096	0.013357933630025923	2.1190354067038416e-05	0.0055713634404976654	0.007002572918183797	-2.506062971350738e-05
8.530000000000001	-4.321477424144229e-05	0.0003391093617854391	0.0031876931741353144	0.00012772302505192253	4.419321446838872e-06	0.002788273501018729	-0.02376689290728635	-0.002861580835551923	-6.427885364920925e-05	-0.00043864421893865667	0.009014704874676798	-1.9952052912539254e-05
8.540000000000001	-0.00025123176432484813	0.00023139603426193517	0.0031867339361479753	9.309928503765924e-05	8.604786667816757e-05	0.0027879569306449945	-0.016105100074801496	-0.01776365432497931	-0.00010205147337483784	-0.006174866327680304	0.006634066897398509	-3.909412642274747e-05
8.55	-0.00033899971571526926	1.2596985955807843e-05	0.0031860485613868362	1.4152381712376818e-05	0.0001264280040525356	0.0027876194332019833	-0.0007323668171859052	-0.024150709758362646	-1.858204592965345e-05	-0.008971767866751204	0.0011083324285128622	-3.566236144590067e-05
8.56	-0.00026458023175452593	-0.00021211173593264652	0.0031863027029963354	-7.175790756543221e-05	0.00010631888891800182	0.0027871005279432913	0.014997731101577712	-0.01892037007968736	7.628868781887213e-05	-0.007484030095398252	-0.004949478336367455	-7.21224268578968e-05
8.57	-6.316583757801549e-05	-0.0003351790054936123	0.003187194389648019	-0.00012331021779928594	3.5241412309530054e-05	0.0027865426273638977	0.02358878959186847	-0.004644642312910445	6.879120632514328e-05	-0.0024057162505223256	-0.008680051618874998	-2.9937045977559347e-05
8.58	0.0001685861516524478	-0.00029730162220061376	0.003187183232043221	-0.00011583414914644838	-5.3109488696478124e-05	0.0027868249178728184	0.020801057061212748	0.011890706285813714	-8.29907585631499e-05	0.00383604332170617	-0.008255469021447656	8.787202366012418e-05
8.59	0.00031929612943795645	-0.00011662876804367068	0.003186579412318615	-5.289275376396526e-05	-0.00011629846809631519	0.0027877411806216616	0.008092107505456395	0.02273601872973869	-2.831102812125871e-05	0.008219793819434764	-0.0038197125320464506	8.849965296675698e-05
8.6	0.0003170669387071413	0.00012012182974799083	0.0031865516236677196	3.5258093990016176e-05	-0.0001233309995741428	0.0027882685353947515	-0.008509277480989286	0.022628895979514483	3.334497964883954e-05	0.008656966085882569	0.002488744690457462	2.7004933729082766e-05
8.610000000000001	0.00016295010368958375	0.0002992563487926636	0.003186994501131204	0.00010642054886917028	-7.101215998093268e-05	0.00278827537786038	-0.021002825859513092	0.011700775317896967	3.0482332155628554e-05	0.004991075023310537	0.007532130979981144	-1.767996678153261e-05
8.620000000000001	-6.883526786500818e-05	0.0003349913598537107	0.0031872745949603895	0.00012679824132140916	1.5235295485201917e-05	0.0027881894545763266	-0.023406189935007017	-0.004863314724721231	2.854635312952494e-05	-0.0010881149893476952	0.009000469486587077	1.0622229013868868e-05
8.63	-0.0002672274135457354	0.00021003067478478119	0.003187431820913561	8.631285734716337e-05	9.442217628507035e-05	0.0027883281390220136	-0.014613053458707743	-0.019099599848991372	5.686273715559575e-07	-0.00670019039833461	0.0061640072452112385	7.228521600493294e-06
8.64	-0.000337716865509044	-1.5771466617580683e-05	0.003187308180849653	4.268585664192426e-06	0.00012845853050929719	0.0027884656884688912	0.00111380527179103	-0.024188855558198295	-2.6517437756828766e-05	-0.009012798701235005	0.00036231610672741717	-8.81499409284916e-06
8.65	-0.0002464191112928134	-0.00023431966703822606	0.003187002649282717	-7.97163909491939e-05	0.00010136849012866665	0.002788303982160953	0.016385352415668995	-0.0176896058578643	-4.31710454141972e-05	-0.00706124449499389	-0.005579379796602656	-1.4055351559091395e-05
8.66	-3.6734497929037335e-05	-0.00034055366549677407	0.003186605220307918	-0.00012545543199448043	2.5588569323012267e-05	0.0027882024810286336	0.023762160253360465	-0.0026509623677778062	-3.3395319751158915e-05	-0.0017067995543161012	-0.008933626315970241	1.673998822096064e-05
8.67	0.00019043211062025876	-0.0002831652100964914	0.0031863475485057234	-0.00011117643034887944	-6.265705676128798e-05	0.002788256481904597	0.019773399329973823	0.013662153898961246	6.866253432836193e-06	0.004446194787641771	-0.00797206259556665	1.334782790442006e-06
8.68	0.0003265649359820418	-8.988417950626751e-05	0.0031868310471632457	-4.37158204717169e-05	-0.00012075784892315338	0.002788133794478832	0.006310439587011191	0.02339020016197184	6.128400486704565e-05	0.008466915746526426	-0.0031709119043272192	-3.514891746517275e-05
8.690000000000001	0.0003062512877238072	0.00014674394296089417	0.0031872573333942673	4.435074112498179e-05	-0.00012063496064867272	0.0027877353547236835	-0.010237209583421522	0.02194681409049149	3.8737831645056665e-05	0.00841229764011603	0.0031695874040046745	-4.970428803712946e-05
8.700000000000001	0.00013877765512719222	0.00031313576460026334	0.0031873486637039295	0.000111076643045268	-6.266666447599753e-05	0.002787372855285457	-0.021849521379014542	0.009944742906700848	-1.3189328030728118e-05	0.004357762987722745	0.007931515540181483	1.3743354822490947e-05
8.71	-9.511609673711435e-05	0.0003293755981303674	0.003186805752142203	0.0001244173924348065	2.5163590515917004e-05	0.0027878884052279385	-0.022985078781762338	-0.0068417483866118406	-8.943103019896244e-05	-0.0017771556943395712	0.008884713581896318	8.397655148795963e-05
8.72	-0.0002836447950929288	0.00018796953023387744	0.0031860726539325794	7.817152700973011e-05	0.00010086496511449718	0.002788965938303493	-0.013121688642243438	-0.02025239303020916	-3.556406223079119e-05	-0.007066505458215253	0.00563016038935361	0.00010975754769809194
8.73	-0.0003364471400764599	-4.3157197487948656e-05	0.003186181050466886	-5.389055554123304e-06	0.0001284695565651618	0.0027897051040813347	0.003024209380006649	-0.024048624785692495	5.390792436588552e-05	-0.00892957143139619	-0.00034747931903387076	2.518766917656932e-05
8.74	-0.00022796520785173827	-0.00025398134752525886	0.003186932576934501	-8.591141213873185e-05	9.432778531257668e-05	0.0027894541046356498	0.017767545214167593	-0.016328943431666552	7.323933099843989e-05	-0.006494819518878801	-0.006169056431808352	-4.7998719564566376e-05
8.75	-1.0134747211496844e-05	-0.0003432914267807126	0.003187494746720776	-0.00012504891262882234	1.5088358733026176e-05	0.0027886245171526002	0.023979056529720058	-0.0007837208986227591	1.1407803308691057e-05	-0.0009830962120351287	-0.009018386969742945	-0.00010251371827880038
8.76	0.00021282469890632438	-0.0002680565271276664	0.00318749065497336	-0.00010433705790711037	-7.147381880192275e-05	0.002788014129520972	0.018732326521445138	0.015200109531798137	-2.9767487714054755e-05	0.004942605966142288	-0.0075669691813282	-2.8970971514075702e-05
8.77	0.00033398519913430694	-6.395549291715361e-05	0.0031868829427907025	-3.4039067719437965e-05	-0.00012383495195248295	0.0027874816845330523	0.0044666120132337605	0.023917026159234623	-7.046697789114802e-05	0.008546886249520562	-0.0024479366027506115	-5.29975859643246e-05
8.780000000000001	0.00029493599945349183	0.0001711838085844332	0.003186071754053164	5.281197446899461e-05	-0.0001168278150275426	0.002787102815285737	-0.01194734344709771	0.021130992954456702	-7.513091238266133e-05	0.008090050151952329	0.003784830704224068	-1.705621601124157e-05
8.790000000000001	0.00011437256787033514	0.000323949068690331	0.0031855535632446304	0.00011453414466352625	-5.3777716071950186e-05	0.0027873224512374997	-0.02263906030349848	0.008166387355172815	-3.4053936359790324e-05	0.003725477975854109	0.008270948914335177	5.91451572524244e-05
8.8	-0.00012116828366121858	0.0003209942188216342	0.003185482421550337	0.00012154841770691637	3.5190257339380274e-05	0.0027881104205300902	-0.022453699638168307	-0.008718751702961658	2.182754992197022e-05	-0.00237910608957185	0.008774037213999365	9.255399006853912e-05
8.81	-0.00029863403090929627	0.0001639108129787773	0.003186055140719992	7.060160837057845e-05	0.00010731548433931084	0.0027889252561434	-0.011566120698325688	-0.021381785997784963	8.680719768545423e-05	-0.007370842938213751	0.0050669495074003494	6.756582511161431e-05
8.82	-0.00033334094886512683	-7.186066066456575e-05	0.00318689272839541	-1.3821061654947283e-05	0.0001282546363120163	0.0027893605868686256	0.00490936516459442	-0.02379645233328739	6.997164576817343e-05	-0.008818735432194165	-0.0010785516822531987	-6.504765398036184e-07
8.83	-0.0002080463833019308	-0.00027334701390047865	0.0031872559025761553	-9.143819893261539e-05	8.752380311274193e-05	0.00278944367484718	0.019085490342340587	-0.014812148814320662	-1.4479688963974646e-05	-0.006062059693839519	-0.006707855109933909	7.974934750169167e-06
8.84	1.7071236816819254e-05	-0.00034381279385438867	0.00318663515536444	-0.00012525047319930915	4.709406875279555e-06	0.002789442923547566	0.02403585177035355	0.0012841807874896054	-7.979451557894201e-05	-0.0004204693576263667	-0.009153463160118192	6.823698114240254e-06
8.85	0.00023390021724026714	-0.0002495163963458078	0.003185746991864915	-9.913953920021348e-05	-8.040168478904472e-05	0.002789293864910475	0.017499388275226305	0.016778984895069907	-6.986284205805493e-05	0.005415011877662922	-0.007176422700651066	-4.4175944802582595e-05
8.860000000000001	0.0003387484257833563	-3.540449501792531e-05	0.0031857110869991205	-2.567978389200625e-05	-0.00012680889288537944	0.002788551334938863	0.002586815271672817	0.024248613312176658	2.8100603413904027e-05	0.00866648624115332	-0.0017199101603019384	-0.000100372341283226
8.870000000000001	0.00028148906962326457	0.00019593252875900176	0.003186100142003164	5.990344751592593e-05	-0.00011241207621343536	0.002787581618367085	-0.013582205374561137	0.020055542231976746	1.945443677803109e-05	0.007730650587312586	0.004493847778732584	-7.704807640775519e-05
8.88	8.911274691941382e-05	0.0003328359261906911	0.003186072601124131	0.00011655539760933636	-4.429258539516086e-05	0.0027873681964694073	-0.023292122308593788	0.006182866259272918	-2.894572536566003e-05	0.003118278560203558	0.008555524818490153	3.0239277187610494e-05
8.89	-0.0001461986276796596	0.00030967742716775403	0.0031862391095266525	0.00011735991966205251	4.49183757472969e-05	0.0027879086604990647	-0.021791096006000956	-0.010594702173165405	3.415955808447495e-05	-0.002985677271939416	0.008542509083374778	4.0861638787158166e-05
8.9	-0.0003110576685622803	0.0001381802313424339	0.003186436515375028	6.190361332337354e-05	0.00011233701824953957	0.0027882069305957637	-0.009817114922705716	-0.022262445707356786	3.0561344225797044e-05	-0.007639229130299807	0.004379505350041966	2.6809475803294947e-05
8.91	-0.00032702823995731177	-9.966372047568886e-05	0.0031866633096805223	-2.318896265970872e-05	0.0001256478588018756	0.0027884960739111516	0.006787167642392193	-0.02328150496384527	9.041448780899702e-06	-0.008657593321389625	-0.001821438266232092	2.5320490554795744e-05
8.92	-0.00018620426084901964	-0.0002895692590266526	0.003186496061605942	-9.732628666045606e-05	7.894550125127171e-05	0.0027888157092674716	0.020176249945146153	-0.013100170722052435	-3.857706160363385e-05	-0.005540005962820025	-0.007142775927406005	3.144524682415802e-05
8.93	4.394557953556079e-05	-0.0003402906216442579	0.00318612292663707	-0.00012479585531598457	-5.786143401374586e-06	0.002789165426874421	0.02390476589670769	0.0033752097580569207	-1.9447461028077773e-05	0.0002676212790248384	-0.00904784801032599	1.9391398185062225e-05
8.940000000000001	0.0002529949215054062	-0.00022773701265084155	0.0031861691407090134	-9.222508312835989e-05	-8.754862902842696e-05	0.002788925196426283	0.016172658963426297	0.01819963585479771	2.6583768290229626e-05	0.005948392781385759	-0.0066104368018091095	-6.706495512469088e-05
8.950000000000001	0.0003410148436002607	-6.0486562833833766e-06	0.0031864558806296473	-1.5692990575074717e-05	-0.00012710286792833088	0.002787788915962235	0.0006906204692265605	0.02427991652526569	3.028528344386375e-05	0.008741020863341508	-0.0009864113148569556	-0.00011598010899524077
8.96	0.0002655872596730848	0.00021842702866241886	0.0031865481728331133	6.865296504264402e-05	-0.00010557181625446534	0.0027871639439842034	-0.01514596954692782	0.01871143378679476	-2.9432178355537345e-05	0.007402789323808576	0.005100914300521184	-8.526867038211067e-06
8.97	6.282338530277804e-05	0.00033769859270286866	0.003186394457065	0.000120269682161271	-3.326204374125847e-05	0.0027873032296323276	-0.02369814498025593	0.004156853336574092	1.8545999565864863e-06	0.002471630626193087	0.008785487039412239	4.1660408808662504e-05
8.98	-0.0001699112703037542	0.00029520140648746097	0.0031864244113032954	0.00011416579045468935	5.546874234385498e-05	0.002787961405036772	-0.020896836312296378	-0.012302305409097594	2.4937802176858178e-05	-0.003636201183797717	0.00819917324827484	7.270692773668543e-05
8.99	-0.0003212070293489132	0.0001114292205497993	0.0031869174548107585	5.366917444308419e-05	0.00011762493128458787	0.002788637850707935	-0.008088185133687743	-0.022907994414269616	7.311673011162079e-05	-0.00796996898256785	0.003720677242465334	4.3621346887143075e-05
9.0	-0.0003182996073563277	-0.00012584292089065185	0.0031872132510767284	-3.220439381092462e-05	0.00012392269005761437	0.0027889834108244084	0.008661678877904118	-0.02253618750374577	-1.0724013485055087e-05	-0.008518570069542968	-0.0025379540905375144	3.705024991874102e-05
9.01	-0.00016249431818415183	-0.000302618208013399	0.0031865108169053676	-0.0001026557427252059	7.086690734049269e-05	0.0027894685719512566	0.02119033308120998	-0.011323567510168433	-0.0001251172754017079	-0.00495769383942784	-0.007618628460635443	3.4513406932100924e-05
9.02	7.090810397334388e-05	-0.0003341383496717057	0.0031852678621200545	-0.0001236965544670475	-1.6218961134410856e-05	0.0027894996107851624	0.023534079290701195	0.005268108290961223	-8.747406685157951e-05	0.0009222642833065808	-0.009052939141963631	-2.0162218579571134e-05
9.030000000000001	0.0002702922788569339	-0.0002057157023818928	0.0031851539467432893	-8.558869442424948e-05	-9.533573399099303e-05	0.002789095631304554	0.014688886014309474	0.01933783177588479	7.855705876108747e-05	0.006371774742452411	-0.006094609857598232	-5.69303397715062e-05
9.040000000000001	0.00034024390405086054	2.1319976833218297e-05	0.0031861720019090555	-6.599099944382172e-06	-0.00012835483444016905	0.0027880882035170697	-0.0012896416800128646	0.02417353333574719	0.00011596674931632278	0.008760733578218114	-0.00026163420987301026	-0.00010737066012018448
9.05	0.00024688508520603116	0.00023835784159700443	0.0031872886602177853	7.572655185222109e-05	-0.00010017364154488891	0.0027872732622217012	-0.016599186963154773	0.01740302777630536	9.221323259726617e-05	0.00700303961198722	0.005662704402147221	-4.2462914642831574e-05
9.06	3.5098040522086997e-05	0.0003408106275739512	0.003187543009311498	0.0001219265908823598	-2.4093550449389806e-05	0.0027872592853235836	-0.023980341645614897	0.0022227016540788246	-2.243733987358227e-05	0.0018439542147573288	0.008909554880538054	3.40623729316015e-05
9.07	-0.00019345951978603384	0.0002794935639952208	0.0031871282428175725	0.00010963268887662233	6.348143591313652e-05	0.0027879427617871233	-0.019826478102226264	-0.013973972617935104	-2.5409830136005655e-05	-0.0042074701726595625	0.007864531612280071	5.767572046262938e-05
9.08	-0.00032942039882555486	8.411892564002159e-05	0.003186869814562078	4.435062467601405e-05	0.00012057572173883917	0.002788482201753873	-0.006208363595804087	-0.02344674145912095	-3.2255570850955226e-05	-0.00827396092339941	0.003079838527218049	6.319871402983927e-05
9.09	-0.00030715782640651805	-0.00015135630812673206	0.0031863536343971323	-4.234273603135911e-05	0.00011987900428448059	0.002789096265598993	0.010449480635587037	-0.021682532698008353	-6.57944402963027e-05	-0.008315984964578476	-0.003214156178053717	5.9944464461228315e-05
9.1	-0.00013775863784612987	-0.00031404687121654764	0.0031857151946129585	-0.00010874043492103698	6.141832601983935e-05	0.00278959234211245	0.02201480295702943	-0.009501321342463988	-3.211729114014432e-05	-0.0043857904105000425	-0.007961860735187119	4.543425122224828e-05
9.110000000000001	9.747827576340834e-05	-0.00032626824842549106	0.0031857754739488485	-0.00012303806222704265	-2.609868154676981e-05	0.002789448194140141	0.02306374275968115	0.007165577830761624	4.776414323171509e-05	0.0016361257084155866	-0.008816899715766685	-8.98993742664844e-05
9.120000000000001	0.00028615883228825866	-0.0001823010408269725	0.0031866928033733905	-7.847803012731442e-05	-0.00010059821055245316	0.0027882056609104373	0.013075823298654714	0.020415879728693447	0.00011623063204537275	0.006905325572628141	-0.005453266233941018	-0.0001064874501964512
9.13	0.000337428352819298	4.900461410452527e-05	0.003187859460273194	3.963667796170419e-06	-0.00012663146137325575	0.002787182370622971	-0.0032513095970434685	0.02389604732331742	7.874534950661353e-05	0.00886320925578196	0.00046620065999227443	-8.215687266666673e-05
9.14	0.00022643859988544945	0.0002566344384291837	0.0031882566890334	8.468482571564635e-05	-9.203893332880759e-05	0.0027867009800153697	-0.01802032768402339	0.015865297953120798	-1.2420562924908876e-05	0.00658460626167687	0.00617621055760139	-9.77478863104922e-06
9.15	6.605018805277792e-06	0.0003404755165484073	0.0031876650747235708	0.00012497359083861245	-1.311260469274593e-05	0.002787013409202061	-0.02410741229047022	0.000225247548680995	-9.872064710647999e-05	0.0011328439923222733	0.008918666864482968	6.642744371521601e-05
9.16	-0.00021638872497200433	0.00026093523360561115	0.0031863867057330382	0.00010511133194029624	7.178282641051879e-05	0.002787616033987424	-0.018617640584145865	-0.01546726443842968	-0.00012185421328382268	-0.004923391029046957	0.007347432675390466	2.3103649748865116e-05
9.17	-0.00033568991475579733	5.614132876908032e-05	0.0031852013975213734	3.4944763168916086e-05	0.00012208053778663673	0.002787917136397485	-0.004248545406507725	-0.023768927357286373	-9.052735535858583e-05	-0.00853424114515719	0.0022967501669090887	5.6341415698432885e-05
9.18	-0.0002941441455096309	-0.0001755137955839451	0.0031848110558075297	-5.205426784914263e-05	0.00011379881715874521	0.002788708426881935	0.012204805219034044	-0.02064354370185418	1.569548966318069e-05	-0.00811393425138593	-0.003885864623590737	9.72223103711635e-05
9.190000000000001	-0.00011175718423947525	-0.00032299567641240685	0.003185528322282571	-0.00011404499488547973	5.100867738592268e-05	0.0027894684877961522	0.022751033510818364	-0.007627520159835381	0.0001384578966320822	-0.0037647604778462814	-0.008136208640370835	5.351025207860859e-05
9.200000000000001	0.00012441020527138134	-0.00031561082389705266	0.003187288448222263	-0.00012124298782200784	-3.601318254994007e-05	0.002789259090564418	0.022470642671424467	0.009040391889824818	0.00019955250480547623	0.0023639207112282658	-0.008520922764027548	-7.600589437249429e-05
9.21	0.0003009775403093905	-0.0001568431115063549	0.0031890387223726573	-7.02787111446812e-05	-0.00010571070012519696	0.0027881492963158293	0.011368341238966878	0.021394680837345668	0.00011601092569481438	0.007413843196670629	-0.004840257343433728	-0.00010900759438718877
9.22	0.00033306049825147603	7.696370131480678e-05	0.0031890546490621605	1.4993428816272505e-05	-0.00012491823869612757	0.0027873274752011276	-0.005200820419531209	0.023403782361452154	-8.991711161502439e-05	0.008918852540079023	0.001163376209112203	-4.1082434824631634e-05
9.23	0.00020532132418230766	0.00027325232014431994	0.0031873645749786977	9.348599330854784e-05	-8.405963186643121e-05	0.0027870142760880803	-0.019261126467461438	0.014221970142515266	-0.00019986887219438542	0.006111277735039237	0.0066413488002616955	-6.528113633804585e-06
9.24	-2.0881837980936945e-05	0.00033843956872903647	0.0031855707190412376	0.00012721910154966644	-2.628737175554195e-06	0.0027873622866962807	-0.024077575367434927	-0.001706833963134194	-0.00012880578090108242	0.0003602224938717017	0.008943900337878912	2.8440083543980733e-05
9.25	-0.00023738605204645714	0.00024164700509867279	0.0031849083425292742	0.00010013671468880695	7.998188980250345e-05	0.0027876449415788892	-0.017383041705347758	-0.01682041812273355	-7.12240513275424e-06	-0.00556931481481749	0.006895379090682482	2.855530346648338e-05
9.26	-0.0003403419166693564	2.946038806074052e-05	0.0031854858278681664	2.4652905850996393e-05	0.00012408486412310732	0.0027879347003889766	-0.0023252785245670977	-0.02385974667964378	0.00012748718796307338	-0.00885872711855651	0.0015689448929978222	4.954010364079025e-05
9.27	-0.0002798555740954103	-0.00019663977477746633	0.003186826130889001	-6.273571490702196e-05	0.00010885923244840241	0.00278856293034501	0.013909540979785116	-0.019476185246863457	0.00011309855439948538	-0.00788948720270007	-0.004478174670014014	7.235179201608755e-05
9.280000000000001	-8.511400303993316e-05	-0.00032869995296427347	0.003187876776967918	-0.00012010706400987747	4.165905769181293e-05	0.0027890291797685197	0.023405787339060333	-0.005819742873259456	9.781259074860656e-05	-0.0030866881273997494	-0.008382537852336697	3.447223989197542e-05
9.290000000000001	0.0001503393547033676	-0.0003035305468818507	0.0031886582072846326	-0.00011964527601207093	-4.5404591188999354e-05	0.0027891069098107883	0.021689212920997743	0.010646472622567713	2.239337289828163e-05	0.0031819116906308276	-0.008277274532275912	-4.190776643480569e-05
9.3	0.00031344037806287333	-0.00013308444161539774	0.0031881723034584714	-6.1759095192996e-05	-0.00011057277653268028	0.002788288942266393	0.00958449101886374	0.022002409490010092	-0.0001272503306469636	0.007922136119279225	-0.004204335431414112	-9.472799856793743e-05
9.31	0.00032612579117640523	0.00010099709089735264	0.003186274931869556	2.599943853269571e-05	-0.00012247465721077478	0.0027873730621946684	-0.007142638200051457	0.0228310284527519	-0.00019469757060695854	0.008891212146901742	0.0019221634201400104	-8.530844984120892e-05
9.32	0.0001822442609385478	0.00028656286581114486	0.0031849992529664538	0.000101364230833004	-7.527956026043349e-05	0.002786796560764561	-0.020401860720583424	0.012741930111170965	-5.148973757709117e-05	0.005546397468490062	0.007110735134498445	-2.965171663413884e-05
9.33	-4.899214710616451e-05	0.00033507911940105155	0.0031853377075849246	0.00012793446629251202	8.066346093856277e-06	0.0027866793162439553	-0.023920324662438763	-0.003445406581700854	0.00011747869764564178	-0.0004538054076040092	0.00886193894690129	-9.47301801184704e-06
9.34	-0.0002570470310859511	0.00022293728639614357	0.0031866974430446687	9.329864629491658e-05	8.755060906198676e-05	0.00278688202278148	-0.015947008569193344	-0.018034611199175772	0.0001245382275017263	-0.006209642655817492	0.006362417781313482	5.851059770402716e-05
9.35	-0.0003418549681816568	3.8656436361223465e-06	0.0031878970977335832	1.3856445057425039e-05	0.00012493621448080836	0.002787707736653881	-0.00030373669783892486	-0.02395463571815176	7.301437800102431e-05	-0.008987915563935786	0.0007970779009439887	0.00012460888805895389
9.360000000000001	-0.00026299707553701285	-0.00021700857770466924	0.003187862987963273	-7.21911439722679e-05	0.00010225494206159463	0.002788664814406283	0.015407123025961355	-0.018365277992170147	-4.1394643701962335e-05	-0.007479295882762632	-0.005111891581971774	5.761845560378803e-05
9.370000000000001	-5.857272219740095e-05	-0.000333665256057058	0.0031871934628087376	-0.00012347455062990012	3.098732655967149e-05	0.0027887407590009437	0.023753143211331935	-0.0039715987302855445	-0.00010562240795715094	-0.00235675727494975	-0.008560322084045786	-2.5694105124439798e-05
9.38	0.00017361258875826744	-0.0002903606035880713	0.0031862555023248864	-0.00011562059089849892	-5.509809854671765e-05	0.002788177374062615	0.02077471372075785	0.012271548703777967	-7.019938162103994e-05	0.0038499587559552347	-0.007939001841148248	-6.996335424645295e-05
9.39	0.0003229617220638598	-0.00010815405581387358	0.0031860095380649087	-5.2618894112925384e-05	-0.00011500871050335761	0.0027874544732295506	0.00785735165438014	0.02264837212053833	-9.900379741962332e-06	0.008210100854299886	-0.003540409453951005	-3.239200244910121e-05
9.4	0.0003175428828890744	0.00012593599246669979	0.0031864566002333798	3.5528795449214624e-05	-0.00011994822603137199	0.002787312670598031	-0.00887388833898129	0.022192379784255922	7.548944791184709e-05	0.0086731652409526	0.002570689788600282	-1.102990271422709e-06
9.41	0.00015985711494232268	0.00029970368299168747	0.0031871135526320804	0.0001067662828260686	-6.748368311134591e-05	0.002787414759087305	-0.021333859763555105	0.011104568204279566	6.385755431992852e-05	0.004972656623155401	0.007485187259887089	8.907146952897258e-07
9.42	-7.428232517574047e-05	0.0003299559128417873	0.003187778358321896	0.00012686485839669652	1.7553551916218764e-05	0.0027875492061716326	-0.0235511725883142	-0.005316579774194585	5.7449097251979715e-05	-0.0011276309431816262	0.008803231603412967	3.450133832609078e-05
9.43	-0.00027277840842743597	0.00020183318870052374	0.003188080695634551	8.60159311599877e-05	9.428373749679044e-05	0.002788073736197266	-0.014475795644358408	-0.019200374859206115	2.4236839665293217e-06	-0.006704706472680407	0.005904397778962068	7.058023558357688e-05
9.440000000000001	-0.00034026564297278105	-2.2939572885798985e-05	0.0031875864950942374	3.779699145505976e-06	0.0001259078903582055	0.002788740228360909	0.0015537309983447941	-0.023858210833244266	-7.819277631523187e-05	-0.009056183607393261	0.00014731342696543096	6.0036269144232406e-05
9.450000000000001	-0.00024462465463486556	-0.0002364541959798462	0.003186730204764618	-8.035530052951433e-05	9.688706456275982e-05	0.002789121677684414	0.016785271628757384	-0.017056785185962993	-8.134926028937619e-05	-0.007066982612697974	-0.005679196542892975	8.689900711584808e-06
9.46	-3.142229690455016e-05	-0.00033671875744612325	0.003185965466764028	-0.00012564067636313433	2.179810832659966e-05	0.002788758746694754	0.024054427967699164	-0.0021613289838669377	-3.7813323429228995e-05	-0.0016186151565765242	-0.00871846757558251	-6.728008711242791e-05
9.47	0.0001973788809514129	-0.0002759328317761772	0.0031860974107463633	-0.00011017779302026682	-6.356736936677258e-05	0.002787497519180989	0.01975027683409818	0.01381939526565175	3.707247862986557e-05	0.004561852076687873	-0.0076355433803671924	-0.0001511792453165759
9.48	0.0003313803775022591	-8.299499020406769e-05	0.003186578393532916	-4.1848043308050434e-05	-0.0001183711411768226	0.00278607827300314	0.005909401601290541	0.023150264020293743	5.164798900698925e-05	0.008548511818079871	-0.002883689018493171	-0.00010975958658721773
9.49	0.0003060663838838336	0.00014936817901388142	0.0031870391254750084	4.682049569991168e-05	-0.00011657932665067715	0.002785718631444276	-0.010761217763660628	0.021368605596615922	2.8169190680040833e-05	0.008463060615679344	0.0032285237845683136	6.281391089075861e-06
9.5	0.00013362179501490805	0.0003101295038969007	0.003187379000410522	0.00011353357925153384	-5.889158040021313e-05	0.002786275971087689	-0.02228055479969244	0.009415013791688033	6.237492688949876e-05	0.004288092638162521	0.007815852008556072	9.784472503398305e-05
9.51	-0.00010325928882526696	0.00032250161750416195	0.0031877782549134983	0.0001255872735860141	2.7072304878459522e-05	0.002787391221719872	-0.023121859139107425	-0.007049146256740764	3.385249867116559e-05	-0.0019735153000444545	0.008649702329657548	0.00010425348139513298
9.52	-0.00029077946643326757	0.00018010853467275757	0.0031877110970172495	7.737368460220657e-05	0.00010008926605591757	0.0027885189622708314	-0.012798604880826849	-0.020228730632293218	-5.574828281415584e-05	-0.0072818970066726284	0.005348721824806547	0.00010646508072933971
9.530000000000001	-0.0003385284562243133	-4.898067233932985e-05	0.003186752978657676	-8.100307736373636e-06	0.00012507149919522366	0.002789372863516821	0.003646952494644165	-0.023642151725812962	-0.00012376819944094562	-0.009072049391221373	-0.0005559479464396864	5.430581349521212e-05
9.540000000000001	-0.00022392091382083244	-0.0002546028849985879	0.0031859373948323077	-8.938703918122829e-05	9.023989558712616e-05	0.002789498799740554	0.018304830931861336	-0.015768851099105252	-2.7147523934485515e-05	-0.006509598010590597	-0.006108766621292468	-3.608894889970857e-05
9.55	-1.9579598425475877e-06	-0.0003388151674880511	0.0031864031510775545	-0.00012758491881969885	1.2545971481246459e-05	0.0027884342281164396	0.024204203276509042	-0.0003630405838135976	9.65694049102412e-05	-0.0008228474179581074	-0.008776853293756928	-0.00016487240099015988
9.56	0.0002209688764744127	-0.0002609701034455176	0.0031870883844519926	-0.00010440311195873204	-7.097189414519262e-05	0.002787016785931877	0.018489710649014883	0.015301380731840678	2.4838452403994856e-05	0.005264363567373301	-0.007230882719471412	-0.00010883586989123818
9.57	0.000337466440782082	-5.785439538175605e-05	0.0031871910376509585	-3.089786557346432e-05	-0.00012048049161125259	0.002786251174705585	0.003838851350416608	0.023609596099812592	-6.4058233674798555e-06	0.00883572311307229	-0.0022540156982650264	-3.8653059064845934e-05
9.58	0.0002920834799201687	0.00017293695541904957	0.0031869999634629863	5.778579567996304e-05	-0.000112265104980748	0.0027861432528291483	-0.012523382710896846	0.020615701791080666	8.795381287208637e-07	0.008168999567008358	0.0038365092286636033	1.6097234143768856e-05
9.59	0.00010685771671147203	0.0003208015071232057	0.0031872277613342655	0.00011895449723458615	-4.986669582656234e-05	0.0027868525729425916	-0.0229685431876793	0.007734635455274231	4.002158784563922e-05	0.0035585266631614747	0.008129644969931593	0.0001070043651592389
9.6	-0.00013026589689309448	0.00031504721282877337	0.0031871995298552286	0.00012323854900093221	3.685213670423668e-05	0.002788110728300178	-0.022429725680594675	-0.008853716884188326	-2.3660208001222292e-05	-0.0027369021588961795	0.008472935997648699	0.00014070484208522947
9.610000000000001	-0.0003053927879272863	0.00015787930261194054	0.0031865865405562273	6.83574585726765e-05	0.00010591344114961276	0.0027895440359654616	-0.01109682524539354	-0.021229969291814078	-8.046801135594607e-05	-0.0077684165637180525	0.004751133573203204	0.00015583320470458824
9.620000000000001	-0.0003340581963182515	-7.510438832812633e-05	0.0031856848167441058	-1.9310934946807816e-05	0.00012421773792641453	0.002790660567781983	0.005586463284679377	-0.023388658391113447	-8.187345056655986e-05	-0.009025286522223952	-0.0012400549691629953	6.248487938728292e-05
9.63	-0.00020250845796173918	-0.00027236646924401193	0.003185550396576288	-9.722239421727544e-05	8.332517613324706e-05	0.002790288831410503	0.01960224388386696	-0.014393903992428363	6.486739462073825e-05	-0.005904281509142823	-0.006589360451490777	-0.00012353148227366568
9.64	2.5802559706325268e-05	-0.00033961619758263357	0.0031865878968870224	-0.00012804341855079016	3.093864721503179e-06	0.0027884874931395787	0.024156642150048882	0.0015347055882032844	0.00011515376926522875	-1.799495159627988e-05	-0.00880179682373639	-0.00020864842782291406
9.65	0.00024133498712810008	-0.0002440737711893855	0.0031873333775117993	-9.736070008297726e-05	-7.848386514095607e-05	0.0027865227642291986	0.017116133920134086	0.01676342591750957	2.1879538716724904e-05	0.005896580115783989	-0.006831756693792876	-0.00015412677802494556
9.66	0.0003403551722409545	-3.1621940454885755e-05	0.003187128575429099	-1.954258900171721e-05	-0.00012254210597766816	0.0027855245466439304	0.0018766835665751426	0.023930729304084807	-3.879270967457661e-05	0.00899149766896266	-0.0016234166504600093	-3.811018661334523e-05
9.67	0.00027619824479916766	0.00019576322128176144	0.003186969973068004	6.794849934183781e-05	-0.0001080787337090527	0.00278592704479406	-0.014168996963565102	0.019672093493091194	2.7733922165597044e-05	0.007777838663225057	0.004413152598870303	0.00010189351290813459
9.68	7.95237307016169e-05	0.0003295782948862564	0.003187438893500582	0.00012310682166593621	-4.143050139708846e-05	0.0027870124150461187	-0.0234924032093947	0.005931611245252264	4.305719475641537e-05	0.002757497719190918	0.00834519919121086	0.00010412293596623434
9.690000000000001	-0.00015569476919400445	0.00030489537782067797	0.003187447304916601	0.00011879769575423663	4.536411042526002e-05	0.0027883553162282144	-0.021551285629792645	-0.010647846262701618	-5.5528884456619333e-05	-0.003562277662465121	0.008272668500891589	0.00015648319005256934
9.700000000000001	-0.00031638420333520844	0.00013375217220624704	0.0031864628563371008	5.774143248535029e-05	0.00011078383585749597	0.002789807444061671	-0.00923928457260769	-0.02211410012428004	-0.00012010121796676049	-0.008136883185798235	0.004245574722780422	0.00011342756018706845
9.71	-0.00032550481995660197	-0.00010148264339206809	0.003185509999061106	-3.066731947066296e-05	0.00012349018689033117	0.0027903654631698557	0.00750189017583289	-0.022956308849842403	-6.594425078375276e-05	-0.008788065900354301	-0.0017909572629042116	-1.032028461766118e-05
9.72	-0.0001787974238168454	-0.0002882063217645968	0.003185517901278057	-0.00010371450415761335	7.745950954547116e-05	0.002789415782409544	0.020612950536009957	-0.0128310926451875	4.066326094436558e-05	-0.005228658784645457	-0.0070278394307565165	-0.0001647562354682267
9.73	5.329717710613143e-05	-0.00033701019961444406	0.0031863498169737185	-0.00012696171125386142	-5.535569655417927e-06	0.0027876050642666123	0.023850901286029815	0.0034824007025765187	9.863996895083709e-05	0.0007673414936478731	-0.008872809916388554	-0.0001906768323907196
9.74	0.0002594425393436262	-0.0002242624815315155	0.0031871685937698143	-8.967639081570849e-05	-8.563599107516207e-05	0.0027862635252047757	0.01562421791611744	0.018128464856525976	5.69395024808534e-05	0.006403634115634487	-0.006481864128660624	-8.17677432868346e-05
9.75	0.0003407738581937837	-4.047881857486757e-06	0.0031874491817234715	-9.337815048395739e-06	-0.00012492070173361695	0.002786047312042991	-4.6617163693533694e-05	0.02406687499886426	2.69217680562891e-05	0.00899208905045447	-0.001037001196575494	1.7211670003056323e-05
9.76	0.00025858990050038426	0.0002180189771952777	0.0031873976198741653	7.570396682022362e-05	-0.00010444198467502046	0.002786471456884721	-0.015694186977334684	0.018477846357594956	-3.991271154709206e-06	0.007274601827129873	0.0049844008008181504	6.902969719084375e-05
9.770000000000001	5.2435244887061335e-05	0.00033566052260499833	0.0031871834223252634	0.00012446182954305146	-3.3548421765229415e-05	0.0027875926549141934	-0.023803921412147412	0.004042673205577831	-2.6357978235576855e-05	0.0020542092447704	0.008597300936223028	0.0001364354563595717
9.780000000000001	-0.00017901521339094321	0.0002923719957348084	0.0031865808568109786	0.00011353890994870234	5.349430619455736e-05	0.0027889040697044645	-0.020527220189611693	-0.012339263443799325	-5.278682741697608e-05	-0.004138737116039171	0.00807080669196734	0.00014010018427285234
9.790000000000001	-0.00032465601395614325	0.00010895938207146261	0.003186001912329028	4.8316861574213235e-05	0.00011489388631790882	0.002789968665395158	-0.007395653024185646	-0.022791953517532992	-1.3871986703696692e-05	-0.008366140562710723	0.003674480317279365	7.841537171605158e-05
9.8	-0.0003150185498838516	-0.0001269136440056358	0.003186402618381067	-3.9853350016161385e-05	0.0001211558114212813	0.0027898981692503887	0.009262705088259698	-0.022402577785109016	0.0001063608343425433	-0.008528135477357398	-0.0024784031987620542	-0.0001029607742790838
9.81	-0.00015436756177975835	-0.00030272669611490646	0.003187355639522307	-0.00010859770838101719	6.937967293711815e-05	0.002788545823046978	0.02151231938365827	-0.011245107315843885	6.436056152040541e-05	-0.004660328519995547	-0.007422503970484462	-0.00015010146147417317
9.82	8.024866452891874e-05	-0.0003333503179232036	0.003187525923221208	-0.0001253203433859593	-1.5651789479376238e-05	0.0027872923308921355	0.023424293068679262	0.005382583797457115	-4.067743420905168e-05	0.0014526700499550885	-0.008861622965887099	-0.00010497630283937966
9.83	0.00027587651397022807	-0.00020386193434459324	0.0031867004666121497	-8.171855312452316e-05	-9.322176810386385e-05	0.002786829468331811	0.014062659491314765	0.01942404341938604	-9.892521715032553e-05	0.006865879479918887	-0.005995474131182811	-8.809592592553554e-06
9.84	0.00033861842377777714	2.3656504734358247e-05	0.0031860115516678207	1.1018504625622101e-06	-0.00012624837105521612	0.002786886319772803	-0.0020099859445410597	0.024184018025696946	-8.644194769540515e-06	0.008995937129555083	-0.000310739996230658	1.654050476248295e-05
9.85	0.00023886823041895726	0.00024030011219180778	0.0031865231265692387	8.349894989480697e-05	-9.887720081262275e-05	0.0027871820887420797	-0.01710177334864473	0.01731901691930017	6.84767085202497e-05	0.006774204260002691	0.005575108906372241	5.4250623101342696e-05
9.860000000000001	2.4630161313068504e-05	0.0003417505232621738	0.003187100956824409	0.0001256552632129284	-2.366683654635418e-05	0.0027880942588023173	-0.023970288677566516	0.002121214840842606	3.415552706218401e-05	0.001304065682300325	0.008838421698367394	0.00011500923991269436
9.870000000000001	-0.0002013537876064483	0.00027885312210416664	0.003187119389733129	0.00010757378114364232	6.322089837954423e-05	0.0027892982393383533	-0.019328404980387476	-0.014136766131559576	-1.5910442810629364e-06	-0.004767100073154505	0.007819948249121248	0.00012289469989244765
9.88	-0.0003308454452207977	8.198885839926144e-05	0.003187015519964833	3.7916747277042276e-05	0.00011972276843643485	0.002789962565260653	-0.0054760656303774295	-0.02358510795565602	-1.6873220375120488e-05	-0.008579483944681707	0.0030297931624607053	8.444625159101865e-06
9.89	-0.00030220419078255125	-0.0001544749055150596	0.0031872320963665765	-4.989948292958977e-05	0.00011904987962584756	0.0027893213136679965	0.010973187273162417	-0.021741965835997197	4.942247069090223e-05	-0.008247059089981607	-0.003176617639415695	-0.0001203040098775799
9.9	-0.00012892563005815583	-0.0003172788443926539	0.0031877193311251914	-0.0001135646229483096	6.13275766765002e-05	0.0027881638358732827	0.02221414495809593	-0.00943032339591143	2.8385176092469718e-05	-0.003945266637735486	-0.007904610565185422	-9.663791906795476e-05
9.91	0.00010595534531509653	-0.0003275802971068898	0.003187367790775683	-0.00012250922277798513	-2.6336313112905192e-05	0.0027873966380260675	0.022801388797284168	0.00745889737316223	-9.56479468282821e-05	0.0022338534879193343	-0.008877419596180651	-4.732590936690959e-05
9.92	0.0002900501723805669	-0.0001802985880589193	0.00318619824382899	-7.246152871095425e-05	-0.00010166870466712588	0.0027873801881854307	0.012481587982761338	0.02074408625646824	-6.632633785537215e-05	0.007342406164628489	-0.005544516610791598	2.3883605800200116e-05
9.93	0.0003354292448061328	5.345900869695585e-05	0.0031863368614576323	1.2085827341719513e-05	-0.00012840300101675075	0.0027873881092358626	-0.0038021845881858972	0.024043767388272748	8.032335164449085e-05	0.00888594854985331	0.00044224569497426414	-9.560068734509922e-06
9.940000000000001	0.00021982186873674306	0.00026129934194465385	0.0031873432657188007	9.102477270077348e-05	-9.371084367173642e-05	0.0027874412274187994	-0.018363465650400757	0.01579673841347704	0.00011593382389936184	0.006222797285746189	0.006225005139019074	2.0973447126971116e-05
9.950000000000001	-1.763364989274886e-06	0.00034351446521355746	0.003187748614609225	0.00012642551479052366	-1.4135870065495402e-05	0.0027880351829905566	-0.024043229063111793	-4.507219254431162e-05	-2.8372536600011822e-05	0.0005779484567503679	0.00902731829774402	0.00010247030214919431
9.96	-0.00022199514722228165	0.0002604431880790576	0.0031869533960265494	0.00010134821249916901	7.21078168377211e-05	0.00278903238909465	-0.018164849062386294	-0.015876492846785398	-0.00010310748278356592	-0.0053814090717653335	0.007495987557422091	7.97668043051781e-05
9.97	-0.00033577112036549037	5.2308719601869786e-05	0.0031862652270843125	2.778939541354352e-05	0.00012355771075677187	0.002789430733456958	-0.003610511492615353	-0.024016128944352563	-1.508639616935561e-06	-0.008722786915731057	0.0023783372039248487	-8.139426418209961e-06
9.98	-0.00028873964595022765	-0.00018091526866082565	0.0031865678690100397	-5.8694897160779645e-05	0.00011601688834478735	0.0027892513203265864	0.012642456972693596	-0.020677591167104766	6.133058397683654e-05	-0.007841471474319966	-0.003829290328926974	-1.9349547715619797e-05
9.99	-0.00010328921272572537	-0.00032734516068149756	0.003186658407910625	-0.00011674957159533898	5.289243257934184e-05	0.002788678604576158	0.02291503838986063	-0.007371594755034831	-4.371594464390208e-05	-0.0032592943482779744	-0.008256932827552355	-6.0709765683579194e-05
10.0	0.00013194213337462037	-0.0003164988248866595	0.0031859458826465183	-0.0001189177956239651	-3.57843969041868e-05	0.0027881290414823903	0.02213860752694152	0.00943579507828191	-7.95638284224364e-05	0.002860320016410498	-0.008749687663412255	-5.5065171544945264e-05
10.01	0.0003036821470669951	-0.00015409294408962631	0.0031854160037406236	-6.440140622974388e-05	-0.00010742804799224518	0.0027877516697041855	0.01077566442621529	0.021655181154849427	1.3704854134915183e-05	0.007579000299884766	-0.004982633882438473	-5.661848731852826e-05
10.020000000000001	0.0003298819479974968	8.190209546983778e-05	0.00318601411731234	2.0556738735610157e-05	-0.0001270944426906	0.0027874267346165247	-0.005737207681674767	0.023542620707922155	9.320896616865035e-05	0.00872031736163731	0.0011845915656460801	-2.1856028783149073e-06
10.030000000000001	0.00019794181949033972	0.0002785008431836493	0.0031869378238662473	9.560214048287445e-05	-8.578373594104877e-05	0.002787521272274152	-0.019561944467943137	0.014129561421412314	6.135971214361679e-05	0.005692347756885252	0.006737072232478362	1.8205583979126615e-05
10.040000000000001	-2.9192863689194956e-05	0.0003415028255719996	0.003187264057081461	0.00012512625180906213	-3.164503159300522e-06	0.0027879299294290864	-0.023963727779302203	-0.0020584543508199208	5.773592874605943e-06	-3.601124212143723e-05	0.00907304762935895	4.939743420418213e-05
10.05	-0.00024208154000554015	0.00024059963204429565	0.0031872165517756314	9.47080105899765e-05	8.091960727674497e-05	0.002788415518083756	-0.01685792593031551	-0.017245486006586777	4.881817824395097e-06	-0.0057763743027780005	0.0070530317306998986	3.1197597342761836e-05
10.06	-0.0003388990279770768	2.4557923000061932e-05	0.0031874270634504845	1.9032842634426664e-05	0.00012627935933419036	0.002788627689578115	-0.0016989044944629185	-0.024138600260086497	2.8006863560024483e-05	-0.008723349947294824	0.001631062736104163	-1.941915795339581e-05
10.07	-0.00027301078268038813	-0.0002029196735966545	0.0031873731596024175	-6.588183791977041e-05	0.00011108247114477912	0.0027880553998138827	0.014300935431948407	-0.0194687957479808	-3.245548735642783e-05	-0.0075205973841619665	-0.00457714805694164	-6.550203419653013e-05
10.08	-7.62104057844658e-05	-0.0003331183803744806	0.00318671880305751	-0.00011932686402487225	4.2547132291425255e-05	0.0027874952563794473	0.023390762400958266	-0.005482511393086391	-8.96096308322129e-05	-0.0027097098715406303	-0.008562163290981343	-4.0889573343935596e-05
10.09	0.00015691901561227609	-0.00030340349728769496	0.0031857126122701355	-0.00011551682117052926	-4.6658605937770214e-05	0.0027872943236005214	0.021276618472372978	0.011175088472805832	-8.616122823715445e-05	0.0034344047445706567	-0.008514411021465298	2.3079544430513964e-05
10.1	0.00031463781580047117	-0.00012790072453085997	0.0031854967135611493	-5.643361554226165e-05	-0.00011364143965893695	0.00278787926351175	0.00895149075144307	0.022431443545656345	3.563089530148119e-05	0.007891260904027121	-0.004311546255516455	6.581385341640833e-05
10.110000000000001	0.0003214357677536886	0.00010866061731869652	0.0031861360716545564	2.947543643167137e-05	-0.00012606615849279886	0.0027885479074750822	-0.007641125998956007	0.022895768145276253	0.00011074537989547345	0.00858099934838309	0.0019395626036514597	5.2247810156228694e-05
10.120000000000001	0.00017423878789463615	0.00029290912547715297	0.003187385568563792	0.00010131854693295713	-7.778563345048716e-05	0.0027889007881576958	-0.02057688636948472	0.012382442990744313	0.00010912460014814655	0.005200133552014552	0.007269355854279104	4.472919412145455e-06
10.13	-5.658232204216395e-05	0.0003362292508738557	0.0031877955810146862	0.00012475652220111488	7.654190801930133e-06	0.002788811055434746	-0.023622628879005146	-0.004076860080368045	-2.5893118954019538e-05	-0.0007077398429322798	0.009116367395401575	-3.821105079450625e-05
10.14	-0.0002602568583098744	0.00021787565563580357	0.0031870242989062683	8.844592400355109e-05	8.96137416691313e-05	0.0027883625715978536	-0.015365214577246	-0.018595838957578954	-0.00012176510766598641	-0.006271528284350293	0.006599830752924329	-4.694672493658955e-05
10.15	-0.00033910353777337975	-5.393977000813355e-06	0.00318610652667551	9.820826139307708e-06	0.00012854111089345943	0.0027875819638288036	0.000246491358512528	-0.02417023578090174	-7.178530616003395e-05	-0.008797856037332465	0.0008867526316645651	-0.00011470252733469368
10.16	-0.00025544211031658566	-0.00022610933959081911	0.003185599100834983	-7.323126077063001e-05	0.00010573399118510983	0.0027869151338189473	0.01578238540070781	-0.01812431280156646	-6.077628229012572e-05	-0.007123314158698716	-0.005246664999545073	-4.51264365469943e-06
10.17	-4.9242143696775115e-05	-0.00033823278160486134	0.003185286505224059	-0.00012111923814684742	3.220055448274965e-05	0.0027872234944539055	0.023713740369343223	-0.0033610263498096396	7.725103863475718e-06	-0.002062434052230504	-0.00884118838836113	7.562436442534543e-05
10.18	0.0001803727102389212	-0.00028815407617751107	0.003185676699708914	-0.00011085600603638028	-5.649908594562385e-05	0.002788267568869139	0.02027020827027753	0.012961613706064067	6.081895102957934e-05	0.004035076778738549	-0.008171587871410936	0.00013137424736916098
10.190000000000001	0.0003236551138920283	-9.997391865233687e-05	0.003186620049702956	-4.723126085443158e-05	-0.00011805370608800083	0.0027888930658214587	0.007177922689035781	0.023068930006130195	0.00011859151575238275	0.008147874047120873	-0.0036209420691041203	3.827961797979448e-06
10.200000000000001	0.00031200942016021557	0.00013584607725969995	0.0031878986396152776	3.9077583091248664e-05	-0.00012290490277282006	0.0027885876318589414	-0.009402285934572402	0.022118782035922373	0.00010328193760484587	0.008390691985076571	0.0026842265049292556	-4.827910072603771e-05
10.21	0.00015092397464915524	0.00030652229026197173	0.003188325011864961	0.00010697814834343106	-6.850195985839843e-05	0.0027881471814808706	-0.02146336545573331	0.0105807871548772	-2.3828117553160236e-05	0.004609226650915606	0.007737404044540356	-2.019778009370039e-05
10.22	-8.231100940584603e-05	0.00032998226571246184	0.0031875564764144338	0.000123779802270512	1.8917653089873958e-05	0.0027883533920356283	-0.02322735610741216	-0.0060691207582636636	-9.964314128447084e-05	-0.0013977295060670913	0.009019203492146714	4.117593471637464e-05
10.23	-0.0002759898142465542	0.00019501421689465504	0.003186551385789405	8.130447044783441e-05	9.743897096721079e-05	0.002788387332361048	-0.01388080619393998	-0.019790253700709835	-9.398463440085491e-05	-0.006741369103961601	0.00600820175265812	-1.3457366795361755e-05
10.24	-0.0003376030139432931	-3.373845008723824e-05	0.003185802767027493	-1.7470363734137382e-08	0.00012912954615054538	0.002787893720868915	0.002090217691108536	-0.024022730731186548	-5.034891367956231e-05	-0.00885248623684914	5.8132626468730466e-05	-9.904909438296971e-05
10.25	-0.00023737830731032771	-0.0002462082271012131	0.0031855842081012034	-8.140107673190119e-05	9.85084528146114e-05	0.0027869540704201813	0.017130987482010068	-0.01668277343358556	-1.1648922646258058e-05	-0.0067429004077332756	-0.00592002108538835	-8.143341687916212e-05
10.26	-2.3142230676194756e-05	-0.0003403771670129867	0.003185602947182877	-0.0001238305683335295	2.045213190477621e-05	0.002786566174875218	0.023918392206451294	-0.0013683335714054494	1.6093313467019238e-05	-0.0013860762793439583	-0.009048906263932255	-1.823261785809458e-05
10.270000000000001	0.0002022084882785759	-0.00027153598786764575	0.003186255838710481	-0.00010683726771888351	-6.76574034817878e-05	0.002786668545493458	0.019257678741446824	0.014558589698269097	0.00011980184776775532	0.004637088738756206	-0.007802660163980805	3.421735794372499e-05
10.280000000000001	0.00033070545523502745	-7.261693820561046e-05	0.0031874755008258026	-3.8245468354521585e-05	-0.00012294277874424554	0.002787149060775769	0.005356744267803965	0.023561541343961778	0.00011129946644665465	0.00847936645750028	-0.002782699731986811	4.461372026725987e-05
10.290000000000001	0.0003006121000101417	0.00016153983311362755	0.003188321704953115	4.9083445959265824e-05	-0.00011905486176089673	0.0027875883700996954	-0.011137972442124352	0.021269220994021988	2.7204729664162027e-05	0.008248237316877701	0.003511995392448964	5.8308293192772386e-05
10.3	0.0001260762018360856	0.0003179241970406041	0.003188047263824712	0.00011323980659574536	-5.828223936065348e-05	0.002788270665507405	-0.02229321229208416	0.008715386321245576	-8.211874656961344e-05	0.0040307175014577	0.00814236146218541	5.494467132847169e-05
10.31	-0.00010876930113343002	0.00032179296358103994	0.0031867820076418524	0.00012314070887634824	3.0557246310460796e-05	0.002788570657909162	-0.022712610270743214	-0.007962476345215177	-0.00012576829613257786	-0.002122916688029357	0.00885761701897693	4.776275556600165e-06
10.32	-0.0002913700451847359	0.0001714139216378681	0.003186027763409394	7.405301955716988e-05	0.00010452504694334656	0.0027883294677430856	-0.012300854370628715	-0.020842772804413504	-1.1107658430125669e-05	-0.007297402028999107	0.005313439190598827	-3.9967115162021736e-05
10.33	-0.00033434374610952607	-6.112834593566515e-05	0.003186326158638596	-1.0527329399129497e-05	0.00012818365205605832	0.0027878415267420264	0.004061499453752165	-0.023729305257133897	4.8362042441194285e-05	-0.0089209389784182	-0.0007473793911591434	-4.296181308278638e-05
10.34	-0.00021693480175616125	-0.00026443820277931155	0.0031868265147733848	-9.003911663355885e-05	9.059126366291045e-05	0.002787255216967613	0.01844025580109914	-0.015212219310576324	3.674681002256583e-05	-0.006313109904002256	-0.006424358573268952	-4.967042801762356e-05
10.35	4.485639458961398e-06	-0.0003405868363360565	0.003187049295792074	-0.0001265526251175272	9.797324338345928e-06	0.002787225905251714	0.023990028998856838	0.0006181761063001206	-9.12319711913889e-06	-0.0006744191363356772	-0.00904761411745965	2.7766102329507706e-05
10.360000000000001	0.0002238444626102089	-0.00025332530568953027	0.0031867544133182485	-0.0001024124254760645	-7.568803379427372e-05	0.002787349794046968	0.01803026402859348	0.016098262223608793	-1.831695462927086e-05	0.005275137501481086	-0.007334364907082246	-7.090811290921382e-06
10.370000000000001	0.0003361427458912097	-4.480031756040297e-05	0.0031867742262835608	-2.9458459449896848e-05	-0.00012500741441723445	0.0027875729145629374	0.0034803077591771935	0.023851772244976248	2.8105376233418123e-06	0.008723443486089322	-0.002107381425646637	6.085596698370796e-05
10.38	0.00028754427371554414	0.0001849926022229508	0.0031867093396173544	5.791001187254944e-05	-0.00011403950438060192	0.0027883032871600425	-0.012791792006685327	0.020180615827809136	-1.2734635020253016e-05	0.008017919956656974	0.004183240212749662	9.004642647118076e-05
10.39	0.00010133678888661651	0.0003261296904247581	0.0031862899462381865	0.00011749931955060411	-4.829665294008292e-05	0.002789007879116345	-0.02290673856264349	0.006860392215619444	-5.5397684284471485e-05	0.0034115793912590357	0.008401303998075182	5.078662133288441e-05
10.4	-0.00013330392585530554	0.0003111929855581695	0.0031861425987713397	0.00012071850709935988	4.0324616149877907e-05	0.0027893034547403295	-0.022065920735514725	-0.009745051716676067	2.220368516968311e-05	-0.002774060746023042	0.008580462287319833	-1.0513124443253419e-05
10.41	-0.0003041572429744221	0.00014713923542020797	0.0031866361053986534	6.672648661598686e-05	0.00010938516326973891	0.0027888206626624124	-0.010670655923204085	-0.021664050720981876	5.351530994596393e-05	-0.0075834944721035955	0.004646632866610198	-6.762292904680143e-05
10.42	-0.00032915854092511234	-8.727517389007605e-05	0.003187097566307618	-1.875505936226385e-05	0.00012597719345219124	0.0027879082936566584	0.0058749843808277805	-0.023233567959371766	1.609691510257898e-05	-0.008814388795318857	-0.001473777796688692	-8.974995690294609e-05
10.43	-0.00019598124759014147	-0.00027995388608763783	0.0031869165516619177	-9.560840885479286e-05	8.22368109966536e-05	0.0027871274121169316	0.019607029524726965	-0.013665847935533574	-4.798140495764827e-05	-0.005868894940272597	-0.006893011715501332	-5.704466951148692e-05
10.440000000000001	3.109903103461587e-05	-0.00033812950692742907	0.003186308469301159	-0.00012670770767179342	-9.550857499031447e-07	0.0027869529311383167	0.023904719278368222	0.002505279608407178	-4.539849782706823e-05	-7.568626332131681e-05	-0.00904104015257596	-5.804641459028254e-07
10.450000000000001	0.00024330008372509698	-0.0002340982601276852	0.0031862361378125125	-9.697062855610883e-05	-8.351008726186533e-05	0.0027869568217699873	0.016743537184404435	0.01741613401995436	4.149428778744631e-05	0.005766784192502268	-0.006796940984190622	1.7705201214261047e-05
10.46	0.0003389124503816021	-1.8169184841929074e-05	0.003186684230665416	-2.087147449355785e-05	-0.00012579611986218578	0.002787249709016421	0.0015590866868545993	0.0239796387443308	3.8984725224006565e-05	0.008814185903570797	-0.0012977691600692955	3.509006007337403e-05
10.47	0.0002719929381567374	0.00020668491991565315	0.0031868639097195235	6.517120808700983e-05	-0.00010749397392311878	0.0027880324765714327	-0.014372812544058386	0.019091240761042665	-4.72008149645047e-06	0.007673892490088449	0.004784244662447735	0.00011979270412261866
10.48	7.4770779782282e-05	0.00033259143353933597	0.003186783576642234	0.00012010265367867751	-3.7840931505041494e-05	0.002789335051153129	-0.02340048178235647	0.005027474176414721	1.2498897527323207e-05	0.002847406361092238	0.008570680745533714	0.00010182793075849572
10.49	-0.000158315961016935	0.00029903895901604166	0.0031872112021456215	0.00011764291092973318	4.974941420842084e-05	0.002789860991292348	-0.021242789530273382	-0.01147244156962163	8.510250259439401e-05	-0.0033023288430717467	0.008210567565251969	1.5181783528970159e-05
10.5	-0.00031530067367000164	0.00012200946081809599	0.003188186595572105	5.913251763773214e-05	0.00011316187682985916	0.0027891491057035374	-0.00888130071339091	-0.022452228335018438	7.798186462126538e-05	-0.007913507446593006	0.003963219967509937	-0.00013023293093149688
10.51	-0.0003211558833774366	-0.00011354103254001471	0.0031884238954036945	-2.7878759217144214e-05	0.00012243153752607603	0.0027877794531296894	0.007764790167643737	-0.022666961977586716	-4.0632597673583605e-05	-0.008745962229934148	-0.002174640669322864	-0.00012059514488253375
10.520000000000001	-0.00017289011413147606	-0.00029427336038357065	0.00318748525720261	-0.00010154803258226857	7.29455985766103e-05	0.002786869171055814	0.02065851691235153	-0.01196439078932991	-0.00014458047864159937	-0.0053819300158068845	-0.007290434325226643	-5.494633139113853e-05
10.530000000000001	5.833883099299952e-05	-0.00033346390747961065	0.0031860723258619874	-0.00012642436029427064	-1.1811799343962868e-05	0.0027865879547142257	0.02365030087041113	0.004451117526227276	-9.096933679660348e-05	0.0006206094293295808	-0.008947524195682342	2.5919412126937684e-06
10.540000000000001	0.0002617022297453713	-0.00021296291351531095	0.0031855476415236414	-9.042185241057754e-05	-9.108458568385955e-05	0.002786619497510208	0.015299600945665154	0.018632639785872818	-9.732496725655214e-06	0.006285452100341238	-0.0062122740091276425	1.8076264453568528e-05
10.55	0.0003396213901770294	9.219761881864202e-06	0.0031859927152529826	-1.1242090318454111e-05	-0.00012643278058027666	0.002787226551713392	-0.0003548430775917261	0.023941641332881604	7.939561817218363e-05	0.0089076844520794	-0.0005658605916998125	8.541077057774908e-05
10.56	0.00025517767067599357	0.0002270830462349642	0.003186954619543889	7.348823537857877e-05	-0.0001013472786019706	0.002788289617967866	-0.01582028437589629	0.017795724565776223	9.858369268710867e-05	0.0073313643238362815	0.005379015840765793	0.00011504070746278385
10.57	4.867088874107e-05	0.0003365706396566947	0.0031877982727508856	0.00012317511876773005	-2.776899261905757e-05	0.002789227311819071	-0.023756745949991966	0.0031874473903178	5.888306016013443e-05	0.0021783759835614625	0.008733080231198152	6.096785694675216e-05
10.58	-0.00018132667316702702	0.0002853752365694238	0.0031882205367140728	0.00011365272881397011	5.916120640632334e-05	0.002789280280387904	-0.020344838582339604	-0.013027036246639803	1.0800392738220027e-05	-0.003979771144797182	0.007914665517333124	-4.088137686211013e-05
10.59	-0.0003247743440526408	9.723988906911463e-05	0.0031880569822984113	4.980694468450202e-05	0.00011752151958866474	0.00278856314460045	-0.007120036718806954	-0.023034130302258943	-3.433172422066145e-05	-0.008264379597957814	0.0032809693985981427	-7.650277545124493e-05
10.6	-0.00031242469267881443	-0.00013765590419572164	0.003186997834887807	-3.805315577305405e-05	0.00011955583649080635	0.0027878396338351795	0.009519248454244565	-0.021974049231385975	-0.00014275944555792902	-0.008572524324473368	-0.0028827667911953073	-6.30158965015255e-05
10.610000000000001	-0.00015008952829538113	-0.00030640560339132865	0.0031858678366590916	-0.00010777436046839946	6.432957280935389e-05	0.002787520109675123	0.021581086517696333	-0.010356425687521074	-7.279547743945681e-05	-0.0047907779735562326	-0.007700462590795291	-1.161485456911021e-05
10.620000000000001	8.413934188843544e-05	-0.00032812202944152395	0.00318575639083322	-0.00012607555267641626	-2.2035138751665232e-05	0.0027873573540233582	0.023318906539399477	0.0062135719068257605	4.08191503801521e-05	0.0012775030233540229	-0.00883051316808849	-1.875506591390211e-05
10.63	0.0002782875024852154	-0.00019241285337477158	0.003186529166657534	-8.415894708991627e-05	-9.79840076408141e-05	0.0027872671010566426	0.013883147241298641	0.019799634375024067	9.029562768479527e-05	0.006758009731522886	-0.005728099696748275	-5.49345787713299e-06
10.64	0.00033903807463592337	3.5272951178100446e-05	0.00318719501490487	-1.777460494426855e-06	-0.00012719327127545574	0.002787705500036603	-0.0022457939443906393	0.023844958020900982	4.0536594796534555e-05	0.009037410299661031	0.0001310684558558352	8.097159841735099e-05
10.65	0.00023724238544884578	0.00024601120491875094	0.0031873909117407268	8.165259827907693e-05	-9.531604308972385e-05	0.002788817382432006	-0.01723716033073745	0.016528557184716117	3.514781469046172e-07	0.006941981209943731	0.0059518161246980535	0.00012122228700060221
10.66	2.211325433623598e-05	0.00033892852573044204	0.0031873632499456583	0.0001256164632660321	-1.7787475337370746e-05	0.0027895127795281942	-0.02395427754161026	0.0012719836854648942	-9.642970587368079e-06	0.001496028556541325	0.008901353423970103	2.0847156511946163e-05
10.67	-0.000203210684426452	0.0002694034918523581	0.0031874766345257838	0.00010930909208410441	6.812047059321696e-05	0.0027893464977588513	-0.019231755385766193	-0.014593293397745982	3.2146611618188144e-06	-0.004630257679512148	0.007564042983408408	-8.00309251662928e-05
10.68	-0.0003310936329149685	7.066650440096088e-05	0.0031876491569708017	4.073156858948156e-05	0.00012150105152213577	0.0027883238785227694	-0.005282700261125708	-0.023488786033565127	-4.864981691392487e-06	-0.008524215275261184	0.002628319921045041	-8.844408263654861e-05
10.690000000000001	-0.0003002072589727658	-0.00016200456492049004	0.0031871846441040826	-4.7406347999185e-05	0.00011645034515613319	0.0027874877921174367	0.01119518212612121	-0.021089364409238223	-9.483790787757493e-05	-0.008377539085140343	-0.003615901952764323	-7.461598584176433e-05
10.700000000000001	-0.00012551896151751443	-0.00031688508798434305	0.0031861733922495384	-0.00011283224057332728	5.5323613425287025e-05	0.002787089936338822	0.0222775939316101	-0.008588028402803018	-7.699089298065506e-05	-0.004165077350530958	-0.008103253665264988	-1.0006041479508178e-05
10.71	0.00010930026941661918	-0.00031982732116774286	0.0031860233159969956	-0.00012412577836991612	-3.225898950278495e-05	0.002787215976676214	0.02273323239797094	0.008014683665716301	3.272382102760199e-05	0.0020051849163998325	-0.008682967868641813	1.4084238959634765e-05
10.72	0.0002921215806070645	-0.0001695695790165029	0.0031866809890119152	-7.596774107470274e-05	-0.00010420426280127433	0.0027875679197260452	0.012265465180073265	0.02077352395114238	0.00011381085760944025	0.007201657801150363	-0.005113576262738794	5.4881633980112886e-05
10.73	0.00033481871523536336	6.212226630794194e-05	0.0031876789187862097	8.409468490922494e-06	-0.00012659178484413888	0.0027883102875072437	-0.004116123801084118	0.02359292399935617	6.805180958022041e-05	0.008958685749430035	0.000830565656760744	7.232393248624121e-05
10.74	0.00021700177472803493	0.00026386648150521485	0.0031878632215340125	8.867667442646384e-05	-8.850896643720605e-05	0.002789020679620412	-0.01846534813456857	0.01506432323580351	-3.367876501446608e-05	0.006411022563218978	0.00645945211955066	5.774900623955384e-05
10.75	-4.6734843695790645e-06	0.00033902481590044237	0.0031872866799549297	0.00012628246598052692	-8.055702160580706e-06	0.002789598784923804	-0.023995262546790512	-0.0006614999732973836	-5.9339793256206147e-05	0.000790669632763863	0.008945664299613324	2.21182707136081e-05
10.76	-0.00022437089031143015	0.0002519301446199989	0.0031870458278985443	0.00010323300530344118	7.605844710811242e-05	0.002789142732697293	-0.01810072069647413	-0.01603834092117684	3.3580820032947617e-06	-0.005197762290149529	0.007164552125489888	-9.943785177552486e-05
10.770000000000001	-0.00033701192992156306	4.44845456639439e-05	0.003186968747844295	3.076797947176794e-05	0.0001235518977687584	0.002787906686910516	-0.0034896859950155753	-0.023708984703039004	-1.3997520819991977e-05	-0.008720253628906596	0.0019564295896943454	-0.00012444337013692064
10.780000000000001	-0.00028817290985333515	-0.00018420662623675618	0.003186650016322244	-5.702748926169863e-05	0.00011190348203579461	0.0027868359777143167	0.012837594090849095	-0.020085694947192277	-2.3788399908005507e-05	-0.008064591274821706	-0.004191094916060519	-6.693370442201764e-05
10.790000000000001	-0.00010099834487651255	-0.00032465880798237406	0.003186344492561997	-0.00011764810260625092	4.674148814252025e-05	0.002786691650965177	0.02302042253147557	-0.00681142884727957	-2.4439795532846773e-05	-0.0035471411015944873	-0.008285580246703225	1.2839082634767429e-05
10.8	0.00013470095115346694	-0.0003094357564619994	0.003186436145870796	-0.00012219541500920042	-4.05829664892828e-05	0.0027868914956700333	0.022120247325859613	0.009744118789945076	4.084162220310766e-05	0.0026885286664958467	-0.008448363839318657	3.0028650971859274e-05
10.81	0.000305696576420866	-0.00014573601319989424	0.0031869269604870654	-6.808297031291349e-05	-0.00010872256933731078	0.0027871669582663038	0.010640510511157837	0.021641229568986772	4.0392843896993486e-05	0.007684748711297444	-0.00458124065267756	3.3489067002113334e-05
10.82	0.00033006863677254467	8.790501375745353e-05	0.003187205731920521	1.8890898287620012e-05	-0.00012468229298444783	0.002787809952279309	-0.005994400634183318	0.023132525167990563	6.7847524149503e-06	0.008974247665742865	0.001528104397342637	8.523138890787037e-05
10.83	0.00019577249080164312	0.00027913701736073394	0.003187313175354222	9.67675099758453e-05	-8.09219517447252e-05	0.0027886696196689625	-0.019746714610549283	0.013527970045931419	7.050548777417312e-07	0.005957903896263663	0.006854854369509432	6.324622054367802e-05
10.84	-3.2509328064149905e-05	0.00033662005360552853	0.003187309322777913	0.00012801739401440367	1.4735061053818945e-06	0.002789149869390557	-0.024006390290778105	-0.0025115798019389336	1.4470193536467104e-05	4.2683341270081006e-05	0.008913687446869297	2.234739104201823e-05
10.85	-0.00024526713723048936	0.00023307336735427654	0.003187218494474212	9.788875249694533e-05	8.298718907225594e-05	0.00278886124746482	-0.016766115373246366	-0.01734289958739922	-2.372467783571672e-05	-0.005815494755086567	0.006711313798228302	-5.385176429675415e-05
10.860000000000001	-0.0003405146358799562	1.782676300650616e-05	0.003186936136459898	2.0864181773319746e-05	0.00012489488535286655	0.0027883223887587064	-0.0014982754324627933	-0.02388826854960855	-4.485100599534918e-05	-0.008924140236691554	0.0013072670787563575	-4.550363252563909e-05
10.870000000000001	-0.0002724742279594939	-0.0002056550537326215	0.003186512374826603	-6.627275818726687e-05	0.00010703854898804633	0.0027876885821713675	0.014515350762401126	-0.018946044753758922	-4.1210228872474555e-05	-0.007766148931087338	-0.0047398726239128485	-8.920540239573332e-05
10.88	-7.395653134639627e-05	-0.0003306992792496448	0.003186191880096918	-0.0001216146919114857	3.800520925052153e-05	0.0027872069622649483	0.02354249538929758	-0.004988458113018021	4.907341538750962e-06	-0.0028426495991353586	-0.00848422878003657	-4.280444400615651e-06
10.89	0.00015989270837586244	-0.0002974020576177748	0.0031866513481904946	-0.00011871811649807808	-4.8972658424829244e-05	0.0027869858465881725	0.0212965631128719	0.011368041751325629	6.602879306871499e-05	0.003404125477915228	-0.008197478447004927	-2.5908209776460922e-05
10.9	0.0003169667889903739	-0.00012151721948267313	0.003186992175074634	-5.876232670674924e-05	-0.00011246788534670473	0.0027869381182359463	0.00878744262062249	0.0223126980411239	1.0591274748094625e-05	0.00808331394101994	-0.003968819998553242	5.553411478747317e-05
10.91	0.0003215743575443126	0.00011254904850037845	0.003186792307806792	2.9581269643858443e-05	-0.00012187764327955031	0.0027880304555687597	-0.00788562320656469	0.02253306948686552	-4.629334852947043e-05	0.008850945188383441	0.0021350296851691	0.00013334807998080197
10.92	0.00017199119943351313	0.00029267223322071944	0.0031865297734028986	0.0001038666410876713	-7.327504548615093e-05	0.0027893223665813953	-0.020780142850137642	0.012005654544535765	-4.5635738415389816e-06	0.005379770481869136	0.007201796194774223	0.00010368448706347755
10.93	-6.0191515650365384e-05	0.0003330059627910567	0.003186638502133373	0.00012822454605196064	1.0570272966204489e-05	0.0027898303739304978	-0.023749698204597602	-0.004263316347797392	3.021087544431698e-05	-0.0007105052097811927	0.008843964024350387	2.8641065190117914e-06
10.940000000000001	-0.0002642913324697128	0.00021402739718620858	0.003186954093640628	9.113863338513256e-05	8.924839266548473e-05	0.0027895004223957884	-0.015344136439034647	-0.01854420820123975	5.177388385267374e-05	-0.006407284180425859	0.006208329185745201	-6.0790144899874664e-05
10.950000000000001	-0.00034187847051647707	-7.784635604256836e-06	0.0031872592324501538	1.0735928177108955e-05	0.00012472638405440145	0.0027890274539888755	0.0004373864381637153	-0.02394913545700053	-1.52878987067241e-06	-0.009010827754559383	0.0005984760005168067	-2.536661259208228e-05
10.96	-0.0002558715291181706	-0.0002258500095265941	0.0031868999659385965	-7.483932138947481e-05	0.00010021794216126592	0.0027886427671807994	0.016020448827013194	-0.01783847862428788	-4.687979233663039e-05	-0.007368053535925705	-0.005258179570220375	-6.176924418253194e-05
10.97	-4.763792950441756e-05	-0.00033550174656116547	0.0031865306360742422	-0.00012458466365372	2.769407013089317e-05	0.002787633978800536	0.023903054359735137	-0.003185774892555206	-2.6459663052160457e-05	-0.0021830227706899365	-0.00862291106321065	-0.00012431340419270594
10.98	0.00018344961963338144	-0.0002844549430428796	0.0031863702512849603	-0.00011457790620671681	-5.837928328275485e-05	0.002786527684416435	0.020388960071211007	0.012983041905688265	4.055561534295184e-06	0.004095929992572152	-0.007850172934604103	-9.163707259442456e-05
10.99	0.00032665960908150363	-9.677904621495382e-05	0.003186338534260413	-4.943817491703809e-05	-0.00011620142411298339	0.0027859377947957293	0.007050449906567515	0.02298498125269888	-2.165371562346036e-05	0.008407968288895144	-0.003230086994618414	9.238119987394795e-06
11.0	0.0003131226884068847	0.0001376035329544334	0.003186128308392979	3.9867510692378295e-05	-0.00011807222915723159	0.0027870549159561887	-0.009649898604631207	0.02191243593581621	-1.821497754955871e-05	0.008685703504677468	0.0028782708175304483	0.0001681315708912646
11.01	0.00014904451079319193	0.0003061662239986782	0.003186129153288362	0.00011003518012449133	-6.353421772842296e-05	0.0027886219946398564	-0.02174138442332402	0.010397434994073218	2.9888271609294547e-05	0.004756367306208573	0.0075709207071760825	0.00013111117293435488
11.020000000000001	-8.632997139114988e-05	0.00032856465085911047	0.003186613896769333	0.00012748325784462224	2.1356511533452095e-05	0.002789612631586145	-0.023372206482683008	-0.006122740837762241	6.556241767948177e-05	-0.001410327625882672	0.00867641584859486	6.894770172968779e-05
11.030000000000001	-0.0002805693604854611	0.0001937540462814525	0.0031871754844709646	8.41721492933472e-05	9.602002643282637e-05	0.002789896852256541	-0.013822733878932162	-0.01973584079798353	1.7112588050139983e-05	-0.00687030439433204	0.005651296735530976	-1.0307437544380987e-05
11.040000000000001	-0.00034025314493755577	-3.379744429443556e-05	0.0031868665045575945	1.0141461850767891e-06	0.00012511441597405363	0.0027895271424397423	0.0023817000060929326	-0.023889911267285253	-5.698236514799864e-05	-0.009054721572171456	-0.00011500673642853194	-4.4387700088238196e-05
11.05	-0.00023702136754737374	-0.00024515931087220103	0.0031863297394984086	-8.220791240183743e-05	9.42163012722685e-05	0.00278891536501766	0.017422387957529963	-0.016604645039778085	-4.121563656038234e-05	-0.00690404230982942	-0.00581428891177074	-0.00010823891710618668
11.06	-2.026344294569391e-05	-0.0003388677910288368	0.0031859316811366557	-0.0001259765398941889	1.7989247816203092e-05	0.002787584122934392	0.024120260893344642	-0.0013675660468835612	-1.7235974895916866e-05	-0.0014670966609748159	-0.008775637448682533	-0.0001443881522292035
11.07	0.00020606301753882283	-0.00027032127584072506	0.003186087768300792	-0.00010925121626134035	-6.70023095386734e-05	0.0027863315550163375	0.01923164833394937	0.014531761196813353	4.959614953928742e-05	0.004670801008697926	-0.007495929878068742	-8.686913609411654e-05
11.08	0.0003331557973634804	-7.186328435753863e-05	0.0031864621795806773	-4.0122735422483355e-05	-0.00011990286959260825	0.0027859407360340794	0.005125515738614429	0.023463861898680743	1.1097965675633244e-05	0.00858410443840117	-0.0026241077443869875	3.640849045765458e-05
11.09	0.0003002364382030986	0.00016104233439131414	0.0031868022883277665	4.827054839412238e-05	-0.00011504119920442348	0.002786771749963504	-0.011431486341698835	0.021136661087381412	3.48284805824868e-05	0.008372741379061964	0.0035479119375897445	0.00013566559549592306
11.1	0.00012327416598953002	0.00031637646649530207	0.003187192817160377	0.0001135705887707947	-5.4786808015317605e-05	0.002788149127808718	-0.02248861982511656	0.00867214934324324	2.977790699509435e-05	0.004139286192980361	0.00798705504817212	0.0001267068130572685
11.110000000000001	-0.00011282691592769096	0.0003201620746558549	0.003187469971232507	0.00012452852190094162	3.1812514388111126e-05	0.0027892112210904465	-0.022769377067917262	-0.007928368072574365	1.4785518900972654e-05	-0.0020621808980273043	0.008598184684163075	9.693869320046628e-05
11.120000000000001	-0.0002950262183377498	0.00017051584256603717	0.003187444075321112	7.57516931252756e-05	0.00010318838115815495	0.0027897275302169364	-0.012146719077908314	-0.020768336376951024	-4.196386852999565e-05	-0.007277886709780494	0.0050774196812705405	1.9572658492137664e-05
11.13	-0.00033588312734072063	-6.0950700651767986e-05	0.0031868060792348252	-9.290134157179282e-06	0.0001251924174299062	0.00278965246854091	0.004307102169275695	-0.023580551314527645	-9.906685398318399e-05	-0.009028541463295093	-0.0008768196619849722	-4.758942151054413e-05
11.14	-0.0002158537979655502	-0.0002630860654879471	0.0031858396096331345	-9.000833584278188e-05	8.723491815289264e-05	0.002788541132812313	0.018693057535690748	-0.01514223623091725	-8.14197040078038e-05	-0.006442779604440364	-0.006404040260696672	-0.0001469130196496447
11.15	7.654356819858349e-06	-0.0003392700181002454	0.0031855024926779893	-0.00012756507039283788	7.594501117479927e-06	0.002787039105626882	0.024136703840909893	0.0005258164549795748	1.1542551550732128e-05	-0.0007534689997182639	-0.008868575485545026	-0.00012770400396731624
11.16	0.0002277178762597533	-0.0002532615793174769	0.003185934814495267	-0.00010400697218697221	-7.586798258807008e-05	0.002786161660399056	0.018023787449978974	0.01597156338429853	7.238964410802052e-05	0.005281577251053556	-0.007132943026270541	-2.9480893357626396e-05
11.17	0.00033833606246923037	-4.573422503579388e-05	0.0031865588680781184	-3.039752957558059e-05	-0.00012329176874312638	0.002786404975416255	0.0031898312645822348	0.023786800655046014	6.357953284526133e-05	0.00882253275219491	-0.00194614697001555	7.224036450867792e-05
11.18	0.000286240785709579	0.00018377827327112201	0.003187117023729866	5.7886225261543455e-05	-0.00011160676168880892	0.002787820982197442	-0.013165396018974807	0.020167078113410963	3.239725882275663e-05	0.008082476151061689	0.004177595922307528	0.00016511541130779763
11.190000000000001	9.700576052428181e-05	0.0003248714077871864	0.003187408365240667	0.00011826533375033257	-4.660248601576782e-05	0.002789436247383484	-0.02310189445276326	0.006904777722300687	3.945833876170615e-05	0.0034491770413012045	0.008265099008593848	0.00014216847910772482
11.200000000000001	-0.00013878912296633704	0.00031072291941085397	0.0031875779009754917	0.00012171496933833237	4.02431322656922e-05	0.00279027629691043	-0.02208170102006764	-0.009614887035695324	-2.391776732355152e-05	-0.0027874243398308316	0.008379757449299603	3.0207036894768654e-05
11.21	-0.0003083529611468632	0.00014785027107845947	0.003186983975397418	6.69719831478965e-05	0.00010779419868391676	0.0027902639607288527	-0.010418309214848267	-0.021582605268059392	-9.611847245515484e-05	-0.007676440657647155	0.004541720216629523	-3.211309313958277e-05
11.22	-0.0003302145161846936	-8.593458586883484e-05	0.0031858991809400323	-1.953590782336917e-05	0.00012374739268341292	0.002789620946590632	0.006213765713273852	-0.023199168025864473	-0.00010278595023068748	-0.008899359729842524	-0.001481960728252329	-7.828554523816557e-05
11.23	-0.0001941809878494117	-0.0002785989464703096	0.0031853234332742206	-9.66021948590426e-05	8.072780214433944e-05	0.002788644409656641	0.01985525173055383	-0.013741506209791948	-1.6428793590530505e-05	-0.005874917116624045	-0.006758522588594254	-0.00010336613367110211
11.24	3.4868835637072666e-05	-0.00033822844696648806	0.0031857688160597196	-0.00012733345521329803	-5.163696794190127e-07	0.0027875978713484423	0.024033693734213143	0.0023184816650491913	9.740381023937034e-05	-2.3265067133751115e-05	-0.00883192130451398	-8.320944043557767e-05
11.25	0.00024709783836712615	-0.00023566870208867712	0.0031866839620954264	-9.72150708115113e-05	-8.158254653080628e-05	0.0027870856577725278	0.016631792152494242	0.017320563586855235	9.543546611928023e-05	0.005828171825251078	-0.006698534042132271	8.504149850668532e-06
11.26	0.0003405964982912419	-2.0122635299439e-05	0.0031874175924691346	-2.0171918438547224e-05	-0.00012340294174275016	0.002787523774787502	0.0013209774639603147	0.023996455326495737	4.4100721519624884e-05	0.008939984159546758	-0.0013260200475911877	7.718967418305508e-05
11.270000000000001	0.0002710980813807231	0.0002051838106990391	0.0031874448350414798	6.700874448778081e-05	-0.000105881104748494	0.002788495845165609	-0.014649063737808258	0.019186985046725943	-3.153169829472148e-05	0.007768390133465491	0.0046731000881423315	0.0001077797059653615
11.280000000000001	7.16688548888403e-05	0.0003324788392938823	0.003187044201722049	0.00012228399229764007	-3.7742469894973774e-05	0.002789332229256925	-0.023562691215877	0.005221658269623309	-4.5172159946930084e-05	0.002829536150810529	0.008394597240217839	5.8741824443743864e-05
11.290000000000001	-0.00016202291984211803	0.00030098661786886105	0.0031865850344562924	0.00011882390904322936	4.852345780653896e-05	0.0027895568491705	-0.021197991619603496	-0.011274513045508895	-5.552272656097527e-05	-0.0034852935838944827	0.008119859929254849	-3.640570923090935e-06
11.3	-0.00031775918768719546	0.00012523495811901525	0.003185872005543031	5.835381749677785e-05	0.00011143346756787326	0.0027895848348696256	-0.0086533949568646	-0.02241099076513126	-8.310710383750155e-05	-0.0080790123630179	0.003937642059726887	1.8143618070772567e-05
11.31	-0.0003214130766603742	-0.00011084920169770816	0.0031856169559320445	-2.9796272381889827e-05	0.00012107316696205267	0.00278949353686431	0.007967070032517745	-0.022827865903930294	1.6979831270764816e-05	-0.008805718581316417	-0.0021034171497017417	-6.198136055861176e-05
11.32	-0.00017139753621276676	-0.0002938933198442527	0.003186188330918875	-0.00010350981621537	7.283552252629897e-05	0.002788418092056444	0.020772145593198163	-0.012256998839113182	5.736654641706136e-05	-0.005341002392172834	-0.007142141916549923	-0.00013860199077207224
11.33	6.053661841291189e-05	-0.00033607812874542693	0.0031865941185209253	-0.00012782103324299993	-1.0600199166136805e-05	0.002787053574476788	0.023650839616812917	0.0041703631838079	2.624673683274186e-05	0.0006931601840361926	-0.008844338379201684	-0.0001205856536362638
11.34	0.0002636858980177278	-0.0002170427356936254	0.0031868514446237953	-9.078269788309612e-05	-8.942823285352268e-05	0.0027864392339165284	0.015257950318046365	0.01862531186506369	1.5752537856454227e-05	0.006411989859424405	-0.006259858508862925	-3.2067054427277607e-06
11.350000000000001	0.00034055214716833653	5.69001077854291e-06	0.0031871309932002983	-9.820249658397223e-06	-0.00012549638435731684	0.0027868836833068234	-0.0005207749674558883	0.024056615881018897	6.258941776483472e-06	0.009066691588510183	-0.0006612492852301074	7.162825519611588e-05
11.360000000000001	0.0002541541507623495	0.00022553035916728336	0.003186977513568438	7.579909189551156e-05	-0.00010158834620028977	0.0027877899327531127	-0.016027452745097717	0.018065693488757955	-4.995270224875884e-06	0.007338619503837549	0.005238685192953202	0.00011312824129404824
11.370000000000001	4.597620763031117e-05	0.0003374326452296458	0.0031868529670296087	0.0001252843178734	-2.89643295396974e-05	0.0027887971895771886	-0.023857331016422	0.003396144104798201	-7.716643133977538e-06	0.002120553181164733	0.008668395874579472	9.651912739340368e-05
11.38	-0.000184029861811474	0.0002880916368031179	0.003186631928758137	0.00011473375794825018	5.7514280570298106e-05	0.0027895894632061296	-0.0202273019092393	-0.012860937829488455	-3.0472599517352367e-05	-0.004156161589648089	0.007922401457365367	4.7443137016947457e-05
11.39	-0.00032588452398184714	0.00010100217561601284	0.003186219843608044	4.874080961097422e-05	0.00011670743474896436	0.002789355250759601	-0.006940338824849474	-0.022998079572898393	-1.6301486625833344e-05	-0.008489999506762803	0.003427429541134097	-5.212065980957595e-05
11.4	-0.0003116549005994161	-0.00013448263869896097	0.003186557645621012	-4.0788297606750146e-05	0.00012038199099664493	0.00278848840252296	0.009667337855192991	-0.022113636762332963	8.449644633160041e-05	-0.008680451627483099	-0.002725702008000132	-0.00012046906634964011
11.41	-0.00014805505100429756	-0.00030552954141187754	0.003187510418839545	-0.00011052585837722237	6.649653850230729e-05	0.002787330659345995	0.021658564509664645	-0.01063751835512198	0.00010406343756346342	-0.004683384400428573	-0.00762074357451722	-0.00011515693052954448
11.42	8.664464044106533e-05	-0.00032980661623648993	0.0031881463616784678	-0.0001271457700370846	-1.9696997779031404e-05	0.002786473664931357	0.023295479099361235	0.005980395730444902	3.2374006191017234e-05	0.001499817631032459	-0.008914855844335799	-5.162798376788038e-05
11.43	0.00027944946879645085	-0.0001957673319572098	0.0031877477998636813	-8.268752184852192e-05	-9.687013359824038e-05	0.002786645502643573	0.01366175178936214	0.019713534795227607	-8.451546767553198e-05	0.007032850628786075	-0.005864115504529495	9.916395394110275e-05
11.440000000000001	0.00033778247856596644	3.2572725332032405e-05	0.0031865335705436623	1.8075508546649222e-06	-0.00012767210011136511	0.002787912148739756	-0.0024711852125596533	0.024043668915457447	-0.00013264574241188916	0.009162846299173615	-3.3351140875339856e-05	0.0001272447114766002
11.450000000000001	0.00023418066649865595	0.0002456675279500523	0.0031855642446389576	8.536533655853508e-05	-9.734655187680218e-05	0.0027888752476919235	-0.017394961349373586	0.016786624650615176	-7.262373588518823e-05	0.0068434747523116604	0.005837232760512456	6.272293315133286e-05
11.46	1.8241472219393265e-05	0.0003411399217036208	0.0031849703529214326	0.0001275489229015154	-2.0555098987318338e-05	0.0027893151554485717	-0.02399719404307038	0.0014875312955897142	-3.177632627643009e-05	0.0012565721623912856	0.00888862942738761	8.201533390083392e-06
11.47	-0.00020644871071176087	0.00027301251033594163	0.003185097336973783	0.00010853952870449143	6.603436623107815e-05	0.0027891798097890636	-0.01906883784379465	-0.014534068456455272	7.412218521162228e-05	-0.004887640842855054	0.007698139485006422	-1.7344774919377864e-05
11.48	-0.00033226572359066714	7.400243666678596e-05	0.0031863995716140277	3.761199362228087e-05	0.0001208191005517974	0.0027886582012605645	-0.005048992590444767	-0.023595994577525228	0.0001564046566562968	-0.00867894510891356	0.0028253268472368067	-8.10453355436359e-05
11.49	-0.000298991179033713	-0.00016051821966953694	0.003187985391290016	-5.113270521282899e-05	0.00011768587657934467	0.0027875889216809483	0.011419624883706191	-0.021345580952978043	0.0001497773132339778	-0.008327113595597789	-0.003423062391849158	-0.00011521503016984672
11.5	-0.0001223472967859084	-0.0003181837090109354	0.0031888416152488393	-0.00011541437210047609	5.801881096175762e-05	0.0027867220805297224	0.02244509206128618	-0.008831217893919992	1.7767797618348852e-05	-0.003990946263762771	-0.00802328596353009	-5.185486728354791e-05
11.51	0.00011316794093765744	-0.00032276765328394024	0.0031878441792445545	-0.00012465535591839964	-2.9846104500993205e-05	0.0027867084127120483	0.022680646567440718	0.00795532199174319	-0.00019356500336516357	0.0022283129562230635	-0.008812899827886772	6.13611605165611e-05
11.520000000000001	0.00029423636959912135	-0.00017212680702253705	0.0031855524571785623	-7.425222424283526e-05	-0.00010400079601790775	0.0027877311639829187	0.01204178033429662	0.020905211706003072	-0.0002608578542529816	0.0074234242230017886	-0.005361048574582865	0.00010967815302969668
11.530000000000001	0.00033413392211927094	6.127477823710015e-05	0.0031833448193962287	1.1648647601011905e-05	-0.00012821131753936753	0.002788825304434081	-0.004367771952628885	0.02383051933582634	-0.0001397544937243804	0.009005770978024224	0.0007332866175974223	9.903457700759816e-05
11.540000000000001	0.000214184808216574	0.0002655900686095723	0.0031829199053188084	9.141803878520442e-05	-9.082824915606589e-05	0.0027893891798509113	-0.018626869373082045	0.015300092359492328	6.559867693431765e-05	0.006293106218296407	0.006417272930778985	6.190943134640183e-06
11.55	-8.283551980281183e-06	0.00034230159685169224	0.0031845908472104036	0.00012715804051515792	-1.0360366643953996e-05	0.002789328232467631	-0.023991404546678658	-0.000603230302042232	0.00024344141917901336	0.0005622213148259844	0.009024927688566655	-5.40727169327491e-06
11.56	-0.00022671476167422145	0.0002549535910642879	0.0031872641506701265	0.00010196628264388759	7.478156989810756e-05	0.00278919964192607	-0.01786060780847874	-0.01614218344828341	0.0002653615722814745	-0.0053913156494858686	0.007304221988841352	-2.7276494396240677e-05
11.57	-0.0003364534467963053	4.570587622780491e-05	0.003189248310901042	2.764502182802513e-05	0.00012382151437989236	0.0027887234784087596	-0.0031522019369988096	-0.02396938846245371	0.00013111828117659424	-0.008835386197188773	0.0020962196796068615	-7.62104114145349e-05
11.58	-0.00028458193095110804	-0.0001853727890328333	0.003189821416819103	-6.030047791366741e-05	0.0001133687209600267	0.00278771944626129	0.013079901846298892	-0.02028138440276764	-3.9958641718959e-05	-0.008023684085777104	-0.0041046582537647225	-0.0001061082505915297
11.59	-9.60112833338256e-05	-0.00032704705661621965	0.003188570863360651	-0.0001197064741515133	4.833515180902376e-05	0.0027867748834474997	0.023049845976320326	-0.006858124711461255	-0.0001967776701357264	-0.0033579369359084924	-0.008338526783315724	-9.24693349146287e-05
11.600000000000001	0.00013871537352321084	-0.0003116047955336447	0.0031862568948214207	-0.00012178933275694008	-4.007317135981955e-05	0.0027864376157938353	0.021913322876297773	0.009812709272669235	-0.00023260750747391949	0.0029701394838417424	-0.00859649432097329	2.67175946613475e-05
11.610000000000001	0.00030696381607883666	-0.00014685985697334374	0.0031843454938279584	-6.517246568889605e-05	-0.0001093554524393168	0.002787244543572425	0.010315352687551656	0.021767584960149768	-0.00011350023355765898	0.007857821231600113	-0.0046904964202719975	0.0001041166527054862
11.620000000000001	0.0003283852064942806	8.82792059425089e-05	0.003184184061569129	2.2486442060883956e-05	-0.0001263122724344735	0.002788415130492934	-0.00621151718644106	0.02328833183316139	8.372432459972667e-05	0.008946132564628622	0.0014428889518872448	0.00013003287905200518
11.63	0.00019282210203518343	0.00028130733151072887	0.003185870454031642	9.91061165249596e-05	-8.311730235668638e-05	0.002789393746001552	-0.01978269120068782	0.013683576733220945	0.00021327559840018592	0.005732547918541287	0.00684407677970139	7.797999251095586e-05
11.64	-3.5051413393437294e-05	0.0003397160617890417	0.0031876328054926896	0.00012793182194905203	-4.352483430279093e-07	0.002790044006216666	-0.02390686839251123	-0.0024903878413965017	0.00012580569286283323	-0.00020535783695283427	0.009018183843372723	4.850615515142898e-05
11.65	-0.000245998005020715	0.0002351190987913653	0.0031884161720914512	9.557412432288101e-05	8.255122542364427e-05	0.002790094581417099	-0.016520469497777794	-0.01753019709223776	4.111260932445834e-05	-0.005999368586821244	0.006877285157933025	-4.0825592635445556e-05
11.66	-0.00033887248405366335	1.772857621043476e-05	0.003188526355499519	1.7742303714232326e-05	0.00012590591188984523	0.002789087172849468	-0.0012907589972623857	-0.024108629692486856	-1.5247260488603877e-05	-0.008912484033638	0.0014485451461792652	-0.00016647140365200796
11.67	-0.0002695175266498486	-0.00020798769723048006	0.003187875752860799	-6.853873285621797e-05	0.00010899789583920556	0.002787362541857091	0.014590424036513684	-0.019160191531963	-0.00014381922454756902	-0.0076246862661505975	-0.00469076888239709	-0.00014863082344189574
11.68	-7.07574800144294e-05	-0.00033407968303860103	0.0031860512179970038	-0.00012252129735173907	3.969365796647556e-05	0.0027863166586483187	0.023476182943497282	-0.005006667384742601	-0.00019978118393620186	-0.002707718295790824	-0.008612382781006858	-5.070906598723712e-05
11.690000000000001	0.00016182950386890263	-0.0003002579906579346	0.003184501177702928	-0.00011793639457698897	-4.925532217134623e-05	0.002786494370917758	0.021074409308986786	0.011495647263855923	-0.0001190861042061464	0.003589564520073049	-0.00840450937717115	0.00010284817948997871
11.700000000000001	0.0003167918674145364	-0.00012256920124886737	0.003184170733768949	-5.6412027326308975e-05	-0.00011471530382610992	0.0027879431357840877	0.008612274837435875	0.0225425201357216	4.6453655623899284e-05	0.008174162722323968	-0.004157983280846075	0.00015942539127385727
11.71	0.0003202953942756948	0.00011412748077304112	0.0031855971146988768	3.1947415018372103e-05	-0.0001254501408498465	0.002789225404756222	-0.007937955126012568	0.02279154085679148	0.00023714661231369032	0.008738086789065866	0.002085181239908351	9.199692179382547e-05
11.72	0.00017052517318711397	0.0002963073208691342	0.003187955656262032	0.00010461973302304703	-7.62532463680127e-05	0.0027899594735166767	-0.02077814409899373	0.012106602666375275	0.00019758270432193852	0.005181789989522245	0.007333890816445394	5.3501441015199235e-05
11.73	-6.120536616317694e-05	0.0003363053634361966	0.003188989539890885	0.00012724994782841717	9.529602238900508e-06	0.002790009834561882	-0.023628668560606313	-0.004440798463396297	6.8839373655688565e-06	-0.0008343839249568653	0.00908812858204603	-3.039445271457636e-05
11.74	-0.00026359192071575643	0.00021486846587364752	0.0031884800401622026	8.903056826969242e-05	9.07212247329794e-05	0.0027893673341851184	-0.01515440057307306	-0.018801117113431184	-0.00011422159532602891	-0.006479588045265249	0.006484255578497868	-0.0001143908816264166
11.75	-0.000339549056990165	-9.42955452684406e-06	0.003186951812508142	8.043607670885898e-06	0.00012845477296902607	0.002787751488364071	0.0006007832408185161	-0.024171368211701967	-0.0001789330959089749	-0.009026785421833909	0.0007628384417549038	-0.00018661407420985418
11.76	-0.00025266529519802044	-0.00022920283073421063	0.003185135225895362	-7.68076974761455e-05	0.00010474057995677122	0.002786469688410037	0.016063707464281145	-0.017927443838618724	-0.00017533790106341474	-0.007242175641175648	-0.0053252771139068	-6.538815518194645e-05
11.770000000000001	-4.4474696584029466e-05	-0.0003387909607978906	0.003183625037183296	-0.00012494820416518101	3.070940530321834e-05	0.0027864880809534945	0.02382017468446753	-0.003070267011891375	-0.00011485053600714427	-0.001968520778617988	-0.008862282459774697	7.957641873005798e-05
11.780000000000001	0.00018507540197383046	-0.00028593970731574805	0.0031835260801295964	-0.00011331386574615573	-5.807945692707328e-05	0.00278783087704141	0.020159386366878973	0.013197869871117327	8.00978089413404e-05	0.004175306992415691	-0.008136728639953886	0.00016840398688370645
11.790000000000001	0.00032622236308315976	-9.64208287202121e-05	0.003185216658170103	-4.82077590926934e-05	-0.00011876336349036201	0.0027896720981621494	0.006867560323658227	0.023164941163390164	0.00020415072255967832	0.008319520172680834	-0.0034781615011812705	0.00015930362331031158
11.8	0.00031095849254589156	0.00013939603678859554	0.0031875062314986945	3.9510229494018596e-05	-0.00012224337163604972	0.0027910419841629865	-0.00979212634119487	0.022005408535236456	0.0002175951831340521	0.008505347095354856	0.0027979770453303594	8.10796952096798e-05
11.81	0.0001467554693575589	0.00030823205963430696	0.003189102408542863	0.00010795552912259445	-6.7410986188712e-05	0.0027913523207036806	-0.021720551662712088	0.010321605874527894	9.120459561613611e-05	0.004620367162578573	0.0077145109012119305	-5.114470118835027e-05
11.82	-8.800249185734611e-05	0.00032927016193524115	0.003188838000083013	0.00012445673717002557	1.9624026729799977e-05	0.0027902522594236887	-0.023253595858470658	-0.00628737130563963	-0.00013641609570334216	-0.0014569666348628447	0.008956033217473043	-0.00017693722357645485
11.83	-0.00028061060384712447	0.0001926503697799505	0.003186836929910002	8.12070937164169e-05	9.726498445388287e-05	0.0027880296422452752	-0.01364388405318445	-0.01989857910317601	-0.000213299682872101	-0.006842843819042339	0.005916462064586339	-0.00023762422273493133
11.84	-0.0003383724678659785	-3.634451543083585e-05	0.0031849770216881203	-9.942389494119914e-07	0.00012813995773465055	0.002785956746668643	0.0025766454590308665	-0.023971773052798902	-0.00013630461022731016	-0.008905090611190651	1.0805085550519863e-05	-0.00015583772390891163
11.850000000000001	-0.00023340023356989905	-0.00024792983545190306	0.0031841233514568724	-8.271559861391309e-05	9.741006129232043e-05	0.0027850941219888185	0.017525066830777446	-0.016538766939065204	-3.0356470751344446e-05	-0.006728743286895876	-0.0058968535109799325	3.1260769644652188e-06
11.860000000000001	-1.6516260501821492e-05	-0.0003404012438155012	0.00318456786293832	-0.00012473444620972148	1.96721602300039e-05	0.002785962513142916	0.02402784951479744	-0.0011742319711727314	0.00010607424765758918	-0.0013066827108878698	-0.00897881271204296	0.00017780656247421076
11.870000000000001	0.00020832896452033456	-0.00026969872558243644	0.003186000135408298	-0.00010668429222593613	-6.74788990075795e-05	0.002788047373847857	0.019049196870495066	0.014730555247284659	0.00017587140628584115	0.004762162162774724	-0.007726705132054737	0.00022966342277968392
11.88	0.00033339611872842603	-6.959507418586207e-05	0.003187578183905441	-3.734968583440803e-05	-0.00012194651683542118	0.002790048957890191	0.0049323037493914776	0.023622158637678182	0.0001239999464859005	0.008482598857620304	-0.0027184792253610174	0.00017661692853775216
11.89	0.00029881623809004267	0.00016424055429947293	0.003188174007317453	4.9657624475056466e-05	-0.00011762784589870711	0.0027911149792124905	-0.01156496354060501	0.0211687065253442	8.910964397438297e-06	0.00817528503339529	0.0035480395358888214	4.4900706505630414e-05
11.9	0.00012080445769684209	0.00031940917984724863	0.0031876047226203383	0.00011267113336729569	-5.707689465853745e-05	0.0027906166679838905	-0.022544539702754135	0.008570838315963066	-0.00011261778982880575	0.003907711251407634	0.008054041983051655	-9.495345472399595e-05
11.91	-0.00011537451839178674	0.00032164180023404765	0.0031863229301359202	0.00012138341716830057	3.041953467042792e-05	0.002789140911595927	-0.0226947098227501	-0.008139809348880525	-0.00010038073632273493	-0.0022175782779186685	0.008724685086546181	-0.0001649282229357073
11.92	-0.00029619567515000135	0.00016966427644877103	0.0031855788311731565	7.195846812324572e-05	0.00010317917935241692	0.0027873575076849404	-0.011981469362093078	-0.020969529715981438	-3.873807721290121e-05	-0.007248398531478329	0.00522822486463966	-0.00017119262152752917
11.93	-0.00033530431580236584	-6.360054172227777e-05	0.0031855554932067047	-1.1779697785284952e-05	0.00012625052474320736	0.002785947881503111	0.004496588641578936	-0.023741081795158412	3.060334201901512e-05	-0.008807363836935407	-0.0007848488007889136	-9.999280540216435e-05
11.940000000000001	-0.00021372703093497472	-0.00026612687853937227	0.0031858402888527296	-9.000470033809061e-05	8.850913880305822e-05	0.0027857984400933206	0.018796802469633566	-0.015070013135637486	4.6735272998936824e-05	-0.006177552087614694	-0.006457126783427441	7.118134211848778e-05
11.950000000000001	1.0216291004466072e-05	-0.0003406165046500368	0.0031864921764652764	-0.00012517744803780756	7.88222136508377e-06	0.002787176786522656	0.024112107606417223	0.0008059319613662088	6.748201940063683e-05	-0.0005644244761102888	-0.008986516402322366	0.00019637725970004122
11.96	0.0002294917142641257	-0.00025171365428416437	0.0031871141288483825	-0.00010029628849534133	-7.654048544980147e-05	0.0027891106126247812	0.017889387349683667	0.016239871036629727	4.147275667837615e-05	0.005318691101682829	-0.007179138626953583	0.00016723816371540815
11.97	0.00033880089085399365	-4.1931596726214545e-05	0.003187493834569542	-2.7506709036434285e-05	-0.00012395670659637878	0.002790170179804168	0.003049670957393558	0.023947380571816466	2.8656645227360847e-05	0.008621964144680543	-0.0019258017223373661	7.323123564390836e-05
11.98	0.0002858412726749925	0.00018838598729247003	0.0031875614247941623	5.822527578796739e-05	-0.00011212306493033343	0.0027904724328402146	-0.013215626740531809	0.020169674033954782	-1.1073722175520377e-05	0.00780414233253037	0.0041982108803198985	-1.877414966806973e-05
11.99	9.599330539146426e-05	0.00032852545954246753	0.0031872903024465016	0.00011566289943261096	-4.665890793027223e-05	0.0027898089895317846	-0.023166905592222193	0.006687018440665817	-5.410133479304047e-05	0.0032024129287593667	0.008363979964853654	-8.424692383814832e-05
12.0	-0.00013935594947014722	0.00031105724496971373	0.0031867739106430796	0.00011744807135344648	4.1028725586370996e-05	0.002788586385649012	-0.02193940788844892	-0.010009135683652174	-4.989711207340426e-05	-0.002877022059767379	0.008444377720819912	-0.00016797414607194755
12.01	-0.00030752964082187805	0.00014472365618857015	0.0031866723516683427	6.298430998555377e-05	0.00010864065889074325	0.002786922789838907	-0.010284673167589808	-0.02185660262550668	9.854987052795588e-06	-0.007569023349334779	0.004521731157348031	-0.00013739495510829415
12.020000000000001	-0.0003282372443950632	-9.101332181456674e-05	0.0031868034196090187	-2.1878078335992986e-05	0.0001241143387663221	0.0027859163373167685	0.006315779152776396	-0.023274237798006903	6.971535971720298e-06	-0.00870419485791777	-0.001575416370633006	-5.3754608508942596e-05
12.030000000000001	-0.00019143281585039514	-0.0002828348126044247	0.003186705169120262	-9.66310778700742e-05	7.962065019853062e-05	0.0027861074691875945	0.019874038828052793	-0.013487086051572601	-3.975922240667032e-05	-0.005613208195573691	-0.0069556975222384715	0.00011711984847194634
12.040000000000001	3.698808874988388e-05	-0.0003388465234632168	0.0031862131199116876	-0.00012496928132858933	-3.2818719300770083e-06	0.0027876652006311245	0.02387917449544697	0.002732640417418695	-4.445651903996473e-05	0.000204048273366197	-0.008931955875668777	0.0001936554574667949
12.05	0.0002475878864649643	-0.000232766025860365	0.0031860924412419173	-9.314290267239324e-05	-8.440233407549285e-05	0.002789417013947616	0.016459668143379076	0.017616348254119008	1.879406103673215e-05	0.0058956636718482495	-0.006623131136122914	0.00012942203241238196
12.06	0.0003396584222785149	-1.5202895988034732e-05	0.0031866423743364663	-1.686470281289254e-05	-0.0001249540546005256	0.002789943195036409	0.001202830274439591	0.02407083595188672	8.18156602578467e-05	0.008734816075312275	-0.0011502291039354388	-2.107707759152998e-05
12.07	0.0002691365625706684	0.00020946804140654435	0.0031873457916404557	6.749293717089998e-05	-0.00010564689011344836	0.002789191003602673	-0.01471158154509899	0.018993424925377974	7.993553293751747e-05	0.0074173441286591625	0.004815396413214097	-0.00011043557608514407
12.08	6.94625911443868e-05	0.00033378582198035375	0.00318773918383486	0.00011946777408792438	-3.6162383587646886e-05	0.0027878476053872464	-0.023523706369299437	0.004855346273961052	1.4665456152144803e-05	0.0025520182995856944	0.008502593011191151	-0.00015669574530136098
12.09	-0.0001634698273482909	0.00029848182971355715	0.0031875025536828353	0.00011416482901603696	5.076070564093024e-05	0.0027864555616149457	-0.021098977897606418	-0.011594389107161858	-3.762585274371703e-05	-0.0035693228385815278	0.008163567676351822	-0.00011611780413941125
12.100000000000001	-0.0003178225282254302	0.00012060711689662432	0.0031868507906962036	5.397563881637709e-05	0.00011339895625153237	0.0027857076156005784	-0.008496033186978705	-0.022481084553762187	-8.591133252923868e-05	-0.00793614746768871	0.0038259663484879604	-4.4309358792522337e-05
12.110000000000001	-0.0003194334085345723	-0.0001147602975520966	0.003185981744762056	-3.1991062636490496e-05	0.0001215203377110395	0.0027858761230663133	0.00817095185223548	-0.02260302706534192	-6.292770468012614e-05	-0.008533279125259356	-0.0022642526154112467	9.071700622915138e-05
12.120000000000001	-0.00016758485539538414	-0.0002949314349722925	0.0031858788037123836	-0.00010278838458517532	7.158676797670303e-05	0.00278733525021389	0.02089722754227101	-0.011915058474279804	5.1205142819214044e-05	-0.00502455827862455	-0.007300797041053654	0.0001906661696405262
12.13	6.437075284984554e-05	-0.00033379428301476456	0.0031867736682003552	-0.00012446750198936388	-1.2486085218209295e-05	0.0027891235624375415	0.023544660970963475	0.004481668690711947	0.00011449479532993126	0.0008692486226033975	-0.008799379572433675	0.00015245958068610602
12.14	0.0002653310778560135	-0.00021255590709038226	0.003187730078409919	-8.667774537871177e-05	-9.012339018937042e-05	0.0027904570357225726	0.014954818301461404	0.01874314964420484	8.469905185468931e-05	0.006362959384493956	-0.00606617233833493	8.193021259991037e-05
12.15	0.00033932263334502354	1.0261804490256434e-05	0.003188483711161752	-7.5975560703607894e-06	-0.00012425847204433483	0.002790456189746433	-0.0007962873741149429	0.02396974950813514	4.784017372096199e-05	0.008795073373270233	-0.0004863581809698961	-6.858364216547126e-05
12.16	0.0002509943158799783	0.00022812054254650867	0.0031885594197760773	7.474962959312367e-05	-9.913278735997427e-05	0.002789165948979596	-0.016146699320369953	0.017774990318628208	-2.3393803776985285e-05	0.007007825502809772	0.005319917014754863	-0.00017325690952970787
12.17	4.2632987977483266e-05	0.0003367628075880661	0.0031879228028344505	0.00012118779982690385	-2.6620438049512614e-05	0.002787168461558099	-0.02377053608083106	0.003031553545509083	-8.576410284078683e-05	0.0018992246365971434	0.008575454838583138	-0.00021182803468397236
12.18	-0.00018572778518397993	0.000283796749231732	0.0031869257197424854	0.00010962484134134564	5.841500363731367e-05	0.0027855201238931268	-0.02000732620023637	-0.013163696019303584	-9.541452425615703e-05	-0.004137170997131385	0.007740380515305145	-0.00010258529358783116
12.190000000000001	-0.00032482523620293595	9.480897037972336e-05	0.003186241469045856	4.51823195483354e-05	0.00011565412292628658	0.002785078607705797	-0.006649641327852791	-0.023034734128074025	-3.1515931858599615e-05	-0.008197041576506695	0.003199419416396659	3.6635913293838374e-05
12.200000000000001	-0.0003081185512652625	-0.00013929332974742088	0.003186336594632392	-4.1237873166775766e-05	0.0001173014583833545	0.0027858939874744163	0.009853410139201229	-0.02183556693966874	4.93586923869555e-05	-0.00834971839159594	-0.0028880673852738647	0.00012372739534719827
12.21	-0.00014373537777538124	-0.0003066930426522423	0.0031869558500863	-0.0001080183757588876	6.27115187907543e-05	0.0027872397140284795	0.021647348159013258	-0.010232836342713806	6.253030482784614e-05	-0.004448155501067522	-0.007581858747868241	0.00014098380096950843
12.22	8.972089543273611e-05	-0.0003273466719974656	0.003187573083626433	-0.00012287614472414115	-2.2099157336471156e-05	0.0027884375444456	0.023084598794253588	0.006281615676997195	5.490348209646335e-05	0.0016029377001283171	-0.008656149263128922	8.146870317728158e-05
12.23	0.0002803373502808519	-0.0001911345147624156	0.003187848212628817	-7.857749314780774e-05	-9.653063652966354e-05	0.0027888045313843595	0.013444602191961027	0.019816402187987574	-2.3496113615767744e-05	0.006860454571035863	-0.005594784620889727	-7.360143787008192e-06
12.24	0.0003368461505300452	3.6768801523429514e-05	0.0031874419720365763	3.2550157107326536e-06	-0.00012461362692023077	0.002788575636124583	-0.002615385383853914	0.023866881545021465	-5.56317540086653e-05	0.008834250486573346	0.0002093426895387625	-7.17608217672462e-05
12.25	0.0002321099529380768	0.00024745632729900307	0.003186877116323947	8.355336490024329e-05	-9.299474367587395e-05	0.002787572161089972	-0.017444839217184656	0.01650985731106675	-6.048930350808905e-05	0.0065546891233393715	0.005871163441755462	-9.841863382774267e-05
12.26	1.631935739606235e-05	0.00033996277154843584	0.003186187514933003	0.00012368594441534913	-1.6878235149561834e-05	0.002786610332753992	-0.023895708865498366	0.0012056300642153644	-5.3556796293787704e-05	0.001142906336739847	0.008737270484173953	-6.495993028484972e-05
12.270000000000001	-0.00020690333190123228	0.00026961821868540757	0.0031861160521789453	0.0001044551282786927	6.757308390370957e-05	0.00278634293364885	-0.018875830118190703	-0.014698164933882797	3.909642626966655e-05	-0.004828125033422011	0.007453680757631093	1.0807170212200222e-05
12.280000000000001	-0.00033054864942756875	7.009327901897671e-05	0.003186739861033784	3.4808222956002194e-05	0.00011981213938935028	0.0027865616717504854	-0.004829147417785925	-0.023534186878394127	7.486789221295612e-05	-0.008504743069445871	0.002558831443198281	3.8489634360230764e-05
12.290000000000001	-0.0002959366918100486	-0.00016305515178996878	0.0031877500707899833	-5.1629609178518695e-05	0.00011460062337122304	0.002787114717766113	0.011467407796484084	-0.02112532576609463	0.00010273526440442691	-0.008041179908493616	-0.0035318147133967773	5.878579435093541e-05
12.3	-0.00011973088711434597	-0.0003177778740754911	0.0031884325330944962	-0.00011323611474025728	5.461165659983366e-05	0.002787828309698417	0.022311463861686896	-0.008524895729018857	3.7649494206810104e-05	-0.0037519496028212795	-0.007953680299931534	7.06266300930807e-05
12.31	0.00011410576402215836	-0.0003198999022285341	0.0031881596425567434	-0.0001204703620222502	-3.154731270137844e-05	0.002788352709656627	0.022477562179651477	0.00810739875566459	-7.556813223264145e-05	0.002336224621370184	-0.00855161389938062	2.2834021405537504e-05
12.32	0.0002933357236552444	-0.00016892642425678524	0.00318725671905146	-7.020701789630967e-05	-0.00010274260237895305	0.002788398719938611	0.011867707681548751	0.020813334389069123	-8.915014783430251e-05	0.007264509950137139	-0.0050803878736538684	-4.820355520550439e-05
12.33	0.0003322452832926289	6.263689669252274e-05	0.003186543484285417	1.3577230710834005e-05	-0.00012475900574973687	0.0027875551979909194	-0.004409237259594056	0.023548930590316895	-3.6123178367826185e-05	0.008761093308039659	0.0008903109000985185	-0.00010912167161824801
12.34	0.00021232204867952138	0.00026398904102389826	0.0031866515663386144	9.084578493044932e-05	-8.655555982245758e-05	0.0027866687461656652	-0.018569922276058647	0.015042439694290099	5.146979318596687e-05	0.00605760995993702	0.006414645963431496	-7.086829754023026e-05
12.350000000000001	-9.016036734801422e-06	0.00033877874657128513	0.003187217939755012	0.00012481065268788637	-6.626371583678904e-06	0.0027864040930016053	-0.023831465505594233	-0.0006994169640928301	6.695388334667957e-05	0.0004444603652631762	0.00888377487820668	4.711932282540882e-06
12.360000000000001	-0.000225626476919828	0.00025115624785719787	0.003187653251454943	9.87898288275328e-05	7.676763117277792e-05	0.0027867086063956335	-0.01767644101640116	-0.01610758741566922	7.408351194271655e-06	-0.0054169377384819285	0.007107647716283897	5.461977412768783e-05
12.370000000000001	-0.0003341994181533086	4.3058360696801346e-05	0.003187864054856	2.5285040969515225e-05	0.00012352904342938285	0.002787052408847214	-0.0031375063281370184	-0.023789517315911363	2.1779627368163485e-05	-0.008669474908181558	0.0018628906348114997	3.738579125719529e-06
12.38	-0.00028303249891825926	-0.00018565069618460816	0.0031879124780369913	-6.051692908848059e-05	0.00011113660529891746	0.002787067327630296	0.012954606663724895	-0.02002669533367882	-3.128256704538275e-05	-0.007756493055658513	-0.0042554380678370305	1.1150499485998787e-05
12.39	-9.602547387555948e-05	-0.00032494635914332776	0.003187318297226796	-0.00011748101906300943	4.529769905774329e-05	0.0027871291071352128	0.022882021624661908	-0.0066705486046294196	-6.634818602402492e-05	-0.003147449644607547	-0.008346939711757847	-1.3442784216277609e-05
12.4	0.0001373004417027297	-0.000308604541552205	0.0031867712097166812	-0.00011820040086358882	-4.201648638570558e-05	0.00278720307692204	0.021836799556338656	0.009798639468837063	-2.062285538349606e-05	0.002991311774425873	-0.008407060414122381	1.7481627490297702e-05
12.41	0.0003052572360599332	-0.00014473128954357571	0.003186841125923063	-6.240976757440213e-05	-0.0001090896204448959	0.0027875060601439145	0.01036033705443799	0.021589441657348805	3.346262735421776e-05	0.007698960372901135	-0.0044559138350969505	3.009163138650936e-05
12.42	0.00032736495626717413	8.816902459497982e-05	0.0031875641636429897	2.3353532274196637e-05	-0.00012390824529835947	0.002787726932309467	-0.006144338975755975	0.0230556520687407	7.707102283894868e-05	0.00872947948962539	0.001617814309165144	1.972009027773155e-05
12.43	0.00019225876387740082	0.0002788664561726675	0.0031880994345207295	9.793286620309316e-05	-7.934622033227755e-05	0.002787801085261124	-0.01972803817292037	0.013511233016802234	3.055565626641002e-05	0.00556020392631686	0.006932096011628639	-1.1871922297073761e-05
12.440000000000001	-3.507845287030951e-05	0.00033603493729009377	0.0031882163865108843	0.00012554321607691226	3.3587552553378865e-06	0.00278759155899886	-0.023822786850947693	-0.002539870116131181	1.2685982222693311e-05	-0.0002904490489651294	0.008944621269286211	-2.544371692337087e-05
12.450000000000001	-0.000245560059264781	0.00023229506029994812	0.003187913862976021	9.271776005112753e-05	8.448672275569102e-05	0.002787301658998537	-0.01648695889326658	-0.017342673188032818	-6.991660657638447e-05	-0.00598161863134426	0.006619445768592356	-1.8544704161539767e-05
12.46	-0.00033823102002167787	1.719478571700583e-05	0.0031871224575884946	1.532381991547647e-05	0.0001250806793136018	0.0027871056551040207	-0.0012787235063344714	-0.02384477796985307	-7.587562534700283e-05	-0.00882289350728156	0.001173571191468165	-2.3034620054416777e-05
12.47	-0.00026898445514341417	-0.00020602375740272813	0.003186627115376924	-6.938423956436685e-05	0.00010604497697024818	0.0027870538473677795	0.0145709099903985	-0.018918120159295376	-3.567248841533617e-05	-0.007429757905461672	-0.004847903946366745	2.0964186010618913e-05
12.48	-7.049963148083273e-05	-0.0003306971531462885	0.003186678388759689	-0.00012087478266793978	3.613986882046642e-05	0.0027873150169961387	0.023455797956803755	-0.0049793399493980655	3.945086330033889e-05	-0.0024572833747358628	-0.008528862169224116	2.9170968746893156e-05
12.49	0.00016209419636163233	-0.0002972796291121306	0.003187123516187444	-0.00011472486991603779	-5.076969579687715e-05	0.002787698543250167	0.021084436385720204	0.011395294611152223	2.5551509196854616e-05	0.0036572845263063217	-0.008102670680424449	2.082209512167956e-05
12.5	0.0003168891206738092	-0.0001214987156508566	0.00318741701276216	-5.367094218491291e-05	-0.00011323575217052774	0.002787834191005875	0.008584771264622457	0.0222858896942585	3.084103693141332e-05	0.007993600381039457	-0.0038670551897639076	6.181253149687731e-06
12.51	0.00031966977608953456	0.00011227119751441967	0.003187746601390764	3.2768216938630385e-05	-0.00012173663036307466	0.0027876124462260445	-0.008064072277798932	0.02250839580786752	2.997974299620141e-05	0.00854564338436648	0.0022523694570583835	-4.0838367293883836e-05
12.520000000000001	0.00016902003901569687	0.0002921495365943786	0.003188209152948974	0.0001033441667949656	-7.201082122720054e-05	0.0027872945360687376	-0.020789182497277802	0.011961468412813127	5.727526596476459e-05	0.004988261492687761	0.007274676304764925	-2.7284246952642538e-05
12.530000000000001	-6.237890591761644e-05	0.0003320768236030546	0.0031884898184273503	0.00012438836039425647	1.2345317387560921e-05	0.002787107263770277	-0.023541284611661998	-0.004323868008562454	1.3754424071138501e-05	-0.0009683164507907108	0.008882314178857062	-2.9022077915677204e-05
12.540000000000001	-0.0002638672298997136	0.00021262293079900638	0.0031882931671568544	8.540430391751232e-05	9.106814857286684e-05	0.002787035673925806	-0.01505214999228207	-0.018570739492097133	-4.866131531798682e-05	-0.006516245723119009	0.006185509254556427	3.12687511417464e-05
12.55	-0.0003390854293678186	-8.925957597106518e-06	0.003187993770507756	5.085931475432261e-06	0.00012602263118970003	0.002787351064829347	0.0006601274526505508	-0.023886265773887493	-4.277980615959324e-05	-0.008868009598460434	0.0005038121578470755	2.9701792442524454e-05
12.56	-0.00025172507304146476	-0.0002262856823985673	0.003187495354403406	-7.767130317448765e-05	0.00010061522694167982	0.0027878052592360063	0.016077612344126586	-0.01774468004721874	-6.139132608820244e-05	-0.006982385525191991	-0.00539547384764861	4.60901478342694e-05
12.57	-4.372855334250816e-05	-0.0003353566440245071	0.003186833066823377	-0.0001233750947562841	2.714883074893822e-05	0.002788012600090068	0.023788522478113625	-0.003149118400860184	-6.602577669912657e-05	-0.0017491898583263843	-0.00869122964249768	-7.31897731767609e-06
12.58	0.0001852436841959621	-0.0002839520766435758	0.003186268458594602	-0.00010985091439590224	-5.904954991883054e-05	0.0027876342431276757	0.020105267092845817	0.013007221576779525	-1.0984743560964306e-05	0.0043308927597628544	-0.007823522258527166	-7.05794211625559e-05
12.59	0.0003256111357482994	-9.652732482000495e-05	0.0031866586465222144	-4.3768349191009216e-05	-0.00011667357006487187	0.002786775069339038	0.006822451171849602	0.02291337962718929	0.00010896116615615218	0.008331450817509065	-0.0032171920819768656	-0.00010493672267921789
12.600000000000001	0.0003104681348021477	0.00013705771945864522	0.003187753126102785	4.321012405282498e-05	-0.00011819436714859211	0.0027862133595287874	-0.009734095879295966	0.02184152551939678	8.542306353251842e-05	0.008316705241039592	0.0029051786452034063	-2.343242312137849e-05
12.610000000000001	0.00014651641551345962	0.00030490576671664103	0.003188570516964352	0.00010945261782699723	-6.27743133681749e-05	0.0027862684680544617	-0.0216867724165561	0.010310136083028934	7.716072740703397e-05	0.004369658399892093	0.007708074393598605	4.79034126787308e-05
12.620000000000001	-8.776336288986207e-05	0.0003263925517984193	0.0031886984312860197	0.00012351900924737237	2.312958864944486e-05	0.002786877930599643	-0.023199430966107038	-0.006168690712484457	-3.807672129605028e-05	-0.0016853328991752584	0.008759853643194891	7.380296664118619e-05
12.63	-0.0002798679525591215	0.00019140940234757962	0.003187763778240273	7.825962838771722e-05	9.811172295844049e-05	0.002787885371228043	-0.013630746071798504	-0.01970824289769241	-0.00012251191705650005	-0.006969279338447436	0.005614861754624677	0.00010406624237584025
12.64	-0.0003380251360197561	-3.5351433723739894e-05	0.003186736968907905	-4.132675925942944e-06	0.00012615940436414426	0.0027887228899952364	0.002520103659573268	-0.02376516527435557	-9.845660577217299e-05	-0.008847389241654242	-0.0002390241300006915	3.986149938314276e-05
12.65	-0.00023388096958053766	-0.0002450553517776734	0.0031861479528303787	-8.42517627515284e-05	9.380247763031618e-05	0.002788692435337957	0.017414884506836318	-0.01640086959877305	-2.923049256874676e-05	-0.006500747082898905	-0.005944829876563491	-4.449742702011905e-05
12.66	-1.8049215094022457e-05	-0.00033699546685139986	0.0031862455574371016	-0.00012387296538446093	1.689304770484883e-05	0.002787878406909301	0.023972320256267627	-0.001199423347682089	6.148770438630825e-05	-0.0010843987731589198	-0.008797981772360356	-0.00011751162081574122
12.67	0.00020648880070780502	-0.00026771062993416624	0.0031873277364172013	-0.00010426953988890978	-6.799687799678922e-05	0.0027867326888005584	0.019043189382215858	0.014500119363919928	0.00014744434431437307	0.004855984915738335	-0.007446649097896717	-0.00010017819592977711
12.680000000000001	0.00033208073668246775	-7.04195360435513e-05	0.003188742881845766	-3.459335220532614e-05	-0.00012015434468565967	0.0027860672077225073	0.005008650873055308	0.023304807096225566	0.00012819675703056274	0.008504445171378454	-0.0025501987360843728	-3.137527652737456e-05
12.690000000000001	0.00029818609110113465	0.00016049771741312956	0.00318944686838795	5.194480814975551e-05	-0.0001146355369752547	0.002785813776345125	-0.011487857021017029	0.02093670969955379	-1.5325740252675414e-05	0.008083741077401027	0.003613049928806147	8.251126325634686e-07
12.700000000000001	0.00012097485346688188	0.00031417666149219473	0.0031889195074141547	0.00011378566274980857	-5.373764898637437e-05	0.002786389315659006	-0.02246323482422399	0.008526889774866495	-9.027705597402769e-05	0.0037577786363889453	0.008047508739474915	0.0001112229960535567
12.71	-0.00011429663627483456	0.0003171004924844125	0.0031874959661279704	0.00012073188840765119	3.287355799700941e-05	0.002787508589055487	-0.022630082024277635	-0.007953146346959183	-0.00017540894163944187	-0.002416327312978767	0.008572483963025578	8.910782861508682e-05
12.72	-0.0002951004905792451	0.00016831086179182033	0.0031861702346310927	6.958495383189483e-05	0.00010366178752672714	0.002788351534256641	-0.011999667158580956	-0.02057116440117097	-0.00010214019778522995	-0.007387017730379034	0.005006603611195511	9.237905868687645e-05
12.73	-0.00033486016805486996	-6.113237555787715e-05	0.003185664772988349	-1.4640635523874185e-05	0.00012468968174153043	0.0027887947202731864	0.004413729324149314	-0.023379603728195003	1.603250270974844e-05	-0.008760999549050356	-0.0009601861143060063	-8.885083722266318e-06
12.74	-0.00021416010763255594	-0.00026143032905841734	0.0031861798316547892	-9.12909216317441e-05	8.59146695520198e-05	0.0027885970018720688	0.018718300291740472	-0.014996485405499615	8.447130179984114e-05	-0.0059290675992726095	-0.006422710407317106	-3.7490181495629786e-05
12.75	8.878589021513642e-06	-0.00033670563635357283	0.00318743347584812	-0.00012405836451812716	6.377551232411346e-06	0.0027877385384979226	0.024041301235124796	0.0005952937043377501	0.00016222306351912678	-0.0003553754872958215	-0.008796138887826077	-0.00013195523856568685
12.76	0.0002276276027700069	-0.00025043234777503834	0.0031888400912044677	-9.754902297357231e-05	-7.612514266075344e-05	0.002786265366816222	0.01786114952455178	0.015965941974551038	0.00010839737457315839	0.005429393136657531	-0.0070079169577668765	-0.0001786089534186763
12.770000000000001	0.0003369389363709669	-4.394464056357106e-05	0.0031892318278105933	-2.4148205737464744e-05	-0.00012208091444295655	0.0027850152316595514	0.0030837274823846796	0.023613187673249183	-2.7695107884657827e-05	0.008623993927345868	-0.0017989051398460386	-6.0452751779485117e-05
12.780000000000001	0.00028437653044848004	0.00018368974304511064	0.0031884933317616344	6.12300476330836e-05	-0.0001092296672269647	0.0027850954962508776	-0.01315395551263143	0.01997072396402403	-0.0001184521412269289	0.007720581868247524	0.004266933273521497	6.471129069448283e-05
12.790000000000001	9.542845567407938e-05	0.00032306971150126	0.0031873299193308493	0.0001177609727718028	-4.3698054890657484e-05	0.0027862789194614606	-0.023039167651248155	0.0067241313626819925	-0.00010016253704292572	0.0030958849592820727	0.008284631314205038	0.00016713983128815768
12.8	-0.00013909822310852432	0.00030746645885449195	0.0031864522734365024	0.00011815682437287996	4.291948934058781e-05	0.0027880342920476955	-0.02188818080660926	-0.009714581676594567	-6.657067068524507e-05	-0.003023394808774596	0.008308296486696039	0.0001741804553261578
12.81	-0.0003071058477703693	0.00014486343287551008	0.003186225370260292	6.22155163013396e-05	0.00010886121978597342	0.0027895691078034415	-0.010288096723548081	-0.021471188163632682	2.5515600094982517e-05	-0.0076732273408238625	0.0043264159575699054	9.170320303759748e-05
12.82	-0.0003284482387513556	-8.711418000879176e-05	0.0031867357261359756	-2.300842788364444e-05	0.00012248329555512928	0.0027898151116895926	0.006233358029612741	-0.022965625989209943	0.00011951440373904732	-0.008650293716431428	-0.0016912686059373356	-5.588257797366382e-05
12.83	-0.00019258978828850932	-0.0002775114593764357	0.003188068082981536	-9.667014613609165e-05	7.754142544984268e-05	0.002788620591557546	0.01982812608250507	-0.013501468127236422	0.000125587399888181	-0.0054812087671865985	-0.006933722526928654	-0.00017901965884217468
12.84	3.592812291592627e-05	-0.00033495663205715257	0.0031890506896746456	-0.0001240059323236461	-4.876145099750018e-06	0.0027863962691651346	0.023948482125323106	0.0025022424621666942	4.360515656090186e-05	0.0002756451362379808	-0.008846074710691553	-0.0002283582341385995
12.850000000000001	0.0002471081758108457	-0.00023189604911109097	0.0031890229255476248	-9.170118200322024e-05	-8.516299530623765e-05	0.002784635096024034	0.01649405902407058	0.017251247761659892	-5.5416482048698605e-05	0.005912303908281116	-0.006528423164499671	-0.00011783282113198629
12.860000000000001	0.00033898209418759456	-1.777930586122093e-05	0.0031878533767162667	-1.5123524806596639e-05	-0.00012481023083690376	0.002784012576031518	0.0011209997949239649	0.023770976546696188	-0.0001689820733841928	0.008784336056569331	-0.0010640540463472197	1.842230506335775e-05
12.870000000000001	0.0002680742115362013	0.00020495207323026766	0.0031861416435441177	6.929350895926598e-05	-0.00010474903080614118	0.0027851191116932458	-0.014687385689648258	0.01891170497400035	-0.00015147104961151422	0.007393598219265023	0.004918604237007768	0.0001685527085884038
12.88	6.889311462562002e-05	0.0003297418289931939	0.003185274369708205	0.00012062482840243414	-3.4580661892787145e-05	0.0027871973474837193	-0.02346983232512151	0.004997618923440199	5.733543560958131e-06	0.002442436389589993	0.008522212693231966	0.00022538918273125568
12.89	-0.00016318942985689398	0.00029689457584848583	0.0031861668835024624	0.0001142966717393456	5.175481962460616e-05	0.002789256257516008	-0.021003474484728	-0.011305482190341306	0.00016998866595483025	-0.003663163761069742	0.008014351316338583	0.00017222970206013757
12.9	-0.00031702548791834155	0.00012218855074229402	0.0031877371523066794	5.359679175360653e-05	0.00011302355652601148	0.002790486344651491	-0.008492344614384126	-0.022186678535053603	0.00015501522639371567	-0.007981428797158218	0.0037503533369352836	4.251055414631683e-05
12.91	-0.0003192984610873501	-0.00011072139907103768	0.0031889538952367008	-3.232322184749674e-05	0.00012031032456327714	0.0027899140596352547	0.008064003699965211	-0.022461181094682245	9.207891640272434e-05	-0.008488635107365073	-0.0023571704441206712	-0.00015964675690309426
12.92	-0.00016919279523523983	-0.0002906636997424616	0.0031896507124155	-0.00010255625207318505	6.967823839803511e-05	0.0027877594646899756	0.020713442002325867	-0.011995023402099708	3.763625301596359e-05	-0.00501559162593582	-0.007355534969058252	-0.0002864475247002073
12.930000000000001	6.164380021180798e-05	-0.0003312397173149109	0.0031893615038024307	-0.000124017722641021	-1.4728089112107006e-05	0.002785036870232327	0.023522616901863823	0.00420613586780254	-7.856812914211314e-05	0.0009024327963732114	-0.008820164736707563	-0.00023177730324362207
12.940000000000001	0.0002626767616422264	-0.00021298601335944002	0.0031880134183640387	-8.579485056788839e-05	-9.240708880705872e-05	0.0027834341411168088	0.01500787056445871	0.018433801667912135	-0.0001899904355207629	0.006443874097530768	-0.00606654510410984	-6.26784367179281e-05
12.950000000000001	0.00033743441556606047	7.510567418810727e-06	0.0031864331760245892	-5.951038738621369e-06	-0.00012611211408046516	0.0027839644814484656	-0.0006498485284258302	0.023825272427353796	-0.00014142968114276994	0.008874255443149471	-0.0003651748339085767	0.0001557578089281134
12.96	0.0002507873615416572	0.0002248098823691829	0.0031854012125986115	7.705921766142847e-05	-9.903859658363943e-05	0.0027863447722889854	-0.015951083206821034	0.01781845050205011	-3.009947922831775e-05	0.00703624185101539	0.005545474618703244	0.0002842620373795345
12.97	4.4005653388602314e-05	0.0003347359294062837	0.003186073935081726	0.00012329608419548563	-2.4471980541864623e-05	0.002788811648620144	-0.023665034073755913	0.003256388568813931	0.00016385616315642417	0.001822824208274057	0.008719050968453367	0.00019959487726215592
12.98	-0.00018416332450233957	0.00028445359002147747	0.0031880726644909563	0.00011060574445122923	6.138923418963741e-05	0.0027900649641348692	-0.020048590320066263	-0.012902427518749458	0.00018460937356795524	-0.0042402712023903435	0.007721400700486695	5.8500936389068246e-05
12.99	-0.0003244212422041896	9.76991434790712e-05	0.0031895189146433295	4.515031317842865e-05	0.00011772475545362511	0.002789668827472472	-0.006808858713593513	-0.022883844417525775	9.384917176328592e-05	-0.008288372232548974	0.003091879596392173	-0.00016060657705058035
13.0	-0.0003090796525564203	-0.00013610458061702168	0.003189867375670037	-4.204730654023031e-05	0.00011806986993751147	0.0027876205953550675	0.009745484415718549	-0.021912289234117265	-3.035716879980193e-05	-0.008397112201917188	-0.0030171783150550083	-0.00022393374618878445
13.01	-0.00014522118550596336	-0.00030479141965576945	0.003188989064764487	-0.00010945332993512882	6.193896012556067e-05	0.0027853609792826647	0.021661310688712895	-0.010388811324354763	-0.0001421489576976172	-0.004533819614707326	-0.007737025687614422	-0.00018150185269127415
13.020000000000001	8.867680728603442e-05	-0.0003273320820924661	0.003187248478806207	-0.00012476558679439854	-2.4136591320296514e-05	0.0027845091896116472	0.023139707382236387	0.006073564937250277	-0.00018080435957331222	0.0016192577098512045	-0.008761561278568579	-1.9797985212340136e-05
13.030000000000001	0.0002801731377837528	-0.00019295884904476217	0.00318561148177101	-8.015023814118819e-05	-9.882018596453599e-05	0.0027853430594744757	0.013547331117727258	0.01966077376937769	-0.00015054620452742212	0.006928239412848006	-0.005534853279654636	0.00016976752728918096
13.040000000000001	0.00033776850653588855	3.413814193561457e-05	0.0031845693931092547	2.896292717314565e-06	-0.00012609096755673873	0.0027873516856361377	-0.002517763491002523	0.023839250779819358	-6.434938035336687e-05	0.00895726917002443	0.00030542479063539244	0.00022087461966392358
13.05	0.0002338075957229927	0.000245297334584031	0.003184799720873315	8.437780201684357e-05	-9.308037261683643e-05	0.002789419634757551	-0.017407624862049026	0.016606954938859417	0.00011492200504483184	0.00665405496571842	0.005984003191229504	0.0001664009494829275
13.06	1.7859598528551983e-05	0.00033937550498803093	0.003186705684262028	0.0001253106882471782	-1.5967511525772608e-05	0.002790380891164593	-0.023978617497206523	0.00140919546818843	0.00024659998161615247	0.001198083896174499	0.008807837575988884	2.028196725648906e-05
13.07	-0.00020673000918691945	0.0002710763060843283	0.003189273504202227	0.00010625144236794084	6.877850962106285e-05	0.002789894792189234	-0.019030430384292144	-0.014488607028995026	0.0002391935948458246	-0.004848475712540294	0.007422891924131696	-0.00013098071087236352
13.08	-0.0003320383606127012	7.285249647334128e-05	0.0031906360967085576	3.59927236216307e-05	0.00012057106318203502	0.002788226807676541	-0.0049705937953249055	-0.023472218883013575	3.187791757262579e-05	-0.00860713194778598	0.002496111156959456	-0.00020060129825585723
13.09	-0.0002981982016769811	-0.00016027571311828207	0.003189789105961606	-5.182098794595569e-05	0.00011448808050722624	0.002786376490171727	0.011473684110080535	-0.021177691649628454	-0.00020225829393920831	-0.008215857873611981	-0.003668892868938377	-0.0001885017121758838
13.100000000000001	-0.00012113722402386623	-0.0003163902818617842	0.0031871948511540205	-0.00011511364709803993	5.337527105976758e-05	0.0027848945184368147	0.022455028981937696	-0.008727092328785043	-0.0003131611480587874	-0.0038980632947498055	-0.00805239780242488	-8.031405897396015e-05
13.110000000000001	0.00011425226773483169	-0.0003207177971928731	0.0031842106808120923	-0.00012325679165876087	-3.3551184866351615e-05	0.0027848959982979954	0.02263433797352431	0.00788652266605357	-0.0002468459141593784	0.0023455299359114536	-0.008592360215307295	7.349274523503578e-05
13.120000000000001	0.00029514642106129833	-0.00017108010405462786	0.0031830005275551893	-7.223502276398834e-05	-0.00010438010849058692	0.0027863889345783157	0.012016714736546525	0.020760851008112008	2.9392824464562616e-05	0.0074125172576413895	-0.004975606224202609	0.00019841134944959912
13.13	0.000334515627658217	6.059543347939189e-05	0.0031845686915797336	1.3066486291712444e-05	-0.0001252655699254595	0.0027885919343224362	-0.004443866860881898	0.02362678961809985	0.000274549869660123	0.008928796603338821	0.000960594404568434	0.00019624704308297152
13.14	0.0002138702815324455	0.00026346837124540165	0.0031878929507014593	9.191756775135169e-05	-8.643143039060258e-05	0.0027899104964103144	-0.018691604555496306	0.015211542221844886	0.0003336433314230716	0.006160796861610246	0.006480929067269722	7.71915461125536e-05
13.15	-9.169423791608734e-06	0.0003403933410586566	0.0031905788918118244	0.00012645667895893006	-6.359114948052029e-06	0.002789925433470277	-0.024042457161105493	-0.000507113956586364	0.00017644359156181774	0.00044506861479671854	0.008867971546112378	-8.318210119578262e-05
13.16	-0.00022776896698996642	0.0002537931196551021	0.003191155865520665	0.00010018100103475718	7.695763647884913e-05	0.002788538766352439	-0.017852344036032204	-0.016072176522315726	-8.923317435949003e-05	-0.005509093143090488	0.007077413559588884	-0.00018560029138193633
13.17	-0.0003370559848835	4.520132444358381e-05	0.003189263661707927	2.529235413011003e-05	0.00012352391930986394	0.002786712230872825	-0.0030835689619041827	-0.023910454291697754	-0.00025424657005394726	-0.008820871605596753	0.001821639171293486	-0.00013502421358393767
13.180000000000001	-0.00028451226501392216	-0.00018541813507370398	0.00318663383471802	-6.187548178840483e-05	0.00011078885188875426	0.0027857011300510145	0.0131462273808607	-0.02026286806318803	-0.00024318247299631658	-0.007860658894104413	-0.0042728158626757036	-6.112092158075236e-05
13.190000000000001	-9.541177697366193e-05	-0.0003270476261349316	0.00318431936461936	-0.00011921613140541757	4.512585637191707e-05	0.00278547575451383	0.023060404355012443	-0.006880399189685653	-0.00017639250899182407	-0.0031306538201203737	-0.008330972365342025	3.1963197868012494e-05
13.200000000000001	0.00013933879604713945	-0.00031182018211180625	0.003183407936406769	-0.0001192906889868994	-4.2238064157883654e-05	0.0027863694166794344	0.021904219345012403	0.009799281164608866	4.006301914749292e-05	0.003110123466816466	-0.008396555025738238	0.00011696364695861283
13.21	0.0003069995514772432	-0.00014714372495627475	0.003185018433091189	-6.237964912317328e-05	-0.00010908628247980156	0.0027877894869211424	0.010270763039646923	0.02177909988595345	0.00026402509217246707	0.007806774556721343	-0.004428556801315081	0.00013704943636838157
13.22	0.0003278138726439612	8.82312079221799e-05	0.0031879074506338655	2.4171454271354202e-05	-0.00012349732721641935	0.002788912244707422	-0.006288016223511861	0.023297538869655198	0.00032223755982762123	0.008799386299415991	0.0016439536880040301	8.390506928173919e-05
13.23	0.00019148436261529338	0.0002809722302334714	0.0031907453928517833	9.926204185340574e-05	-7.889941983950838e-05	0.002789160957362836	-0.019834307650064224	0.013634723210420027	0.00018512619509825228	0.005586047725739606	0.006901725954052606	-3.9419588587032374e-05
13.24	-3.66245047997834e-05	0.000338482745869178	0.003191314922786463	0.00012687504619945678	3.758061882217982e-06	0.0027884267601785556	-0.023853033407686436	-0.0026217652236036797	-7.148862627103268e-05	-0.00028341697828373433	0.008915983760200278	-9.89269098167562e-05
13.25	-0.00024671792917351144	0.00023290831486526338	0.0031894595718081156	9.392080387290975e-05	8.511699273030107e-05	0.0027874378906890328	-0.016413127703343734	-0.01759042146522862	-0.0002736797658167239	-0.00605395105251223	0.006652765936345329	-8.532842097297624e-05
13.26	-0.0003383178268737737	1.546927132900001e-05	0.0031863941133038897	1.5722660860609508e-05	0.00012562934563606403	0.002786836006529907	-0.0011449065883813799	-0.024072078708254948	-0.0003189745974597646	-0.008921856912739353	0.0011126452704298376	-2.595081764230294e-05
13.270000000000001	-0.0002676099058003649	-0.00020910164952051797	0.003183737601696891	-6.984963965400888e-05	0.00010590048247977705	0.0027866144601817774	0.014690637634254647	-0.018977774062959685	-0.00018318151449275936	-0.007463804827550762	-0.004907734427634702	5.240118336878124e-06
13.280000000000001	-6.829379669353604e-05	-0.0003333155719643955	0.003183073762936269	-0.00012154019040887548	3.563853678470148e-05	0.002786982304342912	0.023472060728478607	-0.0048259551730432835	5.777632687527169e-05	-0.0024356082738056814	-0.008566108039544166	6.822040107117059e-05
13.290000000000001	0.00016375311912809093	-0.00029801067957709645	0.003184821774353135	-0.0001148622923992959	-5.126656871015301e-05	0.002787735909417275	0.020996192682351922	0.011596556862100916	0.0002412821088952672	0.003718554200792072	-0.008124483406843668	7.448543327386799e-05
13.3	0.00031780847240108796	-0.00012006072467964497	0.003187719635094201	-5.323400796915286e-05	-0.00011367323690554367	0.002788227659582971	0.008480639779063812	0.02248858220053834	0.0003031140070824671	0.008108174127768802	-0.0038301524359752523	3.253197814343646e-05
13.31	0.00031949958202647953	0.00011531738132637966	0.003190199113499927	3.394449466243262e-05	-0.00012156136397391387	0.0027885426491684358	-0.0081777064194097	0.022591177202631443	0.0001618695706414263	0.008614422156040125	0.002332735595584482	3.366475053674085e-05
13.32	0.00016767604800132003	0.0002949400449635595	0.0031907969193009384	0.00010504078721325438	-7.086184328043151e-05	0.00278862223470626	-0.02092674270430471	0.011841709790838532	-8.058255148597601e-05	0.004997140107291923	0.007400858760190561	-3.6186201419257286e-05
13.33	-6.465250982643025e-05	0.00033287572998432494	0.0031886332677983137	0.00012577961260454637	1.4195961815075838e-05	0.002788110361387177	-0.023575663830432164	-0.004558873798412073	-0.00030613945859340905	-0.0010475490289093574	0.008898468577322047	-7.639551405906274e-05
13.34	-0.00026556384394238106	0.00021108312761612964	0.003185638720516978	8.59074025780362e-05	9.272895368506499e-05	0.002787162981929021	-0.014927898144030172	-0.018779653940201105	-0.00023183695638618297	-0.006565462157674595	0.006174782195277976	-9.534915645152457e-05
13.350000000000001	-0.00033909568413696125	-1.1928683830990557e-05	0.00318399637480468	5.159626403739856e-06	0.00012718488467605837	0.0027864939686407762	0.0008340699221493037	-0.023972858577635446	-6.677272920629356e-05	-0.008905580969444197	0.00042572764652693554	-4.914022085890643e-05
13.360000000000001	-0.00025009581840883873	-0.00022946549767781493	0.0031845129103146214	-7.771682454927547e-05	0.00010049021655873553	0.002786397307028802	0.016214931193859486	-0.017729003634744268	0.0001655656090312464	-0.006976683042554867	-0.005524495042610776	3.863752632155821e-05
13.370000000000001	-4.132697237045504e-05	-0.00033747755968610094	0.003186557907515117	-0.00012317182000014438	2.5752743571739988e-05	0.002787203655807951	0.02378085240964784	-0.0029712626294870655	0.00023170304255449082	-0.0017457356984713417	-0.00882135633194781	0.00011561300006994467
13.38	0.00018710751983617204	-0.00028379073682461447	0.003188899877884992	-0.00010969857694123802	-6.146772058670829e-05	0.0027885037500374457	0.01999146268361909	0.013263438494145347	0.00020294240364129913	0.004338608005427853	-0.007911083785251075	0.00012346886797927863
13.39	0.00032588003071630235	-9.378473964248153e-05	0.0031902586538903864	-4.339744626889919e-05	-0.00011916734824630741	0.00278937255902094	0.0066206033352488765	0.023134444143138012	6.731564172584422e-05	0.008368504094106555	-0.0031619614079355122	4.0579290209782724e-05
13.4	0.0003084737336226726	0.00014123629308754416	0.003190030658853247	4.3994236678612993e-05	-0.00011955543301453607	0.0027890926538638124	-0.009933449606872672	0.021908836968803507	-0.00012433006469555802	0.00837734755024553	0.0030856482226133595	-0.00010535470828524271
13.41	0.00014308346276951996	0.00030836254820113603	0.0031881352906760487	0.00011025324201160778	-6.247905028884173e-05	0.002787904544265701	-0.021748023780368286	0.010114191112762676	-0.00022479352956066112	0.004317970021300843	0.007850405055931129	-0.00010688604804268785
13.42	-9.112137636456408e-05	0.00032733793221487666	0.0031858099506502694	0.00012342467407629661	2.4550607869106447e-05	0.0027868153682454604	-0.023125694895007928	-0.006476051514124671	-0.00023351976310947954	-0.0017905912416933789	0.008816740773844676	-9.725864488991959e-05
13.430000000000001	-0.0002816476317398853	0.0001895322609318364	0.003184402730085627	7.732263547107478e-05	9.984187479158637e-05	0.0027861473034917978	-0.013394403189738198	-0.01992501356134066	-5.1284554201658075e-05	-0.00703613637234644	0.005606652651164619	-3.2224943078126404e-05
13.440000000000001	-0.0003375220444566106	-3.9168443273096426e-05	0.0031850013859568258	-5.5607839318943165e-06	0.00012739435439692304	0.0027859874848748466	0.0026944923612424723	-0.02388845573654304	0.0001666069142198056	-0.008857924901986836	-0.0003102427935952122	8.853142069158185e-06
13.450000000000001	-0.00023189535794302803	-0.0002492923462065728	0.003186999271545603	-8.547038196474825e-05	9.405023528369717e-05	0.002786534920806356	0.017531912372018194	-0.01635818461972188	0.00020809320269777915	-0.006471500380646312	-0.0060887759158548055	0.00010934828360223359
13.46	-1.5267970779860502e-05	-0.00033987409574716556	0.003188803301457416	-0.00012453965101214681	1.556114176026719e-05	0.002787919841742409	0.02394535634621325	-0.0009929725159810257	0.00015712611183655472	-0.001018126245302734	-0.008965230112937385	0.00014382667119677007
13.47	0.00020846756540538158	-0.00026725288637881225	0.00318979635362195	-0.00010400844328789494	-7.071473408483966e-05	0.0027889081280701917	0.018896761728610267	0.014889863170891882	2.895752087363502e-05	0.00495515888684657	-0.007541532476784067	6.438803027352001e-05
13.48	0.00033217461825172523	-6.66151389604385e-05	0.003189402167348294	-3.324033638869428e-05	-0.00012308504750370363	0.0027891894797428944	0.004791176940859491	0.02357604658872554	-0.0001157240882625107	0.008586093467737175	-0.0024723622622970886	-5.3332150172286275e-06
13.49	0.00029640285616362917	0.00016598014677231938	0.0031879072025969442	5.361307500829772e-05	-0.00011609971190801789	0.0027887311708450846	-0.011642996853570124	0.020981094077955342	-0.00018951261407458228	0.008055738983429667	0.003812467368326567	-0.00011939642678593891
13.5	0.00011807156515608896	0.0003190112833821082	0.0031859579050546732	0.00011463692497045492	-5.3207396645444544e-05	0.002787484316701632	-0.022473366094219765	0.008346252544150176	-0.00017929301013913502	0.0036475836896344934	0.008221440479007445	-0.00012342229987724395
13.51	-0.0001165845179163517	0.00031914406002072086	0.003184908820734276	0.00012049517159579098	3.5022244033548744e-05	0.002786306995966261	-0.022489199453550705	-0.008308704406124499	-7.768719751768432e-06	-0.0025197856292589493	0.008660406160105891	-9.804963309547571e-05
13.520000000000001	-0.00029523489950709735	0.00016609898035165423	0.0031856277774691246	6.862143272124678e-05	0.0001059662338086089	0.0027856920108143214	-0.011751669725047549	-0.020983883894560223	0.00014613367644455017	-0.007439815716937025	0.0049318090590915395	-8.590533316067954e-06
13.530000000000001	-0.000332670185961902	-6.641557418709238e-05	0.0031875372136796047	-1.612183377122118e-05	0.00012562529927284832	0.0027862164930518673	0.004584635933570178	-0.023560698054209506	0.0001984151764848583	-0.008825058246374662	-0.0011518415698202377	8.665988896187393e-05
13.540000000000001	-0.00021058149759634864	-0.00026699207318175983	0.003188964088898337	-9.316533908186849e-05	8.476749539493678e-05	0.0027872747872489285	0.018786878667565954	-0.01488708651091107	9.349114239344873e-05	-0.005942922839960375	-0.00667823121628495	0.00012859567632562708
13.55	1.2567040793679534e-05	-0.0003396754186161382	0.003189283063475906	-0.00012556168906458612	3.0072353548881804e-06	0.0027884110231948746	0.02393878838325816	0.0009654510923014508	-3.9613347908819783e-05	-0.00026351741457738664	-0.008982885524114161	9.590685443626923e-05
13.56	0.0002294671105718616	-0.0002493582797807784	0.003188382966701258	-9.786959517946311e-05	-7.990013429044094e-05	0.0027890092351660753	0.01763916404129799	0.01635129218540936	-0.00011404450424564067	0.005581499347024222	-0.006913489303609141	-2.9607741562492152e-06
13.57	0.0003368548267157923	-3.935504882628765e-05	0.00318724336349501	-2.3034717649740086e-05	-0.00012419838395599065	0.0027885030709290074	0.002921074535771954	0.023876217954170716	-0.00010905100008310629	0.008759247068480466	-0.001574022126572017	-0.0001048710887569909
13.58	0.00028293854471903333	0.00018956202207628207	0.003186545283683154	6.308545775039287e-05	-0.0001090285802540288	0.0027873674542353843	-0.013260165029258811	0.019969888490187566	-4.2287044841178646e-05	0.007734250871233538	0.004473354089034267	-0.00012334630322461605
13.59	9.320292748900923e-05	0.0003275628155254459	0.0031864357661390134	0.00011901416572116536	-4.180374092628817e-05	0.0027860519472704616	-0.023087445262184404	0.006477908780584154	2.9338531598386766e-05	0.0029723012771930763	0.008410873353982402	-0.00013104265065060116
13.600000000000001	-0.0001411070447411797	0.0003085415756684805	0.003187021986848437	0.0001179024545972625	4.5284420270792657e-05	0.00278540209595909	-0.021798023896433885	-0.010124633943911323	9.118225308083593e-05	-0.003181725351218544	0.008293272079270803	-9.889907170468192e-06
13.610000000000001	-0.00030771133149690096	0.00014159159643413517	0.0031878403788713557	6.0319049115377845e-05	0.00011074434673454228	0.0027857315265920704	-0.010107445177754268	-0.02186504378863426	7.49321870926583e-05	-0.007882096714126659	0.0042450599551280945	8.115670347953875e-05
13.620000000000001	-0.00032684797968878714	-9.325881029104302e-05	0.0031883225606605227	-2.6507935650701582e-05	0.00012321522317671903	0.0027866348469056976	0.006444427983978385	-0.0231262270973395	2.0956818753670067e-05	-0.008736860712766229	-0.0018500954002818612	8.870954440720984e-05
13.63	-0.0001892343548790088	-0.0002832288423930552	0.003188232058277364	-0.00010048458018580755	7.680843477797786e-05	0.0027876686826154577	0.01991163560993096	-0.013274956389133752	-2.109660484240291e-05	-0.0054113332069258575	-0.007033452145599206	0.00010456661265786335
13.64	3.926159168163311e-05	-0.00033747538667588625	0.0031879240573242434	-0.00012637723062664002	-6.353815337075154e-06	0.0027886469682555566	0.02384462705642458	0.002887522027707113	-6.290501366517821e-05	0.0004954770090537323	-0.008894601314079407	7.728397459513025e-05
13.65	0.0002489333209143106	-0.0002300263905136685	0.003187191432467798	-9.168740625474919e-05	-8.641852865497829e-05	0.0027890505339607237	0.016314941873977883	0.017666191737255033	-8.245676628544211e-05	0.006154756972476926	-0.006490364077591027	9.3294028438277e-07
13.66	0.00033926166498878527	-1.2720131526661278e-05	0.0031866297355865655	-1.3357640125571144e-05	-0.0001254198277790017	0.0027884551182553495	0.0009810956466182374	0.023977235503436074	-3.570361485002549e-05	0.008854562035569264	-0.0009887895037542615	-0.00011292519787634298
13.67	0.0002669285386447604	0.00021079460257213522	0.0031865657981396296	7.104510517506974e-05	-0.0001043774472376894	0.002786874454303209	-0.014851028354301894	0.018850048215544958	1.4619965388568094e-05	0.007319615288105676	0.005006758965280812	-0.00015245300672901308
13.680000000000001	6.646319972472122e-05	0.00033325395246379554	0.0031868704557394883	0.00012157789167081863	-3.348168334635161e-05	0.0027854540781274296	-0.023563344990666053	0.004609464278868506	3.240715381679466e-05	0.002320221723709337	0.008570100202986826	-0.00011629939864194398
13.690000000000001	-0.00016591726606843886	0.0002955880635280796	0.003187217834131791	0.0001136686587448412	5.349267265094509e-05	0.0027846598204901685	-0.020963090793488973	-0.011810160467459597	4.758477922493401e-05	-0.0038369862404621854	0.008063963178161333	-1.1129483173133225e-05
13.700000000000001	-0.0003189362538346548	0.00011621342905278719	0.0031874977434422098	5.0990510795750855e-05	0.00011481757161456933	0.002785223062426064	-0.008348435238155759	-0.02253619030242688	-3.0825801004521137e-06	-0.008175051225022656	0.0036742114858530806	0.00012371877014925032
13.71	-0.0003190812822560881	-0.0001186678829980501	0.0031872470300308236	-3.639104476694568e-05	0.00012110703234931064	0.002786990703082695	0.008317920545300403	-0.022450609519305997	-3.3157304386152e-05	-0.008563274353949707	-0.00246109733439245	0.00022244839257358606
13.72	-0.0001659844291194946	-0.0002960244625461608	0.0031869528658368053	-0.00010649907181552362	6.945476567316685e-05	0.0027891756603534656	0.02101530404519192	-0.011560767758284844	-1.0835143086952796e-05	-0.00485037339070325	-0.00741206736793126	0.0001834745711999969
13.73	6.667948180141135e-05	-0.0003314240147854797	0.0031872042758776618	-0.00012565521672062394	-1.5003237820573773e-05	0.0027904446588302664	0.023588051174204306	0.004773476916197845	4.908045282029054e-05	0.0011774005924235118	-0.008769730334382372	6.28798189701686e-05
13.74	0.00026756819474486437	-0.00020836574891989882	0.003187475348629599	-8.480895067189664e-05	-9.173876564966362e-05	0.002790140783666137	0.01490097552225665	0.018803611998066412	1.332742516947978e-05	0.006647362932569464	-0.005937635847288698	-0.0001316345549318554
13.75	0.0003405671139168675	1.4454355799387288e-05	0.003187270652787014	-3.3428879369592175e-06	-0.0001240366064062194	0.0027882664487237263	-0.000917657700344194	0.023874060797060944	-4.14582374462116e-05	0.008957990320271841	-0.0002552673395632563	-0.00022591674530503096
13.76	0.0002504863246901075	0.00023024917619769508	0.003186937197908725	7.959846358517039e-05	-9.64943015595963e-05	0.0027862606445452167	-0.016359366783653125	0.01746803676947874	-4.198869138385717e-06	0.006930868131917515	0.005517437762366748	-0.0001854647435691984
13.770000000000001	4.0427158887951825e-05	0.00033543648201114095	0.0031870416173742848	0.00012391349079030064	-2.273073630353082e-05	0.0027848530682630544	-0.023901619843874265	0.0026952271005717524	1.0151237196766492e-05	0.0015863124564134243	0.008645693736531823	-0.00010155518713884759
13.780000000000001	-0.00018880851800161214	0.00027983442471376163	0.003187231055134435	0.0001087250481934503	6.24539694687302e-05	0.002784394439830706	-0.02002129421180417	-0.013335048051177046	8.542960536355572e-06	-0.004510898884794587	0.007674319052455219	3.641009653792177e-05
13.790000000000001	-0.00032732261615105884	9.027525156173796e-05	0.003187304934102819	4.111782771206606e-05	0.00011796649469256151	0.0027852092641729117	-0.0064919434248890675	-0.022993258358690084	4.466820384369151e-06	-0.008449004924119239	0.00295678231601333	0.0001246146204579276
13.8	-0.0003082316252902794	-0.00014267510974318723	0.003187391780806266	-4.636234126724179e-05	0.00011670654045182438	0.002786838552666156	0.010126641393419093	-0.02164792030700004	2.4741894898305273e-05	-0.008290245944796968	-0.003191576463973548	0.00019283772155450878
13.81	-0.00014127698691395485	-0.00030744437019315156	0.0031876532038638047	-0.00011165036541478706	5.942958561657323e-05	0.0027882204857874455	0.02185616710754409	-0.009945299409160115	3.323376211948471e-05	-0.004195769797962571	-0.007784459634077754	8.887255640708777e-05
13.82	9.356345463336944e-05	-0.00032522404224986023	0.003188091262330443	-0.00012330582736389705	-2.6343488186083377e-05	0.002788731214584026	0.023133337439767865	0.006538450935688692	4.431567493358851e-05	0.0019380047010313759	-0.008648709616940305	1.7948663151431136e-05
13.83	0.0002837618191619593	-0.00018721986799252407	0.0031882832351739845	-7.587766767158556e-05	-9.951964408217868e-05	0.002788566287432683	0.013283700677704246	0.019908380896148586	2.503564030776343e-06	0.007152143336004339	-0.005381193613622351	-3.8412443509279775e-05
13.84	0.00033773489574598185	4.081544671097364e-05	0.0031877842564146637	8.028901650608963e-06	-0.00012500245052331804	0.002787832852064317	-0.00294754390545005	0.023766309497503146	-6.948566965639917e-05	0.00892107498534329	0.0004866699108386476	-0.00010086542371841255
13.850000000000001	0.0002295191743039704	0.00024932767411209485	0.0031868283099071716	8.798166223297745e-05	-9.045634228309492e-05	0.002786936250193118	-0.01776078632357722	0.016186954702433726	-0.00010122274977911802	0.006433312074290759	0.006122289437013881	-8.264991440903464e-05
13.860000000000001	1.124099853082537e-05	0.0003383165404269111	0.0031860397619959007	0.00012603281683504282	-1.2376266504128436e-05	0.0027862360277133447	-0.02404502581038855	0.0008699918703776209	-4.1852734526469527e-05	0.0008364336872795102	0.008823316497606133	-5.9307570721711433e-05
13.870000000000001	-0.00021231365102705892	0.0002653722620820044	0.0031860962616628713	0.00010363616055883739	7.174849059099395e-05	0.00278591380593948	-0.018807791168407733	-0.014867269159195203	4.588735929281327e-05	-0.005143361440966419	0.007286344585233371	-1.8327639857017643e-05
13.88	-0.0003342934820915789	6.520393346311753e-05	0.003186759884958727	3.151138552333005e-05	0.00012145961767877875	0.0027860918794054	-0.0045461983654066	-0.023506975172552652	7.122916723408783e-05	-0.008690086686385578	0.0022471877439873733	3.772914619692944e-05
13.89	-0.0002958062127552361	-0.0001665356167271485	0.0031876452035569506	-5.591519861143048e-05	0.00011293352019649978	0.002786662055289315	0.011917486093311678	-0.020908812524453615	8.51142399916951e-05	-0.008046010758667474	-0.0038625634827890594	5.122487573513596e-05
13.9	-0.00011569481164085455	-0.0003186893741102013	0.0031885449217733926	-0.00011626531601594766	5.069112032643193e-05	0.002787206660885813	0.022579364308047772	-0.008225882712997044	6.358442907335965e-05	-0.0035391126823927513	-0.008084457234752422	5.82748726078644e-05
13.91	0.0001195846910920329	-0.00031766594444659847	0.0031888063081998885	-0.0001210096993408388	-3.562953360128522e-05	0.0027878976225991954	0.022491218696431305	0.0083993292213142	-4.006084869574262e-05	0.0026180879637670174	-0.00845598978370706	6.6227436464895e-05
13.92	0.00029762350696332734	-0.00016426591417842683	0.003188289283363697	-6.795495370873241e-05	-0.00010488141713311397	0.0027882960772898603	0.011616641127585443	0.020976814755512364	-9.216313533696834e-05	0.0075322743892979865	-0.004812673791260163	3.3707318289865494e-05
13.930000000000001	0.00033292437018467985	6.768194261560901e-05	0.0031871245287810965	1.7689366010071975e-05	-0.00012419604431574975	0.002788171347569578	-0.004855940953520981	0.02348246467432826	-0.0001289653883923216	0.00885616070861862	0.0011197105731321976	-4.8492881589832246e-05
13.940000000000001	0.0002088794719797416	0.0002671535373625543	0.0031862950410631425	9.479518795967173e-05	-8.43384341781977e-05	0.002787468696865766	-0.018909770759143203	0.014765411045519271	-4.444467973682025e-05	0.0058973620754119195	0.006513679052317126	-0.00010546559033898762
13.950000000000001	-1.5016335887193925e-05	0.00033921196577957243	0.003186132496013381	0.00012634978435390804	-4.255268114094678e-06	0.0027866913141213704	-0.02398356649477605	-0.0009572814639584423	1.5273916150345035e-05	0.00012324696183720003	0.00883110123949377	-5.377208735608846e-05
13.96	-0.00023190465562425493	0.0002490255725689722	0.003186588262908366	9.708323784637486e-05	7.802529665191038e-05	0.0027863940984719526	-0.01755685969542695	-0.016301897917249317	6.650099287831818e-05	-0.005721660998750543	0.006930635013065005	1.3709150235658648e-05
13.97	-0.0003374569403783148	3.9539169242661506e-05	0.003187665561284929	2.16170764774661e-05	0.0001227991666739973	0.0027867844425126	-0.002682335590814035	-0.02387260208480598	0.00012900816931915593	-0.008773079320170206	0.0016315239905420307	6.37155333346684e-05
13.98	-0.00028136074149772935	-0.0001892655054664688	0.003189000507709062	-6.410686043305529e-05	0.00010854058717959683	0.0027871026346395814	0.01345478298589894	-0.019950089184094306	0.00010088357206079164	-0.0076710211905091415	-0.004400738361394548	1.7249203448001217e-05
13.99	-9.028125884683875e-05	-0.0003272585437195534	0.0031893859986157477	-0.0001195578372539266	4.206621872041173e-05	0.0027872500723007568	0.023130742752324195	-0.006455342833148827	-3.251696933512473e-05	-0.0029594539521017485	-0.008353521655801131	2.1793532585670765e-05
14.0	0.00014394668996865515	-0.0003080603542565024	0.0031885867771598597	-0.00011787102196895367	-4.489049004647695e-05	0.002787470842207142	0.021717196354443812	0.010123290458682759	-0.00012041768131585719	0.003302735862997607	-0.008327086013620841	2.596429561320487e-05
14.01	0.00030896666293530223	-0.0001410353762846954	0.003186959138675047	-5.918970195056009e-05	-0.00011062423496319722	0.00278759764057525	0.009923978119934103	0.02187173878428125	-0.0001683849527721574	0.007916915549957099	-0.004264209481542375	-1.3498626927956555e-05
14.020000000000001	0.00032614129669059533	9.370095353745642e-05	0.0031857237022689926	2.7426802098789322e-05	-0.0001231956894259993	0.0027873141487839586	-0.006619146053874688	0.023131659228277736	-6.0450903171616135e-05	0.008664789144284347	0.001877071697278893	-4.807835877573379e-05
14.030000000000001	0.00018705405692923238	0.0002840118297248128	0.003185780258620385	0.00010024072268479244	-7.66944799791332e-05	0.0027868102919945286	-0.020021675070690054	0.01332944116685592	5.876543414025579e-05	0.00529968462794855	0.007048462821872949	-5.437128499408243e-05
14.040000000000001	-4.1732573161808454e-05	0.00033844640856720714	0.0031868100316659567	0.00012491744384885122	6.473614305584447e-06	0.002786286585082659	-0.02382377581146658	-0.002911683558114332	0.00014101314737894642	-0.0005821852646656916	0.008881305921733596	-7.541459942012645e-06
14.05	-0.00025047333187165963	0.0002306286628563501	0.003188258603067902	8.946866884516596e-05	8.670096653803948e-05	0.0027864942095906695	-0.01616761624585043	-0.017754373104156562	0.00012712440030967923	-0.0061756754312937935	0.0064812872036830674	4.287570075114754e-05
14.06	-0.00033885050232360965	1.2302265867443978e-05	0.0031890073856995875	1.1051838207887685e-05	0.00012544217794600173	0.002786924245570744	-0.0007752894423533672	-0.024093192143205325	3.307178899488721e-05	-0.008842598686757294	0.0009338974933452935	3.5187613126590284e-05
14.07	-0.0002647148190265295	-0.00021200541627013907	0.0031889419372962795	-7.291905397948818e-05	0.0001039916293360011	0.0027872643920699085	0.0149816161529548	-0.018880490155545854	-4.307926941309434e-05	-0.007247540580225284	-0.0050304751927045645	4.604707996503408e-05
14.08	-6.36666333057368e-05	-0.00033442378437409755	0.0031881356962826786	-0.00012221358660846108	3.275803769004315e-05	0.0027876142137737807	0.02356272165102009	-0.004583979692035437	-0.0001092286321013095	-0.0021916405110718727	-0.008604960072765282	3.800359319403829e-05
14.09	0.00016813353134776028	-0.00029646069314157427	0.003186801628352636	-0.00011301076742802703	-5.42016476864052e-05	0.0027880543792946763	0.020832036146065873	0.011849522386507398	-0.00012875178470198612	0.003944090891759418	-0.008037029588073622	4.659785707503592e-05
14.100000000000001	0.00031952578894028656	-0.00011664274702677313	0.003185654834013443	-4.9648920548831244e-05	-0.00011499696471446381	0.0027883237156145165	0.008167109607425747	0.02259731431334311	-4.991201595269335e-05	0.008176682946363404	-0.003629446418110753	-3.4427766228675773e-06
14.110000000000001	0.00031805324576933766	0.00011923483071103405	0.0031859060340137914	3.740806288738409e-05	-0.00012109103725160241	0.0027878224071690456	-0.008445361449109932	0.022599976969861095	9.880305061652259e-05	0.008513432294637179	0.002489626148519046	-9.009485697913316e-05
14.120000000000001	0.0001642559550893938	0.00029830041531690065	0.0031872234094451634	0.00010643691143920737	-6.917970762380346e-05	0.002786867382225609	-0.02104682990253407	0.011687143799542873	0.0001659579387121855	0.004729825931632495	0.007441090910308329	-9.265224441781824e-05
14.13	-6.856646317710223e-05	0.0003340905549610421	0.003188620067037135	0.00012443071051329693	1.574641109202733e-05	0.002786319216071611	-0.02356771290172699	-0.004831003341078927	8.233848639908324e-05	-0.0012773755450257163	0.008841459158849936	1.2748383369694091e-05
14.14	-0.0002686676619151927	0.000209507277944323	0.0031889475624426464	8.283564419928697e-05	9.342687958483037e-05	0.002786532690273066	-0.014760512270550544	-0.01901546220350764	-1.6769991200113196e-05	-0.00669003837630607	0.0060264045081506535	3.616572955618945e-05
14.15	-0.0003396362467278226	-1.5350892901100633e-05	0.00318848034173873	1.6089826661830601e-06	0.0001265318260341874	0.002787270972807345	0.0011363499660234926	-0.02405875600974626	-5.246762985413697e-05	-0.008876522769039082	0.00032285440256706017	7.727833073994352e-05
14.16	-0.00024747188855353455	-0.00023277611015772742	0.0031874369911964427	-8.034367816086413e-05	9.928594668186947e-05	0.0027882881503800846	0.01649898020700332	-0.0175902146789097	-0.0001646132640202646	-0.00685068881324316	-0.0055532283805818546	0.00011171614368463037
14.17	-3.6596603916757944e-05	-0.00033864800023080484	0.0031857616922647846	-0.00012385878109726997	2.4750388717910896e-05	0.0027887909965024806	0.023901442016583698	-0.0026874534169070837	-0.0001725196096745415	-0.0014874258502261199	-0.008764035903256908	4.726752623155424e-06
14.180000000000001	0.0001916852741555038	-0.0002820045106726447	0.0031848560761423904	-0.00010817179792852864	-6.161940357720653e-05	0.002788259869989312	0.01984113776664142	0.013509228125806653	-8.102874238527036e-06	0.004517578899627352	-0.007770204407290303	-5.4653642969097737e-05
14.190000000000001	0.00032830196501849407	-9.060400039043266e-05	0.0031856579521010097	-4.0969310481639625e-05	-0.00011814906589739768	0.002787559836278151	0.006337047655820114	0.0231652436474021	0.00015158399521895152	0.008370011271855318	-0.003067820360362477	-8.874463189450576e-05
14.200000000000001	0.0003079161595652196	0.00014398623654627836	0.00318753075050936	4.530758559645511e-05	-0.0001181039001978904	0.00278676402344081	-0.010259492975727078	0.021810644693722993	0.00019933702389262966	0.0081790363049294	0.0030735846856884074	-8.286442115053076e-05
14.21	0.0001398195042678619	0.00030986564686861834	0.003188845448857816	0.00010966137704536969	-6.134562736562132e-05	0.0027862482146894466	-0.021934722425924143	0.009977532633965806	5.2334514063808324e-05	0.004140629369540159	0.0078053233926889945	-3.469656755925462e-05
14.22	-9.50720031677138e-05	0.0003271060577107528	0.003188520219171559	0.00012140272374923108	2.5366146261944397e-05	0.0027859723093236195	-0.023074450306978626	-0.006676372704626681	-0.00010868629132862151	-0.0019099963659325008	0.008798868443285961	4.78344309021731e-06
14.23	-0.0002841434473245943	0.0001872116219266761	0.0031870049567676796	7.444489809486007e-05	0.00010037127192924054	0.002786378962522002	-0.01316254556657459	-0.020114808604440624	-0.00016168855330322228	-0.007088424866658455	0.005550745638529117	7.651182076223602e-05
14.24	-0.0003370122389522736	-4.241803009388611e-05	0.0031856844180537924	-8.380920651512999e-06	0.00012735539429570378	0.0027870921705778796	0.0030338702729836705	-0.02388631741228113	-8.870603012707905e-05	-0.008764810941637658	-0.0003954955798235424	6.691877261407759e-05
14.25	-0.00022834286281947996	-0.00025200654359211597	0.0031852016405779903	-8.686720343552864e-05	9.338999761006859e-05	0.0027880192530470816	0.0178057818850334	-0.01626051825690429	-4.1004337866921536e-05	-0.006287911576142201	-0.006117306126814022	0.00010112412824304561
14.260000000000002	-9.855490139835192e-06	-0.0003412400095520112	0.003185425800264182	-0.0001238868868914628	1.5047941974101919e-05	0.002788911460768912	0.024040356510734096	-0.0008486834261716139	8.198883289961667e-05	-0.0007882718221428573	-0.00889206496295965	4.757481923597757e-05
14.270000000000001	0.00021312971708802107	-0.0002671318320391784	0.0031863968457003437	-0.0001014158463963699	-7.017395678413825e-05	0.002789005041858859	0.018702773613408274	0.015048905483675965	0.00011094596772506919	0.005048297111445396	-0.007436168337013671	-4.0417934441225145e-05
14.280000000000001	0.0003340519335102637	-6.493145759245945e-05	0.003187437536393335	-3.101001876060092e-05	-0.00012168009393293194	0.0027883122385854745	0.004465797377166521	0.023703212992972077	0.00010431298183011024	0.008475379160250762	-0.0024252650935263852	-0.00010104757289139402
14.290000000000001	0.0002949471736919488	0.00016847431989671169	0.003188285323854832	5.442403738646317e-05	-0.00011450085779345579	0.0027870666672968076	-0.011937454763785299	0.021004303360962175	3.137767270068086e-05	0.007888708160122571	0.00378971081249304	-0.00014307870472948567
14.3	0.00011470688227250649	0.00032095132295119013	0.003188282130693692	0.00011382551307857607	-5.208568051024208e-05	0.0027859095809485202	-0.02261297669653657	0.008198328556500356	-3.109692970230881e-05	0.0035033761827096286	0.008172984687775076	-6.558795071345473e-05
14.31	-0.00012052853504955033	0.00031910762418100225	0.0031876688355992303	0.0001186357203766096	3.5722523452755575e-05	0.0027855888686618524	-0.022454926120518855	-0.008526510585442152	-6.813220543957424e-05	-0.002582661036361405	0.008652434232389828	2.875972701951097e-05
14.32	-0.0002976135423799205	0.00016408832195715834	0.0031869188661711916	6.628927993699099e-05	0.00010656044299606025	0.002786200738912684	-0.011491060845985312	-0.02115913809658691	-4.089802595274694e-05	-0.007421716699446081	0.004940723411310125	9.715539093465655e-05
14.33	-0.0003319821718344213	-6.98317672377001e-05	0.00318670471917918	-1.793951185656112e-05	0.00012637804022529764	0.0027874312049020666	0.004897220348727265	-0.023660918655390686	8.752238827240399e-06	-0.008703096977079572	-0.001137567936907945	0.0001118965231043647
14.34	-0.00020748207320795133	-0.00027046719992138043	0.0031869942334395197	-9.357496434523905e-05	8.584324096743537e-05	0.002788509946372835	0.018966707843553476	-0.014752603695230208	2.6740455998031376e-05	-0.005797774464326607	-0.006651037592026859	0.00012490646335795678
14.350000000000001	1.6576784985696794e-05	-0.0003411609058588497	0.0031873404319767867	-0.00012440525423396787	4.156733682220135e-06	0.0027893954560940003	0.023947887175114854	0.0012145415783500447	4.740634947040659e-05	-9.84600147151887e-05	-0.009006185347704476	4.7176911661374176e-05
14.360000000000001	0.00023290691313893123	-0.00024816989181313724	0.00318746251312305	-9.573621554029162e-05	-7.94715687988895e-05	0.0027893109113530856	0.017495701491994607	0.016603023915797842	4.807406518065817e-06	0.005591094050510737	-0.0069977959563848665	-7.679296528516863e-05
14.370000000000001	0.0003377438292834741	-3.634246415074192e-05	0.0031875960899975095	-2.192663982355772e-05	-0.00012475076624811644	0.0027880992460943524	0.0026156475190374064	0.023996594147014896	2.17474901019174e-05	0.008570678606429728	-0.001674331531177492	-0.00017083762081177944
14.38	0.0002806843531018235	0.00019297444496815165	0.0031876599769014896	6.216510298422108e-05	-0.00011064027384248836	0.002786461386772982	-0.013561767315874626	0.019916668529543772	-1.684557887250126e-05	0.007534164288056976	0.00441935698150025	-0.0001548739178948507
14.39	8.88068060327446e-05	0.00032953904920079465	0.0031868540199155035	0.0001167110905294974	-4.332367312258778e-05	0.002785425449891638	-0.023202349010924987	0.006265901133281465	-8.821477156958662e-05	0.00289125995015441	0.00848714250286339	-5.609685331261031e-05
14.4	-0.0001454846746044528	0.0003080301329926882	0.0031860415437661538	0.00011552332374273897	4.5302708850725995e-05	0.0027853027236557464	-0.021675802479042234	-0.010388372426978534	-7.668141050874099e-05	-0.003129809071835539	0.008476919259640912	8.726929689001863e-06
14.41	-0.00030976605976483046	0.00013864228236529775	0.0031857274260888957	5.922973490161046e-05	0.00011240230442041166	0.002785992625818902	-0.009795446987879295	-0.02205762835579209	4.749102311675851e-05	-0.007649327704349161	0.004358241388161362	0.00010316170413124722
14.42	-0.0003255910752424032	-9.706308368576841e-05	0.0031864243782030633	-2.507376384970208e-05	0.00012561392575897504	0.002787234910726113	0.006770572053577981	-0.023116826983089516	8.019662223635851e-05	-0.008499738933191534	-0.0018422492417437134	0.00016302217095685528
14.430000000000001	-0.00018510111196735635	-0.00028632264559557406	0.0031870820563449135	-9.710117159333847e-05	7.872894418574799e-05	0.0027887753939360898	0.02011983714753431	-0.013126106185400749	4.6566482055039225e-05	-0.005286704676306104	-0.00714437227954431	0.000146936095121415
14.440000000000001	4.4053962152278185e-05	-0.0003380345169851357	0.0031874704318869984	-0.00012229325734270036	-5.835079260723511e-06	0.0027898357041857493	0.023789797504640206	0.0032026458958398347	3.0109739375499698e-05	0.0004521746346045438	-0.009051001655630836	4.497213434463737e-05
14.450000000000001	0.00025230031694420754	-0.00022792475193198937	0.0031877007667893975	-8.899162154343391e-05	-8.738416450070776e-05	0.0027898341121627866	0.016083581163393083	0.01788549421596529	1.0788675120518876e-05	0.0059184099058817935	-0.006593441202300119	-4.83801675456813e-05
14.46	0.0003396596590157343	-9.211584375686334e-06	0.0031877174469484306	-1.3212486437856847e-05	-0.00012714629598714733	0.0027885605035067257	0.0006556360962151883	0.024046133579374726	-4.820336779364227e-06	0.008598752852752634	-0.0010301202951822517	-0.00016928199823769245
14.47	0.0002642405016265538	0.00021416143456255829	0.003187340960443005	6.90469962321681e-05	-0.00010617840156102967	0.002786743394036706	-0.015121902688346449	0.018737989631950905	-7.149365688200676e-05	0.007166402275830191	0.0050652107836238625	-0.00016197712179804962
14.48	6.206008416719596e-05	0.0003348520166373866	0.0031864896824100033	0.00011841785091857506	-3.391236789260452e-05	0.0027856682735160577	-0.023603228765029405	0.004393780331358191	-0.00010138439932012456	0.00230294944857007	0.008785970761529783	-4.570717232019419e-05
14.49	-0.0001696454954793394	0.00029505405065816093	0.003185746803335953	0.00011106057346660825	5.508659475250258e-05	0.002785761688597166	-0.0207837303197159	-0.012011589947433803	-3.589602417299734e-05	-0.0037239281556101698	0.008270828447311893	5.8573788427629685e-05
14.5	-0.0003202601404348615	0.00011381603217562886	0.003186029953281112	5.025565389612912e-05	0.0001176703778978986	0.0027865834735807853	-0.008065917352751285	-0.02269049851776173	9.499100259364111e-05	-0.007948753024552665	0.0037264781052800287	9.097473840742213e-05
14.510000000000002	-0.00031760542624829273	-0.00012202710749657214	0.0031871938127474605	-3.492992608924386e-05	0.00012374259891994623	0.00278748890403025	0.008569764453329293	-0.02247857490094661	0.00011864799637590956	-0.008380825202938714	-0.002580166698459146	0.00010699790251888247
14.520000000000001	-0.00016275120778749865	-0.0002992512424895886	0.0031882081602086884	-0.00010375616679431146	7.026713114191495e-05	0.002788578263166584	0.021115277281306244	-0.011473940252117754	6.843449262473838e-05	-0.004785795235160868	-0.007662936345198476	0.00010863605024073712
14.530000000000001	6.992052998565826e-05	-0.0003327735771911489	0.0031888378033116485	-0.00012260117069463956	-1.7059672398840542e-05	0.002789418077365181	0.02349188890278777	0.005020239939995515	4.749008939929234e-05	0.0011931559081919322	-0.009075965762507241	5.540385148028072e-05
14.540000000000001	0.0002690098663054594	-0.0002068785974681916	0.0031889601676385	-8.222330766504421e-05	-9.621288543906912e-05	0.0027892172812553407	0.01466975784437473	0.0191110454471585	-3.461740901669138e-05	0.006550711625846279	-0.006083228095045794	-5.299620354051494e-05
14.55	0.00033933198758244747	1.851577246250934e-05	0.003188434548063321	-2.3681636133875926e-06	-0.00012919358670310843	0.0027881833412179723	-0.0012184780452074748	0.024083551927810833	-7.345045280676342e-05	0.008736179367056012	-0.00019942953160165003	-0.00011162080310327525
14.56	0.00024636476268103655	0.00023539160925376866	0.0031872967696367754	7.86610384821702e-05	-9.974202043411593e-05	0.002787084097710116	-0.016556989951742294	0.017459184590208596	-0.0001606227998466138	0.0067747548053439955	0.0058433605779369445	-9.063035509386972e-05
14.57	3.488445070088359e-05	0.0003392552796678498	0.0031858977902717283	0.00012213137025593264	-2.2108938584849198e-05	0.0027865646746558803	-0.023944682226986	0.002459101824801756	-0.00010013147044289359	0.001560826175106128	0.009040681545772084	-1.273866323017075e-05
14.58	-0.0001935078399850185	0.00028030123159795414	0.003185692871297591	0.00010719919331451758	6.614720303278082e-05	0.002786617520100499	-0.019796753842361188	-0.013755182562896005	3.3775142162425835e-05	-0.0044204304221302435	0.007869836168396786	2.9093153702743187e-06
14.59	-0.00032895368539332276	8.671695097973353e-05	0.0031866259850049116	4.079755348226794e-05	0.00012252464995820013	0.002786898385016075	-0.006156969779683097	-0.023341337913574345	0.00012423707428809696	-0.008297566839112607	0.002930886880456966	3.3265436407386995e-05
14.600000000000001	-0.0003066109400968544	-0.00014860365474151228	0.0031875739608497136	-4.540196660456096e-05	0.0001202277396433519	0.0027876174794390775	0.010451684660718982	-0.021721267675924836	5.7043218541423e-05	-0.008214220353826877	-0.003386645341722282	0.00010508154902296813
14.610000000000001	-0.00013718245736705107	-0.000312411104446155	0.003187734316168805	-0.00011019653018146728	6.03740332755134e-05	0.0027886393297499937	0.021997290834600773	-0.009662840082340973	-3.9392613864750405e-05	-0.0041922221244954936	-0.008072629343608832	9.672332866638182e-05
14.620000000000001	9.772322933939699e-05	-0.0003265147438502443	0.0031869962472107927	-0.00012221489982187016	-2.7963111117875626e-05	0.0027894365080506772	0.023013388187062042	0.0069588690390056645	-9.273565802184312e-05	0.001869950656619931	-0.008848470663643323	6.564667021226298e-05
14.63	0.00028589160450567916	-0.00018418975654255803	0.0031864164658108904	-7.61241896479469e-05	-0.0001022769807863865	0.0027893827327725414	0.013030231495916993	0.02032744047613385	-7.796434233787934e-06	0.0069696814270264595	-0.005383594017257597	-8.647688901935851e-05
14.64	0.00033715351874613305	4.6747350945981936e-05	0.0031864080656458034	6.2618790653641334e-06	-0.0001270817754747982	0.0027883045942901125	-0.0032295793927643603	0.02393984211656052	3.461745151130782e-05	0.008802678522517524	0.0006100936866229222	-0.00013660642002016025
14.65	0.00022673669448708143	0.0002553470587683623	0.003186735196473198	8.560736425184369e-05	-9.105715854490327e-05	0.0027869706411866417	-0.017961751438602645	0.01602004218397519	5.003056346437469e-06	0.006412606871896283	0.006312160863888309	-9.304813623948884e-05
14.66	7.571501219077624e-06	0.0003409787033261187	0.003186847529088402	0.00012405377944703282	-1.1141291969993733e-05	0.0027862145658662804	-0.02402571382989632	0.0003912875635750293	1.8927891702357193e-05	0.0009429381690754185	0.009017701772046345	-3.8637196137199184e-05
14.67	-0.00021478149108562512	0.00026286942524229834	0.0031869405292668717	0.00010270999694402189	7.439010694481261e-05	0.0027860514002676414	-0.018597149292054527	-0.015360063100743842	6.056521430984759e-06	-0.005044832717164217	0.007360626740864975	1.5634084913744272e-05
14.680000000000001	-0.00033406926026837216	5.870521216643569e-05	0.0031869016357835883	3.186941876342304e-05	0.00012418907745905637	0.0027863508775792054	-0.004243971658325165	-0.023758487542117183	-1.4420337310552774e-05	-0.008526262798912977	0.002169837479295878	6.0242572074776626e-05
14.690000000000001	-0.0002926981519691608	-0.00017358643188843982	0.003186991116076088	-5.423341298480914e-05	0.00011432758424834072	0.002787335182520523	0.012130367373171247	-0.02075475370770029	1.1244329952323242e-05	-0.007969887460059827	-0.004034764603332444	0.00013198103774734692
14.700000000000001	-0.00011114387760323443	-0.0003224784893266287	0.0031871356164545482	-0.00011446573492649399	4.962602127933234e-05	0.0027884979731664546	0.02265299964713078	-0.007766341031025573	1.1851483280033233e-05	-0.0035523433251408968	-0.008352933007449206	8.76082713534229e-05
14.71	0.00012386133755999917	-0.0003166862102193537	0.0031873078965240094	-0.0001196138613982845	-3.8829020601721796e-05	0.002789117574422583	0.022368245603452797	0.008882475181213545	2.8030670730958477e-05	0.002552010882342255	-0.008612690042786178	7.84001836840386e-06
14.72	0.0002996418166813231	-0.00015919597186547815	0.003187458476654702	-6.736382860529312e-05	-0.00010876323065096148	0.0027884941432972446	0.011316485837871426	0.021293037059718717	2.76058158452647e-05	0.007465605714431457	-0.004777039710652495	-0.00011475572004290266
14.73	0.0003318175520355785	7.464813814075225e-05	0.003187887650107581	1.7473114990686403e-05	-0.00012672700605236454	0.002787174755040831	-0.005180008080937946	0.02350368989463795	1.4956535625412517e-05	0.008776503704793557	0.001365081063700384	-0.00013796016989515525
14.74	0.00020460194584722514	0.00027266605548713205	0.003187767650426425	9.406273489225777e-05	-8.37522554235842e-05	0.0027863004830589963	-0.019180296052618798	0.014447043001052788	-5.166371767951306e-05	0.005903975115270853	0.006866983431775102	-4.2079488749781784e-05
14.75	-2.0560073144774498e-05	0.00033991672418226125	0.0031869504885881565	0.0001257082223007234	-5.379060368172949e-07	0.0027863481610477807	-0.023970873938429078	-0.0015787302248927145	-0.00010058740622638648	0.0001633511403165286	0.009093683486927705	4.902119284320798e-05
14.760000000000002	-0.00023579096881548654	0.00024386603955279414	0.0031862367948306512	9.723661183100185e-05	8.311533216732135e-05	0.0027869796708458205	-0.01731151317248058	-0.016819886850111404	-1.3495332793787684e-05	-0.005601854845579665	0.0069388614569233925	6.491130019807793e-05
14.770000000000001	-0.000338552954442731	3.0866322007404396e-05	0.0031867351000481807	2.2474915707015377e-05	0.00012671385246680903	0.0027877948063936803	-0.0023599808654532315	-0.02400408851400671	9.332630995888745e-05	-0.008715951967068765	0.001444385631921593	8.693065754355397e-05
14.780000000000001	-0.0002789027004932492	-0.00019715007765136287	0.0031876546634628986	-6.320476425700134e-05	0.00010957389688870836	0.0027883790078562613	0.013786015420245957	-0.019676540367260242	8.194736617275754e-05	-0.0076937845266614084	-0.004698725208501892	6.374305356902765e-05
14.790000000000001	-8.537179366260922e-05	-0.0003305625459666116	0.003188238369622213	-0.00011885948952930688	3.992791961494989e-05	0.002788847005838205	0.023294853168751586	-0.0059050032916900625	1.9678496694935565e-05	-0.0029583711089938114	-0.00864547464518105	-1.0688547422447804e-05
14.8	0.0001491070319020753	-0.0003057094599874471	0.0031884324236556415	-0.00011737354130195836	-4.8973928125789406e-05	0.002788587650905267	0.02163308823125425	0.010669654219278556	-1.2320649501968925e-05	0.003221819303406327	-0.008404419748394067	-4.801222149950319e-05
14.81	0.0003121356009755983	-0.00013426639993060585	0.0031877920995190792	-5.954774636705987e-05	-0.0001144126977080852	0.002788159215154652	0.009605343708591648	0.022171634394859602	-0.00012669365273455506	0.007853363740675719	-0.004129908217989207	-7.584691820128914e-05
14.82	0.000325348483602131	0.00010168537875679844	0.003186484190754282	2.6957891720980062e-05	-0.00012495361477889765	0.002787300493226598	-0.0070516507108390756	0.0230370481003412	-0.00014749581010553534	0.00873289566239562	0.002118528277391685	-8.715787223300837e-05
14.83	0.00018249473724385963	0.00028898803562107863	0.0031849122863741278	0.0001006543167650033	-7.545424707804121e-05	0.0027864691268528886	-0.020315500644977138	0.012844849491981543	-0.0001548119814047675	0.005388921259045422	0.007364014343226646	-6.570291679423314e-05
14.84	-4.77783789476488e-05	0.00033786095613856523	0.003184348892498585	0.00012625804957647636	1.000169345899305e-05	0.002786062154223851	-0.023796226755935627	-0.0034946484083264425	4.049102076515213e-05	-0.0005051319291366964	0.009028506200294122	-1.8981246816677265e-05
14.850000000000001	-0.0002549564607628064	0.00022473952248132262	0.0031857769898201785	9.148123736967044e-05	9.053207613742851e-05	0.0027862857630025976	-0.01590895086262984	-0.018197611192367777	0.00022514940644486117	-0.006162735659893782	0.006382706104059351	6.053667424897554e-05
14.860000000000001	-0.00034001568461934693	3.445533983469975e-06	0.0031881900838303203	1.2727267324783812e-05	0.00012760371392722293	0.002787392431305168	-0.0003902585762198477	-0.024203690971710067	0.0002357387729517369	-0.008917287392300594	0.0007142966954698985	0.0001395321316285603
14.870000000000001	-0.0002621426141039251	-0.0002197177084960013	0.0031900657003220527	-7.215636882610004e-05	0.00010323197191883942	0.002788826190291117	0.015339219701939183	-0.01854051537390585	0.000100167988683111	-0.007345539102073246	-0.0053823420152356635	0.00012184824490804827
14.88	-5.850396107311216e-05	-0.0003372558350075401	0.003189814091908122	-0.00012267272640420596	2.8698443888044203e-05	0.0027900401144868667	0.02365408267264444	-0.003974387874190917	-0.00014543536589263853	-0.002328303788858002	-0.00889093582205002	8.11913596568002e-05
14.89	0.00017274257648558402	-0.00029282336174028806	0.003187830870185152	-0.00011468458232469628	-5.958688377775814e-05	0.002790339052191226	0.02065233615047884	0.012481394642184767	-0.0002456315172751029	0.0038690165199871587	-0.008030687350266377	-5.53777587560978e-05
14.9	0.000321414044374448	-0.0001078506425413559	0.0031855740768799434	-5.165336014970666e-05	-0.00011905830951992808	0.002789179989855086	0.007829936968914276	0.022944531499447585	-0.00017490322063089107	0.008190260070882626	-0.0033488801985169614	-0.00013424798606352076
14.91	0.0003164996521552746	0.00012857859096231266	0.0031842602816889967	3.585108174135325e-05	-0.00012131148130214239	0.002787687233516686	-0.008769039086353562	0.022382022846742258	-6.426878732863118e-05	0.008599417151065861	0.0028887685640527926	-0.00014535424956647856
14.92	0.00015977086209781558	0.00030332130803670704	0.003184551511475298	0.0001062528045562677	-6.573876342536339e-05	0.0027867004412786044	-0.021236471541580662	0.011147968833758575	0.00010827346519952731	0.004907394815964016	0.007738834335601783	-7.027205044079218e-05
14.930000000000001	-7.361135519726095e-05	0.00033276861366386944	0.0031863228663640826	0.00012581449525500812	2.095010502040678e-05	0.0027861673576231897	-0.023468726117762066	-0.005514686560968942	0.00024165715304665127	-0.0011309860510848968	0.00886993543774781	-4.811567264319063e-05
14.940000000000001	-0.00027167299262334906	0.0002022768534098475	0.0031886024243869843	8.515165140857323e-05	9.772415240819589e-05	0.0027860639948280017	-0.014483142068395452	-0.019472826872007073	0.0001822556970767569	-0.006672245311124649	0.005831545934828125	4.051928807254369e-05
14.950000000000001	-0.00033954740911370596	-2.5100646580435145e-05	0.0031895890230266926	3.2763984911599632e-06	0.00012797277683170062	0.0027870693077397934	0.0014611869378339676	-0.02407375607596963	-9.184997768971013e-07	-0.009036150717506108	-3.892535787188486e-05	0.0001407882151941715
14.96	-0.0002444771303764454	-0.00024021168468534094	0.003188653495527367	-8.062406807176289e-05	9.669683473068874e-05	0.002788576030231588	0.01674240951170435	-0.017121247160950284	-0.00018689827592021597	-0.00700610841043969	-0.005917643252939045	0.0001468850174566821
14.97	-3.219744750320547e-05	-0.00033964653536848314	0.00318644837100595	-0.00012577767977139378	1.941410957040103e-05	0.0027897564750976943	0.023943763698343494	-0.0019595339763803336	-0.0002392037913544409	-0.0016212387419506707	-0.008900827506569252	8.633579633200048e-05
14.98	0.0001959606577648005	-0.0002763388360921469	0.0031844644949312836	-0.0001106225164362165	-6.672498042773201e-05	0.002789846521217489	0.01975660402811577	0.014080529349813964	-0.00011395296557891646	0.004534472450807966	-0.007606449185622272	-5.541741276529919e-05
14.99	0.0003308698850356425	-8.073736134199484e-05	0.003184433099898807	-4.3006034908624204e-05	-0.00012062749414258214	0.002788881095935268	0.006078095600015606	0.023428112616823805	0.00010628132822075229	0.008444375260994725	-0.0027154057976247776	-0.0001399225294717105
