0.0	-2.9224093599483414e-11	1.5445342277608882e-11	0.0032248049906383374	1.1744037039610825e-11	4.281289202061142e-11	0.00274274707048018	-1.1689637439793366e-06	6.178136911043552e-07	1.242828445020144e-06	4.69761481584433e-07	1.7125156808244568e-06	-1.4273152353933962e-06
0.01	1.6369103747729712e-07	1.8640757927309763e-07	0.0032246795412008093	1.4544924334306642e-07	1.0127680167646003e-07	0.002742627517815837	5.823958636961117e-06	4.964074208473209e-05	-2.1148298529599907e-07	7.472294838906144e-06	3.5381049812066465e-05	-6.7478941557914365e-06
0.02	3.583106563037641e-08	5.233959014743881e-07	0.0032246828511746733	1.725675323671755e-07	5.753313136816553e-07	0.002742769324013226	-1.0571774561587359e-05	2.9157633369889863e-05	1.0131662321166434e-05	-2.2594113592533477e-06	6.322326036698259e-05	1.07884351794689e-05
0.030000000000000002	-2.2529153009174658e-07	5.957330285418196e-07	0.0032248481369493453	4.0001568520690136e-08	7.540454614513196e-07	0.0027427059921541815	-1.470323911602792e-05	-7.575374088317267e-06	1.5133426197847275e-05	-2.5520139334765232e-05	-1.0972685932618955e-05	-2.2754318290788978e-05
0.04	-3.6227502216490957e-07	5.343408158624341e-07	0.0032248161796249253	-2.64135349026424e-07	3.6847359592372324e-07	0.0027426451759491382	-1.4940563573545585e-07	-2.1474055844804743e-06	-2.6628125146398144e-05	-4.3684735371713295e-05	-5.341073940756397e-05	-1.6481042610141432e-05
0.05	-2.6002858448599556e-07	1.8068447307272355e-07	0.003224632643882173	-5.840335753820073e-07	-5.7166236695242214e-08	0.002742591536566935	1.725935534636253e-05	-7.297582979446526e-05	-2.8626587698836133e-06	-2.987080495915167e-05	-4.6457411848419815e-05	-1.1150152820743229e-05
0.060000000000000005	-1.5533367818568784e-07	-5.757612222989277e-07	0.0032246926869332654	-7.424399261821063e-07	-5.652373525400684e-08	0.0027426461892462186	1.2908759654686953e-05	-7.2675146056975e-05	6.161791537586327e-06	7.699626326956018e-06	5.077360311306013e-05	1.0381401535106933e-05
0.07	-1.7095379038065138e-08	-1.2790531815010342e-06	0.003224922790111916	-3.5861552933915363e-07	3.4097137782983525e-07	0.0027425946467991035	2.8582071291091186e-05	-5.8444701575690966e-05	2.2375296876077858e-05	6.13950279740076e-05	4.248007263689977e-05	-2.0317390905291388e-05
0.08	9.682449467918655e-08	-1.6210459696538646e-06	0.0032250510678502654	3.269418693068817e-07	6.027070350469578e-07	0.002742508577537467	7.0764267186946435e-06	-1.9670290005137227e-05	1.081606014000856e-05	6.119429612092438e-05	4.8702089427367925e-06	7.94773729275352e-06
0.09000000000000001	9.115931522586833e-08	-1.5097722458208494e-06	0.0032249286059762928	6.308980564345149e-07	4.668682212566087e-07	0.002742686650824448	-5.1330740523916125e-06	4.3263703999267365e-05	-3.555325181925452e-05	-9.826843405894323e-07	-3.149826828543651e-05	2.9640822188945782e-05
0.1	1.7263474152144276e-08	-7.014228301190491e-07	0.0032243353326220667	5.376330324087512e-07	-2.680272406478289e-07	0.002743049653424334	2.1571319991209925e-06	0.00011747123753162898	-5.293010121054577e-05	-1.8468536028551186e-05	-9.782022932280614e-05	3.8124927848534735e-05
0.11	4.689735205734709e-08	5.684436967906619e-07	0.0032242312740827974	1.5554756607840907e-07	-1.190682702200111e-06	0.0027433368118570368	2.095468823178279e-06	0.00013777498057501858	3.752753680647096e-05	-5.014829578819829e-05	-8.631340769946826e-05	1.775900156589147e-05
0.12000000000000001	2.5963511158128776e-07	1.8885487613458867e-06	0.0032250420356870336	-3.51702843044491e-07	-1.418886322856605e-06	0.002743465439030115	5.206224390144768e-06	0.0001423043507818134	9.972556586802067e-05	-5.369983114897521e-05	2.4887335665697526e-05	-1.7644250247710845e-05
0.13	4.1220671546784616e-07	2.6791841588599316e-06	0.0032258095894466634	-7.848592384700658e-07	-1.0443803180165359e-06	0.0027430959117372266	2.4781744256973573e-06	2.754013681602427e-05	3.564835325061062e-05	-3.140754449102842e-05	5.283920849804269e-05	-6.383646453724128e-05
0.14	2.832754787811676e-07	2.6494187985482105e-06	0.003225941690635558	-9.609437959425485e-07	-1.3965476483406787e-07	0.0027426300829447403	-1.8885384263121485e-05	-4.5815038341047054e-05	-1.5761722266829224e-05	2.6301624484086547e-05	9.637880744960112e-05	-2.9251236422387874e-05
0.15	2.5467624933014697e-07	1.4958231629265627e-06	0.003225270274285344	-7.060847851172095e-07	7.676578099919329e-07	0.0027424883465312342	-1.0564520350076937e-05	-0.00018094496222082471	-0.00013195668595508578	2.409399923429587e-05	8.091461605633898e-05	-1.0262375538989613e-05
0.16	2.3565227102826467e-07	-5.403882121165156e-07	0.0032241489103960004	-3.5433078454514634e-07	1.4520905151883562e-06	0.002742353801513782	4.702905450109339e-06	-0.000181031383259205	-9.503759130991068e-05	4.289659281539473e-05	4.460172582374792e-05	5.499623047642664e-06
0.17	9.803134307716536e-08	-2.0418341335599474e-06	0.003223606542635146	2.4291887223613907e-07	1.6284792388063343e-06	0.0027424523378505182	-2.875190792034298e-05	-9.433026133813517e-05	-1.746785877323667e-05	5.90648508682472e-05	-2.0091402796400673e-05	7.524145406770369e-06
0.18000000000000002	-1.7889020677696783e-07	-2.7304708951573422e-06	0.0032241440057464	7.285885588289683e-07	9.193055147369155e-07	0.0027423828275822348	-3.452822305495757e-05	-3.480227148764841e-05	9.875683730601753e-05	4.1873018287518944e-05	-0.00011597594108983701	-2.0415530684136114e-05
0.19	-6.605916660057855e-07	-2.378936909235502e-06	0.0032252565289379157	8.85412115243629e-07	-3.391791169276025e-07	0.0027424561797499488	-3.407659066181271e-05	0.00011251548764287475	7.642482143680113e-05	-3.6400822739158435e-05	-0.00012477287969895598	3.04503341725978e-05
0.2	-8.483468724642941e-07	-9.311398647075571e-07	0.0032257745973355034	5.080733445192995e-07	-1.4165533614108216e-06	0.002742842702392229	1.104210430889697e-05	0.00015412276495809578	1.2531952337155236e-07	-3.9199274722576816e-05	-9.102340028018512e-05	5.654087102990356e-05
0.21000000000000002	-7.486082669385711e-07	7.03365649878736e-07	0.0032252256035947276	4.661442469252766e-08	-1.7332375953700067e-06	0.0027436048031882826	1.334360269520252e-05	0.00014995449580510687	-7.898528108321847e-05	-5.822759661161382e-05	3.262236043237565e-05	7.249952260282764e-05
0.22	-4.978927076137882e-07	2.081725728217751e-06	0.0032243438564271377	-6.377096069368895e-07	-9.658391543210635e-07	0.0027436256851477497	4.8660195339334225e-05	0.00012001992112971664	-8.338253934892499e-05	-7.157902173860236e-05	0.00012842030057342563	-6.702698114770738e-05
0.23	2.301644629382458e-07	2.45489867494337e-06	0.003223758707111895	-1.1520460824140094e-06	6.530366311845454e-07	0.002742880818753676	8.941987956874315e-05	-3.746881781281706e-05	-5.4660052243169506e-06	-3.0156047673760136e-05	0.00016896952552066918	-7.141584587752747e-05
0.24000000000000002	1.2319071019455505e-06	1.4514129660777163e-06	0.003224340228188193	-9.852394943273264e-07	1.9436928609496176e-06	0.002741945322001697	0.00010055279709146564	-0.00014641356279110852	0.00012178540917768498	6.913354489223533e-05	8.525590993118964e-05	-7.402385389053827e-05
0.25	1.8961014207691955e-06	-1.6448963188567088e-07	0.003225336693390964	-3.155640161091589e-07	2.1543383508853555e-06	0.002741259898016137	3.5475423065331386e-05	-0.0001727527939040949	7.396536607220722e-05	7.053145666685209e-05	-5.008522381197859e-05	1.214938697090038e-06
0.26	1.923285786381341e-06	-1.7864626377610475e-06	0.0032255170482081833	5.684946313704371e-07	1.0252019017457964e-06	0.0027417162605148163	-2.821768328497914e-05	-0.0001241866778977575	-3.128763045437093e-05	8.754541825225026e-05	-0.00019722132781029795	8.69306060003851e-05
0.27	1.011986313196047e-06	-2.4556144627287486e-06	0.0032247715506247224	1.4278720412795967e-06	-1.2209722578675022e-06	0.0027428185294715874	-0.00013314400263977934	-5.427080852459269e-06	-8.087973186477234e-05	6.939001680228643e-05	-0.00023790780182953624	0.00013314197822232647
0.28	-7.012918624190247e-07	-1.70484512801084e-06	0.0032241376401561587	2.0723222588480097e-06	-2.8972013124453484e-06	0.002743743613035084	-0.0001891719689257567	0.00015510549148219056	-2.829604757724573e-05	4.674132570198178e-05	-0.00011134912635266087	6.17460254837648e-05
0.29000000000000004	-2.498182028821041e-06	4.0327704841244335e-07	0.0032242721506659023	1.8696688482031646e-06	-3.0230161792747453e-06	0.00274391168846767	-0.00017494141656641932	0.00023028523191386723	6.324237593446418e-05	-8.690235988814315e-05	8.471350351961154e-05	-3.247877374372975e-05
0.3	-3.5542533567299855e-06	2.3995433325843826e-06	0.0032250556572994116	6.131397172756598e-07	-1.6524036160958022e-06	0.002743189300411778	-3.7197443436035344e-06	0.00014816925904380607	6.836816030481457e-05	-0.00014645644833639787	0.00017049983442245893	-0.00010381304691777089
0.31	-2.6969768960256408e-06	3.113884043713403e-06	0.0032255297794653386	-9.365396640753385e-07	3.9270853873455186e-07	0.0027422278418570457	0.0001506931015879293	6.34245273303272e-06	2.3611696738193834e-05	-0.00013396597475907158	0.00021146692213096086	-9.176344366219174e-05
0.32	-5.959785773992659e-07	2.3034934877457497e-06	0.00322527116822834	-2.130562422716173e-06	2.3664219665319322e-06	0.002741605825015941	0.0002474096556065062	-0.0001592879356359546	-6.384602624244977e-05	-8.06144715214922e-05	0.00016548957524090135	-2.133726806733979e-05
0.33	1.959175611850366e-06	4.927979827500977e-08	0.0032243300932907042	-2.2325075006590424e-06	3.4359710230228786e-06	0.0027417987061068	0.00023505689084694578	-0.0002730215818376732	-0.00011722706858761572	7.442765385910756e-05	1.6033708668375004e-05	8.007602795614796e-05
0.34	3.6042651535644594e-06	-2.755233153182022e-06	0.0032235096336871343	-1.023375755899856e-06	2.9302836119728128e-06	0.0027427136197911593	9.294952885846915e-05	-0.0002687124870342678	-4.848680699082703e-05	0.0001474772995529368	-0.0001248084075551496	7.496836169646503e-05
0.35000000000000003	3.522598993471817e-06	-4.855061007248969e-06	0.003223658177797869	5.727498309335081e-07	9.38099947048258e-07	0.0027431972333877537	-0.0001191248159743891	-0.00010539388166506482	8.164686022620576e-05	0.000164651195391378	-0.00025098393496261816	4.871783091491999e-05
0.36000000000000004	1.4952139664291e-06	-4.702998079329834e-06	0.0032248445197670954	1.9250345731858388e-06	-1.5566141423010233e-06	0.0027434971992282963	-0.00026541810157059976	0.00012358023149179587	0.00013045471709827102	0.00011548557046697571	-0.000223056391432576	6.646691238915872e-06
0.37	-1.1715530411599147e-06	-2.280089298356942e-06	0.003225985299680201	2.547470954529757e-06	-3.3444677838864666e-06	0.0027433579848947206	-0.00026389904051490236	0.00034925505717499285	8.513098132597613e-05	1.5409900128210237e-05	-0.0001146448202900749	-1.1988195591495919e-05
0.38	-3.6557129462900467e-06	1.646058981452571e-06	0.003226257692805511	2.141100668504348e-06	-3.503384756389577e-06	0.0027432261294556455	-0.000198084576763022	0.00036707689281939863	-4.3554988767951796e-05	-7.707716811052117e-05	8.091659413613125e-05	-2.0316943588589215e-06
0.39	-4.722027878548735e-06	4.5690031068835806e-06	0.003225151244794295	8.775469114139213e-07	-1.9029687508139683e-06	0.002743306643601121	1.2045757215949012e-05	0.0002145380812147451	-0.00012701973876219543	-0.00018097376536820871	0.00021113399512942947	-6.713788364239015e-06
0.4	-3.6692294160193402e-06	5.660738266917705e-06	0.003223903632985023	-9.218889410330569e-07	7.073830054476754e-07	0.002743197173781148	0.00019622230293522738	-3.8494454270367214e-05	-0.00010304868975505717	-0.0001763696577839514	0.00026869719626786435	-1.8116323732188796e-05
0.41000000000000003	-1.255233086880625e-06	4.109584403576051e-06	0.003223309678253998	-2.2630028050654643e-06	3.025607606335808e-06	0.0027427693940504094	0.00024235092071256487	-0.00029070397095467236	-1.4561974198008333e-05	-8.15489320042734e-05	0.00017975239069743866	-5.714383022619535e-05
0.42000000000000004	1.4974683029004376e-06	2.303677462113516e-07	0.003223806542933726	-2.5608200120832187e-06	3.854397223360545e-06	0.002741977633625603	0.0002752891854515236	-0.0004419226686369657	9.37475061581569e-05	3.637416963386442e-05	-2.9699270156343864e-05	-8.66302840446267e-05
0.43	3.78521130016285e-06	-3.989579898625973e-06	0.003224893070087644	-1.8019451129855328e-06	2.6075003244136654e-06	0.0027416912924528407	0.00015160688468825677	-0.00035726603185199204	0.00011748783951264534	0.0001400281608776716	-0.00021131878528841491	1.0714553357734972e-05
0.44	4.302329064819626e-06	-6.3756688887804795e-06	0.0032258676407655863	-1.623728532563608e-08	-2.1772111233478455e-08	0.0027422617029780132	-3.392609071393007e-05	-8.693581290964916e-05	6.91491132578057e-05	0.00021185712635273126	-0.0002776290203359773	0.00010562947649979198
0.45	3.231876243967358e-06	-5.886660079447893e-06	0.003225834310612632	1.8357487634040682e-06	-2.390924032014082e-06	0.002743704940393011	-0.00019681198974790827	0.00020347547768757114	-6.028155426999311e-05	0.00016500307815797485	-0.00020132938604252654	0.00016473604355681274
0.46	6.203573439320962e-07	-2.6028488586391044e-06	0.0032252459617094975	2.695249387348639e-06	-3.953003708792058e-06	0.002744929759264871	-0.0003184662437317114	0.00042861108603292386	-8.746112098507338e-05	-6.603714362618141e-06	-9.594618729559638e-05	5.544505111729446e-05
0.47000000000000003	-2.6003806585926398e-06	1.9955638163792633e-06	0.003224494130734919	2.0291063174735686e-06	-3.976284551403862e-06	0.0027450361759532985	-0.00029181483376887647	0.00043564017849365876	-5.105633179492643e-05	-0.00011817701187920194	0.00010221036076893751	-6.043183453718946e-05
0.48000000000000004	-4.8964587980124585e-06	5.729118000704496e-06	0.0032242520354023633	4.6754949182041285e-07	-2.036080983981533e-06	0.0027435804000748025	-0.0001346799364999127	0.0002722796040896568	1.4228401710697247e-05	-0.00017865170610338686	0.00025204160109755497	-0.000210436882081524
0.49000000000000005	-4.992530521638449e-06	6.936572012131988e-06	0.003224551738096745	-1.3534382108951863e-06	6.027819386654468e-07	0.0027416052390989622	0.00011109910907265564	-2.73933476578918e-05	4.245991751347038e-05	-0.00016326619132350868	0.0002659147548029157	-0.0001594922524645297
0.5	-2.927100465071229e-06	5.111924163368415e-06	0.0032248512584706164	-2.504558669402264e-06	2.7723112649387195e-06	0.002740701648318245	0.0002966519391987791	-0.00033182314509296783	2.2487968825979833e-05	-5.442592599236456e-05	0.0001560372049530259	-4.226918068331322e-05
0.51	4.520087252222342e-07	8.936816321012561e-07	0.003224528551064418	-2.5644648777303547e-06	3.29684932743346e-06	0.0027409267365205527	0.0003508076921024371	-0.00047815778239222707	-5.1494530154737736e-05	8.018266258740206e-05	-3.346736546684221e-05	8.266245942519974e-05
0.52	3.6172175135569913e-06	-3.7495310346364237e-06	0.003223726458354428	-1.2737670544106224e-06	2.169602163938094e-06	0.0027421388861630703	0.0002677879077748725	-0.0004090030527508881	-6.977777427444688e-05	0.00015909972737269146	-0.00017812002017113048	0.00015602925194773873
0.53	5.451679607774429e-06	-6.647875802828974e-06	0.0032237239952142443	3.8736172559225127e-07	1.5431452386942813e-07	0.002743512668507318	9.460010570592007e-05	-0.00014044617762074785	5.4747156104832026e-05	0.00016531775575823052	-0.00023420019639652906	9.347916442735586e-05
0.54	5.0959370040234516e-06	-6.398827751448152e-06	0.003224705676308246	1.6838076817344556e-06	-2.09227977367754e-06	0.0027440284772009835	-0.00015513111581069334	0.00020202251127485982	0.00012602208963762606	0.0001117265331337802	-0.0001945417234208259	1.0512050022979328e-05
0.55	2.389496294771317e-06	-3.005151682870229e-06	0.003226193447676372	2.412214795814583e-06	-3.4810212981662736e-06	0.002743642922783102	-0.00037237866709241167	0.00045052754913529875	0.00010267984323386198	2.7200616917504495e-05	-6.72327711578052e-05	-6.660308057244288e-05
0.56	-1.6350190201305366e-06	1.9887896569445634e-06	0.003226611080512385	1.903512569330872e-06	-3.233600514961284e-06	0.002742863937180382	-0.000392052998752315	0.0005109473237996244	-1.5311012490515617e-05	-0.00014349093430062357	0.00010221880861264183	-7.559686713483845e-05
0.5700000000000001	-5.008002832077081e-06	6.182517166996467e-06	0.0032258233710211535	1.3212185149443813e-07	-1.46289958013189e-06	0.002742225768104243	-0.00024626968216631066	0.0003140005172076797	-0.00014907774083528871	-0.00021421485290114829	0.0002362794761561169	-4.693303482739279e-05
0.5800000000000001	-6.018917674979978e-06	7.690176251957777e-06	0.0032241516523878284	-1.9721732397101808e-06	8.822972725878676e-07	0.0027422588796315287	4.5848628200871536e-05	-5.972793955924329e-06	-0.000181062730178446	-0.0002015829160433409	0.000218561180572171	2.571443367772749e-05
0.5900000000000001	-4.135634161920988e-06	5.698705065807014e-06	0.0032227063232591053	-3.1604209383829307e-06	2.702330195658478e-06	0.0027424649429297673	0.0003101903000755527	-0.0003509699232188089	-0.00012098711510054015	-2.9670260510196875e-05	0.00014545150786131493	2.2059228965450454e-05
0.6	-1.2641836926491117e-07	8.943238567337935e-07	0.0032226532043129496	-2.852456361260668e-06	3.4699563093757693e-06	0.0027423740421593373	0.00044372623244815174	-0.0005411188481883907	9.698983004865229e-05	9.498327993879515e-05	1.4071962206893496e-06	-3.599450908996059e-05
0.61	3.883989512213256e-06	-4.293116519130866e-06	0.003224450941432604	-1.1899868103234866e-06	2.6524488634956694e-06	0.0027421749032054688	0.0003478679685279343	-0.0004386240251137474	0.0002140779108854433	0.0001910116231536193	-0.0001524241847050915	-7.795005512303368e-06
0.62	5.941903316630249e-06	-7.414965940984386e-06	0.0032265186737790545	8.491728164077516e-07	3.732285847754142e-07	0.002742221713856939	6.522755563891185e-05	-0.0001570455478343942	0.00015368032319575874	0.00020090828338273776	-0.00027408252258012363	4.939966262288763e-05
0.63	5.419825832328485e-06	-7.202147935735801e-06	0.0032272768966193307	2.461203471361624e-06	-2.4099264835476085e-06	0.0027429168702654133	-0.00020924485533880912	0.00021620014569589103	-2.5593026067789116e-05	0.00012436478603200835	-0.0002629386129069834	9.118560437866138e-05
0.64	2.0977424117316137e-06	-3.6213411874815725e-06	0.003226000842474708	3.1413597736267093e-06	-4.234735467068593e-06	0.002744019024423479	-0.0004156285646274642	0.00047767534061923713	-0.00017633403586364056	-1.0974050390386198e-05	-8.778060151500855e-05	9.547992704150381e-05
0.65	-2.231575891439663e-06	1.854991482272197e-06	0.003224066840232118	2.5366423442638582e-06	-4.043660436484487e-06	0.002744517474110055	-0.00044122165586782077	0.0006073621197433837	-0.00019231775946667248	-0.00010884633088176958	0.0001266840341968262	1.100280701799094e-05
0.66	-6.123704146173779e-06	6.961029994693934e-06	0.0032230020253284225	8.805253365306976e-07	-1.9631189119749692e-06	0.0027440514749456353	-0.00027416946099228454	0.0003904244567456213	-2.1562345273475868e-05	-0.0002287718642316163	0.0002771577322347329	-0.00010349890903237307
0.67	-7.218471437207994e-06	9.054910044763748e-06	0.0032236960180789614	-1.6332130168240016e-06	1.2776787019517014e-06	0.002742748365395504	7.112483867748566e-05	-1.2878578850824877e-05	0.00014328531806248157	-0.0002613321275196232	0.0003254270554308432	-0.00011958865017402767
0.68	-4.598717179566317e-06	6.787042781498215e-06	0.003225344438885495	-3.382128195074916e-06	3.7846617085745894e-06	0.0027415525172013074	0.0004174982507116436	-0.0004369792612562716	0.00016436187139540513	-8.618068783493299e-05	0.0001531055866476123	-8.135075724930575e-05
0.6900000000000001	3.1194214292714544e-07	1.2526034854075096e-06	0.0032264187357354877	-3.493407981813942e-06	4.463312583637219e-06	0.0027412924350808145	0.0005354363511245124	-0.0006548341224043195	2.0637279062534886e-05	8.36441712892579e-05	-3.6442595965312556e-05	2.8034000465844058e-05
0.7000000000000001	5.280471109381128e-06	-5.159901259777995e-06	0.0032258109154078137	-1.7433623073642503e-06	2.939816613287282e-06	0.002741988674595249	0.00042262880390047655	-0.000590937033918636	-0.0001276795388277217	0.000247911751211565	-0.0002561039350541387	7.847182073827697e-05
0.7100000000000001	8.12584901531215e-06	-9.571554228292087e-06	0.003224462503117738	1.1275287456076013e-06	-2.627030801575067e-07	0.0027428889484408157	0.00011674821162577256	-0.00023259675071988047	-0.00012864292635306415	0.0003110733726691383	-0.0003801660588632721	8.058739639981318e-05
0.7200000000000001	7.5089771475901726e-06	-9.582483453661435e-06	0.0032234594803588323	3.5583942093812446e-06	-3.818451589607148e-06	0.0027435528919149592	-0.0002601392394133356	0.00021619033085724186	-1.5218383782609363e-05	0.00016922177437125912	-0.00029507700432492506	2.397647539027459e-05
0.73	3.452238392374818e-06	-5.524150803523139e-06	0.003224095430874431	4.4259989947170126e-06	-5.8278354994148476e-06	0.0027432896360085556	-0.0005324869920823001	0.0005810443571922996	0.00013710910464940294	-2.7072256774720228e-05	-7.68520282989429e-05	-5.6716482024864526e-05
0.74	-2.297521285268009e-06	1.2274419993478505e-06	0.0032254688382861107	2.9694242527331347e-06	-4.923098833918765e-06	0.0027425726931150736	-0.000582382138847298	0.0007237644880724538	0.00011414170491578917	-0.0002553891102825652	0.0002597587094098067	-8.794465578744325e-05
0.75	-7.043402253875304e-06	7.7872378651965e-06	0.0032259105848172335	-1.2981830903867975e-07	-1.3268762922871784e-06	0.002741903622061147	-0.00033954424741524064	0.0005286567425759705	-2.884258676831941e-05	-0.00032524936727479836	0.0004227136911035686	-3.223929857349217e-05
0.76	-8.544148836476131e-06	1.1122219336901846e-05	0.003225013603759719	-2.90609660207775e-06	2.8781066857561387e-06	0.002742003818985039	5.602399150180011e-05	0.00010086326520295001	-0.00012529778887991098	-0.00021730593321122926	0.0003959052228764292	4.46738588133558e-05
0.77	-5.93912077536897e-06	9.466276275017975e-06	0.0032238712754716066	-4.221270829124472e-06	5.732535508417324e-06	0.0027426140272283506	0.00045128834652728337	-0.00040698690280897696	-8.995447149380414e-05	-2.8944844342621047e-05	0.00016162615192629452	5.1213748410114744e-05
0.78	-2.653969351913267e-07	3.304887255623262e-06	0.0032233298607516904	-3.3728499637154568e-06	6.080717786563514e-06	0.0027429101588730396	0.0006315929695130958	-0.0007663996609838983	3.071348531202877e-05	0.00019926462318415505	-0.00010180205230104023	1.7650127310886292e-05
0.79	5.61945849249054e-06	-4.8135471204271905e-06	0.0032241623397614434	-4.893664441071839e-07	3.7435492356815505e-06	0.002742885513108177	0.0005009605680662242	-0.0007828693165344662	0.0001254203354812524	0.00034066211875295895	-0.000340688478565867	-1.1817649832674185e-05
0.8	8.9390503241404e-06	-1.0882778245796278e-05	0.003225504370204341	2.812851769307872e-06	-3.6402071161271456e-07	0.002742608709929693	0.00012266654895709236	-0.0003756819768923576	0.00013597107636465524	0.0003108193363587099	-0.0004318246539721505	-3.612105488698178e-05
0.81	7.707448692070888e-06	-1.2113822089796113e-05	0.0032262237478434975	4.956348573216171e-06	-4.508503730202972e-06	0.0027423854662686907	-0.0003286031634561702	0.00015006946633219613	5.194945438489572e-06	9.020589347252487e-05	-0.00034888541205067245	-1.8975296275708164e-05
0.8200000000000001	2.6990590798211366e-06	-7.80742304618642e-06	0.0032256124018046096	4.5183599721464925e-06	-6.814266879921507e-06	0.0027424596452767015	-0.0006407544713295671	0.0006846132480046122	-0.00011207140100277466	-0.00018591263016174724	-7.968208461595908e-05	4.103942041295126e-05
0.8300000000000001	-3.7357273070643467e-06	2.8390173395006506e-07	0.003224467151538481	1.5943167392808858e-06	-5.9030931886019776e-06	0.0027428626752104245	-0.0005845911802880692	0.0008704277010188275	-0.00011494022108559687	-0.0003637354423176943	0.00023693604013567623	5.173092726310509e-05
0.8400000000000001	-8.338993089201648e-06	8.115267929544266e-06	0.0032236975377334578	-2.1548651531157835e-06	-2.3782878568107466e-06	0.0027432023745114424	-0.00029848819602903726	0.0006455589664081152	-3.491382059372876e-05	-0.0003466797848609914	0.00044968416743611976	2.0297271342069503e-05
0.8500000000000001	-9.323803231036929e-06	1.2112087830241295e-05	0.003223742558180944	-4.830711213948137e-06	2.353671182266138e-06	0.002743252649372406	9.840909037017224e-05	0.00011915361752378992	5.069811489396466e-05	-0.00015763048942281504	0.00046560512379289603	-2.507603396413747e-05
0.86	-6.349083497233319e-06	1.012474063159296e-05	0.00322475504100177	-5.33189121660504e-06	5.865784883774067e-06	0.0027429819035337533	0.0004919645272298991	-0.0004776449073603422	0.00011278370905640672	5.433755186880027e-05	0.00023374820570630826	-2.462070920644216e-05
0.87	-2.1815034207964386e-07	2.9602232972577273e-06	0.0032256322953614115	-3.575873525882615e-06	6.5699458701427625e-06	0.002742655322115386	0.0006880203163894584	-0.0008846729101812091	4.124574301184418e-05	0.00030862963019289737	-8.899278788121058e-05	-4.335605280984216e-05
0.88	5.891304048975325e-06	-5.890169801477519e-06	0.003225548528088968	2.4245030360064635e-07	4.3050822972339625e-06	0.0027420992955445845	0.0004949246487198834	-0.0008328513738698528	-5.12576491030488e-05	0.00040474870712257086	-0.00036803381209060546	-6.410813401293801e-05
0.89	8.943084598491656e-06	-1.2072615943168874e-05	0.0032247271627032954	3.811926512869699e-06	-3.1591841336473175e-07	0.0027419410512304443	9.485167232850381e-05	-0.0003474843716029421	-9.04209085117843e-05	0.00025770733354135396	-0.00048372071236795665	2.2316070029791622e-05
0.9	7.508709792696844e-06	-1.2639228416840042e-05	0.0032240871546377285	5.113476504058963e-06	-4.72708959988526e-06	0.0027423488145023934	-0.0003546024072853921	0.0002515912658066017	-5.030438565788271e-05	-6.283574596131675e-07	-0.00038032421931555874	6.496726406057418e-05
0.91	2.4724419875007453e-06	-7.1669399629998155e-06	0.003223990502917757	4.195117733140556e-06	-6.9054383159348586e-06	0.002742921021383444	-0.0005968607131322151	0.0007871738517401226	2.960845108481049e-05	-0.00017969374285167292	-4.3323940275474545e-05	4.237816800647817e-05
0.92	-3.6862392017784396e-06	1.801536951157975e-06	0.003224679372394159	1.6957485237138595e-06	-5.557101574164731e-06	0.002743344195043978	-0.0005830080448512727	0.0009213186427495849	9.612837877536917e-05	-0.00030338762922313184	0.000293580935942201	2.5874034394774518e-05
0.93	-8.213507653204237e-06	9.996921446449916e-06	0.0032257440271805907	-1.5616649802790684e-06	-1.7570395720208508e-06	0.002743414780496276	-0.0002693124112695907	0.0006270018644368687	8.251906871293939e-05	-0.0003192973459635201	0.000447667445316084	-2.6819883154887514e-05
0.9400000000000001	-8.76367184323572e-06	1.3552574205774539e-05	0.0032262452951179626	-4.110762991352241e-06	2.7789820856976664e-06	0.0027430923311879546	0.00014477288293009084	6.29507508054747e-05	-2.199281929074981e-06	-0.00017549850883743853	0.00043603407187958434	-1.5849731329510748e-05
0.9500000000000001	-5.214576751228619e-06	1.067596660657409e-05	0.0032257300139787943	-4.779698658284082e-06	6.237355513752778e-06	0.002743097805383611	0.000521187210602516	-0.0006179203508678598	-7.577541917834024e-05	3.8723239740516706e-05	0.00022820931544618965	6.558622038023635e-06
0.9600000000000001	7.945738392493934e-07	2.459982585591134e-06	0.003224992446480551	-3.310060491372083e-06	7.163835583414396e-06	0.0027432783298065493	0.0006186740627013776	-0.0009690852942122009	-7.723050643485212e-05	0.00024266190815726995	-6.452757077284031e-05	-4.839610762578898e-06
0.9700000000000001	6.117153146550865e-06	-7.2673781170806056e-06	0.0032243990688304355	-2.717536511902373e-07	4.697260309420508e-06	0.002743164799243671	0.00042540232986114607	-0.0008911852038515074	-3.407015234503178e-05	0.0003226172097569228	-0.00038054336480400244	-2.8832011060308866e-05
0.9800000000000001	8.599868274574532e-06	-1.3891051069255986e-05	0.0032241975194723963	2.851197557454072e-06	-1.1402960326980886e-07	0.002742668674121239	4.5463045840686954e-05	-0.00037214214570929023	-1.3378942812414402e-05	0.00026083997909011445	-0.0005446042414888561	-6.085193942170652e-05
0.9900000000000001	6.923633725549096e-06	-1.3991407054748473e-05	0.003224143713259149	4.6656127759361215e-06	-4.986146948978449e-06	0.002742133938330099	-0.00035587521468938277	0.0003621605062099502	-1.431493916940867e-06	9.672128365711465e-05	-0.0003878040432827025	-3.7745116318981044e-05
1.0	1.96122997746272e-06	-7.3284542213455065e-06	0.00322415308060665	4.488973696134726e-06	-7.219400285318329e-06	0.0027418470736256576	-0.0005963464209793762	0.0009251486574708217	-7.1865688095152855e-06	-0.0001359215056949402	-6.298832727418452e-05	-1.8632885471641136e-06
1.01	-4.418954813208378e-06	3.1965876567251865e-06	0.00322428715052987	2.1821507453639213e-06	-6.148488835384421e-06	0.002742023442454584	-0.0005851007611087764	0.0010782014890975229	1.5595572165760953e-05	-0.00029653677129703684	0.0002724769995591805	3.6185169203477354e-05
1.02	-8.800696753408116e-06	1.2485534085011324e-05	0.003224637208062688	-1.1502221021835814e-06	-2.122744439683553e-06	0.002742292584207488	-0.00023447548138067837	0.0007042028469901113	3.6390157349662084e-05	-0.0003609217583808767	0.000484926272236169	3.0965920497591107e-05
1.03	-8.818364398374354e-06	1.601524751095307e-05	0.003224933177735199	-4.352061177155102e-06	3.085777464588835e-06	0.0027426842266838345	0.00023145415697445082	-1.7644338284294005e-05	7.455528732789856e-06	-0.00022853429277177104	0.0005083112258724666	5.6169479027193783e-05
1.04	-4.3333226893975025e-06	1.202074198781391e-05	0.003224881858727253	-5.497252284995656e-06	7.1560759201125545e-06	0.002743150352896517	0.0006226024009515656	-0.0007419322581637352	-2.2489803621601997e-05	4.8756344516446864e-05	0.00026302387708066876	4.788550714547393e-05
1.05	2.529623838366955e-06	2.0375552225465537e-06	0.003224984993677723	-3.815737365166544e-06	7.728517345292304e-06	0.0027435017455203865	0.0006905421853504764	-0.0011809994590964575	1.158360137940922e-05	0.0002808694980415667	-0.0001528209352771965	3.610400297484383e-05
1.06	8.419096197876046e-06	-9.362498434439844e-06	0.003225056780782836	-2.2536086082983193e-07	4.413795266009258e-06	0.0027436409484262016	0.0004146869123991865	-0.001015869452482208	-1.1765415658366403e-05	0.00038650513088520137	-0.0004882159524411172	-1.0717558252377237e-05
1.07	1.042548041653612e-05	-1.6658005025219097e-05	0.0032252273486953562	3.164985634952994e-06	-1.4016686907285413e-06	0.002743317691745122	-4.0432039787369304e-05	-0.0003612854963715784	4.079939380185773e-07	0.00028739443093177036	-0.0006235103544957721	-3.973758944474898e-05
1.08	7.246698071801094e-06	-1.6013406906475288e-05	0.0032251393505297685	5.17247920905438e-06	-7.041578182441523e-06	0.0027428710142039427	-0.0005632835316332503	0.00047205496576188807	-1.994090344069641e-05	0.00011963652404265502	-0.0004504079267067821	-4.0903828050920574e-05
1.09	2.4877384599575197e-07	-7.800643413835743e-06	0.0032250555234125218	5.096409861996569e-06	-9.648035745457585e-06	0.0027428210844033496	-0.0008103876345372212	0.001117892869676122	-1.727156376116191e-05	-0.0001277761426693084	-4.9773706849205984e-05	4.506658548686678e-06
1.1	-7.214452527273901e-06	4.2456995805912074e-06	0.0032245393091802433	2.6635731569185224e-06	-7.930839011524807e-06	0.002742751387184074	-0.000647511361845388	0.0012306175017522266	-7.261288688288627e-05	-0.0003148533040604086	0.00039247070890191684	-3.4168507687135965e-05
1.11	-1.1586555638520968e-05	1.4711124526137788e-05	0.0032237886169094814	-1.1807779494738986e-06	-2.3351447778171695e-06	0.0027424103056049886	-0.00018818299072411398	0.0007906570594088293	-5.5810511973104654e-05	-0.00039326887481115733	0.000662512448280584	-2.6956570857452787e-05
1.12	-1.0483591700573583e-05	1.8660556229567452e-05	0.0032237173635482246	-4.675322007140246e-06	4.28558067596948e-06	0.0027423451706616443	0.00037952978819557015	-4.174950628809929e-05	6.007766992651087e-05	-0.0002717762148836256	0.0005960620153903271	2.5041994726056004e-05
1.1300000000000001	-4.440455839055176e-06	1.3900037899415645e-05	0.003224595848924696	-6.114425317683767e-06	8.703662878841457e-06	0.0027425406361867677	0.0007934997668567615	-0.0009025224081024177	0.00011325436821130384	3.1629531736326247e-06	0.00024704602399715323	3.943921660983757e-05
1.1400000000000001	4.047566713565495e-06	2.4068004910681414e-06	0.0032256996624876093	-4.42453489641188e-06	8.926444043667672e-06	0.002742829260471447	0.0008143732995305045	-0.0013317782210425753	0.0001055948752525682	0.000336703766303803	-0.00018331677465268482	5.057962046578518e-05
1.1500000000000001	1.067448478863071e-05	-1.0834996561634743e-05	0.0032263719505378095	-2.68118934619544e-07	5.0329855075947255e-06	0.002743443886096928	0.0004636763107956111	-0.001216235892125839	6.299475942059569e-06	0.0004468299671454936	-0.0005876627038264491	3.83390353106391e-05
1.1600000000000001	1.2459205639679368e-05	-1.9536603774708555e-05	0.003225755536774861	3.972758641173161e-06	-1.6364385003216942e-06	0.0027436413752623843	-0.00013226592597531567	-0.00044895365548828034	-0.00010073201560100937	0.00034006207611349037	-0.0006848057258352785	1.8092420428670965e-05
1.1700000000000002	8.28040892225961e-06	-1.8809535330632256e-05	0.003224589492043515	6.15141407888537e-06	-7.84782407393782e-06	0.002743626739814197	-0.0006583850092100575	0.0005832588061902299	-0.00013507031012067127	6.463343496230019e-05	-0.0004988141173453222	-1.9584365305404532e-05
1.1800000000000002	1.6840543147961958e-07	-8.762038401693043e-06	0.0032236493581429687	5.236855190838825e-06	-1.0596845708567453e-05	0.002743036629942225	-0.0009116745564049084	0.0013256174900877554	-5.1224665836664026e-05	-0.0002378939066977024	-4.722056901868425e-05	-0.00010172845457787342
1.19	-8.409684044882583e-06	6.014822507595555e-06	0.0032234713998096232	1.5680848438378497e-06	-8.49460052900638e-06	0.00274195732087854	-0.0007190755885393153	0.001482708972852794	1.763386165297237e-05	-0.0004406917425813833	0.00044675139198277594	-8.902623711819877e-05
1.2	-1.3022902506004917e-05	1.8223610046336145e-05	0.0032236838894621916	-2.9183757676890585e-06	-2.1840378648503075e-06	0.0027413956009276425	-0.00016791336446083684	0.0008525453750875238	2.8495914383814163e-05	-0.0004184655267916254	0.0007566648928959333	-1.814509695457214e-05
1.21	-1.1143221311882667e-05	2.2120010202468148e-05	0.0032239709782038678	-6.5213358295638325e-06	5.439967519429909e-06	0.0027417244317050143	0.0005091722452237065	-0.00010187798393639985	2.9257154875712737e-05	-0.00026133310442053855	0.0007084083356072427	8.544549078016875e-05
1.22	-3.750325849012346e-06	1.5870738318348183e-05	0.0032245774705732815	-7.430833326294339e-06	1.0810760901124765e-05	0.0027425210633014244	0.0009278996884696124	-0.0010799171593861695	8.580740652433175e-05	8.354476249711922e-05	0.0003012142276150438	7.16813796134791e-05
1.23	5.779085710757001e-06	1.858119502386853e-06	0.0032253017250345583	-5.056155175801756e-06	1.109640918552645e-05	0.002743292469675113	0.0009021267711395453	-0.0015831114788250435	7.51851123861509e-05	0.00036771668934514626	-0.000248941100404922	8.243035626706742e-05
1.24	1.2754520651103079e-05	-1.3254088800717488e-05	0.0032256914442636586	-4.080690459803627e-07	6.2470611060846025e-06	0.0027440508284589417	0.00044050537610195074	-0.001309358712505474	9.864528302420325e-06	0.0005058905696214824	-0.0006701470556570269	3.535181171104311e-05
1.25	1.3950591366697035e-05	-2.2368372559523976e-05	0.003225484389770779	4.3977839308872336e-06	-1.4179945494270495e-06	0.0027439496134120875	-0.00020781788353098064	-0.0004385774642111097	-5.258593282430885e-05	0.00042084723646497186	-0.0008070807825173936	-4.1935090601581126e-05
1.26	8.639728561312698e-06	-2.099831517682926e-05	0.0032249095637375018	7.214668724401416e-06	-8.248838941693426e-06	0.0027434810658772124	-0.0008084556355579898	0.0007181933339667362	-5.4708346592456685e-05	0.00012610039296728935	-0.0005097828295373431	-6.696141845414392e-05
1.27	-8.411052448978954e-07	-9.425660377263451e-06	0.0032242789897236773	6.839896644385626e-06	-1.1162396304839911e-05	0.002742799780908425	-0.0010371856304100355	0.0015095208886876917	-6.196974446799874e-05	-0.00019719670991521238	-5.028218965597639e-05	-6.78450550241182e-05
1.28	-1.0510625660488395e-05	6.762620372474334e-06	0.003223966473022323	3.4136023850608452e-06	-9.056123863728196e-06	0.0027420194215441187	-0.0008311302014089412	0.001600202636624836	-7.434035892159755e-06	-0.00047320504702105223	0.0004608906898811986	-6.499500491482706e-05
1.29	-1.581526988958473e-05	2.011725548320924e-05	0.003224019821369582	-1.7181823874160476e-06	-2.3666665756551373e-06	0.002741804401879502	-0.00015720159098100506	0.0009544253855108697	2.148726787497457e-05	-0.0005092496281478903	0.0008329250595974645	2.5448574911122524e-05
1.3	-1.3520775710857525e-05	2.4187887358897784e-05	0.0032242054140697285	-5.9014896983852245e-06	5.971870752021164e-06	0.0027423517205563677	0.0005896982780365048	-0.0001906583208297055	1.4698861856438773e-05	-0.00030812597720709164	0.0007565230074900458	6.926941435444362e-05
1.31	-4.7014250815646265e-06	1.6639946218493134e-05	0.003224589356958283	-7.2672809366914365e-06	1.1535568544368037e-05	0.002742953525580576	0.0010919927519972505	-0.0012629802410592784	7.655079842640931e-05	2.5890645154209354e-05	0.0003277571065806012	1.6633784664300527e-05
1.32	6.633286134166174e-06	8.480044633156356e-07	0.0032254025785683088	-5.256539443511709e-06	1.1916550062967393e-05	0.0027432073058721944	0.001093603755550234	-0.0017652814314408204	7.63934703354902e-05	0.0003581560424479511	-0.00023793676939891996	1.0840932435500591e-05
1.33	1.5450569423611978e-05	-1.6083965131715807e-05	0.0032259592510749204	-3.370815802462334e-07	6.7552874862547046e-06	0.0027434337923061664	0.0005847374185721741	-0.0014790575119175216	2.3854943494609462e-05	0.0005670037725583995	-0.00073493929505822	4.822296193676587e-05
1.34	1.714649297956697e-05	-2.592928167734039e-05	0.003225782108788877	5.1913851308256225e-06	-1.895582984424397e-06	0.0027436104909393027	-0.00026425087841657423	-0.0004038714450115263	-9.228650879945743e-05	0.00047782642845060696	-0.0009128197523369483	-2.686502447718607e-05
1.35	1.0696608524504033e-05	-2.3762654786959788e-05	0.0032243349264129053	8.234240549563056e-06	-9.883627369507493e-06	0.0027433363973820434	-0.0009780484721211423	0.0008173107184202854	-0.00014987615215755905	0.00014216677612410633	-0.0006445330863844793	-3.295589293074977e-05
1.36	-1.0214998965969966e-06	-1.0143343471203384e-05	0.0032231803330827744	7.514438878293e-06	-1.3328298444788958e-05	0.0027429195904068813	-0.0012661342165007506	0.0017889983187777837	-6.43564691784071e-05	-0.0002666316438466752	-4.547448436505136e-05	-5.157064705577613e-05
1.37	-1.2776962293154465e-05	9.27083014827437e-06	0.003223213333632718	3.272731860450755e-06	-1.0837343674186623e-05	0.002742095951576056	-0.0009756816621364759	0.0019231963353506293	8.639750386115642e-05	-0.000541093231791841	0.0005132578091598855	-9.206956512236096e-05
1.3800000000000001	-1.8910149964077594e-05	2.5111309200092583e-05	0.003224483548344674	-2.6085869093650256e-06	-3.5167282952387074e-06	0.002741709694053654	-0.00019889694922600571	0.0011226539999535114	0.00014878073667993295	-0.0005755349137510105	0.0009132433970420067	1.3581153629374141e-06
1.3900000000000001	-1.6204143265308687e-05	2.9587160543207122e-05	0.0032257734884474963	-7.41793427785237e-06	6.048074692079105e-06	0.002742537585163227	0.0007386883325463641	-0.0002563538306622801	0.00010817710162369803	-0.00033535767030207686	0.0008920086512767256	0.00014630888993678694
1.4000000000000001	-5.51593894807959e-06	2.0225776166913622e-05	0.003226484737132393	-8.902031103828005e-06	1.2898477760921913e-05	0.0027438427401302165	0.0013215516531632334	-0.001548011628685534	1.905272052433609e-05	4.820066049086329e-05	0.000392815707881059	9.843972737909356e-05
1.4100000000000001	8.3727157899088e-06	8.833215642763995e-07	0.0032260630071410078	-6.504140158498664e-06	1.329834423871558e-05	0.0027445809798539228	0.0013421717200190232	-0.0021542901060526034	-9.857348134207193e-05	0.0004203807973348487	-0.0003242560644088069	1.2561004727741086e-05
1.4200000000000002	1.8730990835746047e-05	-1.9574557606902064e-05	0.0032248036567950654	-8.045377482886057e-07	6.9482996461270836e-06	0.002744275310657179	0.0006637708816669224	-0.0017551705419316227	-0.00014167093415062905	0.0006389532474741705	-0.0009059396587195592	-6.331900155267807e-05
1.4300000000000002	2.0448201426291057e-05	-3.116798162599367e-05	0.0032235648871166674	5.360237407578e-06	-3.250951833660922e-06	0.0027434329973388912	-0.00034849831275807723	-0.00047370542508605223	-9.362938489379656e-05	0.0005350359987663756	-0.0010525509314604717	-0.00011236731675993403
1.4400000000000002	1.2422551719406091e-05	-2.8287180675313447e-05	0.0032231951500769924	9.04282642789621e-06	-1.230212647147564e-05	0.002742516969661812	-0.0011867320487134842	0.0010557518633631815	2.513415725343931e-05	0.00016248136598854076	-0.0006713301535843911	-8.00960332685361e-05
1.4500000000000002	-1.618032786695981e-06	-1.156093877588747e-05	0.003223885721978113	8.287458593128917e-06	-1.5712553481276688e-05	0.002741690330098668	-0.0015132505053684704	0.002134813680420947	8.75083585955839e-05	-0.00030738917191635125	1.8795968566563327e-05	-6.171764083195994e-05
1.46	-1.532097418331238e-05	1.1343809040539257e-05	0.003224921519331633	3.3796623356864845e-06	-1.1655865790138844e-05	0.002741378466025041	-0.0011071420281411044	0.0022749231804146917	7.038823657884349e-05	-0.0006372616403314069	0.0007417834100119646	-1.613614377334401e-05
1.47	-2.196620551260431e-05	2.9633424045323495e-05	0.0032254389478035567	-3.5329930639453182e-06	-2.078742588647442e-06	0.0027420349026463686	-0.00017468058047573047	0.0012277325167853953	9.091417669877588e-07	-0.0006638587937329919	0.0011148426251531211	0.00012989413830968936
1.48	-1.8369648860372174e-05	3.399079788700131e-05	0.003225003357729112	-8.817228815396003e-06	8.611222098102035e-06	0.0027436871461007247	0.0008710520943502384	-0.00041585001851361886	-7.301355673988645e-05	-0.0003474633004803803	0.000951131587771509	0.00018514297731429347
1.49	-5.823372507601761e-06	2.2181786427990685e-05	0.003224446084172079	-1.020516881536481e-05	1.5699107570172323e-05	0.002744876223202907	0.0015206284569674636	-0.001865405532862112	-2.516180753496236e-05	7.486514834561003e-05	0.0004064461513952021	1.0490647837731429e-05
1.5	9.526266163228534e-06	-4.942356064561949e-07	0.003224584161811287	-7.1538732531361306e-06	1.5512295160344282e-05	0.0027444388119731923	0.0014306169400278939	-0.0024963436689597225	2.9575766160529924e-05	0.0005355957644047	-0.00046000342441785574	-9.736389639158551e-05
1.51	2.0584254698071927e-05	-2.3570463098361128e-05	0.0032250252944654337	-4.049357253731123e-07	7.505825588203361e-06	0.002743282655827761	0.0006894714689357789	-0.0019404663075262049	3.022817250305658e-05	0.0007644070888289449	-0.0010745782978375388	-0.00010759504538524035
1.52	2.225317195787658e-05	-3.593110357304098e-05	0.0032248872343342743	6.7603506541504445e-06	-4.281792416026092e-06	0.002742310147035176	-0.00036083721385603827	-0.0004467635512135679	-4.177405146942443e-05	0.0006110909217097078	-0.001182173499466734	-7.427514243278398e-05
1.53	1.36090565177721e-05	-3.135193918922798e-05	0.0032242399705529907	1.1091900025041487e-05	-1.4453220116639665e-05	0.002742012826519032	-0.0013054827424163835	0.0013434462209384998	-5.2535187010064685e-05	0.0001862506841765917	-0.0007440712865399559	1.3346641520963419e-05
1.54	-1.813946736120602e-06	-1.1714835131485154e-05	0.0032236497728831155	9.968409539063633e-06	-1.7928216874578234e-05	0.002742572894678665	-0.0016485495728771138	0.002445830492412615	-1.806133747704189e-05	-0.00040573375354938893	7.354572358948797e-05	0.00010498753224950666
1.55	-1.6977839384532208e-05	1.3940529858046375e-05	0.003223839039895521	4.077258397904088e-06	-1.3099549890131421e-05	0.0027436116038034157	-0.0012551727241598186	0.0024825011239565805	5.011818998120541e-05	-0.0007385371437127839	0.0008600878684715277	0.000111868471340465
1.56	-2.4545992051981084e-05	3.380397651221912e-05	0.0032244628316811254	-3.400842313284404e-06	-2.327328028683801e-06	0.0027445190535606494	-0.0001940782158181959	0.0013122611132747805	5.611447561684147e-05	-0.0007089814325820788	0.0012332369914956674	5.106480053977434e-05
1.57	-2.047483955105999e-05	3.814317155958951e-05	0.003224893605337609	-9.196579235539153e-06	9.717062196327438e-06	0.0027445224686799678	0.0010128340473857017	-0.00048296227034252845	1.975354874628242e-05	-0.00039997927960610624	0.0010828737239775704	-2.939095283129e-05
1.58	-6.016687512285026e-06	2.431573710201309e-05	0.0032252376284883687	-1.0754404780860293e-05	1.7514054592718684e-05	0.002743567747189084	0.0017436668111241763	-0.002168625324269058	5.18461476136441e-05	0.0001033514931384183	0.00041812690212178716	-0.00012851315550756334
1.59	1.1718116054857998e-05	-1.7080007777962205e-06	0.003225494709840327	-7.2500075252173174e-06	1.7264298798649397e-05	0.0027421712276216544	0.0016689778254837947	-0.0028230478700029525	-1.1851835308619198e-05	0.0005603505953952583	-0.0004907872562564283	-0.00010176154214806996
1.6	2.4615413917176542e-05	-2.7558868533325527e-05	0.003224810838178919	1.2803202922179655e-07	8.468130127262006e-06	0.0027418383865506213	0.0008111111247250837	-0.002152212094834189	-0.0001196296268352722	0.0008597188960933152	-0.0012039735502343948	3.2445339819596926e-05
1.61	2.6430501788025393e-05	-4.1076307629766866e-05	0.0032232236390359135	8.159232763407564e-06	-4.818725181173525e-06	0.0027426788691591354	-0.00045750682567589294	-0.00040578261917976273	-0.00017049247977310615	0.0006854373966102624	-0.0013285124241733865	0.00013168499939478237
1.62	1.5727506743051333e-05	-3.548124382594491e-05	0.003222077606872092	1.2590264917290842e-05	-1.5831841319566136e-05	0.0027438864220571	-0.0016021698283364182	0.0014997753481958435	-3.7593869646779215e-05	0.00016987126478612043	-0.0007603268107406841	7.257628605078782e-05
1.6300000000000001	-3.008507095949238e-06	-1.31887463422891e-05	0.0032229361269405783	1.1253302023641462e-05	-1.920315891600161e-05	0.0027439839356376275	-0.0019709952998630477	0.002781552916595244	0.00019766810989014206	-0.000436016051731877	0.00010117636922181283	-5.605604550396889e-05
1.6400000000000001	-2.0803453229334743e-05	1.5478738408379797e-05	0.003225278307644973	4.538099504951541e-06	-1.3875570191591422e-05	0.002743222033414121	-0.0014412949781719149	0.0027556594405814118	0.00020338178623268178	-0.0008560525471998391	0.000940992083769244	-8.041557617193848e-05
1.6500000000000001	-2.9430289295475458e-05	3.770918595405578e-05	0.003226394661528701	-4.471217178617958e-06	-2.010102783494165e-06	0.002742832851471582	-0.00018488734632273027	0.0014861282947314259	1.6656498807403386e-05	-0.0008772236974640804	0.001354167519636803	-2.1674729620030044e-07
1.6600000000000001	-2.410639105431631e-05	4.2552809260375226e-05	0.003225472596455745	-1.1441119200218587e-05	1.1259325269694041e-05	0.002743220584429333	0.001230262775997016	-0.0005456619471416684	-0.00016495684636266687	-0.00046572559516022807	0.0011892972065942339	4.4717630206073916e-05
1.6700000000000002	-7.182053394735106e-06	2.71961304032383e-05	0.003223758828443582	-1.3254329158615976e-05	1.9764611203368488e-05	0.002743430049121648	0.002027216403935472	-0.002402784477484099	-0.00013568066033804724	0.00015769238543266866	0.00043593261074655347	-1.1077494198353175e-05
1.6800000000000002	1.3472194038533492e-05	-1.7574080221858007e-06	0.003223242766982282	-8.566659219210399e-06	1.915827423213057e-05	0.0027431507164057973	0.001937358258963165	-0.003160956999425026	1.9851354667245964e-05	0.000720223571752415	-0.0005811063139307479	-6.05708994429596e-06
1.6900000000000002	2.834581607197223e-05	-3.110197832817877e-05	0.003223735480112752	2.3258555668046137e-07	9.023485370303946e-06	0.002743079747817051	0.0009119930574901057	-0.0024436246897187467	6.222206436835413e-05	0.0009621113656266785	-0.001369471076715903	6.488557111358585e-06
1.7000000000000002	3.0213410648385458e-05	-4.658000174550048e-05	0.0032245572170650277	8.960401946644306e-06	-5.9414354983029034e-06	0.002743174653359837	-0.0005792596258908097	-0.0005319358546020144	8.958807068278852e-05	0.0007269688731079832	-0.001489097658739534	2.1530745570569938e-05
1.7100000000000002	1.7854566997106617e-05	-4.0584035719048206e-05	0.0032253195887235026	1.3717753773139552e-05	-1.8812088445233436e-05	0.0027434892086627273	-0.0017978710629330953	0.001697233407854033	4.698294036351597e-05	0.0002042453382873147	-0.000979429430565161	4.205209576056705e-05
1.72	-3.2288156205462234e-06	-1.5100976055471692e-05	0.003225616642056431	1.2511091062135674e-05	-2.3700126020789588e-05	0.002743736932669387	-0.0022256944879543096	0.0032189241059697744	-8.845158098710202e-06	-0.00043252744279494165	5.7387978361967136e-05	1.7839186891569023e-05
1.73	-2.344955547359575e-05	1.8823241959781447e-05	0.0032252227446072663	5.410566069249098e-06	-1.7217726840279266e-05	0.0027438611641620422	-0.0016634600716627802	0.003258339688694134	-6.238199183061731e-05	-0.0009334965128345048	0.0011793369621928747	-4.512943947424037e-06
1.74	-3.3576190857528266e-05	4.498664241947494e-05	0.003224326244780031	-4.617948594148838e-06	-1.8465133253373444e-06	0.0027436631559931307	-0.00028773144146278094	0.0017346447463997628	-0.00014426470541486916	-0.0010072517953251508	0.0017461705946079718	-2.159656540958761e-05
1.75	-2.8572544216689424e-05	5.054036781791454e-05	0.003222831841330994	-1.2972625441374898e-05	1.4952335424862488e-05	0.002743724377688755	0.00124559691582022	-0.0006770721353316447	-0.00010520707363932958	-0.0005920296783027966	0.0014524319529465445	1.631083138281325e-05
1.76	-1.0354475422826867e-05	3.214076957415198e-05	0.0032227056697472505	-1.555062260870951e-05	2.4886341348173027e-05	0.0027435208814434106	0.002246877358096206	-0.0028556713960121247	9.18865209436979e-05	0.00010427121651112455	0.00045302102413444814	-7.387694676333339e-05
1.77	1.3227878956448939e-05	-2.0086066941552773e-06	0.0032242172284480727	-1.1055411956045223e-05	2.3124136400392182e-05	0.0027422232051643857	0.0022876193758942006	-0.0037068866839243043	0.0001665469411701093	0.0007510535390799963	-0.0007962366381984991	-0.00015644066970462158
1.78	3.141087221058659e-05	-3.64176601064378e-05	0.0032254429224297253	-1.2649117951500973e-06	1.0236477718710815e-05	0.0027416022232006365	0.0012012844643746452	-0.00287324148108126	7.498115620905248e-05	0.0011261512278826925	-0.001693308065708003	2.900134599882634e-05
1.79	3.5045964532574396e-05	-5.4644401604725225e-05	0.003225504422625589	9.610888087616008e-06	-7.831804791583819e-06	0.0027428646054361424	-0.0004941808110056226	-0.0006146376766369276	-7.934501640892113e-05	0.0009683203879772282	-0.0017753442833231214	0.00020229649209115708
1.8	2.22191954553503e-05	-4.7401881928507866e-05	0.0032244458684866904	1.629897685822585e-05	-2.2654728646288373e-05	0.002744804514010515	-0.001977528510554088	0.00200343777797207	-8.745483715740567e-05	0.0003071007022034869	-0.001043518856068928	0.00013892862596059593
1.81	-1.5696231489265535e-06	-1.7238047582528473e-05	0.0032239971996179456	1.5057227680926674e-05	-2.702269745979111e-05	0.0027449906540113313	-0.0025775965347914808	0.003763613572930461	1.2308087144790634e-05	-0.000548391249863034	0.00021355277135165192	-9.861860838704704e-05
1.82	-2.537270401628425e-05	2.1913451474606193e-05	0.0032245992518803107	6.627769891232869e-06	-1.8458698974372677e-05	0.0027437638552526805	-0.00197046167279665	0.003782108939288127	0.00010178357747284443	-0.0010619575933060725	0.0014327012418815803	-0.00012712813871682446
1.83	-3.8028010429700834e-05	5.215206261164255e-05	0.003225235888092782	-4.719085532312787e-06	-9.178612885277953e-07	0.0027426425745320383	-0.0004420979374653698	0.0019948624760336856	-1.103702274470601e-07	-0.001127775247950914	0.0019546954353268906	-6.97156356678015e-05
1.84	-3.305104056452216e-05	5.831986067411233e-05	0.0032243032757712097	-1.420650053954665e-05	1.7529700228299878e-05	0.0027425517924290904	0.0014206635934981536	-0.0008447094629170795	-0.00013746005185899564	-0.0006869334125367967	0.0015985087487462217	4.592522346747916e-05
1.85	-1.1766510399969876e-05	3.664331893569514e-05	0.003223109690872663	-1.736043543479167e-05	2.813108037135967e-05	0.0027432792136723827	0.002655123023668238	-0.0033115319184736577	-5.970197155325914e-05	8.057183306603774e-05	0.0004317596732489647	6.144942437239354e-05
1.86	1.558116678400974e-05	-2.9590236114545142e-06	0.0032231839744511536	-1.247866689991014e-05	2.5281000142267014e-05	0.002743531451677687	0.0025893683692246533	-0.00428452862443836	7.377460104989963e-05	0.0008561884231865399	-0.0009700825487544424	2.218535248154447e-05
1.87	3.592474308558971e-05	-4.227803814049142e-05	0.00322408568503624	-1.221575839750938e-06	1.0349428062906705e-05	0.002743488368008382	0.0013404483211797175	-0.0032475782492546257	5.5652505712722026e-05	0.0013021403843213341	-0.0019181723154399718	7.222925221453535e-06
1.8800000000000001	3.9802719211612936e-05	-6.231271005102604e-05	0.0032243012005174	1.1318688968387931e-05	-1.025217820305984e-05	0.002743828963641063	-0.0006188996122774731	-0.0006049536401814495	-8.511675413262603e-06	0.001098556395798747	-0.0020383643545811734	8.854175757505311e-05
1.8900000000000001	2.4633269283909962e-05	-5.319918338058631e-05	0.0032242857704662953	1.870966755876521e-05	-2.6858133038383687e-05	0.0027443433455386058	-0.0022960528419995823	0.0023565952852813107	1.6421902673556325e-05	0.00033375161765678176	-0.001162694073097864	-3.145125859707364e-05
1.9000000000000001	-2.696406970870643e-06	-1.8639639612067295e-05	0.0032246776145140716	1.7459823717069865e-05	-3.129937556412573e-05	0.0027435304417850453	-0.0029298414495116743	0.004306121117585881	4.1408120832567544e-05	-0.0005873234043520021	0.00030195046385832013	-0.000121222570752239
1.9100000000000001	-2.945688416574522e-05	2.5949548273613334e-05	0.0032244543897914646	7.862349141242393e-06	-2.0947301669821476e-05	0.002742347716110871	-0.002196020515869561	0.004220266425300113	-9.485792549875759e-05	-0.0012500438988956955	0.0017079533999712145	-7.980020982894881e-05
1.9200000000000002	-4.298144148742307e-05	5.884435502889144e-05	0.0032230185755451213	-6.0072313202484415e-06	3.1540620252526305e-07	0.0027422862458400003	-0.0003694932557612595	0.0020983050905417455	-0.00017835883314430438	-0.0013824968229048681	0.00236263590006283	6.774003783295582e-05
1.9300000000000002	-3.595979625543191e-05	6.406142649928132e-05	0.0032215055871506796	-1.7373350016874894e-05	2.2316656464304802e-05	0.0027433787552024343	0.0017008284907348273	-0.0011068012350262328	-8.866429365850599e-05	-0.0007772900408841638	0.0018716228916809698	0.0001168247989973167
1.9400000000000002	-1.1392547897458884e-05	3.844675021149681e-05	0.0032221246157366247	-2.0524018813813238e-05	3.45805646445248e-05	0.0027441284377265384	0.002997323407463502	-0.0038155738998793985	0.00021714749411434671	0.0001764837408876369	0.0004472025991474812	2.2495055564725263e-05
1.9500000000000002	1.9419406877479227e-05	-6.370951289663632e-06	0.003225060568172994	-1.3964800268952069e-05	3.073433304041868e-05	0.002743935548686815	0.0029121338027924314	-0.004788513346547094	0.00029822947261262775	0.0010729577608922895	-0.0011998503738102411	-5.1025232170241643e-05
1.9600000000000002	4.184787454318023e-05	-4.972158524338261e-05	0.003227336613533733	-4.4208603488159133e-07	1.1879700328515505e-05	0.002743498372615954	0.0014002692578888056	-0.0034948336940638872	8.201101362161581e-05	0.0015111012446958993	-0.002405090350540566	7.916340361933875e-06
1.9700000000000002	4.5056131905621724e-05	-7.048564154576116e-05	0.003226173376462104	1.3971446770781981e-05	-1.3447346101152348e-05	0.002744314415869527	-0.0007964099976342478	-0.0004740658097583986	-0.00027672875146292613	0.0012339563039371047	-0.002421540523126837	0.00014451831214006293
1.9800000000000002	2.678060608823458e-05	-5.802953414444576e-05	0.003223158377018355	2.2407927165659583e-05	-3.2717668069704604e-05	0.0027455531886204187	-0.002703985977993485	0.0028680521154388927	-0.00026671733515453843	0.00035849627476931237	-0.0012518914123121308	5.933707705891595e-05
1.99	-4.9914957799977765e-06	-1.73492854606924e-05	0.0032219211874177566	2.0407235217425466e-05	-3.668336985767505e-05	0.002745031644611517	-0.0033739559345906042	0.004955787272294112	5.674224743203899e-05	-0.0007427781220734268	0.00048687178823354755	-0.0001559002703718398
2.0	-3.560373225048895e-05	3.312282268243626e-05	0.003223527253530721	8.440316144900088e-06	-2.3388219899030294e-05	0.0027433581587009096	-0.002470150855860146	0.0047193406747316055	0.00016948911764653004	-0.0015440118426744108	0.002088512992866007	-0.00014347376712763095
2.0100000000000002	-5.0131973910808904e-05	6.910015296785718e-05	0.0032244127124729923	-8.014337305740188e-06	1.7147540774219489e-06	0.0027427532136037724	-0.0002882506596770058	0.0021495858242378597	-1.4628381207610003e-05	-0.001611442662368023	0.002748487485090725	2.2382517755963212e-05
2.02	-4.103296741569706e-05	7.24797696138285e-05	0.0032234274602977947	-2.1032341648194854e-05	2.69439477455094e-05	0.0027436331642510235	0.002061496321980906	-0.001508069686216131	-0.00013749250200057277	-0.0008844781297299306	0.002089741397611875	0.00013330911617891425
2.0300000000000002	-1.2004974010346021e-05	4.0970891535744964e-05	0.003222915597831398	-2.4499137796893166e-05	4.009468100598605e-05	0.002744432272941602	0.003513613966875736	-0.004534060457249555	5.0693524377814544e-05	0.00022030101093159193	0.00041335387151174877	1.7978428463475677e-05
2.04	2.3658824342010607e-05	-1.1080777776243754e-05	0.003224051606681982	-1.649234068933862e-05	3.43539431573141e-05	0.0027440380867210508	0.0033171858408295963	-0.0054504555017179206	0.00016953797659114109	0.0013180479724416623	-0.001525533173333214	-5.98578902948469e-05
2.0500000000000003	4.9140128351016224e-05	-5.958364062652126e-05	0.0032252545562644615	-3.778499478583452e-08	1.1880386955147154e-05	0.00274415146111288	0.0015550451220040556	-0.003816672640216098	3.77593728088845e-05	0.001808463004312417	-0.002782864616451454	7.51083762401268e-05
2.06	5.192019896357768e-05	-8.071595608748291e-05	0.003224393214862028	1.7153376111463964e-05	-1.7064811894712123e-05	0.0027452793504713293	-0.0010337271839425653	-0.00023567124123675758	-0.00016020253513014608	0.0014784200953884914	-0.002757550097645815	0.00012537812854739817
2.0700000000000003	2.9971892622208727e-05	-6.361779289962075e-05	0.0032230709170433048	2.703927272625202e-05	-3.878871780127812e-05	0.0027460022182198254	-0.003204220933927821	0.003519057286870423	-5.969130252625372e-05	0.0004216190633585448	-0.0013823992026693517	-2.2227154406916983e-05
2.08	-7.266564671733008e-06	-1.5109006404882694e-05	0.003223294188275237	2.461547346490134e-05	-4.252574840227681e-05	0.0027448143806347806	-0.003950465005179989	0.0057965109345009935	0.00011267710572393333	-0.0009141708309281968	0.0006847858419047285	-0.00020343977054606917
2.0900000000000003	-4.2619843895670717e-05	4.2839571287548884e-05	0.003224165861142024	1.0188238705799748e-05	-2.5889859966576708e-05	0.0027425970612183314	-0.0027976666769169594	0.0053162328320901986	1.9267294135676753e-05	-0.0018687441686294137	0.0025010629890986676	-0.0001703201638297866
2.1	-5.8721904775354236e-05	8.20362319802625e-05	0.003223017351374124	-9.561984337883429e-06	3.469860629346016e-06	0.002742405610046278	-0.0002826691022629507	0.0021883383144350346	-0.0002466722068273795	-0.0019186213731578368	0.0031466992547891613	0.0001244603931085904
2.1100000000000003	-4.7504366074693695e-05	8.271359791876046e-05	0.0032205409947885385	-2.5403593169927548e-05	3.1933585282016544e-05	0.0027445278324959676	0.002448555628302922	-0.00204871158561325	-0.0001653371784449607	-0.0010887385689519722	0.0023186605706775154	0.00021634685606780117
2.12	-1.3343798910285743e-05	4.38301501148618e-05	0.0032208600824999555	-2.927997241664253e-05	4.5980513944698916e-05	0.002745735136479193	0.004136610882872048	-0.0054445848659283045	0.00024744950845124796	0.00035655990237518374	0.0003741352309566745	-1.919894999170707e-05
2.13	2.8743526101043178e-05	-1.7511095528675213e-05	0.003224502266500693	-1.9043248661244726e-05	3.861853913239436e-05	0.002744640744928866	0.003916700231938996	-0.006325398699704125	0.00039131412969275765	0.0016248543354687127	-0.0017749902802605823	-0.00015781924352883524
2.14	5.8199469384179395e-05	-7.257544861645345e-05	0.003226741891637858	8.987200829015962e-07	1.2577572155111751e-05	0.0027439044484917972	0.0017226651672906483	-0.004196409148320205	1.2202329370538699e-05	0.0022065997911592914	-0.0032130761884182697	6.613915843804228e-05
2.15	6.019461060424982e-05	-9.425499556102898e-05	0.0032248422543262683	2.1469731397128026e-05	-2.0279704577635e-05	0.002745588337498985	-0.0013255369251520418	5.7057740025001204e-05	-0.0003241145186746578	0.0017162320949869708	-0.0030949968985660116	0.00024529146896148403
2.16	3.318616733406373e-05	-7.109677548558254e-05	0.0032216932196803745	3.2252003408253615e-05	-4.4294775751620994e-05	0.0027472314886348706	-0.003853051523240218	0.0043999348667328585	-0.00021117385064941754	0.00033997320500985776	-0.001492602933113008	2.9998458457411272e-05
2.17	-1.0998755113438839e-05	-1.281022477736853e-05	0.003221519195331191	2.7853610210889463e-05	-4.79478689413762e-05	0.0027458173784494547	-0.004613134776075725	0.006799098676600917	0.00016787432093174276	-0.0011936230136249675	0.0008090358944290569	-0.0002616460603280756
2.18	-5.1484293947788416e-05	5.375186793186222e-05	0.0032234867336389294	1.0258512512274723e-05	-2.9006184787625766e-05	0.002743102442916129	-0.003141933425828799	0.005972229988419666	0.00013571519864095455	-0.0022097008293334905	0.002837825589901869	-0.0001811160168826967
2.19	-6.836240918298007e-05	9.681308487344803e-05	0.003223184441577124	-1.3087023392749835e-05	4.388120921879392e-06	0.0027431725623785585	-6.962653240752936e-05	0.0022417926368436176	-0.00016955388997199006	-0.0022532899132649367	0.0035845085201411204	0.00018360707713594834
2.2	-5.2855007973998186e-05	9.490102076700056e-05	0.003220884839542667	-3.0980853834702904e-05	3.677127997020153e-05	0.002745649693700315	0.0030510765490890882	-0.0026180340540447235	-0.00021656431145502907	-0.0011727971834839476	0.0026115718437294787	0.0002421712011595197
2.21	-1.1915101524888267e-05	4.7870477654562686e-05	0.003220946433804283	-3.453229226943681e-05	5.221199390687835e-05	0.0027466968278813514	0.004834065337591932	-0.00642063863785715	0.00025151630440438063	0.0005003027215071178	0.00034650150424915245	-5.0612950061643305e-05
2.22	3.6249415449802826e-05	-2.356424961027398e-05	0.0032245375722970305	-2.1901555322532234e-05	4.300441658892067e-05	0.002744975088948295	0.004392677363194553	-0.007298013611427298	0.0003683404904070059	0.001950367568719298	-0.0021085454596216015	-0.00020967786408430489
2.23	6.869207725367171e-05	-8.600742141331946e-05	0.0032260206140119867	1.7969869484586874e-06	1.3012503141595932e-05	0.002743943685833281	0.001809106622550912	-0.004663382233068704	-0.0001015423220421128	0.0025872893612364843	-0.0036673533168814433	7.633816259007041e-05
2.24	6.87782568649415e-05	-0.00010886207816949205	0.003222595042946361	2.5813938917763547e-05	-2.4441230223030617e-05	0.0027463023746310943	-0.0017929057565464863	0.0002886704045429862	-0.0004748136749391742	0.002007583669931265	-0.0035149720325858584	0.0003054047215219987
2.25	3.570629073589187e-05	-8.0286682427973e-05	0.003218950514890127	3.8255314542355844e-05	-5.139566997779722e-05	0.0027487394924037107	-0.004570156036415022	0.005207083122900201	-0.00010895953424571594	0.0003913402049119528	-0.0016363029562062692	9.114481511846736e-05
2.2600000000000002	-1.58039273422232e-05	-1.2371810872320882e-05	0.0032208472487297137	3.258305708399839e-05	-5.4295250132943595e-05	0.0027471014737267376	-0.005298617050570159	0.007840202669538316	0.00047740443019739047	-0.00148239791661484	0.0010953964061696051	-0.0003561865488181398
2.27	-6.177415138891293e-05	6.387734283192614e-05	0.003225389186618681	1.1197524888381165e-05	-3.1171185279318374e-05	0.002743318247111181	-0.0034839587636135263	0.006769330447780382	0.000301841460140813	-0.0026390270522971093	0.0033591101913733935	-0.00028202879417183895
2.2800000000000002	-7.934464554226379e-05	0.00011151688352258838	0.0032254761485271616	-1.6322810300518087e-05	7.780083271090258e-06	0.0027431234851938383	0.00012932888977151548	0.002352521636221459	-0.0002781553206948396	-0.002612031340766819	0.004121480595820681	0.00023443437529585377
2.29	-5.92159817273901e-05	0.00010643784572103763	0.003221216323684886	-3.688760501597792e-05	4.440321046605893e-05	0.002746657721426574	0.0037608112349976812	-0.0033351976013821292	-0.0004204632461246278	-0.0013165110473156029	0.002876803216034463	0.00036206410329200293
2.3000000000000003	-1.0220325156379791e-05	5.001252032589838e-05	0.003219176773520417	-4.0137054040607335e-05	6.071261060588047e-05	0.0027483553688870846	0.005685107705150724	-0.007504257811978153	6.68479101340289e-05	0.0006816371064092568	0.00023807561837560585	-6.656978718334888e-05
2.31	4.544001507917576e-05	-3.2601565014013605e-05	0.0032219964361379473	-2.439280711908588e-05	4.8504046608261306e-05	0.002746356679267216	0.004997410951993844	-0.008305391260682886	0.0003678138071156806	0.002341808633873153	-0.002628580774214117	-0.00027518619781098533
2.3200000000000003	8.10943344186689e-05	-0.00010201598354037742	0.003224088067832062	3.1476899400219105e-06	1.2090222362887563e-05	0.0027449137378999333	0.0018131158713203396	-0.004964558344984417	-3.2766862608849826e-05	0.002947741812230228	-0.004333818317156588	4.2128038510677585e-05
2.33	7.853821321459692e-05	-0.0001240000356559947	0.003221670621128508	3.024472566586359e-05	-3.1553583709429615e-05	0.0027468244121854374	-0.0023152307720114345	0.0007802970200943684	-0.0003538728890647122	0.002231168520226743	-0.004010137844891685	0.00028273962294007334
2.3400000000000003	3.805015562850971e-05	-8.73655333076551e-05	0.0032194402785996673	4.376587279138118e-05	-6.12242990632494e-05	0.002748512865476412	-0.0054652514349995285	0.006288593306092743	-1.317592400682855e-06	0.00035564813781513514	-0.001662993644778143	-4.013483020540301e-05
2.35	-2.2232948402558507e-05	-7.244686935059534e-06	0.0032219493241819218	3.6771290610542565e-05	-6.207392277317111e-05	0.002746033252681846	-0.006104816462810795	0.009072419553422664	0.00041168220390125045	-0.001727781712604289	0.0015153069702811802	-0.00038969443517026966
2.3600000000000003	-7.364659761560446e-05	7.942652512073794e-05	0.003224918022519589	1.1798467168981611e-05	-3.306840108713003e-05	0.0027434109310803616	-0.003748520162544811	0.007501711694756221	6.83274771631763e-05	-0.0030864728690027468	0.004072428590914913	-2.797145518836603e-05
2.37	-9.093565906918993e-05	0.00013015818633328505	0.003222187700589165	-1.9971047068077e-05	1.3322772570193395e-05	0.0027458436264679244	0.0004702184131464666	0.0022001738088909075	-0.0005399160561363207	-0.0030054770572328408	0.0047967584925423835	0.00047360278334119556
2.38	-6.480664597252967e-05	0.00011954797563278018	0.00321677054021937	-4.301272925208828e-05	5.455995711783533e-05	0.0027505766546520095	0.004532694519485453	-0.004249368190013364	-0.0003655499376986983	-0.0014074020149351788	0.003104865720173314	0.0003464426352515319
2.39	-7.084067932680262e-06	5.1126808245603154e-05	0.003217555759577806	-4.563793585744807e-05	7.022894149353565e-05	0.0027504860723453492	0.006570114712544004	-0.008887396572856003	0.0005262140460636941	0.0008663166564818638	-8.11527861976085e-05	-0.00037614499635397634
2.4	5.6244597333256296e-05	-4.44341388972181e-05	0.0032245952438396982	-2.6469520525245093e-05	5.2867420126072454e-05	0.0027451528166419566	0.005562332951422069	-0.009404392837741787	0.0006856045718885215	0.002822120392411904	-0.0032815367523848908	-0.0005250597535166676
2.41	9.458794707651515e-05	-0.00012093970345367198	0.0032275653957630594	6.341967967864151e-06	9.202401665157699e-06	0.0027430343719887225	0.0017439442985647258	-0.005236496668409226	-0.000160028937386803	0.0034974241213070376	-0.005103531552733732	0.00018401009313419415
2.42	8.778057056880889e-05	-0.000140125470619801	0.003221654468489305	3.7570113636594507e-05	-4.091021365433338e-05	0.0027477666715913463	-0.003027568359144208	0.0015485062945794772	-0.0008464863045517794	0.002466560269873948	-0.004485029448776383	0.0006339336818059688
2.43	3.862186677313884e-05	-9.216920049433171e-05	0.0032151714430843285	5.1576294367984404e-05	-7.256550041567918e-05	0.0027522424989894555	-0.0064311987189252864	0.007661594616450833	-0.00026492886391679996	0.00021061007663174684	-0.0015593901038256476	9.212121935453025e-05
2.44	-3.090131660427152e-05	1.4579155658101138e-06	0.0032176036273696296	4.144762824208424e-05	-6.990522590211607e-05	0.0027492186746475755	-0.006922651509282967	0.010356186322998878	0.0006230694224556891	-0.00215367268341621	0.00206724907624342	-0.0005700007340177102
2.45	-8.824029738592251e-05	9.78351849787843e-05	0.0032234825471467166	1.1171118304326303e-05	-3.390398553103197e-05	0.0027440399335211117	-0.004046788607131882	0.00807148143567434	0.00036824121105202444	-0.0036513145834883827	0.004856888339942911	-0.00030255037417479234
2.46	-0.00010440408115154018	0.000149044892314849	0.0032230751608347823	-2.5641179439362973e-05	1.9844636015656626e-05	0.002744961431018588	0.0009662323479543011	0.0017382052866878415	-0.0004247563374171508	-0.0034265229750140265	0.005455240188596715	0.0004385747418100033
2.47	-7.042356649952731e-05	0.00012921065021027223	0.0032181002100669064	-5.164377930352806e-05	6.604477951296726e-05	0.0027501212026637494	0.005572632293363882	-0.005527204324098417	-0.0003963928201857824	-0.0015143018066667573	0.003343421986655878	0.0004284709252481274
2.48	-1.4659681273829933e-06	4.6694277944758033e-05	0.0032178308221560083	-5.336329700568883e-05	8.140275978240426e-05	0.0027509375012979126	0.007688022418714496	-0.010328497934774646	0.0003605173596332038	0.0011776913418327854	-0.0004005497266981062	-0.0003012849702099262
2.49	7.142174287930215e-05	-6.136056502320446e-05	0.003222797768033805	-2.984063196869823e-05	5.8571975940008704e-05	0.0027468721069274253	0.006225777667165728	-0.010369234546700946	0.0004326366029245828	0.0033649337950621846	-0.004002708188305686	-0.0003466796326870447
2.5	0.00011212986681203453	-0.00014271082007003867	0.0032233113177125607	9.01691614169257e-06	7.120767992231736e-06	0.0027464762546283573	0.0015574828645222038	-0.00519357883493225	-0.0003831048534731019	0.0040927605966113	-0.005885901694561116	0.0003094063732239238
2.5100000000000002	9.960555047000877e-05	-0.00015653593663642163	0.0032167950165792976	4.516957436595269e-05	-4.951594783390245e-05	0.0027513416962809518	-0.003955430181820168	0.0025054888979929384	-0.0007084914484476606	0.0028184828900689987	-0.0049491254901673385	0.0005127531269824915
2.52	3.894458860746615e-05	-9.597834097685173e-05	0.0032135740948204734	6.040216472935492e-05	-8.347906448391919e-05	0.002753239554239583	-0.007750962073008382	0.009149163931836849	0.00020703661688729514	0.00011618525593914001	-0.001571860198193926	-0.0002430478517396816
2.5300000000000002	-4.3175068222158296e-05	1.2898648961999923e-05	0.0032203254962670656	4.720873347683601e-05	-7.815285129109097e-05	0.0027473914279717796	-0.007986827647506403	0.011744080499102014	0.0008942764692247093	-0.0026595919141915313	0.002589291988849655	-0.0007731276072316616
2.54	-0.00010692399423203422	0.00011902788156375889	0.003226178487384746	1.0709589112232116e-05	-3.5197369769858256e-05	0.0027425400889770422	-0.0041813992060985745	0.008539212404717889	9.303183566685215e-05	-0.004366185033973946	0.005679232532134038	-6.831901014646687e-05
2.5500000000000003	-0.00011959903657246651	0.0001691519152601215	0.003221175895633286	-3.292926366879549e-05	2.6678816791737606e-05	0.0027467484094295946	0.001733978192577964	0.001022783121970031	-0.0009461133465168306	-0.00399007218719282	0.006159713168466474	0.0008041030363582271
2.56	-7.49253389628458e-05	0.00013797357580755423	0.0032121945520522614	-6.20948332452218e-05	7.730457205425877e-05	0.002754639537565466	0.006858904594984563	-0.0069881846559268004	-0.0005478182159528432	-0.001586128084633018	0.003527245722620967	0.0005061782044688403
2.5700000000000003	7.370744400333791e-06	3.969896450882989e-05	0.0032139472655659347	-6.201173190479869e-05	9.148825008435114e-05	0.0027541512496558705	0.00895442809192032	-0.011902904392258246	0.0008153178512330334	0.001593055859000682	-0.0008025762031450501	-0.0005671754831067063
2.58	8.973063193392305e-05	-8.152805570890698e-05	0.0032235520023342276	-3.240534461123937e-05	6.227826663398673e-05	0.0027474114366663645	0.006772974714315749	-0.011265395250155874	0.0007762950573277407	0.0041342478549675965	-0.004835823761273642	-0.0005080779376448464
2.5900000000000003	0.00013059676087515059	-0.0001661450691429414	0.003225310380700558	1.4217482980178564e-05	1.949151413751996e-06	0.002746936495915216	0.001037584091524387	-0.0048797628735095565	-0.00048404213694131285	0.004821678771700275	-0.00674748928527744	0.00043893669170538087
2.6	0.00010851458914200792	-0.00017120313091887273	0.0032167330461673437	5.590005494072654e-05	-6.148593503500661e-05	0.002754267872558501	-0.005273570119818556	0.0038792388158766576	-0.0009745402670612442	0.0031330699934884127	-0.00535589688263238	0.0007874220381178064
2.6100000000000003	3.3274872240398e-05	-9.44236801907682e-05	0.0032121082669558775	7.162253728768995e-05	-9.608045443296938e-05	0.0027575760881680647	-0.009200122089778485	0.010896656362523866	0.00022483273193043516	-0.00010760751059054546	-0.0012942650441628873	-0.0002651603518975595
2.62	-6.156174507851557e-05	3.0472389891045162e-05	0.0032195063898901267	5.382663761341012e-05	-8.532404721034601e-05	0.0027503992947164714	-0.00894971981420609	0.013033047959195227	0.0009202103489162621	-0.003314454126463644	0.003369032256333662	-0.0009222724932247832
2.6300000000000003	-0.0001298566612150838	0.0001444249769233142	0.003224488610407444	9.481262027684772e-06	-3.315017165040013e-05	0.002744650551595633	-0.004096202646976247	0.00872442407417453	-0.00010979792641259153	-0.005207779406437894	0.006664718645958235	-5.201293377866777e-05
2.64	-0.00013613034312659082	0.00018959398294692207	0.003217560812740226	-4.207201906337276e-05	3.750940251440031e-05	0.002749656356103405	0.00287105881068678	-4.346350939268565e-05	-0.0011141737804628011	-0.004627533740908715	0.006851689494719932	0.0009052506246396577
2.65	-7.700759622669134e-05	0.00014397977535273059	0.0032086439593052817	-7.476043185553418e-05	9.208943469760394e-05	0.0027572619380546934	0.008501497240187457	-0.008733642728095955	-0.0002903642247350931	-0.0016143220296764666	0.003554007866065956	0.00032738150109725106
2.66	2.1397849298360807e-05	2.765344288657925e-05	0.003214168868102448	-7.189074404758856e-05	0.0001029318594181035	0.002753942307614317	0.010408047039423184	-0.013643705681507714	0.001210350689486597	0.0021483179004346954	-0.001465519077815144	-0.0008185467374071613
2.67	0.00011360352564966494	-0.00010646023157380651	0.003225220834506961	-3.4527844355329256e-05	6.46324764204792e-05	0.0027466671475098237	0.007168430306313387	-0.01198742932816637	0.0006623789788317505	0.005074360450322316	-0.005927071328399128	-0.00036784136624401476
2.68	0.00015220283710968795	-0.00019109162317677887	0.003223556245417927	2.1730108351216725e-05	-6.80711160368387e-06	0.0027491151157008824	0.00020134068037373277	-0.00418608490539479	-0.0009304890362758838	0.005714577820160869	-0.007770189386608559	0.0008029543113960049
2.69	0.00011733801659300668	-0.00018373371783579452	0.003211250842409336	6.962289841903497e-05	-7.747702685480537e-05	0.002759023350075222	-0.006865903633682624	0.005569608721714539	-0.0011283778341450756	0.003406901327458055	-0.005711772191669682	0.0008673669557779597
2.7	2.4978187895747095e-05	-8.803681664530583e-05	0.0032084033271907583	8.456208900961585e-05	-0.00011144113118402448	0.0027605028989960406	-0.010934013375711525	0.012863733444161992	0.0006791073706551929	-0.0005307734346467771	-0.000814868868160177	-0.0006809237521349382
2.71	-8.41253036144266e-05	5.381606248567414e-05	0.003220084030822101	5.9869857602572954e-05	-9.270521138914889e-05	0.00274984555759276	-0.009933259281411276	0.014307432947181939	0.001210778774948875	-0.004265576651758014	0.004433117349090742	-0.0010538409652883314
2.72	-0.00015574968434714588	0.0001729406307522354	0.0032251135364785677	5.084169759689665e-06	-2.84550585410073e-05	0.00274487151025135	-0.003720416011146639	0.00843511606392672	-0.0003489562637676575	-0.006264763926872972	0.007906964779929986	0.00021626333235067735
2.73	-0.00015172579927131893	0.00020831512307123705	0.0032147836747599343	-5.489321448163508e-05	5.259170323109288e-05	0.002753202868685851	0.00446986006243273	-0.0016298339308215358	-0.0014396919629115173	-0.005198710634700528	0.0075882858493498745	0.0012066890190657758
2.74	-7.417710453452812e-05	0.00014352778224858224	0.003204724444395565	-8.967251416033019e-05	0.00010958473029816301	0.0027618395477371264	0.010447897627407606	-0.010805871472145566	-0.00015237598323802177	-0.0014422419228236696	0.0033166885990480633	0.00018032236301364414
2.75	4.240707157375343e-05	7.515623508955543e-06	0.0032129168860656854	-8.190782319296285e-05	0.0001138874691907672	0.0027557047124074268	0.011926959368199262	-0.01531874426938832	0.001430535317695607	0.0029206947267026665	-0.002467694519780525	-0.0010998302830081462
2.7600000000000002	0.00014359226829641428	-0.00013691045645171065	0.0032241019714391392	-3.4953879199038275e-05	6.354592861738133e-05	0.0027471415154955753	0.007340135162887826	-0.012233760926531223	0.00044713657171024316	0.006175373290485417	-0.007227616937923902	-0.00030488573954998805
2.77	0.00017581905379415125	-0.00021544779690335487	0.0032193941868522147	3.17386199800313e-05	-1.973375983660397e-05	0.0027514338100896817	-0.0011671529216797467	-0.0028222630059227464	-0.001258103278518771	0.006581702936546581	-0.008725634274486731	0.0010691910772639677
2.7800000000000002	0.0001228270842803716	-0.0001896409717518747	0.0032060055077034015	8.494572865380263e-05	-9.59090298801825e-05	0.002762956134436476	-0.009012854859919123	0.007710872897559222	-0.0008812598170953753	0.0035703778707568156	-0.005782980408628467	0.0008232121369273759
2.79	8.865180790028634e-06	-7.255762188935951e-05	0.003208128356456677	9.764929385155611e-05	-0.00012589928497574107	0.002761924475881438	-0.012939833441612843	0.014862360584991024	0.0012810419937008422	-0.001093184069881889	-2.100634040776647e-05	-0.0010013974462636972
2.8000000000000003	-0.0001147897388464688	8.44822407118146e-05	0.0032226439435995144	6.435502210587082e-05	-9.626344620544725e-05	0.00275001880768762	-0.010648756153612002	0.015134412411447116	0.0011012324282322363	-0.005390244265428885	0.00579039297708482	-0.0009743157608537497
2.81	-0.00018480997624501134	0.00020303688500663124	0.003223958727327482	-2.383986931032518e-06	-1.8311698268793513e-05	0.0027479218861517314	-0.002689158032953962	0.007505528336048591	-0.0009028860474370388	-0.007379053547158824	0.009158817244973918	0.0005781224981338438
2.8200000000000003	-0.0001646161563137306	0.0002221163930025004	0.0032086676925999406	-7.095641844102897e-05	7.138869698263123e-05	0.0027589714827196453	0.006519273013139449	-0.0037593930810986137	-0.0017258580402500854	-0.0056753986434654865	0.007964850867945761	0.0013177744521946735
2.83	-6.454843839879522e-05	0.00013449182316397496	0.0032001592414713136	-0.00010609003701526117	0.00012710403708690246	0.0027657675180948645	0.012750934860737462	-0.013120819883073271	0.0004016093644193624	-0.0010695960981441735	0.0027176507836175344	-0.0002999659987879131
2.8400000000000003	7.187338754780524e-05	-2.140287307532966e-05	0.0032135894680651745	-9.129982384052726e-05	0.00012227588564828377	0.0027552067002543285	0.013348223908637562	-0.016753190468757808	0.0017605610762889798	0.003963903765772985	-0.003658715471427702	-0.001353597888214877
2.85	0.00017833902037763829	-0.00017131324264982127	0.003224619858810735	-3.151651821777731e-05	5.849981523945177e-05	0.002747079075322243	0.006918624130684786	-0.011830302075203842	0.0001232289251806215	0.007533830006298411	-0.008640860589307653	-4.356462541143571e-05
2.8600000000000003	0.0001975929696462179	-0.00023739994294875853	0.0032156347909069486	4.6867911740900867e-05	-3.662384880441666e-05	0.002755247424348977	-0.0032280435398192313	-0.000855283138318422	-0.0016606436165858074	0.007493250178724579	-0.009556795374316559	0.0014791177152683403
2.87	0.00012047571576086223	-0.00018819946215258696	0.0032009870635674076	0.00010444873822913631	-0.00011574879753641918	0.0027685556869828424	-0.011583220642359924	0.010232095374396899	-0.0006728759483871993	0.0035048499668947175	-0.005527496419306743	0.0006587847608680575
2.8800000000000003	-1.7565350743116915e-05	-4.70205524767044e-05	0.0032075047869732456	0.00011245396368168431	-0.00013884012143849882	0.0027637344324963147	-0.014975035319606934	0.016976097752242132	0.001694045568808959	-0.0019296869697215302	0.001005735859837664	-0.0013847363803069883
2.89	-0.0001535867292497072	0.0001231262002415609	0.003222995731346087	6.750543631184847e-05	-9.614733174713017e-05	0.0027507046789050187	-0.010908775415344232	0.0154417160529512	0.0008736386312819545	-0.00677587713125318	0.0072593969458693485	-0.0007915538163354632
2.9000000000000004	-0.00021551577533134006	0.00023383695631514945	0.003220060206117107	-1.3126348571968723e-05	-4.841529546535087e-06	0.0027519178194808838	-0.0009353888554123012	0.005739793983748611	-0.0014182302510887532	-0.00865111991631521	0.0102596688938341	0.0010145024543239882
2.91	-0.00017167855202039305	0.00022921495518084899	0.0032012954327568692	-9.026146508471603e-05	9.171068808716831e-05	0.002765921305889034	0.009265129256704965	-0.006501026009440171	-0.0017156902744585628	-0.0060410826007522974	0.008128555874393121	0.0013195948735268675
2.92	-4.4398715405864795e-05	0.00011467438895790657	0.003197525809410132	-0.0001240599039671842	0.0001435717322970136	0.002768316506518259	0.015322121087951461	-0.01564127395700124	0.0011825940651505455	-0.0005101933115743149	0.0018782920825519192	-0.0010002370096571659
2.93	0.00011113745068680807	-6.023161241111551e-05	0.0032163954989192	-9.981450397140587e-05	0.0001271454781788814	0.002753276467872318	0.014355098433001059	-0.017811139474297747	0.0018601346100997655	0.005299113259579067	-0.0051226434033564226	-0.001424347086776395
2.94	0.00021602581998209297	-0.00020912298780092033	0.0032245092551542046	-2.519497897637285e-05	4.819754933273346e-05	0.00274807821525772	0.005611518645692896	-0.01058157602594312	-0.00044355748798436756	0.009046321588881143	-0.010060008863859613	0.000505020422498888
2.95	0.00021346414073121158	-0.00025390954832820903	0.003209588773822961	6.582976468386856e-05	-5.7578614265652093e-05	0.0027618481712768346	-0.006021325922841114	0.0019265295430364049	-0.0021384674626916842	0.008317964875430588	-0.010144508755245285	0.0018961723684909222
2.96	0.00010690831277945815	-0.00017586401299560678	0.0031947341066557444	0.00012609835252460808	-0.00013596463383910528	0.0027752498789256064	-0.014479245634128328	0.01304693985789837	-0.0001595057765928092	0.0032458165475551556	-0.004843666393872346	0.0002181808845154084
2.97	-5.630611350032666e-05	-1.0649550680350154e-05	0.003207612448101883	0.00012675557453943148	-0.00014858010330614192	0.002764918877151381	-0.016819059164086894	0.018702968279388887	0.002090193884797671	-0.0031362412732307836	0.0024066251470602883	-0.0017354616986460583
2.98	-0.0001986984601665043	0.00016515932530345806	0.0032227159528011163	6.670800207632685e-05	-9.027533765152073e-05	0.002751985248041167	-0.010255684037509516	0.014793453472670588	0.0004562574441413421	-0.00845613548572759	0.008851351849451093	-0.0004961047621698593
2.99	-0.00024275890374262502	0.0002587058034987363	0.003214652705431053	-2.9096792463699907e-05	1.451855578745827e-05	0.0027572141227791562	0.0017698724891577124	0.0031225491590989945	-0.0018865929820303894	-0.009878273950289571	0.011207586828783946	0.0014139536426517965
3.0	-0.00016770195860401938	0.0002246876137359956	0.0031944591090851513	-0.00011289669607364897	0.0001140298366395532	0.002772637537983327	0.012551045132086464	-0.009488622035914062	-0.001404384659203353	-0.0061296894268763665	0.00776298597782517	0.0010521275306259604
3.0100000000000002	-9.88114633464404e-06	8.288829294793487e-05	0.003197711436931686	-0.00014238929838946974	0.00015695549288972734	0.002768953934154162	0.017931750470501356	-0.01791797433499836	0.0018882914772566095	0.00034827729304865275	0.0006060744268042661	-0.0016422099711469237
3.02	0.00016108979386318494	-0.00010496871398010376	0.0032183332625264267	-0.00010520378154478252	0.00012524689645607864	0.0027522064925854083	0.014587612710965562	-0.017910102471694122	0.0015027805067000103	0.006920729999827356	-0.006789629019279156	-0.0011447857680242889
3.0300000000000002	0.00025414618860259374	-0.00024211441492772416	0.003220245500319046	-1.4007310219837846e-05	3.1136280899139474e-05	0.0027516574702263936	0.0031764173440996277	-0.008248426995789324	-0.0011801281572311486	0.010556789018697232	-0.011278492646120233	0.0010752595163721667
3.04	0.00022035786362746071	-0.0002572074247957155	0.003200249105948799	8.77023039343046e-05	-8.113213892865872e-05	0.0027693876634595133	-0.009513282550359208	0.005207474090784413	-0.002223973329860673	0.008810358383326769	-0.010135064278244503	0.001993757983484432
3.0500000000000003	7.989939775633627e-05	-0.00014870622960248204	0.003191195692022964	0.00014676518407554255	-0.00015310940179072457	0.002778241962922554	-0.017616738141689018	0.0157219827289526	0.0009600956473284596	0.002617470728355362	-0.0037035101297795752	-0.000679632605649794
3.06	-0.00010677485767929119	3.5665493220537896e-05	0.0032119433049610565	0.00013687835702069206	-0.00015118948089343196	0.002761975603616046	-0.01800922721620635	0.019551090641774644	0.002270165223107369	-0.004643568405688017	0.004140968990794201	-0.0018202043998164173
3.0700000000000003	-0.0002457452604012552	0.00020619195415874785	0.0032236025028181373	5.951641608340409e-05	-7.577794101296387e-05	0.0027523776474831355	-0.008425778894359243	0.012925636114843743	-0.00024082957473240158	-0.010194307975537192	0.010357918788881943	0.00010579236936504634
3.08	-0.00026060155476025277	0.000271709591548654	0.0032080293507533468	-5.0523908188234676e-05	3.945342417811475e-05	0.0027636208243017133	0.005461974962525352	-0.00028971712799776765	-0.002524326883149715	-0.010840387608232228	0.011679269842852752	0.0018810364975247731
3.0900000000000003	-0.0001479874636017203	0.00020375714977924724	0.0031872647586628105	-0.00013752121983604283	0.00013645484750314253	0.0027791935059363494	0.01612100607211885	-0.01260807592421037	-0.000705697848541259	-0.005759357950830003	0.006807676426548078	0.0004858959272173102
3.1	4.048001703367247e-05	3.6529675831736286e-05	0.0031996591530488614	-0.00015856659446844117	0.00016627889909595904	0.002768165346334335	0.020096306908681385	-0.01962427760773477	0.002473395203841785	0.001667302038806491	-0.0009701523865822439	-0.002085725638637162
3.1100000000000003	0.0002170604292870202	-0.00015457818858319	0.003219853800756283	-0.0001040937234715249	0.00011678980367313218	0.0027519580155080233	0.013457656232875292	-0.016740569435616515	0.000980496743282296	0.008869918171135393	-0.008578687686844822	-0.0006741287349599358
3.12	0.00028466422199554766	-0.0002676236006845876	0.0032145262307700533	4.530256862912209e-06	8.493425973404858e-06	0.0027574777279315574	-0.00048274677583440214	-0.004863402214275376	-0.0019116764012096549	0.011918169499743603	-0.012164031965850605	0.0016509863523437118
3.1300000000000003	0.00021051473090771776	-0.00024630481925997554	0.003190919615295947	0.00011348291056722946	-0.00010562672929748968	0.0027780890583873653	-0.013522930464798695	0.008715104512047605	-0.002005681787387207	0.008833531472698851	-0.009575896454450703	0.0018251713769595875
3.14	3.4350518445029056e-05	-0.00010744410136276654	0.0031912176883470856	0.00016683223973015338	-0.00016627739583648332	0.002779337484219468	-0.020608152838267123	0.01815263585170537	0.0021226306394763416	0.0015937121748423372	-0.002228311224658601	-0.0016431623765288115
3.1500000000000004	-0.00016818875630383463	8.921621119475287e-05	0.0032164565802273175	0.00014206287832398606	-0.00014756971005483989	0.0027593025261444712	-0.017879717208876263	0.019325842496791285	0.0020300877797278555	-0.006528615874220575	0.0058877667963830845	-0.0016237887640705303
3.16	-0.0002889609075801381	0.00024317119033556952	0.003221743254165311	4.5821427636466745e-05	-5.658860322184367e-05	0.002754400990496532	-0.005117250569300573	0.009992307188769286	-0.0011061254098072907	-0.011909273628492078	0.011545517057420613	0.0007454233272057836
3.1700000000000004	-0.0002631900072082424	0.00027261976281971276	0.0031987663480515854	-7.574811496197686e-05	6.429743604458546e-05	0.002771339365231717	0.009874956027172572	-0.004182452149833881	-0.002890038401791602	-0.011306807305205757	0.01154753260153085	0.0022184031800975904
3.18	-0.00011012014297089449	0.00017016323568645866	0.0031821040084566536	-0.0001599593801067559	0.00015300734318907997	0.0027840997819037682	0.01966138404695429	-0.015491646275174952	0.0004596201860001511	-0.0048792716329052336	0.005440389263176773	-0.00045924342002375104
3.19	0.000103678449811258	-1.716921267968327e-05	0.0032030687723805487	-0.00016816764284632166	0.000167117983580103	0.0027661210772141724	0.021184132543592884	-0.02039880196333961	0.0026454676438721837	0.003410352854358319	-0.0027439183889058807	-0.0022108874933449824
3.2	0.0002719519403273774	-0.00019984819690532183	0.0032194093868984893	-9.469909941132713e-05	0.0001010415562408421	0.0027530583442268194	0.010812829298796987	-0.014374015796922913	0.00023736003143257355	0.010691560660820198	-0.009946987823084695	-0.00015080602074676327
3.21	0.00030109443301315914	-0.00027949162733532186	0.003206778218527517	2.822769323134262e-05	-1.619138936793344e-05	0.002764123330326404	-0.005111285483189663	-0.0009332400327664036	-0.002454181094949866	0.012823376959283744	-0.012494551127683043	0.002118077223097426
3.22	0.00018186861998210492	-0.0002202336715841245	0.0031835680756215953	0.0001388451888077862	-0.00012638441288383544	0.00278460773714217	-0.01759218534051037	0.012057535043982763	-0.0011597524738208534	0.008232416869576195	-0.008448854207031613	0.0011080962533078585
3.23	-2.7558552494095876e-05	-5.5327821853790156e-05	0.003195253855735805	0.00018197627608753227	-0.00017264356761658966	0.0027761764009038756	-0.02280505458905022	0.019824758198661762	0.002785122752643421	0.00014540963039123324	-0.0005930409933516545	-0.002185791726743872
3.24	-0.00023256184030577768	0.00014248841583232714	0.0032189707757854574	0.0001387287696191748	-0.00013649114485366585	0.0027577292128905698	-0.01610923759820025	0.017768359109184197	0.0012663967363118207	-0.00853305574338447	0.007595680664943964	-0.000981703051633255
3.25	-0.0003193707808545221	0.0002671790784202505	0.0032150861224719417	2.4987239106595068e-05	-3.276219628995024e-05	0.0027605088054588867	-0.0005024330279136488	0.0060768856120290244	-0.001963206423369243	-0.013240780645394466	0.012264371622350964	0.0014844294728018743
3.2600000000000002	-0.0002449702202798152	0.00025583652790579385	0.003187992494352945	-0.00010372522362318781	8.831162918453927e-05	0.002781515797073576	0.014497061982401695	-0.00802711164933047	-0.002637715420213789	-0.011259956968641006	0.010804940107346258	0.002106013050091031
3.27	-5.288973074982114e-05	0.00012253102456875135	0.0031828447525912634	-0.00018091362681085148	0.0001636902136567134	0.002784769097598391	0.022745013227190317	-0.017792877638011285	0.0019857244781823057	-0.0037829559797699155	0.003840542476828708	-0.001766984219731796
3.2800000000000002	0.00017499272507020823	-7.442155666623786e-05	0.003210494840503837	-0.00017329757436756408	0.00016042849097749724	0.0027618378694196414	0.02050985307837891	-0.01973934750826662	0.002453127630398863	0.005448318198182369	-0.0045625267982509965	-0.0019593033929192322
3.29	0.0003171340914195485	-0.00023502102537623215	0.0032200758377110544	-7.948865712851844e-05	7.87390419753652e-05	0.002754388809397012	0.006562051059943541	-0.010848037931090784	-0.0007202760613234156	0.012507641606197927	-0.011084465174701992	0.0006118412409176333
3.3000000000000003	0.00029652150805426424	-0.0002735508939084514	0.0031991720342912345	5.594003358024566e-05	-4.324343938870099e-05	0.002771940029082117	-0.010299535893480294	0.0033174864897238194	-0.0029477194784817006	0.013391607798566576	-0.012255127399867744	0.0025405229034280914
3.31	0.0001318928938276779	-0.00017883224764146584	0.0031792939040322017	0.00016370616150167887	-0.00014332796198355128	0.0027898667500730677	-0.021331041364150573	0.014788462723752326	9.085465635476429e-05	0.007273245167762773	-0.006803897149385848	5.573538236119371e-05
3.3200000000000003	-0.00010282160568916976	3.3586695641476724e-06	0.003200202594474059	0.00019357915755129236	-0.00017147864314532703	0.0027738645125106876	-0.02355145137516466	0.020207048678122397	0.0028921877067996987	-0.0016593381115029985	0.0013366789951090314	-0.0022309165872956083
3.33	-0.000293135330051699	0.00018785070721529667	0.0032185291095691167	0.00013003809117117385	-0.00011727854932059346	0.0027596299256912697	-0.012625388306511501	0.014871060504941008	0.0003452485424204365	-0.010537169321720724	0.009074091570904224	-0.0003340124140990492
3.3400000000000003	-0.00033249026647123257	0.000274320472347551	0.0032058439511871194	4.538665189936697e-07	-5.093382577440355e-06	0.0027682157030474784	0.00496589090443962	0.0017307751286825932	-0.0026168032870653116	-0.014293805604387231	0.012428325380246975	0.0019020831701542402
3.35	-0.00020713239370994318	0.00022322268418322524	0.0031789649594143447	-0.0001305941700166877	0.00010987954077336018	0.002788582117609928	0.01881740235777599	-0.011202980537959078	-0.0016674523837450514	-0.010639799702602374	0.009401255344687855	0.0012811147966159662
3.3600000000000003	1.8619622975075686e-05	6.66399895872015e-05	0.0031888424323140876	-0.00019705453800307774	0.00016752711105347802	0.002779453418887915	0.024846068735046006	-0.019134943646108116	0.003030656912366276	-0.0023012701652603495	0.0019047797260590893	-0.00255564997905131
3.37	0.00024532503247786096	-0.00012758726708251512	0.0032164802670427593	-0.00017006075927063883	0.00014448823881371204	0.0027570184119815834	0.01814831262699161	-0.017766202024569026	0.0017168193172118272	0.007606638256000283	-0.006370609934078221	-0.00133254873135303
3.3800000000000003	0.0003467990239915251	-0.00025562926261174865	0.003216056331090249	-5.752127790170318e-05	5.038975015145907e-05	0.0027575566149539675	0.001268667817086795	-0.006681798439281436	-0.0017698781271531638	0.013957478969230743	-0.011648095247696885	0.001430201936771587
3.39	0.00027161388940288514	-0.0002518268266862106	0.0031883867186834175	8.559050092371109e-05	-6.94026429319079e-05	0.0027805888359021783	-0.015356867487203538	0.0071477351125110835	-0.0030222154985618706	0.013315411918096194	-0.011215143933051131	0.002605540613631338
3.4000000000000004	6.682304014365201e-05	-0.00012814159651580313	0.0031782981066994062	0.00018520992160219404	-0.00015304296551896671	0.002790488866128328	-0.024392573588750972	0.016793467597340083	0.0016772426624765459	0.0060316000680825	-0.0049043338118507085	-0.001264920970248815
3.41	-0.00018047391909444108	6.093152167677741e-05	0.00320533575819795	0.00019805340594706097	-0.00016233136168192133	0.0027694110947241637	-0.022537666461377247	0.019252824049055397	0.002592042542955105	-0.0038168707060220112	0.0032296362831069525	-0.001988524985998229
3.4200000000000004	-0.0003396254497720842	0.00022039225078336925	0.003216940546562532	0.0001131078717395812	-9.29790428371317e-05	0.002760517834074622	-0.0077384883080776345	0.011118796713072575	-0.0005032954423822149	-0.012395892774423361	0.010034449343448245	0.0003651499044050445
3.43	-0.000323264509717335	0.0002646555926228968	0.0031973106419332475	-2.911876953090442e-05	2.1867259388050206e-05	0.0027754234388907245	0.01062948276512523	-0.0025137618109529157	-0.0029635849715025178	-0.014819842741193441	0.012002916579009574	0.0022947442130242996
3.44	-0.00015032310288556707	0.00017913348881482764	0.003175444108257196	-0.00015620270098034306	0.00012494631744254368	0.0027928564381616413	0.022498997394891036	-0.013696869823459643	-0.00014258740612489888	-0.009473798079803952	0.007595938174765254	8.325713604235626e-05
3.45	9.902888589939371e-05	8.07984704725784e-06	0.003197117021013188	-0.00020755211339973926	0.00016440762114883464	0.002774322032036987	0.025274338564789688	-0.01923882575637559	0.0031763344784264762	-0.00030502448226587045	4.580790080054434e-05	-0.002663946624935488
3.46	0.00030566967040698785	-0.00017041416491905226	0.0032186835110341806	-0.00015823433943512344	0.00012468698223731025	0.0027565252719417856	0.013992348160130789	-0.014687238655349712	0.0006229273825026933	0.009747847151156704	-0.007660642055237426	-0.0005861522628542944
3.47	0.0003537251375730103	-0.0002592569955413586	0.0032072232033685815	-2.9117345896800297e-05	2.360660663285488e-05	0.0027644092349695306	-0.0046924038255075125	-0.0023496831502254675	-0.0026812428772087257	0.014960163012379983	-0.011686786817971351	0.002037568703032969
3.48	0.00022491716050622302	-0.00021717183484412647	0.0031771952091510683	0.00011516760219961059	-8.919007281568555e-05	0.0027887193054969553	-0.019664026196854888	0.010105875903108772	-0.0022495662713954215	0.012459785320083749	-0.009741539987094157	0.0019613687265731994
3.49	-1.1386582653774382e-05	-7.371548606654539e-05	0.003182985996389037	0.00020098664780483024	-0.00015450359461702135	0.0027854314344608	-0.026191216134639032	0.017783036813567712	0.0030186918910409056	0.004323006305195776	-0.003012824436207182	-0.0023141739523668096
3.5	-0.0002525845331475709	0.00011012548127152996	0.0032128813597189125	0.00019210947108180894	-0.00014513083888573956	0.002763207603522879	-0.01954858890718333	0.017135344606620286	0.0020595103276065344	-0.006188140387050025	0.00487413957659176	-0.0014781314184686182
3.5100000000000002	-0.0003646706271173475	0.00023683308152633027	0.0032155149389726076	8.758006860867408e-05	-6.49427559517882e-05	0.00276148395162557	-0.001856366075751721	0.007056641841216482	-0.0015528268946088115	-0.013830412684723509	0.010456747368026448	0.0011572960793528764
3.52	-0.00029020121046705434	0.00024082651673895333	0.0031886023790285854	-6.158393538851507e-05	4.726827713296971e-05	0.002782174550273375	0.015765697973028195	-0.006048509747051203	-0.003140754828258372	-0.014637745643212794	0.011022690159451105	0.002473201252068385
3.5300000000000002	-7.880796946901117e-05	0.00013018577779084223	0.0031753038733341836	-0.00017850971325625837	0.00013387358978901213	0.002792270317163949	0.025190540327325813	-0.015245934988007765	0.0014453089728863923	-0.007962503791873667	0.005596609852766218	-0.001293076329457049
3.54	0.00017897740880384001	-4.459192607568592e-05	0.003203296920457966	-0.00021063987016427965	0.000153528708757681	0.002769157726533267	0.02378568668296636	-0.01813029803131092	0.002849273653548442	0.002051039769003576	-0.0018772807779015635	-0.0022698511841527597
3.5500000000000003	0.0003499324829522795	-0.00019804658293219907	0.003217124414922561	-0.00013886644811506867	9.867931424663458e-05	0.0027580870554281605	0.008726426810114906	-0.011073530971256766	-0.0003382863229981962	0.011658802496378547	-0.008608180800991513	0.0002417092648401051
3.56	0.0003395696894073564	-0.00024745710583383055	0.003198053539181053	2.7709043764617035e-06	-4.36421336926918e-06	0.0027726799538575313	-0.01049758380179077	0.0015251681903738715	-0.003049588841888046	0.015452077977648877	-0.0111359538680755	0.002430804757249592
3.5700000000000003	0.0001639391180130242	-0.00017501065599587862	0.0031726880539920733	0.00014204040385879546	-0.00010403327962335485	0.0027939963095664727	-0.02300349584310739	0.012121919830038276	-0.0006712781612024632	0.011053104008689134	-0.007766347168037139	0.0006801678573775992
3.58	-9.248350755063558e-05	-2.06148358718406e-05	0.003192475942449355	0.00021100777137702086	-0.00014939825093554903	0.0027790783764134073	-0.026261185523462745	0.017701299896457908	0.0033706681375859113	0.0021681509250382055	-0.0010698817472619732	-0.0025808028504818187
3.5900000000000003	-0.00031048238675742687	0.00014681088326896216	0.003217628232509203	0.00017800365500442454	-0.00012281108611699669	0.0027601225300740795	-0.015124280604514937	0.014133262286023239	0.0010628246782387627	-0.008497091803680067	0.00617033538422746	-0.0007957446395122302
3.6	-0.0003675250431357516	0.00023655060333710787	0.003210156293846426	5.5809894355439995e-05	-3.628877922197735e-05	0.0027655457100658064	0.004104059555458953	0.0030368865627651235	-0.002386801937542644	-0.014893528439597386	0.010430809950015316	0.001777159225428584
3.6100000000000003	-0.00024027000977125168	0.0002056087839464621	0.003180354374945597	-9.467642801809108e-05	6.83922366533888e-05	0.0027889006066317435	0.019860006028017203	-0.008667853532522396	-0.0025836301608261336	-0.013709443499876711	0.009447339515382553	0.0020799926329437995
3.62	-6.450499012751665e-07	7.906082669369847e-05	0.00318135923515184	-0.00019599170074962167	0.0001357074932102125	0.002787463549230102	0.026678035940213615	-0.015941467639088793	0.0026949467461738546	-0.006070686434647713	0.0036657260212963265	-0.0022781635806656316
3.6300000000000003	0.00024880179346306846	-8.889037285057847e-05	0.003210318154533686	-0.00020449805897421574	0.00013689960163225717	0.002763704500376238	0.02060927597381338	-0.015984483855130238	0.0021356213891050232	0.004661483243476405	-0.003511122676435643	-0.0016943654585469606
3.64	0.00037165500298310034	-0.0002107385331232199	0.003214735054774571	-0.00011051494057537817	7.108800670942721e-05	0.0027596284177399378	0.0028649724188735616	-0.007231221615958766	-0.0013047745256668736	0.013295000446239791	-0.00906757094086682	0.0009474955909305579
3.6500000000000004	0.00030422892152472407	-0.00022285461739663417	0.0031892060029215545	3.92275565816765e-05	-2.9725672761565374e-05	0.002779497247530632	-0.015433469602616655	0.004708285424931272	-0.0031872877393601686	0.015316341394777609	-0.010229165156905664	0.0025631627759798298
3.66	9.327559587773442e-05	-0.00012909447407993672	0.0031732596072381243	0.00016734478748377355	-0.00011359893673529596	0.0027931820388445642	-0.02531534000977922	0.013264971842885644	0.0011550744226215615	0.009370057768237782	-0.005824720883351256	-0.0008509323666160194
3.6700000000000004	-0.0001690470762216098	2.6369318661011526e-05	0.003201499455617108	0.00021522677422088082	-0.00014035922422917516	0.002771565370414413	-0.02462503295183665	0.016492637714594215	0.0030927867744478207	-0.0004529195804721426	0.0007480025119894698	-0.0023174338097453175
3.68	-0.00035051805677544103	0.00016963203292208267	0.003218492469001968	0.0001568273953320576	-9.904310175501409e-05	0.0027592282807905035	-0.00988908854790866	0.010790011575530434	-1.829342725227525e-05	-0.010691221422455576	0.007163194088955739	6.323803217946887e-05
3.6900000000000004	-0.00035033283173301825	0.00022336204450230221	0.0032018557257360012	1.9338710370824386e-05	-8.97370608453726e-06	0.002772103055874614	0.009721999721432817	-0.0004132927011962256	-0.0029741185494710524	-0.015624555641352119	0.010084129567070044	0.002322290539879352
3.7	-0.0001787484111188151	0.00016641935579421384	0.0031744952404962464	-0.00012733693268732101	8.488397447404722e-05	0.002793951084020301	0.022881027216406162	-0.010209962644566499	-0.0012160908428863685	-0.01224219231702199	0.007713690550230476	0.0009773245583647016
3.71	7.859346352109339e-05	3.276804934174372e-05	0.00319022573830596	-0.0002099556464118894	0.00013368829819905963	0.002780508834622307	0.026751267990887746	-0.01569479466362269	0.0032691474292304043	-0.003713078813001482	0.00181065890956795	-0.0026866076978288088
3.72	0.00030552441628929134	-0.00011999863558137805	0.0032161246740294433	-0.00019151325023885468	0.0001178196708810134	0.0027595311020218406	0.01630700205586572	-0.013328051718342513	0.0012593941751586652	0.007316748158933044	-0.0048733419752844875	-0.0010349703461290988
3.73	0.00037425450077696365	-0.00020932867788585097	0.00321088983468416	-7.662020078880456e-05	4.4475863909230784e-05	0.002763154174976764	-0.003064900876419874	-0.003754798614096737	-0.0021959814588499906	0.014676961902477251	-0.00917949974735437	0.0017013955157107337
3.74	0.00025444462404427583	-0.0001913733610100951	0.0031812829442945455	7.697970526213322e-05	-5.049272061439882e-05	0.0027863296910233463	-0.019472298397819974	0.006923803965110176	-0.0028203225512082094	0.014568152100160887	-0.008901559025131445	0.002249190436541748
3.75	1.6559256322508088e-05	-8.47897976737577e-05	0.0031784346175298592	0.00018965982336454466	-0.00011702433538277024	0.0027883985347069147	-0.02679428091163938	0.013761042842330066	0.0024910103330774286	0.0074099461994648905	-0.00399696774789439	-0.0020530946191019473
3.7600000000000002	-0.0002386771041998343	6.443459532320232e-05	0.003208176642514154	0.00021242653951946203	-0.00012574103362990408	0.0027645595699231037	-0.021599180462942295	0.01465382221907847	0.002383955287452813	-0.0032895427868160263	0.002386468812050395	-0.0018532498191886904
3.77	-0.0003734961714039595	0.00018086676602089034	0.003215743182801929	0.0001287666567979695	-7.309266488061088e-05	0.002759030585793043	-0.0041118668104940075	0.007552151370977713	-0.0010103842437076459	-0.01267141205914638	0.007678798333705144	0.0007992253564664814
3.7800000000000002	-0.0003166606392402362	0.00020315118585785024	0.0031922825700303565	-1.9951488276891283e-05	1.5301778616911676e-05	0.0027778746140613253	0.014662063259472443	-0.003123611467028481	-0.0031458101981879415	-0.015759032722893532	0.009245910529631024	0.00258654341203538
3.79	-0.00011022134442567499	0.0001283052277752976	0.0031735503788984484	-0.0001566718121422777	9.405287966494351e-05	0.0027940371974636423	0.025086215684961586	-0.011130262412538266	0.0006340984708136029	-0.010467870748714176	0.005732849093574727	-0.00047897733336684086
3.8000000000000003	0.0001539717485988673	-6.597154565838345e-06	0.0031994262044692623	-0.0002173042549834485	0.0001238596982416407	0.002773480467232922	0.025329148134535663	-0.01477461083924701	0.0031284056102588525	-0.0009448991184329059	2.6158627174344993e-05	-0.0024642024460573295
3.81	0.0003465944796113807	-0.00013966718093418805	0.0032180392796279976	-0.00017101882201410335	9.361176142992398e-05	0.002758748132143589	0.011262353441276593	-0.01055558084124144	0.00021797104110476043	0.00977718027993164	-0.005788527742437072	-0.00023581584756963555
3.8200000000000003	0.0003599443114459087	-0.00019891200109792165	0.0032028777199274937	-3.8590041567390346e-05	1.7534678908053326e-05	0.002769317882730394	-0.008520386858572149	-0.0008637160837130267	-0.0029267852411289956	0.015564789325844918	-0.008791592208577424	0.002155749587610964
3.83	0.00019725983214027217	-0.00015900881592805763	0.0031737521931199408	0.00011261521584958073	-6.677361369957605e-05	0.002791661065213239	-0.022332205438547477	0.008233601040880095	-0.0016487368348501088	0.013154317928581669	-0.007170619114828698	0.001310277068271313
3.8400000000000003	-5.7882504046166654e-05	-4.6585031978040105e-05	0.0031859410671311724	0.00020608476677806643	-0.00011425791196941858	0.002781437338957469	-0.02703543429297435	0.013614630550054841	0.003242532789908046	0.005014045550764693	-0.002128685678230367	-0.0026069198909247334
3.85	-0.00029389053786999403	9.051891217036745e-05	0.003214247090891187	0.00020076321250715222	-0.0001063309354778077	0.0027596819613998915	-0.017716010544368825	0.012462870182001283	0.0016823807537108583	-0.006117715167447563	0.0036942992731324423	-0.0011938930886328857
3.8600000000000003	-0.000379003781884754	0.00017994694491510021	0.003213357075309211	9.457572195445643e-05	-4.6433828971642376e-05	0.002761561946399763	0.0013791691452391592	0.0046079967491206445	-0.0018129817223008935	-0.014202474529886487	0.007778418393427529	0.0015612196213956135
3.87	-0.0002733773183358523	0.000176767199974998	0.003185952393231839	-5.959203193546805e-05	3.6611302865244594e-05	0.0027851178434272392	0.018477983835955326	-0.005004215254473697	-0.002887194871806696	-0.015159679323956714	0.008047305990789542	0.0025287698246172843
3.8800000000000003	-4.180614418972769e-05	9.115902381767156e-05	0.0031789569540032377	-0.00018117808633621947	9.88714788184411e-05	0.0027918304307211024	0.026524194384934415	-0.011566648825081393	0.002070511484474472	-0.008469185204865429	0.003975762210281953	-0.0017202436212321714
3.89	0.0002181431528850591	-3.933998935670637e-05	0.0032077557383109016	-0.00021653521197002152	0.00011181446230562981	0.002767816057210967	0.02282295290571954	-0.013311006441785449	0.0025020416575772166	0.0019867226387187483	-0.0015368310539940657	-0.0021417768931641067
3.9000000000000004	0.0003698746552121263	-0.00015002606540307848	0.0032169974894964053	-0.0001436551289768837	7.024172288363222e-05	0.0027584735247473905	0.006082630766625311	-0.007781583736990665	-0.0008130670869530465	0.011920720712842666	-0.006427063382124379	0.00042322834240959823
3.91	0.00033146132043458736	-0.00018212795650396894	0.003194659160565365	1.7771995075065432e-06	-6.254082271388684e-06	0.002774355328676543	-0.013122449262179457	0.0015287365695067826	-0.0031605882290197274	0.01589564137417882	-0.008210703000001297	0.0024158221153390822
3.9200000000000004	0.0001354599025658995	-0.00012587018359751242	0.0031728149160645527	0.00014453980200442246	-7.852647517185617e-05	0.002792230464537255	-0.02443964050006149	0.009094979330364343	9.676264247819756e-05	0.01137112784777119	-0.005518349782996381	2.1222279114170806e-05
3.93	-0.00012816596387783114	-1.1226719737722965e-05	0.0031967466248646343	0.00021621360865314217	-0.0001095481128781398	0.0027741565130532156	-0.026024559518899797	0.012987399105711377	0.0033379280459450702	0.0022687095943999835	-0.0005109524388575508	-0.0024761488883731863
3.9400000000000004	-0.0003347482297856872	0.0001104546260573632	0.003219245156628748	0.00018261325234979073	-8.731934863346781e-05	0.0027583787798150738	-0.013187030553894167	0.010148820454956096	0.0006846494680953621	-0.00871368221155049	0.004775953355324621	-0.00034998201193931486
3.95	-0.0003685989016955341	0.00017405142643314768	0.003208294394708923	5.644012339763438e-05	-2.206224722106963e-05	0.0027680877091551853	0.006576297084536587	0.0020308605846616787	-0.0026516948458368494	-0.01543479246767422	0.007707813975678268	0.002117681665865879
3.9600000000000004	-0.00022053018522892712	0.00015005465461133408	0.0031787697852591864	-9.859127125266168e-05	5.391243055577321e-05	0.0027917727653007413	0.021392732683282324	-0.0064070670393396876	-0.0021415925831550957	-0.013987504658066063	0.006705915404283549	0.0017076781074513285
3.97	2.941875202661612e-05	5.7020564062768776e-05	0.003185288332106082	-0.00020185856840614064	0.00010001084540769426	0.002785159838952291	0.027140724041475106	-0.011701714806977754	0.0029402806167683464	-0.006152703380039536	0.002329495672097563	-0.0025735015888656582
3.98	0.0002748079838019092	-6.567556995519401e-05	0.003213483049756451	-0.00020873106945568364	9.718226525302261e-05	0.0027610509607276595	0.019381650009170616	-0.011647020183172416	0.0018474503830085939	0.0049818692797832095	-0.002915755826585293	-0.0015726296367679317
3.99	0.000380334517990857	-0.00015427507707071455	0.003214627690523743	-0.00011039771169978445	4.6630130787191704e-05	0.002758938209529519	0.0007963620502971615	-0.005258247345851604	-0.0016231109613879331	0.013804286069011086	-0.006757129559208242	0.0011558755261786065
4.0	0.00029317840826554643	-0.00016311235673434303	0.0031873540905079387	4.4028721424350474e-05	-2.6941530016277122e-05	0.0027797839044361437	-0.017098197331782684	0.003405870715938885	-0.003105622915654048	0.015640506864775625	-0.007288971714498879	0.002481378254658518
4.01	7.021494753795611e-05	-9.521120115482631e-05	0.003175766226815192	0.0001733964403796372	-8.513099204530728e-05	0.002789827325381376	-0.026128938353164273	0.009657491533536974	0.0016589664452330483	0.00937272128697538	-0.0038781990826627557	-0.0012219490320553692
4.0200000000000005	-0.0001936688380299529	1.827302866209577e-05	0.0032050788699823345	0.0002196426644568588	-0.00010034754025891106	0.0027682064123020185	-0.024033571827409058	0.012034452331381866	0.0029128380671700977	-0.0007867110820599275	0.0010083975286177826	-0.0020718074797749174
4.03	-0.0003634658107955871	0.0001233280998187415	0.003219611889336588	0.00015668369086421582	-6.622725997899767e-05	0.0027587254503285905	-0.008291169418920587	0.007947846722811156	-0.00029531262921148445	-0.011208065808311334	0.005535897697448393	0.0003380824001167327
4.04	-0.0003466601551475393	0.00016344636466771538	0.003200693383055173	1.4303450415776133e-05	8.389557702750005e-07	0.0027736661123054745	0.011265636026698143	-0.0001994308747807712	-0.0030624663636760214	-0.016015057537784507	0.007308391984812223	0.002368540297409749
4.05	-0.00016364283503680365	0.00012324858020651785	0.003175583086826208	-0.00013408289599270637	6.676077438783447e-05	0.0027927637158170738	0.02368212032377814	-0.007307209695829676	-0.0006418905624679011	-0.012215854595290157	0.005150705552422662	0.00037840256689872025
4.0600000000000005	9.847230878319585e-05	2.6678575948988057e-05	0.0031944364737217404	-0.00021523382976276206	9.685425621681197e-05	0.0027760079817459172	0.026720760747976784	-0.01139042634109397	0.003167799369345481	-0.0033609445808714237	0.0007548797698806805	-0.0026735987710484166
4.07	0.0003196856721592866	-8.476550457997832e-05	0.003217465006785872	-0.00019172502648433638	8.046001793585834e-05	0.002756473745267527	0.015274984559510606	-0.009806112145659183	0.0008849183078182099	0.00788957597348481	-0.003904764609249396	-0.000828150351663822
4.08	0.00037646670545032467	-0.00015164932230090535	0.003208724533729451	-7.089504840656614e-05	2.4852920020950457e-05	0.0027620271599763636	-0.00431943370438474	-0.0029823363304470017	-0.0024367012218766268	0.0152172112199875	-0.00674774649329829	0.0018526070996760348
4.09	0.00024614527982266165	-0.00014144683411613962	0.003179266434494696	8.608483415468718e-05	-4.3139851393310645e-05	0.002785762350896099	-0.020245744007510863	0.0047370527512123894	-0.0024339450410164336	0.014638258044510999	-0.006145405831706968	0.002141307120994149
4.1000000000000005	2.2944366350939576e-06	-6.609959153761863e-05	0.003181797694519523	0.00019743270292104864	-8.679419454090153e-05	0.002785829410959772	-0.027160712394678634	0.00994388409080522	0.0028426654508762633	0.007062273783783609	-0.002359376533878674	-0.00206586681268434
4.11	-0.00025233310461285276	4.254134279213047e-05	0.0032124032889431385	0.00021448986217059184	-8.775789974023057e-05	0.0027641079780964827	-0.02118153791121556	0.010755375501703409	0.002301201832908752	-0.003987085257806601	0.002211752318308661	-0.0015438024485900496
4.12	-0.0003802909948731257	0.00012904370306971412	0.003218319694132074	0.00012378372552259345	-4.612873660988677e-05	0.0027612039430457824	-0.0032420369286886796	0.005768865489676499	-0.0011906683178218534	-0.01333340177527123	0.005747882959126262	0.0009997927584410517
4.13	-0.0003147009000356318	0.0001486480965525341	0.0031931574059596863	-2.9949506908761373e-05	1.8420911410431358e-05	0.002780421922648014	0.015440251956284729	-0.0018906835027751737	-0.0032097913418137496	-0.016032564732547	0.006571632042783335	0.002402020672020464
4.140000000000001	-0.00010225149347897698	9.768724038493517e-05	0.003176130323104141	-0.0001664388954538512	7.240138052899811e-05	0.0027917627631452715	0.025607145818437982	-0.00786739554174671	0.000896545174143908	-0.010253323897234714	0.003696864676701098	-0.0010824422918293334
4.15	0.00016508111910345518	5.073507478486679e-07	0.0032015157336854694	-0.0002223285644236893	8.899952841762038e-05	0.002768078668425299	0.025327948745593645	-0.010773733969138697	0.002893194901634878	-0.00021972097914380555	-0.0005196493620833779	-0.0025233491108446406
4.16	0.0003548002732099901	-9.778006405132959e-05	0.0032178308379767085	-0.00016788779468974047	6.236001424907443e-05	0.002753809899473256	0.01076642623483506	-0.007929628315369402	3.3680754817362215e-05	0.01063198057309625	-0.004590344822544538	-5.9352377986014955e-05
4.17	0.00036229549267788417	-0.00014428558483407485	0.003202195694897339	-2.7669443708002383e-05	4.902683547739696e-06	0.0027668348789781196	-0.009133833031567807	-0.0010043209162450297	-0.0028408858896134663	0.016177321352828636	-0.006436527713516469	0.0024066578089621325
4.180000000000001	0.00019412325820215902	-0.00011915222237356421	0.003176278418139728	0.00012626415342220152	-5.5022040045036964e-05	0.002790309323977904	-0.022821477139393778	0.005635593538410202	-0.0011076595490815703	0.013082440173539487	-0.0048867536889919926	0.0012380207938353716
4.19	-6.56511765146255e-05	-3.954618938051197e-05	0.0031921081913337227	0.00021625112045627623	-8.528995254981972e-05	0.0027804436431159082	-0.027335755021357426	0.00982268159337104	0.003287711058362061	0.004320011445329019	-0.001072617011201133	-0.002366614480316618
4.2	-0.00030241977596747843	6.087408333874708e-05	0.00321856578785634	0.0002018461498252777	-7.473957603183198e-05	0.0027612006038300473	-0.017580026183667687	0.009265105538315815	0.0013138591706270994	-0.007144070889048797	0.003127473440179686	-0.0009972133552784222
4.21	-0.00038443609996623737	0.0001288213818751631	0.0032134637737206728	8.525596545325713e-05	-2.811643369867611e-05	0.002764285124103685	0.0018439181662333148	0.0037420420395493474	-0.002243931552501707	-0.015123452190627955	0.005794417278727682	0.0015568362398251366
4.220000000000001	-0.000273891068590497	0.00013085517213377913	0.003183375084904331	-7.45882678229835e-05	3.210550501871678e-05	0.0027859053422779933	0.01890736585254146	-0.0031866740601207374	-0.00287789950067831	-0.015275427840879631	0.005671330699324145	0.002074089253086539
4.23	-3.728019976766438e-05	7.255393164803664e-05	0.0031790375986419767	-0.00019356276115049416	7.435287916681964e-05	0.002786749299817635	0.027086744272969983	-0.008140982372763807	0.002344549608529151	-0.007895613488319193	0.0025049478502722445	-0.0021682373301502283
4.24	0.00022639959055965973	-2.113824321515837e-05	0.003209205955315649	-0.00022001726721789145	7.971000732173973e-05	0.00276122778308068	0.02295748300528716	-0.009749566723683633	0.0025653519193363527	0.0030978324239039493	-0.001513723678242402	-0.002041449680764962
4.25	0.0003773640599484734	-0.00010443167766936705	0.0032188152344129473	-0.0001356727611117844	4.642583186078547e-05	0.002754007988912923	0.005808924814479939	-0.0060969726487405465	-0.0008070673487385779	0.013024330853574323	-0.004895246867381349	0.0007140615834078787
4.26	0.00033545144692907563	-0.00013283389504245937	0.0031968479840513296	1.860911905291719e-05	-1.0199629851877782e-05	0.0027731141112967168	-0.013553267034311044	0.0005667084471728944	-0.003049585270714862	0.01642653868076653	-0.0059336855692827244	0.002701350483254298
4.2700000000000005	0.00013456114112117367	-9.695513773185462e-05	0.003177280774461147	0.00016223261191635448	-6.103931778950021e-05	0.002791815664654798	-0.025082601652380025	0.006226273607919615	0.00032002287825265365	0.011059789982606366	-0.003703471795995005	1.7035200111351963e-06
4.28	-0.00013516696092654237	-1.595420826719423e-05	0.0032001094185182214	0.0002265861081933509	-8.018380833210499e-05	0.0027753371258030946	-0.026491252691732907	0.009395913563074287	0.0029446251623878156	0.0011443917570094944	-2.568068770243407e-05	-0.0022203312691062294
4.29	-0.0003442039342207216	7.400901415172117e-05	0.0032182606129450043	0.0001797618180971824	-6.0961985606762113e-05	0.00276160359788378	-0.013226629960855543	0.0077574772098795135	0.00026490589298102323	-0.010087997443982168	0.0037188143643277225	-0.00024782473417501235
4.3	-0.0003765588001366867	0.0001250156960739668	0.003204397331517027	4.1982692447093295e-05	-1.1837408672158856e-05	0.00277102992651032	0.006861919738974855	0.0020558752112728455	-0.002748244514166512	-0.01627346911236674	0.0056973890534828655	0.0019412428123386637
4.3100000000000005	-0.0002250773758834824	0.00011362576048467404	0.003176886142943726	-0.00011693641306349893	4.2997304248211194e-05	0.0027910944144120984	0.02181758909316086	-0.0040594392035746794	-0.0016034599197399099	-0.013898332915169764	0.004688007930649817	0.0011243338631006388
4.32	3.0794912334428664e-05	5.053842465427834e-05	0.0031888756222506155	-0.00021577575349705463	7.397957967924053e-05	0.002779507793427503	0.0277611243522572	-0.00823411978117674	0.003265899310976975	-0.005303630916233878	0.0014151466457880406	-0.0027891227510969787
4.33	0.00028089195247290964	-3.82475279805246e-05	0.0032181764145372375	-0.00021073632868074933	6.929197899682746e-05	0.002755423458818426	0.019680378406918424	-0.00867039472865008	0.0017770207678940988	0.006417929570411318	-0.002326650779804711	-0.0014672059369254956
4.34	0.0003872507230036581	-0.00010699852716418315	0.0032178346319215595	-9.861000350401412e-05	3.1039151077130744e-05	0.00275548902437129	0.0006782995317081379	-0.004453516709168174	-0.0018247942658045288	0.01502226376811492	-0.005005630075797022	0.0014499662493062935
4.3500000000000005	0.0002977388278580443	-0.00012054610110732211	0.003188896560470492	6.439414536430959e-05	-2.29300142600015e-05	0.002778746973666826	-0.01743957850740219	0.0017499416936537753	-0.0031433902829273394	0.01602096593269676	-0.0052675783572540815	0.0026448865253147487
4.36	6.949865376027721e-05	-7.749343702651598e-05	0.0031779852153332113	0.00019254428519776106	-6.39379987519773e-05	0.0027891316755962953	-0.026856222609596615	0.006568896898114938	0.001601009084745449	0.008827954532587806	-0.002594582876739753	-0.0011760942939949687
4.37	-0.0002011560662774885	2.651390068789641e-06	0.0032045166854647715	0.00022875070530986496	-7.263645679197084e-05	0.002769591063987632	-0.024577812692215213	0.0087638393163204	0.0025397746123665935	-0.002148053606400206	0.0009331850091749798	-0.0018136748605538133
4.38	-0.0003740576296900442	8.170416639429029e-05	0.0032157936820962395	0.00015125248701173855	-4.638083710922698e-05	0.00276210278308663	-0.00833982456395268	0.006292858857583835	-0.0005270123058756811	-0.012638436048761855	0.004113706153449959	0.00045117955672037684
4.390000000000001	-0.0003553640355910264	0.00011785956475302422	0.003196427496482743	-2.8586903759595424e-06	2.7493446596982664e-06	0.0027768955423684446	0.011625027094157983	0.0006979533267608108	-0.002896559779200754	-0.016812206012464297	0.005298669124320503	0.0021902883517086365
4.4	-0.0001675897015560603	9.698566679233777e-05	0.003175914151575486	-0.00015363004966414094	4.972722000372816e-05	0.0027921220992242605	0.02432115294957733	-0.004592013563985849	-1.7616641403021599e-06	-0.011941062929585506	0.003610515818933618	-0.0001977799949177093
4.41	0.00010182440310223834	3.1826656117743554e-05	0.0031985983189225585	-0.00022747424479212534	7.009502953813763e-05	0.0027713909392595415	0.027410744224096513	-0.008034756448281895	0.003298000996529403	-0.002185319686727746	0.0003704176978402977	-0.0028449911637459936
4.42	0.0003281905890265781	-4.9780634263295606e-05	0.0032212305945247066	-0.00018981220201471778	5.6377761353145716e-05	0.0027519204764371303	0.015553603815463777	-0.00750606067651802	0.0007013755760735626	0.009426746798263592	-0.003030521893890841	-0.0006766051826435079
4.430000000000001	0.0003851800805766049	-0.00010482478903032693	0.00321037375010294	-5.504403688785494e-05	1.4736359293275801e-05	0.0027596724130071063	-0.004537503956297144	-0.003000190737877629	-0.0026509095288200744	0.01634661917933039	-0.004946383116437676	0.0020660790113339483
4.44	0.00025105363952153257	-0.00010622070881624151	0.0031799983633042177	0.00010846417280309594	-3.436048770469253e-05	0.0027849107180988714	-0.02077823316586509	0.0025682522410950593	-0.0023673097354157554	0.014679982725333768	-0.004351849452634561	0.002134687559193564
4.45	7.621605271566386e-08	-5.8910220729610815e-05	0.0031833990498514606	0.0002153632487695539	-6.40342143843634e-05	0.0027841995368344187	-0.02796784383502835	0.006660331732405461	0.0027410957376846684	0.006145414479949847	-0.001436246688950106	-0.001999613943955124
4.46	-0.00026107861150900916	1.738527520776703e-05	0.0032117627456495755	0.00021939307287372546	-6.17885773786077e-05	0.0027640915429069544	-0.021584493005981708	0.007901426877700728	0.0020236696108607275	-0.005538203792817553	0.0018659992549676454	-0.0013567869517006012
4.470000000000001	-0.00039059802778649476	8.423056960486951e-05	0.003215260090941254	0.00011346989842174742	-2.976989445160459e-05	0.0027626567646390856	-0.003148290248979799	0.004868033703553461	-0.0013780567504868121	-0.014719410594149478	0.00428519028005146	0.001084401119297783
4.48	-0.0003224035849506547	0.00010701387925364221	0.003190438964074712	-5.05523293127647e-05	1.686365637746944e-05	0.0027815939282184645	0.015825133707672558	-0.00040581670224392656	-0.002896167263992404	-0.016571696025003975	0.00460326326362949	0.0021952422312549536
4.49	-0.00010412004741586647	7.902286212949438e-05	0.003178944981692555	-0.00018661914084804057	5.347778681012951e-05	0.0027892987016303445	0.0264223244068535	-0.004945085253593337	0.001468481018354749	-0.009703401316792884	0.002399884409358042	-0.0013989586899272465
4.5	0.00017105161467785443	1.3634364700208006e-05	0.003206635503224287	-0.0002323584987064681	6.256162423718116e-05	0.0027653471152643363	0.025983045441633174	-0.007586670484495912	0.0028312803812182404	0.001198121337803866	-0.0006452032518696842	-0.00237941104929363
4.51	0.0003647858459352679	-5.915423982257831e-05	0.0032206941221698654	-0.00016236797622478248	4.158229820826925e-05	0.0027531910884616615	0.010902527330074616	-0.006272698081394837	-0.00031101499910174207	0.012172387642499146	-0.0033787908805834495	0.0001504184079932415
4.5200000000000005	0.0003711316595196623	-0.00010066784995110166	0.0032016400691130724	-9.632123352981037e-06	4.62443249720807e-08	0.002767839969987263	-0.009459212144360768	-0.0016794540236891903	-0.0030890091766544478	0.017070087733466566	-0.0045607948268673315	0.002478856911368769
4.53	0.00019819133276435173	-9.238530252630735e-05	0.0031753419711559707	0.0001477189560851929	-4.129995664244797e-05	0.0027903600256455967	-0.0234808135308431	0.0031304045739624984	-0.0009080959949894652	0.012843588902427688	-0.003246262241931249	0.0009484405173403038
4.54	-6.982873125467557e-05	-4.223563418658205e-05	0.00319241372113792	0.00023087460501672313	-6.000532468171606e-05	0.002778237993634275	-0.02817634735646883	0.006614627725345646	0.0032212535470719354	0.003201988585976255	-0.00042518840124099655	-0.002421718509090911
4.55	-0.00031251165676959137	2.90287262334693e-05	0.003217854149515904	0.00020249419212981803	-4.9608798741603976e-05	0.0027598482088477664	-0.017913246826770517	0.006958210231620104	0.0012133261964339644	-0.008730544359271092	0.0024341902092066335	-0.0008232289763779492
4.5600000000000005	-0.00039518870368207744	8.434744516183625e-05	0.00321237106397031	7.161051638478653e-05	-1.5259646812031467e-05	0.0027644472149280326	0.002038830858811085	0.0036144380158092903	-0.00216161050357017	-0.016341129122358064	0.004149234635892238	0.0016688750694051873
4.57	-0.0002803939481689095	9.621674225870539e-05	0.0031841562441109004	-9.622257560123339e-05	2.6403222532996466e-05	0.0027864306705654308	0.019530328619280037	-0.001199475920151891	-0.0025280584230473356	-0.015563955523590146	0.003793544370431436	0.0019984842909863527
4.58	-3.545671591298185e-05	6.375075489669757e-05	0.0031836933423965573	-0.00021292849619532016	5.323681084276365e-05	0.0027859560444389595	0.028085735924252505	-0.005112729560178688	0.0024718089967797198	-0.00720549967320902	0.0014101283969540036	-0.0021426111575403267
4.59	0.0002369464655462764	7.919287198836367e-07	0.003211721840338582	-0.0002280992534602466	5.365635847111893e-05	0.0027623364048485924	0.02361473730697091	-0.006914963571707246	0.0021663500961155335	0.004523387297960117	-0.0013146843294062943	-0.0017975187713914792
4.6000000000000005	0.00039111088773143634	-6.218839554985483e-05	0.0032170435105597	-0.00012860284197509437	2.856343059556752e-05	0.0027574847528455014	0.005795357089408655	-0.005088323321982138	-0.0011901103114152674	0.01449321318008293	-0.0034996017514083116	0.0008780184990897925
4.61	0.00034554928603045443	-9.224799899204828e-05	0.003192549925116533	3.698536459323701e-05	-1.0439477334916208e-05	0.002776917713597541	-0.014132294365624666	-0.0007160877719225481	-0.003098768548799388	0.017130897603390653	-0.00397563074785692	0.002559970419774499
4.62	0.0001371472142707318	-7.781902353699636e-05	0.0031756886577918265	0.00018190799485035564	-4.3075120780540236e-05	0.002791622810312435	-0.026035662789804362	0.0034168607333562515	0.0008758794630439621	0.010665041020490264	-0.002212751237894686	-0.000597506282222016
4.63	-0.00014253139157472379	-2.7526586746278527e-05	0.0032023926638821937	0.0002380985356529504	-5.268219983219188e-05	0.002771128063860703	-0.02736654922772357	0.006281975279914035	0.0031348465058753314	-8.789510007076512e-05	0.0002989919845835318	-0.002410060896209638
4.640000000000001	-0.0003568778737912262	3.6805476679736466e-05	0.003221032956793618	0.00017719477732659346	-3.72485515821187e-05	0.0027568899374340195	-0.013394778719136267	0.0059805612184818824	0.00022634904322019336	-0.011598277037819696	0.002649845431502915	-0.0001584341747120091
4.65	-0.0003874490800458218	8.143618921551604e-05	0.0032061200167113686	2.60939362528087e-05	-3.9690794100871905e-06	0.002768056827539699	0.007362709103439134	0.0025686281012571406	-0.0029131388566234193	-0.017326242163148667	0.003744291239067972	0.0021782259465819792
4.66	-0.00022902542408546376	8.517839810225697e-05	0.003177580198999764	-0.00013814722281029924	3.0940132655247476e-05	0.002789744946938358	0.022704948482734525	-0.0016983648782628858	-0.001572903556646659	-0.013887941399558444	0.002884044563006616	0.0011726129033576456
4.67	3.740128386203973e-05	5.062683640427727e-05	0.003188843026597174	-0.00023208434917174094	4.8622302703968495e-05	0.002779178255597638	0.02881777346862991	-0.005070345398395499	0.0029724911648265533	-0.0043418627634205075	0.0006245714028989963	-0.0025260330979262366
4.680000000000001	0.00029549062616854435	-8.495983773754104e-06	0.0032142578305050288	-0.00021442163623538245	4.2869966377488386e-05	0.0027582101722658714	0.02017532792903175	-0.0062038052841011885	0.0014224818138962921	0.007832009686869949	-0.0017236995583850025	-0.0011271972852035122
4.69	0.00040278534827842196	-6.199564235875701e-05	0.0032117215264387045	-8.8512352650432e-05	1.669141139263222e-05	0.0027606578420365717	0.00038090349900397885	-0.004010382842578547	-0.0018678582992160534	0.01624163355287303	-0.0032840004334577354	0.001570883765349337
4.7	0.0003071748153581366	-8.286230362381009e-05	0.0031851328275821016	8.274888861912792e-05	-1.7588048300381352e-05	0.002783449685313047	-0.01828931979095965	-7.849930399661432e-05	-0.002623418007874899	0.016371862351505548	-0.0032334845346607974	0.0023379853732312514
4.71	6.830664403386215e-05	-6.538628198084766e-05	0.0031815898478620764	0.00020959149180711532	-4.138023428623586e-05	0.0027882999675043355	-0.02811450662473144	0.0034515154307274407	0.002324386469901379	0.008261309227061758	-0.001345550290342544	-0.0017434667824022191
4.720000000000001	-0.00021289086701110264	-1.7370802537011277e-05	0.003211298860530869	0.00023598301261400272	-4.3957394447661856e-05	0.002765069202872275	-0.025307797217258662	0.005724340922228314	0.0025354069276166875	-0.0034763146212560196	0.0008305369960054287	-0.001985636491362041
4.73	-0.00038856049381016483	3.8967806764010836e-05	0.0032200511961418205	0.0001446343352310905	-2.5830316394888477e-05	0.002757174961400796	-0.008183625544673072	0.005020420554606848	-0.0009788494761451805	-0.01399582971234092	0.0026638641929481333	0.0005506657525289903
4.74	-0.00036473260992822	7.443434491381851e-05	0.0031957988225358516	-2.032032293392656e-05	5.006439241178681e-06	0.00277384682731969	0.012433205038308819	0.001791987465526749	-0.0033262779134445846	-0.0175672451409146	0.0032499497683378814	0.0024337949797641582
4.75	-0.00016718650936485509	7.372937684751363e-05	0.0031731941908587484	-0.0001737609159490767	3.272897056334208e-05	0.002790514263036518	0.02548602899379246	-0.0018231049496638075	6.65614865655089e-05	-0.011739185187020532	0.002000049865631754	-0.00016974785024876531
4.76	0.00011426501525964361	4.004403888620581e-05	0.0031961581835991625	-0.00024158015677209834	4.2257906086964565e-05	0.0027715748594903038	0.02839942516423989	-0.004748293127204997	0.0031849862786569923	-0.0011491094998149689	-6.5790711583909e-05	-0.0024672387160750357
4.7700000000000005	0.0003459342027429505	-1.3366888352500746e-05	0.003217898931917444	-0.00019141343643323735	3.146205549850677e-05	0.0027558595480961165	0.015650729511899254	-0.005439570760343924	0.0006915448793200739	0.010770479334548786	-0.002001293223727358	-0.0003483649013204235
4.78	0.00039951349482944315	-5.910641731952391e-05	0.0032077786644751235	-4.433492059778625e-05	5.653157535224014e-06	0.002765821498417567	-0.005250431650367137	-0.003319511061806983	-0.002463318246261952	0.017384191679849312	-0.0029497886283578003	0.0021701831512827945
4.79	0.00025586380736175883	-7.482603251446122e-05	0.0031808689522751397	0.00012548813656759525	-2.2584280315543837e-05	0.0027896590636363287	-0.021881952927268654	0.00020263026390810406	-0.0018321410865309836	0.014855975266299642	-0.002421425279345365	0.001666957113855445
4.8	-7.493862717361993e-06	-5.656407639152398e-05	0.0031891269918000206	0.00023026136795559768	-3.778061470340413e-05	0.0027835969241388537	-0.029192869340719223	0.003411542270019654	0.002904079926932849	0.0055554099688088785	-0.0005760754935491561	-0.002387689759276441
4.8100000000000005	-0.0002771312324455039	-1.1052475481697723e-05	0.0032154156479766243	0.00022497891832805187	-3.4103713655022165e-05	0.002761622237188156	-0.02197553387167661	0.005287849996127173	0.0015691345364137936	-0.00672037535545104	0.0012646301268366457	-0.0013921293529971358
4.82	-0.00040553777089062545	3.945951801804632e-05	0.003213927230278835	0.00010686629757130189	-1.4314571682982143e-05	0.0027606951628126463	-0.002591379947335951	0.004352740251172465	-0.0018270523070248344	-0.015868685496499068	0.0025364994720550463	0.001226574464253132
4.83	-0.0003286036748335563	6.865977488743991e-05	0.0031861397620657223	-6.570726906764811e-05	1.2302559484309137e-05	0.0027814273689580867	0.016921253655678883	0.001290403117392652	-0.0029841144890821506	-0.01703171874886114	0.002538062202725196	0.00234559199758572
4.84	-9.869384477944815e-05	6.564299058206611e-05	0.0031766063653787787	-0.00020250959324177913	3.120740550227073e-05	0.0027887611717121044	0.027665566239646205	-0.0018439804858690024	0.0018487798564900423	-0.0094535169131898	0.0010828238231002344	-0.0015427580705621895
4.8500000000000005	0.0001865759540095333	3.3055206519670534e-05	0.0032066224265512944	-0.0002420664162641858	3.362522184281216e-05	0.0027648532116194753	0.026594443918127576	-0.0044546634819346564	0.0028923032091842924	0.0021184766348186952	-0.000582092087221284	-0.00220640905833853
4.86	0.0003813530444508785	-1.577289482446653e-05	0.003220774516094214	-0.0001615296848875967	2.0425542673750922e-05	0.002754956706789602	0.010496415687069122	-0.004857324641849792	-0.0003326055072102569	0.013262360881451775	-0.0019477566397137697	0.0003730740553770337
4.87	0.00038009499997429123	-5.557106607789197e-05	0.003201481884849802	9.990051655071403e-07	-2.623443329102277e-06	0.0027710549767784864	-0.010500368945915526	-0.002762626839527054	-0.003108424909972385	0.017833995534975885	-0.0024499119564571864	0.0025348682978573395
4.88	0.00019603424956392659	-6.768016962547143e-05	0.0031762131315882505	0.00016223440080962505	-2.4249150337664634e-05	0.0027917440043648645	-0.0246383664825997	0.00032426651886160616	-0.0006266458047690642	0.012869744088649998	-0.0016189186732710678	0.0005128782991040636
4.890000000000001	-8.303791173346433e-05	-4.9785247483623125e-05	0.003194299817918134	0.0002424813263011015	-3.2156909858150134e-05	0.0027766813219277497	-0.028995864075525592	0.0032227435311816027	0.0030223418567451865	0.002521782385256055	8.640667054655644e-06	-0.0024684808050401477
4.9	-0.0003294399560391294	-7.679239526219458e-06	0.003216090810919144	0.0002049998512702192	-2.4722286075769432e-05	0.002759012255893871	-0.017799788892900993	0.004799366727197122	0.0008150308082302655	-0.00969948143205673	0.0014023531829864277	-0.0006725526066480878
4.91	-0.0004066428482138568	3.765035095376521e-05	0.0032074193049618127	6.467266401924251e-05	-5.9168010898893014e-06	0.0027655981292162056	0.002948302081104134	0.003842730628818532	-0.002362943444499411	-0.017129938453080598	0.0021964223575116843	0.0018608822372461877
4.92	-0.0002814729879389333	6.300867017737507e-05	0.0031796539930043126	-0.00010811416175035066	1.5831915695737485e-05	0.002788112728948398	0.02058803220790604	0.0010846404303161531	-0.002205202905114988	-0.015689709274864565	0.0019235481479109098	0.0018450817088653845
4.930000000000001	-2.5947906430616554e-05	5.962744483982098e-05	0.003184465455844303	-0.00022333991056717084	2.7909109638750417e-05	0.0027845017541547404	0.02906493279948315	-0.0017935444182213343	0.0029683219055671077	-0.006780423190796401	0.00042561465625491927	-0.0024054862496128253
4.94	0.00025220569903092605	2.846245087353437e-05	0.00321518252869527	-0.00023158525030486613	2.5396220800088014e-05	0.0027600410080950498	0.023713856882127717	-0.004205647379001428	0.002222033823846212	0.005429221829733266	-0.0009011834937240745	-0.0017717839419505793
4.95	0.00040304061945222114	-1.7092895117403178e-05	0.003219739031818279	-0.0001232055504970154	1.1486601584990527e-05	0.0027559939344266944	0.00507776470689309	-0.004462997866476432	-0.0013915953852611225	0.015270458779553466	-0.001797956104787679	0.0009894543697921377
4.96	0.00034826091031432845	-5.306125634455828e-05	0.0031931257750082943	4.8518175252485374e-05	-7.746125782272727e-06	0.002776302037323627	-0.01518565720255719	-0.0024479956367435642	-0.003279826596833108	0.017498885484556567	-0.0018949178316098908	0.002593063938653171
4.970000000000001	0.00012950364701694065	-6.340457263845853e-05	0.0031758148846134093	0.000194058643456642	-2.256140488722204e-05	0.0027902342636960988	-0.027073992013392594	0.00036134298316440054	0.0008712437892097394	0.01048363016771794	-0.0008752036576928855	-0.0007365269341523253
4.98	-0.0001582007522948374	-4.5513246749649626e-05	0.0032006383497148244	0.0002454663427355239	-2.4560471579694547e-05	0.0027704547953210997	-0.027778549415067896	0.0031518519891734283	0.0028187907890785168	-0.0008281034950480212	0.0004176832605683872	-0.0021541883619354166
4.99	-0.00037210377644639924	-5.437716539158969e-06	0.003216373506015676	0.0001762520988814364	-1.54301416659083e-05	0.0027595288412784846	-0.012882491789410703	0.004495218912161661	4.518150797518881e-07	-0.01240110289950624	0.0013565234305772439	0.0001714059942267106
5.0	-0.0003943484209176975	3.617369769286069e-05	0.0032008369567646726	1.8284845654797652e-05	9.017870850238884e-07	0.0027731108385182757	0.008414924975002961	0.00344538722518753	-0.0027471772927993533	-0.017833427867449406	0.0017400101637693789	0.00230151785938297
5.010000000000001	-0.00022506658551426807	5.8747008126158924e-05	0.003176570617499444	-0.00014782438823533924	1.6546086714022634e-05	0.002793471919023463	0.02372465411766523	0.0009877771540001505	-0.0008470099375621272	-0.013734938574673243	0.0011854316969027703	0.0007261011834395405
5.0200000000000005	5.044895523587785e-05	5.516090412367364e-05	0.003194592835623607	-0.00023851031642286376	2.203889404938212e-05	0.0027781723326063	0.029460683232520633	-0.0017760614918835964	0.003369009783262043	-0.0038018367833548795	-4.700937183660938e-05	-0.0028464245965700075
5.03	0.00030985171928039516	2.522649962650627e-05	0.003220867362232429	-0.0002138804109686887	1.6910390379750592e-05	0.002755567418755943	0.019789000742527294	-0.003944858702440757	0.0012465234431942947	0.008599596224950256	-0.0009522900723509165	-0.0011609324251937606
5.04	0.0004097017811854406	-1.6704072278101735e-05	0.0032144293860564377	-8.097447366227402e-05	4.389247983349201e-06	0.0027584251260290927	-0.0006369861003725073	-0.004049979278670585	-0.0023969293589854606	0.016838681900087592	-0.001459579895487412	0.0016573753541701765
5.05	0.0003034911662603753	-4.891373440461414e-05	0.0031829124895702077	9.382055044703751e-05	-1.0095627339397448e-05	0.002782201841069984	-0.019242824983843	-0.0021650338878377905	-0.0029942436046681955	0.016414932714916158	-0.0013003672751286215	0.0023894001429365366
5.0600000000000005	5.6556156342743126e-05	-5.835870537786083e-05	0.00317825922894714	0.00021858050877557377	-1.8333774003979292e-05	0.0027865992065836715	-0.028785572062471936	0.0003089666149019241	0.0022902329726005918	0.007894246882153524	-0.00026441946082403567	-0.0017486551943231997
5.07	-0.00022756436458778442	-4.155038937450351e-05	0.0032071497034288736	0.00023923042092905268	-1.6327333458295425e-05	0.0027653051270383855	-0.02519496829396549	0.00295947781334451	0.0024348595062534603	-0.004179362818326393	0.0005945348947071138	-0.0016722507568868571
5.08	-0.0003985199289118179	-4.24831873297813e-06	0.0032162580952183905	0.00014093768042222103	-7.303589903183421e-06	0.002760560945687596	-0.007404135387045069	0.004149505011128689	-0.0007762070502214597	-0.01460499425925376	0.0011429034104398733	0.0007980360163796218
5.09	-0.0003657299361869907	3.3811655568262855e-05	0.0031949619062102198	-2.842467917611272e-05	4.960068659337712e-06	0.002778580343594467	0.013392717035686496	0.0031501915117591417	-0.0029444274700317777	-0.01775920647066928	0.0012187082076365696	0.002391242129195303
5.1000000000000005	-0.00015946881226380785	5.4863985152938684e-05	0.003177315792752993	-0.00018103570716805064	1.4260225353858281e-05	0.0027925407571651566	0.026272812860765896	0.0009990842690249311	0.000621219288214913	-0.011464874461959127	0.0004927802874718584	-0.0005920158071801502
5.11	0.00012737124488209825	5.2115944615942926e-05	0.003202212842614724	-0.00024469906172744306	1.4468361563219398e-05	0.0027710015506701717	0.028528090902686886	-0.0016323619412312574	0.003028114533818652	-0.0005773026276777114	-0.00033713502977374105	-0.0025799150003820775
5.12	0.0003564672730510635	2.4435725678289692e-05	0.0032198741738703076	-0.00018834423252062584	8.498496711400933e-06	0.0027552003655609484	0.015009439349175674	-0.003653298716794757	0.00011684770197856167	0.011330776046015375	-0.000817432614629018	-0.00030105264430655435
5.13	0.000401128366053052	-1.462048112583175e-05	0.00320427794988193	-3.698041165512469e-05	-5.671419259510648e-07	0.0027657036076969435	-0.0062657618906690575	-0.003797164464604814	-0.002924055218943299	0.017627130059324307	-0.0009704415631148932	0.002191794813276688
5.140000000000001	0.0002488124709212297	-4.522025777277952e-05	0.0031751488984623705	0.0001327371836490383	-9.596478874478224e-06	0.0027889565921248643	-0.022554582269170054	-0.0021470963422515013	-0.0016911277128484289	0.014609180199782941	-0.0007047885239621503	0.0014652652374930778
5.15	-1.9740639472522814e-05	-5.5593639830050224e-05	0.0031867404489923762	0.00023373314645000904	-1.233469462414442e-05	0.002780732848358053	-0.029474651361358614	0.0001927740886101495	0.0032294688538403306	0.005060349349564453	0.00012845296597235005	-0.0024283641825649056
5.16	-0.00028837843074671715	-4.02396282727133e-05	0.003215749198952785	0.00022252145923398867	-8.747760853037142e-06	0.0027599586076514065	-0.02149956756803685	0.0027636844325288363	0.0018011541250565382	-0.007329965676457178	0.0005837501153997787	-0.0011543109115497718
5.17	-0.0004096535924081992	-5.08608039361345e-06	0.0032161687460768615	9.932849320177762e-05	-1.6284774863705193e-06	0.002761950495892189	-0.001702267757597294	0.003931702809280631	-0.001699502438339196	-0.01625978699873386	0.0007622528238624723	0.0014854025681966094
5.180000000000001	-0.00032367458277054176	3.140666568208004e-05	0.0031888581856479026	-7.511373028967048e-05	5.715252093147533e-06	0.0027840971112207836	0.017732644577374227	0.003069334595418344	-0.00293602219102023	-0.016968615941983452	0.0006521252641468384	0.0023341165348712244
5.19	-8.71604716642723e-05	5.26455404938174e-05	0.0031803888870536434	-0.00020879775634354155	9.423432596850244e-06	0.002789497113084265	0.028197792392844683	0.0010984830339537401	0.0018197077543298651	-0.008935805378629116	-9.438420906978334e-06	-0.0017691384141675505
5.2	0.0001993756140558227	5.072794298591383e-05	0.0032072602262923095	-0.00024208229398558353	6.8777659077810784e-06	0.002764831823093881	0.0263001356704533	-0.0015280108294244792	0.0024303705091504786	0.0028333028675328544	-0.0004236631456899057	-0.0021882836126849103
5.21	0.00038815622204057464	2.436680601134388e-05	0.0032165083223997565	-0.00015474740975882897	1.8124097882799289e-06	0.002755381206890013	0.009651327871492203	-0.0035147556952078874	-0.0007671630174149186	0.0138168579839253	-0.0005500289947508123	0.0004718825875872722
5.220000000000001	0.0003773710572372656	-1.3090747600872171e-05	0.0031950340961064217	1.0983235682587319e-05	-3.4620205272012577e-06	0.0027720993499216182	-0.011399979009231367	-0.0036594897948297265	-0.0030373252508382425	0.017865507963760803	-0.0004784208825650004	0.0025321019103272877
5.23	0.00018614280610096967	-4.3172468408914e-05	0.0031739668471228197	0.00016911893838815305	-6.820686212494448e-06	0.00279145839516126	-0.025201559903380997	-0.0022269768342173444	0.00013213406185593276	0.012316672228998045	-9.568539574461037e-05	0.00020572256627512044
5.24	-9.633890943290387e-05	-5.488129892015357e-05	0.003198476774272409	0.0002429899790688409	-4.7041127294621745e-06	0.0027748826907933455	-0.02899596520983628	8.217767952728258e-05	0.003432690626251867	0.0017908575042299769	0.00040503850941543804	-0.0024513887219372076
5.25	-0.0003384607099459545	-4.030375198823165e-05	0.003221995975063437	0.00019848620717110367	-3.487787837606065e-07	0.002758188375677104	-0.01698864474073736	0.002707937609319793	0.0007792957301611651	-0.010312786532607568	0.00041082373595373556	-0.0005210476974864822
5.260000000000001	-0.00040554989715697865	-5.973793509283658e-06	0.0032110173749969693	5.3748036473443455e-05	3.025407171056946e-06	0.0027659133766061747	0.004005736732657873	0.00383935005507743	-0.0027126041229150583	-0.01738919671736716	0.00027034537437618214	0.0019407812483430886
5.2700000000000005	-0.0002715453669896113	2.97813641555867e-05	0.0031800632865966205	-0.00011874985346320348	4.733647646120276e-06	0.0027883090110120533	0.021231785471589104	0.003059714620996168	-0.002353004106998933	-0.015358915989593566	4.859900837140145e-05	0.0016935368747428982
5.28	-1.1599848175343902e-05	5.2022858069721855e-05	0.0031839839979526116	-0.00022914447625165877	2.903167199301863e-06	0.0027825428833360274	0.029244442634872508	0.0012271003439637597	0.0027466998606033876	-0.006181271069991201	-0.0003987868991892695	-0.002466789167145284
5.29	0.00026374118098999915	5.065443754707236e-05	0.0032112529545969054	-0.00023017836783795678	-1.1141312362770779e-06	0.002759450466026399	0.02301964065121078	-0.0015439264879649386	0.001844168063363395	0.006150518496805276	-0.00035045723090271896	-0.001491918830240152
5.3	0.0004053263262402676	2.4038163281864462e-05	0.0032132780535367666	-0.00011579824050877237	-3.512925435633976e-06	0.002758113722388995	0.004009340618736832	-0.003543946504004739	-0.0014582544121096654	0.01571067600792612	-9.765765422366166e-05	0.0012364526296224948
5.3100000000000005	0.0003409531303212206	-1.3621059553651546e-05	0.003188146238836544	5.7581882259405896e-05	-3.1077718587930375e-06	0.002779843519423974	-0.015918013411930193	-0.0036111701252809782	-0.0028914368518884546	0.017350763934091924	0.0001518176640877501	0.0026041531453602404
5.32	0.00011752907950466117	-4.3859287679839865e-05	0.0031777569534486806	0.0001987155467483826	-1.0969412371351631e-07	0.002790974707457039	-0.027354213358471685	-0.002303242811624165	0.0016884883752587502	0.009903994656090254	0.0004888560234997548	-0.0011907602311472549
5.33	-0.00016938053745927325	-5.581155491250477e-05	0.0032074501851145176	0.0002435943092951763	5.125976250577471e-06	0.0027686864598484313	-0.02727344137584748	0.00012837432287077875	0.002922402488111576	-0.001554990217342033	0.00042833679461518667	-0.0022259051208915704
5.34	-0.00037487265359894515	-4.0829444330982305e-05	0.0032214254291835116	0.00016786407638282088	6.989856367923382e-06	0.0027573617036912683	-0.011848497516567812	0.0027512768284944475	-0.00040943488756807136	-0.012920115720072912	-4.9753927850639504e-05	0.0001545925684674729
5.3500000000000005	-0.0003870166758700871	-6.0961321200688405e-06	0.003201203382356838	6.850525058829068e-06	4.4244563638972425e-06	0.0027709135215413486	0.009262452996122184	0.003850140280661298	-0.003226896909932165	-0.017844193024574122	-0.00044666709814222187	0.0023051036388359405
5.36	-0.00021209001411043822	2.978495128515846e-05	0.0031743770961377184	-0.00015660494928372226	-7.797518741736404e-07	0.002790767445082125	0.0240586973405089	0.003111755353557678	-0.0008327275891601548	-0.013209257058387604	-0.0005871766629822419	0.0005553801612292862
5.37	6.462257461431172e-05	5.316196251351569e-05	0.0031922245178074354	-0.00024081543782806557	-6.866972325868298e-06	0.0027754319831757132	0.029243131380983337	0.001323966381717371	0.0032413216766155363	-0.003036012277835422	-0.0005097928029093661	-0.0025870899947278043
5.38	0.0003182236742410651	5.198219984699153e-05	0.003217134912288075	-0.0002090726313249362	-9.502154117357317e-06	0.002756532437819965	0.018903226021871822	-0.0015813814761279344	0.0011142591244849764	0.009198020115886775	2.4486715298800252e-05	-0.0007725548687665171
5.390000000000001	0.0004080783742512936	2.4572809422341687e-05	0.003210700842488654	-7.222779633208888e-05	-6.391918256371021e-06	0.0027624944743465554	-0.0016358015933095333	-0.0036140388011102953	-0.0022343247773079188	0.016986927352573324	0.0005486785285719091	0.0018580138589559517
5.4	0.00029394415251380305	-1.3706098122405165e-05	0.0031824977825610943	0.00010139189565844564	1.888423137211743e-07	0.002786767717288068	-0.01977651223581622	-0.0037192092126598943	-0.0024319497705873106	0.016036991779623377	0.0006964718299824334	0.0022237506448650832
5.41	4.387614680935511e-05	-4.572962331216643e-05	0.0031838498759824596	0.0002210308557471682	7.328852309266759e-06	0.002787497441664964	-0.028851351742603518	-0.002485804050302766	0.002663408541199845	0.00730670928478353	0.0007255533825451947	-0.0021030219237086856
5.42	-0.00023690570460812904	-5.8038025728232854e-05	0.0032131779720772735	0.0002351615316460845	1.2255126792683797e-05	0.0027641175227912512	-0.02446309955654302	0.0002145301141983254	0.0021811514148899593	-0.004821910923014091	0.00016432566128552842	-0.0017723334321653856
5.430000000000001	-0.000398524181096321	-4.155741848534791e-05	0.00321783192987099	0.00013180920991177049	1.0070380637628233e-05	0.0027589767241492638	-0.006357630935094761	0.0029303572558552343	-0.0013250502597283518	-0.014949344672814096	-0.0005447441546291409	0.000807651491455013
5.44	-0.00035605340771135415	-5.080669864255775e-06	0.0031917492933425788	-3.843832916149718e-05	2.680490372356075e-06	0.00277741494494349	0.014109528851126586	0.004023629130796912	-0.003265477997782814	-0.017564765624335725	-0.0008658013028720494	0.0024434085574702273
5.45	-0.00014593210772024119	3.2913561468765424e-05	0.003174127223085121	-0.00018670166718845967	-6.011744307725282e-06	0.0027903677746804393	0.026392727769540332	0.003380852724897211	0.0008860646165810245	-0.010905940325642443	-0.0008947324484696903	-0.0008290088565151343
5.46	0.00013913090565098558	5.777576392311031e-05	0.003200903917443194	-0.00024374034925850847	-1.3598084637316796e-05	0.0027683662756554555	0.02801893196850086	0.0012576300504731767	0.003119961232276214	0.0001608950481564847	-0.00047470278765246687	-0.0024545170797723136
5.470000000000001	0.00036011398026758744	5.482011697805227e-05	0.0032193843990397865	-0.00018090949995590202	-1.3834040171454762e-05	0.00275462863193578	0.013991523810979243	-0.0018269249983444726	0.00021643428195012608	0.011847959930527778	0.000416227807249485	-4.400725363182245e-05
5.48	0.00039493611361344827	2.4676014054661032e-05	0.0032047266233342555	-2.6559295563646458e-05	-6.578199816355671e-06	0.002767582187484822	-0.007123805495159457	-0.003913591180228004	-0.002818198506344815	0.01769957632583996	0.0009768844589493246	0.0023692070028446337
5.49	0.0002367899446873636	-1.6237993717125734e-05	0.0031777622035569233	0.00014140786373808108	3.860420265685521e-06	0.0027908918332388505	-0.022895437572195827	-0.003987625953360579	-0.0013450722725147713	0.014161975617450993	0.0010299795411309578	0.0012603777638763981
5.5	-3.310972734741266e-05	-5.083308342445129e-05	0.00319138894795591	0.00023705002909641534	1.3435638645475846e-05	0.0027806283959229653	-0.02932704059944831	-0.0026451296523381973	0.0031321453608018023	0.004404447274698323	0.0007816076367930432	-0.002489880337148791
5.510000000000001	-0.0002964327019529304	-6.281285931134335e-05	0.0032171514770411584	0.0002190549556752649	1.6928893428172913e-05	0.0027601453992345455	-0.020655933129688154	0.00040681482192300516	0.001323229959943428	-0.007965174402221227	-0.00012564180812005727	-0.0010934456043834293
5.5200000000000005	-0.00040779486172917533	-4.33131599446561e-05	0.003212487563365247	9.115865733408942e-05	1.1011033731804246e-05	0.0027625317589394112	-0.0006847386325275836	0.003301535342224466	-0.0021630704121319475	-0.016505147618789726	-0.0010215794665298095	0.001527572694699108
5.53	-0.00031389618736985794	-3.202849525260526e-06	0.003183033835477069	-8.304055657105762e-05	-1.5578918366221808e-06	0.002784336042022922	0.018215009303776345	0.004344170572045463	-0.002866311614907601	-0.01665157433236365	-0.0013477173185501015	0.0021928753256325838
5.54	-7.494396417848346e-05	3.791729757046286e-05	0.003178878402740523	-0.00021209473428509295	-1.3876606544346779e-05	0.0027867978165619584	0.028234606379450137	0.0036760815138755713	0.0023995872682971626	-0.008476671791028319	-0.0011109336022190846	-0.002036273663953044
5.55	0.00020895025211585766	6.373662319870838e-05	0.0032098301833674205	-0.0002396312933145817	-2.0707691382020686e-05	0.002761810597407609	0.025699347823253147	0.0011805412220806811	0.002653657434277672	0.003468293914226196	-9.689342263296418e-05	-0.0020645343277262613
5.5600000000000005	0.0003894658880710153	5.858563650502834e-05	0.0032201280767899104	-0.00014735724239242905	-1.5780593707171043e-05	0.002754179547269625	0.008692060589278182	-0.002168221572408675	-0.0007886992618507168	0.014160790722555397	0.001009239493581493	0.000662437478936697
5.57	0.00036992957705751507	2.4289666170796343e-05	0.0031973768140538305	1.986099555536572e-05	-2.3610236898810686e-06	0.002772859524245695	-0.012132264692887262	-0.004329041613779447	-0.003231585870666639	0.01782118175563067	0.0015530704425961185	0.0026833327471510356
5.58	0.00017414089129903334	-2.0506910640258712e-05	0.0031750396241879337	0.00017580185594110543	1.2231520783967825e-05	0.0027919437876848777	-0.02545178914759615	-0.004362079706535988	7.387235693068312e-05	0.011961352715689275	0.0012834820037161433	5.9614276890926605e-06
5.59	-0.00010875851778235894	-5.774837332258239e-05	0.003197527072645402	0.0002451414335681656	2.1864046497334092e-05	0.0027743179892094987	-0.02869573308700325	-0.00269259908434165	0.0030825270618438042	0.0012096720970303176	0.000464577959842494	-0.002398735720806613
5.6000000000000005	-0.00034446109508644133	-6.802454597581321e-05	0.0032176115708986777	0.00019468620210535552	1.9968712577615762e-05	0.002759093439988098	-0.016085749700646395	0.0007470740543954766	0.00048406097737340245	-0.010876498392813566	-0.0007953787816663822	-0.00034164143702626777
5.61	-0.0004023653878423016	-4.412234759936954e-05	0.0032055833005642125	4.608197915156134e-05	7.373672309107727e-06	0.0027682777488802603	0.004871344435406846	0.003770373230750576	-0.0026452009313481617	-0.017552869895668653	-0.0015998115065048854	0.0020161449046558625
5.62	-0.000261668782559823	3.4665975778340714e-07	0.003177910078254924	-0.00012557274089482245	-8.828168161336057e-06	0.0027898897568927063	0.021690650131664886	0.004738552405371352	-0.0017415414781995165	-0.015011443691863672	-0.0014974042007253297	0.0013982765275427703
5.63	9.821872090183795e-07	4.5493405552299276e-05	0.003188294057216175	-0.0002316426761514509	-2.1244069979045947e-05	0.002780858183255106	0.029260872327204642	0.00396890462610195	0.0031599360593684797	-0.0056329837684258805	-0.0008902781209513971	-0.0026282515386331896
5.640000000000001	0.0002723615517436208	7.119457048519967e-05	0.00321668279557104	-0.0002263400252504834	-2.391859059624731e-05	0.002757669568325791	0.022254564723402714	0.0008644451994261947	0.0017240406265019337	0.006798264795574775	0.0004223406308595837	-0.0014076757905261419
5.65	0.00040412719538417894	6.092987842352639e-05	0.003215792493900934	-0.00010737804274465503	-1.342320075391345e-05	0.0027578096662478433	0.002958060287859363	-0.0028090525198516724	-0.0018752568737094618	0.015967726381126996	0.0015684573282401428	0.001392652796991565
5.66	0.0003305890336286746	2.0697777318837625e-05	0.003186720423214028	6.620104566127923e-05	4.6461395035660324e-06	0.002780704835313473	-0.01660166437791031	-0.004821364199952896	-0.0031730475942955793	0.017111681603484603	0.0018464053047000523	0.0026348971827191954
5.67	0.00010322071227933349	-2.859831491626871e-05	0.003176332591522868	0.00020307136009134068	2.0458062180229295e-05	0.002790515887200411	-0.02750463629072061	-0.004778654938930075	0.0018505324755974713	0.009380340131883843	0.0012958775439938371	-0.0013933797030501675
5.680000000000001	-0.000181424209047279	-6.715294484534297e-05	0.0032064393494959163	0.0002419594635772269	2.801294738926006e-05	0.0027674205257701098	-0.026639219663125574	-0.002481314766739683	0.0028933493938833373	-0.002181246804768373	4.5841884051340844e-05	-0.0021671374052669406
5.69	-0.00037767554872516877	-7.266703570898595e-05	0.0032203475782991296	0.00016098087627893775	2.0692361855258656e-05	0.0027571789183766975	-0.010719448795641502	0.001434099195302184	-0.00036767884572461233	-0.01328336856411395	-0.0014277820868306259	0.000299087844758458
5.7	-0.0003789415284705501	-4.144500286391674e-05	0.0032008786309505573	-1.4700072857675537e-06	2.218046346664962e-06	0.0027721301189528777	0.010208904926763563	0.0044951855185961015	-0.003099935828895844	-0.017776371268054696	-0.0021058288945339566	0.002381679701900946
5.71	-0.00019797305685422838	9.112208988333014e-06	0.0031767061541790736	-0.00016205746152118147	-1.7478890073613478e-05	0.002791180276824784	0.024329555302014225	0.005261721388425096	-0.0004500160944152297	-0.012798222180698208	-0.0016904755814654963	0.00029623657592003374
5.720000000000001	7.851723444823458e-05	5.756757016331438e-05	0.003195924798121333	-0.00024116879296827572	-2.9889726074079256e-05	0.0027744151335007093	0.02882491323523707	0.003964157548604365	0.003054932346692511	-0.0023923064621930897	-0.0006321913620731619	-0.002560652275248721
5.73	0.000323935476367925	7.968930028990068e-05	0.0032171908183807464	-0.00020269869462620447	-2.7590251436281377e-05	0.002756855539080367	0.017782978329444202	0.00023364824899907243	0.0007063863823139122	0.00979504968618224	0.0010977376773049095	-0.0005683217511165405
5.74	0.00040241353511104403	6.162542316791799e-05	0.003207165212787619	-6.190253124117225e-05	-1.0118825712691718e-05	0.002764499865690461	-0.002691681345214226	-0.0036355164180517812	-0.00249764196043204	0.017154401749118076	0.002193879169154919	0.0019976830657513975
5.75	0.0002806295073839988	1.407683892409736e-05	0.0031787852377184577	0.00011054216036140463	1.2582881432493724e-05	0.002788108018354024	-0.020195423307998124	-0.0054192117625135846	-0.002147647888093894	0.015583981630516958	0.002106730010006718	0.0018974006561074002
5.760000000000001	2.8870013712662536e-05	-4.010721751374441e-05	0.0031846761876172082	0.0002240782405983616	2.9924637704820482e-05	0.0027845098746877794	-0.028748629502723114	-0.005103503242007418	0.0030498633452517823	0.006585814938200371	0.001258879117732224	-0.002388090619090703
5.7700000000000005	-0.0002466279018096883	-7.81334888072724e-05	0.00321562407511692	0.00023006932173215297	3.403019734689076e-05	0.0027609164331697774	-0.023536299889928294	-0.0020675484279847893	0.0021909629045957215	-0.005637187026752472	-0.0005374377316356084	-0.0016088876982652048
5.78	-0.00039712469592763946	-7.721987092241294e-05	0.0032197530697794406	0.00012052503507667982	2.0046641363164256e-05	0.0027581841221434324	-0.005207310098415067	0.0022456713646789367	-0.0014100414070716911	-0.015300030214161426	-0.002110935993359939	0.0010876262341566257
5.79	-0.0003449706685193948	-3.7743762479634065e-05	0.003193040468347412	-5.053656951523714e-05	-4.398912237189245e-06	0.0027787359444250417	0.014801532117830156	0.005222384783364078	-0.003248409919503742	-0.0173689281456024	-0.0025187420989840033	0.0025476358262209522
5.800000000000001	-0.00013090392084757273	1.8690570704215547e-05	0.0031768602243277297	-0.0001940127019374601	-2.6104161888164206e-05	0.0027908665394521357	0.02658561867614759	0.005763062934450586	0.0010366687952749255	-0.01025011844141258	-0.0017341437849981664	-0.0010066292590401615
5.8100000000000005	0.00015241608337138307	6.945110860572112e-05	0.003202492104207142	-0.0002431454633284739	-3.674749290045456e-05	0.0027690618508566184	0.02740217575371483	0.003832126755265786	0.0027835373638977834	0.001026662545920628	-0.00018405177487863035	-0.002286901558519497
5.82	0.00036371776119016754	8.724600708361989e-05	0.003217091346571655	-0.00017248074239063427	-2.8645685201915065e-05	0.002756996939308075	0.012832688924894902	-0.00047714052603378335	-0.0001551837178898797	0.012464625237883	0.0017331725849136716	8.771015956294945e-05
5.83	0.0003875097022795916	6.0999070772546864e-05	0.003200143613240951	-1.4799131815521577e-05	-5.3954061209165695e-06	0.002770323995419631	-0.008080813386398352	-0.004475038059680458	-0.0028465390860117077	0.017701965091227397	0.002698591746410355	0.002316444572054477
5.84	0.0002228533939780605	6.401504351525418e-06	0.0031757086008099883	0.00014970122338948285	2.035831787327288e-05	0.0027912440412985007	-0.02318832072101275	-0.00603157883539829	-0.0007397983818799446	0.013536823754385788	0.0022107950405158357	0.0007868048283848494
5.8500000000000005	-4.735582043110704e-05	-5.241024422108434e-05	0.0031942625855066673	0.0002379166387621503	3.684488834965831e-05	0.0027772149108544	-0.028935837548268024	-0.005265381180593958	0.003336301157122705	0.003505451508457623	0.0008982117403619065	-0.0026140362015138296
5.86	-0.000302756409733653	-8.807971884512223e-05	0.0032198688839587958	0.00021075946329790138	3.544067465218457e-05	0.0027574574522017635	-0.019518104821474425	-0.0014733128497766174	0.0011555835270266766	-0.008787098151574753	-0.0011973888964196507	-0.000880790874089603
5.87	-0.0004020166290545843	-7.89585710932405e-05	0.003213278270354071	7.73318410127455e-05	1.526775256003689e-05	0.002762226558057994	0.0004656054084400393	0.003182512023542819	-0.002375693368353185	-0.016744034991527403	-0.002647913641398062	0.0017723479078541535
5.88	-0.00029956328641415273	-3.097082142937192e-05	0.0031827016015236495	-9.565263148949165e-05	-1.291020774121291e-05	0.002785598996635498	0.018722497066014403	0.0059236517556518304	-0.0027855955892917388	-0.016155655622062205	-0.0027126110448114915	0.002195335945729563
5.890000000000001	-5.8195460108291644e-05	3.133310141656663e-05	0.0031802074596901067	-0.00021763704433799412	-3.471335568278617e-05	0.0027865184893861032	0.028233208074751628	0.00619495513559095	0.0024438792813085072	-0.007601247650059102	-0.0015798348553632006	-0.0021222197630139604
5.9	0.00022084332562265728	8.217658558337489e-05	0.0032094253260801717	-0.00023537310713562653	-4.076187804854163e-05	0.0027626235849056557	0.024750284454617088	0.0034057711250851724	0.0023646173650192634	0.004438610374909444	0.0004951256495438686	-0.0018394287432163083
5.91	0.0003894570533899232	9.218112347890892e-05	0.0032169294496470105	-0.00013549840689796455	-2.529854258063827e-05	0.002757113350267853	0.007414980305170785	-0.0014851249851102412	-0.0009946278485929224	0.014654905371334945	0.0024273992715478088	0.0008226537906632894
5.92	0.00035885013320769533	5.584851566683559e-05	0.003193524107087681	3.31754535858324e-05	3.528713847155321e-06	0.0027763201092099675	-0.012962111412549411	-0.005362756672556866	-0.003088978720492101	0.017576932659215557	0.0030667590814904703	0.0025825759353003534
5.930000000000001	0.00015823176763317184	-5.916309707463098e-06	0.0031761786504125515	0.00018299333392411172	3.0473913147716358e-05	0.002791962937682541	-0.025654364431944958	-0.006604685899349253	0.0007755368952066388	0.011113208677371868	0.0021360883014324636	-0.0004990858404239379
5.94	-0.00012244196968868567	-6.776046640019001e-05	0.003202334125181895	0.00024298486212787353	4.3876437030878464e-05	0.0027715866375641737	-0.027985297002164428	-0.005105895238500186	0.003102885961728499	0.00020144678601400674	0.0003335007115062169	-0.002408875664771413
5.95	-0.0003476402694037873	-9.731895083386857e-05	0.00322035980731756	0.00018376253150090952	3.517729608572503e-05	0.0027573499262250516	-0.014825182555137064	-0.0005048526114922962	0.00012216137800004457	-0.011500139738108742	-0.0019849925453176796	-0.00020275964312629227
5.96	-0.00039300722295086297	-7.733443430343221e-05	0.0032045815249006483	3.1941161458183227e-05	7.763875972305344e-06	0.0027681088649225173	0.0059608705850869885	0.004248925371202178	-0.0029402670231671564	-0.01754205073407253	-0.003269160797667024	0.00215295566625243
5.970000000000001	-0.00024568104054449027	-2.0557318718417042e-05	0.003176025410638888	-0.00013583944039312365	-2.385865597046503e-05	0.0027898074914416583	0.021911102173061085	0.006589551388163416	-0.0015567263741397923	-0.014282090473549591	-0.0027398080798235022	0.00120794966448435
5.98	1.654683163748011e-05	4.663082950110552e-05	0.0031884775432717083	-0.0002332564291585286	-4.421837595806855e-05	0.002779221475783678	0.028852736657233046	0.006390546079638695	0.0031953976126645814	-0.004662686834255274	-0.0011617198835226627	-0.002593336054623099
5.99	0.0002798535167582189	9.414792815749333e-05	0.003216104206372054	-0.0002183395579507567	-4.364478046241631e-05	0.0027578540712125082	0.021122715235637985	0.002602661374439545	0.0015722624779014544	0.007642397790280461	0.0013167915291720416	-0.0011339508846805373
6.0	0.0003995856505334155	9.386166899233236e-05	0.003214175288766282	-9.372502177946514e-05	-2.0307018932453645e-05	0.0027604542642557933	0.001811318155094883	-0.002639031228013031	-0.0018920690817677166	0.016222301619039505	0.003148998848387667	0.001586824143196857
6.010000000000001	0.00031733302995666567	4.7343329122432355e-05	0.0031861156549169273	7.886345703886312e-05	1.3475889520507637e-05	0.0027836150314164703	-0.01713306307952581	-0.006195813970584598	-0.0028866393077689573	0.016636231070470776	0.0032944926944765353	0.0024230157135435282
6.0200000000000005	8.758351790799567e-05	-2.067511812275329e-05	0.0031798888082873174	0.00020869071864606235	4.0222216342984274e-05	0.0027892022899465145	-0.02751900173006413	-0.007053932319157016	0.002154220972701621	0.008541313538763518	0.0019671104173062497	-0.0017458235394532443
6.03	-0.00019277278297866838	-8.226830902605265e-05	0.00320932608717209	0.00023778060874348457	4.8960581232589896e-05	0.002765760355171251	-0.025773907120410975	-0.00460543094615914	0.002583224118632593	-0.0032097699484913487	-0.0004137438494256847	-0.002040905229007886
6.04	-0.0003779240032335656	-0.00010328196213803915	0.0032192939402529534	0.00014833437300378215	3.2494731815880435e-05	0.0027576387056748018	-0.009500784627279848	0.0005999650888621193	-0.0007839498146160908	-0.013854271448536891	-0.002726931082290831	0.0005370197758056183
6.050000000000001	-0.00036825576392000067	-7.231358238205202e-05	0.003196843994456289	-1.6262703862525103e-05	-7.497302596242918e-07	0.002774428845653037	0.01104054476280316	0.005254298690742866	-0.003196115516607113	-0.017591195798996623	-0.0036189185862903184	0.002465740131601765
6.0600000000000005	-0.00018267307325757785	-7.8980602944146e-06	0.0031749415341879926	-0.00017074001045661467	-3.332589658644032e-05	0.0027916726669309517	0.02452055358373693	0.007163668061037875	7.920751933821427e-05	-0.011911198326954281	-0.002623080624781858	-0.0001006525339992639
6.07	9.265238095280723e-05	6.241079441762914e-05	0.0031981611122614165	-0.00024013730286877145	-5.050342459260399e-05	0.0027727038401028814	0.02826890754274436	0.00624165787717907	0.0032490513577241417	-0.0013437647906493033	-0.0005753173672708875	-0.0025430733048460645
6.08	0.0003285966755678713	0.00010376234209913185	0.003220019916249017	-0.00019227552504346592	-4.265411761920382e-05	0.002756383268124993	0.016584789892778416	0.0016308521232765458	0.0006646411527379	0.010516589079558342	0.0020905055829782576	-0.00040372627105680984
6.09	0.00039490656731029346	9.223942162597745e-05	0.0032089331261433585	-4.780748403178834e-05	-1.2534032808197718e-05	0.002765425361827316	-0.0037834871457882464	-0.0037862965188045082	-0.0026445588158036555	0.01717276631191469	0.003662555983318913	0.0020637523675048454
6.1000000000000005	0.0002656443177611424	3.5849294448973845e-05	0.0031794527466729983	0.00012111985294005394	2.41502275325987e-05	0.002788605130800857	-0.020578938594539645	-0.006936404511909946	-0.002128858042612399	0.014919977777197968	0.003311601187232421	0.0016800194042976366
6.11	1.2511743513571822e-05	-3.7562607340680085e-05	0.003185642270654549	0.00022690775900405515	4.918113579527917e-05	0.002782432030330542	-0.028565581436868638	-0.007285159559213825	0.002872801783539333	0.005711691144926506	0.0015558696235206373	-0.002439066509224334
6.12	-0.000256558425690833	-9.616388155703305e-05	0.0032129958876036618	0.00022414891646438444	5.1225214443584944e-05	0.0027599255977368343	-0.022494918011862527	-0.0038080839304615497	0.0017760669126640595	-0.006398637978811211	-0.0012223909034509376	-0.0014059218910036308
6.13	-0.0003947475906711611	-0.00010629306658925053	0.003213901615671132	0.00010940243488525733	2.6895440058418832e-05	0.002759329798220733	-0.0039359542113140454	0.0018355990836857374	-0.0016212062978056504	-0.01557502691023293	-0.003434331779071626	0.001287173784674642
6.140000000000001	-0.0003320569413077619	-6.354472507668131e-05	0.003187155091698672	-6.101092284426968e-05	-1.1368567995877046e-05	0.0027812958190137206	0.01552399064203702	0.006245426471186792	-0.002993552910165823	-0.016926664213176734	-0.00387968166778488	0.002541298150381554
6.15	-0.00011445499370400892	8.338389602852821e-06	0.0031770704528672547	-0.00019752190150747908	-4.374292408513802e-05	0.0027906296951022863	0.02664728682756903	0.007736949920469252	0.0018237806351103416	-0.00944614311715329	-0.002435217865724289	-0.0014193057796493382
6.16	0.0001650115471823204	7.976905858398506e-05	0.0032074043814186034	-0.00023832317533772497	-5.612664231558879e-05	0.00276677257314741	0.026549463155769167	0.0057860574217489195	0.002936598399798518	0.0018764329611357965	0.0001783114872905624	-0.002302318276543215
6.17	0.00036494258232511455	0.00011242054661520613	0.0032216001482326946	-0.0001611558084539739	-3.9878372102104466e-05	0.00275548773147391	0.011513346494046013	0.0004242031768619439	-0.0003664369237767992	0.012877695676455001	0.002908181187186949	0.00023973117857276608
6.180000000000001	0.00037646746153413183	8.781584806169688e-05	0.0032015933903758293	-2.306615100143635e-06	-2.7708225351558705e-06	0.0027704200421647183	-0.009059051838508834	-0.00503467778268072	-0.0031872138555221565	0.01752570074324708	0.004168648590052596	0.0024582650511643404
6.19	0.00020611141197894413	2.1613663662920072e-05	0.003175207956758903	0.0001568918638455981	3.585890613945959e-05	0.0027912766351820655	-0.02340602262991618	-0.007683756425659455	-0.0007704984855599488	0.012777407627022005	0.003197581895194026	0.000616528930396622
6.2	-6.351826234607906e-05	-5.668102919151886e-05	0.00319331329629496	0.0002370805763896267	5.784578526275954e-05	0.002776378376428663	-0.028472378784619855	-0.007325030112624825	0.0031798665021736195	0.0026660036719672385	0.0009410305745061684	-0.0025112232044962658
6.21	-0.00031000184222450467	-0.0001098314353068304	0.003217008366209724	0.00020234917821899829	5.159813570684023e-05	0.00275810025643258	-0.018318618378537783	-0.002768736437221752	0.000992645547121937	-0.00934834314219181	-0.0021381913767462234	-0.0007225820895986371
6.220000000000001	-0.00039674106169246525	-0.0001071149910501852	0.003209563451483623	6.602096984454511e-05	1.8707301761959227e-05	0.002764320017404679	0.0016358768038218653	0.003252262371759039	-0.00232413809032502	-0.016751915032193646	-0.00412960463498046	0.0018474027131968804
6.23	-0.00028531715488037946	-5.188053933759232e-05	0.003181290896249486	-0.00010419016642262567	-2.3812660886794114e-05	0.002787402898304942	0.019257419740955264	0.007219071558852361	-0.002327560147326549	-0.01558642484156486	-0.003935614457843781	0.001991020617656127
6.24	-4.1575825724614905e-05	2.7589018025797045e-05	0.003184551494975718	-0.00021908053077244924	-5.428326141782375e-05	0.002785362123133346	0.028128888707521206	0.008212940115231835	0.0028278948306738466	-0.0068294327681027705	-0.00202266662151437	-0.002303126427682182
6.25	0.00023185422096481332	9.779278724909743e-05	0.003213878811282484	-0.0002287850018272884	-5.947596568698749e-05	0.0027616605132306125	0.023743709259238417	0.005070029740330233	0.0021065778707499106	0.005147710986033477	0.001100219807798648	-0.001708457694928099
6.260000000000001	0.0003879378438659087	0.00011897557021558053	0.003217516745356102	-0.00012415458624443854	-3.408934470623064e-05	0.0027578336569462616	0.006047118188116399	-0.001019093068710565	-0.0014429248686118603	0.014862012616759785	0.0037407223385114087	0.0009869565588763569
6.2700000000000005	0.00034521155594779583	8.018935579726355e-05	0.0031909528013097026	4.359039607784126e-05	8.909742354726347e-06	0.0027779236411258775	-0.01385063136437156	-0.006280685391946163	-0.0032341077196259426	0.01716644083675152	0.004446255752956785	0.002572609007673929
6.28	0.00013987892959968468	4.512043448749488e-06	0.003174884795646414	0.00018670943711328035	4.679465887511045e-05	0.002791096926663573	-0.0257662388661658	-0.008371543813360563	0.0011454528864328108	0.010346930213322714	0.0028919239195926874	-0.0009262685584640094
6.29	-0.00013753523445957406	-7.626299054266373e-05	0.0032025967298656994	0.0002388031709657909	6.31443388555866e-05	0.0027687504978243325	-0.02714093827619835	-0.006954752983946626	0.0030760423205214967	-0.0005868630486429879	0.00014156689540941096	-0.002423667081781343
6.300000000000001	-0.00035023548002533736	-0.00012069434708266794	0.003219881005130186	0.00017362290582668033	4.796600446837493e-05	0.0027554449405366747	-0.013334820807224014	-0.001477110059779677	3.6180188983207985e-05	-0.011883378542660956	-0.0030103341895782263	4.803482200676571e-06
6.3100000000000005	-0.0003817344872692107	-0.00010366705110792599	0.0032037183248278256	2.105957893781968e-05	8.041551873234079e-06	0.0027684978508114013	0.007109236462424911	0.004673806859091674	-0.002920412452873856	-0.01733548030924372	-0.0046282586965283225	0.0023512334548701982
6.32	-0.00022700760384849819	-3.7035443386772556e-05	0.003176765754443868	-0.00014156834970540343	-3.57726506452316e-05	0.0027909247888568594	0.02223576754105253	0.008080255131751096	-0.0012048226833154992	-0.013523379568909645	-0.0037224987673625813	0.001057822029430069
6.33	3.510042507248936e-05	4.8119843605752784e-05	0.0031916582399357744	-0.00023134002613678766	-6.205847657231531e-05	0.00277886803313621	0.028385538933837055	0.00832841054929335	0.0031307985943643244	-0.003899436094092719	-0.0013287893678413994	-0.002570569368794219
6.340000000000001	0.0002887261222515877	0.00011332332045995318	0.0032165654237755774	-0.00020966734079123692	-5.861073119931405e-05	0.002758623428854289	0.01977690199802748	0.004023987178521669	0.0012124232533399187	0.008124611589448102	0.0020332305337940272	-0.0010096763221763775
6.3500000000000005	0.0003936858721131465	0.00012096312564216865	0.0032112938244555464	-8.24066647922413e-05	-2.4952132495443007e-05	0.002762354367756297	0.00035170659537341915	-0.002541978171488704	-0.0021641447625493993	0.016207614747955016	0.004388608946970116	0.0016800423542821228
6.36	0.0003002668116438358	6.870721872299057e-05	0.0031827434548151244	8.664559439484996e-05	2.1733471865051437e-05	0.0027857252759170463	-0.017810238273803975	-0.007377477894404272	-0.002677290570205282	0.015965221902995708	0.0044773906394178055	0.0023087789373895723
6.37	6.777606131551889e-05	-1.5195328038934154e-05	0.003180780281248232	0.0002083626954407057	5.714665279139207e-05	0.0027881058722743655	-0.027403110352929465	-0.00896386808789603	0.0025567163616210522	0.007767053935813107	0.002436395103877306	-0.0020884707095841404
6.38	-0.00020644097138962692	-9.597123001490886e-05	0.003211440916748673	0.00023024417140648232	6.569942299792421e-05	0.0027631390637243886	-0.024662056660526954	-0.006327895524109742	0.0025069702944585572	-0.003800554940178298	-0.0008852023230812925	-0.0020146384751813223
6.390000000000001	-0.0003777661176769186	-0.0001290408130653991	0.003219632874725318	0.00013725879665630055	4.059570654230969e-05	0.0027559168103962256	-0.007996192212960121	2.5328301340607793e-05	-0.0010132815410895252	-0.013945531191916999	-0.003911660553331865	0.0006739278230356411
6.4	-0.0003550435728496417	-9.644514242338563e-05	0.00319502300849665	-2.5534559177451186e-05	-5.703146526631004e-06	0.0027743513176350645	0.012035665309315977	0.0060877029946592885	-0.003339734842843028	-0.017161783433795066	-0.004923728918758035	0.002594606087499407
6.41	-0.00016359210342608435	-1.893483657493237e-05	0.003174020096459746	-0.00017365923123108774	-4.88408861453402e-05	0.0027913036234881697	0.024738381130729802	0.008887959409113178	0.0004115266789446058	-0.011169043610016603	-0.003367174698933222	-0.0002888245962932851
6.42	0.00010982128719320511	7.034174883679678e-05	0.0031987224665655112	-0.00023603868008846855	-6.916445793617234e-05	0.002771929042953697	0.027577350728573147	0.008123723535060733	0.003162624361852606	-0.0006476348258158109	-0.00042101398854543293	-0.0024123599610262085
6.430000000000001	0.00033451702002774503	0.0001271489393641722	0.0032187087840228014	-0.00018250829334881706	-5.5188724475291215e-05	0.002757293550726791	0.015147621934910113	0.002647165387181565	0.00039918249085598584	0.010870419510371127	0.003110103450293519	-0.00021167014461323722
6.44	0.0003861405528634622	0.00011875358742250508	0.0032056062024922254	-3.7439752583680154e-05	-1.2306323344930634e-05	0.002768274810341626	-0.005105396916467457	-0.004179993648367129	-0.0027205102903665483	0.01694132345669812	0.005059747993096979	0.002201836967980707
6.45	0.00024789886374226286	5.240792030318129e-05	0.0031779408630166037	0.00012601459015409812	3.681756501526719e-05	0.0027908570603628166	-0.021005097544447772	-0.008440708094488616	-0.001633018469252989	0.014068918453762992	0.0042958341587563086	0.0013780110391565614
6.46	-5.76707341279737e-06	-3.948362180042807e-05	0.003189138139522247	0.0002232268335349106	6.787594775325509e-05	0.0027812805314558573	-0.028156165642303953	-0.0093096305284191	0.003137086113444978	0.004849774299027864	0.001726381101733751	-0.0026140003582950395
6.470000000000001	-0.00026550747138484934	-0.00011615886463668635	0.0032165125141532043	0.00021284640169690118	6.669663875904872e-05	0.0027584278457990635	-0.021129907634703755	-0.005209529449714211	0.0015559652317600652	-0.006951119146406537	-0.0020153099014022144	-0.001376939047310648
6.48	-0.00038907701600533333	-0.00013392170916477558	0.0032142876541832485	9.571220793255334e-05	3.1200978792288715e-05	0.0027584577296546763	-0.0025003076432810454	0.0017920387166292084	-0.0019498452153610662	-0.015451453191669367	-0.0047741639783968216	0.0013943406072919014
6.49	-0.0003153807210441825	-8.472214125302853e-05	0.003185506676636922	-7.045632976394386e-05	-2.0622770731200964e-05	0.0027811919520856127	0.016192786898713986	0.007482205016912977	-0.003006555441363193	-0.016206408607820213	-0.0050828910183864096	0.0025174170817083433
6.5	-9.537422955970592e-05	3.766415401676273e-06	0.00317771493193969	-0.00019831218804114285	-6.147925509900802e-05	0.0027888558337043987	0.026524834055325044	0.009690511718816852	0.0020732662194362134	-0.008574613316247388	-0.002886099619450539	-0.001556576170636371
6.510000000000001	0.00017771530329302524	9.452759917824493e-05	0.0032081924135295573	-0.00023077530951196208	-7.36201797921666e-05	0.0027661919087382083	0.025411950393573697	0.007518212547317047	0.0027975038025409822	0.002618978006021196	0.0006711430528618137	-0.0020331651150501985
6.5200000000000005	0.00036372534296143564	0.00013924323705664864	0.0032202203755146773	-0.00014872449118954477	-4.859272256937644e-05	0.0027576007553400807	0.00999797270852902	0.0009744809034000636	-0.0005967790152142875	0.013051443081837814	0.004111976802289142	0.0004622379647079012
6.53	0.0003620002830963983	0.00011298519086860922	0.003198714839575286	8.512226467010639e-06	1.587816809328953e-06	0.002773829828454782	-0.010053367406834374	-0.005894120572532247	-0.003224774468628075	0.017014256916148704	0.0054872903120532016	0.0024438938654155486
6.54	0.00018655938044823735	3.313906510115821e-05	0.0031747906161040187	0.0001602133791373826	5.0902265403793996e-05	0.0027921682069229218	-0.02346315655453736	-0.00946414129459554	-0.00022540637397182547	0.011852809106051552	0.00393330433196805	9.080289069009595e-05
6.550000000000001	-7.95424628212364e-05	-6.478358074242513e-05	0.003196285515757314	0.0002317423967922722	7.610387794228675e-05	0.002773633037782538	-0.027615473727727192	-0.009268096695480425	0.003192622600179405	0.0018508867030604113	0.0007994965107521091	-0.002646575823334741
6.5600000000000005	-0.00031321174003867566	-0.000133863775975522	0.00321847782902832	0.000190905745378134	6.407812483979282e-05	0.002755760206666682	-0.01676393396146335	-0.0038457880871542445	0.0007432499559520949	-0.009675080571086403	-0.003129599214271899	-0.0005631763992722178
6.57	-0.00038488552200253577	-0.00013446986494782857	0.0032083342368643105	5.41291833398547e-05	1.9110303151127473e-05	0.002764248411232356	0.0029415463429541106	0.0036436354149069483	-0.0025393468580947012	-0.01649995307610685	-0.005454004540577088	0.0020910757607860353
6.58	-0.00026525328224303885	-6.928388139148683e-05	0.003179431535448373	-0.00011029754273468954	-3.561854986673597e-05	0.002788824957048077	0.019535080620832826	0.0087240206927758	-0.002148709948389663	-0.014702989945308593	-0.004920180028533969	0.0019486644921395692
6.590000000000001	-2.2956784806867177e-05	2.8386446061954615e-05	0.0031854714501453087	-0.00021624161161004578	-7.265714573954395e-05	0.0027849409790769706	0.027557660485209884	0.01021314256636989	0.002986147219133361	-0.005974777587645174	-0.002260152644907144	-0.00238757946556679
6.6000000000000005	0.00023985792216481793	0.00011670150874388988	0.003214998639869158	-0.00021868243880600286	-7.553302632448678e-05	0.0027616657888630334	0.0223119479617894	0.006507095371789998	0.0020199080637489245	0.00568388303141768	0.0017758011029871796	-0.0016024571480637044
6.61	0.0003807765053066586	0.00014607249173704206	0.003217670678464198	-0.00011156542588709632	-3.992391255550739e-05	0.0027589795465124143	0.00460012795649438	-0.0009072926358072385	-0.001538442700600612	0.01478726043094015	0.005016006065388078	0.001105242487088378
6.62	0.0003273394292227407	0.00010168832287072632	0.003190660790859106	5.2374686922942875e-05	1.629243058613093e-05	0.0027794623321790784	-0.014457421213046742	-0.0074509445845546505	-0.0031634143530406425	0.01649584504422141	0.005715920841776089	0.0025041460018538414
6.63	0.00012037346261323421	1.0033647712500714e-05	0.0031766635042890868	0.0001873163176184711	6.375042820608775e-05	0.002790281597038998	-0.025571245493669473	-0.010326190311962037	0.001305032810529787	0.009523393559316227	0.003480813207790549	-0.0011949290727720954
6.640000000000001	-0.0001504818107163257	-9.060333285571265e-05	0.0032035880842840275	0.0002313612727398785	8.134570640897678e-05	0.0027677358010823007	-0.025996935560440353	-0.008768195793172045	0.002784552075420164	-0.001319615260432139	-0.00023654407926589822	-0.002260004494103841
6.65	-0.00034950448834340005	-0.00014774265931574327	0.003217582505968876	0.00016100561408066724	5.8346080900106845e-05	0.002756628939643062	-0.011844088907402342	-0.0021146022591558497	-0.0002675532867316135	-0.012107886696551258	-0.004154867837549477	0.0002286540690359374
6.66	-0.00036802585830922205	-0.0001297571791477927	0.003199287487263921	9.398308416817364e-06	5.370012055234892e-06	0.002771528132092237	0.008069120200201486	0.005433485107687592	-0.002976322722305514	-0.016913588753228757	-0.005943728475400591	0.0024663264835667266
6.67	-0.00020840246726547143	-5.018197590598267e-05	0.0031748861204507098	-0.00014611677699231387	-4.992167894817199e-05	0.002792726203572391	0.022288910890291606	0.009802335917858108	-0.0006129856903819022	-0.012615495545820575	-0.004599039542731986	0.0006605414175805072
6.680000000000001	5.031699611138906e-05	5.4376854608192816e-05	0.003195397509015709	-0.0002272142558853565	-8.109062561723944e-05	0.0027772702234606698	0.02756436165029569	0.0102940146918868	0.003451930193033253	-0.0030415892067832792	-0.0013809997730910148	-0.0027084487886582017
6.69	0.0002915421465636445	0.00013555261136339735	0.0032214891281079137	-0.00019840474431803926	-7.308215030695374e-05	0.0027566910805977415	0.018254092150247102	0.005102801868643566	0.001152759542117452	0.008588701470312954	0.0029243126863601476	-0.0009470258784792832
6.7	0.000381822824526775	0.00014729349543888913	0.0032138745928815358	-6.982765645111463e-05	-2.775450318378898e-05	0.0027613925897139887	-0.0009033033446597814	-0.002828287891323254	-0.0025021422583769264	0.016022295292031082	0.005748257320010599	0.001767555559932579
6.71	0.00028040987946288524	8.563125954179187e-05	0.0031821415399902924	9.476998283576354e-05	3.203745541251056e-05	0.0027846967927531783	-0.018091735037741696	-0.008826457001829246	-0.0028470027965776593	0.01526713116853203	0.005597611847637808	0.0021628884920825973
6.720000000000001	4.89700674812484e-05	-1.5915293137800955e-05	0.0031800175434631736	0.00020874158930600905	7.540225804672229e-05	0.002785180460356504	-0.026916987638885004	-0.010922849891488397	0.0024579529282769963	0.006941892779877018	0.002839366887222243	-0.0020909819210256754
6.73	-0.00021520616799481997	-0.0001146287725221856	0.0032083384927398114	0.00022247860316529253	8.330054518171045e-05	0.0027623584235940365	-0.023221650913379487	-0.007759987019247883	0.0022366693953742175	-0.004502921592881746	-0.0014363882284193353	-0.001682805449809979
6.74	-0.0003708690137431048	-0.0001557285163591263	0.0032150812184623357	0.00012540009413144356	4.898817724205015e-05	0.0027586071454460378	-0.00646136386464063	-9.836151900881785e-05	-0.0010180417705658816	-0.014057616633390769	-0.005125472784292158	0.0010028003805692912
6.75	-0.00033637739992717634	-0.00011784700053003871	0.0031925418713308457	-3.509064257303729e-05	-1.0407725089842291e-05	0.002778730021106868	0.012721065448321163	0.007200065164292649	-0.0029094628886935305	-0.01657181211150131	-0.006232008504793638	0.002563971237572996
6.760000000000001	-0.00014326987512422944	-2.5284584671226476e-05	0.0031778173180387745	-0.00017498120410928194	-6.415131489649911e-05	0.0027923881686632837	0.024507341931452972	0.010713560041729539	0.0010776927014722688	-0.010249287343674574	-0.004090374578665135	-0.000821548950204731
6.7700000000000005	0.00012264926535222843	8.26253186225682e-05	0.0032050730624273572	-0.00022856467734766383	-8.726635309829965e-05	0.0027697808432084695	0.026306654294400374	0.009828462095761908	0.0030098399082709856	0.00014493067457498442	-0.00022142749266139736	-0.002563648000121664
6.78	0.0003318746588005426	0.0001516283829911625	0.0032213073805825365	-0.00016950686601088606	-6.673363611010339e-05	0.002754720118498667	0.013493201537918728	0.0032896656144471574	-0.00010133212509377834	0.011145960482876395	0.00411834477364682	-0.00019193417164673
6.79	0.00036929030257518256	0.00014285193534424983	0.00320325555395776	-2.46896660297498e-05	-1.1847957125369677e-05	0.002766586695449837	-0.006139123288708019	-0.004878065578920678	-0.003155200030176293	0.016576646723659435	0.006365881022243503	0.0023151777980146625
6.800000000000001	0.00022597046671159763	6.521959927869018e-05	0.003174023102469407	0.0001324606367489755	4.881437801827329e-05	0.002789419286213449	-0.02098543368699037	-0.00992825534034099	-0.0014086681951787396	0.013258340054119171	0.00516351613111592	0.0012050979323871632
6.8100000000000005	-2.3545062935779766e-05	-4.3917501556040366e-05	0.003188615440578196	0.00022154554657074954	8.510804630583277e-05	0.0027787275057000057	-0.02726231277480603	-0.011132759254340112	0.0033644848922495547	0.004049449936374707	0.0018464624786963472	-0.002507494099353319
6.82	-0.0002699258874809233	-0.00013635455028475254	0.0032172953546336703	0.00020404565301845398	8.062315130447033e-05	0.0027585877500291987	-0.019516692005707378	-0.006408568018447897	0.0016567847262788232	-0.007506541534668725	-0.002742647627584746	-0.001011031283759513
6.83	-0.00037763451373237756	-0.00015957943584641503	0.0032158167350901418	8.409907181926081e-05	3.51901851653008e-05	0.0027622776316319473	-0.0011298602908006343	0.0019090454612669945	-0.001878249692338418	-0.015460069189670215	-0.005971690639472671	0.001678286113268843
6.840000000000001	-0.0002948130122206733	-0.00010364600861841912	0.003187852226410614	-7.898563524741971e-05	-2.868903931631381e-05	0.002785592367452839	0.016582159386440004	0.008670165315289458	-0.00282932118603259	-0.015557891502119803	-0.006165643639422316	0.0023366176665384456
6.8500000000000005	-7.50537741770346e-05	4.391455776274945e-08	0.003182181369355442	-0.0001989889897081756	-7.739788182234253e-05	0.00278915914637306	0.02610447478374432	0.01148336164338839	0.0021066904846512415	-0.007747868159958785	-0.0033316210531741707	-0.0019982112431736615
6.86	0.0001885688088010536	0.00010843153792329738	0.0032092996584808034	-0.00022307864032279138	-8.945991252968637e-05	0.002764087480260724	0.023963751986253078	0.00905189738650307	0.0022439184559498357	0.0033658159732348307	0.0011351658806796302	-0.0021218188168642127
6.87	0.0003584025714120222	0.0001631985391983069	0.0032161115229200556	-0.0001361898427608104	-5.601424096427559e-05	0.002755560705075318	0.008405212573235335	0.0013714283743826406	-0.0010288186152851183	0.013248385063596766	0.005219980458400918	0.0005679289434809692
6.88	0.000343934351226383	0.00013472194548092532	0.0031925200291095255	1.9582532625887493e-05	6.026539015300982e-06	0.0027729603335475608	-0.010867475474122788	-0.006689077116769491	-0.0031615296484842894	0.016532556034577407	0.006632413570608085	0.0025383161505455982
6.890000000000001	0.00016584142306886725	4.289408948099596e-05	0.003173052444095562	0.0001633265757865032	6.429644223447054e-05	0.002790288444847853	-0.02327889385856727	-0.011006036339641966	0.0005394523084328066	0.010916085232297857	0.004556267116894258	-0.00017177518044561395
6.9	-9.423481984082082e-05	-7.178969252079208e-05	0.0032001955886874155	0.0002256923386750799	9.151824124653616e-05	0.002771595485465818	-0.02649855005317592	-0.010909726889197719	0.0035072925575943856	0.0009513085279349358	0.000578700167180401	-0.002417387257446885
6.91	-0.00031324270039558385	-0.0001535925416712425	0.003223444939830868	0.00017757539223908848	7.344730768235162e-05	0.002756735468868758	-0.015133789284284927	-0.00462051210648148	0.0006364716718781237	-0.010143819277156069	-0.004044024881683498	-0.00025186035254470417
6.92	-0.00037016231830420374	-0.0001563548732245864	0.0032113127055768825	3.9814273469424286e-05	1.7710558122461016e-05	0.002767435237830829	0.004105908284475796	0.004009348421737189	-0.002817458818358963	-0.016219631850132126	-0.006615415099438163	0.0022047774466109147
6.930000000000001	-0.00024394468936694098	-8.255047231419406e-05	0.003180603283550126	-0.00011824334847923414	-4.7231625960349196e-05	0.0027908249820263135	0.01968591212869509	0.009991473394008606	-0.002159236544033741	-0.01377498443710746	-0.005741586516982729	0.0015339321770155422
6.94	-4.071228207742836e-06	3.01863733331243e-05	0.003186935707044054	-0.0002146633646496394	-8.885634340004778e-05	0.0027825939626988936	0.026839231330316946	0.01185466392921808	0.002797540779956507	-0.005009877194321416	-0.002373865417998898	-0.0026263604057868285
6.95	0.0002464732793724251	0.00013300957612992956	0.003212712685612796	-0.00020820771856065178	-8.859608589451126e-05	0.002759220976765544	0.02071505915736084	0.007643261800597769	0.001564600169049048	0.006383643597612461	0.002506377620295415	-0.0014264635682902807
6.96	0.000371329060387458	0.00016862714786902564	0.003212036639515576	-9.742047981459311e-05	-4.2731231906509934e-05	0.002758655556191018	0.0031487193339467777	-0.0008120098647279707	-0.0016974332022701329	0.01481978105374246	0.006250831320184357	0.0013143463144722782
6.970000000000001	0.000307800851709395	0.00011974329285414158	0.00318579543683653	6.317077976133933e-05	2.542005319571336e-05	0.0027803404173786287	-0.014936692447456197	-0.008365314043894085	-0.002794877044986209	0.01577752137241075	0.00676462720151469	0.002447211023723517
6.98	0.00010083925022132916	1.549519199103554e-05	0.0031787343638129215	0.00018890452879267446	8.004178671268622e-05	0.0027884353489948427	-0.025212324910433053	-0.011882590448684446	0.002059748024131658	0.0085578154462078	0.0038496474985323086	-0.0014723069648358658
6.99	-0.0001614404931105814	-0.00010085368359282154	0.003209506560357726	0.00022341789177207083	9.683041113755206e-05	0.0027658606998217598	-0.02467602205771911	-0.010186998821281273	0.002864562582106432	-0.0022107013374048556	-0.0007790885614984441	-0.002060296211840281
7.0	-0.00034509548093736124	-0.0001682340539109011	0.00322243598676369	0.00014705783651527943	6.484808334443252e-05	0.002756970121336522	-0.010297840993071287	-0.0026104317962076865	-0.0005472488188197227	-0.012367283266658213	-0.0053331351847790195	0.0004360847055148645
7.010000000000001	-0.00035089342460160877	-0.00014918696953678193	0.0032006781346220815	-3.662960004231361e-06	-3.4815369641168307e-07	0.002773213797620208	0.008958435557304334	0.006134867672443268	-0.003330339630186325	-0.016464575393280972	-0.0071402148949194924	0.0024857577222554615
7.0200000000000005	-0.0001878471101084628	-5.856252807887764e-05	0.0031746631692983807	-0.0001515263269634637	-6.484993463988456e-05	0.002792592606196622	0.02215080781876629	0.011242675418520412	-0.0005414477276176121	-0.01166038784296357	-0.005195114234479296	0.0002468233263288015
7.03	6.559608380506631e-05	6.222909411725647e-05	0.0031942606323831363	-0.00022318771402091714	-9.797488722278127e-05	0.0027745151499929646	0.026591215997385294	0.011907906236960449	0.0031598652055390116	-0.002091801285948284	-0.0011012251541595585	-0.0027348364935506904
7.04	0.00029366132679915313	0.0001559561501992071	0.003217108543005836	-0.0001863811382117255	-8.311945529798153e-05	0.0027553800961435605	0.016742060463095836	0.0059111883137141176	0.0008988879155398367	0.009136033391038965	0.003987922297976568	-0.0006871888135167243
7.050000000000001	0.0003701311304625785	0.00016968345357301127	0.0032090137664167492	-5.5736030815773066e-05	-2.5329618638277396e-05	0.002762559657747266	-0.0020286375573607893	-0.003231580137528705	-0.0023301215502239256	0.015862840636864193	0.007059810906994258	0.001988358380866423
7.0600000000000005	0.0002623409971431427	9.933897708734656e-05	0.003181259307855761	0.00010344795828351233	4.559723201975844e-05	0.002786785931991823	-0.018230634377541625	-0.010077798817770553	-0.0021945031164190927	0.014392849889130858	0.006423352552759302	0.002026362749797979
7.07	3.3146752749030024e-05	-1.7530239413610857e-05	0.0031858170510790885	0.00020796798402358092	9.298809282355571e-05	0.002785018140755061	-0.026319606907217703	-0.01260091873620626	0.0028746130582270406	0.005987619629630194	0.0028570523960578026	-0.00215781580322852
7.08	-0.00022056153985233043	-0.00013103035663651586	0.0032147849191227814	0.0002124265518765461	9.628252499957529e-05	0.0027633166225357617	-0.021847503294496147	-0.008889136001728023	0.0020265283439007127	-0.005319014197154449	-0.0023110336923002823	-0.001488124547531864
7.090000000000001	-0.00036236505347611163	-0.00017822414606476908	0.003217581555285291	0.00011040107644764624	5.054914259774281e-05	0.0027610918532743967	-0.005228927697937997	-0.00013221882032995625	-0.0015261936978787846	-0.01417974905032631	-0.006408096615329955	0.0011000640630776553
7.1000000000000005	-0.00031937954877306785	-0.00013517659948954238	0.003190408361777458	-4.77077624331738e-05	-2.0970688140947576e-05	0.0027811506150123926	0.013139817547499674	0.008232896112554275	-0.003216219685296121	-0.015986603563701057	-0.007221833915554215	0.002414668967771343
7.11	-0.00012671819909692919	-2.897739010785955e-05	0.0031760191911007637	-0.00017896601773269045	-8.064967729734647e-05	0.0027910575869663098	0.024115443524783953	0.012346543203788652	0.0013471461029533048	-0.00930226144958639	-0.004323357666450931	-0.0013148755285802838
7.12	0.0001320445107043759	9.546988412209212e-05	0.0032042421914363875	-0.00022310125084775662	-0.00010194786345049859	0.0027660817350385982	0.025206213003553295	0.01129482780372381	0.002978485361247463	0.0010396748749860133	0.0003844571025697791	-0.0025239041898197936
7.130000000000001	0.00032883870361571655	0.00017416515373487178	0.003219768905622087	-0.0001574497915550324	-7.240727915196871e-05	0.0027527237662686725	0.01220892136807615	0.003692313688069985	-0.00015003165618372052	0.011536001614731282	0.005275995037653792	6.0959486945355495e-05
7.140000000000001	0.00035583743417953544	0.00016322789656743377	0.0032020694392765068	-1.1978676764935045e-05	-5.628811528629982e-06	0.0027669611466418463	-0.00685562180987357	-0.005671299250046232	-0.0029946722575883863	0.016298964557238744	0.00750831855930673	0.002496692498104875
7.15	0.0002097025785681207	7.317327868320853e-05	0.0031760861719661478	0.00013894305001117577	6.399655117903968e-05	0.0027898927550323786	-0.020888550621356347	-0.011495483171679012	-0.000934564715729371	0.012365814530614739	0.005773663724781662	0.0010314512852923623
7.16	-3.595958695438271e-05	-5.260518544613963e-05	0.0031931311411722537	0.00021920679368556438	0.00010243343482171069	0.002778535029578671	-0.0265356604434637	-0.012726649258285528	0.003244111652207349	0.0031538410355673283	0.00164654366078594	-0.0023676840951619223
7.17	-0.000271799243510006	-0.00015695939998061086	0.0032184447054865277	0.00019383350953233234	9.177470569091822e-05	0.0027605629883196477	-0.018260297377814722	-0.007081466813079412	0.0011862766685990355	-0.008092068225381893	-0.0037147379958350443	-0.0007948136942779594
7.180000000000001	-0.00036762565382839654	-0.00018114741420399258	0.0032124406933601124	7.103926164561435e-05	3.4670846329724826e-05	0.0027654755519450186	-0.00013470181677478576	0.002392529853015387	-0.002272774585334769	-0.01540963070114639	-0.007200460466651791	0.0016917009087717204
7.19	-0.00027936647257166807	-0.00011535381767899941	0.003183242274924847	-8.806957777203261e-05	-4.009792041821384e-05	0.0027876180361972053	0.016660054233977196	0.010019611765867313	-0.002622304523484187	-0.014845610746701321	-0.007033731267673543	0.0019924819529040243
7.2	-6.209098620892035e-05	4.0142890365199676e-06	0.003182425971767292	-0.00019993760538660025	-9.4315646893481e-05	0.002786303495851983	0.025597124411471345	0.01320520057886375	0.0025641658350742443	-0.006968231934286682	-0.0035232430220681512	-0.002346118954950736
7.21	0.00019331800957176994	0.00012707624446277695	0.003212019247796335	-0.00021578122181193849	-0.00010417281876937987	0.002760221899571396	0.022886721592573055	0.010112719433808733	0.0023116841431816957	0.004107590956889521	0.0017651709389473256	-0.002030006069785507
7.220000000000001	0.00035161001972103007	0.0001865371241621093	0.003218146695139083	-0.00012383605914982498	-6.129537199562057e-05	0.0027538688907707875	0.00730234154697311	0.0012482964641363766	-0.0011898543380833516	0.013474154011390002	0.00639884631023217	0.0008349487045850288
7.23	0.000329256872080118	0.00015132560108260533	0.0031930825821529464	3.116182925101914e-05	1.295734708315599e-05	0.002773922498084683	-0.011261942946570043	-0.007817980065100373	-0.00324718463837167	0.01613546675685635	0.007803277919616078	0.002737485662388849
7.24	0.0001507588789203676	4.527171498858677e-05	0.0031741938518591462	0.00016837641231685457	7.991500494036143e-05	0.002791512855250875	-0.02306159283853559	-0.012677931656793063	0.0006764388285374308	0.010169246327961887	0.005071458395875796	-0.000298056037515272
7.25	-0.00010370315543738693	-8.617078196888077e-05	0.0032006719896648865	0.00022263005658641348	0.00010851414741993764	0.0027727409392541325	-0.025578632903660997	-0.012381577872624441	0.003240448752464882	0.00010934035320412715	0.0002853417500699372	-0.002312551834779487
7.260000000000001	-0.00031170552326002576	-0.00017788999169305664	0.003220673072281731	0.00016781678045312793	8.355672750192716e-05	0.00275890475771005	-0.013975935065883417	-0.005024413836996725	0.00033296538508818823	-0.01059584282793044	-0.005042038066026901	-0.00018001340252423126
7.2700000000000005	-0.0003586245385361577	-0.00017814751249742682	0.0032068656200273027	2.862354436046504e-05	1.6229298275641575e-05	0.0027695220284974227	0.004834396295949391	0.004868092245439534	-0.0028133657421046646	-0.016082404488727726	-0.007848608402213814	0.002105288353773646
7.28	-0.00022925398517627537	-9.169761277476958e-05	0.0031784892168023418	-0.00012488019271676107	-5.923973711873627e-05	0.0027905804573442714	0.01962487992137936	0.011577018590066752	-0.001647347486257077	-0.013072995416775772	-0.006500933065507566	0.0011364103364735793
7.29	7.729622307080946e-06	3.818331748527349e-05	0.0031894925956974353	-0.00021387787721032596	-0.00010490904978117539	0.002779146139173468	0.02624130701096141	0.013545562144094657	0.002998521256411017	-0.004225198658172044	-0.002341008731666587	-0.002673567164313599
7.300000000000001	0.00024928863475805397	0.00015436361424694877	0.003215235143739434	-0.0001999997928610495	-0.00010008653141214793	0.0027566857682395306	0.01961215422837807	0.008475578782862894	0.0014339735807792828	0.0069980112480279265	0.0033067370194046672	-0.0012393682990294102
7.3100000000000005	0.0003630975813054621	0.00019182735247935968	0.003212568812692355	-8.579961403763502e-05	-4.422828878841708e-05	0.0027586609287534587	0.0021904332456950167	-0.0012871961669944066	-0.0019325378555944787	0.014840403239058117	0.0073559591646523495	0.0015891995756959739
7.32	0.00029305952103993453	0.00013310544916620505	0.0031845699903405647	7.208945627932478e-05	3.439987149234485e-05	0.002782255753417577	-0.015210319330361302	-0.00975713268793067	-0.00283097375811628	0.01519702391944354	0.007632985613200278	0.0024907034899109702
7.33	8.679966964927731e-05	1.2752697888056473e-05	0.003179206044976581	0.00019051636991104082	9.50240733747938e-05	0.0027886128939380327	-0.024866626945260945	-0.013634235540350538	0.0022700451696978556	0.007764743747841288	0.004140344485920997	-0.0016901084964771472
7.340000000000001	-0.00016867861772905529	-0.00011912391011201165	0.003210030857644517	0.00021714106135638114	0.00011058015935157435	0.002765313694481241	-0.02367796537709948	-0.011376875819829548	0.0027279891618598932	-0.0029067057808971823	-0.0012946813719464905	-0.0020306628066920503
7.3500000000000005	-0.0003410130910271468	-0.00019235988879564824	0.0032210998839721588	0.00013587673228387384	7.046610235987539e-05	0.0027571786269382616	-0.009142344268306792	-0.002555544317686607	-0.0007168137089785871	-0.012610819744632315	-0.006364267999405367	0.0005279657189147487
7.36	-0.00033722496949365285	-0.00016699322910607037	0.003198424472038771	-1.4140330451147398e-05	-6.008550571332213e-06	0.0027742337458226125	0.009578781437308479	0.007263567837440655	-0.003283442371342568	-0.0160613937915461	-0.008247158306336103	0.0025308396000013338
7.37	-0.00017181034812282166	-6.21896348111168e-05	0.0031750518215570697	-0.00015551130353781657	-7.916391509208208e-05	0.002792467912509045	0.022076073696630175	0.012880576245725698	-6.749916881993053e-05	-0.010899334381114921	-0.005724455613588348	-2.0513874839985625e-05
7.380000000000001	7.792513479236897e-05	7.518954037535659e-05	0.003197250695559044	-0.00021956123586226798	-0.00011406736686646202	0.002773504345823009	0.02582689766947463	0.013399830232115344	0.0031506673373162828	-0.0013425756544441596	-0.0008889937732735245	-0.002617936412136367
7.390000000000001	0.00029539282446179984	0.00017921522240800058	0.0032183085143611743	-0.00017692976280252493	-9.327102842931879e-05	0.002756336311025606	0.015494562305142455	0.0063547645076563715	0.0006007015505302483	0.009519687686195603	0.0048811140708614085	-0.0004920975783315127
7.4	0.00036006452391398354	0.0001909156806801799	0.003207161204174569	-4.518529185052329e-05	-2.4863344007041334e-05	0.0027651219766632153	-0.003008732692523386	-0.004014717673095044	-0.0026039236405626595	0.01571001717525979	0.0081970500720485	0.0021009809819374265
7.41	0.0002461402294833635	0.00010857453517765056	0.0031788093924542456	0.00010947969386815751	5.618152620060312e-05	0.0027888915570253516	-0.01845511525841947	-0.01157263028350415	-0.001985085315246681	0.013687420194044427	0.007210271078290359	0.0017290924322691497
7.42	1.7839408727067724e-05	-2.4659479791659895e-05	0.003186617159862494	0.00020663134613240904	0.0001086031914754792	0.0027830000745938926	-0.025877847836453693	-0.014285342359167981	0.0030318865356957023	0.005274641845374106	0.002984958658800366	-0.0024502564564698117
7.430000000000001	-0.00022738480244173179	-0.00015179119348171486	0.0032152419205626636	0.00020438382543219312	0.0001094174873440181	0.002760326751264204	-0.02066944621119084	-0.009814710233014893	0.0018390948742802594	-0.0058296579044131635	-0.0029071316790026985	-0.0014393568481022257
7.44	-0.00035638350168454324	-0.00020172481342288043	0.003215733372220447	9.984258960173053e-05	5.4862731743401364e-05	0.0027593826472896424	-0.0039724207996583456	0.0002649928868397042	-0.001709851664326708	-0.014155373255348413	-0.007523144754348749	0.0012635593840059757
7.45	-0.00030368142957057235	-0.00014914444315071158	0.0031879002739518846	-5.529965779555359e-05	-2.7976707029067174e-05	0.0027807991021329996	0.01369023366658527	0.00956698014013242	-0.003125461823386033	-0.015428176338003483	-0.008268199628269322	0.0024911143052797147
7.46	-0.00010924630150885489	-2.738822609238015e-05	0.0031767971259364257	-0.00017970170699948589	-9.53130737096168e-05	0.0027902663998405517	0.023992384719703653	0.01408082171016552	0.0017339665460746978	-0.008594904912498948	-0.0048065664611650965	-0.0013691372649286828
7.470000000000001	0.0001436370753605081	0.00011267735820320533	0.003206408512473068	-0.00021672015694376967	-0.00011761833501042633	0.0027671987395462647	0.024159796518875235	0.012504432297957568	0.0028893573894399733	0.0017147706732953604	0.0006874972985884673	-0.0021949394541285155
7.48	0.00032721844749801797	0.00019832974687625842	0.0032204119992754227	-0.00014654631040574075	-8.140486859931085e-05	0.0027568234759421995	0.010786635698203574	0.003784104681996347	-0.0003546150481041847	0.011706619721406202	0.006216182977800395	0.000307492468607853
7.49	0.00034193002432712257	0.00018253829778100932	0.0032008568850202933	-2.468754374126239e-06	-3.6125689921008157e-06	0.0027723654542454335	-0.007784936384644694	-0.006671271712614424	-0.003124925440691078	0.01588935683537581	0.00864677894778298	0.002489637526585418
7.5	0.00019114204008138216	7.928716430353939e-05	0.0031755414983140142	0.00014183757403442076	7.566010567014061e-05	0.002792914819613994	-0.02091798737891467	-0.01307149737852415	-0.0006258513779594386	0.011571639346447997	0.0064628501252664144	0.0004769682740703406
7.510000000000001	-5.114944475356236e-05	-6.346483450523061e-05	0.0031948515622879253	0.00021452107009047535	0.00011788090865696444	0.0027762496341182216	-0.02573175539549378	-0.014329059481732166	0.003242462780644004	0.002433110697834088	0.0016241290814897743	-0.0026942989333998846
7.5200000000000005	-0.0002751866230599861	-0.00017968392821551742	0.003218399719448674	0.000183334752367999	0.00010283632473551378	0.002757026283188958	-0.016833285138552385	-0.00772232363495495	0.0009291898229375599	-0.008428496285591247	-0.004516669582263445	-0.0007361108385134217
7.53	-0.00035702278829912506	-0.0002035918853835496	0.00320995673776793	6.0103051612083724e-05	3.549191719421267e-05	0.0027633534406929323	0.001101636979664272	0.003074108581861231	-0.00244217235519597	-0.015157413492428091	-0.008357424152137425	0.0018957910567853494
7.54	-0.0002602333063218802	-0.00012644138655476214	0.0031805214960446276	-9.36135540252156e-05	-4.995583876205172e-05	0.00278714894480634	0.017055936489852114	0.011513023539386184	-0.002453771339578034	-0.014041456292562812	-0.007883947529190975	0.002063749026557211
7.550000000000001	-4.2942895211597746e-05	9.43507800553304e-06	0.0031829910767590284	-0.0001969334079681535	-0.00010945014351236943	0.00278548175245881	0.025199686759658727	0.014904854679012676	0.0028263865191261958	-0.0061182887561784145	-0.0037308198589840885	-0.002293198793161346
7.5600000000000005	0.0002032297019350108	0.00014660151770670598	0.003213110993589069	-0.0002056581224359465	-0.00011731672539700224	0.0027615051500546883	0.021524020042959398	0.011098394589174054	0.0022192002319181225	0.004631307207187813	0.002354434824882255	-0.0017393881639172046
7.57	0.00034644407185293864	0.00021005049531318045	0.0032179078686729854	-0.00011165906821353578	-6.594363061979183e-05	0.0027574993293593567	0.005823565621466083	0.0010093658397666834	-0.0013318733780688268	0.013368411662234186	0.007437241383940508	0.000976322686690391
7.58	0.00031233571665714244	0.00016686334464254733	0.00319215831239163	3.940333033711135e-05	1.9162543235573787e-05	0.002777681687907151	-0.01203902762843396	-0.00908192088600858	-0.003200088450974656	0.015474451895672358	0.0088181030975242	0.0025813972535053196
7.590000000000001	0.0001308379454393131	4.5845831323953855e-05	0.0031757129228772926	0.00016852887957763402	9.388215934111511e-05	0.0027911576727899104	-0.022985425127925774	-0.014347390795613157	0.0010386733003217526	0.00933488384762008	0.005592052128306837	-0.0008509200241161448
7.6000000000000005	-0.0001181928730786949	-0.0001016362617051807	0.0032024243251448383	0.0002150810709526129	0.00012391575153529122	0.002769599204143921	-0.024513753573759307	-0.013708700577112036	0.002956394623343538	-0.0005803327221992106	1.5406319199056335e-05	-0.002332323959713503
7.61	-0.0003121092192936967	-0.00020088548095057357	0.0032187241402035303	0.00015578106733379367	9.26327917849307e-05	0.002756744241709569	-0.01235458997265631	-0.00516166947338458	-3.6386567410342046e-05	-0.01075528603234156	-0.005988121425160648	2.0050184274225517e-05
7.62	-0.0003444732302219154	-0.00019672645078516466	0.0032020568300407917	1.8275174682703768e-05	1.4257784371223757e-05	0.0027697363831222814	0.00598585763972873	0.005842134908011407	-0.002947022410610209	-0.015568713741361206	-0.00899915206574036	0.0023476611595356803
7.630000000000001	-0.00020861791960666965	-9.735863759939114e-05	0.0031752882375694425	-0.00012771905680125742	-7.089613486487078e-05	0.0027917152001399265	0.01975696625318069	0.01307475065758268	-0.0011246927807447276	-0.012144586716146169	-0.007182138523697314	0.0009749866284479526
7.640000000000001	2.5494133165571838e-05	4.8492101495082185e-05	0.003191715594400362	-0.0002081409398946238	-0.00012025197647040262	0.0027785692868427733	0.025470685319130406	0.015058739389834302	0.003338003791398586	-0.0034581337077459295	-0.0023577898143936015	-0.002690462543342165
7.65	0.0002543143759682891	0.0001756451619693789	0.003218346630625403	-0.00018827902148067687	-0.00011151210318914214	0.002757286486780969	0.017996940897626684	0.009045176467436446	0.0013261865066019677	0.007330456687728705	0.004077808104165754	-0.0010839464418310658
7.66	0.0003518329415950222	0.0002125235295226406	0.0032131623428618907	-7.397996221336728e-05	-4.580577649253169e-05	0.002760668719333125	0.0007162672931151865	-0.001931540631056949	-0.0022470899692645656	0.014535656606940414	0.008504627907678062	0.0016965498035091888
7.67	0.00027203782503669547	0.00014323796351535197	0.00318308918933358	7.790220178417979e-05	4.3995082102443735e-05	0.002784257966592125	-0.015592558202824746	-0.011138709634038117	-0.002844429331275752	0.014351082566359155	0.008567392551295235	0.002313372788982427
7.680000000000001	6.640739787248912e-05	7.492281640683422e-06	0.003179820086414441	0.00018698875149336544	0.0001105426402687388	0.0027872130269631585	-0.024388353439219117	-0.015264930317151043	0.002425531521809838	0.006908399403484559	0.004411775187447895	-0.0019817196920513475
7.69	-0.0001786790959177449	-0.00013815282893905108	0.0032096288450958956	0.00020578715769073704	0.00012484206423263056	0.0027637770056282113	-0.02216379579543081	-0.012341654805411361	0.00248081683320371	-0.0034648709080497804	-0.0018523956121737758	-0.0018765354809527277
7.7	-0.0003340804058753469	-0.00021527479640842532	0.0032180875481893734	0.00012273494417266564	7.610349203116008e-05	0.00275769756895609	-0.007488016525561558	-0.0023381788320039213	-0.000939234597318653	-0.012427044281690357	-0.0074545053943142	0.0007559215722992781
7.71	-0.00031796500954219567	-0.00018246312098501463	0.0031946805036758954	-2.224516537287661e-05	-1.1272114460295093e-05	0.0027761519651289496	0.010312541478670549	0.008443902519852654	-0.003171626409476899	-0.015292549752822893	-0.009262908457032069	0.0025214210243498097
7.720000000000001	-0.00015086770411540867	-6.344437359808832e-05	0.003175063091479856	-0.00015418401538540598	-9.195584762889075e-05	0.002791912501569451	0.021750189550912145	0.01443841581697302	0.0005081823232527807	-0.009932775268244012	-0.006222634510042487	-0.00043720022897826
7.73	9.087416038535216e-05	8.927125858294314e-05	0.003200543094470854	-0.00020950441029881915	-0.00012849785211951702	0.0027709965996704925	0.024503871022362088	0.01470145259388682	0.0032122254240675844	-0.0005656695799978707	-0.0006535709545994906	-0.0025575600534494
7.74	0.0002921694222133225	0.00020146344154643684	0.003220629275228834	-0.000161895919733275	-0.00010162882844252859	0.002755094821348033	0.013781287706683002	0.006607825908893741	0.00036561753422914583	0.009656820427756226	0.005797467502662003	-0.0003408304107180323
7.75	0.00034220072212023223	0.00020989970320658068	0.003207063118684902	-3.2713985406754e-05	-2.2614629608965906e-05	0.002765175459502757	-0.004079467433979663	-0.0049011036533797535	-0.0028228667915617452	0.015086723898728357	0.00931847735426607	0.0021821704386002744
7.760000000000001	0.00022325293900975798	0.00011546444559642619	0.003177975446530328	0.00011275198754003494	6.803718162635045e-05	0.002788685121606034	-0.01835539195755008	-0.01302490379904258	-0.0018097937486771763	0.012553920647652763	0.007888288386975768	0.001554599961561153
7.7700000000000005	1.3698786192714472e-07	-3.34776479713436e-05	0.003187788842183881	0.00019948699840271393	0.00012416843598191433	0.0027813530714392585	-0.02488427026195054	-0.015828536449588104	0.0030527900057845435	0.004356320498176833	0.0029928351266835106	-0.002378170669366478
7.78	-0.00023112703482590225	-0.00017237692933620626	0.003215090628953813	0.00019047214093107436	0.00012082388958065045	0.002760517884467877	-0.019008542428690538	-0.010517905863256691	0.0016229743541737768	-0.006218611907360616	-0.0037144159924709865	-0.0012103476223381485
7.79	-0.0003440745447671622	-0.00022366952718488693	0.0032138177175834383	8.575515621129781e-05	5.6307713390020195e-05	0.0027614699760567063	-0.0026026308814674115	0.0006652767453960049	-0.001835456203767447	-0.013793243454132917	-0.008621717100455246	0.0013932761499990376
7.800000000000001	-0.00028268389065507713	-0.00016250778584784724	0.003186041717436684	-6.236095482118298e-05	-3.724140760848895e-05	0.0027830557204030558	0.014010273219044675	0.010819075650135915	-0.0029218677842423506	-0.014433326369977647	-0.00919711386964131	0.002330711565040916
7.8100000000000005	-8.977130566941303e-05	-2.593017263993576e-05	0.0031787750947365316	-0.0001761020271791331	-0.0001109812225082275	0.002788714194754415	0.023402682609912462	0.015737432907745486	0.002072134200399531	-0.007604589482778633	-0.005114463283308443	-0.0017632346844937234
7.82	0.00015239830732992715	0.00012923121031522484	0.0032083706854798863	-0.00020458108629368377	-0.00013214027563623404	0.0027640991461614114	0.022651578563656273	0.013710772416717186	0.002658720631476278	0.0023610560220570656	0.0012495057799477999	-0.0021639795743720195
7.83	0.00031954955152651394	0.00022124745732014434	0.0032193595279781557	-0.0001316824440200356	-8.711072287781973e-05	0.002755021140531593	0.009190195622822183	0.003807384784302482	-0.0006631916522871075	0.011583900540357463	0.007359421287613886	0.0004910331412690339
7.840000000000001	0.00032180747601168327	0.00019982257462570338	0.00319772404280147	7.843348348362132e-06	2.508733838071223e-06	0.0027721632754334397	-0.008531896332024638	-0.007754916660352988	-0.003184770623690525	0.01510053736256105	0.009778510361986487	0.002607474930100863
7.8500000000000005	0.0001694597468809763	8.28405656474122e-05	0.0031745242810863024	0.00014229987867832292	9.030766982223482e-05	0.0027923638742084005	-0.020549414595837426	-0.014670332972181547	-0.00012573534463066908	0.01049327909184479	0.006977556262763603	0.0002814277340494409
7.86	-6.467333625484803e-05	-7.61589752699188e-05	0.003197006769590238	0.0002052308782899191	0.00013405594574623992	0.0027752891777999638	-0.0244132994880455	-0.015799967741903675	0.0032959942022851864	0.001575724772684004	0.0013423790532070263	-0.0025656889538250034
7.87	-0.00027247700814875015	-0.00020217666264557265	0.0032197840481563342	0.00016829723446966087	0.00011247941909307721	0.002757867966598354	-0.015050269196037058	-0.00811694864684588	0.0007311342975157985	-0.008653656315017499	-0.005469971419953201	-0.0005544784545193637
7.880000000000001	-0.0003390237719328371	-0.00022418942106998762	0.003209305074206651	4.6682715728881684e-05	3.415841542025304e-05	0.0027657854072361044	0.002211073554579461	0.003827984491800211	-0.002583182829553556	-0.014616003049584318	-0.009534347345454528	0.001983142363469658
7.890000000000001	-0.0002372337961203058	-0.00013580383622415686	0.0031797868377240568	-9.870595192263922e-05	-6.151298501802636e-05	0.002788619437926257	0.016923184619597374	0.012869023015665957	-0.0022382781924862993	-0.013009048381954819	-0.008639671331794626	0.001739165660329332
7.9	-2.5297963593668465e-05	1.539978061090854e-05	0.0031854495974762867	-0.00019229985636306664	-0.00012524165430970513	0.0027831256078682132	0.02424525596141968	0.016525010957585885	0.0029626614832097523	-0.005248455907217429	-0.003784071460342739	-0.002492063973827487
7.91	0.0002068599429392844	0.00016583098473825074	0.003214414453920655	-0.0001937214303527988	-0.00012900935531362252	0.00275938248123954	0.019814239466726762	0.012004797823594237	0.0019456472203687838	0.005112682990947835	0.0031572549843221303	-0.0015995215083303537
7.920000000000001	0.00033362483804039584	0.00023237726189971885	0.0032164406031343724	-9.843717958607589e-05	-6.739361278489e-05	0.002757079596340444	0.004403961277256884	0.0007264751755690471	-0.0015706274895899677	0.013123420144766277	0.008625579562897603	0.0011603438755812432
7.930000000000001	0.0002900609312915096	0.00018133511410383207	0.0031894196328620668	4.707088441149017e-05	2.9274776826946388e-05	0.0027784060746623264	-0.012409127515490321	-0.010268226341967284	-0.0031385368476191623	0.014646064100727298	0.009790894601943632	0.00258983528696556
7.94	0.00011050702414850027	4.575437988298835e-05	0.0031765636802399194	0.00016661813068935959	0.00011026003960566484	0.0027900360456078383	-0.022344730217000786	-0.015981270166041246	0.0014776178129747288	0.008391568415515404	0.005852964154932467	-0.0011047495729415435
7.95	-0.00012755062209586715	-0.00011657443996573316	0.003204743079225735	0.00020490902433275724	0.0001386976851168842	0.0027684459222151636	-0.022990534878605418	-0.014889009482849784	0.002887392312811547	-0.0012402840617833305	-0.0005962425959657143	-0.0021647187153264144
7.96	-0.00030497602221780387	-0.00022299203802672826	0.0032193994664742763	0.0001422939911539873	9.798344019980575e-05	0.0027577333331176568	-0.010762915539018288	-0.005331921447157311	-0.0002363641381230368	-0.010728331058198873	-0.007165210598194425	0.00023373330283291626
7.970000000000001	-0.0003250320791272267	-0.00021499512724658872	0.0032011536201238086	8.288783008575744e-06	7.485003855669878e-06	0.002772196892014551	0.0067393120618286515	0.006743292869141658	-0.0029985176368586613	-0.014955617332452032	-0.010142129731444816	0.0023887994396249866
7.98	-0.00018764890934054888	-0.00010332648730960377	0.0031760540932016103	-0.00012928837159109215	-8.623078260221698e-05	0.0027926617754085435	0.01937816833294368	0.014582140074855664	-0.0007410992560912865	-0.011177088236247386	-0.007710114801349239	0.0005864212390088646
7.99	3.8943502691384195e-05	5.8821482750599286e-05	0.003194459827568464	-0.00020068287755921644	-0.0001369965406294042	0.0027767640461580927	0.02427703852787777	0.016622583311866387	0.0032463049274819122	-0.0026188985709654482	-0.0020544904106115053	-0.0027262622285026046
8.0	0.00025279354288091906	0.0001978146780208406	0.003218940014754161	-0.00017487447119313396	-0.00012154499369492588	0.002756275116753873	0.0163327687064648	0.009733356076866664	0.0010464809927549913	0.007604545928810862	0.005043656314431946	-0.000948893888938498
8.01	0.00033577263591768393	0.0002354235756330191	0.003211445625672025	-6.133765313779153e-05	-4.4507651175858046e-05	0.0027609237425551144	-0.00038381237537211005	-0.0024688523435951256	-0.002387444452627929	0.014139385066047165	0.009692824784888242	0.0017843177799264562
8.02	0.00025027482071967016	0.00015587909431391786	0.0031815162371434487	8.355227416842742e-05	5.534675947346192e-05	0.0027843222231167153	-0.0156371578704422	-0.012546442265865442	-0.0026190757323440498	0.013430867053288605	0.009307466626883573	0.002170917416476211
8.030000000000001	4.87774877360379e-05	4.057537599079903e-06	0.003181525145732809	0.00018407397078249452	0.00012615685189981606	0.0027850749058579865	-0.02358537525651319	-0.017006980068975268	0.0026498422190163696	0.006169338600059844	0.004510478945538593	-0.002061958027595012
8.040000000000001	-0.00018405120667723055	-0.0001563161373048846	0.0032111974397652245	0.0001967276755336964	0.00013710448497403872	0.002762675448326468	-0.020618381310612346	-0.013402952315636997	0.0022612477474383908	-0.00394505181600756	-0.0025637276900969215	-0.0016238896983087573
8.05	-0.0003241353619374114	-0.0002382262604856779	0.003217331462914709	0.00011140829446440895	7.910242164016518e-05	0.0027595134659183403	-0.00609817543392606	-0.002212739780457184	-0.0011131411234629927	-0.012377419503870678	-0.00853638367249269	0.0010410950618383423
8.06	-0.0002978938486368264	-0.0001985763691358917	0.003193094608594606	-2.9969143073577302e-05	-1.9033958209617022e-05	0.00277971396976867	0.010825081828462386	0.009588859793955365	-0.0031235902833266845	-0.014635123157698283	-0.010197540869241172	0.0025415734804678076
8.07	-0.00013104804819884304	-6.557118660725081e-05	0.003176438641458598	-0.00015387174272052032	-0.0001056919233047221	0.002793216868437578	0.021324048092878963	0.0161072843240505	0.0009511664988480957	-0.009103332607373461	-0.006491824716202068	-0.0008785964336635453
8.08	0.00010211719214025653	0.00010320814868680959	0.0032034858277744183	-0.00020199378747578985	-0.0001415751869081428	0.002769785888609582	0.02318724461716265	0.016095452045834065	0.00309356487476631	1.5840782484957625e-05	-0.00023477243079298148	-0.0026332976873514277
8.09	0.000288251956767601	0.00022418792937750552	0.0032209937637386363	-0.00015099607627242777	-0.00010779822492115235	0.002754086852636787	0.012212618251838031	0.006917342358756703	3.647734877601611e-05	0.009718739973435551	0.006694357400534732	-0.00022745767628528656
8.1	0.000325170653367101	0.0002298336785173607	0.003204118912372445	-2.3686421651081638e-05	-1.913053489793823e-05	0.0027651414510286277	-0.005005607115558339	-0.005706881204655525	-0.003065001035518406	0.014640566740633106	0.010292080387299507	0.0022564092185396226
8.110000000000001	0.0002024180718843293	0.00012384396554145956	0.0031748630347449404	0.00011556414109521534	7.932307096783713e-05	0.0027880893248104868	-0.018207270185621682	-0.014438536671450666	-0.001529387784896967	0.011790018566260139	0.008416794040254201	0.0013327888235672109
8.120000000000001	-1.567110069458194e-05	-4.076578850521904e-05	0.0031879286951811037	0.0001950987853978378	0.0001379619451179249	0.0027790173337235535	-0.02397342952801829	-0.01739304691006222	0.003223677626334723	0.00368719681663955	0.0029269832174151846	-0.0023615330553107337
8.13	-0.00023354932864662223	-0.00019174193728555293	0.003215340629858898	0.00018063897649292442	0.00013028821242940116	0.0027601283946715005	-0.017413422673076814	-0.011262447353635956	0.001561774957052082	-0.006502430718385161	-0.004438332328786371	-0.0009165538981414965
8.14	-0.0003316533657708504	-0.0002448663174125259	0.0032132177674437036	7.583145829346196e-05	5.700451669460332e-05	0.0027639740350328974	-0.0013595104198183968	0.0010834509181772726	-0.0019256238725290516	-0.013557356897479472	-0.009588028932569829	0.001641768185468929
8.15	-0.00026234207736626665	-0.0001748889158134271	0.0031855156878607006	-6.767318416676317e-05	-4.5095840461793824e-05	0.0027866571177785696	0.014264895007895562	0.012047668316901032	-0.0027761183271353997	-0.0137703915221803	-0.009847377252845964	0.0022700766648590088
8.16	-7.16097056562993e-05	-2.4363532650132284e-05	0.0031811593956973983	-0.00017421148861462675	-0.00012246040939973486	0.0027893685560477976	0.02280080190660748	0.01724553815701701	0.0023550829528495476	-0.006956259821466793	-0.005210021301888975	-0.002091373336039973
8.17	0.00015997176197006386	0.00014407876886498628	0.0032115653847766823	-0.00019637762678105606	-0.00014137804148916058	0.0027631889844586133	0.02122536276400672	0.014717265732760122	0.0025679216785922053	0.0028899683018932722	0.0017704667970481964	-0.002202414350071736
8.18	0.00031213015379167496	0.00024097140218038837	0.003220385080227547	-0.00012041737295777624	-8.934083153657543e-05	0.0027542266214410924	0.007762442524356	0.003774838933261161	-0.0009684938674713283	0.011603303794873421	0.008165003137485891	0.0005337444650312847
8.190000000000001	0.00030341976661870935	0.00021409549667745167	0.003195958723252178	1.6632861792225865e-05	8.429897263767461e-06	0.002771766396478469	-0.00917991498869286	-0.008705351004750974	-0.003376169680841631	0.014596156285299776	0.010507554824938916	0.002602303634719009
8.200000000000001	0.00014965979481748202	8.539546931950906e-05	0.0031733095033746367	0.00014420380449833373	0.00010100518105887271	0.0027904927239842787	-0.02028593076131939	-0.016015720417500538	0.00012425493248885278	0.009737579019357425	0.007211599017077556	8.195583841896245e-06
8.21	-7.785003435030478e-05	-8.709022079752045e-05	0.0031970164904760717	0.00020028471658406607	0.0001442427572035004	0.0027730474828603587	-0.023312768303878757	-0.016972430183673073	0.003247897485595587	0.0009667658921398783	0.001001901904754599	-0.002363163346934022
8.22	-0.00027223879440259476	-0.00022088692813476593	0.0032188139382843	0.00015921906297573397	0.00011701375845410192	0.002758248153085233	-0.013611986659964092	-0.008424049578347912	0.0006615777474466387	-0.008826170429885817	-0.006177795657792212	-0.0002755884190155721
8.23	-0.00032586210520404595	-0.00024079876701435364	0.0032080569406590506	3.839741238456776e-05	3.07854161860596e-05	0.0027685239132664127	0.00324134065003858	0.004523610493546554	-0.002583208548937983	-0.014321467527241373	-0.010323378540278549	0.0021414312583088835
8.24	-0.0002183591778870575	-0.00014234258136055957	0.0031798217198551327	-0.00010196520156556776	-7.118197630315908e-05	0.002791419761019517	0.017029159219261566	0.014123151813795658	-0.0019097324752425024	-0.012323633417212718	-0.0090311745867333	0.0015154091222115695
8.25	-9.135745932464825e-06	2.2647171879705654e-05	0.0031884204130918003	-0.00018893382274771733	-0.00013645083429606264	0.0027827558355048906	0.02356218809303962	0.017857983110642635	0.0030069288950485998	-0.004609379562028337	-0.0036724563409006555	-0.002665312868807916
8.26	0.00021185750445619	0.0001834308764535085	0.0032155813187296333	-0.00018496442996865	-0.00013634627486141087	0.0027589617494500453	0.018394571648763312	0.012592406003854228	0.0016299710822750813	0.005472218561652225	0.003774646557728089	-0.0014944176453821126
8.27	0.00032415934242454995	0.00025082092509519583	0.0032145459199121	-8.840279108331532e-05	-6.72477519926548e-05	0.0027580794487254306	0.003087170431950817	0.0002916808635754968	-0.0018188207411859384	0.012986242225769056	0.00945650507671875	0.0013038089120835704
8.280000000000001	0.00027143394140843863	0.00019132151967389828	0.003186268121613788	5.312364397463731e-05	3.6563909612664964e-05	0.002780052682120047	-0.012820632521102835	-0.011444494083363451	-0.0030600074837855915	0.013995466820260647	0.010318045719314838	0.0025343421420444888
8.290000000000001	9.21463094157682e-05	4.292989222964774e-05	0.003176655864952038	0.00016543904329225265	0.00012012691410293391	0.002789205896465972	-0.021955237268344644	-0.01737795112802414	0.0018926183930733909	0.007708128282893906	0.00588195305579367	-0.0014124367805428606
8.3	-0.00013744440016415503	-0.00013167419746192325	0.003206945338865276	0.0001976949508111202	0.00014604068766146554	0.002766348841845693	-0.021739417667023257	-0.015814825105339488	0.002882912631601796	-0.0017316119590869668	-0.0010945649798009723	-0.0021351371738124857
8.31	-0.000300626175950219	-0.00024220602257064128	0.0032205280470394026	0.00013236854501527022	9.89928843219094e-05	0.0027567555177736625	-0.009328292180258753	-0.005204919532571823	-0.0004280456900373348	-0.010752086471053468	-0.007883289529321961	0.0003997351356884341
8.32	-0.00030870836482377334	-0.00022815586884211155	0.0032005047277889787	1.7319686887131374e-07	1.5270884642512844e-06	0.002772828562992575	0.0075559106317127835	0.007744367005106056	-0.0031252433611566994	-0.014521982257537947	-0.010745515856793647	0.0025167329785610727
8.33	-0.00016812161400869192	-0.0001045000665782113	0.0031759337847938685	-0.0001313431649967288	-9.59181246901751e-05	0.002793013258033092	0.01924705838482454	0.015895170139370647	-0.0004990694525017406	-0.010494897796802183	-0.00784617863046389	0.00036730837086259357
8.34	5.325727397261943e-05	7.064199052523008e-05	0.003195346099895134	-0.0001967228439678788	-0.00014590971598854826	0.002776005767940057	0.023312475984596005	0.017721186295738375	0.003145671531561367	-0.0020726159122427933	-0.0017458272046013436	-0.0026594424032554713
8.35	0.00025444419182410087	0.0002160862581769101	0.003217711662443285	-0.00016671414940188622	-0.0001251648222602893	0.0027570635927724185	0.014891007362438629	0.009883654279103277	0.0007766299880068444	0.007852329068511268	0.005748336311367832	-0.0007092277921154071
8.360000000000001	0.00032436519775927647	0.0002503011305697104	0.003208021962881111	-5.300216290387476e-05	-4.089562380646783e-05	0.0027635398191305097	-0.0014641688788411494	-0.0032626331890448735	-0.002494404455417016	0.013903360280105366	0.010368308598033902	0.0018911793224255704
8.370000000000001	0.0002326124977328949	0.0001605307987218365	0.0031789429042450752	8.740990590040612e-05	6.429613402283467e-05	0.0027868785899550536	-0.01575595849491258	-0.013678085036260867	-0.002282383664011814	0.012773177171072425	0.009591811450391568	0.00192987966597262
8.38	3.303673182311364e-05	-3.1564537855449494e-06	0.0031837334966700937	0.00018073600740117088	0.00013568018955842535	0.002783671247285035	-0.023030716578979534	-0.01815507120777538	0.002993808708292027	0.0054466178613735905	0.004329474318893064	-0.0023600710280562275
8.39	-0.00019006867699515693	-0.00017199148961878996	0.003214558062303754	0.0001870586846518019	0.0001424114919485983	0.002760336001096429	-0.019331636078672124	-0.013874357553687464	0.002206092413163554	-0.004376040905260304	-0.0031739621923666953	-0.0015875434024229726
8.4	-0.0003165052607729792	-0.00025399645050347154	0.003218844530432572	0.000100011903556351	7.731729220809278e-05	0.0027577373541671888	-0.004798574289455354	-0.0017621131049702012	-0.0014310840994488467	-0.012252760690640463	-0.009262077886458794	0.0011448925218701985
8.41	-0.00028059814734714486	-0.00020658082328969143	0.0031919753518416206	-3.767181366228461e-05	-2.7447525636060604e-05	0.002778907805904671	0.011345058703451854	0.010595661869069002	-0.003280962658342533	-0.014022612963771167	-0.010715012193857846	0.0026165307379518794
8.42	-0.00011317309932188918	-6.268839249599036e-05	0.003175772014751106	-0.00015384543902728117	-0.00011701500626862572	0.002791740019067912	0.021032469635252234	0.017245767221937727	0.0011424685818741452	-0.008343362224007856	-0.006556307761139084	-0.001004877795138227
8.43	0.0001130007560294369	0.00011597382605549828	0.003202889201778744	-0.00019488322418065914	-0.00015029875614844016	0.002769232875833517	0.022097185522989126	0.016778723851092206	0.0029585205938626596	0.0006477759540413425	0.00033631566013098667	-0.0023614880578066233
8.440000000000001	0.00028604323204241505	0.00023988059765955643	0.003218548526293472	-0.00013999682735834986	-0.00010903065284781412	0.002756611525055856	0.010837980449763475	0.006776058742538864	-0.00015322846985758938	0.009838181886330054	0.007530944490562282	4.213328932845501e-05
8.450000000000001	0.00031130226151186767	0.00024037209284852808	0.003200896905284449	-1.4755178665875172e-05	-1.2347610618633418e-05	0.002769580225485044	-0.005811498281669966	-0.006537491243468641	-0.0029959905651195224	0.014150624228001943	0.0109621973777359	0.0023079044583461826
8.46	0.00018518406908911032	0.00012461885487943176	0.003174599639331647	0.00011716484008978291	9.005763201636307e-05	0.0027908213339674455	-0.018128035484818002	-0.015488382963997073	-0.0009652788731730629	0.010917707119682896	0.00851497834845533	0.0008548335222136614
8.47	-2.8451617334570445e-05	-5.079501573159223e-05	0.0031923092371186758	0.0001891961972927858	0.00014716225706547985	0.0027769202490275416	-0.023114536931632585	-0.018312427528765694	0.0033701157127627485	0.0030194449599569104	0.002514259259468287	-0.002652661854723566
8.48	-0.00023469609630294845	-0.00020715124425513295	0.0032187811014892384	0.0001699232623125343	0.0001334738760732574	0.0027565272696129005	-0.016040749482986578	-0.01134598991934681	0.001284085508765459	-0.0067866004828068234	-0.005200050936700746	-0.0009377219502355929
8.49	-0.0003194643401168275	-0.0002569333026917445	0.0032135933593947738	6.517764270643155e-05	5.216311201180805e-05	0.002761389634105164	-0.00023944842620967694	0.0017731256424407833	-0.002219047800073222	-0.013271730084031647	-0.010358655029970564	0.001814073978812476
8.5	-0.00024328497980110995	-0.00017824074226320956	0.0031838508510114286	-7.272935440907994e-05	-5.5699032932277805e-05	0.002785689981283048	0.014477219236661964	0.013026319206724694	-0.002797175464675682	-0.012969889534805344	-0.010146731621653492	0.00232876837711567
8.51	-5.451614800822129e-05	-1.735549455246959e-05	0.003181177301137962	-0.00017134606696525141	-0.00013356729820482579	0.0027880950798266873	0.022254639096005804	0.018247194078313465	0.002484572751261079	-0.006246298975958687	-0.005030571981034191	-0.0020596743872596224
8.52	0.00016751256400798003	0.000158413147941335	0.003210738316662652	-0.00018778707044895206	-0.00014800077117036465	0.0027638646985139377	0.019927512000956604	0.015101332307546565	0.002371379670596035	0.003279825308589242	0.0024404342921482513	-0.0019280377514374763
8.530000000000001	0.0003058380143256528	0.00025519582794631985	0.0032177830178621468	-0.00011055036677115997	-8.825366991667046e-05	0.002757314940355868	0.006448510907476623	0.0033468185755350234	-0.0010879180885977721	0.011503044284012392	0.008987204446861125	0.0007213739978780913
8.540000000000001	0.00028733561229620815	0.00022151335153277674	0.003193416502520443	2.3069580597594686e-05	1.6574852900161166e-05	0.002775579688503924	-0.009729647191697463	-0.009583951760110317	-0.003201296707231147	0.014013898405629216	0.011043885390143166	0.002508979113566387
8.55	0.00013271463093078332	8.328652963598867e-05	0.0031745242901064594	0.00014326476814393238	0.00011165722942161912	0.002791053032810067	-0.020004314587070127	-0.01706350649156168	0.0006622267101078599	0.009022204927523078	0.007181543359788047	-0.0005132004868307707
8.56	-8.850515446720871e-05	-9.854887352570304e-05	0.0032008446062529615	0.00019280392194388085	0.0001520468603480744	0.002770192982853638	-0.022296970739881652	-0.0176265770339727	0.0032306806500372364	0.0003647824736480535	0.00042727633491718945	-0.002474388772707972
8.57	-0.00027014681813352325	-0.00023503023049055248	0.0032204878527831013	0.00014798376495817137	0.00011726003163450441	0.0027556557354019152	-0.012237000748321755	-0.008330394932119952	0.00032418580409606106	-0.008956517294290112	-0.007068918162533614	-0.00018283650850249822
8.58	-0.000312020358797058	-0.00025052731376069636	0.0032061419258312147	2.851703574944145e-05	2.3240806421910376e-05	0.002766903181479489	0.0041002074773217705	0.00523855319297623	-0.002863174473943839	-0.01389177012609842	-0.010952329132053563	0.0022348771189898238
8.59	-0.000200654727234523	-0.000143391995815402	0.0031772302964105555	-0.00010523526506776542	-8.211693262138494e-05	0.002790049969787074	0.016940809909592746	0.015086298915837513	-0.00171273913488108	-0.011468777900113135	-0.009050077399148492	0.0013906735834079578
8.6	4.3407903032640906e-06	3.1266905466908566e-05	0.0031884753992464637	-0.00018423875469246437	-0.00014524872729235148	0.0027806988031095405	0.022747644519244378	0.018737500550282764	0.0031498104989130344	-0.003912617164199324	-0.0032348039434620464	-0.0025707165576612117
8.610000000000001	0.00021449076463885984	0.00019721337481092894	0.0032163457817222874	-0.00017509498455378574	-0.0001388749881805479	0.002758753425261879	0.017117036627844466	0.012726894025491604	0.0016474108145265035	0.0057790415894361695	0.0045281495027851846	-0.0012567883517072768
8.620000000000001	0.00031475152721159724	0.00026228333105428336	0.0032148487689018504	-7.823596141232134e-05	-6.229633275947557e-05	0.0027599278910400296	0.0020800053855973147	-0.0002998490109768977	-0.0018715369578015074	0.012757365232839898	0.01011206767518085	0.001472331353683441
8.63	0.00025579570272649447	0.00019473093841677904	0.0031865641142365046	5.8708497799032255e-05	4.619267113123073e-05	0.0027826021371587266	-0.0130296779904201	-0.012353702849798937	-0.002966344745612516	0.013307548754862777	0.010560534785953328	0.002452607752975827
8.64	7.823556518747402e-05	3.696251707135526e-05	0.0031791485740439774	0.0001637179059378204	0.0001296499428944021	0.002788959735693854	-0.02146220789329793	-0.018296178200008624	0.0020903734715937484	0.007036110514044699	0.00565123743373652	-0.0016930528239882418
8.65	-0.00014299168229795913	-0.0001445742851462611	0.003208794921357903	0.00018982522735328148	0.00015122423285844085	0.002765184847120059	-0.020604867477304046	-0.016164024535833876	0.0026440547774025276	-0.002231815718384818	-0.0017147740425816592	-0.0021026369001140013
8.66	-0.00029426185738045584	-0.00025483807202067416	0.0032195075082279163	0.00012147710064862877	9.724252026359718e-05	0.0027563862436643235	-0.00820286240347522	-0.0048413562394215804	-0.0006859740927673899	-0.01080882383051536	-0.008588118216399663	0.0004625550654279608
8.67	-0.00029411933445695965	-0.0002343955811393952	0.0031978014482709157	-8.241727736241924e-06	-6.47661843422695e-06	0.0027728183917356706	0.00802237590539793	0.008568130679726423	-0.003182791777542749	-0.014003288373101257	-0.011225014063736518	0.0024781024696437772
8.68	-0.00015299221257523594	-0.00010191218976538592	0.0031749003686017247	-0.00013262582643036765	-0.00010618502987359259	0.0027911786015730224	0.018943787077567206	0.016813415180848484	-0.00010825422207261252	-0.00968488315447506	-0.007848604386713984	6.507492764851679e-05
8.690000000000001	6.229153169452043e-05	8.175470448296411e-05	0.0031969006142250006	-0.0001905962085718748	-0.00015396262639160945	0.0027728930597908635	0.022373470467406342	0.018332239973661704	0.0031667819716588008	-0.0014203183322661708	-0.0012397135682351466	-0.0025386220304243435
8.700000000000001	0.0002520257598839599	0.0002293763971351726	0.003218442911466362	-0.00015583876093610343	-0.00012641236480766274	0.0027564975400381545	0.013645762419513128	0.00971274430991243	0.000659918224188366	0.008100988653140228	0.006526159224162622	-0.0004165107483099105
8.71	0.00031112039400053615	0.0002586573960162089	0.0032077351040234467	-4.273215751139037e-05	-3.474312305813957e-05	0.0027659539434406427	-0.002227833797452761	-0.003999318822689944	-0.0025581362608863875	0.013560119212283617	0.011035198342121345	0.002146806710873843
8.72	0.0002160149898691009	0.000160142820409059	0.00317936751222485	9.191681552670264e-05	7.482956951764708e-05	0.0027899431412544587	-0.015640837236678137	-0.0146036502247493	-0.0020189279935599463	0.01200466713515661	0.0097821897166203	0.0017811444137498386
8.73	2.11822477675882e-05	-1.3163757430802497e-05	0.003187023703045124	0.0001780110479029773	0.0001456936207759897	0.0027840821057493006	-0.022226389801468238	-0.01902433376598351	0.0030618468514902932	0.004786584441257836	0.004054821466779109	-0.002563092895546639
8.74	-0.0001909941626861358	-0.00018733976336251747	0.003216149504329665	0.00017853641711444647	0.00014720172063229132	0.0027596704331221784	-0.018050735576396235	-0.014003305494501048	0.0018814684819563315	-0.004789182314437142	-0.003903985608650121	-0.0016319769255636403
8.75	-0.0003056976086103921	-0.00026661017352574805	0.003216919690799346	8.997036804779593e-05	7.4351651317789e-05	0.0027573902750502822	-0.0038572328789469616	-0.0011414023497858742	-0.001706967313927914	-0.012139975820163332	-0.010025936153475927	0.0011672424379062997
8.76	-0.0002643276118020085	-0.00021052295547642277	0.003188536314965827	-4.4032690492261304e-05	-3.6305729218911355e-05	0.002778455668996664	0.011478620914289665	0.011620571948476785	-0.0032076846431949887	-0.013414035955337952	-0.011088557323034596	0.0025273866740885753
8.77	-9.934821901111774e-05	-5.607552207241018e-05	0.003175343050078273	-0.00015310228492898453	-0.00012666904030788685	0.00278915640802793	0.020463188948783677	0.018340425560506916	0.0014900036513261228	-0.007614724110463755	-0.0064050220424639445	-0.0012063950713751166
8.780000000000001	0.00011818580532051299	0.00013147436615162686	0.003204036682716195	-0.0001875864289878494	-0.0001561672852263274	0.0027669859022843935	0.020976492086851182	0.017318415141592172	0.002953223022219635	0.0011884125598407703	0.0009058414435201956	-0.0021881025958667873
8.790000000000001	0.00027948936951455644	0.0002561664292872869	0.003219503120067509	-0.00012983579667701732	-0.00010822112065513376	0.0027567295570554654	0.009685731722022044	0.006412225898973915	-0.00012854167966320788	0.009863380675321925	0.008234825557579121	0.00032391085617889043
8.8	0.0002963243438624871	0.0002494518918116689	0.0032019627219225908	-6.8925367750702035e-06	-5.4250675071033074e-06	0.0027723716462986435	-0.0063047281396221766	-0.0075219672361094	-0.0029769644867231877	0.013690936463640483	0.011429477967855293	0.002496192989463655
8.81	0.00016940598160310253	0.00012270484176106898	0.0031772420897244738	0.00011873993924149873	9.949955544498355e-05	0.0027933124779103194	-0.017829440390491755	-0.016675574960166632	-0.0006755627174236854	0.01016542428972108	0.008533571626276154	0.0006320048679986943
8.82	-3.799843557002398e-05	-6.363288839816213e-05	0.0031956446209242136	0.00018375431420231933	0.00015490386291396616	0.002777814691332395	-0.022169332013601835	-0.019192793381954884	0.0031779104475072946	0.0023659964509626452	0.002110156601627914	-0.0026871267823275788
8.83	-0.00023278037681994165	-0.00022469756837262766	0.0032188142949456655	0.00015959944435693858	0.00013543537646888975	0.0027577368428837296	-0.01482016022862799	-0.011383420184750007	0.0008856055878999142	-0.007035736740680368	-0.005875377941184259	-0.000908442747106025
8.84	-0.0003074252091998179	-0.0002701642714484056	0.0032098161226335907	5.532753039927944e-05	4.7312007892280515e-05	0.0027625072100301404	0.0004824259021351617	0.0026119424170662074	-0.0025022523236915392	-0.012926882617616963	-0.010986057891470134	0.0017499885371261834
8.85	-0.00022815415320728824	-0.000180894625445982	0.003179776010598474	-7.682497962863529e-05	-6.48414784354563e-05	0.0027854511439362076	0.014326092023035517	0.014196763195750972	-0.0025056016635653165	-0.012205703460800823	-0.010327493784181055	0.002065322847674346
8.860000000000001	-4.401673087929805e-05	-7.999518970201043e-06	0.0031817013052980432	-0.00016768989041052033	-0.00014241121237628944	0.002784304732335331	0.021501180336533927	0.019434160973268378	0.0029063151077687293	-0.005494652197136392	-0.004832387230402484	-0.0022503774739210075
8.870000000000001	0.00016820054633821108	0.00017611577112005788	0.003213767414385277	-0.00017758440832639383	-0.00015257502745333277	0.002760425940909953	0.018786076936323823	0.015478184296523975	0.0024756713572531212	0.0037420022533866913	0.003069655461783716	-0.0017602918831953359
8.88	0.00029576620203714796	0.0002717938213715812	0.00322070089000225	-9.877682649717034e-05	-8.553250544843745e-05	0.002755973304366155	0.005522816999090491	0.0027830669128117718	-0.0011868292312476533	0.011340767751159648	0.009729981739488146	0.0009405680681274917
8.89	0.0002716049234026942	0.00022906385889876884	0.0031950654610530507	3.0392032275338218e-05	2.5753180625817196e-05	0.002776032506102682	-0.009885927959382795	-0.010708784984078972	-0.0033099110723236913	0.013336434966368039	0.011495731428513034	0.0026320048020681396
8.9	0.0001191887139686722	7.871874669184585e-05	0.003176197194302154	0.00014266119785041211	0.00012276135859033772	0.0027910798068787983	-0.019484218666784122	-0.018338791744603816	0.0006884145751045932	0.008205439016955852	0.007179533019686228	-0.0006067666955253698
8.91	-9.388541721593412e-05	-0.00011388049630926334	0.0032006576807314603	0.00018508460212929165	0.00016087143369439549	0.0027708433182682198	-0.021198359508611236	-0.01839726061232463	0.0028650997471253033	-0.00020454375584322008	-3.19997180025261e-05	-0.002304670888056651
8.92	-0.00026387384786266666	-0.00025329186192581447	0.003216948354885631	0.00013674963117048068	0.00011976899102821126	0.0027578085290091477	-0.01118058835896352	-0.008095553525940644	4.855717756100769e-05	-0.009017693570056289	-0.007802917534369036	-6.002599654255381e-05
8.93	-0.00029811578604081105	-0.000262039981544474	0.0032016405234914745	1.9712532703480127e-05	1.806857705739163e-05	0.0027696882526965995	0.004518138075486176	0.006261400102417348	-0.0027854034020935825	-0.013414564470689316	-0.011666930775451624	0.00220300407138586
8.940000000000001	-0.00018679628048884415	-0.00014330514777778993	0.0031761727641268322	-0.00010696908262184843	-9.252624382905389e-05	0.0027909314445999094	0.016554426527451857	0.016314860586605032	-0.0011035165092328364	-0.010645447212277292	-0.009341498572544004	0.0010087088889711394
8.950000000000001	1.1576863533469937e-05	4.383525296369863e-05	0.0031927222372388512	-0.00017814435497267558	-0.00015638021038056805	0.0027782061319923104	0.02180344667103788	0.019816891589225685	0.0034144811113354665	-0.0031783578239860596	-0.003003265296431852	-0.00268983062585457
8.96	0.00021036469655315654	0.0002163787045073413	0.00322030791339951	-0.00016318915621913577	-0.0001449119475215495	0.002756429395895953	0.015917279206186095	0.01291480661135416	0.0013991607262826807	0.0061142942600819535	0.005295282665220381	-0.0011521238419433513
8.97	0.00030061438901199947	0.00027798892707957176	0.0032153893681265973	-6.607330010782824e-05	-5.973395768428023e-05	0.002758991324417546	0.001365419965574696	-0.0010950620865361682	-0.002267980743295737	0.01246669886577823	0.011011148879595964	0.0016115477132521328
8.98	0.00023877522319650567	0.0001998997853849912	0.003184351949168477	6.490190189236646e-05	5.6681481389450744e-05	0.002782473611825064	-0.012865008727903483	-0.013583447487284616	-0.0030670455864286665	0.012467116532707503	0.011148350519743931	0.002404510805710001
8.99	6.612585785302459e-05	2.907244014232403e-05	0.00317815146913912	0.00016058360667671484	0.00014326452584489623	0.002787246574916521	-0.020687529028793925	-0.019640266397948677	0.0022290309589838644	0.0061305257643605995	0.005704525230736962	-0.0018229847456604092
9.0	-0.00014457496969517335	-0.00016296433335330008	0.0032081150601984956	0.00017875751133701986	0.0001618083395364008	0.00276433432579475	-0.019341359503376586	-0.016792627508034053	0.002624307670256538	-0.0028030172575126827	-0.0023667522627927214	-0.0018883861788542525
9.01	-0.00028346856657635836	-0.00027406046355749086	0.0032186223588314333	0.00010802696715731883	9.922361635571197e-05	0.0027577176025456625	-0.007147869301692518	-0.004370338602383621	-0.0006960739739389956	-0.010720662166717876	-0.009575126523131491	0.0006955193560471327
9.02	-0.0002765796806730041	-0.00024481468170503654	0.0031973992531469956	-1.776325488935773e-05	-1.392644245696707e-05	0.0027757701753909755	0.008213825189444175	0.009762016958648955	-0.003017705792864728	-0.01332563685485559	-0.012056787119771501	0.0025463507170136613
9.030000000000001	-0.00013795978733817136	-9.939441565191179e-05	0.0031775076094578917	-0.00013340358423127752	-0.00011909278228891273	0.002792735096719702	0.018359658392641087	0.018193009636687477	0.00029688655475757414	-0.00873115198720102	-0.008059328074019496	-0.00026487597705897504
9.040000000000001	6.880580273513901e-05	9.685265349256058e-05	0.0032008333455564634	-0.00018263728251469432	-0.00016589189153820572	0.0027727429013941016	0.021229279976159046	0.019328132820147607	0.0030374454264572603	-0.0006517533639817688	-0.0007893653476057996	-0.0025714000235008264
9.05	0.00024601381361973696	0.0002497532987296623	0.0032193366513428015	-0.0001431087135074263	-0.0001311783189810881	0.002756146255505089	0.012423632261642949	0.009725114071593828	0.00024031362987713277	0.008226523129508535	0.0074204010362419115	-0.0004037042589066469
9.06	0.0002955385609443466	0.00027392656729373035	0.0032046429038245015	-3.174331017650506e-05	-2.9995982771897536e-05	0.0027657492006612585	-0.002846681383727073	-0.004972549769455982	-0.0028942765253057116	0.013099617746835806	0.011928977202921269	0.0021267940405184575
9.07	0.00019926393847308937	0.0001633922023707028	0.0031753214217932237	9.568365195450213e-05	8.632359932219466e-05	0.002788829660547144	-0.015301890367920836	-0.015951108415655148	-0.0017635207045225555	0.011063513949628952	0.010164390356510067	0.001517836112980324
9.08	1.0698428548878923e-05	-2.4009583486392568e-05	0.003186651056406412	0.00017275935182269406	0.0001582285200583581	0.0027806380299728426	-0.021290004342676652	-0.020357962073488056	0.0033692237517743496	0.003950032153375625	0.0038678295273317097	-0.0025500729456965406
9.09	-0.0001896696528481487	-0.00020747228792736725	0.003217378920260721	0.00016666386822022567	0.00015466481205836608	0.0027584386262411585	-0.016741144609789354	-0.014429553525082534	0.0019519226671467268	-0.00519923589569573	-0.004659827121755425	-0.001307271509256784
9.1	-0.0002928225252767171	-0.0002850872287129193	0.003218445283574124	7.713365422189871e-05	7.288044938261735e-05	0.002758961443121529	-0.0029781735431050555	-0.00043759582508064913	-0.0017176335868106765	-0.011938187453087284	-0.010982486893170676	0.0014129095562370937
9.110000000000001	-0.00024684803806397974	-0.00021824777724127565	0.0031900564058164943	-5.213379503709352e-05	-4.660798407767708e-05	0.0027813765938030743	0.011478762914400824	0.012936797044067869	-0.003183652471375931	-0.01268089937680426	-0.011792757906577944	0.0024974467232056897
9.120000000000001	-8.565990350737092e-05	-4.956698537917205e-05	0.0031785500439019017	-0.00015305783176035816	-0.00014121819980475724	0.002789449316933301	0.019796045462377843	0.01981516482198203	0.0015992565585638704	-0.006843084996655233	-0.006573071332613651	-0.0015260985208174586
9.13	0.00012176632914794578	0.00014947705302999816	0.0032051333144508176	-0.00017986587582767408	-0.00016857330291646547	0.002766367330886682	0.019658710983766592	0.01802193121377323	0.002530359250820337	0.001852039949507778	0.0015585046451111384	-0.002115597251447114
9.14	0.00026986025316604555	0.00027568574562168594	0.0032160448747228787	-0.00011789518972874175	-0.00011164138233845558	0.0027572901474113435	0.008531339254398421	0.005994034411126403	-0.000554638533635869	0.010021352233565513	0.009294070644294728	0.00043533318083661515
9.15	0.00027896672056308014	0.000260257855597875	0.00319639303165674	3.5038768833985905e-06	1.5622293813745273e-06	0.002773224209450699	-0.006615765141708327	-0.008724810993999781	-0.0029596739679725267	0.013202561849543956	0.012342858003401985	0.0024274979826528283
9.16	0.00015399499306034242	0.0001204238243260718	0.0031749210856031503	0.0001219018471403591	0.0001126809666809318	0.0027920745326861546	-0.017204308974316764	-0.01805006741778476	-1.783275019439808e-05	0.009336520349553604	0.008823152044315169	0.0001988281152110485
9.17	-4.46345562997811e-05	-7.888770976942309e-05	0.0031986968214406317	0.00017886836352002246	0.00016772748411192283	0.0027739596241696885	-0.020968517079737754	-0.020218368877179173	0.0034494761221616457	0.0015964338849339475	0.001710975811276823	-0.0026892166395340368
9.18	-0.00022623461154715828	-0.00024506555591271195	0.003222561478219076	0.00014891724966949426	0.00014113611715710394	0.0027554559491438564	-0.013526002219312152	-0.011314971766401496	0.0007844713528684625	-0.007343948924965799	-0.006819518752420362	-0.0006539018625348938
9.190000000000001	-0.0002906396787892541	-0.0002849107505179773	0.0032117672405332217	4.42542980762163e-05	4.292800802373307e-05	0.002762889908244811	0.001115884831961976	0.0035937101747162623	-0.0027291535560672354	-0.01267856123139796	-0.011968861203512347	0.0020112665484755847
9.200000000000001	-0.0002099055980945177	-0.00018325352954866496	0.003180271704488022	-8.29948134599327e-05	-7.757314855538312e-05	0.0027871562120061256	0.014032009838534193	0.01556979763905475	-0.0025160505810112627	-0.011498079351462829	-0.010920427470853665	0.0020081161119955286
9.21	-3.1524353929247426e-05	3.677204156303454e-06	0.0031828807493055624	-0.0001664623463818261	-0.00015773103111924367	0.0027845265928957436	0.020671213470602016	0.020757858887495755	0.002741513096377715	-0.004788814600837764	-0.004726550427375867	-0.002275857332596884
9.22	0.00016914016343472598	0.00019685559543147999	0.003211198960383645	-0.00017026861977524643	-0.0001625501241829352	0.002761936125178306	0.01743070661656944	0.015865615180621104	0.0020275451276883854	0.0042064763279304525	0.003929833489441747	-0.0015382188766291346
9.23	0.0002838620217414604	0.00029067669414145766	0.003215090935661567	-8.919004987965644e-05	-8.57834689474704e-05	0.0027596738527148196	0.004503989542560309	0.002054518850683646	-0.0013208714162744673	0.01132646858107285	0.010761154341459508	0.0011236098761199876
9.24	0.00025383000665400496	0.0002366297525144356	0.003190272432816981	3.7155545634274375e-05	3.4528614116455814e-05	0.002780407162524287	-0.009972797762226935	-0.012105880070033262	-0.0029705967405694337	0.012788670919189768	0.01220294853099147	0.0025143970172665712
9.25	0.00010490624796016931	7.191480272634926e-05	0.003177936906913734	0.0001423663751566152	0.00013568281713241575	0.002791544626955569	-0.018796409904655895	-0.019787797243138415	0.0014635261755031488	0.007441565927745464	0.0072958785669899094	-0.0011639779583734035
9.26	-9.811876911551859e-05	-0.00013303968582358634	0.0032065436888145367	0.00017742465290260107	0.00017139152763643187	0.0027682539317960752	-0.019887496100082273	-0.019209350715423457	0.002939211895246858	-0.0008781358889010892	-0.0006459683361448229	-0.0023688516093491705
9.27	-0.000254737763862147	-0.0002747135838619408	0.0032214582567201295	0.00012505772093446854	0.00012193761636875342	0.0027557575434532136	-0.009901369949367475	-0.007728341733924913	-0.00027064165995352506	-0.009142605667139947	-0.008784132933800606	6.894229972894184e-05
9.280000000000001	-0.000279713288942367	-0.00027524661778861723	0.0032022789951180407	9.960193999643101e-06	1.0333747326984886e-05	0.0027692227167564446	0.004968751949840741	0.007488450889575218	-0.00316628107634895	-0.012899655643505098	-0.012558989164255395	0.0023961953854014146
9.290000000000001	-0.0001689491262373047	-0.0001424870884130792	0.0031744018559518097	-0.00010971124193267208	-0.00010615512575851898	0.002790923799549829	0.016056612963017268	0.017793862763854234	-0.0011086291338892368	-0.00980630625133283	-0.009615897867174263	0.0008604912859001872
9.3	2.183182548329894e-05	5.9179822675071814e-05	0.003191074074209482	-0.00017296495612088587	-0.00016985541084391423	0.0027773514591708827	0.020745909015887687	0.02103626815410641	0.0032863672330333705	-0.0024720879072809634	-0.0026822733477172562	-0.0025760627993218032
9.31	0.00020751530708796941	0.00023843252203889248	0.0032170820918999703	-0.00015267098531836391	-0.0001519077130699435	0.002757820675937723	0.014550004337503725	0.012995069759696533	0.0012831151061490377	0.006389436826958344	0.006154794395167138	-0.0008836323635202588
9.32	0.0002860352634516563	0.00029531832774676195	0.0032120761312292904	-5.600764703980866e-05	-5.724959084893412e-05	0.002762871475860941	0.0005094943321835269	-0.002063110336629097	-0.0021444681440634644	0.012145365062504791	0.011957414247908086	0.0017902483851174715
9.33	0.00022068682578082064	0.00020471196862183527	0.003183527457752736	6.953896222485163e-05	6.686724640572061e-05	0.0027862797127326806	-0.012723722995898974	-0.01498274654395169	-0.0026140291938615235	0.011730031262694696	0.011640896050055012	0.0021821940507505693
9.34	5.290546805489723e-05	1.9435797408249104e-05	0.003182717939463726	0.00015785623195695828	0.00015558037581709999	0.0027868064652844297	-0.019906776333873402	-0.021040487625693192	0.0025663123189203405	0.005462223254570207	0.005633511703022466	-0.0021617117846579803
9.35	-0.00014660157309155796	-0.00018242846386913695	0.003212020759667877	0.00017012576379706553	0.0001700017212737218	0.0027626061908908547	-0.017999905485618004	-0.017268860104583176	0.002267726450144865	-0.0032711759188581296	-0.0030375605165135493	-0.0018597885625470342
9.360000000000001	-0.0002726610872571829	-0.00029263704444922576	0.003217792327615455	9.741814031947207e-05	9.894254346403497e-05	0.0027570286300747874	-0.006045784846882148	-0.0037453323702579897	-0.0012194858465286163	-0.01060533830339863	-0.010488227556693938	0.0008356062591134786
9.370000000000001	-0.0002585621933389561	-0.00025333272464833097	0.0031923556506174328	-2.4314937519156422e-05	-2.2589573332767753e-05	0.0027760571342460654	0.00849336173702938	0.01100167391517307	-0.003263581762410039	-0.012677776807882882	-0.012706952355656283	0.0025775654500136626
9.38	-0.00012195592160438922	-9.495908244272354e-05	0.0031735700024232982	-0.00013185461403653374	-0.00013107927588386513	0.002791039583396724	0.017798356171714803	0.0195504846429855	0.0007229877619883137	-0.007915902621422784	-0.008122885081262937	-0.0006310338071821887
9.39	7.558080646525999e-05	0.00011341083111159984	0.003200116144086386	-0.00017402933086972335	-0.0001760965986354095	0.0027697102658187415	0.019989077833063737	0.020231924131117147	0.003232530925303749	-4.132476151158069e-05	-0.00032525121342020515	-0.0024532410142563276
9.4	0.00023941686374155514	0.00026974727083488276	0.0032200977066399795	-0.0001308364246054819	-0.00013462370059030864	0.002755394253344008	0.01114959330874721	0.009509447251956295	0.00035949017795672766	0.00830614874359526	0.008261488097170413	-0.0001302474847845836
9.41	0.00027924288964969443	0.0002871826838522587	0.003206460831403851	-2.1746597767740266e-05	-2.4831063368068415e-05	0.002767380896451671	-0.0034069961802015666	-0.006020333021982136	-0.0027612111440911535	0.012555524729722734	0.012744842998824944	0.0022970757520741404
9.42	0.00018196468787442176	0.0001642236356497979	0.0031785127850329125	9.802663928924261e-05	9.740615287535256e-05	0.002790498739606672	-0.014985632459595952	-0.017295682268695118	-0.0015976267199383698	0.0101786943655142	0.010456566179697214	0.001317617954285579
9.43	-5.48588933611005e-07	-3.637639747999435e-05	0.003190081839842795	0.0001668333766848413	0.00016979320165784922	0.0027805204682627787	-0.020357966738470266	-0.021512433776102624	0.0030625849482319883	0.0032189040926971697	0.0036096584346399572	-0.002573969869949357
9.440000000000001	-0.0001888883474715345	-0.00022689283174638953	0.0032159831929270276	0.00015535118641117677	0.00016067562619205203	0.002759012545553873	-0.0153949556526484	-0.014607750028868704	0.0014088132289088514	-0.0054881491290411895	-0.005446208226115215	-0.0011937159195819465
9.450000000000001	-0.00027990528521610307	-0.00030112095759785853	0.0032123752275295472	6.612182593114678e-05	7.015595361486177e-05	0.002760608107242544	-0.002035263233778128	0.00038664208984412506	-0.0020418416449030636	-0.011589496252122775	-0.011868378756677546	0.0014654457243890632
9.46	-0.0002293260765729047	-0.00022342362269746333	0.0031836131041990514	-5.668731445466831e-05	-5.641393674842703e-05	0.002782696163706804	0.01140710913822025	0.014183895060871029	-0.0028587413845190365	-0.011798468745253183	-0.012220317303284536	0.0023340772922845958
9.47	-7.245465869195663e-05	-4.187184834392214e-05	0.0031783511439488835	-0.00014815598116584296	-0.00015220601961035246	0.002787395900332571	0.01906474875715302	0.0211186814470651	0.002315507246489576	-0.005956702583204593	-0.006437775396522811	-0.001831247063718853
9.48	0.00012443096094251997	0.00016739050331929413	0.003209473213676372	-0.00016794959459564285	-0.00017534780724868854	0.002763243076299221	0.018350981586856174	0.018594633909638086	0.0027726214358537843	0.002329156998365173	0.002226968153991381	-0.0020605577406663834
9.49	0.00025959080879782665	0.0002939317364670781	0.0032209797174034918	-0.000104607644794632	-0.00011058713298195801	0.002755681496471799	0.007413944630676865	0.005515934855226016	-0.0006834138568585553	0.00981777806389925	0.010155411503067844	0.0006497981171528259
9.5	0.0002608268219488193	0.0002697366438974889	0.003198626936181161	1.1921147054644188e-05	1.075525390181676e-05	0.0027739653391217183	-0.006957095393427532	-0.009930542100586586	-0.0032558050353582355	0.012472752620655761	0.013022986589973404	0.002650194878702036
9.51	0.00013734436838824742	0.00011663031636433512	0.0031758109946149033	0.00012133159344563929	0.00012562785628658494	0.002793094299669213	-0.01668174115594454	-0.01942671431955185	-3.305327643318424e-07	0.008377941199488571	0.008928566605254585	4.2557016348524774e-05
9.52	-5.322761961404999e-05	-9.532915654331623e-05	0.003198139718998467	0.0001698638267393344	0.0001788833911208578	0.002774722828055287	-0.019859245312612572	-0.02116969126250616	0.0031496249064349446	0.0009084033847222025	0.0011969985626296238	-0.0025377538558461923
9.530000000000001	-0.0002220129040060327	-0.0002657795375901742	0.003218827645452784	0.0001356479357050954	0.0001445328242004239	0.0027578851548261496	-0.01222262566239852	-0.011192728187366358	0.000503606598874886	-0.007463626677430878	-0.007788645610574234	-0.0005117774802241721
9.540000000000001	-0.00027567308631261167	-0.00029931976534840286	0.003206636823121876	3.333568671101053e-05	3.660940534298932e-05	0.002766064686645333	0.001841254838854624	0.004686021776468582	-0.0026798487308562	-0.012139498440787802	-0.01285840244586443	0.0019749772396305083
9.55	-0.0001925614598623411	-0.0001849147034586309	0.0031778051212499095	-8.588035832122668e-05	-8.980006049669458e-05	0.002788275394673494	0.013780182027309665	0.01694789435779263	-0.0019586909383683335	-0.010480953190601168	-0.011151060777066747	0.0015767820464780112
9.56	-2.0028951577173167e-05	1.599683547689531e-05	0.003186327252961094	-0.00015971233771459162	-0.00016956394981508218	0.002781055148438252	0.01973143707594547	0.022026718919874164	0.0031266207498780174	-0.0038903892647820753	-0.004400689983634219	-0.002552081382107423
9.57	0.00016829459597002736	0.00021697174080035906	0.0032154719942357433	-0.000156427096492354	-0.00016826461022040554	0.002757913246421353	0.016049851561307196	0.016097612379556713	0.001844852090289385	0.00463198658989612	0.004780109559554901	-0.0014338539594371986
9.58	0.000270941340582415	0.0003074788642684075	0.003216185809745196	-7.510078331210945e-05	-8.193381294123334e-05	0.002757562527164716	0.0035435198810714772	0.0012045876751854527	-0.0016695955827306951	0.010945385456356285	0.011734700469538919	0.001360008137162335
9.59	0.00023544057304713867	0.00024183730076078497	0.003188443434211497	4.4340003465505646e-05	4.6754452723684245e-05	0.0027805180803405776	-0.010022502360306329	-0.013479971464474655	-0.003094369330974259	0.01180505436795905	0.01279215146754127	0.002669902007928907
9.6	9.005126694915039e-05	6.297377183779282e-05	0.0031774580170867584	0.0001388949822188773	0.00014985621793963747	0.0027911592706002493	-0.018134054223615262	-0.021231717751757372	0.0017029784618996585	0.006459774458814207	0.007185395699748879	-0.0012787860308237228
9.610000000000001	-0.0001026859851698723	-0.00015332086774993075	0.003206575767177137	0.00016586408084534254	0.00018140696548579884	0.0027686681714854935	-0.018574085022714057	-0.019864676962247464	0.0028287572360756632	-0.001467023470016117	-0.0013776672631708954	-0.0021960174088344053
9.620000000000001	-0.00024600997050670386	-0.0002950884956266606	0.003219997904722591	0.00011083757150038752	0.0001229530663484587	0.0027582442676048957	-0.008678363713486128	-0.007135042169736876	-0.00043785163568358363	-0.009032206635748783	-0.009799315644713742	0.0002698902895189305
9.63	-0.00026208777949480886	-0.00028504010827569936	0.003199811709494244	-3.897991153107064e-08	2.091739509791155e-06	0.002772972532870063	0.0054102726502830096	0.008859034422908606	-0.003151565519234303	-0.01217144007417971	-0.013338091495398056	0.0023440747875862035
9.64	-0.00015166423546064507	-0.0001381288891072213	0.003174700663714311	-0.00011002442695956052	-0.00011871525949284008	0.0027917401762788062	0.015596871889017169	0.019198900568497358	-0.0005503912468944797	-0.008754353534247814	-0.00967610174275572	0.0002991067712899159
9.65	3.1308812079638255e-05	7.610490039570755e-05	0.0031947447552192094	-0.00016421468844750623	-0.00018012542064004818	0.0027740978022232814	0.01960818625046879	0.021982485090506928	0.0032778843700270767	-0.0016722201798145511	-0.0020990272319544668	-0.0027059222347686042
9.66	0.00020390994893045134	0.000259181215267596	0.003218809890095804	-0.00013866050348316703	-0.00015409775017344857	0.002755094291990376	0.013176395472345647	0.012800390862126467	0.0009601279930378473	0.006612348980294183	0.007102198247412311	-0.0007096570360989997
9.67	0.00027085479804287	0.000308812574278762	0.0032104520641507038	-4.324474745715298e-05	-5.021618035731558e-05	0.002762131849612745	-0.000297793327122965	-0.003221475465381721	-0.0024259337538215103	0.011650171546755236	0.0127783668615672	0.001997960908860887
9.68	0.00020202396174326693	0.0002045302620239879	0.003181040522020415	7.435061696127301e-05	7.934923381051281e-05	0.002786844972583791	-0.0125822952815085	-0.016427234915256717	-0.0024525500642672273	0.01068294888117884	0.011820785517629464	0.002133287690093801
9.690000000000001	3.934279578182292e-05	5.594676470472172e-06	0.003183421557615658	0.0001521692383980775	0.0001669464095203666	0.002786029823118977	-0.019067424779980184	-0.02226367909321175	0.00279022628956759	0.004509678221402986	0.0052822114668247796	-0.0021836763023558216
9.700000000000001	-0.00014861173548860924	-0.0002041838682630023	0.003212975978960451	0.00015692822691119892	0.00017477554825479457	0.002763320264970198	-0.01661538868833367	-0.0175215047380528	0.0021699760260089837	-0.00372713314049135	-0.003913482119934486	-0.001631993044701659
9.71	-0.000261234676537088	-0.00031122238240899596	0.003217504976184779	8.363583641087029e-05	9.506653686433122e-05	0.0027595770623489602	-0.0048542184439127325	-0.002888921466051286	-0.0013402948703797872	-0.010291496519129651	-0.011330501504002806	0.000944702146320841
9.72	-0.00023959377199313364	-0.0002595937464161182	0.003191606876153169	-3.198848812626529e-05	-3.3200345805888035e-05	0.002778737439822901	0.008750760481554702	0.012488602997954104	-0.0031892468526296173	-0.01177770690706012	-0.013126113098758111	0.0024445966456385984
9.73	-0.0001047491465963137	-8.610224627459707e-05	0.0031757870678607567	-0.00012968792088267396	-0.00014280249150129307	0.0027904628285494006	0.017250214320258445	0.021026319254419095	0.0011120884324111553	-0.0070089987204690766	-0.007998400926582718	-0.0010514344436841961
9.74	8.361896936210923e-05	0.0001339021077515306	0.003203203973218807	-0.00016402292466308741	-0.0001835469414957011	0.0027674535858231617	0.018677124044632232	0.02089214579861852	0.0030312708138366022	0.0005704813565781639	0.000410236342630791	-0.0024008035289393346
9.75	0.00023290913603378342	0.0002905036291671585	0.003219895426709493	-0.00011760874488000504	-0.0001333872470718654	0.0027547804837107	0.009735956318751791	0.008911263830653765	-1.5458835090307872e-05	0.008302394225268309	0.00916112173650607	0.00010555547853410125
9.76	0.000261567145986072	0.0002971477273437494	0.003202958860961015	-1.1853674221608874e-05	-1.574490838403722e-05	0.0027691033369672403	-0.004103248547694523	-0.0074707084507181385	-0.002998947193369074	0.011944975968701105	0.013349055121368969	0.00250547944177914
9.770000000000001	0.00016262900733584392	0.00015903103124727364	0.0031760222314982174	9.977856582228806e-05	0.00010947662938567679	0.0027923987443950484	-0.014636182661183997	-0.01878642514776033	-0.0011182307283598928	0.009233840262631573	0.010437506008728817	0.0010719648714697778
9.780000000000001	-1.2685752714826051e-05	-5.508055187316097e-05	0.00319223666369112	0.00016038860181244067	0.00017935520657001795	0.002779906552505567	-0.019247347348875673	-0.022493155801946132	0.0032586995807579715	0.002492721659414768	0.0030639147328675996	-0.0026181552412428907
9.790000000000001	-0.0001873379461203607	-0.00024911272158939323	0.003218313043707569	0.00014381999657157052	0.0001626200514644193	0.002759096518804635	-0.0139038748555761	-0.014305389894962505	0.0012878401680430761	-0.005715309944658208	-0.0063371403809965934	-0.0010797559369660663
9.8	-0.0002651933473567281	-0.00031501684750174174	0.003212869239568311	5.565984578995072e-05	6.334538275101111e-05	0.002761929552484121	-0.0010263391139620625	0.001644976487089485	-0.0022584031286690485	-0.011157335145961542	-0.012645233418976727	0.0015803311971494664
9.81	-0.00020936815384022832	-0.00022317275448619837	0.0031827795159859586	-6.048005414128143e-05	-6.881518116410077e-05	0.002784256841301276	0.011434782238256423	0.015637954618857336	-0.002816470684753705	-0.010935745833012664	-0.012497886362999968	0.002176715490920634
9.82	-5.643265122738966e-05	-2.7867075851833094e-05	0.00317996976157855	-0.00014370736024418997	-0.00016451663378474555	0.0027859875471562038	0.018325812886682637	0.022365712627918616	0.0025028579392282584	-0.005241534476088324	-0.006181428161876335	-0.002062327067229321
9.83	0.00012937271431353906	0.00018918467578302186	0.0032101000138417064	-0.00015763566051445066	-0.0001821019188498155	0.0027622681514132405	0.016974891876178327	0.01881547996155516	0.0024662448338316975	0.0027285515625238427	0.0030216532785261666	-0.0018221941194711548
9.84	0.0002505879357437896	0.0003119664989513696	0.003218490511182485	-9.309678782229247e-05	-0.0001084422559135697	0.0027569257996756242	0.0061441512239363396	0.004597895607083164	-0.0009207125850446729	0.00962141488557468	0.011045475379048632	0.000844636567650038
9.85	0.0002429320146285235	0.00027504204899532453	0.00319528077210911	1.879127119222558e-05	2.0057830335208808e-05	0.002776536805537925	-0.007376031028354863	-0.011394096381064216	-0.003154696359602663	0.01175528480444321	0.013534913503264691	0.0026523216723240606
9.860000000000001	0.00011970577822846287	0.00010819827539865654	0.0031758711110452128	0.0001196964552922946	0.0001368868950549833	0.002793190320629886	-0.016279031966027032	-0.020738935601188935	0.00052541186913769	0.007525098970877094	0.008857890904486243	-0.0004050632048007209
9.870000000000001	-6.267575495259824e-05	-0.000114579476899557	0.003200838750217402	0.0001609424711582265	0.00018686249125037262	0.0027725031431605775	-0.018625277533663893	-0.021805861886760626	0.0030903165505208312	0.00032491073147016843	0.0005906236704096714	-0.0025413405375970047
9.88	-0.00021752212509182605	-0.0002852930199000952	0.0032198155757833303	0.00012361373194484012	0.00014503856203157097	0.002756686778339531	-0.010804967718640411	-0.010629736095369125	0.00028635366246067615	-0.007463100206042457	-0.00856561611581281	-0.0003031558409160986
9.89	-0.00025979828493240536	-0.0003086571824162831	0.0032052826594364298	2.4247014239595868e-05	3.0047505490544512e-05	0.002766896119282134	0.002608359322063584	0.005994895961306038	-0.002866718006726094	-0.011558484523532106	-0.01345489945672531	0.002133485716069055
9.9	-0.00017412492164124954	-0.00018073790523222	0.0031763931114252505	-8.706134333433199e-05	-0.00010000499350447288	0.0027892668762693577	0.0135359097688224	0.018199151608497523	-0.0017191648104912477	-0.009574685605687566	-0.011236204449791688	0.0013683527014433053
9.91	-7.581291316963305e-06	3.176099629360963e-05	0.0031876100586131864	-0.00015273131189987992	-0.00017880203768906372	0.002779804468789231	0.01875280192155424	0.02293557076892046	0.0032102098511507357	-0.003206474789430994	-0.004065553841526417	-0.0025684550890594025
9.92	0.00016835442849476342	0.00023663010104927538	0.0032160786319212218	-0.00014473977978966417	-0.0001720140071838165	0.0027581670856267524	0.0146334915226628	0.01593847666610749	0.0017182260380240036	0.004814837434052662	0.005482126251511424	-0.0012006449167581083
9.93	0.00025771499164055947	0.00032048327954149096	0.003215533093095451	-6.450427813437453e-05	-7.852545923409842e-05	0.002759756964659808	0.002439594838816354	0.00011905959077796782	-0.0018103057860517013	0.010547654715389305	0.012416705411430152	0.0014723666273730443
9.940000000000001	0.00021600146833865918	0.00024269185288249172	0.0031874360631899885	4.843842199922857e-05	5.555490814525704e-05	0.0027824440186210294	-0.01014368032736491	-0.014695830911154785	-0.0030072744169354036	0.010990446310917288	0.0131209547779777	0.002458090382174479
9.950000000000001	7.384048551097426e-05	5.2377236641284954e-05	0.0031789374683342726	0.000134852232143731	0.0001598328379871215	0.0027892406612999017	-0.017430270807559725	-0.022264875878362178	0.0019203404563992318	0.005728496631842899	0.007112415789026989	-0.0016403229992499823
9.96	-0.00010799516578753851	-0.00017048386986759224	0.0032073289323327177	0.00015573531921997676	0.000187591302403232	0.002765846637282906	-0.0171656261951301	-0.020057504523295615	0.002558541725017872	-0.0018809546337709964	-0.0020442744007524304	-0.0020863677121727396
9.97	-0.00023654668244935356	-0.00030963186240075556	0.0032179753293055256	9.962495402216832e-05	0.00012119148995056413	0.002756791620661497	-0.007330861276141905	-0.006456559415827083	-0.0006532145833716426	-0.008832431010070942	-0.01061836075924039	0.00044471531352338633
9.98	-0.00024323985406904833	-0.000289964424823162	0.0031970371026913383	-6.452020370027944e-06	-6.918313000803309e-06	0.0027731351862683904	0.005881709376611524	0.009962211908592547	-0.0030859499757599183	-0.011468672784375933	-0.01383778877381586	0.0024889289389603566
9.99	-0.00013339226221916478	-0.00013181744922842155	0.0031752073782059407	-0.00010830693051475394	-0.0001300083033340298	0.0027916213899188656	0.015125059724186202	0.020313954702591966	-7.678889310791752e-06	-0.007917457919987676	-0.009636511257348487	8.060680619284492e-05
10.0	4.0994588150665426e-05	9.187932992574854e-05	0.003198280636938092	-0.00015523537352315502	-0.00018866135702149585	0.002773257716192063	0.01838189155631462	0.02255920708755547	0.003270773527386278	-0.0010991704299697378	-0.0015392924581650394	-0.0026144997037146843
10.01	0.00019932944381816632	0.00027591258001264784	0.003220333600052025	-0.00012637824029515396	-0.00015508821933624782	0.0027559162589258887	0.011710679797840235	0.012417805396131463	0.0006614533741797033	0.006620118016078772	0.007992976866214111	-0.0005136273328096774
10.020000000000001	0.00025413918833753227	0.00031777522667795637	0.003208708582783137	-3.3968386694215376e-05	-4.272731431279637e-05	0.0027643135589837486	-0.0011736795447862063	-0.004312011122707621	-0.002756631427869595	0.011071689151414205	0.013497727441462689	0.002037499938233496
10.030000000000001	0.00018228008460128433	0.0002022752200535235	0.003178218022022793	7.589725404450557e-05	9.156393225255248e-05	0.002787823586783001	-0.012308918016063026	-0.01751049055956591	-0.002254186032686332	0.009783262411163325	0.011985932308648644	0.0017945154200653677
10.040000000000001	2.6078018845322533e-05	-7.6126190754385806e-06	0.003184090144870899	0.00014539313544763418	0.00017817981506797152	0.0027827830388161253	-0.018045164896006587	-0.023249666948646303	0.0029942937629302284	0.0037899602286799246	0.004925174753260435	-0.002437122600787389
10.05	-0.00014835235224062862	-0.00022244595649483946	0.003213854201757371	0.0001448404639536793	0.00017988970552997556	0.0027596440418954414	-0.015059654326225752	-0.017513140389439474	0.002060885446361563	-0.003991422960918086	-0.004724795282457994	-0.0015221160498644732
10.06	-0.00024682850308145767	-0.00032440657073746696	0.0032170404069327085	7.202131863507071e-05	9.103516089225446e-05	0.002758177925802411	-0.003753690399323538	-0.0019961815880558103	-0.0014494004772852326	-0.009908196404072337	-0.012263506598567519	0.00122888024716793
10.07	-0.00021926163917220355	-0.0002617915025779536	0.003190889344518202	-3.693901262330051e-05	-4.44564932605298e-05	0.002779966499876837	0.008768825310789914	0.01368307027851574	-0.003044987371828389	-0.010925253961208496	-0.013590518504229177	0.0026049678871092265
10.08	-8.933359813511695e-05	-7.675755514909419e-05	0.0031784713949296606	-0.0001256107940119907	-0.00015561397157710526	0.0027914776058817763	0.016366737061449848	0.022173438435198794	0.0014750093687040777	-0.006161367195526363	-0.007867659090418044	-0.001158531293951482
10.09	8.693721260539211e-05	0.00015155957265432042	0.003205837479791008	-0.00015287488665829092	-0.0001919317216187412	0.00276892542878211	0.01722443861442328	0.02127222913785108	0.002740196281847144	0.0010613716833073777	0.0011330277636858207	-0.0022787747665200513
10.1	0.00022180883418354333	0.00030712605563721506	0.0032188744235219805	-0.0001048339203542104	-0.00013285295528614837	0.002757271978266636	0.008452220377738748	0.00831229387172058	-0.0004013285585795647	0.008115898779578272	0.010132116814037403	0.0001507737891107912
10.110000000000001	0.00024199663436519313	0.0003047935874235637	0.003199405497849907	-3.7968342202582043e-06	-6.302253792790658e-06	0.0027710723389544833	-0.004436213644248536	-0.008612361671005308	-0.0030665453040389246	0.011195183387581758	0.014063223198635722	0.002302484078793556
10.120000000000001	0.00014486836007983193	0.00015511649992899193	0.003174287511590097	9.850641551857058e-05	0.00012253890361159562	0.002790613096964669	-0.01400736321581723	-0.019910918705488015	-0.0006535196892338943	0.008258189814024671	0.010471968698171885	0.0005142893688121172
10.13	-2.0976243061916518e-05	-6.959737299287426e-05	0.0031942743152989415	0.0001502847378169959	0.0001902430876669601	0.0027747478707584685	-0.01795334651150897	-0.023334650535287594	0.0034213489139246628	0.0017584275060820347	0.0025408854607571136	-0.002648071586522063
10.14	-0.00018131272339907964	-0.0002671399034339936	0.0032200519304909237	0.000128787504866369	0.0001657666737230603	0.0027556077964144207	-0.01249269358217921	-0.014170478202370763	0.0011183041906869594	-0.005904009451705512	-0.00726230471398025	-0.0007463033999078916
10.15	-0.00024811591869293404	-0.000327074401000711	0.0032128902227615496	4.2419404305952644e-05	5.7518991536441996e-05	0.0027620961075305152	-0.000343803159815104	0.00263294014997459	-0.002389111505852444	-0.010630635163587778	-0.013471396406634362	0.0019502068408474241
10.16	-0.00019067081393105563	-0.0002238193739523839	0.003182739034813528	-6.55729534901146e-05	-8.048333545790526e-05	0.002786723231771413	0.011053584235984097	0.016810990119550596	-0.0026525815250547868	-0.009911121350084214	-0.012764905683232911	0.0022070654246116902
10.17	-4.51255074565404e-05	-1.6868165210775607e-05	0.0031824705991397658	-0.00013859868963815635	-0.0001763878689149638	0.002786886118212533	0.01725095897088545	0.023425136506855758	0.0025725378881228927	-0.004326019406624213	-0.005941371312017412	-0.0021726817565369356
10.18	0.00012748532668769417	0.00020696346487122163	0.0032111951022425526	-0.0001450863280318966	-0.0001885912511044421	0.0027634093192562123	0.015521991380018809	0.01903226381725724	0.0021937313823214106	0.0032088625212665614	0.0038067077758079104	-0.0017490664363493762
10.190000000000001	0.000236007377372718	0.00032708887238061003	0.003216804223418843	-7.924873399670162e-05	-0.00010619267128191065	0.0027588077630284254	0.005163869985131767	0.0038714921795919835	-0.001167983566674912	0.009374395101399341	0.01192741312186145	0.0009030004674293993
10.200000000000001	0.00022353718759371118	0.00028031344302522585	0.003192287975981378	2.6562908209888396e-05	2.995529477159791e-05	0.002777974702111506	-0.0073455243165023495	-0.012534315147331528	-0.003113754857529394	0.010821853703427043	0.014076960692967449	0.0024768906315157237
10.21	0.00010545811945784863	0.00010181733810246733	0.003175828434445996	0.00011695899293075788	0.00014873914564494231	0.002790957160090685	-0.015418073678206261	-0.021896777144441174	0.0009401275196376388	0.006502419692352628	0.008763502672462424	-0.000885918023434634
10.22	-6.564027918915011e-05	-0.00013029824460592028	0.003202471033849057	0.00014956573100078654	0.00019513173825873664	0.0027684056749502396	-0.01725417052715462	-0.022363494206438114	0.003024404086280504	-0.0003395952909256132	-7.798873881513605e-05	-0.002491806472869907
10.23	-0.00020665179992154694	-0.0003018231323657445	0.0032196598905733136	0.00010903561752660219	0.0001449206825843677	0.0027542419837306496	-0.009541809500458527	-0.010247119732309767	7.078739710516396e-05	-0.007418492556639979	-0.009510010016593715	-5.3497421488684517e-05
10.24	-0.00024025695061062843	-0.0003180705445563342	0.003203682883054933	1.3555758194016832e-05	2.1016018859680317e-05	0.002767125345776808	0.003014849551742937	0.00696406079157807	-0.002941195784512037	-0.010859852289043775	-0.014223282703247561	0.002402906091673253
10.25	-0.0001556831658439454	-0.0001796010568082599	0.0031759129774204813	-8.861786863716404e-05	-0.00011393910439050951	0.0027906701152686283	0.012949070443657831	0.019335873713114692	-0.001363061207963886	-0.008529624136935728	-0.01138142898976078	0.0012796525455418062
10.26	1.7323200960610425e-06	4.417563601014765e-05	0.0031904453798966047	-0.00014495881421665822	-0.00019076803564849453	0.0027803482243397275	0.017504248610044782	0.023890592959587485	0.0033044473871854155	-0.002433824471745276	-0.0035386418241202837	-0.0025225160393460375
10.270000000000001	0.00016337697561933363	0.0002541823754280653	0.0032179705107018754	-0.00013166538775334174	-0.00017560937998320649	0.002759887002965986	0.013169856720512536	0.015944889593749664	0.0014883617404657804	0.005034681306340664	0.006501749420794188	-0.001073522895152361
10.280000000000001	0.00024051487016266785	0.0003338816097670042	0.003214994545095626	-5.277717102759983e-05	-7.178803910275364e-05	0.0027624912778464327	0.0015820132681782714	-0.0006783964893163662	-0.00201910546978917	0.010088197669168174	0.013364166898661333	0.0015327661839178305
10.290000000000001	0.00019569964562061686	0.00024548428051082076	0.0031860106694895293	5.2998764119765485e-05	6.893657432436334e-05	0.0027845064735502224	-0.00990528630320824	-0.015899165632509007	-0.0028983110536642117	0.010046058050348233	0.013424529861566293	0.0022113094938980746
10.3	6.026344578567855e-05	4.309207041459107e-05	0.003180427123195268	0.00012959398634776267	0.00017271000511719512	0.0027870774420901147	-0.016405821545525223	-0.0234425120684121	0.0021662810937904523	0.004825060714840692	0.006772429505569219	-0.0020391939200847487
10.31	-0.00010866704191452016	-0.00018797669167537463	0.0032087346095291997	0.00014301620536697528	0.00019409534926077642	0.002762102117845575	-0.015710401979002662	-0.02044087502237408	0.002424722751366518	-0.002381817870312811	-0.0029050580673146737	-0.0020443211633469666
10.32	-0.00022381100538505032	-0.0003260331066898785	0.003217146222160772	8.528675469227132e-05	0.00011851801725551392	0.0027547098747320786	-0.0062313968842463525	-0.0058719548429444785	-0.0009000720321921718	-0.008645245420817007	-0.011556590168886044	0.0006668391604367373
10.33	-0.00022376351671571265	-0.0002969379467570136	0.003194368128917346	-1.5535642604237352e-05	-1.7398659329186424e-05	0.00277307864199034	0.0060730642056108595	0.011174299297260241	-0.0031273240496774686	-0.01062374840750339	-0.014415138555898413	0.0026247166113622126
10.34	-0.0001167317598440568	-0.00012663807977124431	0.003174732510256258	-0.00010742020178811567	-0.0001432405500561327	0.0027912344366517916	0.014426211334663423	0.02153673973902753	0.000442555162743474	-0.006891463420663855	-0.009656297350969201	-8.650952781735237e-05
10.35	4.740323775409237e-05	0.00010784123515790682	0.0032002446852723806	-0.0001455778582830851	-0.00019910385850010839	0.0027729031211566535	0.017033876190143234	0.023292680463015025	0.003286385400358131	-0.00039295302517253054	-0.0009463263033008158	-0.0024145597659524275
10.360000000000001	0.00019150018910100056	0.00029398555749132483	0.0032212718669809895	-0.00011272233320712127	-0.0001574328759499425	0.002757843856749358	0.010386515017360844	0.012088338983384973	0.000479502359946113	0.006671540247786802	0.00890804825752261	-0.0003088183112902721
10.370000000000001	0.00023634860810501366	0.0003283212856546568	0.0032082400757055887	-2.3575226275038478e-05	-3.5818621438579396e-05	0.0027677720318325734	-0.0017043944781666679	-0.005380934100686391	-0.002838287351245254	0.010419958210998217	0.01439130976823199	0.0021178382817051465
10.38	0.00016408751132685853	0.0002008789529074636	0.0031780276202892435	7.733999191599585e-05	0.00010460130069570354	0.002790265301641564	-0.011874748526104475	-0.018729634937863397	-0.00201187686345974	0.008754597965824971	0.012254972549320144	0.0014612097417177684
10.39	1.554723532808405e-05	-2.0845794064163156e-05	0.0031862026617659653	0.00013773419551435905	0.0001914421330640423	0.0027812284688194964	-0.016943861403592497	-0.02424603767461605	0.002976088142633688	0.0030116231355360634	0.0046331851931103235	-0.002675176059390526
10.4	-0.00014545723320642847	-0.0002412786870451474	0.00321376239839382	0.00013169038889770967	0.00018673469965124404	0.0027576727843296395	-0.013605625292888451	-0.017558311740313096	0.001722861473798769	-0.004244332266639667	-0.005638022968025195	-0.001434635511799488
10.41	-0.00023173154995713804	-0.0003386278069514992	0.003213917019118145	5.991462486975016e-05	8.800395280377791e-05	0.0027575478956220517	-0.0028726543641014227	-0.001059865518759401	-0.0016748122915291996	-0.009492745985285503	-0.013238253026055498	0.001391206042902192
10.42	-0.00020023916401700287	-0.00026434461902528	0.0031876160868992308	-4.219361638799734e-05	-5.585544220015092e-05	0.002780288051684442	0.00866925456945347	0.014925708041142353	-0.0028581728638899847	-0.009983861811968343	-0.014180570199029737	0.0025832673394535813
10.43	-7.513305490823849e-05	-6.695546056104447e-05	0.0031796297534791625	-0.00012118508374376684	-0.0001696434639610183	0.002789769281058834	0.015565690430667828	0.02338845222586811	0.0019319346761443273	-0.005283459240991496	-0.007874302634424915	-0.001335166285380639
10.440000000000001	8.984516159467699e-05	0.00017050972103024715	0.003209038277590728	-0.0001411900537241998	-0.00020229165219416532	0.0027681835656211224	0.015849781249556348	0.021728180034713346	0.0027094287766425136	0.001583389860423389	0.0018743341411450098	-0.002017324940765382
10.450000000000001	0.00021122465342854574	0.00032497972805339983	0.0032204860307020167	-9.145097763107142e-05	-0.00013409765077516752	0.0027592677723024804	0.0072594047471972204	0.007693443328990315	-0.0006369261554758771	0.007925928010691244	0.01111687998310011	0.0003991557547557119
10.46	0.00022325552456325034	0.0003125894106031553	0.0031985559775075502	4.1218761036642675e-06	1.7111439101875196e-06	0.00277467696185131	-0.004796894737546117	-0.009814674451657785	-0.0032640372396792058	0.01037334321216633	0.014884436384554103	0.002363928313001198
10.47	0.0001276714058567213	0.0001504656470876809	0.003173729244105743	9.67902681631248e-05	0.00013571559897556656	0.0027925009888258227	-0.013415291021929072	-0.021183846102133464	-0.0003719810757672648	0.007249633701467618	0.010660823228027177	7.64254512199592e-05
10.48	-2.8671721854786568e-05	-8.604308369084049e-05	0.003195055789480145	0.00014052540346872657	0.00020256045456238864	0.0027728074366512225	-0.016667691982975116	-0.024217120419864076	0.0033323802436901902	0.001151970520309986	0.0021072110499031705	-0.002832464991007988
10.49	-0.00017468347512977195	-0.0002869745239325304	0.0032188794452826497	0.0001162649060034503	0.0001705302923648348	0.002753073781717108	-0.011098745264431088	-0.013949677746483926	0.0009016403995866492	-0.005827180436435096	-0.008229228429940724	-0.0007243271308092909
10.5	-0.0002303121674737573	-0.00033972802955309616	0.0032100868915976026	3.3647124989003215e-05	5.191417675530714e-05	0.002760323587135964	0.0004219092294100485	0.003754093649311498	-0.002462142635590808	-0.009991074963049512	-0.014476862615411229	0.0020449174272304817
10.51	-0.0001702190886747303	-0.00022363926541194655	0.003180792312043139	-6.629482504498013e-05	-9.363759189657498e-05	0.002785704576296888	0.010813751917170697	0.01816578956469355	-0.002340463383177492	-0.009008275550187841	-0.01320293575827519	0.0021985388796468986
10.520000000000001	-3.0736187754260414e-05	-3.198410672334493e-06	0.0031843740218601233	-0.00013139699915754214	-0.00019083537534890496	0.0027853841366576085	0.01627868207278087	0.024665939534561164	0.0028001016876181587	-0.003670521350276004	-0.005727397438794695	-0.0020544922057727875
10.530000000000001	0.00012851521090103006	0.00022838062710979476	0.0032126736398942	-0.0001334038463538492	-0.00019705281148572903	0.0027645163666138437	0.013982031816211535	0.019247846720771792	0.0019520380159266744	0.0033537112825294613	0.0047028410033587405	-0.0014204848632574524
10.540000000000001	0.0002224882150762245	0.00034453716753264445	0.0032149581604001614	-6.938885908148318e-05	-0.00010466809970891358	0.0027628527697224157	0.003942234433534122	0.002945465461214002	-0.001509435568883865	0.008873477457344072	0.012969145897989946	0.0011273012841811968
10.55	0.00020275297998848527	0.00028531872139171953	0.003188275334275169	2.9572816595888715e-05	4.0537118234013605e-05	0.0027829530082673654	-0.007507155432818624	-0.013923880434644023	-0.0031369265190709867	0.010024878687651721	0.014742749309202623	0.002393885583989872
10.56	8.8504499874373e-05	9.293024716972966e-05	0.00317550380857191	0.00011156226060596044	0.00016259752434530256	0.0027920488022319862	-0.014579754665801945	-0.023306851015850713	0.0015866671806444846	0.005773362947616669	0.008799258679705027	-0.0014598854597554138
10.57	-7.053002573411843e-05	-0.000150124787274873	0.003205782536589895	0.00013869633814275075	0.00020590065534766426	0.002765798402761879	-0.015740347892982936	-0.02299030533127869	0.0031088436691379443	-0.0006923369583869692	-0.0007466166393822189	-0.0026273954765127987
10.58	-0.00019585498722563948	-0.00032172677900787014	0.0032219943074049224	9.736172344312372e-05	0.00014683355585246236	0.002751781200032322	-0.008111069957882838	-0.009653614776348405	-0.00016516004793475344	-0.00719268970835544	-0.010508346901623528	4.724625528720358e-05
10.59	-0.0002190964302818194	-0.0003272195535740013	0.0032033133260396243	6.9989151359908875e-06	1.3314330993122103e-05	0.0027660659169335133	0.003521614410710403	0.008397408616119028	-0.00318618918295092	-0.010124974628942345	-0.015032006850416885	0.002549521800919439
10.6	-0.000135010734640343	-0.00017381698450993452	0.003174964665112286	-8.679117493731277e-05	-0.00012648532953630012	0.00279028498215897	0.012400073333565121	0.020795355002204922	-0.0011527697324153097	-0.007645006657835314	-0.011501590500822674	0.001165343320427417
10.610000000000001	1.307011668773803e-05	6.321049493527293e-05	0.0031907354822335804	-0.0001359785221062992	-0.00020252002646834022	0.002779712520091411	0.016205988478070466	0.024879445880384786	0.0031921027553169965	-0.0018499908750145395	-0.0031848391602519927	-0.0023222632110800317
10.620000000000001	0.00015952397053151977	0.00027707947277783956	0.003215889377784695	-0.0001195657299044702	-0.00018125818490345152	0.00276186776167091	0.011590532831234736	0.015717552169231184	0.0012071124101018678	0.005055339864007278	0.007306162970620626	-0.0008149952870193126
10.63	0.00022358316708066228	0.0003486109254638741	0.0032104894924338662	-4.355571829948139e-05	-6.897640779057304e-05	0.0027665198503716193	0.0006838740979152643	-0.0019592551312088815	-0.0021516097455136843	0.00949344340791327	0.014190340965854888	0.0016543022127566626
10.64	0.00017498904492314153	0.00024578176961015174	0.0031825900671321695	5.419313940299269e-05	7.800727139537116e-05	0.0027880078331706704	-0.009718078964971389	-0.017349260453571835	-0.002503813019703546	0.00910387270327449	0.013751305810524946	0.0019217792233524483
10.65	4.546516742150909e-05	2.952303083252948e-05	0.0031829470659415987	0.00012245602790765628	0.00018264805864435282	0.0027860305561263066	-0.015477915617938718	-0.024706668736563187	0.002692025656155895	0.004180644938978403	0.006658781032253973	-0.0023902498833413767
10.66	-0.00011080627983127928	-0.0002093117213203769	0.0032131855596106277	0.00013153459234681002	0.0001998846813693379	0.0027600859986831334	-0.014196698220394939	-0.02061028311406504	0.0023184938371354864	-0.0025433797010336987	-0.0035791235511149866	-0.0019524586573711328
10.67	-0.000211262063200926	-0.0003430238588636164	0.003219027902847322	7.517926147023619e-05	0.00011653108142871688	0.002754279651749119	-0.004964635947365525	-0.004866401420097136	-0.001273072231920405	-0.008236508622306933	-0.012331896959165882	0.0009003258311293149
10.68	-0.00020293127755555715	-0.000300776003117425	0.003192779392285744	-1.9325385968594158e-05	-2.6092909936561697e-05	0.002774991193821083	0.006354248669490208	0.012656851903488246	-0.0033737405480622797	-0.00982653826157173	-0.014922128831698599	0.0028060620025251904
10.690000000000001	-9.853165835990328e-05	-0.00011645971970606061	0.0031732339237793977	-0.00010273197278404977	-0.00015360028556129647	0.0027923824738436604	0.013710814822119801	0.022836269709083146	0.000709493665668557	-0.00612684148263273	-0.009547193289121745	-0.0004088181345360522
10.700000000000001	5.4944759963960964e-05	0.00012825622652338635	0.0031999915722805638	-0.00013522341548673523	-0.00020644972623400304	0.002772398768623972	0.015608659262132882	0.023876322172071904	0.0032499827006972973	-2.9004560111415957e-05	-0.00038535313727450796	-0.002392029431149031
10.71	0.00018372459037404516	0.00031410890358503515	0.0032201828957232575	-0.00010179746325464402	-0.00015787106235567544	0.002758080740702455	0.008872917173705128	0.011452487833649123	0.0003870209394516726	0.006421222939390965	0.009662850317098693	-0.00019453633664594006
10.72	0.00021703089642060983	0.00033771182562522485	0.0032067608634525928	-1.7616428802362682e-05	-2.962123582155942e-05	0.0027690903260706957	-0.0023944744951004075	-0.006756185164624523	-0.0027841365830764547	0.009692280788858266	0.014891047479177272	0.002206728749322407
10.73	0.00014332435640511507	0.000196164867006024	0.0031787690798803707	7.504418522287333e-05	0.0001131468320274686	0.002791322686277348	-0.011499847618628658	-0.020083362358152442	-0.0016081086173884414	0.007873821384334963	0.012240686628495699	0.0012393326318450538
10.74	2.6059878650297923e-06	-3.75549716427268e-05	0.0031902311829699968	0.00012866444469140375	0.0001977950040643229	0.002780207521020523	-0.015769160347342482	-0.02513521686419438	0.0030351778984274145	0.002544881382105524	0.004212855414936149	-0.00266848259288662
10.75	-0.00014369741354940997	-0.0002609778119181664	0.003215834402047297	0.00012023475389485422	0.00018723951304588636	0.002757831343519292	-0.01204627808219152	-0.017255313280793196	0.0013850927367586344	-0.004217934828620669	-0.006317915196039637	-0.0012695822372606085
10.76	-0.00021587414842823315	-0.0003503462815973258	0.003212305919944356	5.1559842813229396e-05	8.222248327728313e-05	0.002759209124554462	-0.0017722093587740062	0.00010990434934731792	-0.0020139105451916716	-0.008921075591179132	-0.013772820542331832	0.0014855471902738954
10.770000000000001	-0.00017873632368615457	-0.00026318257867268967	0.003183838647191388	-4.333860370259227e-05	-6.485458148472291e-05	0.002781820306181742	0.008647334078672958	0.016199094055681346	-0.0028595756960630592	-0.00916183546575542	-0.014228810818708568	0.002422672159216082
10.780000000000001	-5.881242703508036e-05	-5.4087921587680625e-05	0.00317853232816159	-0.00011476295839301764	-0.0001766523398653051	0.0027877123423879274	0.014652728183169487	0.02442039298120057	0.0023098282144332137	-0.004671173526583295	-0.007506509580376037	-0.0017200428947410824
10.790000000000001	9.318253752100331e-05	0.00018912793276069004	0.0032097376317354515	-0.0001307442702050172	-0.0002040108189496102	0.002764862812639295	0.01425684683653051	0.02173492191885167	0.0027396303816642105	0.0017667608272899872	0.0025248042379104178	-0.0019268289073788051
10.8	0.0001990302907963236	0.00033873565381889627	0.0032209655901048444	-8.19595307448307e-05	-0.0001293930993928712	0.002757887011375538	0.005931092007149625	0.006761084876226031	-0.0007157644132951474	0.007552784569574163	0.011742157128689586	0.0006551488694047722
10.81	0.0002025372813670015	0.00031435970848707294	0.0031984967150042068	7.829756540185986e-06	1.1234610429668353e-05	0.0027757147495736986	-0.005116716869345281	-0.011145772917277415	-0.0032753888690725823	0.009616638003034115	0.015130303843368447	0.0025557012730851943
10.82	0.00010909950219131057	0.00014049778432044047	0.0031752343743003267	9.266944328470712e-05	0.00014494399416087743	0.0027935556329043033	-0.012754432469815542	-0.022219664138410138	-8.123453456677647e-05	0.006541352416897526	0.010417476329249446	-0.00012074367845531297
10.83	-3.699664532684708e-05	-0.00010357137091067346	0.0031970590569071447	0.00013124271075569464	0.0002073887957892694	0.002773401533038427	-0.015298673958807628	-0.02451720041824413	0.0030975067045558	0.0008362495034095788	0.0014761844343293411	-0.00272154067460972
10.84	-0.00016809477292513566	-0.0003022708086210809	0.0032173894311785427	0.0001061840742877207	0.00016845711692783997	0.0027549978996694036	-0.009642144688153297	-0.013251911912111537	0.0005147688963332759	-0.005651167421105333	-0.008925489480449487	-0.0006008118574353718
10.85	-0.00021238037584106367	-0.0003450035248342204	0.00320565420277554	2.7745820293981286e-05	4.416113989262931e-05	0.002762996906923677	0.001122390352493446	0.00494612840260429	-0.00262315133114368	-0.00937447825736038	-0.014874668948161482	0.0020526142684386146
10.860000000000001	-0.00015089088235560252	-0.00021736917658988713	0.0031776080098627098	-6.468759372640422e-05	-0.00010292157761497562	0.0027864301512092885	0.010413589097579242	0.01917149688702968	-0.0018864354303848177	-0.008171297743105434	-0.013036152730772884	0.0017430724070082145
10.870000000000001	-1.9586215797706028e-05	1.18006645138944e-05	0.003186628663084395	-0.00012267943575525544	-0.00019637838066081413	0.002781520881710041	0.015099064055969655	0.025298909632630255	0.0031593539653539853	-0.0031513223908874143	-0.005174420967663908	-0.0022610284733392007
10.88	0.0001257137722388981	0.00024415993459186443	0.0032163805838449438	-0.0001214596276280367	-0.0001955186064467187	0.002760995506043384	0.012502730840509419	0.018805116110848986	0.00194220762504152	0.0034346701399274445	0.005494735484702377	-0.0012312499938049064
10.89	0.00020679354125913661	0.0003519700760665879	0.003217533580778546	-5.9664888244620194e-05	-9.579775839248223e-05	0.002761850539274969	0.0029660338820278152	0.001843742761517319	-0.0017437525115011987	0.008391664161518504	0.013561998295708004	0.0013921857295981204
10.9	0.0001823339690498019	0.00028137314504867583	0.0031890696289322775	3.234821762077665e-05	5.2706661244853225e-05	0.002783723002111683	-0.007429420342560229	-0.014988436239517348	-0.0031622071525355647	0.009157345310668835	0.014737478538514169	0.0024265769348868066
10.91	7.296509812247402e-05	8.003335033026194e-05	0.003177594703479462	0.00010614579597300801	0.0001717679567015321	0.0027911813243204357	-0.013753553917524922	-0.024069138864204753	0.0017023836081181208	0.005073119370075248	0.008328692569003981	-0.001665166728297161
10.92	-7.429012168711334e-05	-0.0001669631511135513	0.0032066865257867594	0.0001279429577309764	0.00020847483886427573	0.0027651938455576356	-0.014292056688772784	-0.02289160186939043	0.0028356579543650008	-0.0010473356420732012	-0.0015724999608048315	-0.002455626464729264
10.93	-0.00018554814962154143	-0.0003331577773806338	0.0032203214478387747	8.640494263062444e-05	0.00014119399435574676	0.002753098214102982	-0.006874085736975219	-0.008744147906162686	-0.00039274706443146243	-0.006900763842058078	-0.0112739589088626	0.0001977472938543636
10.940000000000001	-0.00020063159596507018	-0.0003279986420868168	0.003200566605416358	1.1895867814492902e-06	2.0374357681706144e-06	0.002767919934088948	0.0038788216169641544	0.009550897355626023	-0.003133875561019191	-0.0094084906062942	-0.015352110493374045	0.0025102047607119915
10.950000000000001	-0.00011833528742838965	-0.0001641427979126228	0.0031751643326449817	-8.411767221091635e-05	-0.00013730236979776186	0.0027896656951666775	0.011749243906539485	0.021709730313195136	-0.0006407854176128919	-0.006804359439239975	-0.011188177459821645	0.0007257004476686345
10.96	2.0309495254280025e-05	7.975667036528878e-05	0.0031941977618917595	-0.00012635313232162954	-0.00020845856245784851	0.002776450608000379	0.014936459631690399	0.025187286570755744	0.0032254802278589073	-0.0013404924322324692	-0.002456255967465889	-0.002292262467964888
10.97	0.00015271973867211108	0.00029164782205853026	0.003217926275367521	-0.00010743796861116904	-0.00017873368517075952	0.002760339403776346	0.010200900931229679	0.015059770360395975	0.000964375020190469	0.004974887771852506	0.008184049770649758	-0.0005135073826807133
10.98	0.00020584298172585713	0.0003536200542664944	0.003209818872503978	-3.496677507431266e-05	-5.889813943562062e-05	0.0027677795536687803	2.0887305833679364e-05	-0.0031208441888514325	-0.0023799030847291586	0.008879611029709775	0.014769618073424487	0.0018773912675296971
10.99	0.00015606902244791692	0.00023971447213034855	0.003181144833878094	5.4974210894586095e-05	9.070955616291221e-05	0.0027900365945102935	-0.009335919278375049	-0.018330411282958165	-0.00234001698953517	0.008200354624118573	0.01366434484668676	0.0018025486082872918
11.0	3.433878326767849e-05	1.4796409519071918e-05	0.0031846680822582973	0.00011506039750492469	0.0001917904675108559	0.0027852099012939794	-0.014350735376621744	-0.025383976971446825	0.002877355940613052	0.00352520915030284	0.006079548566117332	-0.0026093257892907482
11.01	-0.00010791498493896776	-0.00022619996326822214	0.0032146033638129332	0.00011958770866003996	0.00020111263618300526	0.002758324308724331	-0.012684574705355849	-0.020334115481258158	0.0021333842684321375	-0.002722720238193352	-0.004486643522594293	-0.0019860505501547243
11.020000000000001	-0.00019525032361929366	-0.0003527830123392803	0.0032183296136457282	6.478580578491492e-05	0.000109197781810471	0.0027528828115336752	-0.003978064638364947	-0.0038200450880480474	-0.0014504883064706737	-0.0077573714465008865	-0.01308397190122069	0.00095724614278645
11.030000000000001	-0.0001823338511771216	-0.00029902680554471967	0.003191362467818385	-2.2760768284481887e-05	-3.885489695848992e-05	0.002773805584759461	0.006282202389251668	0.013789969540617583	-0.0032900884470564696	-0.008941516769929632	-0.015169691057865278	0.0027542812556074843
11.040000000000001	-8.323155830677725e-05	-0.0001044161154891423	0.0031745706755590642	-9.757126333684052e-05	-0.00016570434025771965	0.002789876164087103	0.01283829795343419	0.0238022215772612	0.001003683268412969	-0.005405710757900275	-0.009226783476731042	-0.0005083665298764625
11.05	5.840334328375138e-05	0.0001463965091841328	0.0032015236099265437	-0.00012437257887576685	-0.00021246637529159703	0.0027719140377353443	0.014201287887613679	0.02400247697978722	0.0030501537344719298	0.0003427935718951576	0.0004857619801824782	-0.0019804323160024203
11.06	0.00017341403618508994	0.00032857376058500034	0.003219101113722748	-9.038323605612726e-05	-0.00015459814533742	0.002761686804275361	0.007696968601318957	0.010638442500882504	0.00011186862153512966	0.006173470528460208	0.010570440594387883	0.00013992341122426172
11.07	0.00019898211416139112	0.00034151338194003054	0.0032036243838513274	-1.101304756793865e-05	-1.89027564567405e-05	0.0027745865256929847	-0.0027279724282936123	-0.007978700886510471	-0.0028675535535787637	0.00900773202035893	0.015382648796088102	0.0021988931613641798
11.08	0.0001274951123592953	0.0001886900472322788	0.003177377391383076	7.330838608033117e-05	0.0001252408126680445	0.0027939261082743226	-0.010805059660534772	-0.021065165256156888	-0.0011037508014954673	0.0070084249717860675	0.012026629283626845	0.000656406630078855
11.09	-3.5074562002243983e-06	-5.363624685020283e-05	0.003193446678711663	0.0001195406572720269	0.00020592612774885391	0.002777347052608519	-0.014532865229318298	-0.025690073746523705	0.0032621400701016204	0.001970105798296091	0.0035589875250062984	-0.002997998854164357
11.1	-0.00013689981970540092	-0.00027741119935990584	0.003219131629814406	0.00010786275832425824	0.0001872696960933171	0.002753684687808614	-0.010776530386818679	-0.016788107197853577	0.0012240189511679468	-0.00425997024910858	-0.007205566139042344	-0.0012209922018154903
11.110000000000001	-0.0001992452062394845	-0.00035814718265820655	0.003213254962585944	4.182997111191517e-05	7.397360471240862e-05	0.002756705225491593	-0.0011730103950934453	0.0012672653573336818	-0.0022797216336172595	-0.008394806722101012	-0.014478332196763494	0.0017498541667218253
11.120000000000001	-0.00016082360233387845	-0.00025871892367203015	0.003183170273440441	-4.5598334271746926e-05	-7.761621002457555e-05	0.00278188123708417	0.008313306101380579	0.01738878400829953	-0.0028467940035294395	-0.008279056131493712	-0.014359216943539463	0.0025619613336657996
11.13	-4.79404139370783e-05	-3.920081174916656e-05	0.0031795940459940436	-0.00010853467749580711	-0.00018824716421425176	0.0027876895414626073	0.013655330869016661	0.02528852219019289	0.0023879639166759187	-0.0039443709589890505	-0.007156472375096778	-0.0016713161124934414
11.14	9.217045187196364e-05	0.00020793241119089224	0.0032093349358973083	-0.00011913573163722395	-0.00020916093719538535	0.002766714025682204	0.012977204886065363	0.021621453861330006	0.002473427236434285	0.0020122268376015764	0.003374498500795476	-0.0016724541950437178
11.15	0.0001867241927009721	0.00035170350359140906	0.0032180714238269296	-7.091123718553639e-05	-0.00012542045839806208	0.0027617440642053767	0.005034587576068422	0.005786923980575627	-0.000873391930339576	0.007185513299104358	0.012623465337557408	0.000750962888459503
11.16	0.00018555320548229725	0.00031562538050502846	0.0031953899047598294	1.2767504103682925e-05	2.2007098805536108e-05	0.0027792751456953563	-0.005110057485253047	-0.012394179348483539	-0.003117320883596555	0.00881500861299184	0.015530823290746051	0.002366754104999499
11.17	9.658323760834138e-05	0.0001301299315871884	0.003176367344620712	8.859011205047945e-05	0.00015639986174305763	0.002792847687485402	-0.01197420391932865	-0.023294186244129877	0.0005336140350128569	0.005676753374767971	0.010218601917844817	-0.0007427733099509494
11.18	-3.927159111537154e-05	-0.00012184901724804828	0.0032011531570424	0.00011995308980966605	0.00021449005224338072	0.002769211891834101	-0.014035099162335973	-0.02484272537491507	0.0030830049367174266	0.00030452708602172205	0.0007642356294692681	-0.0027658083806771324
11.190000000000001	-0.0001578418602486496	-0.0003185240759607134	0.0032196964690352214	9.277429888318204e-05	0.00016740869684391137	0.002751987341014497	-0.008519403839466267	-0.012548552100272422	0.00023832615222278946	-0.005520744404386818	-0.009784226388151972	-0.0003647358044682664
11.200000000000001	-0.00019449962418960153	-0.00035089561564640467	0.0032048443696782083	1.854241660909905e-05	3.532653844275699e-05	0.002762967963467486	0.0014402166016746253	0.006205665747117387	-0.002897864015020435	-0.008705714207619585	-0.015480282252842793	0.002338604270721992
11.21	-0.00013481694444243748	-0.00021082494895424388	0.0031755551064091094	-6.569045025052003e-05	-0.00011451670106723488	0.002788418746384928	0.009767662622836133	0.020292720038806007	-0.0017357024742841193	-0.007278565830487529	-0.012975664341734664	0.0017403170593430926
11.22	-1.2491737618236753e-05	2.8140684288936094e-05	0.0031869972836209757	-0.00011549569122454111	-0.00020528239577767562	0.00278250393878731	0.013969713149442833	0.025988523487518275	0.003252344908957511	-0.0024278809776751846	-0.0046936990420626415	-0.0022848383564062305
11.23	0.00012042497485763424	0.000262895943384572	0.0032161691675986113	-0.00010958985159290376	-0.000197714783866132	0.002762522422103434	0.011237980129225947	0.018514171213686845	0.0017765990464851664	0.0036061838761235056	0.006272387952190459	-0.0011500496933402435
11.24	0.0001915047904938876	0.00036354151302344555	0.003215768230275097	-4.9095881552421085e-05	-9.05542018567416e-05	0.002763619435310176	0.002330059023270254	0.0007611804008135269	-0.001812868910265864	0.007975279547715482	0.014226097492983694	0.0013515071938828176
11.25	0.00016501453074454887	0.00028039801563425816	0.003187731810480597	3.6365339327740936e-05	6.312377881404636e-05	0.002784379861728912	-0.0071806937474355155	-0.016322276788797115	-0.0030016954509206203	0.008313588229020579	0.0150166595941736	0.0022335731712104334
11.26	6.170318361441728e-05	6.660808946392278e-05	0.003179087873581137	0.0001019477061150885	0.00018240740347285736	0.002788466889672342	-0.012868305698152203	-0.025191857915282227	0.0019146717880371541	0.00439314209136748	0.008138493013228956	-0.0019312500425229691
11.270000000000001	-7.433716270985625e-05	-0.00018750504502206905	0.0032075456220225416	0.00011824634501609887	0.000214312629294152	0.002762460453772505	-0.013016341933393374	-0.023061468477608517	0.002590355695934873	-0.0013956217242155637	-0.0022740996820209774	-0.002283393462803305
11.280000000000001	-0.00017388496865347104	-0.0003497813667433099	0.003218251174117416	7.590248407615556e-05	0.00013932438829252644	0.00275299013247227	-0.005943738232550975	-0.007833160055619813	-0.0006760077905089455	-0.00669744230971612	-0.012045044891204889	0.0005377742651225643
11.290000000000001	-0.00018328772327354514	-0.0003322662656142477	0.003196714032753998	-4.540538078921538e-06	-6.30687668254807e-06	0.0027712031166970547	0.0040209465718976	0.010923853033764341	-0.003137015188983895	-0.008699914858681853	-0.0158153481825423	0.002762305795637241
11.3	-0.00010427430042800474	-0.00015607851789095306	0.0031743025817540247	-8.156316937207187e-05	-0.0001475892659722608	0.002793052246471806	0.011053702645697406	0.022817321596955504	-1.7941466867053883e-05	-0.0059776505808746975	-0.011115715784311862	0.0004144660372697862
11.31	2.4624618738446573e-05	9.70762567258934e-05	0.0031983507267585765	-0.00011724801157206004	-0.0002156189378862678	0.002777106278461003	0.013725535901348961	0.0257421655416967	0.003444097316936603	-0.000883274107172239	-0.0018827959668320218	-0.002447027082369901
11.32	0.00014436055645257936	0.00030908623953057726	0.003222060217629622	-9.613603443520352e-05	-0.00017879915095428097	0.002760116272335817	0.009011938028205192	0.014505514966867552	0.0007739425841211012	0.004960349781217579	0.008969744228005698	-0.0005887203027012134
11.33	0.00018890160005609227	0.00036140025051875516	0.0032111671436707836	-2.6978569457759157e-05	-5.1531591080677756e-05	0.0027671551794394692	-0.0004264314166584072	-0.004376197167615812	-0.0027163234834703155	0.00831535181458266	0.015389944589833168	0.0018463492984257404
11.34	0.00013951482287509852	0.00023453432197670612	0.0031801603040086906	5.57368365868287e-05	0.00010218487873852006	0.0027884694205733986	-0.008814502138727028	-0.019549363312174068	-0.002403981279302052	0.007394774381652759	0.013813342698689673	0.0015700034457244317
11.350000000000001	2.5606780223946447e-05	-1.253011017706531e-06	0.003183725459020677	0.00010863186924340131	0.0002028130212359074	0.0027813488330331038	-0.01331311428376624	-0.02625573118731703	0.0027748508359671346	0.0029252020874301677	0.005837884563561812	-0.002609959725780944
11.360000000000001	-0.00010487663916720535	-0.0002458060851798771	0.003211431806883476	0.00010903666185172534	0.00020693243241239463	0.002757147569266033	-0.011438283657556706	-0.020103435496800305	0.001906978622087492	-0.0029365040599501112	-0.005204113573240718	-0.0015338105770753875
11.370000000000001	-0.00018186682504292583	-0.0003655088133930815	0.003213930058660958	5.516867963826103e-05	0.00010713826279367089	0.0027562890561830832	-0.0032546976190022357	-0.002779736054622382	-0.0014541931236601695	-0.007372830994581871	-0.0138755228632859	0.0013958611195735403
11.38	-0.00016595056967241956	-0.0002996674609633141	0.00318855130440193	-2.6294716396459132e-05	-4.7129551758040504e-05	0.0027801416412786793	0.0061139943937588955	0.015021764295708428	-0.002945083022369405	-0.008163607627582413	-0.015562260336061557	0.002827922714440061
11.39	-7.254160247431841e-05	-9.406656373054948e-05	0.0031776204808910756	-9.267716611853415e-05	-0.00017508211174743258	0.002793205184984911	0.011942256563829577	0.024786279764029584	0.0016976759882324944	-0.004616685729945907	-0.009137633766575285	-0.0011141763049709835
11.4	5.7679603689124204e-05	0.00016345971157492978	0.0032079785001041697	-0.00011363053963536598	-0.0002185510348401642	0.002770445186494963	0.012898252021356651	0.024198697252953007	0.0030272457231657218	0.0006886631531915622	0.0010533567585141543	-0.002346377117394844
11.41	0.00016080266023574716	0.0003427091340166162	0.003222862017011053	-7.899766331799128e-05	-0.00015373058336340105	0.002757796482732532	0.006722605371908472	0.009894885920800338	-0.00033652638994136167	0.005940815540576269	0.01133393677310679	2.0660882403083255e-05
11.42	0.00018055092142685108	0.0003451910164354687	0.0032026923959012975	-4.853611137876053e-06	-1.101518116788145e-05	0.0027703282722228795	-0.0028310812415156842	-0.009204160780875008	-0.003302092448549931	0.008266728114984453	0.01598708992453626	0.002210013711986287
11.43	0.00011260968205405892	0.00018059122004715288	0.003174274241720474	7.130135797934998e-05	0.000136671879181343	0.0027897710751106433	-0.010051242061880733	-0.022167416599279958	-0.0010702104669756708	0.006203955818636132	0.012089722607042606	0.0005996381568926882
11.440000000000001	-8.388777553211205e-06	-7.097541965503539e-05	0.003190578438828202	0.00011101169825759576	0.00021562201090163032	0.002774622408190299	-0.013260219826645683	-0.026283648049113855	0.0031655994749502287	0.001484381333422778	0.003130199479663608	-0.0025938731457227325
11.450000000000001	-0.0001286375439902671	-0.0002955577084511857	0.0032152212134415824	9.701122596356757e-05	0.00019016644823455992	0.0027561624281532953	-0.009583029721898026	-0.016376965604281788	0.001181914534704339	-0.004169601389767701	-0.008042239531059031	-0.0006839637418243297
11.46	-0.00018250824192665293	-0.00036822985963170726	0.003210082849452533	3.4604136269357854e-05	6.856332336212351e-05	0.0027633156932061697	-0.0007222353084678011	0.002380010339132041	-0.0020946000006955724	-0.0077935272826359725	-0.015234316998711491	0.0020000697981443208
11.47	-0.00014466184034990243	-0.0002571574089985927	0.0031831494120979943	-4.549999310396689e-05	-8.807273013119257e-05	0.00278849541728639	0.007766249503182845	0.01850639235151132	-0.002355538971308187	-0.007450670290686761	-0.014537472813200053	0.002275113742569154
11.48	-4.014839486083801e-05	-2.7359198802204262e-05	0.0031852461970172576	-0.00010069511680439481	-0.00019756463734750838	0.002788931404080567	0.01255987038402831	0.02620849986530944	0.0027714656411159783	-0.0033306535983475003	-0.006818356674530299	-0.0022193917412481954
11.49	8.72049602725773e-05	0.00022489742148095468	0.0032153175388412577	-0.00010725365802822246	-0.00021252838961352059	0.002763867377127958	0.011650159747045979	0.021665963824750587	0.0022137614301289306	0.0021455163976713647	0.004175308701020712	-0.0019634022724262347
11.5	0.0001704242689334966	0.0003640709090961621	0.003219325787866154	-6.1026607645608054e-05	-0.00012048119425151582	0.002757120440533513	0.004235189456097111	0.004880569243518768	-0.0014894848302955616	0.006714690296451705	0.013393984441124067	0.0006967829893590545
11.51	0.0001660103681721835	0.00031713130121513336	0.003191067341100226	1.6055259713144285e-05	3.260990679193145e-05	0.002774845958454732	-0.004943318618149805	-0.013550129519818299	-0.003509808087675728	0.008022943544420317	0.015865510543481613	0.0024321568741416193
11.520000000000001	8.307404003252878e-05	0.00012073311759209678	0.0031713544716203694	8.404308451971902e-05	0.00016724637015987247	0.0027883700164864603	-0.011006659394328537	-0.02431265964254304	0.0007409931295680183	0.0049879635931568125	0.00998234129558065	-0.0007342169981268327
11.530000000000001	-4.088830058358591e-05	-0.00013864872251104023	0.0031981573486889363	0.00011008715485722451	0.00022080031186574314	0.002767197953462522	-0.012707188146123417	-0.025178601707721234	0.0032557158787575695	-1.7576109421982362e-05	7.982847513845424e-05	-0.0023361514660010124
11.540000000000001	-0.00014663171129752334	-0.00033359351392649254	0.003218696937785791	8.247074134370767e-05	0.00016588094083392293	0.0027549218905573037	-0.007419246099798446	-0.011908244259966248	0.0004720259921413349	-0.005240357942232189	-0.010591363599808307	0.00012969605088755602
11.55	-0.00017639459767122034	-0.0003565065646862144	0.003206479666836106	1.4014752472641012e-05	2.713077819171516e-05	0.0027692181106868624	0.0016473972973976617	0.007342862340697645	-0.002643274857185479	-0.007896942462554573	-0.01595452783549633	0.0024964281304421156
11.56	-0.00011949099845707206	-0.0002056943674757029	0.003180234289579934	-6.145549177269853e-05	-0.00012498556626767355	0.0027933263376865467	0.009079427875853655	0.021293423860499545	-0.00139152576169238	-0.00641552452299168	-0.012934691876049672	0.0013027735388583875
11.57	-7.304588407142083e-06	4.190229302034053e-05	0.0031930161460204717	-0.00010468081852527343	-0.00021357989212216744	0.0027824898754654735	0.012650635024622575	0.02657754747481172	0.003042281371526563	-0.002023936504416786	-0.004263275380621643	-0.002648223591962935
11.58	0.00011164333870922522	0.00027771467405874597	0.00321739811792765	-9.751978883736958e-05	-0.00019964809513812852	0.0027600697733177046	0.009936467311188543	0.018184313842171312	0.0011695118485886865	0.0034344990428196768	0.00703023607621572	-0.0012714315544527482
11.59	0.00017309282331479998	0.0003715187439771582	0.0032114317071302496	-4.183982992502676e-05	-8.505286078194245e-05	0.0027606625366703923	0.0017994632156965375	-0.0002253908746476842	-0.002246051616684881	0.007204951454900975	0.014905744443381325	0.0013635079388367277
11.600000000000001	0.00014686661371082828	0.0002782853795948891	0.0031814542077438523	3.459409062232646e-05	7.308302605066509e-05	0.0027815974330407814	-0.006627350232262996	-0.017271024082517454	-0.0028921655248575063	0.007360092625719376	0.015205991456874257	0.0022087389575238515
11.610000000000001	5.319142254093868e-05	5.587238690711932e-05	0.003177137612329968	9.172665465541975e-05	0.00019173962990731017	0.0027851115990291174	-0.011625927494775899	-0.025956311650147338	0.0024439845536896455	0.003722851987956145	0.007859413599873813	-0.0018962855030730697
11.620000000000001	-6.88653466859061e-05	-0.00020233770566446455	0.003209347874895148	0.0001041683282491049	0.00021840852453887418	0.0027617436104395397	-0.011593261702698338	-0.02307412292758979	0.002835796143898156	-0.0014338651292230015	-0.0029963478919915677	-0.0018752555987612762
11.63	-0.00015671450913486482	-0.00036055648484918787	0.003221148565629218	6.484218794610715e-05	0.00013586468494210864	0.00275591172054754	-0.00517084493681893	-0.007057542749329322	-0.0006665368128175125	-0.00607779041815096	-0.012753070260623852	0.0008107674230221984
11.64	-0.00016369088113850876	-0.00033354221055805725	0.0031992923592704253	-7.465216610181396e-06	-1.5431815770525548e-05	0.0027752332763472075	0.00370325009199517	0.011937066874878914	-0.0031878310525830437	-0.00773341498666947	-0.01616829467952614	0.0026975726263662866
11.65	-9.198362916184283e-05	-0.00014786399828836986	0.003176797325615103	-7.516773834952632e-05	-0.00015721014499068948	0.0027941777639944277	0.00999943620114581	0.023706987640484435	2.20762754028166e-05	-0.0051427745275020595	-0.010934762854838432	-5.558714153989056e-05
11.66	2.394806560135022e-05	0.00011208031553050672	0.00319870430827886	-0.00010449518950111675	-0.00022146512865879695	0.0027749934513010693	0.012253853154305935	0.02607203107156858	0.0030337358958579265	-0.0005027601865806669	-0.0012650453866866614	-0.0025946453056830973
11.67	0.00013028005203545673	0.00032289198067062956	0.003218260091342456	-8.317465323326089e-05	-0.00017717593227845594	0.0027575294710124234	0.007954633804046162	0.013988019268040438	0.0004372384593558008	0.004595660868572677	0.009766817110792794	-0.0005610199537782808
11.68	0.0001689590811339006	0.0003674036948963009	0.003205856546350401	-2.031200840145287e-05	-4.297128304429848e-05	0.0027649720137600856	-0.0004989592449039745	-0.00536334218212507	-0.002658427860105453	0.007440489011360826	0.015907676607623437	0.0019010770160159394
11.690000000000001	0.0001238481435247313	0.00023080843602834585	0.0031777885225911227	5.2628987741021277e-05	0.00011326873748126662	0.002786581960652577	-0.0079574427399231	-0.020459099961413405	-0.0018692245797599445	0.006402378191941436	0.013782709868172534	0.0015388695953153714
11.700000000000001	2.1378936125565948e-05	-1.3694201620724646e-05	0.0031866713900800285	9.719158282597026e-05	0.00021118062735876413	0.0027798102114799826	-0.011952159167391552	-0.026955911929755043	0.0030796614216341963	0.002295002847650282	0.00529980545076376	-0.002396091327668369
11.71	-9.500845429191197e-05	-0.00026117737050168513	0.0032151381169752465	9.469155867250014e-05	0.00020763536207605405	0.002759009016015943	-0.010174385381414106	-0.019979220798586283	0.0018038689689977945	-0.0028408947535757574	-0.006102850969877839	-0.001162105899334505
11.72	-0.00016298908431032258	-0.0003753993396122563	0.0032156908394477836	4.505372725790226e-05	9.959602017881608e-05	0.0027607711795313568	-0.002800205274125274	-0.0018576318002608582	-0.0016897951398516995	-0.006666282220227268	-0.014563801054426163	0.001481378234548357
11.73	-0.00014794221611465617	-0.00029943038247210693	0.003188243606953192	-2.7760145205651873e-05	-5.914179054249735e-05	0.0027838497398540766	0.005487712417682239	0.01605162385533824	-0.003040398143016943	-0.007190229521963566	-0.015687970649076302	0.0025871012536836753
11.74	-6.451366798027648e-05	-8.388709028558308e-05	0.0031782287504538344	-8.505032069630144e-05	-0.00018520739441424747	0.002792462949709374	0.010652237215697549	0.025751527875238232	0.001838142993725396	-0.0038744647634961714	-0.00874318858640422	-0.0015838857888683783
11.75	5.142036531366896e-05	0.00017987698207162398	0.003208096361466759	-0.00010057312672809147	-0.00022261664837080596	0.0027673378283937277	0.011407448752043125	0.024396039771162715	0.0028487588872878355	0.0009639646510115295	0.0018445659446881756	-0.0023927369481824665
11.76	0.00014214678944266776	0.00035650802412316246	0.0032214170510578496	-6.65003961554641e-05	-0.00014929537327839295	0.0027553414727885892	0.005865958639829461	0.009217512221483867	-0.0004733468583570805	0.005549059586602591	0.012151595952968199	0.0001628195633407398
11.770000000000001	0.00015901636303646382	0.00034978724581730255	0.00320082069733396	1.0236401593108602e-06	1.3628839969308325e-07	0.0027695264288420543	-0.0025333135691043614	-0.010284263435430025	-0.0032191020869696053	0.007360831984574812	0.01642539823758215	0.0023995302679465534
11.780000000000001	9.881385665019417e-05	0.00017451630026747914	0.003174944847156493	6.727988321702525e-05	0.00014910985696041918	0.002789698304759195	-0.008895500594375624	-0.023185875153425774	-0.0006383638798672077	0.005218580324943495	0.0119324223338097	0.0005013222983945015
11.790000000000001	-8.150059376330733e-06	-8.601661965777001e-05	0.003193630228631622	9.892017573174732e-05	0.00022393020297557404	0.002774672698366775	-0.01170190482830415	-0.026887731295997388	0.0031393550790619978	0.0009109045159513512	0.00241020143468538	-0.002434268221462856
11.8	-0.00011338990950969165	-0.00031191371449773743	0.003216632211961045	8.274872904236368e-05	0.00018993278634278938	0.002757873599217207	-0.008332239747363092	-0.016022527952902484	0.0008943971153108456	-0.004017034058172257	-0.008944495164346512	-0.0005250558068317247
11.81	-0.00015965895729282207	-0.0003771605834781948	0.003208662211747092	2.5459316886093074e-05	6.033527438969556e-05	0.0027660338266889727	-0.0005336978647499173	0.0034227664388976507	-0.0023381656877625207	-0.0069490817822034975	-0.015876139447737886	0.0020037846432089897
11.82	-0.00012560388703282836	-0.0002548923853300827	0.003180953112019532	-4.426628822187083e-05	-0.00010004894278779041	0.0027899366406139046	0.006858247593699216	0.01958122670258841	-0.0022011551218822974	-0.006323305006372166	-0.014580389581928994	0.00195385494489875
11.83	-3.370231854467588e-05	-1.4965166939365882e-05	0.003185991220197314	-8.983164857992057e-05	-0.00020725527324800687	0.0027863082843006927	0.011028987232977882	0.02707097568187727	0.0029806993038931726	-0.00256098769718772	-0.006351407418166548	-0.0024845789476118235
11.84	7.748356498672241e-05	0.00024184835084347652	0.003216334328495432	-9.170337928188849e-05	-0.00021518315841972328	0.002760810084157338	0.010124813140400339	0.02164738953869157	0.0021301881077374764	0.0022621322759564986	0.005032919255468299	-0.0018540815204611011
11.850000000000001	0.00014929504851660412	0.00037641939007310675	0.003219245044508551	-4.792523740371554e-05	-0.00011468612837670774	0.0027557753598120185	0.0035697652128060106	0.004025302208388298	-0.001601869054802725	0.006108183098563698	0.01417721058699233	0.0009091729905869044
11.860000000000001	0.00014386969756564397	0.0003185348643231341	0.0031905373589803973	2.038538711909109e-05	4.462719841236667e-05	0.0027754906990691526	-0.004461505496797246	-0.014743287462446623	-0.0034530104732823502	0.006952297629520724	0.01621974369678409	0.0025573893693211073
11.870000000000001	7.052224379318559e-05	0.00011088338521209031	0.003173254556500991	7.770665329569024e-05	0.00017907371146779584	0.002788727654642477	-0.009673336699157604	-0.025414260980915298	0.0010716035389098752	0.004036237467729181	0.009692077955564558	-0.0008431268174429245
11.88	-3.783024734131101e-05	-0.00015691429694008463	0.003200440333571602	9.674533569793479e-05	0.00022702007960434054	0.002768261858137272	-0.011030906042108046	-0.025554291585179058	0.0030322980991151307	-0.0004350175176919431	-0.0007306426392655417	-0.002155840646393224
11.89	-0.00012907582396848755	-0.00035031274368865046	0.003217850746525912	6.873799125646801e-05	0.000163259033783631	0.0027576807568851997	-0.006323513280747337	-0.011235283770820517	0.00010349162893258183	-0.004914275418554413	-0.011462052322390597	0.00024974287726786817
11.9	-0.00015335056855062025	-0.00036328235531070684	0.0032029104898686654	6.245191257231728e-06	1.7046238893140098e-05	0.002772371867901207	0.0016114893655334007	0.008553243446694274	-0.002763373609563897	-0.0070481019275267665	-0.016515675955151167	0.0024194150533146217
11.91	-0.00010255393556635197	-0.00020019954866655804	0.0031780974453716865	-5.9086092519503604e-05	-0.0001371430646270157	0.002794133669815596	0.007965652250921855	0.022457782624119054	-0.0009264467863056473	-0.005340254807294166	-0.012793682163616675	0.0008226684791928829
11.92	-4.28660283229562e-06	5.812329669316081e-05	0.0031950962116988986	-9.345677556671783e-05	-0.00022207652792721915	0.0027793212090409256	0.011048857673521982	0.027395632799143223	0.0032370322367617447	-0.0013566826150495496	-0.003614937484146969	-0.0028079740264031657
11.93	9.854997950001455e-05	0.0002966822105865079	0.003219780908416248	-8.264930620541523e-05	-0.00019979178081430332	0.00275695244741639	0.008502089935809904	0.017881101879015784	0.0010708412451993232	0.0034333093048970254	0.007981812133983489	-0.0011769122206972383
11.940000000000001	0.00015017541909422314	0.00038259290972540505	0.003212240691944618	-3.05499026139332e-05	-7.627091804004437e-05	0.0027593387539382418	0.0013564754903180154	-0.0013810194934322558	-0.0024459379310147167	0.006542805433302544	0.01566476383737781	0.0015912125715438384
11.950000000000001	0.00012563171524360153	0.0002761080022691577	0.00318108219814292	3.730079186653933e-05	8.676875639708211e-05	0.0027824273724404635	-0.005894215452280764	-0.018593462763311936	-0.0028306873336976196	0.006336093317422955	0.015308272484440541	0.002292843996278083
11.96	4.295078634985843e-05	4.1426906212515794e-05	0.0031788502497451816	8.48142933214462e-05	0.00020334153544196556	0.0027853502537767204	-0.010189166477826906	-0.027035491393066217	0.002596954333062848	0.0029032222643650286	0.007400635722291225	-0.0019048628047012156
11.97	-6.31965089079582e-05	-0.00022246359556888894	0.0032100955639616465	9.146631251335434e-05	0.00022280196837544253	0.0027633295095861004	-0.009986245406561732	-0.023043941359541624	0.0025900129097102165	-0.0017097479069768408	-0.0038951730279285965	-0.0016831461385435932
11.98	-0.00013741645616992517	-0.0003750625711109964	0.0032193012327928925	5.301176661332288e-05	0.0001311000006276003	0.0027591699945845	-0.004182977706387154	-0.006037626853191604	-0.0008777602393080471	-0.005651653718847726	-0.013637960410218771	0.0009328656791626503
11.99	-0.00014086230588769685	-0.00033533948065348737	0.003196506513296588	-1.2019430836516766e-05	-2.740622124898519e-05	0.0027786946545968073	0.003415574916651176	0.013315189106124224	-0.0031079875652567234	-0.006818608140557705	-0.016627402846554132	0.002527359679938021
12.0	-7.759340436407819e-05	-0.0001370385888743386	0.0031774995107924794	-7.010001733664802e-05	-0.0001702557583955545	0.0027935156925844706	0.008727168860635305	0.024867765730587247	0.0005389668442245817	-0.004257081360698394	-0.010741339186418744	-0.0006229775927459263
12.01	2.3230994420630445e-05	0.0001314950004491239	0.003201599048671495	-9.273107357090558e-05	-0.00022994198930426335	0.002771380867974616	0.010589044705394427	0.026418549924609146	0.0029508320781923146	-5.865715270137285e-05	-0.0005270595182011203	-0.00261799933381786
12.020000000000001	0.00011435597333799497	0.0003400969546758027	0.0032188267356797686	-7.009647095396477e-05	-0.0001768764565802744	0.002755399347457371	0.00675062326756257	0.013242720323754297	0.00011851011891820936	0.004391426716577261	0.010658929753132195	-0.000289925535107042
12.030000000000001	0.0001458539696921067	0.0003731801988276414	0.0032034500559929555	-1.2290704335828823e-05	-3.4665147711077135e-05	0.002766056429490652	-0.0006630011212587149	-0.006710269274026505	-0.002893031892715064	0.006649526535022483	0.016551888466430263	0.0022316296664071653
12.040000000000001	0.00010475685085566058	0.00022343470350601622	0.0031752508982298825	5.134347138408525e-05	0.0001247401988240979	0.002789066969462765	-0.0070270760053334335	-0.021657249910696962	-0.0015312019432583725	0.005431441938655083	0.013730001570209486	0.0013938250906119132
12.05	1.5018640868679393e-05	-3.1307175577451494e-05	0.0031886205127613734	8.80954063459521e-05	0.00021998437064554713	0.002779520535400408	-0.010391514494415109	-0.02769315513125512	0.003367924432212622	0.0017077741037556603	0.004800462460632583	-0.0025500844079567094
12.06	-8.50368258518456e-05	-0.00028008493121258935	0.00321802741341157	8.247162649933757e-05	0.00020949920272380918	0.002758002712339032	-0.008590324617033154	-0.019523800283422765	0.0017311700462695342	-0.002846525474504914	-0.006907444365181011	-0.0011806912926505145
12.07	-0.00014093165882044602	-0.0003849935853040253	0.003216940893059483	3.622541084989481e-05	9.366472991549293e-05	0.002760231285510624	-0.0020867724465800214	-0.0005953598207883941	-0.001901602390048684	-0.006021584743338417	-0.015271674209870679	0.0015519085404727727
12.08	-0.00012491804289397785	-0.00029539741291523903	0.0031879712461004898	-2.813682948142944e-05	-7.034659387026584e-05	0.002783622647817159	0.005015513367028004	0.017376072421131893	-0.0030631359873286496	-0.006230493201921513	-0.01595165487662137	0.0024753366889232113
12.09	-5.0780860447886876e-05	-6.807094148301918e-05	0.0031792599629045476	-7.668451362534294e-05	-0.00019621036584691146	0.0027897877243390724	0.009400860471091737	0.02677135115640679	0.001915340463155904	-0.003176675087187401	-0.008521612769959464	-0.001743108326061748
12.100000000000001	5.002494232579513e-05	0.00020082586190691383	0.0032071804229607797	-8.766853436071386e-05	-0.00022869180802556044	0.0027658487403814215	0.009799863214352349	0.02429383397802118	0.0024865220334967966	0.0011574744171303883	0.0025882633055728612	-0.002107455837688363
12.110000000000001	0.00012622815131923813	0.00037083707495921326	0.0032167792477289375	-5.5211164796996555e-05	-0.00014737321324119132	0.0027567239287072053	0.004717930497578913	0.008061986533238278	-0.0007418128940483363	0.005049658331110368	0.01292564357346658	0.0004336137916875982
12.120000000000001	0.00013673568669815306	0.0003501321517167616	0.0031951487545783617	4.7930664078025575e-06	8.25973865289461e-06	0.002773303347578217	-0.002597635242269234	-0.011759364985796586	-0.0030829960633022625	0.0064579335840971265	0.01682232473996393	0.0025336173939216455
12.13	8.139237839659784e-05	0.00016217422156620707	0.003174197149329068	6.165134824658757e-05	0.00015807391336606415	0.0027919793598646858	-0.007951693351125614	-0.02423389358428733	0.00019603453426449887	0.004354859534995401	0.011714218499980531	6.674549300280893e-05
12.14	-1.2733057281446164e-05	-0.00010597440628771572	0.003198763732139498	8.682350975025158e-05	0.00022953566008095623	0.0027738641504743964	-0.010139135711432008	-0.027153836882481693	0.00336538260704451	0.0005062947315395652	0.0018997581377001485	-0.0025125700612151614
12.15	-0.00010249706074519855	-0.0003287216542486846	0.0032209087511895075	6.996234428886431e-05	0.00018935909106129555	0.002757601226818823	-0.006941940079328634	-0.015164598552761477	0.0006062970620336195	-0.0037380410974340913	-0.009607055938945128	-0.00041228050438878427
12.16	-0.00013886375470482506	-0.00038191913753599793	0.003208871931054747	1.8315613052315482e-05	5.369794361228807e-05	0.0027668659992656154	-5.9278361113445425e-05	0.004856510650422492	-0.0027550673858599863	-0.006152646118002284	-0.01636347925056577	0.002101148515663263
12.17	-0.00010582116610686736	-0.0002462102233939719	0.003178360111588943	-4.228434486033968e-05	-0.00010919347295052862	0.0027906137646927457	0.006229164059894038	0.02072998704365964	-0.002232934337897994	-0.005372247950320219	-0.014566296641424841	0.001737114630854692
12.18	-2.3901426171677206e-05	3.5960881893319387e-06	0.0031847160371253204	-8.005719671218618e-05	-0.00021500477809543038	0.002783999783202777	0.009695603274612457	0.02777317215535109	0.003025605174383123	-0.002012233049580832	-0.0060583261682101534	-0.0026494127349967335
12.190000000000001	7.228487921403671e-05	0.0002612406848011669	0.003214163855114254	-7.884881656513891e-05	-0.00021781250093600284	0.0027589152515425184	0.008562587612192986	0.02113566396488987	0.002001920646425863	0.002308334327818823	0.005679961359183495	-0.0016849243939439553
12.200000000000001	0.00013136534912133643	0.0003859177224269558	0.003216647738698382	-3.807896989097801e-05	-0.00011070816423128646	0.0027560440440129543	0.0027307111154274886	0.0027309325681955827	-0.0015445183223751482	0.005493487567249866	0.014791187685972854	0.0011483124488002978
12.21	0.00012326376238988083	0.00031450898194143253	0.003190063213261377	2.2106054356305005e-05	5.3192353969672436e-05	0.002777487342191025	-0.004181862913712729	-0.016040544988740225	-0.0030847205643206453	0.005979291701821873	0.016485470654232896	0.0026289996344639956
12.22	5.671512464968402e-05	9.580742245665004e-05	0.003177587120923436	7.00618270434949e-05	0.00018830338239454064	0.002789592849726072	-0.008689546446017531	-0.02632096262442033	0.001478169261676539	0.0032266658201694845	0.009599368586070519	-0.0010243794062621808
12.23	-3.900467751926849e-05	-0.00017642791334835265	0.0032050265405010963	8.311111301079721e-05	0.00023254850171935184	0.002769272726674009	-0.00958635444541241	-0.0254729368218037	0.00273714327581135	-0.0007703068894316982	-0.0013679970468133441	-0.0019997285155486585
12.24	-0.00011647302654928345	-0.00036403728833713113	0.00321826274025286	5.5303478084593936e-05	0.00016129663514691082	0.0027600394608533	-0.0051624714916248034	-0.010215736525423864	-0.000379012951946874	-0.004534776167450512	-0.012218945812228854	0.0003336252846858289
12.25	-0.00013355669133731206	-0.0003640816926529797	0.0031988767614188527	-2.2006086731880033e-07	8.697603867307144e-06	0.0027746350765355944	0.001806049771771453	0.009944298034456425	-0.0030835771446237233	-0.006083149391562157	-0.01697192275536065	0.0023130959309407106
12.26	-8.599962909576482e-05	-0.00018883890850042334	0.003174365939354732	-5.5312331017913304e-05	-0.00014675578085714743	0.002793019020702888	0.007207314595782727	0.0234939868783183	-0.0004981073165832105	-0.004349027888765602	-0.012599311264604045	0.00026053993193367553
12.270000000000001	1.7540200174899547e-06	7.743164543340903e-05	0.0031953874717539315	-8.171806125084625e-05	-0.00022785100424427623	0.002774081996815576	0.009737194010353738	0.027730016314283956	0.003461055418428957	-0.0007512488666087567	-0.0030081724049398823	-0.0029341831585548155
12.280000000000001	9.087496896358944e-05	0.0003131915604571377	0.003220980198768078	-6.844571468952455e-05	-0.00019791358196131247	0.0027527915471759535	0.007213668062415135	0.017049449900209315	0.0010666409161670509	0.0033203675157044755	0.008763217460612583	-0.000887171397846191
12.290000000000001	0.000132730175339546	0.0003871224344101161	0.0032128606724772966	-2.082753019833594e-05	-6.778227778865591e-05	0.0027591482343594384	0.0008120350103996386	-0.0027941907714080306	-0.0025052736101170716	0.005778930192261717	0.016133280881614413	0.002035181876245756
12.3	0.00010745431764951023	0.0002676459667207536	0.0031816431676753455	3.753142254843223e-05	9.737199681353314e-05	0.002785294205053377	-0.0054695280703817946	-0.01968597881702709	-0.0027108369584160426	0.005298416974969375	0.0152371799619821	0.002403981405823959
12.31	3.23190308112086e-05	2.3962147116406617e-05	0.003181484153354023	7.577270477522575e-05	0.00021116789070266552	0.0027874542422131436	-0.009146058491521664	-0.027699483431945875	0.002616866897304975	0.0021530518074248505	0.006982422102294029	-0.001979220530946154
12.32	-6.086838744890686e-05	-0.00024134582773333236	0.0032107335105580497	7.732774267125018e-05	0.00022477818143521605	0.0027656796591263317	-0.008551520817268465	-0.02262990253109727	0.0022550045633510625	-0.0019130490828468951	-0.004589391832384707	-0.001617880707291384
12.33	-0.00012276684508117933	-0.0003851767278812232	0.0032168755925986534	4.051823275973152e-05	0.0001261742704808857	0.002761909035857506	-0.0032734455600113457	-0.004816896454779467	-0.0011335765186468428	-0.005156699837915638	-0.014233619753131296	0.0009027649490658171
12.34	-0.00012153708552518504	-0.00033245915264051883	0.0031927211386149814	-1.68443964646325e-05	-3.625825558211788e-05	0.0027801919830974576	0.0034081905991293717	0.014549573859996149	-0.003077118584761037	-0.005802030912997686	-0.016767348126937278	0.0023186644124009296
12.350000000000001	-6.251772690588788e-05	-0.0001235900268587738	0.0031772673251048455	-6.48672471717724e-05	-0.00017775783094398627	0.0027908637493661665	0.007956392099580397	0.025738485405099563	0.0010775228234323525	-0.003385419053832717	-0.010412679643533342	-0.0011410928534492197
12.360000000000001	2.7406035387635674e-05	0.00014951977768238158	0.003204117311123036	-8.061679993179847e-05	-0.000232261758090669	0.0027665565301547936	0.009257955937789929	0.026357951687523022	0.0029631961313427947	0.0003938728432164912	0.0001796681845133374	-0.0025612858122886334
12.370000000000001	0.00010499286312819485	0.00035234669019896343	0.003220189540672083	-5.679324995306272e-05	-0.00017154599581034615	0.0027523819268930566	0.005498157680227619	0.012229299112474404	-8.94775482698309e-05	0.004178874737944558	0.011411745897280562	-4.7513902689979464e-05
12.38	0.0001279029135921122	0.00037319483359026336	0.003202752475428861	-4.365563810784259e-06	-2.3348109145124204e-05	0.002765792667452678	-0.0010565418877132352	-0.008041618506418904	-0.0030202302781559714	0.005873139819086892	0.016956303121050516	0.0024726286715632353
12.39	8.803134836869051e-05	0.0002120305322436562	0.0031751526467841363	5.025330518263189e-05	0.00013657670623791777	0.0027897935581129695	-0.006451042839718453	-0.022540684562520265	-0.0012229157992107687	0.004477481153882959	0.013417842221836805	0.0012602113314050963
12.4	6.8124054023141706e-06	-4.9559069091158383e-05	0.003190738604341504	7.858429629778833e-05	0.00022707039441679657	0.002779698986649471	-0.009248301625274106	-0.028013186267349773	0.003323155358932877	0.0010383481376818617	0.004107726643634563	-0.002422437082544765
12.41	-8.02855696325338e-05	-0.00029638224853336005	0.0032180519322998814	6.868844019958893e-05	0.00020810947949919444	0.0027604635282264495	-0.007273878555963889	-0.018838872849350537	0.0014575017167181412	-0.002926813258344702	-0.00781489417420384	-0.0009371537491197942
12.42	-0.0001254377728290789	-0.0003910957827326238	0.0032144486679751946	2.489478893708669e-05	8.407347327061808e-05	0.0027641685216283933	-0.0013541938070190669	0.0006649329850734049	-0.0021122735954934645	-0.0054656535764196655	-0.01592326677390847	0.0016302683718032694
12.43	-0.00010672355715966983	-0.0002893380613224974	0.0031851653121915844	-3.152772543077143e-05	-8.301658206914666e-05	0.0027864584369375494	0.004797607749043106	0.01838261380019179	-0.0028554538309192444	-0.005259848546963905	-0.015869423080170544	0.0021271569514833147
12.440000000000001	-3.841813172604225e-05	-5.3729526119607116e-05	0.0031811428331191666	-7.062967012042178e-05	-0.00020538588496049178	0.0027872250601686482	0.008480713551398355	0.027414047866810905	0.002342603771394561	-0.0023471554265785672	-0.007946757168757089	-0.0022358098735559885
12.450000000000001	5.055023500172082e-05	0.0002170084374432735	0.003209953279435738	-7.527203387847806e-05	-0.00022965523220219765	0.0027612575161643366	0.008425429772034419	0.02398074820952323	0.0023455500355576545	0.0015235179150348626	0.003560225599880521	-0.002041404556077037
12.46	0.00011389120113202566	0.00037936033492781186	0.003217413351312739	-4.253051243271389e-05	-0.00013903876474059127	0.002754355733119132	0.003665452775169369	0.006976997466815626	-0.0009980254943326413	0.004741021561504022	0.013728604894708953	0.000760267410196632
12.47	0.00011801068867750898	0.00034722747809653857	0.00319387259655642	1.165196825826188e-05	2.2032615915857407e-05	0.0027737162474207318	-0.0027629240214452986	-0.012790239242783056	-0.0031503237212487387	0.005623737382958831	0.01705987280889309	0.002725053072060234
12.48	6.564848183700048e-05	0.00015085769426535257	0.0031745010413624566	5.933101117829428e-05	0.00017031992153442268	0.002791966403858079	-0.007283033500447559	-0.024951424831520085	0.0005384379252539548	0.0034652614246006115	0.011326800281718277	-0.00018490262600613704
12.49	-1.8923608288434568e-05	-0.00012172983028226873	0.0032005913290822966	7.714879098556673e-05	0.00023521320559078405	0.002773184135425985	-0.008934016613784899	-0.02718599628086542	0.0032824287071752294	-5.775878198824895e-05	0.0009907302863978674	-0.0024089849002773525
12.5	-9.576832435027146e-05	-0.00034003193072941495	0.003221325630648746	5.7621862180324736e-05	0.0001850483815323281	0.002758319300212958	-0.005710511892356873	-0.01430897407232435	0.00042471805854437647	-0.00367952176896548	-0.010590695348723847	-0.0002654182841018537
12.51	-0.00012292948181458563	-0.0003826677550576831	0.003207704155669884	9.36067357426222e-06	4.1437642485078346e-05	0.0027684837814841204	0.0005008142958761906	0.00598468980802846	-0.0028662875825089425	-0.005563950282104588	-0.016884194864596032	0.0020975918031122904
12.520000000000001	-8.867309761441694e-05	-0.0002368404144732376	0.003177893286461748	-4.360292818015263e-05	-0.000122453295226596	0.002790333291725964	0.005926278918397856	0.021575552899024252	-0.001896064043715384	-0.004485792052701923	-0.014256626977516897	0.0013458814051573562
12.530000000000001	-1.2874707788916277e-05	1.9659680940350234e-05	0.0031872895505102184	-7.36345742813729e-05	-0.00022277679719623843	0.0027804543513295296	0.008774336048648189	0.02814111958065934	0.0030652448851090854	-0.0013794466718246002	-0.0052701946309421255	-0.0026562066640283422
12.540000000000001	7.169618788898238e-05	0.0002760710667929717	0.0032149797753243236	-6.853504163780394e-05	-0.00021618849347306945	0.002757462278360652	0.007278670504258469	0.02053664091159448	0.001680790341149266	0.0024000493359299215	0.006679082642225205	-0.0013526536879322404
12.55	0.00011914451380605125	0.0003915656481867283	0.0032142831359933764	-2.9455665519832235e-05	-0.00010057089349977315	0.0027581830296384197	0.0018175015439924537	0.0015657435980074993	-0.0018031327008317382	0.005085194947752274	0.01544689907962461	0.0014814910561562653
12.56	0.00010628050963282305	0.000308959445365867	0.003186822672695962	2.449463476389128e-05	6.661443024570847e-05	0.0027814556418227524	-0.004180467190924567	-0.01698689319719254	-0.0029108879308793216	0.005204647708564678	0.01640706918678571	0.0025383416611709877
12.57	4.392435742770587e-05	8.270043066778734e-05	0.00317916077079094	6.499716079393778e-05	0.0001974511859014252	0.0027895785376342622	-0.007931751302539862	-0.0269407443880551	0.002026782878432002	0.002626786294395694	0.00895997400156359	-0.0015046695575176886
12.58	-4.1494798326858036e-05	-0.00019171595017399362	0.0032087575956121378	7.345002627379787e-05	0.00023347427272492943	0.0027670203306044464	-0.008338140739020691	-0.025208514664024476	0.0027046118807769375	-0.0010521227342379165	-0.002296643039439586	-0.0020387433767937815
12.59	-0.00010702986389352686	-0.00037250782050589836	0.0032202702664715435	4.567355828381981e-05	0.00015362794251345423	0.0027583555187584187	-0.00412085408564519	-0.00920059721664215	-0.0006126860189746644	-0.004272698726542688	-0.012954976535980694	0.00043724438540314873
12.600000000000001	-0.00011715935641590633	-0.0003618202112582271	0.0031988190120186347	-4.9219171290270195e-06	-4.047122410682423e-06	0.0027741857871855986	0.002129573108925546	0.010949421908252599	-0.0032043265788875173	-0.005375230132505254	-0.017175165782619375	0.002416091884984573
12.610000000000001	-7.041463607274816e-05	-0.00017803009187273362	0.003174895050068682	-5.2315250336621824e-05	-0.00015796536961914945	0.0027921268156976442	0.006763190170256014	0.02419166274129829	-0.0002771873158321029	-0.0036127388630832324	-0.012155802135884535	4.886766990187524e-05
12.620000000000001	9.789032163137051e-06	9.312485529631203e-05	0.003196295277015374	-7.293828530798226e-05	-0.00023295345175659016	0.0027727867746347138	0.008654867733239792	0.027838473234835962	0.0032287046113575004	-0.00036252307744614456	-0.002191864962320717	-0.0027410059165057367
12.63	8.658204292587633e-05	0.0003253803607395523	0.00321880019175187	-5.841603270076449e-05	-0.00019448011033398475	0.0027541948255592756	0.005938116179384693	0.01628549983689899	0.0007455911479439513	0.003182344248270305	0.00958810524549842	-0.0006078991310251666
12.64	0.0001179930952616654	0.0003896316701935517	0.003208844998864447	-1.4697339429055336e-05	-5.759432756294766e-05	0.0027626102879842935	0.00011979382367627683	-0.0038613611733905135	-0.002528221783051576	0.0051823113890817115	0.016616285647501217	0.002137712642318234
12.65	9.029693934649915e-05	0.00026044645193997384	0.003179701297565408	3.6359869500962694e-05	0.00010879320813551932	0.0027880222278557705	-0.0052652414101107894	-0.020459191774641214	-0.00222165310900175	0.004497801682749512	0.014971228259562827	0.0020873440450049734
12.66	2.091726327789935e-05	1.0623260923589419e-05	0.0031852413262745327	6.782553039004175e-05	0.00021768761741740433	0.0027855376561950473	-0.008205969007184196	-0.02810031441145482	0.002984637887518811	0.0016516736576829246	0.006292915151228986	-0.0023087378565052486
12.67	-6.0682981309526706e-05	-0.00025461042915416577	0.0032149192747046727	6.677019565236596e-05	0.00022267000697550829	0.0027625336841620883	-0.0072821351011325705	-0.022208096033002125	0.0020327623446634675	-0.0019179014007835635	-0.0055744049842107535	-0.0015902729909553703
12.680000000000001	-0.00011115510607794542	-0.00039102304447777997	0.0032175298432465496	3.244386010560282e-05	0.00011557171117203266	0.002759655133289057	-0.002321049852556612	-0.00386937731576116	-0.001525189665226533	-0.004646203586942405	-0.014883462863680742	0.001045330121170206
12.690000000000001	-0.00010422380203260025	-0.0003287379880409528	0.00319029068301011	-1.837357796632101e-05	-5.031301662820057e-05	0.0027793526388443395	0.003559567086682369	0.015434881397840496	-0.003233349178840249	-0.00506300503742358	-0.01676260454942776	0.0024036498404014124
12.700000000000001	-4.768303831439154e-05	-0.00011249459720989974	0.003175931722165605	-5.9113775764695695e-05	-0.00018850260296360375	0.002789242045070548	0.007365603386388844	0.02639808794703275	0.001350170618447823	-0.0027750004173432655	-0.009857319761288287	-0.0012778223558929705
12.71	3.341234884433178e-05	0.00016449148704222345	0.003204070279567769	-7.069870175456011e-05	-0.000235596274790855	0.002765702887334336	0.008112859145774073	0.026353012486149636	0.002976607612599442	0.0006012225555702802	0.0010852756580816314	-0.0023134901686188447
12.72	9.89323070478731e-05	0.000363094055029577	0.0032197688230071043	-4.7538621507180727e-05	-0.00016623199637589962	0.0027544733850168356	0.004331992551628958	0.011440075527655217	-0.00016065805216990657	0.0038430842520026163	0.012168748729187011	0.0002779062913313936
12.73	0.00011281415118725456	0.0003744203322645525	0.0032017953810299527	-4.5280527441849743e-07	-1.2630436731421028e-05	0.002769983143549285	-0.0015971027693842403	-0.009057234873364432	-0.003022022607118766	0.005148933889002227	0.017240641279586435	0.002547503083522693
12.74	7.171483837817378e-05	0.00020410925553138298	0.0031756762080333463	4.646137918075752e-05	0.00014671781110268202	0.0027925627413425084	-0.00617597710590038	-0.023353316637776792	-0.0009173926014183696	0.003748941593854861	0.013052484933703085	0.0008560347715738596
12.75	-3.356968932394257e-06	-6.423402906093608e-05	0.003193489490410446	6.933529180553767e-05	0.00023183175581845104	0.0027783901738960342	-0.008297645354628564	-0.02836803919868098	0.0033077772378828155	0.0006816920431882855	0.003383399855065737	-0.002636849406108422
12.76	-7.890377165651736e-05	-0.00030989713562936826	0.003218956577975328	5.8615032338067595e-05	0.00020521324041672664	0.002758539261480095	-0.006048542137259267	-0.018275303857629707	0.0011605182114954751	-0.002756675899482218	-0.0085441512318072	-0.000905858555077962
12.770000000000001	-0.000113333254529033	-0.0003960082257789122	0.003212515429697301	1.8732008104650997e-05	7.528355689591544e-05	0.0027630993719977752	-0.000544528950147809	0.0017190163830585956	-0.0023153758320400607	-0.0048795523484413865	-0.01631770936774448	0.0017170335074225775
12.780000000000001	-9.039757905471921e-05	-0.0002839582180196347	0.0031826236404707713	-3.0621125616433735e-05	-9.312672804749442e-05	0.00278569883487776	0.004786324809533277	0.019300059918877087	-0.002690081515449243	-0.00450447399440612	-0.015705126760853283	0.0020835111000269057
12.790000000000001	-2.567493290721743e-05	-4.072042117164127e-05	0.003181427738331817	-6.356688355073629e-05	-0.00021190247214556354	0.002785119562439576	0.007831472342344851	0.028011020785001225	0.0025421096995932105	-0.0019009027126735808	-0.007444614289774035	-0.0022545135538248736
12.8	5.3799860168466766e-05	0.00023177726353273105	0.0032106221655456464	-6.611757919175244e-05	-0.00022941373645567705	0.002760617829773615	0.007288577749347578	0.02371167893630256	0.002293427384100821	0.0014758747472017474	0.004316654364895264	-0.0018290735785527472
12.81	0.0001057987308182461	0.00038799515024272194	0.003217312149428391	-3.6047411366380815e-05	-0.0001321804302166323	0.0027559732317904667	0.0026385437005894737	0.006076488208694796	-0.0010810781910250357	0.004270722995817111	0.014262397273225922	0.0009569206294138496
12.82	0.00010322760520660405	0.0003456223005760083	0.0031933950737251353	1.2273232479337783e-05	3.207190726545171e-05	0.0027765473805858813	-0.0030499576946215936	-0.01382996271995595	-0.003122327928053963	0.004941361884217784	0.01709817294062237	0.0027294458700189905
12.83	5.1999638025272536e-05	0.0001404609494624057	0.003175984547197003	5.34761594102059e-05	0.00017780421207164385	0.0027929262524428768	-0.0068030197623909485	-0.025680480461994358	0.0008439689350677433	0.002936700584061663	0.01086339069500559	-0.0005108162865329737
12.84	-2.5029621537833825e-05	-0.00013659223882321478	0.003202913426172559	6.775769631039588e-05	0.0002362735563939199	0.0027723074027304027	-0.00792201565577634	-0.027212742437745636	0.003160864808577638	-0.000219781438540024	0.00018462062103224023	-0.0024745457136880335
12.850000000000001	-9.123799222698223e-05	-0.0003511934929659582	0.0032213392855873386	4.8969011380427916e-05	0.00017851862677092844	0.0027575580757840177	-0.004645919807334333	-0.01359693302999072	0.00015850016479229914	-0.0034005157767895387	-0.01125065528830669	-0.0002172419825900648
12.860000000000001	-0.00010993453025344671	-0.00038479224121272683	0.003205605101202316	5.524344556330428e-06	3.0612015085220925e-05	0.0027683355106061687	0.0010213862447507598	0.006961011193693557	-0.00296682872635553	-0.0049254180147528135	-0.017085588266252755	0.002152750282346208
12.870000000000001	-7.431584394119997e-05	-0.0002302715399483099	0.0031764723662922323	-4.06623010166547e-05	-0.00013266024409582032	0.002789977742029596	0.0056834999349136455	0.022309091995160853	-0.001615697570799563	-0.003846301848029297	-0.013884855410202408	0.0011564761947181978
12.88	-3.675763238191574e-06	3.217735244297189e-05	0.003188565116790478	-6.593920380045392e-05	-0.00022765466864269073	0.002778250105318242	0.007992297048980437	0.028473848742769793	0.0031692985853244557	-0.0010719020449605262	-0.00456517679605771	-0.0026883463010137494
12.89	7.125111067725982e-05	0.0002881512817303892	0.003215873493542702	-5.968247187094925e-05	-0.00021296635136545388	0.0027561746501610293	0.006245064444407844	0.020075264538391473	0.0015448627573469644	0.0023099945696253253	0.007478143405443801	-0.0011799047257782956
12.9	0.00010963480139578528	0.0003960496561570043	0.003213340444872283	-2.368990593887778e-05	-9.07043603472303e-05	0.002758788529552269	0.0010712295335050127	0.0005753442467093644	-0.0019753830690910188	0.0045766127173384	0.015909612401480276	0.001647326428095551
12.91	9.226855469528755e-05	0.00030371988938151655	0.003185305127315224	2.4277308515892458e-05	7.824447675608568e-05	0.0027829993808813343	-0.004288423525369492	-0.017852281645381843	-0.002806285547612805	0.004573570008790018	0.01624684451343925	0.0025332848395987627
12.92	3.177831333375257e-05	7.043431088847424e-05	0.003180469812255206	5.917193443290405e-05	0.0002050672673730569	0.002789312654526387	-0.007465864301238777	-0.027517621515407042	0.0023128529923156674	0.0021998853386688264	0.008419143752473381	-0.001720127319376282
12.930000000000001	-4.5961687560726306e-05	-0.00020577899588213486	0.003211004596596616	6.527366935439691e-05	0.0002338654806266752	0.002766053891704072	-0.0073334882378235	-0.024955074849180862	0.002637232856983041	-0.0010967670581899223	-0.0031555067759941532	-0.0020163267063345075
12.940000000000001	-0.00010090195218310573	-0.0003803509958544328	0.003220905117565636	3.89433564414203e-05	0.00014607455764664563	0.0027580982795602127	-0.003135260088856283	-0.008300042772311096	-0.0008756604191227492	-0.003939566474029818	-0.013647177268641513	0.0005558158336099318
12.950000000000001	-0.00010357269376591199	-0.0003593428613896245	0.003197223681484569	-7.025212882636451e-06	-1.58221232662403e-05	0.0027749550139208475	0.002520519717847193	0.012012475646622547	-0.003348273408366389	-0.0048753600087436	-0.01731094500866051	0.0024558305345903004
12.96	-5.6484374711378615e-05	-0.00016665338335867866	0.003174074519429766	-4.897497680103434e-05	-0.00016798185242166707	0.0027917598723457356	0.006474802539178949	0.024914685187244847	3.396119509772244e-05	-0.0031494464577308846	-0.01172576298487199	-0.0002520860885768366
12.97	1.799556091684868e-05	0.00010914164585873023	0.003196965931866388	-6.628906317723675e-05	-0.0002368711923087298	0.002771356865068031	0.007811377485377683	0.027907369599350456	0.0031647795706671394	-0.00017294455108644424	-0.0013916183554035938	-0.0026488141574178637
12.98	8.499906460989711e-05	0.0003375545582308615	0.00321803186286772	-5.130669483068363e-05	-0.00019003547506198556	0.002754432684674648	0.004927490557973929	0.015491949748126477	0.0005794813250359426	0.003030402683490798	0.010376484062813137	-0.00041079692571141307
12.99	0.00010786854674544413	0.00039162880090649703	0.003206673282454349	-1.0410516776980319e-05	-4.7330096881797854e-05	0.002764194305623845	-0.0005194851657410565	-0.004992578859304358	-0.002605883638373761	0.004773808969112629	0.01697485826668906	0.0021835323152543766
13.0	7.692194279673243e-05	0.00025244642856285396	0.0031787035828361515	3.609547908529477e-05	0.00011990062396859541	0.0027888454798676906	-0.005277681962951315	-0.021286074388559773	-0.0018877651758039573	0.004029500898336564	0.0147544329186644	0.0017947419376724925
13.01	1.0008999067677274e-05	-4.308403046455303e-06	0.00318765963754493	6.391068405199219e-05	0.00022483718647292616	0.0027835448360528535	-0.007732936987265816	-0.02854574862540819	0.003116461062761752	0.0013872482387208395	0.005702403202993068	-0.002363748988868444
13.020000000000001	-6.441376151212821e-05	-0.0002689228388401409	0.0032165205641876346	6.096874499431219e-05	0.0002219899068113507	0.0027619041150522745	-0.006390564499455959	-0.021655932412215435	0.0017872203857416775	-0.001976260402310113	-0.00638221216891251	-0.0013609826297013205
13.030000000000001	-0.00010562924809087426	-0.000396189762132844	0.003216387002453639	2.7586712856803416e-05	0.00010775663161928597	0.002761230526265635	-0.0015075132732370285	-0.0026885753516998055	-0.001782065750419313	-0.004415395613603834	-0.01547018463429944	0.0012392321388670217
13.040000000000001	-9.317537903268697e-05	-0.00032203029487551355	0.003188027264614073	-1.9674922978846487e-05	-6.11838795433678e-05	0.0027818175732136114	0.0038008610241212644	0.01649190979327125	-0.0031445383746072854	-0.004611921478305419	-0.01676730190529026	0.002344749573535215
13.05	-3.708762085332459e-05	-9.76901531018919e-05	0.003177014482461438	-5.593043221050864e-05	-0.00019648128174811592	0.002789094421219742	0.0070408546073703815	0.027017631236078667	0.001733640189738701	-0.002408876866422249	-0.009423642865138325	-0.001580579074621402
13.06	3.8237948354451074e-05	0.00018118114151164915	0.003205956894295657	-6.503847701814952e-05	-0.00023729376930697326	0.0027645245820016157	0.007311243602639675	0.02601736638398725	0.002802356091324821	0.0007249287401507434	0.0018772630136436612	-0.002286261014441762
13.07	9.514352406166844e-05	0.0003721789025098725	0.003219246337821694	-4.202229902504611e-05	-0.00016027353546868274	0.0027543332077868913	0.003520914922105687	0.010379252691835183	-0.00041334632478338203	0.0036789968066276474	0.012842518599856056	0.0003969857071582907
13.08	0.00010289194072048274	0.00037185786538992	0.0031992234990346957	2.4345076165452006e-06	-1.931472802474282e-06	0.0027709005955899326	-0.0019766329913247	-0.010193893561078906	-0.003122505128266971	0.004805533715846006	0.017446710690126786	0.0026090796321097814
13.09	6.070263127883635e-05	0.00019250017076495154	0.0031743974019765573	4.545870776171019e-05	0.0001564922033280156	0.0027923786299358278	-0.0060467170245895	-0.024039586699165918	-0.0005078016006353299	0.0033495261909336545	0.012693531184473054	0.0005323886482169185
13.100000000000001	-1.0715018068411952e-05	-8.0319845671056e-05	0.00319518952902197	6.540357337286887e-05	0.00023647548237891238	0.0027763571242264374	-0.007675071613349364	-0.028409671930595473	0.003370202013931402	0.000511750531774161	0.0026551617928564307	-0.002633830413503932
13.110000000000001	-7.874297569474182e-05	-0.00032164839603310974	0.003219571714106507	5.381521234579161e-05	0.000201779700570805	0.0027575897385839735	-0.005243198237376218	-0.017417767156350378	0.0009573579561441487	-0.002744428187817588	-0.009339394757728896	-0.0007101579685526366
13.120000000000001	-0.00010609310642962392	-0.0003970925208379476	0.003211299550445172	1.520801923423239e-05	6.563709929197752e-05	0.0027642717977922494	8.663272644742566e-06	0.0028998196406456456	-0.0024312186034599562	-0.00466102260960382	-0.01673630064755498	0.0019000773446739777
13.13	-8.01224293415219e-05	-0.00027426928127327225	0.003181520015195003	-3.1319581736440076e-05	-0.00010375140487794784	0.0027877217147060265	0.004840260057773487	0.020184095106745927	-0.002470399536451183	-0.004169085551402148	-0.01545764518219939	0.001989074233166243
13.14	-1.6753962113677936e-05	-2.4202956657129256e-05	0.0031837153505799055	-6.1215644296781e-05	-0.0002178711501243745	0.002785099172359398	0.007480868130640864	0.028432563117522253	0.0027489230564401424	-0.0016435609553557312	-0.006836524616222909	-0.0023702634532080233
13.15	5.725006262019578e-05	0.0002475623410166855	0.0032126620344852795	-6.15969762120894e-05	-0.00022792800069332663	0.0027609207932582317	0.0065783803396436994	0.02311898972933836	0.00208012905534188	0.0016332314340147208	0.005104430866271986	-0.001709186847643695
13.16	0.00010225318075140704	0.0003940251394147249	0.003216366039586024	-3.135224453508304e-05	-0.00012390332099029505	0.002757122688690211	0.002016759365467974	0.004823194683616038	-0.0014062381333419707	0.004161019042008754	0.01476223773425597	0.0009852296897434095
13.17	9.487295195568069e-05	0.00033908814297023963	0.003190243639954729	1.4665029808743342e-05	4.298753626775727e-05	0.002777407132634691	-0.0033605120779874936	-0.014978186431605582	-0.0031433176217094457	0.004620986393500823	0.017093788711342733	0.002593046165915627
13.180000000000001	4.248733974495749e-05	0.00012496456429866024	0.0031755892801704224	5.2509691943320703e-05	0.0001857587632988147	0.002790703684862734	-0.006737353364972132	-0.026383624082109678	0.001285759933233294	0.0026589532888272632	0.01036338146995439	-0.0008768482204591482
13.190000000000001	-3.171499588496869e-05	-0.0001551380094381425	0.0032041104273962517	6.455461136703343e-05	0.00023810635281371845	0.0027691662148943345	-0.007393774933972333	-0.027004055581868757	0.00306624019969974	-0.0003845072149834837	-0.0005410884080768542	-0.002315794423858911
13.200000000000001	-9.105280268680808e-05	-0.0003621637599485359	0.0032209356919792823	4.487537761486598e-05	0.00017290551476349797	0.0027566758941922503	-0.0038727867230430725	-0.012372005659155704	-5.540353541211937e-05	-0.003398075809106244	-0.011897197001166081	6.441579997263697e-05
13.21	-0.00010264029152529508	-0.00038216945521923207	0.0032034414159928305	2.789405849320772e-06	2.029217110546401e-05	0.0027700471473984167	0.0015996619282589394	0.008341705283604896	-0.00307737391468372	-0.0046552492222556915	-0.017326845613730223	0.0023671500936917147
13.22	-6.366063272429619e-05	-0.00021643845928340778	0.0031754447945515603	-3.993104608001853e-05	-0.0001421151031275718	0.0027922409953194944	0.005770770491269881	0.023141261969831094	-0.0012240859324849555	-0.0034856450724316747	-0.013509770982467214	0.0009747664505970993
13.23	5.3025737547594135e-06	5.206244776859334e-05	0.003191088594529526	-6.222087918747557e-05	-0.0002321045714256417	0.002778942591242772	0.007568889121153199	0.028685836145272915	0.003251585851193017	-0.0008449800462993181	-0.003908417954306147	-0.002698639464480961
13.24	7.404880494767584e-05	0.0003040770789508575	0.0032171861205403823	-5.447109553874523e-05	-0.0002103247538448049	0.002757638735913685	0.005461329205308737	0.01915585450093021	0.0012938315255927183	0.0023522437467326574	0.008173933990234616	-0.0010612660763350162
13.25	0.00010432940273087836	0.0003995826846194315	0.003212087567597203	-1.933178571795432e-05	-8.249026875756697e-05	0.002761136334508226	0.00034343983529432813	-0.0008142047780980209	-0.0021841802617622876	0.004382125032552919	0.01628021942698786	0.0016802699426580847
13.26	8.159960996428046e-05	0.00029430558055148213	0.003183082936127364	2.5658136864480185e-05	8.750202039842285e-05	0.0027844545056726483	-0.004562911095747993	-0.01890526910026714	-0.0026984583069484726	0.004187986278102039	0.01605003644176931	0.0022842849173895104
13.270000000000001	2.05982852180596e-05	5.29255933494114e-05	0.003181135876807064	5.6894377680192264e-05	0.00021047086329949982	0.0027865969256341125	-0.007278076067670927	-0.028035739921738176	0.0025118352084337924	0.0018910993191412343	0.007872289751211993	-0.0020433892734079847
13.280000000000001	-5.281570123127943e-05	-0.0002231747496404636	0.00321119387829448	6.066844348818503e-05	0.00023249264109205143	0.0027626115048130975	-0.0066418342014985905	-0.02437972889647348	0.0024079138769055107	-0.001191445557747348	-0.003906634714319044	-0.001914195437027927
13.290000000000001	-9.9771056587557e-05	-0.0003875860008088317	0.00321850822448595	3.469729457048874e-05	0.00013824602015286746	0.002756552709059294	-0.002291634185252205	-0.006965204639358593	-0.0010843011548592233	-0.0037954910982711974	-0.014107980348806424	0.0008034027611730232
13.3	-9.539494890586922e-05	-0.0003532388212913563	0.0031939580265235	-9.249217189510604e-06	-2.6040043446877136e-05	0.002775692003695614	0.003057510814960458	0.013218645303730587	-0.0032777524259409107	-0.0045812050933894954	-0.017283206734184344	0.00263406236151141
13.31	-4.550962257800435e-05	-0.00015186773187659844	0.0031742130558509106	-4.799573017593561e-05	-0.00017485067938598613	0.0027922328953286215	0.006521700450198938	0.025511497910150116	0.0005914243820217268	-0.0028426685200513635	-0.011211087498642639	-0.0004150463739258374
13.32	2.7218385493685143e-05	0.00012609328511827765	0.0032004251121533394	-6.309668051381788e-05	-0.00023766954877705896	0.0027712681968670313	0.007398119939504086	0.027621650303518125	0.0032667566076674836	-2.646027965792076e-06	-0.0007031949704280984	-0.00255920995814221
13.33	8.829559812605226e-05	0.000347126312179161	0.00322088649586846	-4.751501438533001e-05	-0.0001843992165581046	0.002755755255739822	0.004180412358751139	0.014385545877715677	0.0003917451487969527	0.0029892291034461817	0.010909397799826385	-0.0002605732749717004
13.34	0.00010353116631919093	0.00038887038680579625	0.0032074849275470904	-8.148162991754126e-06	-3.8058981320801766e-05	0.002766654156749	-0.0012284916330695596	-0.006224126768887107	-0.002817073854661459	0.004540110080910083	0.017078066515291437	0.0022331683374022574
13.350000000000001	6.745407428009338e-05	0.0002393950127006274	0.0031784839337857707	3.557043555871826e-05	0.00012754720502075473	0.002790170703503258	-0.005570527612534414	-0.022026024680712516	-0.001803714369315212	0.003724414063784987	0.014344765500228724	0.0014795493344744828
13.360000000000001	-1.4237683776978957e-07	-2.2186572828629278e-05	0.003188325775536896	6.086461066638156e-05	0.0002276610991670246	0.0027813837127673917	-0.0075215596462389085	-0.02865956378282465	0.003005667656388095	0.0011996573517957891	0.005142565119731044	-0.0025623350036010225
13.370000000000001	-6.961714166718395e-05	-0.0002826041234471763	0.003214742341471357	5.6861943989189155e-05	0.00021864589514855663	0.0027596696141967553	-0.005683238495632108	-0.02075290659721251	0.0015161273286567855	-0.001978192725987794	-0.0069702238633779405	-0.0012340785808297521
13.38	-0.00010335829789149558	-0.000398346041145423	0.003212484178176853	2.4648836433859907e-05	9.99028019035875e-05	0.0027611148166252378	-0.0007802022492621191	-0.0013887330645410392	-0.0019254913824263999	-0.004180709123275894	-0.01574384360812679	0.0014838210152042547
13.39	-8.492084203708241e-05	-0.0003127031263548352	0.003184507202399004	-2.0047176310069158e-05	-6.942010183745154e-05	0.0027836340464931666	0.0042066723416624785	0.017375055105895633	-0.0028933561233420793	-0.004337162530523188	-0.016511907870438894	0.002396872819444269
13.4	-2.680207153472714e-05	-8.260143504456468e-05	0.003178447802845639	-5.397234779341846e-05	-0.00020035100666655832	0.002789008901062761	0.00706631520681758	0.027337304559632514	0.002287304062572546	-0.0022503906634333904	-0.00888769852590966	-0.0018618450774672707
13.41	4.6341301727068246e-05	0.00019527738757509023	0.003210239859958797	-6.195578043532034e-05	-0.00023474535359219298	0.0027636937528386046	0.006839506592211143	0.025448697643480338	0.002850661804221843	0.0007963744062530405	0.0025711189368610747	-0.0022173481508735026
13.42	9.67741671067327e-05	0.00037729050342067365	0.0032224911185106528	-3.909095736424513e-05	-0.00015180768798496333	0.002754216528167458	0.002758736853886671	0.009207785617260227	-0.0006329589648045266	0.0035634052289240862	0.013278292962057868	0.00045990876135226983
13.430000000000001	9.726197150083875e-05	0.00036529976828681554	0.0032000224522023626	3.2739942791991015e-06	8.634141439508708e-06	0.002771424065234586	-0.002584778391545866	-0.011253221795387042	-0.0033690587900296405	0.004545356970988777	0.01737853059410152	0.0026523619759337993
13.440000000000001	5.1234787719855305e-05	0.0001779115101576486	0.003174530785928147	4.3541060888382324e-05	0.00016336209739896258	0.0027919930919525866	-0.006207630400956667	-0.02461124111583303	-0.00038406031945803964	0.0031224232788681005	0.012132924142888654	0.0003240280085390024
13.450000000000001	-1.9439262967928064e-05	-9.731363917909196e-05	0.0031952013502256076	6.202466166790639e-05	0.0002368046437187643	0.0027752686004979105	-0.00736348230169465	-0.02819432304214584	0.003190201698321454	0.0004329008348983735	0.0019470464364488987	-0.0024958957931303046
13.46	-8.232972963211326e-05	-0.00033188924889071244	0.0032175110450555107	5.056688254114316e-05	0.0001951829936913034	0.0027583096079668154	-0.004574871704043274	-0.016358891048605932	0.0007687807710256481	-0.0026464396803106303	-0.009929670436550356	-0.0005679169469135416
13.47	-0.0001027200192094227	-0.00039493472592527426	0.0032080398838980058	1.3923869116588755e-05	5.526162559330332e-05	0.002765709352365811	0.0006262041929708666	0.004155364400620145	-0.002432790688374726	-0.004407973357137245	-0.01683666185383782	0.001923506659079453
13.48	-7.232902993021815e-05	-0.0002617969718406334	0.003180566772028678	-2.9666777159761712e-05	-0.000112396019211101	0.0027883852677051974	0.005078672005295808	0.020915172667872562	-0.002019654146783712	-0.003883791067614101	-0.014989691067104181	0.0017312779673497017
13.49	-8.662768178119879e-06	-7.172939742798318e-06	0.0031874135081494353	-5.743115302647105e-05	-0.00022090240911944964	0.0027829985391643443	0.007304988086979365	0.028530364583597943	0.00298241464422839	-0.0014976911771612342	-0.006152214968100926	-0.00243640133427534
13.5	6.149040171756757e-05	0.00026050367627144437	0.0032159479844570855	-5.7191169657794664e-05	-0.00022315197559338968	0.002759991307241187	0.006008629228216833	0.022239377421695336	0.0018500299756365262	0.0015782022183894644	0.005893340525512125	-0.0015032032079311123
13.51	0.00010019340515505975	0.00039538544230786345	0.003216756661908256	-2.8299603848015852e-05	-0.00011300669992386932	0.002758628850714162	0.0013724728805620079	0.0035370593535732466	-0.0016956140491857974	0.003940104340201755	0.015171797758381237	0.0012262855135473474
13.520000000000001	8.771912213577273e-05	0.0003289710001472806	0.0031886966978644277	1.4928126123242052e-05	5.482118731780192e-05	0.0027799876605551625	-0.0036664173804167362	-0.015880610037472664	-0.0031960471565009997	0.0043191750732195664	0.016823358486451955	0.0025204727174045725
13.530000000000001	3.428702515671676e-05	0.00010867987945201845	0.0031756864234495827	5.0085191917943755e-05	0.00019206564275070116	0.0027901968194105607	-0.006681359560155519	-0.02676889340018205	0.0015531666582048846	0.0024350935218762017	0.0096723250726045	-0.0013316076383125136
13.540000000000001	-3.709997476446714e-05	-0.0001708424760367492	0.0032048142088756974	6.084565357586265e-05	0.00023654939228832564	0.002766318206245638	-0.006917549343826603	-0.026423791285345277	0.002970356570970414	-0.00044503529535797883	-0.001398906025647223	-0.0023423454098378256
13.55	-9.046814336675761e-05	-0.0003680144996139349	0.0032199968023172844	4.138588323094835e-05	0.0001641040821148626	0.00275500053964849	-0.0032389938444314257	-0.011102430764067497	-0.00022253734684325965	-0.003273312272276254	-0.012432442196899915	0.00026341546880543775
13.56	-9.670238656607305e-05	-0.0003750063805295735	0.0032017157191181964	8.923169959556119e-07	8.733520905218986e-06	0.0027701986822753627	0.001978857279621461	0.009488084305296211	-0.003029952723369364	-0.004467719997511286	-0.017294680246204383	0.0024851501667793614
13.57	-5.6010068883027606e-05	-0.00020080893728355683	0.003176413685478615	-3.970484071914333e-05	-0.00015031271722329887	0.002791792619108166	0.005758431264937984	0.023670861383938837	-0.0007399501377550266	-0.003246901049831935	-0.012921569408822666	0.0007312529049652577
13.58	1.1384292432574687e-05	6.96063413485745e-05	0.003194557349160274	-6.012402929021133e-05	-0.00023357839083350195	0.0027776902814251724	0.007227130693100934	0.02841607517568016	0.0031734665157647384	-0.0006931571295798374	-0.0031101095192190703	-0.00252830181110316
13.59	7.498405205434438e-05	0.0003142355616457076	0.0032183210694203676	-5.150787781209424e-05	-0.00020368274379483291	0.002758728189476208	0.00485829625846545	0.01804112205991174	0.0009581211732510006	0.002349339797312053	0.008884924924600966	-0.0008426653305911822
13.600000000000001	9.966817539525085e-05	0.00039715466541933393	0.003210238743648693	-1.742673115046665e-05	-7.09720527345724e-05	0.0027637590037026833	-0.00010301851436292009	-0.0020836417647461117	-0.002396886550338247	0.0041801092019052855	0.016514981412832783	0.0017707361504726024
13.610000000000001	7.440929671815886e-05	0.0002814700316325037	0.003180568379438768	2.5168241887776143e-05	9.796638931870365e-05	0.0027865520848147935	-0.00462167567887066	-0.01962879286541223	-0.002547256308898957	0.003932135856571119	0.01559971522290727	0.0020227981490327797
13.620000000000001	1.4707979725378755e-05	3.555219862581969e-05	0.0031819552798023876	5.4263988366671294e-05	0.00021449954806763218	0.0027848640480052094	-0.006991782136135758	-0.02817439376934046	0.002781937558026823	0.0017739526826219133	0.007137595024569571	-0.002331570175055788
13.63	-5.4134881045845005e-05	-0.0002369942494196382	0.0032129094901742327	5.7658736655856204e-05	0.00022835617970332075	0.0027600454888655024	-0.006097701408668807	-0.023535016847886822	0.002400256023184673	-0.0011802587071235197	-0.004692686770745597	-0.001849450649091211
13.64	-9.566393432614484e-05	-0.00038999935157682573	0.0032196475630557895	3.230188915945819e-05	0.00012768232410750592	0.0027554340956664476	-0.0018177170122481634	-0.005651222990727826	-0.0011615771343920253	-0.0036678074447581512	-0.01457464824871205	0.0009912917627842232
13.65	-8.827970608322309e-05	-0.0003432661810461815	0.003194507045331489	-9.625666967767565e-06	-3.856366540715136e-05	0.0027762192207248376	0.0031300149464271306	0.014236712188263731	-0.0032556937655400294	-0.004334204998252309	-0.017138177243453862	0.0026945986741968336
13.66	-3.9496893748558156e-05	-0.0001348096196688367	0.003176551889479158	-4.630888533747235e-05	-0.0001831707534359558	0.0027915967509216043	0.006272272939413834	0.025986835406012234	0.0007910755167984229	-0.0027079237333455684	-0.010632937026894317	-0.0006213938772383824
13.67	2.9366826847793216e-05	0.00014371077686739592	0.003201701779444422	-6.047326552935856e-05	-0.00023861714275919278	0.002771170402175841	0.006887440831825945	0.02716370475916093	0.002924514102600817	4.5636719823899686e-05	0.00020904245427993604	-0.002328179258100395
13.680000000000001	8.476910303414273e-05	0.00035560314797948784	0.0032182583681858875	-4.4822277621049405e-05	-0.0001767116773215011	0.0027578514249471824	0.0036593417772343637	0.013099141829494005	3.9497359647912395e-05	0.002950983020997578	0.01163353297686966	-7.755721867619793e-05
13.690000000000001	9.617472262351271e-05	0.0003837331880899417	0.0032022754467107423	-6.513782109987604e-06	-2.565035122082875e-05	0.0027697740537024106	-0.0014314909089819963	-0.007514457259185165	-0.0028775651493631667	0.004390778698447191	0.01728573027568556	0.0022210129909506224
13.700000000000001	6.043079536249786e-05	0.00022484257418627378	0.0031760008516066667	3.507071956598212e-05	0.00013765733001468218	0.002791089987940232	-0.005351054187313202	-0.022632930111332137	-0.001138628537288508	0.003466418318490168	0.013727512548038869	0.0009676323951869032
13.71	-3.966065549289006e-06	-4.024606466258277e-05	0.003192400321800321	5.813770895217109e-05	0.00023041656778394207	0.0027779576106616594	-0.007090337401248893	-0.028608507105740075	0.003379366455896849	0.0010120709335348119	0.004266557883114367	-0.0027183114608839752
13.72	-6.847759916886333e-05	-0.00029474985158966393	0.0032199855323497553	5.292280228865323e-05	0.00021209991800481663	0.002756061611174097	-0.005173401351617256	-0.019706487776765206	0.0014346733878546048	-0.0020375058635332672	-0.007872297692307777	-0.0011556889329202755
13.73	-9.78653109306793e-05	-0.0003978054887898164	0.0032154761105517684	2.0974838188859597e-05	8.663008567464497e-05	0.0027588648788791233	-0.00043900519407733094	-6.279327618053772e-05	-0.0022277943665949713	-0.004086106560971517	-0.016143581916547963	0.00166345858707786
13.74	-7.776314337218719e-05	-0.0003006982562565483	0.0031844621975767704	-2.195076731867228e-05	-8.323029878210142e-05	0.0027828449800392143	0.004171742731459064	0.01822868253412062	-0.0030276363548920318	-0.004069876997838052	-0.016192105895372347	0.0024716469736752837
13.75	-2.1636105765167604e-05	-6.448285908911564e-05	0.003178664755656238	-5.30265107146189e-05	-0.00020811268127720342	0.0027879140391172496	0.006739266209518791	0.027715789379134888	0.0022616291205669256	-0.0019701879640435047	-0.008105919103501186	-0.001821413374473281
13.76	4.698464816162694e-05	0.00021207007316649402	0.0032084906276422186	-5.850563417665276e-05	-0.00023340517676816868	0.0027649698451710706	0.006304216174104352	0.024803027318794517	0.002571938197498905	0.0009807531114006589	0.003526201517352344	-0.0018771728793307311
13.770000000000001	9.239712798070843e-05	0.0003834820631109371	0.0032185265234350503	-3.4984815210957586e-05	-0.0001424781958963196	0.0027584165813671667	0.00235211047832287	0.007875894456585406	-0.0007416014284373744	0.0035277338023874485	0.013876257151544329	0.0006660328504102016
13.780000000000001	9.026027233910939e-05	0.00035822640238271315	0.0031968981734330506	6.211679877969043e-06	2.0845914638100146e-05	0.0027761440149307436	-0.002676909894722439	-0.01238621292904307	-0.003057357350049849	0.004345317397673944	0.017335791527947203	0.0024869629829942894
13.790000000000001	4.486966524775833e-05	0.0001627900033258798	0.003177044500035733	4.368140227523872e-05	0.00017166193123742217	0.0027924398034554813	-0.0060050082334020425	-0.02513507433530539	0.00034692210818320653	0.0028165209119703585	0.011510123788759255	-0.00034299434852583184
13.8	-2.2558795811019283e-05	-0.00011418003894530284	0.0032009245400806603	5.9554533519537623e-05	0.00023783845214200467	0.0027717573814237937	-0.006912439039253556	-0.027865242825383264	0.0031053157570719403	0.00020158475201187184	0.001044499171884631	-0.0026258102495971946
13.81	-8.019575457436403e-05	-0.0003406424596499688	0.0032200664417339126	4.649258323390864e-05	0.0001876898223335142	0.0027551080316433703	-0.004018788981305036	-0.015191969301567345	0.00031445124554984726	-0.0027101154644437082	-0.01063914174383281	-0.00039299007673331736
13.82	-9.616345163209385e-05	-0.0003912337996613424	0.003206034752042555	9.82408278987993e-06	4.271258512488629e-05	0.0027648307037486503	0.0009232896178320252	0.005364958719080922	-0.002847139028548847	-0.004313573783529059	-0.017121780427563175	0.0021530969240584315
13.83	-6.4578024994167e-05	-0.00024890178231439306	0.0031768243346422514	-3.2181221623817784e-05	-0.00012431655468257095	0.002788282477626751	0.005030586205120468	0.021498113454331884	-0.0018224282109663417	-0.0036512443334018522	-0.014585547427131645	0.001580234103375979
13.84	-2.5553961109026277e-06	9.343393394018299e-06	0.003187053692114023	-5.747959258696799e-05	-0.00022666898227146216	0.0027808763981456955	0.0069900846510795095	0.02858796691291048	0.0031872583218789875	-0.0012697083509941095	-0.0053724349601738264	-0.002487007963348307
13.850000000000001	6.3171699126795e-05	0.000272536281141048	0.0032160433600348045	-5.473476304292564e-05	-0.00021998184295515027	0.0027588618855217866	0.0054733845053160516	0.02137015614809442	0.0018029135190987843	0.0018358043840257855	0.0067669771290138105	-0.0013133525282178302
13.860000000000001	9.668752005482084e-05	0.00039671351738084035	0.003216321215852033	-2.419904783380216e-05	-0.00010259486070209065	0.0027591375098001635	0.0009361751451433342	0.0023537258448567055	-0.0017597405905053949	0.003993996303822935	0.015684830214650034	0.0013679976303849813
13.870000000000001	8.107759115517724e-05	0.0003196437547602383	0.00318834289008858	1.864726171401566e-05	6.72880439582953e-05	0.00278129917374684	-0.0038367698089773585	-0.01670152239269442	-0.0030571678292658964	0.004159551060921737	0.016696037724734436	0.0024779323903858373
13.88	2.710626022810344e-05	9.377574142044445e-05	0.0031784401984905554	5.15095375156989e-05	0.00020045953950527384	0.0027892830502074515	-0.006594481259084291	-0.02713197365425717	0.0017905496704125003	0.002189471381659532	0.009120822493717085	-0.0015530199243758858
13.89	-4.1818483862614504e-05	-0.00018515946809075404	0.0032071345127105875	5.9730355137859054e-05	0.00023741900319969734	0.0027657729477046753	-0.00650820020715224	-0.025908129256376145	0.002725543954522589	-0.0006953221943395129	-0.0023075101606835325	-0.002162481619132382
13.9	-9.050651302869052e-05	-0.00037387779893409737	0.003219187034714521	3.833462300962779e-05	0.00015643368255924487	0.0027561991754320916	-0.0027705663661083007	-0.010051065772203273	-0.0005436275393804549	-0.003378800139649168	-0.01314474229160028	0.00041356190981039717
13.91	-9.24898797468077e-05	-0.00037026366984240085	0.0031984548555357697	-2.2683365036283806e-06	-3.5868798083404585e-06	0.002772629293723481	0.0023007706180136304	0.010463367965650497	-0.0031353304378795633	-0.004384464373253885	-0.017473508140115526	0.002519074826110804
13.92	-4.9887538069558193e-05	-0.0001891554108010194	0.0031747717661782353	-4.1510859970210203e-05	-0.0001603664338016367	0.0027924619950638256	0.005814165074418095	0.024149746023540967	-0.00026001634684415546	-0.0030858832509453944	-0.012387984456714933	0.00026696611387714333
13.930000000000001	1.7000193106607026e-05	8.393177113513453e-05	0.003197105559367465	-6.011244650840776e-05	-0.00023677872870928534	0.0027747881537712213	0.007033799608897682	0.028305417930215175	0.003402927310482361	-0.0004901171942271631	-0.0022466536719370827	-0.002675264460909042
13.940000000000001	7.741774552488322e-05	0.00032338588991795853	0.0032212513532391958	-4.936587046675771e-05	-0.0001981187514600843	0.002755944436139696	0.00444532066971628	0.01715815988572847	0.0008677144143732296	0.00255536082526288	0.00967180540794229	-0.0007082916550248317
13.950000000000001	9.793339646425072e-05	0.00039613069643975256	0.0032114181277335847	-1.3290770912911309e-05	-5.95788712468741e-05	0.0027627930473131815	-0.0004890192138849618	-0.003156983210099361	-0.002629150997876875	0.004347854053478293	0.016838895367713127	0.001960718530139883
13.96	6.982952090709465e-05	0.00027162758444826656	0.003180649274218544	2.986986335261521e-05	0.00010920543035634259	0.002786786529052241	-0.0047915589357722145	-0.020269464609897085	-0.0024783862135075913	0.003874572400967466	0.015244422130510245	0.0019632238346345425
13.97	9.015095145768384e-06	2.0808891005965198e-05	0.003183169440391806	5.780327355025298e-05	0.0002203158649992045	0.0027839697073455765	-0.007024159933916069	-0.028468450514837835	0.002747078835176058	0.0015715205868132968	0.006455503449222327	-0.0023074253969595855
13.98	-5.8586040809066654e-05	-0.0002501327697576067	0.0032119672866191707	5.819699812726191e-05	0.00022638557364314891	0.002761031590846238	-0.005793393947267835	-0.022956610375359073	0.002086549331409582	-0.0015366226768405552	-0.005489232329448755	-0.0015617909354823463
13.99	-9.614720799441539e-05	-0.00039446151541736225	0.0032160523515063536	2.9652551909581994e-05	0.00011923814780020864	0.002758781059681306	-0.0013736138900577244	-0.0046191065091070295	-0.0013400308596321466	-0.003925453432931437	-0.01500612200382895	0.001133812969176673
14.0	-8.452535737190385e-05	-0.00033779579850359343	0.003190911292755835	-1.3731585143850089e-05	-4.858438045419661e-05	0.002779874940452438	0.003503401624004499	0.01507862738350637	-0.0030306720977960225	-0.004362966596361497	-0.017015235029918637	0.002569700885657736
14.01	-3.317267073762056e-05	-0.00012304123141506114	0.0031777065067371247	-4.9336984754595464e-05	-0.0001892158838863877	0.002791772394866346	0.006418346480411262	0.026455405708983665	0.0013890721041257621	-0.0025045794228056237	-0.010073462042873793	-0.0011074910995500715
14.020000000000001	3.5771018902615354e-05	0.00015684364494904815	0.0032064147838314913	-6.091131890627458e-05	-0.00023769459206798594	0.002768465066903607	0.006726738766200305	0.0268718420831981	0.0030100451423318232	0.0003524850527637287	0.0010081553795708365	-0.0024590330670295067
14.030000000000001	8.813280822696076e-05	0.000362276004970153	0.003221982266014185	-4.2482567057643765e-05	-0.00016820578963674056	0.0027550036488125044	0.0032530438083969884	0.012221910149083895	-0.00019552855965921563	0.0031735918906436807	0.012272736487135144	2.964712720136158e-06
14.040000000000001	9.507750769857129e-05	0.00038081272630366664	0.00320316695177131	-2.7873798333007016e-06	-1.3166417602810666e-05	0.0027681470987008855	-0.0018726014738851384	-0.008460304958643913	-0.0031654550058149563	0.004422729295572131	0.017400833606741863	0.002348664595361906
14.05	5.563014841528827e-05	0.00021423096703366453	0.0031750303757995765	3.7751140978720924e-05	0.00014826786009211737	0.002789932677142162	-0.005601172066275352	-0.023231802124203785	-0.001145606458430664	0.00328548630186305	0.013261094405612059	0.0009182672296917385
14.06	-1.005747503710555e-05	-5.496497042067545e-05	0.0031909478480875923	5.862658769080628e-05	0.00023463750236705388	0.0027770150323166926	-0.0070957544591664715	-0.028690484964618092	0.003225074882468667	0.0007642072267742749	0.003441473248943585	-0.0025304861138668627
14.07	-7.321377934705432e-05	-0.00030630917208948665	0.0032168544057081696	5.0945769331094816e-05	0.00020789960861027876	0.00275810854659794	-0.004893958729215306	-0.019000388829601884	0.0013245226758305517	-0.0022504686281847627	-0.008644936335110383	-0.0008041036283060911
14.08	-9.871248447330387e-05	-0.0003999679210181354	0.0032122398899708756	1.7499386607948335e-05	7.635058506474525e-05	0.002763564607278055	-2.4997018497551724e-05	0.0010125011033878667	-0.0021225745765439757	-0.004122536600646355	-0.01651917984167364	0.0018073338030168819
14.09	-7.482997493042658e-05	-0.0002929004344398933	0.003184116409903469	-2.4867421775640212e-05	-9.426631989579138e-05	0.002786941245423965	0.004515183916169999	0.019041128726213958	-0.0025727999119712743	-0.003915896146249858	-0.015928397926852685	0.0021562620170667533
14.100000000000001	-1.6047159768698302e-05	-5.018481714481726e-05	0.003183308225261289	-5.396314997789481e-05	-0.0002146622027341145	0.002787137984325394	0.006911886524201962	0.028144050195585496	0.0025481167330309927	-0.001760214833958937	-0.007539643922312379	-0.0022279931214412648
14.110000000000001	5.277326006797907e-05	0.0002258814900028144	0.003212299244256893	-5.7415553540991064e-05	-0.00023254761490596045	0.002762076073633648	0.006144365748132162	0.024264982270172295	0.002230913138451528	0.0011637245370102476	0.004382943853373695	-0.0019421608979939432
14.120000000000001	9.509943849622248e-05	0.0003885827439846759	0.003217630111057691	-3.230700785931232e-05	-0.00013375398025942825	0.0027559380613725406	0.0019223390445534678	0.006768208246749081	-0.0012482228417876975	0.0036466914450109062	0.014486753668092978	0.0007745464937827847
14.13	8.88610710253916e-05	0.0003522581012095829	0.0031921355347309423	9.060516689443787e-06	3.286818202471736e-05	0.0027750122868470456	-0.0030565069465837954	-0.013390622331901627	-0.0032428318393156207	0.004277646931580118	0.01735867901194285	0.0026149609492369507
14.14	4.0731765915733275e-05	0.00014919232037849736	0.003173679817461275	4.539034114794843e-05	0.00018065255607140843	0.0027908552019707948	-0.006224906556001442	-0.02570810721824368	0.000778953027025546	0.002694831138802868	0.010965964682286217	-0.0005204077696472281
14.15	-2.798009556263936e-05	-0.00013015197339007038	0.0032009090770983187	5.972845183118847e-05	0.00023995605521040422	0.002770347498978572	-0.006903076662045182	-0.02764644476206983	0.0032707691450837737	1.119523853576454e-05	0.00023015442252868217	-0.002411450730205809
14.16	-8.396614383466261e-05	-0.00035040836948352957	0.0032211061726928896	4.498886602480653e-05	0.00018179418428648921	0.0027563915955535834	-0.0037727782656689236	-0.014235697970687973	0.0003579720134618128	-0.0028500496219522908	-0.011365805023116623	-0.00013692249227523865
14.17	-9.671022470097393e-05	-0.00038986271307911484	0.0032073072400204895	7.390969749538193e-06	3.191125939086775e-05	0.0027678793459242597	0.0012830746030773094	0.0065003850345535545	-0.0028199109742371624	-0.004347312512085959	-0.017313364761338556	0.002244037306359277
14.180000000000001	-6.194060714253238e-05	-0.00023799749247179898	0.0031786992944291006	-3.390376374332895e-05	-0.00013374806929478431	0.002790753583734019	0.00528900950320729	0.02226327075897933	-0.0016907367838055814	-0.00349213728671212	-0.014151712314989157	0.0013337894335779094
14.190000000000001	1.715009968991448e-06	2.5683709718191166e-05	0.0031895448555457596	-5.77063413960165e-05	-0.00023078977089733183	0.0027805960344366313	0.007043353304269173	0.028760081768803066	0.0030257597260142178	-0.001120883134704935	-0.004701619944128698	-0.0026200942012678317
14.200000000000001	6.638289715711864e-05	0.00028600850540102705	0.003215422275946284	-5.373304630241438e-05	-0.00021709900034162224	0.0027585120891783672	0.005251913478303402	0.020644439189160434	0.001417807317903716	0.0019165410658231194	0.007433188861010888	-0.0012377302986493063
14.21	9.693251235769236e-05	0.00039983137735005026	0.0032125205583971726	-2.283000415825631e-05	-9.427287843126768e-05	0.002760032961175213	0.0005918829212120161	0.0011312553628518565	-0.0019478072126465368	0.00401863012308644	0.01602575594386083	0.0015126007096586784
14.22	7.841335799210716e-05	0.00031147992506357157	0.0031847147868345037	1.9723772347843003e-05	7.619764422156752e-05	0.0027828573359824998	-0.004040535032114798	-0.017609885259585095	-0.0027896823201194318	0.004089639833866234	0.01644145457916734	0.0024291264796753352
14.23	2.343712046091433e-05	7.878773932434307e-05	0.0031797395988622684	5.184696137726069e-05	0.0002046277810947893	0.002788496322472155	-0.006637677125278862	-0.027597286692906488	0.0023011272296957963	0.00215793031467774	0.008514968059983368	-0.001781495336151303
14.24	-4.467974812021574e-05	-0.00020044739746147023	0.003210703839571424	5.9165582444890556e-05	0.00023434953992841525	0.0027643844243260968	-0.006304740272294009	-0.02544706266064935	0.0026911170390221534	-0.0007957143157847486	-0.0030686547465851107	-0.0021070062001768554
14.25	-9.061578391621882e-05	-0.00038064700918304383	0.0032211588872939653	3.6987685336570185e-05	0.00014712874941243592	0.0027557999578352995	-0.0024636893461805667	-0.008901380228538994	-0.0008132887805810755	-0.0034587027565585334	-0.013604517747196296	0.000524735882826822
14.260000000000002	-9.000921319630891e-05	-0.0003653033265385171	0.003197619736029416	-4.073647166349068e-06	-1.5145548241623552e-05	0.0027729192781748495	0.002499583919887658	0.011539018616105928	-0.0033697860729996554	-0.004395991385361505	-0.017419948951085857	0.0025331817788660257
14.270000000000001	-4.643850693372378e-05	-0.00017571338438456045	0.003173647660144613	-4.266493618825072e-05	-0.00016863078019048008	0.0027912813102447206	0.0058623066101543995	0.024777866756034005	-9.158330488034775e-05	-0.002965717260692242	-0.011839731534583033	-2.759718917174464e-06
14.280000000000001	2.006821824011025e-05	0.000100672807440225	0.003196398452015412	-5.993891970264164e-05	-0.00023842074241922455	0.0027728283898047867	0.006909257370682449	0.028202925941814328	0.0032680912744599104	-0.00035296857605165164	-0.0014891448754753263	-0.002555616368012491
14.290000000000001	7.866159325859654e-05	0.0003342042251916652	0.0032189634323190612	-4.8371878860338585e-05	-0.0001921215975036425	0.0027563640275880745	0.0041990153053530505	0.016185693200740266	0.0007302273313723197	0.002554165251734342	0.010346483139778082	-0.00042428621805944394
14.3	9.657244438921791e-05	0.00039536029331316795	0.003208738423522732	-1.273522383261298e-05	-4.912031901110594e-05	0.0027656179659551906	-0.0007299280295069962	-0.004342427256593139	-0.002563374195181536	0.004251417178953248	0.017043643157225563	0.0021166930106132423
14.31	6.684211284418436e-05	0.0002610377761675681	0.0031800190377672503	2.9061416149704535e-05	0.00011892879125413776	0.0027892436431475806	-0.004869568015445161	-0.02098294874860804	-0.002106382960991319	0.003696444355294302	0.014872701972173557	0.0017384605163814567
14.32	6.137929487572365e-06	5.612363087828461e-06	0.0031866282486323065	5.540897414865539e-05	0.00022479144519694643	0.0027831652386900436	-0.006917254757451778	-0.0286126820689962	0.0029534369376951687	0.0014745566202806015	0.005796506592562521	-0.002532422884970506
14.33	-5.94606198740868e-05	-0.0002620118920374099	0.00321483740265184	5.5193583876430154e-05	0.00022322283051771517	0.0027594234619672036	-0.00555019879710336	-0.022174896904275657	0.0018366502992084178	-0.0015401145117953797	-0.00629884298142408	-0.0015514841309763711
14.34	-9.485473770966538e-05	-0.00039590978933345847	0.0032157762052911817	2.729848921332283e-05	0.00010958377888908318	0.0027576525254865768	-0.0011819717608190362	-0.0034279054501768613	-0.00167712690948762	-0.003799856051469315	-0.015448657825682414	0.0011951951481965965
14.350000000000001	-8.196903444301475e-05	-0.00032864140825246234	0.0031883359790090236	-1.439754303605231e-05	-6.0008294731565426e-05	0.0027789871539379636	0.003564253812683235	0.0159303520377597	-0.0030722843524867136	-0.0041826875906958065	-0.01690816155229547	0.0025593242418814996
14.360000000000001	-3.059036701110352e-05	-0.00010781927218826029	0.003176903291414386	-4.8493693638101734e-05	-0.0001967484507802157	0.0027895135751252707	0.006376965400549505	0.026871095985505696	0.0016612221149092158	-0.0023956672310216716	-0.009512390962668184	-0.0012331555076486743
14.370000000000001	3.717847395474721e-05	0.00017270799855899794	0.003206237871773746	-5.913573918262906e-05	-0.00023815384683513393	0.002767233766713081	0.0064888200933249495	0.026484695082154758	0.002926977812178068	0.00041054682132865897	0.0018207780453650478	-0.002158611872984943
14.38	8.68074972112837e-05	0.00037041612519819414	0.003220297636016962	-4.081701176529222e-05	-0.0001613967449258436	0.0027569863576821273	0.0029695649411671213	0.011143671011147813	-0.0003654988501554553	0.0031031338772065085	0.012854742519184522	0.00027205022508072963
14.39	9.157556402457614e-05	0.00037727565343087435	0.0032006878881009554	-1.905724099729405e-06	-2.732150508223297e-06	0.0027718365664740163	-0.001994611299161857	-0.009580296104512179	-0.0031324746429754304	0.004332696447538758	0.0175022054476571	0.0024078294702360352
14.4	5.179082332817971e-05	0.0002021083283380429	0.0031752424459271238	3.7860116011978276e-05	0.00015643419811514045	0.002791919715442694	-0.005572506498992191	-0.023804102178588533	-0.0006465889229843025	0.003223526503624333	0.01276632868784945	0.0004930434464463241
14.41	-1.306383195091792e-05	-7.039117909231751e-05	0.0031947129544517947	5.8625493921222324e-05	0.00023697253665075696	0.0027754513088834813	-0.006896154654443757	-0.028636674400503426	0.0032990157406870106	0.0007342796059271239	0.0027321801999271784	-0.0026990489837566824
14.42	-7.338995082324909e-05	-0.0003164476107632526	0.0032192472164427836	5.063515779511466e-05	0.00020264043736548592	0.002755841148340751	-0.004578336310650799	-0.0180865414850445	0.0010209237379207503	-0.002256660522522155	-0.009351158603592372	-0.0008149303444228875
14.430000000000001	-9.599032662316884e-05	-0.0003990379914590714	0.0032114674372609817	1.7063433175185286e-05	6.579204552401607e-05	0.0027618505916633283	0.00024194633773721929	0.002191377394286658	-0.00240739367153438	-0.004132629310543459	-0.016834981456541477	0.0018699889021559291
14.440000000000001	-7.027942467974537e-05	-0.00028226520895832717	0.0031816119442849267	-2.5137990898410735e-05	-0.00010495638589961205	0.00278596284603953	0.004571229402965107	0.01977284930472419	-0.002552170138735789	-0.003897306197380342	-0.01562520808190113	0.0021680634520504435
14.450000000000001	-1.1668724977309282e-05	-3.411185806932302e-05	0.003182762946165168	-5.407962048742723e-05	-0.00022045855125404082	0.002785485004844193	0.006825794156321343	0.02847081870917322	0.002686241312350554	-0.0017277725948954355	-0.006904338387341794	-0.0021790131664950374
14.46	5.521719451673347e-05	0.00024062502294087493	0.003211904056708847	-5.687676549339172e-05	-0.00023094661964884013	0.0027623659935147094	0.0058582347662862345	0.02365918647769284	0.002164215075107998	0.001226673876735441	0.005106348520245075	-0.001689688055338491
14.47	9.44001026214201e-05	0.0003939653255415267	0.0032167594548160824	-3.134215704281926e-05	-0.00012595924841745987	0.0027587099676350604	0.0016325928391756155	0.005601050903224199	-0.001264582220694163	0.003633278453837036	0.014941924955289256	0.001002328846303984
14.48	8.542879931550367e-05	0.0003461241626980434	0.0031918560223104953	9.994129751385322e-06	4.297368064534227e-05	0.0027787174226958865	-0.003235841256705414	-0.014405940870296643	-0.003105686322565565	0.004249270622032674	0.01732331108002077	0.0025506722735549664
14.49	3.6321937237977494e-05	0.00013524306695346497	0.0031762779112510012	4.550676336200038e-05	0.00018790536894500078	0.002791736341025461	-0.006216114278020101	-0.026288590064042407	0.001123516514412537	0.002564739609569272	0.010543493572203438	-0.0009166691109581302
14.5	-3.1368130765354425e-05	-0.00014642012018075423	0.003204108308716617	5.852781162469529e-05	0.0002414279532196194	0.002769045069255381	-0.006672918821946715	-0.027412712561505903	0.003097917940280886	-0.00010558015221640295	-0.0005160091856847243	-0.002484381428644473
14.510000000000002	-8.430930363427518e-05	-0.0003595277319698118	0.003220948776950233	4.29184868891193e-05	0.00017588798360335722	0.0027549715187951043	-0.0033845040489084125	-0.013144207117851001	-3.5711144193346795e-05	-0.0028708539514385074	-0.01202533205482895	-8.53844821696841e-05
14.520000000000001	-9.341331766304162e-05	-0.000386815999131559	0.003203362158477348	5.8786003923317435e-06	2.1452613847330148e-05	0.0027672610414906282	0.0015945065297109228	0.007733796321977736	-0.0030935901630452533	-0.004226747468161474	-0.017560633976088872	0.0023420491047793685
14.530000000000001	-5.690260211724269e-05	-0.00022482005205029995	0.0031749034719460497	-3.4115687207824325e-05	-0.00014354133605569406	0.002790099317784033	0.005313197090678985	0.02298448215426065	-0.0013198864978713775	-0.003341569169323226	-0.013764317054396603	0.0011506188119684996
14.540000000000001	6.196861101581311e-06	4.384231142488528e-05	0.003189766937425293	-5.6360578609953016e-05	-0.0002352285002131464	0.0027787266148826704	0.0068720226221448116	0.028935455515688106	0.0032689072554629374	-0.0009774134408014382	-0.0040141400449626745	-0.002504533094460413
14.55	6.829942184734694e-05	0.0003004301567247039	0.0032165138325274544	-5.1270439999051376e-05	-0.00021364108406825576	0.0027588960553837543	0.004899553815415475	0.01976870385657062	0.0014046227366066282	0.001953770551948966	0.008227666084775249	-0.0009770876945501608
14.56	9.527792042494514e-05	0.0004022700861291215	0.0032129016703096413	-2.0347899094444536e-05	-8.483972114636733e-05	0.0027627660143048865	0.0002728208179938425	-0.0002568117794632622	-0.002057351240159715	0.003948987609772916	0.01643333925398568	0.0016591911795188847
14.57	7.409776419348655e-05	0.0003010728689132486	0.0031844404336513425	2.10473769716055e-05	8.716324505579604e-05	0.0027858407497085317	-0.004205932225360294	-0.018688331095498036	-0.0027403175914153797	0.003917638444313221	0.016282151381000507	0.0022644675454895715
14.58	1.8485257645522196e-05	6.020173850213037e-05	0.0031815110863752005	5.103493229676188e-05	0.00021191895558183717	0.0027881481289498194	-0.006594477602218742	-0.028149108383972523	0.0024314863515837513	0.0019199187127282677	0.007992716198326423	-0.0020557294937005605
14.59	-4.795322440376804e-05	-0.0002193065157243156	0.003211218062544185	5.6467754811274146e-05	0.00023504788466856643	0.0027636617989061072	-0.006024779495568702	-0.024901290865831153	0.002403732425622679	-0.0009048775363591808	-0.003807592996423928	-0.0019523749294543878
14.600000000000001	-9.036931762069208e-05	-0.0003897795678317703	0.003218555794480105	3.3752272759617415e-05	0.00014095910850729453	0.0027569469528897932	-0.0020591497819939216	-0.00757740203251725	-0.0010595564596288785	-0.003429043752473749	-0.014166441711515758	0.0007209700194618046
14.610000000000001	-8.622295678603126e-05	-0.00036006303492949694	0.003193844376770069	-6.315054360391758e-06	-2.4860364456531942e-05	0.0027756205846676627	0.0027836630488115616	0.012918304615812351	-0.0033291889371062544	-0.004231436301876333	-0.017518094137245765	0.0025812427302253694
14.620000000000001	-4.1106723080086335e-05	-0.00015952398688751855	0.003173116008588743	-4.298354569841228e-05	-0.0001763572067124694	0.0027919562927200717	0.00589177311663514	0.02561332253209486	0.00047648514197795057	-0.002784849294610729	-0.011458214321191028	-0.0004234657604153672
14.63	2.4439376493581676e-05	0.00012118679523661452	0.003199303184608536	-5.8473589380595544e-05	-0.00024095366745130855	0.002770735254108584	0.006663700614051025	0.028075139888027446	0.0033479443059078115	-0.00017332215383579727	-0.0007967433807522915	-0.0026146001504146646
14.64	7.941596177246207e-05	0.00034758360408029576	0.003221106406075254	-4.530578199490761e-05	-0.00018770180983012461	0.0027545714578713376	0.0037785691686038213	0.014942852109330438	0.0005652249199667884	0.002688284299537532	0.010991517243227271	-0.0003141160273485391
14.65	9.348416875177983e-05	0.0003939094629545695	0.003208618984887999	-9.327212472139738e-06	-3.9315815458585144e-05	0.002765323628852375	-0.0010633700752760247	-0.00591892138513838	-0.002767216061706349	0.004217386344342912	0.017402899191962813	0.002281677499510856
14.66	6.139885803982121e-05	0.0002459653093217884	0.003179317153837194	3.154467188828322e-05	0.00012941583037174854	0.0027898422642850546	-0.004991963604574577	-0.022044822942072214	-0.0018983110578476364	0.0035332116344626726	0.014637631390519663	0.0016421496181387352
14.67	7.519665505447682e-07	-1.7244744973458335e-05	0.0031881215272226426	5.6135260270618775e-05	0.00023144988540187017	0.0027826584859248576	-0.0067792303423191945	-0.028971548529177552	0.002947596649174691	0.0012528844063802679	0.005230870937053153	-0.0024168547017866587
14.680000000000001	-6.20527155002876e-05	-0.0002817581596145086	0.0032141845976509102	5.394215050416301e-05	0.00022238317900267248	0.0027615478030992525	-0.005152555467984682	-0.02121564760465328	0.0014852557616870175	-0.001686581459256832	-0.007081314309457929	-0.0012094681157871216
14.690000000000001	-9.278142544354433e-05	-0.00040188082805907093	0.0032120565581325706	2.4822214902972513e-05	0.00010183964453528795	0.002762684235349427	-0.000741997166989669	-0.0017731777979721277	-0.001890148353244651	-0.003888798615077223	-0.0159697649754532	0.0014164785310544078
14.700000000000001	-7.648138054037513e-05	-0.00031872955945273654	0.0031843690276033296	-1.6899214913649497e-05	-7.02364925551394e-05	0.002784238327313732	0.0037466791052906214	0.017274951622811015	-0.0028680423916497056	-0.004062536998660995	-0.016805419205918305	0.0022852193947484525
14.71	-2.478454768051068e-05	-8.787504232129387e-05	0.003178133797582636	-4.907963080364826e-05	-0.00020340586694533438	0.002789026756883579	0.006281135977217822	0.027552992499359934	0.002251437149084619	-0.00220120151729266	-0.009051430223267041	-0.001923302919941963
14.72	4.073087338781439e-05	0.00019344345567879465	0.003209974510947134	-5.7820860286188185e-05	-0.00023874673370553114	0.0027628637496669673	0.006165903857698237	0.025924413062928756	0.002856899847222213	0.0005791634167925568	0.00255161670547601	-0.002303011162715802
14.73	8.62396070578691e-05	0.00038005341908124826	0.0032223890437941254	-3.7817430733590086e-05	-0.00015505841117507862	0.00275288459514217	0.002510488627300506	0.00961743082408398	-0.0006099944130631405	0.0032362022155920152	0.013444262687839277	0.0004857349996585558
14.74	8.69207699484991e-05	0.0003706882565924761	0.0032002634450415996	1.3887447450691235e-06	7.385846038010202e-06	0.0027704794551617604	-0.0022991140208892214	-0.01112702671705973	-0.003338300359548417	0.004233096799448978	0.017627835693947786	0.0027092360353319473
14.75	4.589179624449723e-05	0.00018346756237415588	0.0031745204840025287	3.9250134868699764e-05	0.00016486907893469618	0.0027921193743702727	-0.005521069681900021	-0.024678387902151135	-0.0004565136535521164	0.002964142002476344	0.012385182244238607	0.00046376161321189834
14.760000000000002	-1.7506770593102015e-05	-9.360356590213894e-05	0.0031945420394294093	5.723685397991946e-05	0.00024060284583157118	0.0027765863871318866	-0.006636124276015984	-0.028494118893963	0.003166417044421714	0.0004955477444153908	0.002114666966768061	-0.0024482691486989
14.770000000000001	-7.418737717505313e-05	-0.0003320194320246192	0.003216890943825524	4.746841150622913e-05	0.0001998404473801455	0.0027595995590949953	-0.004124698825132387	-0.016815360467915465	0.0007918414175020463	-0.0023250381675742095	-0.009962102545092583	-0.0005768199340522575
14.780000000000001	-9.254826947842233e-05	-0.0003994584927903124	0.003207616850056777	1.423451340541848e-05	5.850900708970281e-05	0.0027668916928360794	0.0006051030334217796	0.0037928281787874404	-0.0024611335464673908	-0.0040044401323541465	-0.01709420423651063	0.0018891094228202132
14.790000000000001	-6.461241616260181e-05	-0.00026853857729896717	0.0031794996306328616	-2.5795146445339643e-05	-0.00011212318917802647	0.0027890220449983292	0.004647919873180345	0.02083613878861829	-0.0021098426247988535	-0.0036214061155709753	-0.015326722661252566	0.0016914076237937534
14.8	-6.539315821124086e-06	-1.3000217714388419e-05	0.0031861312759818164	-5.188012685479383e-05	-0.00022370457679932615	0.0027830629947618217	0.006636462976098696	0.028790569426924206	0.0030636541168319147	-0.0014802971879918302	-0.006441969300548883	-0.002539778859719911
14.81	5.6800670263901176e-05	0.000258720321698618	0.003216017108163607	-5.276286057128234e-05	-0.00022833275174041626	0.002759112448776987	0.005386464186946639	0.02274861602980866	0.001985001778536646	0.0013491269862840485	0.005753006243133226	-0.001555630396944576
14.82	9.143888678419557e-05	0.00039878144740505665	0.003217751550358138	-2.725992804962896e-05	-0.0001181081576015999	0.002757409155262081	0.0012206139562932969	0.004012540007419336	-0.0016652757670441844	0.0035305711866539637	0.01530167283308458	0.00122663150565602
14.83	7.95920919148445e-05	0.00033559807602494247	0.003189197101144146	1.171897278477823e-05	5.2325078269852335e-05	0.002779586597979847	-0.0033793033007986743	-0.01571095326600297	-0.00335542382887452	0.003942434433498743	0.017194016238495168	0.002689631560841226
14.84	3.078044593421764e-05	0.00011540428425744264	0.003174450159424803	4.4137806700029437e-05	0.00019361175217869354	0.002791822059144301	-0.006084709411512767	-0.02692090952967396	0.0014046145985733328	0.002301694259675745	0.010063009278535486	-0.0011443741029982905
14.850000000000001	-3.38052308993311e-05	-0.00016749836618241583	0.0032035709007881027	5.484124570311468e-05	0.00024143874505664907	0.0027689753983966485	-0.006236407909943088	-0.026923525842319947	0.003081441450718778	-0.00030544123653076084	-0.0011432992789734107	-0.0023168065004348657
14.860000000000001	-8.208512463752142e-05	-0.0003705203120135048	0.0032205150701539414	3.8459931487157283e-05	0.00017013836481830002	0.0027568038624360648	-0.0029430805591242172	-0.01170937116174531	-1.3768309779912745e-05	-0.002820813323129993	-0.012466427271974662	9.679846129594555e-05
14.870000000000001	-8.800923805136529e-05	-0.0003824734085156821	0.003203649230978142	2.659271923823129e-06	1.3231722321941627e-05	0.0027701555635189484	0.001763222970751869	0.009190662927309193	-0.002963669057044364	-0.004040309558287295	-0.017568877973973832	0.002301586574909925
14.88	-5.116235732512069e-05	-0.0002089937497787333	0.0031774981076179666	-3.4414128436265996e-05	-0.00014928794226065967	0.002790601326901394	0.005211346173274148	0.023845491709803743	-0.00098922803870391	-0.003019793310985191	-0.013319422412221641	0.0007139223942338692
14.89	9.865750885173336e-06	6.464710093076954e-05	0.003193433459738179	-5.389807772122304e-05	-0.00023632386493265713	0.0027764050893055244	0.006543110161483207	0.028911344595802965	0.00303368199644052	-0.0007522686271325279	-0.0034513526200150167	-0.002551659868365881
14.9	6.760693170008507e-05	0.0003149077653063962	0.003216227196762647	-4.740158012282227e-05	-0.00020926115470485028	0.0027575532284531508	0.004432685488988679	0.018600204898263275	0.0009226120084047352	0.002012754183593294	0.00869974110653358	-0.000785896266439375
14.91	9.04600367672898e-05	0.00040285382854823924	0.0032083423378422367	-1.7233666404089872e-05	-7.721028728950268e-05	0.0027633639756751587	-8.620219120665698e-05	-0.0017087491195891548	-0.002345345505455105	0.0037635037667995475	0.016586440550164096	0.0018425640147956852
14.92	6.754677534082349e-05	0.00028942646498932495	0.0031794518420275625	2.1448434293119454e-05	9.40305401943405e-05	0.002787105391753596	-0.004192266176007566	-0.019542931704715626	-0.0024458480190004354	0.003600350067365275	0.015973308847493956	0.002160903923734677
14.930000000000001	1.3391128151831699e-05	4.321253363154481e-05	0.003182007388811026	4.8397140267731686e-05	0.00021465489252494446	0.002786590641097535	-0.0063460865538413165	-0.028362297933568457	0.0030046218808250404	0.0016701738862530927	0.007542058010533611	-0.0023187429687610297
14.940000000000001	-4.9061281226254154e-05	-0.00023302978717523788	0.0032152077496298945	5.2242304140448854e-05	0.00023226556249832163	0.0027613677392368326	-0.005522463220123897	-0.02403306183385818	0.00256657975674189	-0.0009864362199511997	-0.004417660106177513	-0.0019195757414033163
14.950000000000001	-8.645641491680464e-05	-0.0003917008067324383	0.0032225063423631135	3.0084338550379756e-05	0.00013308520550185847	0.0027557469478578897	-0.0016320691602742458	-0.006242375676365826	-0.0012347119255971437	-0.003254797887708269	-0.014523400298151407	0.0008505444588553151
14.96	-7.96121684774976e-05	-0.0003498557622200582	0.003195595093679854	-7.510633679979966e-06	-3.421306558152309e-05	0.0027753724996919683	0.0028724629957166212	0.013907744390486173	-0.0035465624986907233	-0.003913146779400044	-0.017446443974505163	0.0026435264720350107
14.97	-3.50949106862961e-05	-0.00014248235871087362	0.0031740519508486323	-4.082253434258655e-05	-0.0001828061541442671	0.0027911924351750293	0.005713563602930387	0.026048945845424085	0.0004622437775742644	-0.002478435197755271	-0.01104434770705593	-0.0005207166029031161
14.98	2.7528818908566285e-05	0.00013879522643096872	0.00319774692147358	-5.44078652428379e-05	-0.00024226224924476776	0.0027710129990507516	0.006229614792856364	0.027657018537256182	0.0029446359539105254	-7.049867310362823e-05	-0.00016590538515491094	-0.0023677727762982667
14.99	7.75204888938736e-05	0.00035667785387268806	0.0032159362840457873	-4.1394033115761656e-05	-0.00018290648850780527	0.0027574375859970323	0.0032658320805171556	0.013756163935201918	0.0003055386748415374	0.0025461824444650656	0.011507691191240704	-6.732910483635664e-05
