0.0	-2.8016664555881224e-11	7.579272892949193e-11	0.0032248049409028816	2.5954321044392113e-11	5.368165994027306e-11	0.0027427471461968717	-1.120666582235249e-06	3.0317091571796775e-06	-7.465897889488366e-07	1.0381728417756845e-06	2.1472663976109227e-06	1.601352441391582e-06
0.01	-1.534038588610282e-07	3.95550659495811e-08	0.003224857172654853	1.437712396064604e-07	-1.2356681612328324e-07	0.002742699399192149	-3.212780419920413e-05	-5.465297283155874e-06	-8.217328445059844e-06	-2.853438626848899e-06	-4.765859274196532e-06	-3.471801686921271e-05
0.02	-5.391245287749573e-07	-7.57901925662192e-08	0.0032247147764775585	-7.013022977740122e-08	-2.0597553375083202e-07	0.0027422662145092066	-2.9722463464561536e-05	-3.251123500969182e-05	7.467628464545341e-06	-6.74170570351007e-06	-1.3824917593991358e-05	-3.428942520598303e-05
0.030000000000000002	-6.093240225951702e-07	-2.0365695451126583e-07	0.0032246682120719294	-9.840086101310243e-08	-2.9801029264748364e-07	0.002742051690942515	-5.281605107927233e-06	-1.5860232000599383e-05	8.594224187177871e-06	8.862170382044842e-06	-2.5609805190470276e-06	2.052695988260901e-05
0.04	-5.033205069290946e-07	-3.6447107896938016e-07	0.0032247388891038595	1.3754456452971787e-07	-4.028043804927929e-07	0.0027425567184919805	3.956528261975839e-05	-8.25748654792557e-06	2.9008627937294095e-05	3.105362763910054e-05	5.9645877724955724e-06	7.907916634179816e-05
0.05	-2.357986766616945e-08	-2.1820474245791856e-07	0.003225013331180782	3.307987688794922e-07	-4.2228485939824e-07	0.002743199273535885	5.716305375124405e-05	5.138424909892935e-05	2.6766403958870207e-05	7.720821775790253e-06	2.220924125356644e-05	4.526064740451379e-05
0.060000000000000005	5.332486731172986e-07	3.67156465024808e-07	0.0032255239415184783	3.825661724149715e-07	-1.0799460466710862e-07	0.002743414080327852	2.7904131302724372e-05	4.748143078704663e-05	6.822652929645966e-05	1.0865136105350835e-05	3.179088588200278e-05	1.100038780532243e-05
0.07	8.604841357949509e-07	6.890406399188261e-07	0.0032259810486712807	3.5994116278334566e-07	8.284372103071018e-08	0.0027433575489340155	4.032756763805665e-05	2.4855172973250637e-05	2.1591815508525517e-05	-1.1393304517299014e-05	7.429663692202472e-07	-2.2653801147797823e-05
0.08	1.218087568773873e-06	6.415529868476461e-07	0.003225612933305159	2.0238377050935136e-07	1.8380559356205975e-07	0.0027432807587772245	3.190964180118147e-05	-2.4922784178911187e-06	-9.60385974813237e-05	-4.483668843714209e-06	1.407045745832247e-05	2.4231123273046067e-05
0.09000000000000001	1.1219913290437135e-06	4.859226385830139e-07	0.0032245583616845297	6.563406744304287e-08	2.118382035030078e-07	0.002743495290546459	-6.133572938319789e-05	-3.4830420794618995e-05	-7.830092863966346e-05	-5.369685031227672e-05	-8.61547483431605e-06	-2.8365207336728004e-06
0.1	4.5238509866014815e-07	-4.6377509695516493e-08	0.003224306517093104	-5.40045580421448e-07	-1.062970122020315e-08	0.0027431742259861197	-9.182174450391593e-05	-6.928748762304663e-05	3.127040207664424e-05	-4.518723395031765e-05	-5.933403855004257e-06	-6.443725556329863e-05
0.11	-2.421285503405205e-07	-6.885781702353631e-07	0.0032250221496584602	-1.0992792760906988e-06	-5.8773241789761695e-08	0.002742607724540933	-4.982483058563414e-05	-4.34751742705209e-05	8.804170326168963e-05	-3.811477283243646e-05	1.3170959825320871e-05	-3.4846401715352163e-05
0.12000000000000001	-7.914348583620008e-07	-8.733742276238992e-07	0.0032258933795525756	-9.834545576685315e-07	2.245941183546834e-07	0.002742179684660116	-3.803461062915072e-05	3.300167731864757e-05	5.817286941934574e-05	5.351047298476273e-05	2.853803953308172e-05	-3.6953423288498115e-05
0.13	-8.931939772755749e-07	-4.4308897178422345e-07	0.003225824058926022	-5.880974319357233e-07	4.7306045470450254e-07	0.0027418555496814268	2.787289780889233e-05	5.655537984931877e-05	-6.616763430309302e-05	3.68895333885625e-05	1.1123351503338187e-05	-1.3447324583327868e-06
0.14	-4.993545720649735e-07	1.669465258975932e-07	0.0032244281558489953	4.15516008010368e-08	2.2333039763497215e-07	0.0027422327201057097	5.013896618676556e-05	5.884162752538116e-05	-0.00018006053756438386	4.4149371646217395e-05	-2.0202592486638328e-05	5.862737909099925e-05
0.15	9.37831237759609e-08	7.757338001746381e-07	0.003223120149745931	2.0231761338627257e-07	-9.906274302276033e-09	0.0027428192967169016	4.766208562246584e-05	5.966412067648557e-05	-5.63704583405446e-05	-1.908724988747339e-05	-1.0861914868473943e-05	4.939044656096157e-05
0.16	5.886334708666173e-07	1.5043061829141763e-06	0.003223320382196411	-2.2227108820020182e-07	9.229289204540023e-08	0.0027430872953434844	6.561333949870906e-05	6.205526535277715e-05	8.914771015367487e-05	-5.704827032369451e-05	2.7327528808253494e-05	1.1822750651600589e-05
0.17	1.0828318230961172e-06	1.7576835200956985e-06	0.0032247984916959566	-6.716348618253545e-07	2.912683071667895e-07	0.002743091896391778	2.4099915274063013e-05	2.2537288062251814e-06	0.00017413191907838336	-4.352794302493575e-05	1.5021793005338777e-05	-1.6372784853501616e-05
0.18000000000000002	1.1153682554801477e-06	1.4581971386303059e-06	0.0032260713604081834	-1.180456676091056e-06	3.835254234443461e-07	0.0027429524316019776	-2.736118685984189e-05	-6.873973679881394e-05	4.1960939200023944e-05	-4.491213532414595e-05	-6.700140745297625e-06	-1.5599447588314682e-05
0.19	6.06909513675163e-07	4.652684935374358e-07	0.0032258664926930053	-1.2519315415281265e-06	2.5284351746226043e-07	0.0027429236630106763	-6.619097326013327e-05	-0.0001213384320695844	-6.828025833963249e-05	2.210481868706864e-05	-4.059579002080086e-05	2.208346663265956e-05
0.2	-1.8248209538261773e-07	-6.491817309703965e-07	0.0032248352591209444	-7.063878517629249e-07	4.5902914781231155e-09	0.002743032879989318	-7.831030107950437e-05	-9.490883904497662e-05	-0.00011573325841001235	8.457130107072015e-05	-3.1839271612544e-05	1.438239066308596e-06
0.21000000000000002	-8.716230835577092e-07	-1.2863052027361844e-06	0.003223727570977111	3.9507219258088536e-07	-3.762499875039744e-07	0.002743050049739585	-4.3390477962536516e-05	-3.437580256405996e-05	-7.861786550145639e-05	9.507051687615434e-05	-4.871940807775748e-05	2.98835053339224e-06
0.22	-1.1891017714596235e-06	-1.009059045140766e-06	0.0032235497622230052	1.1057055055554321e-06	-9.196700271920533e-07	0.002742936899571736	2.0236804211183257e-07	7.644737004982322e-05	4.4360459485668395e-05	4.4486089802769496e-05	-4.489059314714423e-05	-2.9770217404863058e-05
0.23	-1.3053213951536634e-06	-1.7399507525382128e-07	0.003224167210360183	1.2278051369156326e-06	-8.646059896857083e-07	0.002742394777612987	2.8358674275986083e-06	0.00010268565423957405	8.087663411606439e-05	-4.0277857773814605e-05	4.148144465596953e-05	-7.59834421934034e-05
0.24000000000000002	-7.432699353491583e-07	6.057262899064153e-07	0.003225226087665344	5.082099083956848e-07	-2.854335336079499e-07	0.0027418979109912044	9.080103143078171e-05	5.2758317233395164e-05	0.00010405371087117262	-9.043867496789175e-05	7.164116253623187e-05	-1.2393568510384305e-05
0.25	8.549588165985728e-08	9.123220501514774e-07	0.0032257779550847413	-2.905066945033227e-07	6.12971766570878e-07	0.0027421230315580513	8.254332756454397e-05	1.6441590729660525e-05	-1.7269537206425174e-05	-5.680567209783141e-05	0.000105754760154156	5.872357939893522e-05
0.26	7.900670970844847e-07	1.0580360542126067e-06	0.003225255934161538	-5.028855788411848e-07	1.3820572557448091e-06	0.0027427841893259354	6.95135701843529e-05	1.367980391981886e-06	-6.768839916645257e-05	-1.164934495133744e-06	6.188008619499604e-05	7.063925406798467e-05
0.27	1.3134777069676873e-06	9.142468197342003e-07	0.0032246448718326218	-3.992552082205184e-07	1.6085563338790064e-06	0.0027435248196828006	3.8025806587402164e-05	2.293969229615383e-06	-5.999812977790798e-05	-6.859424726168115e-07	-1.6195687683228577e-06	7.350658578820288e-05
0.28	1.410733551638153e-06	4.171521743952755e-07	0.0032243864424875215	-1.566236236145741e-07	1.0354223813094695e-06	0.0027440153510213537	-4.019119988869819e-05	-9.409898066849986e-05	2.3317809938515857e-05	3.89498524996246e-05	-8.646514693435113e-05	2.1385005351832017e-05
0.29000000000000004	6.73563807157829e-07	-5.781205300014454e-07	0.0032247771361274594	1.291312059798531e-07	3.798285651483805e-08	0.0027434755623909715	-0.0001004339181261487	-8.818898296157035e-05	1.4796110581183647e-05	1.068647838479732e-05	-8.505326175343948e-05	-9.731063672357012e-05
0.3	-5.77889974648675e-07	-1.0700445079222278e-06	0.003225110446482923	-7.83469022023869e-08	-8.163367011038647e-07	0.002742224861891084	-0.00013910611180401844	-1.1514381926218828e-05	3.3746516328473485e-05	-4.7517356569534626e-05	-7.328528769566398e-05	-0.00012049209331455256
0.31	-1.563029285966522e-06	-7.395599440495148e-07	0.0032252052433394793	-5.150794965580246e-07	-1.3214203285523767e-06	0.0027412666921204573	-6.597172487180728e-05	8.205280568359682e-05	-1.6748744659920833e-05	-3.5807108680940615e-05	-7.866230897522909e-06	-6.86891298488753e-05
0.32	-1.7653204467041937e-06	3.549469002514879e-07	0.0032247759095057247	-5.969010888685758e-07	-8.897176331381348e-07	0.002741046204813273	2.483154988030464e-05	0.00013442832989629327	-7.02177549300811e-05	-3.7551521996814393e-06	9.233504222326739e-05	4.868222269068007e-05
0.33	-9.037825470800815e-07	1.7085491974393413e-06	0.0032239828320249466	-3.8744217195419677e-07	7.294695492750395e-08	0.0027418637960298442	0.00012505056533802707	0.00012081619296287268	-6.30105543235202e-05	3.1469709006398974e-05	9.369195861073103e-05	9.547332892924887e-05
0.34	5.469881361689387e-07	2.3807123507147544e-06	0.0032236906287163455	3.4709600675765045e-08	1.0797754699909566e-06	0.002742901277131046	0.00016221502523433746	-1.6488272065036754e-05	-1.0636763177419777e-05	3.270944230589098e-05	7.706024058615551e-05	8.290225045393659e-05
0.35000000000000003	2.409154028807736e-06	1.6438284051289155e-06	0.0032242618965247724	3.4566435355058486e-07	1.585259350342537e-06	0.0027438578590382235	0.00017502885657119899	-0.00014516005559506992	0.00010732197626536874	2.35316258209236e-05	1.2363960209830449e-05	7.627806110823053e-05
0.36000000000000004	3.6627299434798988e-06	5.780521163954882e-08	0.003225733643948417	6.200139427194162e-07	1.0932253155428124e-06	0.002744194095936524	5.08656401952885e-05	-0.00014752554499667834	0.00015527370305384514	3.6731154544709486e-05	-0.00010804628704432834	-7.002640846519732e-08
0.37	3.0293206730648894e-06	-1.3584404330858565e-06	0.003226892656641306	9.22499423033497e-07	2.0605511865450896e-07	0.002743773266358797	-0.00016886402739139405	-0.0001064022371959734	5.098475349623296e-05	3.116394978143827e-05	-9.847271575620047e-05	-5.681884849141597e-05
0.38	9.731231291320514e-07	-1.8408410964564544e-06	0.0032265469189396816	1.0137777947939924e-06	-6.710883426758996e-07	0.0027431866831076008	-0.00023689778325363891	2.8481209140153028e-05	-0.00012411780131035914	7.58588667062058e-06	-5.91308488067821e-05	-5.0017084033671195e-05
0.39	-1.4670191473961855e-06	-1.0656345900712108e-06	0.0032248630143761024	5.486055945443384e-07	-8.945066775206293e-07	0.0027426481358894424	-0.00023694693168232111	0.00011242444587624602	-0.000214845213868373	-7.515667321932036e-05	2.2874138915293966e-05	-3.94866845973783e-05
0.4	-3.2767237110315313e-06	2.936812899192239e-07	0.003222693890354222	-1.895982773338035e-07	-6.692346079729215e-07	0.0027424245178014873	-0.00012046113659164251	0.00015581122350178273	-0.00017879105688152678	-6.548736374638211e-05	1.7906723551873924e-05	-3.12014602551994e-05
0.41000000000000003	-3.4910448196113966e-06	1.614701130834212e-06	0.0032219855594403522	-9.367320123037287e-07	-3.046376418405968e-07	0.0027417222627527105	4.935978068347882e-05	9.014986685905086e-05	3.5429057012713895e-05	-6.139737798631175e-05	6.766499259610551e-05	-7.986862569135803e-05
0.42000000000000004	-2.060713829441135e-06	2.041108503777191e-06	0.0032234375078255494	-1.3918414127683498e-06	5.207005888553896e-07	0.0027411871190715273	0.00021282625203415087	-4.2225333454988925e-05	0.0002066150291037209	-1.6836872248690853e-05	8.59855324055051e-05	-4.387468991135482e-06
0.43	4.850441478123329e-07	1.2906068983838798e-06	0.0032253747607143297	-1.3024785954349074e-06	1.0126964252370588e-06	0.002741632901608209	0.00028264875738076117	-0.000117504491357704	0.00016266689158630493	4.28967586639232e-05	2.5917907634789188e-05	9.103114975908368e-05
0.44	2.9810442022704123e-06	-9.614748338773644e-08	0.0032264452023766203	-4.204719208533966e-07	1.0830690631608646e-06	0.0027428127561975823	0.0002052044056473363	-0.00016297868616053327	3.843172470719654e-05	0.00012384032454421188	-2.7534125419589656e-05	0.00012019555134051886
0.45	4.0937160361460315e-06	-1.4132489004969473e-06	0.003226342912614788	1.0121442563777854e-06	9.224750785892132e-07	0.0027437461025661644	2.2818325766606254e-05	-9.956756014120147e-05	-4.2590495462103396e-05	0.00012696297405563156	-3.002532710626935e-05	7.950990643019597e-05
0.46	3.3805834923869697e-06	-1.933245200817447e-06	0.00322519715106836	1.990374384347232e-06	3.419198683753822e-07	0.0027441543583533083	-0.00017057849288149664	-1.1640514368370117e-05	-0.00017000709454776378	3.810711514815474e-05	-6.0864399714565834e-05	7.880944039408931e-06
0.47000000000000003	9.743388450968874e-07	-1.6146462911381122e-06	0.003223674100389969	1.7947981263623892e-06	-1.716264847214642e-07	0.002743836223220445	-0.0002628807696210838	8.613795568555239e-05	-0.00010307503778110374	-7.570931560238555e-05	-8.190113084400111e-05	-8.198059972176237e-05
0.48000000000000004	-1.91190647444279e-06	-2.781964099173111e-07	0.003223272646228371	5.522657992601778e-07	-9.454036674780662e-07	0.002742560510766063	-0.0002729759646376614	0.00016558656752395007	4.003358233081025e-05	-0.00016450192913605981	-6.17542318689028e-05	-0.00015927559930858164
0.49000000000000005	-3.836527359793498e-06	1.6505157516737664e-06	0.003224288075705365	-1.1285544713362642e-06	-1.3811680463032652e-06	0.002741037463216725	-0.0001058216846864932	0.00018800016094075217	0.0001466268999736272	-0.0001748838796502288	-3.04432762519121e-05	-0.0001385024218863055
0.5	-3.7392977036632477e-06	3.0595600780156008e-06	0.0032254959479964262	-2.196673425935129e-06	-1.1090324426483159e-06	0.002740351389948436	9.412536918745335e-05	0.00010460710568781636	8.085624076276994e-05	-4.642111510080037e-05	5.929340011911414e-05	2.3682172773089863e-05
0.51	-1.897527570665915e-06	3.5761116538112866e-06	0.003225706863767947	-2.178286329102809e-06	-1.829514229747191e-07	0.002741727163365754	0.0002630185803367107	-2.0654509845900686e-05	-3.4472594937480605e-05	7.706384039506086e-05	0.00010418246565599609	0.00020210576424767388
0.52	9.209462936267963e-07	2.704486006968764e-06	0.003225047946583966	-1.2285142155042001e-06	9.89739285264833e-07	0.0027438906943141267	0.0002899670927258523	-0.00014864453733562074	-9.006783403329617e-05	0.00010940285291808765	0.00010947830905801481	0.00019358307116288667
0.53	3.3765149659749537e-06	4.713545890233539e-07	0.003224541379314616	3.042991156914706e-07	2.077348456695851e-06	0.0027451754087945363	0.00017003584796337478	-0.0002683641536791012	-1.4297043450196786e-05	0.00016979879274819638	8.643933182205444e-05	5.176966461175048e-05
0.54	4.069192683501658e-06	-1.9955876469097247e-06	0.003224740359279677	1.7956124012332754e-06	2.430475337491744e-06	0.002744666005867085	-3.241496288926218e-05	-0.00020782306623587913	6.831678666361211e-05	0.000115371864443328	-1.495254969990597e-05	-0.00015718224784936022
0.55	2.717534569036531e-06	-3.6247965456640637e-06	0.00322543834618276	2.4230225238794434e-06	1.8362300652585723e-06	0.0027427718189941565	-0.0002177048808992307	-0.00012216808961039796	5.1012915789602116e-05	1.3506977567104665e-05	-8.942275659214068e-05	-0.00020080684312185216
0.56	-3.047451673858263e-07	-4.084448365735395e-06	0.0032255915228642977	1.8073822407001822e-06	4.814966907762358e-07	0.002740979446748792	-0.0003260817729749888	1.521305207150597e-05	-4.779776181745733e-05	-0.00013101869759545454	-0.00016613201554187474	-0.00013067725260371913
0.5700000000000001	-3.2262109787492522e-06	-3.1742459529355486e-06	0.00322438815796834	2.470409889155089e-07	-1.211220137490998e-06	0.0027404489411273604	-0.00024260880667627895	0.00018829765725252172	-0.00016229536672941215	-0.00019566037911305576	-0.00016516679152185762	1.1230080460780585e-05
0.5800000000000001	-4.8804591695400704e-06	-6.352802611072323e-07	0.003223042680085053	-1.3805303632284612e-06	-2.597637674264096e-06	0.0027411572464156263	-6.99623447658166e-05	0.00030322658977021663	-7.555459699973375e-05	-0.00012552826102211933	-0.00010749097528847445	0.00012347584496798515
0.5900000000000001	-4.472016452058767e-06	2.3720688041574368e-06	0.003223326625749992	-2.3747650195792413e-06	-2.9865320398160286e-06	0.002742700147430625	0.00015587026074529738	0.00027655769263755243	0.00013237437856816782	-4.411647175568049e-05	5.1203604292090336e-05	0.00015435091326702712
0.6	-1.87458055432547e-06	4.550145026859131e-06	0.0032249701569683864	-2.0897186997199486e-06	-1.6970813557767585e-06	0.0027440369405812965	0.0003497597752193205	0.00013026054827632082	0.00016840251998398605	9.232630117367322e-05	0.00019898728915557622	0.00011554054543906334
0.61	1.6838114450241442e-06	4.7470365199106126e-06	0.003226360090977959	-6.059695774121876e-07	6.387097043576449e-07	0.0027446504322127165	0.0003337581772963255	-8.649956325235731e-05	8.154161655760911e-05	0.00016578930372089683	0.00024309065158574917	1.1181311636477378e-05
0.62	4.513301743821733e-06	2.816176618409914e-06	0.0032267871829740062	1.1160971382113286e-06	2.7119728688530434e-06	0.002744534913447691	0.0002071385247859978	-0.0002871357267731293	-1.5587584732104162e-05	0.00014670574927226106	0.00014503094830627504	-2.9265543590139947e-05
0.63	5.123872150974777e-06	-5.435345078926559e-07	0.0032259511956247095	2.2736187367349005e-06	3.343516875573439e-06	0.0027438271967997734	-7.325298702430216e-05	-0.00035383141158070873	-0.0001483512252318521	8.364319847089715e-05	-7.4947524427466e-06	-0.00011996967440134587
0.64	3.1245579433523514e-06	-3.771986959312382e-06	0.003224265646308382	2.6437271786793296e-06	2.6308933637586987e-06	0.002742297338217839	-0.0002968802665634115	-0.00025395367642895784	-0.00016920380881781908	-3.142295439946498e-05	-0.00014221126438041824	-0.00015537066402193016
0.65	-3.4176626963818553e-07	-5.433375242538592e-06	0.0032230094643858798	1.7025556922451347e-06	8.053951960837475e-07	0.0027410402115481017	-0.00036094040310818303	-2.9352118738158123e-05	-7.4269859942817e-05	-0.0001503996855616196	-0.0001871761088193921	-8.840440699934012e-05
0.66	-3.7972527258192083e-06	-4.555744832772674e-06	0.0032226995030376127	-2.017006145863895e-07	-1.2544745919610949e-06	0.0027408064441755853	-0.00031338372053411163	0.0001897089515018718	2.5246043019354865e-05	-0.0002231682353534599	-0.00019609473609340236	2.8610146926314575e-05
0.67	-5.620108930458185e-06	-1.6468951091679933e-06	0.003223528456796421	-2.3972224732377513e-06	-2.6160102087418647e-06	0.002741738223690929	-4.697276820097193e-05	0.00034835851505522417	0.00011857232162635043	-0.00017838871628175927	-6.0183350594423586e-05	0.00012154764129756188
0.68	-4.736578094821644e-06	2.025594525426665e-06	0.0032249635387394155	-3.6296782577046335e-06	-2.7576369829348772e-06	0.002742925842117499	0.0002207268890373791	0.0003535335372817078	0.00015735096255016065	-2.7361418751236277e-05	4.699473656826009e-05	0.00012968404117477483
0.6900000000000001	-1.7597261002351775e-06	5.0095468343028595e-06	0.0032262900995601424	-3.2188731339404967e-06	-1.3575029450206402e-06	0.002744174434027095	0.0003814554649369781	0.0001773594469919344	0.00010195884076534064	0.00014658615737561597	0.00020065159784770696	0.00010534103577906802
0.7000000000000001	2.153436957553416e-06	5.587346656826626e-06	0.0032265050809823425	-1.0656487532744727e-06	9.99803482940264e-07	0.002744585592168012	0.0003654510793260312	-9.855347338679908e-05	-8.399640253521785e-06	0.0002563759859761283	0.00023715570387496752	-5.565835571689515e-06
0.7100000000000001	5.078646888429354e-06	3.324876905413547e-06	0.0032257265617402753	1.6675430779658956e-06	2.880013859371049e-06	0.002744090680883265	0.00017578723442909745	-0.0003450669737132179	-0.0001135289632524387	0.00026115799310214065	0.00012820344045074951	-8.855976179294061e-05
0.7200000000000001	5.603929963330599e-06	-3.620525750477765e-07	0.0032245328880554694	3.972378392598985e-06	3.39293693007608e-06	0.002742933977264857	-0.00010794694461238075	-0.0003421585733679073	-0.000116070961690961	0.00016070704459047186	-3.4764219462934074e-05	-0.0001258831747443607
0.73	3.1297993375458684e-06	-3.697311761598518e-06	0.003223690906228644	4.303604082056792e-06	2.3250310683576756e-06	0.0027417792635927377	-0.0003689107774053975	-0.00028029953500480144	-5.572525781128619e-05	-0.00010208538931287681	-0.00017726142620664982	-9.846381261957026e-05
0.74	-1.236797847443892e-06	-5.698413674934184e-06	0.003223637008233941	2.2952258335388185e-06	2.8696513582825557e-07	0.002741367255874928	-0.0004654012889305935	-9.099269050679622e-05	4.4861893843217646e-05	-0.00028054202165144745	-0.0002418621426702625	-7.101247089576211e-06
0.75	-5.2714653310088735e-06	-5.2967177850903065e-06	0.003224301846152468	-7.638115702712244e-07	-2.116270770366943e-06	0.002741630994931287	-0.00031623582568576466	0.0001728836503440965	0.00010586892090786267	-0.0003096012509469515	-0.00024043418713854873	7.0833732494328e-05
0.76	-6.631761026209511e-06	-2.7103618038796945e-06	0.0032253215188490516	-3.4237839031829425e-06	-3.7208568278317093e-06	0.002742700525063023	5.406485265033239e-05	0.0003318234140102424	9.131131842578195e-05	-0.00019272615215415608	-5.785433647742734e-05	0.0001455801296295233
0.77	-4.471766134678437e-06	1.0958277015448865e-06	0.0032259777264195106	-4.379593207759747e-06	-3.331143659139884e-06	0.0027442446057672626	0.00036370177318421746	0.0003878265292612047	2.55959751412527e-05	-1.9849296380949967e-05	0.00013521636766446817	0.00012565979372131128
0.78	3.329837498889905e-07	4.491118111031553e-06	0.003225777166096375	-3.447777593737418e-06	-1.2083910147694491e-06	0.0027449648258103176	0.0005594913444877629	0.00027004062714420103	-7.180862572531934e-05	0.00019565035389083803	0.00025987907379333133	2.7998574137215423e-05
0.79	5.485157939816049e-06	5.79409149202462e-06	0.00322503686325265	-9.869579034595085e-07	1.4998072485984638e-06	0.0027447209107807234	0.0004486648197820194	-8.31740342055276e-06	-5.421736848093727e-05	0.00029865037268451397	0.00025750036632303085	-9.311849700209726e-05
0.8	8.394868653385693e-06	4.446590877759413e-06	0.003224675950463556	2.165147403134148e-06	3.531090787695886e-06	0.0027434348037550325	0.00011870044753338954	-0.0002569921482539525	-2.816874502838467e-05	0.00029517033701982875	0.00013552936034419942	-0.0001478897883381979
0.81	7.267953606939041e-06	8.656756216457663e-07	0.003224520695644158	4.427181266254796e-06	4.1794526679853245e-06	0.002741729277144699	-0.00033577541619589883	-0.00042438183514478063	-1.3343787326670076e-05	0.00013422363971206302	-2.150551336597921e-05	-0.00016959925930193394
0.8200000000000001	2.328010213174483e-06	-3.427549171788701e-06	0.0032243498344996934	4.534523321770753e-06	2.8989445176484896e-06	0.0027406323545580893	-0.0006285003178431276	-0.0004138337610379852	-4.098174404613662e-05	-0.00010177369129364359	-0.00022153197749468648	-5.331612258203582e-05
0.8300000000000001	-4.006542115966031e-06	-6.531601491458963e-06	0.0032239035308390678	2.567005724898223e-06	3.8772202907990674e-07	0.002740762161368059	-0.0005950065313374543	-0.00017808574847581383	-2.4041622917124612e-05	-0.0002648108013873225	-0.0002728812632319164	9.190603481480998e-05
0.8400000000000001	-8.440623990758375e-06	-6.593759398746807e-06	0.0032239322162872963	-5.179721317917167e-07	-2.446351096090889e-06	0.0027422787099882395	-0.0002533794799467253	0.00016675488222231096	2.5143019459237244e-05	-0.0003338802016400305	-0.0002542789086241942	0.0001753095118773171
0.8500000000000001	-8.634307966858342e-06	-3.6052267851426762e-06	0.0032245056502166612	-3.5818749603054606e-06	-4.242134037927106e-06	0.002743848323965074	0.00019366916474664338	0.0004418139546916666	8.933292608269906e-05	-0.0002552571795270279	-8.916068917616223e-05	0.00010603967588143432
0.86	-4.848274482420064e-06	1.2853833574858923e-06	0.0032254263259079365	-5.012641685935646e-06	-4.144530564446052e-06	0.0027443071444670434	0.0005346369440192488	0.0005044702292732574	6.916860874491995e-05	-4.989127616510639e-05	0.00011546827121916556	-2.2995412816090782e-05
0.87	1.329299430341853e-06	5.885978579154465e-06	0.003225670419913901	-4.26830798988505e-06	-2.100568407932551e-06	0.0027435367128545614	0.0006560223789877375	0.000348127800612073	-2.6312790548360225e-05	0.00019737612759831923	0.00029183202783014743	-9.530941508702136e-05
0.88	7.100268186540096e-06	7.821197616436585e-06	0.0032251682380742457	-1.4439786675725874e-06	1.1314978155337749e-06	0.002742581311398198	0.00045241929295401225	3.6909626347055294e-06	-7.237526498777319e-05	0.00032803244649900836	0.0003333549027570901	-6.968907204327468e-05
0.89	1.0008195530383573e-05	6.035472516440299e-06	0.0032243702173569344	2.0052186192377475e-06	3.788585556299331e-06	0.002742143560847927	7.307716314582037e-05	-0.00034615946371888324	-9.824207482152795e-05	0.00031029294083238107	0.00022000042856848128	-2.9966592230249962e-05
0.9	8.148632014092515e-06	1.23621089937732e-06	0.0032238135252179636	4.281107747511533e-06	4.6603396250432005e-06	0.002742068051684042	-0.00042567659258191935	-0.0005729229447105954	-2.3491256534950417e-05	0.00015035571677270943	-4.7734007043923015e-05	-5.126888155704136e-06
0.91	2.2046936351723853e-06	-4.3843050487303755e-06	0.0032239556142694926	4.652274034790567e-06	2.9938453971569813e-06	0.002742034492035865	-0.000724612511994376	-0.0005247269764381774	6.189108648796008e-05	-6.775551138350655e-05	-0.00026944682756408655	8.85127467020032e-06
0.92	-5.383754341616262e-06	-8.268246661101247e-06	0.0032246517460845	2.936947654388925e-06	-4.794524774203785e-07	0.0027423151025100993	-0.0007267836430017799	-0.00020987569538849125	8.063400408471584e-05	-0.00027045150226772476	-0.0003678660195659025	6.503061017997712e-05
0.93	-1.0804603101775611e-05	-8.303686714728608e-06	0.003225474494726065	-2.2569424954867548e-07	-3.889886903760968e-06	0.0027429718006784817	-0.00033029462972136736	0.00018333748085292383	7.820526427731604e-05	-0.0003454671562687644	-0.00027974319384082473	6.464602528535075e-05
0.9400000000000001	-1.1376010134624521e-05	-4.566718635415527e-06	0.0032259273842908513	-3.255521241747052e-06	-5.817660415576765e-06	0.00274358435279738	0.00022729381482449512	0.0005070492888853353	1.1986847375822209e-05	-0.00023834590522609883	-6.27741995011593e-05	9.610853255371461e-05
0.9500000000000001	-6.831222012170078e-06	1.1408097192200885e-06	0.0032256252285275083	-4.728678887853464e-06	-4.774988375071606e-06	0.002744184573719286	0.0006643789607121047	0.0005960405593072379	-6.217095406568158e-05	-3.4000018530025035e-05	0.00026352234155255856	2.2818005679772283e-05
0.9600000000000001	8.651022170801316e-07	6.547386361911723e-06	0.0032249716732452886	-4.083270501965792e-06	-1.2631919191798666e-06	0.0027438767434098724	0.0008306142982428292	0.0004325988674369632	-8.131584360611158e-05	0.00016656088690630936	0.0004100389259323518	-9.974343993353431e-05
0.9700000000000001	8.550661675517435e-06	9.1230505326816e-06	0.0032242386612442698	-1.54019921603135e-06	2.7399704468592406e-06	0.002742429928215401	0.0006460575871730406	4.287454089652715e-05	-5.2903210101336805e-05	0.0003200945340919154	0.0003677108821193714	-0.0001543716320146926
0.9800000000000001	1.2338122263630568e-05	7.468966099667435e-06	0.0032237281428095206	1.8930082116045729e-06	5.564299958791253e-06	0.002741065609755204	8.335270949374991e-05	-0.0003499631595866311	-1.9905295802095996e-05	0.00033979132544972445	0.0001850551727314407	-9.668645770798758e-05
0.9900000000000001	1.0487315093694102e-05	2.3322868222126065e-06	0.0032238325345169032	4.594658448158085e-06	5.899942567139267e-06	0.0027406439484482324	-0.0004612314424015043	-0.0006318769494107958	5.501822223304284e-05	0.0002071874833797596	-0.0001301271046898052	1.4784351981455822e-05
1.0	3.995526513527989e-06	-4.297293855820928e-06	0.003224607118578529	5.365136464773231e-06	3.2975165143435262e-06	0.002741480287403111	-0.0008035434484409073	-0.0006191832564079094	7.4772971916055e-05	-5.364500495829131e-05	-0.0003812273699112743	0.00013637741116109085
1.01	-4.405313132174959e-06	-9.090590905978099e-06	0.0032253763846086074	3.3894521427316587e-06	-1.0762057749427216e-06	0.0027431378954472113	-0.0008129738859906782	-0.00030420311230475806	7.520796098996087e-05	-0.00032990188901324205	-0.00046613856990203653	0.00017518572363517303
1.02	-1.0852249545105158e-05	-1.0040703562826734e-05	0.003225816487088178	-5.158169851222092e-07	-4.908102945387077e-06	0.0027447466485663666	-0.0004135516741993328	0.00012986741245795395	2.464308370730108e-05	-0.00040883250053928567	-0.0002702628701605758	0.0001191102199651948
1.03	-1.2220774828425553e-05	-6.381263333168205e-06	0.0032260847545282282	-4.277379621163863e-06	-6.3816275497776685e-06	0.0027448820847012128	0.00017224750471028986	0.0005879704651749281	1.544211866907246e-05	-0.0003118293183986414	4.255321412062506e-06	-6.731695183044506e-05
1.04	-7.582643605793574e-06	7.251107524276717e-07	0.0032256068867734314	-5.992064873135039e-06	-4.9903647178614845e-06	0.00274336509057949	0.0007184983635437008	0.000779003496263548	-0.00010122939942237682	-4.224732863630566e-05	0.00027263833956111486	-0.00021452780385691417
1.05	1.0137112525447513e-06	7.626307090378176e-06	0.0032243029672686598	-5.122071218776644e-06	-1.258611478843256e-06	0.0027413692144471116	0.0009348538352307828	0.0005618080314702939	-0.00013151302351522946	0.0002124183827380424	0.0004701115046267242	-0.00017617834729694308
1.06	9.599740251168811e-06	1.1089377483433473e-05	0.0032234385773662064	-1.891312881639236e-06	3.431286561614003e-06	0.002740291627731225	0.000687446765193315	0.00011114344446788492	-3.290204180940073e-05	0.00040764310068502766	0.0004141092520875986	-2.8652418286960793e-05
1.07	1.365476063039896e-05	9.561715794700504e-06	0.0032235659994262447	2.412615818542639e-06	6.45148389456566e-06	0.002740766580787257	8.64826174247249e-05	-0.00042199260445001564	4.172929481209156e-05	0.0004198205519316553	0.0001605603018296756	0.00013886407582897162
1.08	1.0974191154250483e-05	3.145285060232349e-06	0.00322429318153524	5.63811419006731e-06	6.608874935958952e-06	0.002742658120271798	-0.0005855876429880119	-0.0008038848043159923	0.0001141972134695923	0.00018764498719613373	-0.0001356665377418476	0.0001940178182186335
1.09	2.884516035229988e-06	-5.1682182687600364e-06	0.003225615480939005	6.148248115214856e-06	3.709550671625015e-06	0.0027445888553934102	-0.0009880581639489612	-0.0007944709657044927	0.00013651471542346078	-8.692138030431961e-05	-0.00041568986010914706	0.00018699395966948512
1.1	-7.000902731144841e-06	-1.1078547742683229e-05	0.003226596659577992	3.7682765902044043e-06	-9.834594576762408e-07	0.0027459155580859653	-0.0009108910170077838	-0.0003572709240619874	9.357252059431599e-05	-0.00036506548014434857	-0.0004929073015795761	6.429979817131646e-05
1.11	-1.4002097291240149e-05	-1.186302353655681e-05	0.003226947478897845	-4.700670145400239e-07	-5.3352046344808494e-06	0.0027456570521490853	-0.0004063748411224164	0.00021378250488685404	-2.983267574689784e-05	-0.00046336522066532166	-0.00033939499824288605	-9.377282818070702e-05
1.12	-1.4532439840107772e-05	-6.828737587054412e-06	0.0032258745028077543	-5.057186609670663e-06	-7.115093750644415e-06	0.0027438686822974746	0.00030751024514212957	0.0007423805037849584	-0.00016354087104017087	-0.00040427291717655607	-1.608909534309346e-05	-0.0002456401276090941
1.1300000000000001	-8.334562832064016e-06	1.8866043413313288e-06	0.0032240041228837487	-7.64618592724632e-06	-5.260100345353275e-06	0.002741297347384251	0.0008907834842673307	0.0009305297428045092	-0.0001719430561957685	-0.00010872406765746538	0.0003397518048075346	-0.0002284831137369132
1.1400000000000001	1.9251657573768835e-06	1.0103687010097802e-05	0.0032228291776514035	-6.842136404971689e-06	-9.50890613858624e-07	0.0027397309803137418	0.0010975043879003226	0.0006576011159432948	-6.29531923855037e-05	0.0002571591656971811	0.0005167844677048946	-6.9295275994424e-05
1.1500000000000001	1.1525064633628067e-05	1.3802427679556547e-05	0.0032224960867089313	-2.993181061973771e-06	3.9445441179776725e-06	0.0027398607033274174	0.0007719263650057614	4.329818298986403e-06	-1.389677013865379e-05	0.0004879222516979399	0.0004445913615223922	8.85100761373244e-05
1.1600000000000001	1.5887575155334257e-05	1.0423487720394131e-05	0.003223106925655642	2.3629885843524523e-06	6.980226580634401e-06	0.002741672993257817	7.550527410649902e-05	-0.0006497852959609307	0.0001397762701141511	0.0005204086255752266	0.00013865017059034104	0.00024605737668899867
1.1700000000000002	1.3016191865373255e-05	1.625503888037889e-06	0.003224870302318325	6.581515259257917e-06	6.663662987307896e-06	0.00274420862090983	-0.0006363797116249431	-0.0010164442915647756	0.00018632984913858423	0.00029148782931359495	-0.00020044533549011051	0.0002252361347228564
1.1800000000000002	4.195121621963196e-06	-8.26331771589155e-06	0.00322648865425292	7.957334920053591e-06	3.1402469562206433e-06	0.002745651287189825	-0.001062012115545963	-0.0008763501084771482	0.0001490464954726879	-5.534294389834059e-05	-0.000442360044321671	5.47121372578598e-05
1.19	-6.9943950254322015e-06	-1.4513846442177174e-05	0.0032273883085650497	5.348582976344787e-06	-1.8219143055099458e-06	0.0027456267532925504	-0.0010709650150768555	-0.00032350130617660335	3.6863274166863484e-05	-0.0004103058679543489	-0.0004940368840611213	-5.2874487872020746e-05
1.2	-1.5405845283794656e-05	-1.4215858180655032e-05	0.0032269060515660217	1.691554275893799e-07	-6.196163185234205e-06	0.0027443466106397336	-0.0005243835261192669	0.0003782795934957845	-0.00011542138402223935	-0.000570013498349635	-0.0003216730712211451	-0.00017318634702512107
1.21	-1.681437213416867e-05	-6.974720161279467e-06	0.0032251352600159875	-5.100630584779082e-06	-7.701986939692412e-06	0.0027423638351952175	0.00024894721677374496	0.0009944783371039823	-0.0002304523672209982	-0.00046216506961594143	2.7705775427346624e-05	-0.00021691040830939742
1.22	-1.065265018111444e-05	3.904833216129378e-06	0.00322294674526591	-7.980479073953274e-06	-5.634359411528772e-06	0.0027406908921838668	0.0009445606374941988	0.0010984851097961877	-0.0001888435416634135	-9.56125919771176e-05	0.0003583613015233254	-0.00011373291333229609
1.23	1.0271881584194377e-06	1.3206726326628859e-05	0.0032218622778969635	-7.212423809438653e-06	-9.55710433315954e-07	0.0027401233290851555	0.0012718121559979856	0.0006780073114160118	-3.5978312328505247e-06	0.00025319817933037325	0.0005620653805282116	4.524335679042152e-06
1.24	1.2606083904696241e-05	1.6637247204957036e-05	0.003222759470150974	-3.0794814314113103e-06	4.400122110817183e-06	0.0027409960675898676	0.0009585828415690117	-2.963329014260475e-05	0.00017555371979514987	0.0005221266074680103	0.0004849590985209314	0.00016445315923029337
1.25	1.8499099717122546e-05	1.222261865248031e-05	0.003224674864029856	2.44331409484038e-06	8.054537073249197e-06	0.0027428757908943583	0.00017913169677475743	-0.0007982806584818627	0.00019775885937845438	0.0005403350470706421	0.00021553918109159636	0.0001868277726810089
1.26	1.5987690276286215e-05	1.6505338946317358e-06	0.0032264759551987334	6.9369467707704905e-06	8.062091817755091e-06	0.0027442723253810627	-0.0006440843317745605	-0.0012263698281091034	0.00012939009935013292	0.00031298057422973015	-0.00022201120733459493	9.405167493772353e-05
1.27	6.06549292686687e-06	-1.0172277757706396e-05	0.0032270488573391968	8.171297048241089e-06	3.835471824807814e-06	0.002744831027013968	-0.0012490452269790274	-0.001051416988947871	-4.009721220192453e-06	-5.746963205104063e-05	-0.0005799478021789961	2.3152412435074223e-05
1.28	-6.957644597481327e-06	-1.7385682528860768e-05	0.0032263532992066932	5.7378559217018644e-06	-2.4565982070728074e-06	0.0027447161503252803	-0.0012496238058692308	-0.0003322346282763115	-0.00014162339507709412	-0.00042110148454152914	-0.0006578158660030165	-6.081532475559803e-05
1.29	-1.6977062813902842e-05	-1.6106315825564284e-05	0.0032246383198022604	4.0064460539940234e-07	-7.990165683048869e-06	0.002743998129240571	-0.0006494066309402514	0.0005707305490559523	-0.00017775801342233586	-0.000608409700997785	-0.0003982975258541267	-8.587431360686325e-05
1.3	-1.9079309201374863e-05	-6.975109863544688e-06	0.0032231558115329616	-5.2587977190982866e-06	-9.783862132992166e-06	0.002742781274743789	0.0002561400366539421	0.001190788898698974	-0.00012239233455230123	-0.0004971506708738545	6.108654704129341e-05	-0.0001226562193144874
1.31	-1.219120998638747e-05	6.050976900268401e-06	0.003222846838796055	-8.612426245286774e-06	-6.876933893445706e-06	0.0027416691357222012	0.0010616870960163483	0.0012831267078065884	6.990464475480518e-05	-0.0001797630381840572	0.0005180731605776092	-8.506600102935222e-05
1.32	5.667192526142886e-07	1.6513211143819526e-05	0.003224124031512663	-8.312765781679724e-06	-5.331099329032831e-07	0.0027412256053903302	0.0014083841652792176	0.0007344356874003168	0.0001592361013402727	0.00023776151718381673	0.0007237493834705424	-4.4442218142580396e-06
1.33	1.3369454400917908e-05	1.9337339578890812e-05	0.003225630963304075	-3.890251635341045e-06	6.241667092559668e-06	0.002741745401809446	0.0010431472585895158	-0.00020579288920544197	0.00010293756797616107	0.0006006938071008922	0.000603081234165157	8.302002006372702e-05
1.34	2.010316016723524e-05	1.2653093259027949e-05	0.0032259238646870137	2.5489905900174057e-06	1.0334714072633227e-05	0.0027430155805302794	0.00024063224833148795	-0.0010706114517302719	-2.9771857710220976e-05	0.0006435943630939949	0.00017170675494668786	0.00014521849527487376
1.35	1.7480410448977966e-05	-3.726815228668043e-07	0.0032252643740309063	7.773228204010249e-06	9.45645489073694e-06	0.0027443602622291377	-0.0007405073611260061	-0.0014445805656693991	-5.9145083349833956e-05	0.00035749257296372757	-0.0003293629692716134	7.82141046902995e-05
1.36	6.4835988568163874e-06	-1.366048174441719e-05	0.003224737272810409	9.266918483958914e-06	4.272101830700438e-06	0.0027445080005381955	-0.0013707164850791315	-0.0011260384342788872	-5.928883845147942e-05	-8.62068557921693e-05	-0.000694069780846928	-3.39265250562127e-05
1.37	-8.026516174011278e-06	-2.0834982890668043e-05	0.003224211383453874	6.0540064019701295e-06	-3.071109355657253e-06	0.002743654753318319	-0.0013956025430438203	-0.0002455651321441256	-4.404390983244361e-05	-0.0004947600625132914	-0.0007181103598792355	-0.00012056606381562502
1.3800000000000001	-1.9007723736004764e-05	-1.8187562922543252e-05	0.003224123101490976	-3.3963261618512884e-07	-8.937313029633262e-06	0.002742272566637124	-0.0007301964100234234	0.0007680780312466197	2.276748690460442e-05	-0.0007080701938968876	-0.00042816961794210124	-0.0001242585975640785
1.3900000000000001	-2.107895662629751e-05	-6.6117732270926895e-06	0.003224607234897085	-6.764763279098775e-06	-1.0849713707769112e-05	0.00274150015246649	0.00031453977122535167	0.0014453324020829766	5.986285426918096e-05	-0.0005074388016112248	7.04078569539711e-05	-4.18437487821122e-05
1.4000000000000001	-1.2901511753693855e-05	8.484794397547373e-06	0.0032250603435371897	-1.008032965632658e-05	-7.58414229548797e-06	0.00274154645955178	0.0012496007045170977	0.0014580686122174526	7.393469319854445e-06	-9.760860794321647e-05	0.0005483906688327504	2.937104319009743e-05
1.4100000000000001	1.8296138190518599e-06	2.0154000661925532e-05	0.0032248963225421996	-8.697872592689574e-06	-4.714774965294897e-07	0.00274228077654026	0.0015726461826646829	0.0007935133298226647	-2.9715358230947973e-05	0.000363581221079284	0.0008070400299160771	0.00011585120346164766
1.4200000000000002	1.6078656490432184e-05	2.2874779535816633e-05	0.003224423233835341	-3.384847187853867e-06	7.270803040644567e-06	0.0027436540776250027	0.001161696380235003	-0.00027944813203508763	-6.0729719958686405e-05	0.0006597698389659842	0.0006801601677471847	0.00014093558597755315
1.4300000000000002	2.281619926888438e-05	1.4640590244012207e-05	0.0032240135228158613	3.5741055473230386e-06	1.1368355661918172e-05	0.002744534802544711	0.0001145283094470057	-0.0012974085158898663	-6.5620011122918586e-06	0.0006654695283428871	0.0001214915751155176	2.6614837834330535e-05
1.4400000000000002	1.8335917566966712e-05	-7.199736731326433e-07	0.0032244594430119217	8.815361745755903e-06	9.996748950661116e-06	0.0027442152059060686	-0.0009560689760748125	-0.0016486406626835333	8.309749445401589e-05	0.0003395167053389177	-0.0003971652470966091	-9.380388769939864e-05
1.4500000000000002	5.061045521520165e-06	-1.597531088349532e-05	0.00322547008650332	9.58332303209833e-06	3.6287106931518982e-06	0.00274274137021969	-0.0016033782878946607	-0.0012665586707565901	7.543120229574376e-05	-0.00017626532018412817	-0.0008072075791405855	-0.00015873738975371525
1.46	-1.0835745854439071e-05	-2.3892530247577336e-05	0.00322558256426789	5.6716453160156105e-06	-4.959967362535333e-06	0.002741352026071919	-0.001453423386968644	-0.0002456330448103877	-5.6001598469230195e-05	-0.0005570906919180497	-0.0008371901382188251	-8.623549825651937e-05
1.47	-2.1764820990395534e-05	-2.0495434601931997e-05	0.003224573247737949	-7.757473297993578e-07	-1.1749633646167934e-05	0.0027412054992321617	-0.0006231921568565466	0.0008973141243270469	-0.00014430828219735845	-0.0006853753698212322	-0.0004659971032853463	6.759827999324129e-05
1.48	-2.2379625505502578e-05	-7.315794186556386e-06	0.003223279150301164	-6.903963402254526e-06	-1.3352003071130886e-05	0.002742321229289999	0.0005052916064204227	0.0016212017511464513	-0.00010097919801287359	-0.0004825174819141076	0.00015850456795517116	0.0001338130930172502
1.49	-1.2372242763154578e-05	9.536448161809426e-06	0.0032231144333792626	-9.720267493356961e-06	-8.32551669200925e-06	0.002743724809426316	0.001422699296982974	0.0016032422395989212	7.587254195352041e-05	-8.446078336667096e-05	0.0008021201641741716	0.00013154270789024087
1.5	3.7968243362598976e-06	2.219808683142154e-05	0.003224438535005489	-8.322046433669919e-06	1.2197751987026553e-06	0.0027444325649358782	0.0016696976581124618	0.0008273379865244677	0.0002238450189884548	0.0003623413951908444	0.0010361530161764805	2.840781008847385e-05
1.51	1.847692512200469e-05	2.456518344512729e-05	0.0032262527208590432	-2.9139805521263097e-06	1.063954642767319e-05	0.00274404985395878	0.001132408918811953	-0.00038505768676002836	0.0001272499081353696	0.0006681109063429545	0.0007617987929828105	-0.00010664713817329695
1.52	2.4706346882929414e-05	1.4917636842255108e-05	0.0032268325269644146	4.2039118189628605e-06	1.4996045672885316e-05	0.0027431217237951313	4.870026323829963e-05	-0.0014832131414161112	-1.0212199555021691e-06	0.0006754623537674925	0.00011220368858363626	-6.741407354627497e-05
1.53	1.9358928041164482e-05	-2.497124567879538e-06	0.003226037002187879	9.430564760562268e-06	1.2520473807505194e-05	0.002742648495689875	-0.0010621270413202406	-0.0018647800352496198	-0.00016701284334073955	0.0003038830755669236	-0.0006120820939734411	-1.4913336171544496e-05
1.54	4.691337826804272e-06	-1.9339050573649475e-05	0.003223826449099507	1.0232273552866602e-05	3.7354642082000313e-06	0.00274242251304571	-0.0017331424365760483	-0.0013484589192156856	-0.000233844434525206	-0.00016725492175496327	-0.0010923782598289606	-8.15199975149707e-06
1.55	-1.2650801262646801e-05	-2.738319901372246e-05	0.003222092031620637	6.1295041515873986e-06	-7.0699315251920806e-06	0.0027424627289418134	-0.0015874615222718981	-0.00019791793127304957	-8.544639041654681e-05	-0.0006267830146957226	-0.0010156688175072715	-1.1134303546997681e-05
1.56	-2.4487339667449042e-05	-2.28202527783562e-05	0.0032222593629059096	-1.2944957030034839e-06	-1.5091181335649113e-05	0.002742514854772858	-0.000678879519037421	0.0011063706958515276	0.00011022499056223057	-0.0007708135095124664	-0.0005162876680977676	1.045652021637308e-05
1.57	-2.4824372428732583e-05	-7.034566186970569e-06	0.003224311745405987	-8.469306646749852e-06	-1.628177873548229e-05	0.002742640818862827	0.0006148083902434702	0.001955695408721322	0.00028389877205888783	-0.0005953745101182135	0.00028527599065764986	1.0508674669610162e-05
1.58	-1.3230063773319408e-05	1.2902944327686327e-05	0.0032266679052964597	-1.1938998325833539e-05	-9.99368681827734e-06	0.0027429851083250255	0.0016186590474196127	0.001858796476059321	0.00015313688526740705	-7.17922056846715e-05	0.0009552195258788077	4.844979866810713e-05
1.59	4.981875059855194e-06	2.719716417821142e-05	0.0032271083786934445	-9.69917558428732e-06	1.3167471642969185e-06	0.002743622219681334	0.0018834510359006043	0.0008965826278382661	-7.82425742601401e-05	0.0005069703180833183	0.0012132129208815754	9.204828007711133e-05
1.6	2.128657058030992e-05	2.906974149204206e-05	0.0032253737536204427	-2.471262742073566e-06	1.2446265108270955e-05	0.0027442497882212823	0.0012401012761779433	-0.0005495387270581093	-0.00021690925977342396	0.0008667412495210555	0.0008979708244142659	3.7047391633719527e-05
1.61	2.7750223614003775e-05	1.6700613406144244e-05	0.00322364600204722	6.197936933540817e-06	1.7939152394675013e-05	0.0027442642186693927	-1.1140500187347526e-05	-0.0018167782749740763	-0.00011182769465689368	0.0007992582506267369	0.0001583175315379093	-7.241061914578028e-05
1.62	2.1009417823539823e-05	-4.601784377754114e-06	0.0032233993120054944	1.1930368230647133e-05	1.5269129723123217e-05	0.0027429572510760647	-0.0012590471374275946	-0.002271116009178908	4.7836212121732005e-05	0.00032024146176088997	-0.0006693100818967766	-0.00017672215453557385
1.6300000000000001	4.265897977580901e-06	-2.4970617667458308e-05	0.003224475317006601	1.2083722769169617e-05	5.325903752574647e-06	0.0027412686907265925	-0.00195014762214013	-0.0016281063038913301	0.00011005106924511102	-0.0002927507554251767	-0.0012255753843241756	-0.0001456669041890351
1.6400000000000001	-1.490940195847417e-05	-3.413282101225444e-05	0.003225066486299148	6.775312994736791e-06	-7.25056179147047e-06	0.00274048957674076	-0.0017277264832282755	-0.0001438454809278017	-1.5215595232589666e-05	-0.0007499267054784882	-0.0011527862485941549	2.4943117628380375e-05
1.6500000000000001	-2.732548273744993e-05	-2.7177912905197445e-05	0.0032243083250228324	-1.9151181742926102e-06	-1.6125902164931738e-05	0.00274157695682157	-0.0006461998023155094	0.0014895697255395625	-0.00011234315280750599	-0.0009103696313774656	-0.0005595520843321607	0.00018562231790050456
1.6600000000000001	-2.6864880851890318e-05	-6.824554735128291e-06	0.003223236509099983	-9.87580992852724e-06	-1.743048230019983e-05	0.0027436681903310546	0.0007389318448952193	0.002423687294622236	-3.980970602998919e-05	-0.000607795341617725	0.0003238662043954987	0.00020272446790932903
1.6700000000000002	-1.3688318724061585e-05	1.7558294142346168e-05	0.0032237028678426954	-1.319038691621614e-05	-1.0322031655590477e-05	0.0027452003257150822	0.0018118211295933104	0.002258780670000463	0.0001228127818023466	-2.1035190783904263e-05	0.001055777169972937	6.653964435392245e-05
1.6800000000000002	6.411450286112863e-06	3.463127029626911e-05	0.003225213406483911	-1.0222167639688611e-05	1.986618182775302e-06	0.002745064356968635	0.002045346184607158	0.001009901694650223	0.0001648433083815489	0.0005997749632443946	0.0013243210315986645	-6.660052251543624e-05
1.6900000000000002	2.4096258484664067e-05	3.5633105418599545e-05	0.0032263382172865993	-2.1026137956311405e-06	1.3718730973226345e-05	0.00274375727829302	0.001334013610352281	-0.0008145075236646152	4.553853474894782e-05	0.0009539772039611134	0.0009401088658528183	-0.0001955625309670756
1.7000000000000002	3.0633434086178355e-05	1.940815598012752e-05	0.003225994109886623	7.3301025975648426e-06	1.9243935721886146e-05	0.0027420714971500785	-7.955253075590286e-05	-0.002303136608991345	-8.808957436667009e-05	0.0008576354421495938	9.766642228193502e-05	-0.0001521912928737605
1.7100000000000002	2.2696675227042862e-05	-6.662954506498236e-06	0.003224752329021922	1.3575939283189025e-05	1.5630458598053078e-05	0.002741459055442538	-0.0014215187021703291	-0.0027232373204854597	-0.00015401323654066595	0.0003460833704242068	-0.0008045622305142831	3.821647577965872e-05
1.72	4.074146185803688e-06	-3.0544935451404236e-05	0.003223253539574308	1.3526943406133238e-05	4.187248865612621e-06	0.0027423542873645608	-0.002176315661417563	-0.001837299485140259	-0.00011879741977191597	-0.00037544828948896813	-0.001367341508882057	0.0001340411579433165
1.73	-1.6980925505788266e-05	-4.0342219028908916e-05	0.0032228877095425057	6.907749436426175e-06	-9.685945091642329e-06	0.002743822727670541	-0.001882841293907035	-3.0662299900453096e-05	3.4106948051663584e-05	-0.0008918416997480622	-0.0012772067274963346	0.00014927225062862792
1.74	-3.0492111861025663e-05	-3.084964120552911e-05	0.0032240736273787844	-3.131263925789102e-06	-1.9229571163405676e-05	0.002744698147616059	-0.0007255694770160305	0.0018581268052722112	0.0001794767453869162	-0.0010221027210511793	-0.0005555404545809119	4.3149747967313204e-06
1.75	-3.0015250484791647e-05	-6.238052691147399e-06	0.0032257533224490814	-1.1724864114739949e-05	-1.9752418060313486e-05	0.0027441676007622555	0.0008368437412979969	0.0028514142868092487	0.00013475075723941556	-0.0006389455843489837	0.0004731460817086683	-0.00010347864469790017
1.76	-1.5088425706037331e-05	2.1932609756722876e-05	0.003226551722765271	-1.4794933128729435e-05	-1.0603159939920583e-05	0.0027430454988156714	0.0020435937139745633	0.002544614045925914	6.762825521100658e-06	1.6515543738847787e-05	0.001280100545547833	-8.422202992910113e-05
1.77	8.020948058701576e-06	4.049372265214385e-05	0.00322554959660231	-1.1129580544256102e-05	3.969797136827273e-06	0.0027428335478179564	0.0023418832212041877	0.001002549069420321	-0.00017232921254346155	0.0006922348973850938	0.0015255383639372064	5.873997950297143e-05
1.78	2.7798335006936726e-05	4.016991358941749e-05	0.0032234264005249528	-2.0514785086870015e-06	1.7392049498900322e-05	0.0027435434692419055	0.0014281284331394768	-0.0010742440069516626	-0.0002016106604349191	0.0010401930354317825	0.0010183848157254913	8.35600610743272e-05
1.79	3.4601630836253694e-05	2.045124709252589e-05	0.0032222875139186844	8.082859182658914e-06	2.2750170219255324e-05	0.002744083632327553	-0.0001355377956445878	-0.002702930655860455	-6.342626044826926e-06	0.0008997025918302803	3.7637931371855653e-06	3.379168182825413e-07
1.8	2.5222217984235964e-05	-9.685213640187135e-06	0.0032232022983510753	1.445341446237727e-05	1.7285418166940905e-05	0.0027434378507267265	-0.0016866218060594589	-0.003075634489520484	0.00016889645376385045	0.00033221052202115405	-0.0010594628957866393	-0.00011270629856210303
1.81	3.6363870221027122e-06	-3.604979620886107e-05	0.0032251734065699665	1.4340723421502484e-05	3.1804113313140605e-06	0.0027423004404037122	-0.002455150767985662	-0.001967662666224311	0.0001984042536569479	-0.0003718053920781945	-0.0016221296631007743	-0.000107681927311331
1.82	-2.0013492456688797e-05	-4.575842395293632e-05	0.0032261992793132547	7.592872634748094e-06	-1.274816144602677e-05	0.002741832143385774	-0.0020709668104473473	0.00013966269705183618	-1.8257407833046858e-07	-0.0009314305096819166	-0.00146081903953597	1.0139260056348111e-05
1.83	-3.450141369729867e-05	-3.353956355398331e-05	0.0032254866650197394	-2.9736772253635816e-06	-2.3345581231178185e-05	0.002742657596465636	-0.0007210705415005021	0.002233674301097487	-0.00012844492987595298	-0.0011022109574578044	-0.0005615120873796068	0.00013528143351383405
1.84	-3.287402264989025e-05	-4.493543242456576e-06	0.003224201409989388	-1.2550406665752896e-05	-2.3005334956808107e-05	0.0027439886318037774	0.001021093138739268	0.0033549282128807487	-0.00010926485759113587	-0.000713820539911191	0.0006169183023060049	0.00011307428690709103
1.85	-1.5526935337466455e-05	2.778381255655326e-05	0.0032236842373952915	-1.62597334881603e-05	-1.1781869357480714e-05	0.002744389589576534	0.0022956818328567466	0.0028431308689095595	1.618826450233876e-05	1.645351838680821e-05	0.0015353675149497497	-3.213394656488686e-05
1.86	9.415382779296372e-06	4.7768922486069e-05	0.0032240813921152974	-1.2323614843884714e-05	5.508304465968924e-06	0.002743536763587234	0.0024939424692403526	0.0009861141252636085	4.792820455150632e-05	0.0007456398284784794	0.001763133104101572	-0.00011383206544806747
1.87	3.053950554851611e-05	4.559954962954588e-05	0.0032246340390077763	-2.247124855710838e-06	2.0481144045423033e-05	0.0027425815841769317	0.001561425695660489	-0.0014126698872191108	5.0771702977692095e-05	0.0011800979150575798	0.0010960769473955902	-4.824660739360382e-05
1.8800000000000001	3.7619698392440464e-05	2.1669078574270637e-05	0.003225079593691182	9.545701493535522e-06	2.5778967521224456e-05	0.0027425796459977997	-0.00019625380334824995	-0.003181099672864609	5.745998765544833e-06	0.0010739984415315405	-9.251674063147293e-05	3.16550085368677e-05
1.8900000000000001	2.6936923432572793e-05	-1.3244145878170348e-05	0.00322499320567699	1.7279464313587397e-05	1.871712836795353e-05	0.002743123231370762	-0.0018848896959217	-0.0034921203447583157	-4.378944605652719e-05	0.0004173762059093921	-0.0012606888739155175	5.021090862413553e-05
1.9000000000000001	2.7815129928292775e-06	-4.25686203027552e-05	0.0032245980262600657	1.7023911929275725e-05	2.6811556812322047e-06	0.0027434528279007267	-0.0027064485004215278	-0.0021417435071647613	-6.858642921722801e-05	-0.00049735777819458	-0.0018414015867926523	1.386703452620554e-05
1.9100000000000001	-2.3063234606582112e-05	-5.220156279919892e-05	0.003223585843927754	8.280276330130385e-06	-1.5098812461253904e-05	0.0027438791875245825	-0.0022307266439111984	0.0002795073377206892	-0.00011605365537707196	-0.0011622174612388573	-0.0015826498475707215	5.443441080297857e-05
1.9200000000000002	-3.822472082611565e-05	-3.706358180478935e-05	0.0032230582565741382	-4.5721470437158135e-06	-2.6135348005554867e-05	0.0027441894366597446	-0.0006889924117118557	0.002626370465835899	3.199896303710482e-05	-0.001297463576892205	-0.0005423714114079881	7.537608559210322e-06
1.9300000000000002	-3.5692357470430166e-05	-3.7594330695509805e-06	0.003224193087281627	-1.568965652193898e-05	-2.5226520614450224e-05	0.0027435535609988517	0.001187331387299776	0.0037355344898052202	0.00019350033951241662	-0.0008340784928284529	0.0007557263618828959	-0.0001057593316498861
1.9400000000000002	-1.585838737871425e-05	3.2218286892449666e-05	0.003225954739349379	-1.9737477150872125e-05	-1.2339601088275094e-05	0.002742390540785078	0.002600918968065755	0.003163670990274749	0.00010112916532376725	8.343940944376229e-05	0.0017156030142360611	-9.316897027465351e-05
1.9500000000000002	1.2130607863880517e-05	5.3914495257399957e-05	0.0032260709690898094	-1.438436227923824e-05	6.66800394795539e-06	0.0027422455682218775	0.0027707746915191464	0.0009916958507491603	-9.717070777520812e-05	0.0009670501184389142	0.0019101458794446222	7.419175886263561e-05
1.9600000000000002	3.517077265813118e-05	5.0232772589699955e-05	0.0032242283903571797	-1.7935062110228161e-06	2.2928613874241277e-05	0.002743435481077614	0.0016074623995947334	-0.001705612342200984	-0.00023564285601199083	0.001446669106498576	0.0012076951922176192	0.0001485834015204686
1.9700000000000002	4.182995236974955e-05	2.206148107891285e-05	0.0032221384262811053	1.2064666526490244e-05	2.871368197297085e-05	0.00274478816192865	-0.00035956272677833327	-0.003699565512891757	-0.00011630053203325687	0.0012041437271219707	-8.982537483909733e-05	9.913831985321519e-05
1.9800000000000002	2.851013042269024e-05	-1.8073862707521274e-05	0.003222448458529768	2.0484230307431514e-05	2.104131488133244e-05	0.0027449646118710897	-0.0022104147309383406	-0.003963165292896997	0.00017368602907355532	0.00039280102842071865	-0.0014067332342861747	-5.8727785499732474e-05
1.99	9.401860152526384e-07	-5.104879600560275e-05	0.0032246653806045503	1.925835842802573e-05	2.9489055464057206e-06	0.0027437461994013817	-0.0030676789325217012	-0.002319207866866355	0.0002223584772149029	-0.0006296824913197385	-0.0020649138909075593	-0.0001562264972506996
2.0	-2.7882922607846534e-05	-6.0220497282837395e-05	0.0032259576693449824	8.824481264521242e-06	-1.6875195874347883e-05	0.002742490627296414	-0.0024750767316674667	0.0005651401511071718	7.147416840505066e-06	-0.0013959549792675117	-0.0017275311106696258	-6.518825671211485e-05
2.0100000000000002	-4.446833908917253e-05	-4.051572643078371e-05	0.0032250887336622964	-6.398761681654177e-06	-2.8913934215003346e-05	0.002742258534925	-0.0006992271057693909	0.0032395415612732955	-0.00018041721632610806	-0.0015300388323071581	-0.000568538519665896	1.669223031733594e-05
2.02	-4.052320624688259e-05	-6.041878302173838e-07	0.003223268432021862	-1.9103456800744952e-05	-2.71743321712859e-05	0.0027428317873454187	0.0014927642625257595	0.00440950953120043	-0.0001637257098819891	-0.0009155766040613078	0.000915130123503866	8.017503366467368e-05
2.0300000000000002	-1.678835415015145e-05	4.070590782084901e-05	0.003222030154906618	-2.3271428462581625e-05	-1.2087917874260542e-05	0.002743498520952225	0.0030540523323357217	0.0035346282004828215	-5.114955944475085e-05	0.00013478535650164828	0.0019695323196118027	4.277918399448222e-05
2.04	1.5747117367474097e-05	6.371833741127435e-05	0.003222162833147974	-1.6453306866502915e-05	9.059679363766708e-06	0.002743623277919248	0.003196128774849084	0.0008744547455332978	7.215240406915811e-05	0.0011810057065663267	0.0021176734659644056	7.642165140779036e-06
2.0500000000000003	4.1884476279660467e-05	5.692228219417916e-05	0.0032231229081870288	-1.4023556239192283e-06	2.6617215241334775e-05	0.0027438771371354666	0.0018292053509765358	-0.0022024013850110422	0.00014755079459212694	0.0017054254728911867	0.001243737941042341	2.4930721356771364e-05
2.06	4.8912659910559407e-05	2.2956817031675976e-05	0.0032244314191450197	1.5154560785415501e-05	3.206007100386763e-05	0.002743670435261246	-0.0004862829821740053	-0.004324827857944991	0.0001490710749952321	0.0014531283570087315	-0.00022308220909874186	-4.7459580923540243e-05
2.0700000000000003	3.264991057625082e-05	-2.2980698780964895e-05	0.0032258697474539153	2.513541735986799e-05	2.2351109468620952e-05	0.0027431544138002747	-0.002654789733780166	-0.00448314236223854	9.857031430570576e-05	0.0004357307847755534	-0.0016699497420262733	-4.113418683222023e-05
2.08	1.926699718870982e-07	-5.936016340640687e-05	0.0032257390380950246	2.310378156367554e-05	1.4853860708776499e-06	0.0027431779306375504	-0.003588124914687324	-0.002477018988969825	-0.0001349081891590873	-0.0008351743764116638	-0.0023358799341506357	5.9472567274334294e-05
2.0900000000000003	-3.326863301670474e-05	-6.822446411359817e-05	0.0032236131455918556	9.74574733475704e-06	-2.066118935082409e-05	0.0027442852208156734	-0.002843521596345511	0.0007923869145372662	-0.0002601926891347914	-0.0017146639543541959	-0.0019179507531950737	0.00015989356566590348
2.1	-5.1968021913349026e-05	-4.467472186905006e-05	0.0032214424878801514	-8.665318860033857e-06	-3.376796163970092e-05	0.0027454037044769334	-0.0007164689637202568	0.003739615386899465	-0.00011672290629301757	-0.0018191967017846095	-0.0005511892709146991	6.066646931593196e-05
2.1100000000000003	-4.6034495876662947e-05	9.707518676072346e-07	0.003221762632536065	-2.347639142571559e-05	-3.087498853249395e-05	0.0027448978396304286	0.0018593589778424548	0.0050146987989846395	0.0001737640057890283	-0.001024825027146198	0.0011161495460315562	-0.00015917695223261543
2.12	-1.7819637445431326e-05	4.744060867954599e-05	0.0032241204883630757	-2.7434769190635643e-05	-1.3140850726321602e-05	0.0027429936041192876	0.0035732596009984286	0.0038897246832696386	0.00024565018338627495	0.0002723880820442882	0.002301575837815007	-0.0001802895973598164
2.13	1.9816058808652773e-05	7.251148742014791e-05	0.0032255488093904856	-1.8528923910102713e-05	1.151995248320807e-05	0.0027418986508275503	0.003641224709777813	0.0008858966497346692	-3.5003932724748743e-06	0.0014628363414785329	0.0024235647316747273	-1.8549834210230023e-05
2.14	4.905139001720491e-05	6.325752522870185e-05	0.003224343325294608	-4.6970399287922666e-07	3.173738068917672e-05	0.002742988406896175	0.0019629067584424104	-0.0026751252783475082	-0.0001935846698755762	0.0019631200305673425	0.0014373454037367173	0.00018868032443216504
2.15	5.5565410317406145e-05	2.2936590801084404e-05	0.003222735882317579	1.7942465392623187e-05	3.783380838289983e-05	0.0027448903080878034	-0.0007159205301169582	-0.005084895793994176	-0.0001103838104510629	0.001583404774756648	-0.00031786997329718295	0.00013341156566971024
2.16	3.5654781861887565e-05	-3.0286574887869833e-05	0.003222787895036562	2.863810054251806e-05	2.5899156617227207e-05	0.0027455682787793758	-0.0031032241616287728	-0.005100846360434866	0.00010405620296584916	0.0004565602368594336	-0.0019765692788697702	-1.1496514255943576e-05
2.17	-1.943826554155218e-06	-7.084348251829814e-05	0.003223949865407022	2.6238061439791712e-05	1.2769525476700951e-06	0.0027450289362606324	-0.004098639779443805	-0.002646023459437482	9.00384424319624e-05	-0.000922264309044238	-0.002771425993314106	-7.224611340235298e-05
2.18	-3.965790237318271e-05	-7.876653281522639e-05	0.003224260891062885	1.1517393143857108e-05	-2.4842876279315677e-05	0.0027443576317110674	-0.0031360345882556853	0.0011400507730350623	-2.6275497475123458e-05	-0.001899364928012861	-0.0022738550727221217	-3.536096323477316e-05
2.19	-5.955412119191865e-05	-4.912639625548e-05	0.003223678643179328	-9.033896486679345e-06	-4.007278324522891e-05	0.0027441374125741964	-0.0006605362303836611	0.004528944811742607	-6.011869891655721e-05	-0.002045401276391985	-0.0006379914383849761	-2.3403732143783753e-05
2.2	-5.154856606172949e-05	4.956430889943839e-06	0.0032233871737865753	-2.592886950369969e-05	-3.632944800700315e-05	0.0027440637897523774	0.0022012828573789232	0.005852973899202556	1.2654150428736155e-05	-0.0012023142304632241	0.0013591642572319258	6.594671370494423e-06
2.21	-1.8637237949245324e-05	5.846546635191474e-05	0.0032234434568330556	-3.114603527764477e-05	-1.4970361837087281e-05	0.002743813541589671	0.004117311721297563	0.004415588048079281	-3.553914914259574e-05	0.00020475292128546447	0.0027640664301444825	-1.6741076913810344e-05
2.22	2.4197506071162172e-05	8.566278516875097e-05	0.0032229364767524895	-2.1947904842975444e-05	1.442547772588138e-05	0.0027441719204002062	0.004128047868286079	0.0007833391248163244	-8.966819178502507e-05	0.0015738750599876864	0.002859625686286384	9.429512061165089e-05
2.23	5.6874639890077446e-05	7.241625751692324e-05	0.0032221744035505133	-2.0840493001251775e-06	3.7784926169932125e-05	0.0027454633956043263	0.00214223269477892	-0.003358813299916115	-2.3752189802834513e-05	0.0022512783830160605	0.001580074202861448	0.00012663151960139678
2.24	6.340001401175913e-05	2.3986041222685927e-05	0.0032226880357197744	1.9431571253257982e-05	4.361960165221145e-05	0.002745842777390486	-0.000901972997639179	-0.005948782081658986	0.00015428478380938152	0.0018478103523747451	-0.0004922288884368876	-7.391081829681089e-05
2.25	3.978043656543891e-05	-3.746710380139196e-05	0.003224753009728331	3.2118489748701086e-05	2.8483151623081672e-05	0.002744340200502403	-0.0036370456291366935	-0.005829845450034472	0.0002014187548965237	0.0005528457328751761	-0.002418046176092287	-0.00016052942521496471
2.2600000000000002	-3.453758133800307e-06	-8.304905165116793e-05	0.0032257585143054698	2.972037162174119e-05	-6.603766056884483e-07	0.002743402366673857	-0.004689953891906809	-0.0028929169493199496	-6.66073982201102e-05	-0.0010211677950209953	-0.003202132983968176	5.941120796091643e-06
2.27	-4.638357952624726e-05	-9.024710361533763e-05	0.0032235299088804914	1.3263271516425672e-05	-3.0356326475765417e-05	0.0027443626985081755	-0.0035621659013079037	0.0015391263020635426	-0.0003416054085372612	-0.002176376106611969	-0.00248317750993312	0.00017426235760826736
2.2800000000000002	-6.856699905520556e-05	-5.446097159918375e-05	0.003220483349153173	-1.007791578035138e-05	-4.628998950765193e-05	0.0027461205457545612	-0.0006723829988042221	0.0053489189128603015	-0.00020488203703007853	-0.002282781236363521	-0.0005706001605787446	0.00011522055356452176
2.29	-5.8545857093560895e-05	8.549103141255352e-06	0.003220487785104538	-2.8983863367376937e-05	-4.077277244730234e-05	0.0027459807310750046	0.0026284128178390587	0.0067476925490480505	0.00017875116760222187	-0.0013196873741241491	0.0016345601484129783	-0.0001248292502292921
2.3000000000000003	-2.0186592523255852e-05	6.966443041117354e-05	0.0032231514594542837	-3.436101832683836e-05	-1.58478608899475e-05	0.0027443535743495026	0.004736567325327587	0.0049561095372671485	0.00027618337623194306	0.0002915441506985393	0.0031747841491013753	-0.00016930651721119193
2.31	2.9002789025613066e-05	9.90922403149024e-05	0.0032248934114060897	-2.3606018984534533e-05	1.7562218520904878e-05	0.0027433925119178045	0.0046714633222741594	0.0006460213040498689	5.470413028148595e-05	0.001750364373134894	0.0032411698264251457	1.7250303912471777e-05
2.3200000000000003	6.569694708543539e-05	8.126171785156169e-05	0.0032242393657063353	-1.378945144313464e-06	4.388619975996977e-05	0.0027445843071545353	0.002323992914253184	-0.004069995396752518	-0.00015249917516346027	0.0025042544116536574	0.0017680902464427403	0.0001962699063267897
2.33	7.167068908541095e-05	2.360531213202073e-05	0.003222559015892276	2.2529561111424398e-05	5.018401226953432e-05	0.0027464938938274288	-0.001173136647640403	-0.006974320203580542	-0.00010794752049005262	0.002060312349630245	-0.0005891927665778883	0.00010864641255945077
2.3400000000000003	4.3458080722306473e-05	-4.725273979669603e-05	0.0032223928863695287	3.608336112520403e-05	3.288751669598162e-05	0.002746554958568002	-0.004236373795477435	-0.0066182111250408	6.326252036764102e-05	0.0005562966419643654	-0.002747361246676427	-6.969137969376836e-05
2.35	-6.4436215616733406e-06	-9.790734819400036e-05	0.0032230009986217675	3.2726746769439266e-05	-5.682975099062211e-07	0.002745588449181149	-0.005375626603209802	-0.0030646232726524083	4.0629939964176766e-05	-0.0012109287464051007	-0.0036898966851439436	-7.60287741627599e-05
2.3600000000000003	-5.503571278582068e-05	-0.00010305771206296987	0.0032227495636107644	1.3629063765751332e-05	-3.483237584105612e-05	0.0027456285443270396	-0.003918867257704668	0.002101050182036778	-0.00011406091635159602	-0.0024715523675094575	-0.0028932511334663854	6.818252475804739e-05
2.37	-7.860900491612539e-05	-5.892307726210538e-05	0.0032217213743151725	-1.2667013533932724e-05	-5.3601642099373174e-05	0.002746373604742274	-0.0005886631184305616	0.0064120667526064105	-6.965308054853616e-05	-0.0025716062136779366	-0.0006860010592415832	4.159456709611433e-05
2.38	-6.549429782482343e-05	1.5142805950125683e-05	0.0032221071837888146	-3.343416548611556e-05	-4.7121356881526764e-05	0.0027458446504684117	0.003131981624673001	0.0077766874338773585	0.0001430070040434522	-0.001409369081292509	0.0019521045162029561	-0.00015100584378921025
2.39	-2.0603061089737543e-05	8.432523622480101e-05	0.0032233264281774014	-3.870577761737765e-05	-1.7620565394378313e-05	0.002744118718458537	0.005493358134928708	0.005455969483679933	6.001324611428463e-05	0.00042203863369279037	0.0037066614597375965	-0.00013739507384330618
2.4	3.555581061978925e-05	0.00011505807169380574	0.003222304007490513	-2.5496763277204453e-05	2.1188844605929674e-05	0.002744412560214777	0.005284210532124172	0.00043570098350193204	-0.00021854757319717316	0.0021037082274595956	0.0037467926688290404	0.00018336988452552489
2.41	7.652623784909531e-05	9.15087830970561e-05	0.003219847209148742	2.299817980916619e-07	5.0964588354601335e-05	0.002746934044421057	0.0025583890217789874	-0.004968146646885983	-0.00020077785524146203	0.002820093112778881	0.001943409172465403	0.0002517717768790433
2.42	8.225395262610849e-05	2.3295046706076194e-05	0.0032196777622090756	2.658335734110958e-05	5.702150797886711e-05	0.002748309930096697	-0.0014903041284846715	-0.008146444167703453	0.00019729072635376414	0.0022207946515586017	-0.0008134271807354887	-2.4341464001028098e-06
2.43	4.910574073428318e-05	-5.8497057541578116e-05	0.003223059636968902	4.10759579634902e-05	3.6010635646420186e-05	0.0027468433976886855	-0.004900738840404004	-0.0075093211522433475	0.0003840463372999934	0.0005497097819091561	-0.003236214586142392	-0.00021775969377397597
2.44	-8.294103043289112e-06	-0.00011459799137521883	0.003225696643073003	3.6443129523453984e-05	-2.7792028052850337e-06	0.002745483333831729	-0.0061025116849626315	-0.003206956343650764	8.191480863297144e-05	-0.0014398823264967385	-0.0042071145019755025	-2.4952379775774435e-05
2.45	-6.32177272482546e-05	-0.0001166680233517182	0.0032240064731401848	1.4374641007574413e-05	-4.1366282013614315e-05	0.0027466292347954366	-0.0044134884718265155	0.002804917696909018	-0.0003656457154129716	-0.0027941481246939685	-0.003215157178649593	0.00020919084900368622
2.46	-8.918150862642182e-05	-6.272012084361284e-05	0.0032200935423084285	-1.497721573209314e-05	-6.182001595626523e-05	0.0027483426318273218	-0.0005767438503904083	0.007573391224155843	-0.0003151522964739939	-0.002806572449316282	-0.000659578242239072	7.454948147061555e-05
2.47	-7.342100643760162e-05	2.3449433999168037e-05	0.0032187855550302466	-3.741323977397402e-05	-5.3285352589153846e-05	0.0027474252497792636	0.0035948454979412583	0.008974979819908926	8.099662432236335e-05	-0.0014950165447435587	0.002297677984753933	-0.00022927677253301273
2.48	-2.2498444150243396e-05	0.0001019777845571678	0.0032208370017513094	-4.233936621482382e-05	-1.9406247709010164e-05	0.0027450452586711134	0.006170456095713582	0.006043824079855802	0.00026133962954191965	0.0005524100237395405	0.004222506225016078	-0.0001891145877499209
2.49	4.0367409826531965e-05	0.00013393582126017124	0.0032222907717999066	-2.7059903004733305e-05	2.4874274333952245e-05	0.0027449176381964422	0.005881979470475587	5.3431143332376964e-05	-2.5231777370685973e-05	0.002382320395493931	0.004239441588965236	0.00016608310245753408
2.5	8.552466407055542e-05	0.00010267181632913219	0.003220974774612476	1.4191391849786493e-06	5.870512571385511e-05	0.002747451330768529	0.002781616437908181	-0.006087241867047892	-0.00015233252625432604	0.00309046529478741	0.002214955088571356	0.00027293320540320654
2.5100000000000002	9.125494778443793e-05	2.126861040814491e-05	0.0032205301612835712	2.9787135071571767e-05	6.527018465389392e-05	0.0027491975157179346	-0.0017051332569915784	-0.009540287474960054	0.00011066039077562315	0.0023552631685305313	-0.0009764012377416451	2.647932255939372e-05
2.52	5.379060458106286e-05	-7.31279005522389e-05	0.003222552193933831	4.465177822647902e-05	4.0579985348057365e-05	0.0027480464152433515	-0.0055144567626234636	-0.008522288139195056	0.00023783705889121013	0.00050975642521342	-0.0037805336607762024	-0.00018187144630135818
2.5300000000000002	-1.0378052463021658e-05	-0.00013509522336234702	0.0032231888097272315	3.877815729890912e-05	-4.358017291729186e-06	0.0027471069888250666	-0.006801290383488364	-0.0033282695783029724	-0.00012534045258652296	-0.0016426484413554565	-0.004839880289642236	3.939286830869738e-05
2.54	-7.114228397110965e-05	-0.0001339006997624242	0.0032202250001302905	1.4048281729134789e-05	-4.855361764899312e-05	0.002748716754155719	-0.004836882042530359	0.0035676547808133527	-0.0003800513580096681	-0.0031215647849990947	-0.0036303860904740967	0.00023540590660786962
2.5500000000000003	-9.934524830740776e-05	-6.885041755271737e-05	0.003217657233714018	-1.844419806446512e-05	-7.083650480922678e-05	0.002750178054999758	-0.0005704168443011336	0.008924238513039043	-4.426691410552943e-05	-0.0030747764679367735	-0.0006291199282539808	-3.279574656237631e-05
2.56	-8.127262377726857e-05	3.112237355780054e-05	0.0032195884460480004	-4.26590165189799e-05	-5.991404662462547e-05	0.0027480927891899726	0.004089687565631302	0.010261920476805093	0.0003803157804313698	-0.0015651774763266704	0.002738111717943879	-0.00034894128324024226
2.5700000000000003	-2.3807896395788608e-05	0.00011948479424533539	0.003222854838188366	-4.7253320849886295e-05	-1.9930215430144078e-05	0.002744837673726783	0.006928717170023733	0.006645752050874899	0.00016632733233095604	0.0006953069350371048	0.004926959066959519	-0.00018494479576338678
2.58	4.650560441756366e-05	0.00015237145013217976	0.003221826858741889	-2.92585947167466e-05	3.1151330238191055e-05	0.002745550986807455	0.006521526413109226	-0.0003663715656114069	-0.00035511647395721933	0.002755316743202079	0.004885080594154674	0.0003021619511227328
2.5900000000000003	9.603485433084992e-05	0.0001125817014512014	0.0032176585783533773	3.2832242178120507e-06	6.92625519962175e-05	0.0027493542650591776	0.002956580607650056	-0.00728746602404728	-0.0003232125773437422	0.003492438859168701	0.0023995519156546317	0.0003562891497639703
2.6	0.00010095771783415619	1.75461979064895e-05	0.003217271432049514	3.466657728844957e-05	7.501922091849013e-05	0.002750818420554234	-0.0020450752719189057	-0.01096922177450735	0.00028314722553327113	0.002543104121995493	-0.00128253207350456	-0.00010943582044545586
2.6100000000000003	5.789910676391993e-05	-8.943993795290368e-05	0.003221608918849591	4.9972909285567545e-05	4.5555726061933964e-05	0.002748209194879138	-0.006249431121846486	-0.009501833421576098	0.00045819030417465587	0.0003923813408554556	-0.0043819050127057255	-0.00029729967425442627
2.62	-1.424464827979416e-05	-0.00015653653431375002	0.0032240120522203115	4.169179414114625e-05	-6.560246028609696e-06	0.0027467927265383994	-0.00754663498397879	-0.0033218620555321575	-7.14602936094681e-05	-0.0020023130683804635	-0.0056260012726868066	7.70875745314947e-05
2.6300000000000003	-8.085453162397174e-05	-0.00014995655100598574	0.0032205171082889724	1.2898578240974192e-05	-5.792730959755475e-05	0.002749625366789309	-0.005202131913528009	0.004619022989032	-0.0005296103549211132	-0.0035072792009813035	-0.004177711643539531	0.000400033382043553
2.64	-0.00011011694495961596	-7.122241307480538e-05	0.003216301502085678	-2.264539171452416e-05	-8.305023238030094e-05	0.0027526363025683724	-0.0004146093562816041	0.010555010811144908	-0.00016768725587350296	-0.003293897949442249	-0.0006350978330338539	0.00010534871224234492
2.65	-8.783352758195688e-05	4.448860395877762e-05	0.0032177294961158167	-4.782808920462839e-05	-6.935029971023035e-05	0.002751037796559641	0.004708317263628376	0.011684621732288429	0.0003946559190508271	-0.0015475994743164938	0.0033040307953324335	-0.0003601555041443015
2.66	-2.3333665019410767e-05	0.00014317164092513224	0.003221238141529867	-5.084187289188979e-05	-2.2005999471899927e-05	0.0027478288430875194	0.0076862524015281946	0.00716840378256003	0.00019194165904915436	0.0009707202868316503	0.005804835132457175	-0.0001714788879929265
2.67	5.3736543339437185e-05	0.00017543361795102267	0.003220232109191359	-2.9764957725360062e-05	3.782271253951074e-05	0.002748529632658023	0.007093617401324841	-0.0010263092991922248	-0.0003419903434745888	0.003071788004781	0.00561967243512408	0.000275786564816492
2.68	0.00010648226887984667	0.00012380487721516076	0.003216414972540019	5.8149893862472325e-06	8.114138239084662e-05	0.0027517344835676105	0.0030387006995431054	-0.008872834899191379	-0.0002570809338861898	0.0037306138733281167	0.0026786427363291753	0.00022652635378144775
2.69	0.00010959521472848495	1.1554418975725292e-05	0.003216861250325556	3.902224173735469e-05	8.678755682137692e-05	0.002751459639176921	-0.0024451271565587877	-0.012703452127770748	0.00035512707807299745	0.0026288307111822836	-0.0015928484810753278	-0.00028172559875870736
2.7	6.048024834831759e-05	-0.00011005930536516107	0.0032213170218813618	5.41754658141334e-05	5.1202214667552996e-05	0.0027477622730306124	-0.007005183768525854	-0.010584650154768735	0.00035720846317181587	0.00028995156911796927	-0.005257541811676334	-0.0002970780822197619
2.71	-1.9032307732886096e-05	-0.00018213555836359737	0.0032216640266718383	4.375923082175931e-05	-1.0592069593290177e-05	0.002747589457003921	-0.008217365783438504	-0.003175855981245271	-0.0003175877746251512	-0.0022853143800089784	-0.006577584694555377	0.0002851508578205858
2.72	-9.040830106920634e-05	-0.00016785596818459105	0.003216258379447152	1.2012877628599918e-05	-6.940458555485814e-05	0.0027525188078623467	-0.005478203627907895	0.005913637366663048	-0.0006037431943782838	-0.003833449481960581	-0.004665612368359352	0.0005596674496250937
2.73	-0.00012002350821193228	-7.259189249327752e-05	0.0032130926450567934	-2.6274249930595272e-05	-9.590444533365321e-05	0.002755458990272129	-0.00021848077699165587	0.012391388706364952	9.629075207203093e-05	-0.003494934620932773	-0.0003952632710037787	-7.288294489717566e-05
2.74	-9.386254955360167e-05	6.101519780814136e-05	0.0032177912382834704	-5.218311656074201e-05	-7.674788053176353e-05	0.00275131567587998	0.005278719894814399	0.013205505775493778	0.0006815831973305122	-0.0014971797957976413	0.004078206507478021	-0.0006152836013784946
2.75	-2.2460844963999582e-05	0.00016953901243068625	0.0032227525857150374	-5.384538537016894e-05	-2.0278083282540662e-05	0.0027465867846233985	0.008447139932673578	0.007499077937249423	0.00015308263437542645	0.001209466658151589	0.006786777122461386	-0.0001886593282989955
2.7600000000000002	6.117489194723502e-05	0.00019819074766980513	0.003219885478018992	-2.969012725981855e-05	4.826775855569424e-05	0.002748367454097425	0.007576410012601119	-0.002037461778523761	-0.0006414827816112581	0.0034360124057931825	0.006357040638509798	0.000500807064886264
2.77	0.00011675296165982267	0.00013175875243618104	0.003213414182526517	9.202406366984165e-06	9.59973476043322e-05	0.0027537804376407205	0.0031058808289295015	-0.010712352804328182	-0.0004231454619544987	0.004014476537246957	0.002757196569950511	0.0004020975087542071
2.7800000000000002	0.00011833659835762309	-8.809635695603197e-08	0.003213391028707628	4.3823840004308926e-05	9.887704074918965e-05	0.0027544839358844262	-0.0028144378322518164	-0.014598691627151267	0.0004314143686643137	0.0026375145051484817	-0.002238327437856918	-0.00025023581983949503
2.79	6.410872103407436e-05	-0.00013671269186507832	0.0032189435566379945	5.813757916843287e-05	5.457310106579988e-05	0.0027512066069117344	-0.007636277309296985	-0.011548733067069137	0.0004768504232518071	9.982917089376685e-05	-0.006298082936147943	-0.00026275921299896866
2.8000000000000003	-2.2007784630957837e-05	-0.0002109814795757983	0.0032202432191730623	4.5334421881347094e-05	-1.7456089903009127e-05	0.0027515016510817544	-0.008857510276438644	-0.002625567336340629	-0.00023777066069701204	-0.002586250764802615	-0.0075026724216445025	0.00033378185580752994
2.81	-9.865826245230428e-05	-0.0001848169897936744	0.0032155718752011745	1.0588246157232387e-05	-8.304657791451185e-05	0.0027563808239499817	-0.00586814391841421	0.00765754196986739	-0.0005035488052607749	-0.004066648292261911	-0.0050493648427686125	0.0004910319161715809
2.8200000000000003	-0.00013023094190651636	-6.939744218397569e-05	0.003213620534045095	-2.9400613084764264e-05	-0.00010990947412324547	0.002757754678932935	-0.00015509767608745532	0.014531803704543359	0.00023400476607548742	-0.0035768937257923193	-0.00011074096821207075	-0.00030500028660229294
2.83	-0.0001008291952066916	8.328506074820471e-05	0.003218785028337152	-5.550441042658602e-05	-8.493061601934392e-05	0.002752056228504551	0.005831150821460853	0.014725520479020095	0.000596468180539434	-0.001448765029441695	0.004919829933547467	-0.000654213200203945
2.8400000000000003	-2.2369746197476414e-05	0.00020011846486865453	0.0032214165079236714	-5.603430917091424e-05	-1.8380203019888587e-05	0.0027481325166406217	0.009206331827274495	0.0075811884681437885	-0.0002025717974596945	0.0013635007927502213	0.007879937190815794	1.0203593770312717e-05
2.85	6.799126139068558e-05	0.00022163241254476884	0.003214997023314589	-2.9871834429762363e-05	5.992181344119559e-05	0.002752257755523994	0.008105575759495763	-0.0034751682522486645	-0.0009218828787158337	0.003636737001698021	0.007083160616216947	0.000696416392783909
2.8600000000000003	0.00012727727847618286	0.00013641929820417165	0.0032079351862424224	1.0712123470415217e-05	0.0001111634314579021	0.0027582220438961765	0.0032969041520495967	-0.012902135805626977	-0.00023918479244907902	0.004120125566303154	0.00273150253158528	0.00026619503901852804
2.87	0.000128279358937301	-1.7019997475371253e-05	0.0032118848011649394	4.575329410317758e-05	0.0001102673236048685	0.0027562438774140986	-0.0031716250428439913	-0.016592168232129237	0.0008946225877290453	0.0026367739901756496	-0.002900067306116451	-0.0005424164078831898
2.8800000000000003	6.818861822571698e-05	-0.0001681429243821933	0.0032206351509733114	5.961062108387179e-05	5.711434899725108e-05	0.0027512025604314507	-0.008378974590966738	-0.012272953482969346	0.0005687254658096861	1.3788620432901758e-05	-0.007361780230989662	-0.000255265459324003
2.89	-2.5874364888290576e-05	-0.00024075715966190812	0.003220636554613834	4.5649476743580204e-05	-2.596479155314551e-05	0.0027530032128154644	-0.009609468062634073	-0.001624191981174167	-0.0005693952923799145	-0.0027261543869357345	-0.008554877637603311	0.0005788974036317873
2.9000000000000004	-0.00010842512745654803	-0.0001977174368452488	0.0032124366153899065	9.48342313929925e-06	-9.954507010852533e-05	0.0027602085092975157	-0.006248204021725732	0.009848389430321385	-0.0008003304288466236	-0.004186170595837889	-0.00548619019754108	0.0006236609521346187
2.91	-0.00014127982870230937	-5.874895056567908e-05	0.0032095983464883043	-3.08791244191906e-05	-0.0001261554999839951	0.0027616749170029918	-7.165230072862914e-05	0.016884302873592723	0.00032056627693052034	-0.0035410266351782005	0.00037470889625855133	-0.0003881562875077215
2.92	-0.00010856570080055882	0.0001138682653288139	0.0032157772227016366	-5.6514139734954e-05	-9.300811286001387e-05	0.0027546994452919914	0.006403148919696369	0.016145080024704713	0.0006578550818206306	-0.0014074415121332383	0.0060282321617020455	-0.0007642924176255034
2.93	-2.2840408340193074e-05	0.00023610375919839915	0.0032181793131304446	-5.677337771817695e-05	-1.39355552617099e-05	0.002750859870528743	0.00999326282727558	0.007181590477161947	-0.00028282804457160405	0.0013986907036199407	0.009142625969760903	8.2561967393512e-05
2.94	7.476767197634707e-05	0.0002451910964452647	0.003211140316094706	-3.0428562687332273e-05	7.486812617942811e-05	0.002755928472195111	0.008742305110534466	-0.005441498495019277	-0.0009258242247401208	0.003669125073706268	0.007843530193785343	0.0007712463100208709
2.95	0.0001382942185683493	0.0001360595038630026	0.0032053938569286044	1.0484839719215989e-05	0.0001294945321596761	0.002761744383651807	0.0034986527462226606	-0.015517373435397563	2.264367510461597e-05	0.004130067805178953	0.0026039587084453926	0.0001790742195253628
2.96	0.00013887429880151317	-4.1865108502705715e-05	0.0032119044562982724	4.571449381428763e-05	0.00012305210306159345	0.0027588528445345382	-0.0034463714054117603	-0.01863760459895677	0.0010423998724325293	0.0026805577489885926	-0.0038272197396947705	-0.0005844510786542546
2.97	7.360303330210092e-05	-0.00020520797671277744	0.003219922034816612	6.029778741522144e-05	5.798077663558795e-05	0.0027545244646527446	-0.009082182107113144	-0.012553883312268962	0.0002716649828757106	0.00011546134344533327	-0.008719149814854589	-9.167490064507086e-05
2.98	-2.7627336858369447e-05	-0.0002707812853025276	0.00321593859442906	4.702813369140027e-05	-3.7901295784882496e-05	0.002758208209434558	-0.010299445598459543	-1.4913768335092948e-05	-0.0009578625980066103	-0.0026786526617342678	-0.00962181012173036	0.000752429567715428
2.99	-0.00011616844095004597	-0.00020591613539504118	0.003206038646253583	1.1180334255356556e-05	-0.00011773502806085882	0.0027653657105849473	-0.006748232207419345	0.012442925766745893	-0.0006757779124736814	-0.004145941568671425	-0.005605454572480825	0.0004003234443128749
3.0	-0.00015244308689707744	-4.0656253567420484e-05	0.003206853040971436	-2.895613423794029e-05	-0.00014123101314521069	0.002763004891827391	-0.00016766988419047467	0.019353946437142056	0.0007978269632754278	-0.0035648569722435794	0.001074156229303014	-0.0008425682393740974
3.0100000000000002	-0.00011790918608155632	0.00015034231318216464	0.003216464357451471	-5.50944509143235e-05	-9.757478730618223e-05	0.0027534764207875037	0.006865915436971146	0.01712432712070806	0.0007706991041044751	-0.0014923451338533316	0.007370605434020726	-0.0007753047197934896
3.02	-2.6102413556812115e-05	0.0002717642834123654	0.003217607990108462	-5.634354026991995e-05	-4.572126185229422e-06	0.002751644812698188	0.010697175427559092	0.006055549086557068	-0.0006064330063698799	0.0012530543936467233	0.010455635839937371	0.0004741174363403554
3.0300000000000002	7.851284991962762e-05	0.0002616328543851996	0.003207341229079788	-3.1247286593999455e-05	9.414443177059458e-05	0.0027602548377999047	0.009372297808063158	-0.007943947804833274	-0.0011104271644985287	0.0035561946409946115	0.008351263142474646	0.001025143585642954
3.04	0.0001476551364697588	0.0001255901202952624	0.0032023700474368847	8.544818884259136e-06	0.0001482697438350716	0.0027663632060705374	0.003926940860032631	-0.018236653278432016	0.00031657574691075854	0.004039808886432527	0.002028256274630467	-1.6145409011116394e-06
3.0500000000000003	0.0001497977758647153	-7.57232167542687e-05	0.0032115197572508895	4.3138358535352536e-05	0.00013246116953816262	0.002761358112640926	-0.003610455595992035	-0.020319841861416017	0.0011511544911827652	0.0026662664395924627	-0.00510901361651824	-0.0007153547839092894
3.06	8.038061345135761e-05	-0.00024557150675838865	0.0032185265224397635	5.844673828111992e-05	5.279339736036639e-05	0.002757553474829864	-0.009711699306864658	-0.012066226917278718	3.9173611959218155e-05	0.0002209348963970274	-0.010237577166655801	9.270169942983366e-05
3.0700000000000003	-2.796611767357178e-05	-0.00029654539976892543	0.0032119841856509497	4.695272813886032e-05	-5.587526486320294e-05	0.0027631919802284344	-0.01103484877609464	0.002294166147575096	-0.001173750019313351	-0.002452539615618902	-0.010537230588796607	0.0008864934168679948
3.08	-0.00012339041084617015	-0.00020458041179610226	0.0032018175598417116	1.35254918542397e-05	-0.0001392549048803507	0.002769858895333323	-0.007376033535431402	0.015324202946656198	-0.000468433355762261	-0.003920721883613808	-0.005429651021052816	0.00013229627194047498
3.0900000000000003	-0.00016437572710356981	-1.2494324665008083e-05	0.003205882462760348	-2.4801900444571064e-05	-0.00015615156524665435	0.002763938784769129	-0.0004256177961854044	0.021601741819204684	0.0010556707799387307	-0.003487545773249829	0.0021420529750852658	-0.0011062764550614347
3.1	-0.00012897865422918005	0.00019209647810845674	0.0032151244271860003	-5.171897012183018e-05	-9.884509247621709e-05	0.002754159214946667	0.007275842824071219	0.01742199492866734	0.00044135119406897756	-0.001706202578266023	0.008928845097708483	-0.0005513688035344562
3.1100000000000003	-3.0735939403276294e-05	0.00030461985956919556	0.0032119134641954614	-5.578418916568119e-05	8.819506372538052e-06	0.002755530654772846	0.011542358753067881	0.004108194931994971	-0.0010114530249290875	0.000952130977930937	0.011693708849061688	0.0007897376067631245
3.12	8.26380604046834e-05	0.00026888940768554273	0.0032002569052865266	-3.381835551845048e-05	0.00011503920236585679	0.002766469549663914	0.010257225939465462	-0.010898914067457516	-0.0009342796502282458	0.0032378043530520797	0.008569950955557449	0.0010612264813070638
3.1300000000000003	0.00015925673377405913	0.00010360675966854335	0.003199890471316588	2.761233036427523e-06	0.0001659740168388179	0.0027702858879326124	0.004507175000832543	-0.020922796887399467	0.000943614381875439	0.0038040951432095275	0.0012363206216589734	-0.0003897307580281857
3.14	0.00016424342585340246	-0.00011753238952259136	0.0032130956000081747	3.7010591249105197e-05	0.00013819351457532346	0.0027628594358712487	-0.0036781975600505452	-0.02135738802319036	0.0012072286967638255	0.00284494724175401	-0.0066274917318743356	-0.0007464921126830847
3.1500000000000004	9.02724502755258e-05	-0.0002854328642882386	0.0032175232676876597	5.558553069274071e-05	4.273496410461668e-05	0.0027605054871545484	-0.010478305639027269	-0.010657063601780961	-0.0004614782138722567	0.0006935462911366958	-0.011698566854416663	0.00034871627437243173
3.16	-2.74996258316434e-05	-0.00031322179366074734	0.0032060484465825673	4.888926772147226e-05	-7.665521245954735e-05	0.002768480009589553	-0.012104733095106731	0.005236066307299871	-0.001485432264685929	-0.0019839758023205874	-0.011096028564724877	0.0009912845685309218
3.1700000000000004	-0.00013331308261647706	-0.000190674370922736	0.003196225742316376	1.9589912782218118e-05	-0.000159521281114716	0.002773709999152626	-0.008307593357271503	0.018308506499470117	-6.606131481229603e-05	-0.003567939042188561	-0.00480191778023533	-0.0002325826485840544
3.18	-0.00018072768983882709	2.6569513339527027e-05	0.003204208468894069	-1.7002949662605723e-05	-0.0001657381671485648	0.0027642991615451236	-0.000659362469368083	0.023372147237261706	0.0013012277185423533	-0.0035289818160525103	0.0035564933835036438	-0.0012966592069277086
3.19	-0.00014315001560764106	0.00023646798411522055	0.0032133612212853634	-4.65729144130509e-05	-9.264044288129265e-05	0.002755362849940175	0.007917930215726364	0.0166486935855607	0.00024791842895924656	-0.0021432991291377244	0.010532484499376103	-0.00022241708510992273
3.2	-3.57870886614443e-05	0.0003304730823465183	0.0032078006765931095	-5.602949301003593e-05	2.8537838099596262e-05	0.0027609005188772365	0.012614592020129925	0.0013745902596495494	-0.0012076147847464162	0.00035993502660767134	0.012644373945699233	0.001205608536200899
3.21	8.879201301057568e-05	0.00026359216072460354	0.003196109613359672	-3.9853070473501295e-05	0.0001380529720784648	0.002773092720154062	0.011354465251513762	-0.014094859217825577	-0.0006507924880750548	0.0027408266363891137	0.008223905734311265	0.0008381365028630703
3.22	0.00017516393695024427	6.956965263103122e-05	0.00320022517191938	-6.607407891573384e-06	0.00018051984046154744	0.002772566068544323	0.005222421568645866	-0.023275486714811302	0.0012904011772890177	0.003637487068759089	-9.662968792533151e-07	-0.0008370926940680541
3.23	0.00018193865190276875	-0.0001641791594993229	0.0032132002133850785	2.916952930998328e-05	0.00013755021358392622	0.002763809923916231	-0.004057291267463756	-0.021339456095861034	0.0008338983677199025	0.0032732250397276745	-0.00830889639128599	-0.0005671117673473706
3.24	0.00010017347234719081	-0.0003194077088386502	0.003212184249393723	5.3512345838658694e-05	2.6550468737005158e-05	0.0027646205169943945	-0.011553646875136794	-0.008312057593863272	-0.0010258298005410092	0.0013824785967959804	-0.012935295928462992	0.0007100293384367161
3.25	-2.9973147188118738e-05	-0.0003177222655842116	0.003197525349892944	5.384874207979498e-05	-9.96979067753863e-05	0.002774502059687058	-0.01338742081957131	0.00850019213768204	-0.0014464169373183912	-0.001309250866288491	-0.011144245645342925	0.0009255227148003553
3.2600000000000002	-0.00014819815761804282	-0.00016424104979982754	0.0031925548554560925	2.9873271377622844e-05	-0.00017691980912923507	0.002775779207052064	-0.009414879788010144	0.021085825921368165	0.0006816753100534832	-0.0031998895417127723	-0.0037289632495515947	-0.0008405612031422366
3.27	-0.0002019942508615866	7.28741533236132e-05	0.0032056651140642215	-6.078833706047345e-06	-0.00016959700775796217	0.0027631352776689632	-0.0007281214400870226	0.024269794790719498	0.0014311631858295861	-0.0038337565752064656	0.005158374047517003	-0.0012475608393746921
3.2800000000000002	-0.0001590501682728983	0.0002778604454490361	0.003212736029844807	-4.139197925673169e-05	-8.009747578483405e-05	0.002757549548311861	0.008978453814553408	0.014821191073361164	-0.00021399661546817064	-0.0029323998802912223	0.012056499320606385	0.0002776280234321065
3.29	-3.8098785691804863e-05	0.00034431457780045887	0.0032027895345683594	-5.9226345982145126e-05	5.164747689790109e-05	0.0027674935277364862	0.014131297276831338	-0.001980168331661983	-0.0014995662345984816	-0.0004487788355427336	0.013102043746912291	0.0014702696775886794
3.3000000000000003	0.00010169430692905566	0.0002442365575724674	0.0031918897041109356	-4.9690567706742964e-05	0.00015878791750670795	0.002779114294629333	0.012780232205861306	-0.017156954570759858	-0.00018234591692055098	0.002205679607069902	0.0073744018995420876	0.0004583168076680886
3.31	0.000198810644729383	2.5377575381771838e-05	0.003200506007568777	-1.9385524396404136e-05	0.00018867140528537604	0.002774524399953388	0.005747403896481787	-0.024909433062615966	0.0014848717230599288	0.0036712281828416237	-0.0015748852725562966	-0.0010526407513672005
3.3200000000000003	0.0002040877234289212	-0.00021145220502137376	0.003211297177537186	2.0174776942142407e-05	0.00012863100347025483	0.0027662507807429838	-0.004850550266899435	-0.020236393948676993	0.0003336586919175254	0.0039668267522911	-0.009992305205574996	-0.00032731577013245174
3.33	0.00010958778412845031	-0.0003438391139961461	0.0032048528243679326	5.332473102819377e-05	4.307310894659835e-06	0.002769282295040388	-0.013195538578841723	-0.005121564107897493	-0.0014638915175811669	0.0023542765095007755	-0.01381564089663988	0.0008603202474649087
3.3400000000000003	-3.739400164277101e-05	-0.0003079547599385295	0.0031898426303553526	6.26778688209041e-05	-0.00012374682641221545	0.002778625769270144	-0.015048629644972144	0.011840168360820351	-0.000999737187884543	-0.0005626572366307804	-0.010582513979864696	0.0006050741856974732
3.35	-0.00017022369219848232	-0.0001257659099432169	0.0031926331429616736	4.437914789764519e-05	-0.0001899264671182882	0.002775231027590239	-0.010460738513630715	0.023335278918517628	0.0014600096089254046	-0.0029305339334208514	-0.00223389708977368	-0.0011852507151481752
3.3600000000000003	-0.00022738534640909027	0.0001220585446907283	0.0032089104714595165	6.418581972970181e-06	-0.00016522357365917294	0.0027630330238827485	-0.00031730641836682784	0.023993409974928347	0.001244033409057414	-0.004447791786062179	0.0070535841962424	-0.0008232773772248291
3.37	-0.00017380464398334918	0.00031103592284872705	0.003211080746535252	-3.7666540918414527e-05	-5.9186680593547786e-05	0.0027630053590678642	0.010523478023913091	0.012054111717982706	-0.0008558118780267625	-0.003972135454990414	0.013272255476118522	0.0008443494930221233
3.3800000000000003	-3.528476340267644e-05	0.000344688484806186	0.0031960215982373215	-6.592793530854574e-05	7.803476720072399e-05	0.002776545886768331	0.015956170662242086	-0.005409636503372914	-0.0017067191300481647	-0.0013761577451550126	0.012930979807115961	0.0014860959350604793
3.39	0.00012145346007901559	0.00021400985892828318	0.003187844615894732	-6.384217183953998e-05	0.0001762597810510692	0.0027834747090474932	0.014288511767091772	-0.019725622113144718	0.0004103833584817157	0.001665944674577115	0.005923783744879023	-0.00038846662199386366
3.4000000000000004	0.0002276844657480502	-2.1978711576466955e-05	0.0032003278101540343	-3.461667229370353e-05	0.00018892884967021243	0.0027729300876948	0.00585128630130867	-0.025492872326492045	0.001483821480578633	0.004088625727485359	-0.0034759546120921333	-0.0012155780099228682
3.41	0.0002256263201267413	-0.0002507236746784359	0.0032084651493030467	1.2965476783612117e-05	0.00011106203962875724	0.002766394063308211	-0.006313242354220092	-0.018118664526803788	-9.744994389739172e-05	0.005056401513822421	-0.011489621823160432	8.021910234665082e-05
3.4200000000000004	0.00011252660951642457	-0.00035354886641999795	0.0031987929718661347	5.739255446137141e-05	-2.2300813361918727e-05	0.0027742370097313465	-0.015247429638986431	-0.0016747568926834882	-0.0015655532864550289	0.0033861695580380533	-0.014057067989110768	0.0012868543268556138
3.43	-5.43832643748357e-05	-0.0002850104595545725	0.003186910641072342	7.47549007975722e-05	-0.00014465742443019086	0.0027839771071756975	-0.01691662356620114	0.014685335928496204	-0.0002667372807099495	-1.0450711061602062e-05	-0.009281954826853513	0.0002147478584334248
3.44	-0.0002013329100456725	-8.062371099960053e-05	0.003196421303852993	5.881145806790337e-05	-0.0001945009203101787	0.0027759978734660765	-0.011181272366366396	0.024690350868581405	0.0017320588571139378	-0.0031195762364734556	-0.0003749991291372988	-0.001443571710275145
3.45	-0.0002560862262657786	0.00016743785577213245	0.0032100431406116097	1.4647776902307647e-05	-0.0001511374161705851	0.002764497486298527	0.0008602532491095691	0.022626419298773185	0.0005607533388594728	-0.00542376780015992	0.008757560503398057	-0.0005178868617845709
3.46	-0.00018456062297496213	0.0003312705582428845	0.003204812770150272	-4.070609910939529e-05	-3.301318997572413e-05	0.002768069598795085	0.01275710684961925	0.008735941382421814	-0.001516347521416724	-0.005142719073786099	0.013875312814142704	0.0011634281038203095
3.47	-2.348663368314007e-05	0.0003304518721316862	0.0031873269959564517	-7.871842056778836e-05	0.00010264675009524143	0.0027820096848666024	0.0181065411842897	-0.008658155251394864	-0.001395417704392694	-0.002072630073078671	0.011984030934528305	0.00117767571066612
3.48	0.000151981217097863	0.00017318322321339467	0.0031869348591160194	-8.066281342011624e-05	0.00018560257787165942	0.0027833033036675945	0.015706418468964596	-0.02170318954575663	0.0013086934627752436	0.0016271484858050606	0.004053852033126784	-0.0009352167013278327
3.49	0.00026276441120726926	-7.087126488706455e-05	0.0032033139800548005	-4.659846783051249e-05	0.0001788990405804102	0.0027714925768342045	0.005226361507354583	-0.024913491151218378	0.0013619642800039842	0.005049819231887679	-0.005375072485073831	-0.0009687266988048924
3.5	0.00024535012083585405	-0.00028069836084275836	0.003207360307407261	1.3182976203454956e-05	8.576942310991952e-05	0.002769190515593546	-0.008557837476285812	-0.015129094273707712	-0.0006525492034446791	0.006392785865279762	-0.012493614939073694	0.000573174056229002
3.5100000000000002	0.00010730930778712916	-0.00034906299556318346	0.0031936330921224242	6.952280095097943e-05	-5.0515906117353764e-05	0.002780318004135872	-0.017789345135954652	0.0018713940198409442	-0.001671091233041743	0.004334399517708748	-0.013552778270586057	0.0013562149317984267
3.52	-8.222052467259955e-05	-0.00025007627157079565	0.0031853529866220625	9.307664199671783e-05	-0.00016064795352965647	0.0027867548071406623	-0.018763171709677635	0.017105670721235214	0.00043861754033368516	0.0003065819011550792	-0.007532087985793787	-0.0004187975298839313
3.5300000000000002	-0.0002397887150538177	-3.062127721983375e-05	0.003198536954210908	7.549242912075743e-05	-0.00019124817489297712	0.002775313714767583	-0.01118556450818137	0.025020172197476247	0.0015710175541207272	-0.0038691918333020507	0.0016093077162263832	-0.0013605702729579932
3.54	-0.0002832491465693777	0.0002067592822357834	0.0032067115261199598	1.9840764234038523e-05	-0.00013021938225207507	0.0027675731387543576	0.002965252167795918	0.020234497987606265	-0.00017269732547315364	-0.006800377740521682	0.01015179950035999	3.563370659401304e-06
3.5500000000000003	-0.0001862655313173773	0.0003388585751253322	0.003195414723988852	-4.881652140831296e-05	-4.870665025873594e-06	0.0027753807800280257	0.015480820999610411	0.0051336141546904765	-0.0018014690761655806	-0.0063209649668784	0.013838636216899331	0.0013632409430132076
3.56	-2.094970233948861e-07	0.0003050347496597289	0.0031808082158043646	-9.516804396029998e-05	0.00012210972753800832	0.0027874666514575153	0.02028510726051341	-0.011399932332501356	-0.0004725192987009697	-0.002591391043589622	0.01034044949350803	0.0005370868836951453
3.5700000000000003	0.00019122688325511105	0.00012772059584591469	0.003190658572707323	-9.843037212911288e-05	0.0001856309169447593	0.0027815757005648163	0.01638678141996533	-0.02282279862526067	0.0019744384243153283	0.0020092824481107822	0.002009760233989573	-0.0013699438965006556
3.58	0.0002963716190948934	-0.0001144451080653151	0.003207406329239593	-5.489216082321126e-05	0.00015994909495545447	0.002769986516932335	0.0035135545864981165	-0.02338440543557261	0.0009133913939916886	0.006431153769425684	-0.006983582074224939	-0.0006009246548872208
3.5900000000000003	0.00025400293080778894	-0.00029816824194485176	0.0032048409555425197	1.9601215256885126e-05	5.654109806803689e-05	0.0027722976816567297	-0.011525739456087028	-0.011740413787190252	-0.0013493337859009223	0.007796030162059145	-0.012870486734605936	0.0010269638170181184
3.6	8.772890519746807e-05	-0.00033196602852209034	0.0031870400581221906	8.680243797477216e-05	-7.541488598893644e-05	0.0027857535920902407	-0.02028866427657565	0.00497265572760837	-0.0015934135831664094	0.005036010422547822	-0.012278676270823822	0.00120261679558355
3.6100000000000003	-0.00012189315647409218	-0.00020947716764001175	0.003184184328002721	0.00011351252469957908	-0.00016698303380842974	0.002787046789975502	-0.02014055395654178	0.018687190336063402	0.0010848231969008003	0.00018195903572173277	-0.005373259401102012	-0.001022596328719958
3.62	-0.0002811456751555009	1.4662180490827373e-05	0.0031991912204755103	8.865866272222115e-05	-0.0001767175317734218	0.0027741346445189848	-0.010056600448651707	0.024194885032475206	0.0013011572716544685	-0.005141191282211847	0.003511814161639328	-0.001115369893941767
3.6300000000000003	-0.00030304446981382964	0.0002318847772298629	0.0032030216635635968	1.7951001451149105e-05	-0.0001016404301872076	0.002770605970342603	0.005929527910839788	0.017235302850939233	-0.0006419388907560065	-0.008374599582419262	0.010889447076849185	0.00045443255304081085
3.64	-0.00017462183372846034	0.00033100388272259344	0.003189590953680911	-6.45097369574885e-05	2.3325368705871188e-05	0.002781277402558129	0.018518540990343006	0.0018949054331147287	-0.0016705074801797919	-0.007327856222844681	0.01299197950273357	0.0013763718500701793
3.6500000000000004	3.696740197593279e-05	0.00027139240154438045	0.0031816258639406642	-0.00011615078097874133	0.00013465695768143123	0.0027888626713349135	0.0222822608284179	-0.013264855084662783	0.0005382407315066787	-0.002688490661350443	0.00825044760711761	-0.0002882916672414661
3.66	0.00023794733334039832	8.355101684124853e-05	0.003196666821987183	-0.00011483248119637778	0.000177366574009405	0.0027779392213532683	0.016024925767148604	-0.022864434122037477	0.001838654088718889	0.0031119862463145896	6.502288916663035e-05	-0.0013520869242869742
3.6700000000000004	0.0003260049389429345	-0.00014668412063574554	0.0032073734927322694	-5.641986608492144e-05	0.00013543430086585619	0.002769976150571577	0.0006862024313757726	-0.021052160848596266	2.7871988962987713e-05	0.008097741026948392	-0.00814930996582733	-4.428384426426352e-05
3.68	0.00025112952987035256	-0.00030069523017800645	0.003197010976138082	3.3135286616329934e-05	2.7312468435603257e-05	0.0027777841645204838	-0.014871388349619815	-0.00847727216383618	-0.0018354817504946405	0.009014340142899818	-0.012549173668080022	0.0014097466338403868
3.6900000000000004	5.557601012400587e-05	-0.00030611177341413436	0.0031801473697585366	0.00010772561896848532	-9.328889220031598e-05	0.0027905062226685155	-0.022629820447670215	0.007132157166711586	-0.0008491605747503231	0.005267411452322959	-0.010411978591053386	0.00059384397319419
3.7	-0.0001700439433042207	-0.00016947663268711223	0.003186378335678598	0.0001319975881286227	-0.00016378994694591097	0.002784471321667051	-0.020701797555842404	0.01930310129720663	0.0017204701782186362	-0.0005734891136398669	-0.003298394584248211	-0.001439653900547419
3.71	-0.0003202562760172046	5.056856649961115e-05	0.0032020438067528628	9.409946775311117e-05	-0.000155308104284303	0.002772123594167875	-0.007783133262432191	0.022682912912839217	0.000920290137051374	-0.006797372155698826	0.004963508254167629	-0.0006705934185323868
3.72	-0.000310974120149735	0.00024389247860222776	0.0032004697661334254	6.998414912221313e-06	-7.21190403832007e-05	0.002773943179346694	0.009465315427943159	0.014232621802731459	-0.0011440728062100107	-0.009845392339818043	0.010974074934892199	0.0009920414411829662
3.73	-0.00014956752875243176	0.0003135466534563242	0.0031850361590672455	-8.551417667396591e-05	4.6070122403119186e-05	0.0027875130667322726	0.021320065046805833	-0.0006604222875117077	-0.0013939011726033074	-0.007766184589873292	0.011544767558936025	0.001288639371003208
3.74	8.298481259176752e-05	0.00023562761614612967	0.003183887386180652	-0.00013646822518091644	0.00013769326681328854	0.002789971365421511	0.0235904911622402	-0.014359974181701088	0.0012653099682015494	-0.002149146617576079	0.006055733060860757	-0.0009293514898006068
3.75	0.0002837554509936362	4.557542190407461e-05	0.0032005282984847467	-0.00012406396767855374	0.00016016696640165594	0.0027768894754562046	0.014540560104078584	-0.022067777674412342	0.0014261216461578096	0.004691597060700547	-0.001719932088062959	-0.0011493886942477779
3.7600000000000002	0.0003454732699497499	-0.00016688159501920344	0.0032045314310557953	-4.882928817976278e-05	0.00010577585506017462	0.0027724418615706074	-0.0027569123040146366	-0.018455813088499803	-0.0007075982582049637	0.009700001715494544	-0.00872103909180655	0.0003615050618834552
3.77	0.00023511321968172966	-0.00029271465906484964	0.0031891623568653135	5.328849206701878e-05	-8.157665085515757e-08	0.002782523974825179	-0.018174679970938065	-0.005773886984120388	-0.0019590374713217133	0.009791161901577972	-0.011542604188357997	0.0013761290425503166
3.7800000000000002	1.3312476423081205e-05	-0.0002777812876276243	0.0031777542686577294	0.00012939714645378484	-0.00010350975049819472	0.0027905803557830714	-0.024561498925456723	0.008459763295335584	0.00022604968171018491	0.004887531256216018	-0.008166136778137144	-0.000206060759903606
3.79	-0.0002205678681137286	-0.00013407871251148654	0.0031918153852494046	0.00014495718758058608	-0.00015181950632050134	0.002779825772093917	-0.020104650365882118	0.01929157611776483	0.0019011177882162081	-0.0020434958958167756	-0.0012576893386889193	-0.0013974689369171812
3.8000000000000003	-0.00035028614856203214	7.642762835793745e-05	0.003204512363671487	8.930266617346813e-05	-0.0001273168857740447	0.0027712737437843864	-0.0045725246091779526	0.020866549483416878	0.0003420653536888725	-0.008638982367555009	0.005974128987166409	-0.00010120989794528131
3.81	-0.00030469556935108983	0.0002463353958443837	0.0031973537645703155	-1.33266498831872e-05	-4.1578249124945134e-05	0.0027782580359468055	0.013152537448811456	0.01168299446477684	-0.001589084428530842	-0.01097527550271286	0.010467249920663408	0.0013502155960487588
3.8200000000000003	-0.00011204338018871485	0.0002938830502075153	0.003181539192786908	-0.00011069366795356978	6.388347065821285e-05	0.002791247946780641	0.023703534036832244	-0.0022905388910944052	-0.0009129672467892679	-0.007612882583167092	0.00955866647886138	0.0007072793978797619
3.83	0.00013531774135183968	0.00020546386167041947	0.0031864818675055822	-0.00015471698789740624	0.00013328670709407457	0.002786598309343436	0.023898631856275384	-0.014874244641882983	0.00158677257494585	-0.0009035117577960031	0.003915325619571689	-0.0013681229628637846
3.8400000000000003	0.00032365789949997736	1.7842090283187196e-05	0.0032010000691219264	-0.0001247661395404121	0.00013786234784360013	0.0027741050685309364	0.011868487733434305	-0.02098156335682202	0.000813630861881982	0.006746961192085301	-0.003035471723257258	-0.0007383005954860833
3.85	0.0003506405651361795	-0.000177319118035123	0.003198926577395688	-3.069527217867069e-05	7.683528366921411e-05	0.002774947186557408	-0.006644138776018443	-0.01629961555407922	-0.0011799861019430506	0.011239742141074779	-0.008663526730597075	0.0008679841423496737
3.8600000000000003	0.00020508488081860083	-0.0002818599212424734	0.003183013469518813	8.026023936628488e-05	-2.1030756497369756e-05	0.002787571907301797	-0.02103552609648999	-0.003927968364941365	-0.0014814384075140209	0.009887799301746634	-0.01002870992308292	0.0012405558334425235
3.87	-3.701694742947464e-05	-0.00025383353829108897	0.0031806522140766062	0.00015096287409752001	-0.00010471783696468665	0.0027901651798517306	-0.025705205597708516	0.009312306153256494	0.0011966781543158193	0.0038223085549285037	-0.006032085740421412	-0.0008878907062013043
3.8800000000000003	-0.00026842927647875215	-0.00010665516763780024	0.0031980671077565313	0.0001505312453338437	-0.00013467906232370136	0.002777146041302368	-0.01833806497384967	0.01899141936592504	0.0016185479048741699	-0.004097430465206871	0.00022226679907043524	-0.0011739190701450602
3.89	-0.00036875971607856913	9.293998745624371e-05	0.003204680407534356	7.425605479999844e-05	-0.0001009497740292751	0.0027726140113361183	-0.0007719682931989602	0.01909955553724867	-0.00047001238961199573	-0.010501974753242318	0.006269812724107527	0.00037034312864109206
3.9000000000000004	-0.0002845312342871442	0.00024286744525451692	0.0031909766018060337	-4.149190414342422e-05	-1.881042513919675e-05	0.0027828945322234968	0.016675547183975754	0.00968186159827249	-0.0018800875904663214	-0.01157484520672948	0.009437887783326215	0.0014106648639214778
3.91	-6.54072754158967e-05	0.00027510209454633246	0.0031786833318361673	-0.00013657175566700552	7.033603394711435e-05	0.002792135101036646	0.02548438146351246	-0.003283059710744688	-1.2882031747082583e-05	-0.006675093846610588	0.007486964810252095	-3.108002533402304e-05
3.9200000000000004	0.00018881011142447084	0.0001809132375933731	0.003190112957068672	-0.00016638389515258957	0.00011986515979603699	0.002782517763227447	0.02316267558131973	-0.01500300727667969	0.0016732595509658349	0.0010363016026640056	0.0022190185277559844	-0.0013921136575586817
3.93	0.00035491750725605254	-1.4109565797331441e-06	0.003201357221711001	-0.00011486063329727781	0.00011209566447790261	0.0027732469053796563	0.008440212392302478	-0.019816219019578488	0.0002649152876364569	0.008854852793954494	-0.003685393427854483	-0.00024765399324661383
3.9400000000000004	0.00034316933611031134	-0.0001807423851813115	0.0031942045061328305	-4.173115031338193e-06	5.1629136987949965e-05	0.002778316650446748	-0.010549166370411233	-0.014477218969267847	-0.0014893974308490016	0.012300335729135373	-0.007919587717909292	0.0011405410329525156
3.95	0.00016521193167125614	-0.00026912812359277126	0.0031798679321377605	0.00010940667027149495	-3.283961181866741e-05	0.002790183541815926	-0.02340965243724598	-0.002693401308345528	-0.0007583756853051717	0.009355608197543318	-0.00812069815348699	0.0007222122452122965
3.9600000000000004	-9.149595113633787e-05	-0.00023329221640899496	0.003186298261032579	0.0001689126647672747	-9.603551158194755e-05	0.002786299998447759	-0.026016721410196012	0.009753659688487388	0.0017623156731049463	0.002163223435219753	-0.004140017617941415	-0.0012814681499879943
3.97	-0.00031009273531355867	-8.628122428727314e-05	0.0032029377396909134	0.00014750608282708337	-0.00011194246578167517	0.0027744163086140493	-0.015552214213685207	0.018401738264904682	0.0010420393721858763	-0.006390479106603487	0.0011010371961756747	-0.0007129981219507756
3.98	-0.00037399280146420313	0.00010227222367437717	0.0032022122503845636	5.119404672930701e-05	-7.538812530215745e-05	0.002774897376127939	0.003316769619302671	0.017609590076159313	-0.0011641463138591535	-0.012041340922874046	0.005898901898935365	0.0008329923164962985
3.99	-0.00025274492839101386	0.00023677609061606525	0.003185165947515066	-7.233125577276115e-05	-3.2068310639619407e-06	0.0027874298013345375	0.01967662396919582	0.008338265422776629	-0.0017311317427748329	-0.011501452312993193	0.007897781606476861	0.0012902128507433378
4.0	-1.3114067161533562e-05	0.0002602766551370019	0.0031792883062348493	-0.00015949194968297592	6.697976967225319e-05	0.002791410474923438	0.02657097420694585	-0.003763241073316034	0.0007960050992376198	-0.005310086715874835	0.00550391484844922	-0.0007049563094718486
4.01	0.0002381464555399853	0.000163938671373752	0.0031936447281081916	-0.0001708697217064349	0.00010091870387583008	0.002779510549357484	0.021340409164507797	-0.014834436277364764	0.0014528115985439352	0.0032719666199171877	0.0011131169198053093	-0.0011854575299232403
4.0200000000000005	0.0003738696322899557	-1.1944589661665591e-05	0.0032002086296763358	-9.774904204034793e-05	8.784212078254909e-05	0.0027740174661966687	0.004542340621762427	-0.018743759799301297	-0.00027061194386813445	0.010753503493287976	-0.0036270178098672663	0.00020020910278918688
4.03	0.0003227578673997217	-0.00017849160051392577	0.003189576046795108	2.6017719588022942e-05	3.351742724253787e-05	0.002782412304736202	-0.014100948993056845	-0.013191075986126143	-0.001519734117217983	0.01288082620897023	-0.006772081066206806	0.0012263759806117186
4.04	0.000118448929894354	-0.00025786924707176385	0.003179979484620359	0.00013677781221372042	-3.52055230670531e-05	0.002790684008046144	-0.025136281613386213	-0.002285874753432316	0.00013210061090052858	0.0083117389809949	-0.006262749305650214	-3.262185962542187e-05
4.05	-0.00014457467980287373	-0.00021986733944449077	0.003192179563139913	0.00018073395261671392	-8.20972554101304e-05	0.002781855961375768	-0.02529622755370973	0.009820281286939498	0.001753090152323514	8.808138029078638e-05	-0.0029066560418147683	-0.0012773363591891153
4.0600000000000005	-0.00034134745382659835	-7.567943295232684e-05	0.003203976182580368	0.00013638609149730824	-9.005667864903574e-05	0.0027734910139049006	-0.01216437197971212	0.017750600427730898	0.0002758014092890671	-0.008618244365141074	0.0013828849059374206	-0.0001706197592687134
4.07	-0.00036683619171995366	0.00010403658213379775	0.0031965735080057896	2.2231279545563013e-05	-5.618085925842866e-05	0.002779594280500361	0.007179420714139866	0.016601101569817076	-0.0015938003806457443	-0.013188425363144334	0.0051539880413040955	0.0012495201169053173
4.08	-0.00021418243081174453	0.00023032546181580018	0.003180325809790383	-0.00010372476405044995	4.2563714719396145e-06	0.0027921760150543783	0.021905032377961424	0.007807099016142514	-0.0010526180395475956	-0.010821705915299807	0.0063080393213472965	0.0007772490878081653
4.09	3.881446070887108e-05	0.0002513874262002132	0.003183785020364142	-0.00017740235829567197	5.766562047213152e-05	0.002788788385945318	0.02688120904902084	-0.003860376625624135	0.0015279658642567363	-0.003437134699140452	0.004007542249020254	-0.0012806260843680741
4.1000000000000005	0.00027898101007711674	0.00015498082527166948	0.003199429884013163	-0.0001661415785788786	8.129466054230542e-05	0.0027753151347588113	0.01884876432715185	-0.014675157937882646	0.0010970949053201334	0.0057299453067254785	0.0005821707385659822	-0.0009740600981731044
4.11	0.0003811475132294689	-1.7134345348021182e-05	0.0032006058800369956	-7.151678737596225e-05	6.799851414540481e-05	0.0027736936608583895	0.0006938279259612242	-0.018183221016741035	-0.0008823738030226758	0.012377760511638369	-0.0031421920664486736	0.0006547612200335413
4.12	0.0002945449240501442	-0.00017766644490050813	0.0031862126668410744	6.01668617264045e-05	2.292164919059493e-05	0.0027850471159460988	-0.017028047291990187	-0.012650018157257834	-0.0015416891566904305	0.012737803651753919	-0.0054847269695704	0.001272900448557284
4.13	6.985139735161867e-05	-0.00025397670681564637	0.0031805450457186597	0.00016081176677127786	-3.065663999822994e-05	0.0027901659224996308	-0.026276462014798902	-0.0021200274695339165	0.0007280698753657735	0.006642281249243013	-0.004691359701443845	-0.00048742288166370976
4.140000000000001	-0.00019189998066668332	-0.0002141350839521162	0.003194234761617168	0.00018392866204070988	-6.552150312732099e-05	0.0027803151642810772	-0.023712044572101368	0.00997313707073899	0.0014114259533167272	-0.0023525246053912184	-0.0021222574498624214	-0.001019425668146667
4.15	-0.00036128104080719505	-6.978283133451577e-05	0.0032005280778311844	0.00011652120862751185	-7.07241647143026e-05	0.0027758144424929383	-0.00858181030196316	0.01758106066713635	-0.0002901047416177251	-0.010590692593376265	0.0011609441356041075	0.0002289363703970468
4.16	-0.0003500349605815929	0.00010692826426924396	0.0031896584975916946	-9.908565929229027e-06	-4.334697876858167e-05	0.0027840622414637786	0.010518774124746432	0.016237137610274874	-0.0015706073817597997	-0.013557207011656964	0.004125759805470283	0.0012076540723890586
4.17	-0.00017203969814206328	0.00023076185240953492	0.003178876448188746	-0.00013028759348905936	3.861230390707621e-06	0.0027923147988975047	0.023563340411234632	0.007758881721652179	-5.70814204639898e-05	-0.009435311838375617	0.004774850631804765	5.715019013884963e-06
4.180000000000001	8.813457649354025e-05	0.0002506674906267552	0.0031901983713351523	-0.00018562907313553559	4.3942599551048924e-05	0.0027830516548375105	0.026385963272527648	-0.004167613394323218	0.0017892826008843387	-0.0012088278260959289	0.0030963940486962234	-0.0014297340689497181
4.19	0.0003093509155646082	0.0001508621797770437	0.0032038110538858268	-0.00015055450102842698	6.315658281481072e-05	0.002772603000638352	0.01574263757801613	-0.014967093033338387	0.0005537501681903209	0.007981131779902041	0.0005933835993640081	-0.00038499117431370746
4.2	0.00037549779124894785	-2.2496818567351606e-05	0.003198753016444262	-3.89460920353197e-05	5.419322690631493e-05	0.0027766737903061876	-0.003007547320591766	-0.018123357305649984	-0.0014324624808441328	0.013369792103798099	-0.002352029779742138	0.0011070038659517726
4.21	0.000258474893657541	-0.00018195877724049833	0.0031827821829639225	9.31616728921831e-05	1.9826345281129178e-05	0.0027888936707720457	-0.019206630151844404	-0.012584051304431408	-0.0011865800724930237	0.011785682499007836	-0.00415990632509174	0.0009180248076022276
4.220000000000001	2.0922075885250283e-05	-0.0002581911846241527	0.0031832562540009784	0.00017733891465271907	-2.01162466840366e-05	0.002787901563007145	-0.026617447706208348	-0.002006098197629977	0.0011538742809149482	0.004467113489169725	-0.003539411632634503	-0.0009977316617488473
4.23	-0.0002311918290500472	-0.00021477375861300057	0.0031963501316963345	0.00017577037271238993	-4.793038803240728e-05	0.0027772002482510426	-0.02144904030324979	0.010473754201155958	0.0009840625121948058	-0.004848220577312813	-0.001887549668204395	-0.0007508588517172879
4.24	-0.0003693013102683024	-6.61711274341007e-05	0.003197577280517534	8.735928410723867e-05	-5.498497073835385e-05	0.0027764398350423915	-0.004951868360167453	0.017868531635829178	-0.0007619948734724135	-0.012082702594539387	0.0005917594601182022	0.0006305353630214567
4.25	-0.0003242565682826011	0.00011181416236574345	0.0031851699141172006	-4.5229009931853744e-05	-3.6675401652321026e-05	0.0027868845611889485	0.013313945029767505	0.016275021240994034	-0.00129934106320651	-0.013209559224548653	0.0029109041508061867	0.0011283039182434064
4.26	-0.00012752847788809657	0.00023642877254312353	0.00318201739830386	-0.00015345839526692732	-3.0615395256493604e-06	0.0027909007565517173	0.02458343590912097	0.007824540215909696	0.0009228123798686703	-0.007584070429801845	0.00344450973763301	-0.0005979970980524604
4.2700000000000005	0.00013152418610390605	0.0002541848763241204	0.003197563204832632	-0.0001864240725670624	2.850763665446597e-05	0.0027794302628560454	0.02497597287992017	-0.0046568750360393854	0.0015896361338758119	0.001327841187706698	0.002757736339804026	-0.0012123976046414995
4.28	0.0003275375805572732	0.00014880323118855854	0.0032050896129572843	-0.00012771796860451824	4.888567807121476e-05	0.002773105685765123	0.012430366250635538	-0.01548518671391616	-0.0002756541447106983	0.009931100960169581	0.0011264704635886066	7.683102099255163e-05
4.29	0.0003597195721314546	-2.827910445624211e-05	0.0031932890230708913	-4.4140776452974415e-06	4.847419889260852e-05	0.002780746576962452	-0.0061155012814312175	-0.018354051973807687	-0.0017836429960197979	0.013640235444085788	-0.001263273711205659	0.0012387975420724946
4.3	0.00021992795471923742	-0.0001896779425495813	0.003179096369994716	0.00012061476259281201	2.5704619452515914e-05	0.002790658176485996	-0.020591535338445124	-0.012787131949439725	-0.00047869612131905964	0.010214650568565745	-0.0029667064574244034	0.0003260166813674093
4.3100000000000005	-2.278283554654427e-05	-0.0002659952383655095	0.0031861814102090782	0.00018476076022642054	-5.240544704790393e-06	0.002784810861310022	-0.026112327592107257	-0.001677661520002477	0.0014726728724158392	0.0021753808042176952	-0.003066961513553877	-0.0011626972303121236
4.32	-0.00025815628580713105	-0.00021669409511628724	0.003198416062639802	0.00015992578039223987	-3.335584560801725e-05	0.002775855492045196	-0.01876473629474788	0.01122331516461221	0.0006231129166780716	-0.00701115134045311	-0.002343604509094284	-0.00037066978787154395
4.33	-0.0003650891429379773	-6.0967531448980215e-05	0.00319589222556102	5.5738808080443604e-05	-4.812734823620095e-05	0.0027791040560976783	-0.0017435289778421617	0.018482580058148672	-0.001024310459310493	-0.012922302572130364	-0.0004293644695389531	0.0009653418256799991
4.34	-0.00029369428604967597	0.00012184338742006607	0.00318431561222587	-7.606692567038877e-05	-4.077802630707439e-05	0.002789736083732789	0.015192790166106373	0.016622539350830044	-0.000821601165268341	-0.012195968776868208	0.0018095279389883665	0.0007775155370199744
4.3500000000000005	-8.580474201506715e-05	0.0002487415761819745	0.0031867546370199034	-0.00016754468631998966	-1.667030780779279e-05	0.0027884256254747932	0.024906725735479522	0.007773390025632806	0.0012333797266929093	-0.005480677197272972	0.0027818857368706517	-0.0009990131819949653
4.36	0.0001658537181582376	0.0002613147258449097	0.0032003195355420158	-0.00017757952457600105	1.3233916210392373e-05	0.002776920444563582	0.023155756622776462	-0.005536912890026506	0.0009921450649178379	0.003621791699528655	0.0030743043666102404	-0.0009219370565332725
4.37	0.0003358834930209637	0.00014604281016468242	0.0032010446657465184	-9.99670764112371e-05	3.988631639390912e-05	0.002774591301192012	0.009339901817067144	-0.016473486594228034	-0.0008699888061489854	0.011244603865387424	0.001997846257001617	0.0004837716817807681
4.38	0.0003390498860546518	-3.8897902241846403e-05	0.0031864932883563703	2.820040010335399e-05	4.89789655629161e-05	0.0027841862958709568	-0.008475316064501085	-0.01892002451811442	-0.0016213793198890766	0.013207470937227773	-0.00028916574149842985	0.0011633373306441765
4.390000000000001	0.00018313062347557042	-0.0002043299938184119	0.0031790181185665806	0.0001403240022125889	3.5747969843716636e-05	0.002789409491610477	-0.02150120547217901	-0.01300844280446595	0.00045139573916299134	0.008302245595019905	-0.00212202730964432	-0.0003820007390253762
4.4	-6.018186507382841e-05	-0.00027796144764257504	0.003191864430053476	0.00018279969765968673	9.332333693827963e-06	0.00277994926877848	-0.025130872773481593	-0.0009271108633685126	0.0015847686719590312	-0.00013249282673723345	-0.0031184934953698527	-0.0010867772041490884
4.41	-0.00027562890461952375	-0.00021834311212317746	0.0032019078341981467	0.00013680410632597523	-2.3384934450662067e-05	0.0027740208461925217	-0.01595808036654943	0.012340629269784673	0.00019763524400043744	-0.008717452698619588	-0.003154718225632247	3.2472550455015455e-05
4.42	-0.00035300337320299044	-5.293000433623508e-05	0.0031951982633236747	2.2472591095672135e-05	-4.785427622661958e-05	0.0027805508342779446	0.0010265689250384927	0.01926014724652772	-0.0013321613547676698	-0.013139513780281002	-0.001439485106279938	0.0011065576901846817
4.430000000000001	-0.00026083635941217794	0.00013568429778558998	0.003183937430358703	-0.00010240987502241897	-4.9892551841363535e-05	0.0027897126349237396	0.016502837817362764	0.01705653632500845	-0.00044329019719962663	-0.01066789299188476	0.0009642291866986492	0.00031862573721990134
4.44	-4.711224036026972e-05	0.0002636963624437589	0.0031897136187402524	-0.0001742306242431689	-3.096563642404005e-05	0.0027843699735529614	0.024669796265562885	0.0074149177580874895	0.0012594909357824505	-0.0032016139945680215	0.002748780128789494	-0.0010978267662354545
4.45	0.00019205736799719173	0.0002682023932807809	0.003199959269778131	-0.0001614114942684706	3.0240415573867824e-06	0.0027751254051803487	0.020973321722930583	-0.006652122772233283	0.0004193711215641309	0.005702946633181439	0.0038434620849014246	-0.00045498336175752455
4.46	0.0003353422702109788	0.00014170953646235724	0.0031956955160111662	-6.883110736933627e-05	3.924844813798259e-05	0.0027771798694459495	0.0064982988758818	-0.017500273116356675	-0.0012025575896594646	0.012000854252892802	0.0030331485662148565	0.0008037417811189987
4.470000000000001	0.0003143827917536078	-5.154017961937821e-05	0.0031824095612457254	5.794068830638727e-05	5.781221588257791e-05	0.0027871819684874093	-0.010271771954814378	-0.019544933532361603	-0.0009782869121906074	0.012123172010064687	0.0005406050122702627	0.0008202271270608866
4.48	0.00014756092797728746	-0.00022133375006537167	0.0031835426312591788	0.00015290672065025086	5.042765360694488e-05	0.002787009838359648	-0.021929720385352427	-0.01313252971018854	0.001223464596459513	0.006184050476273019	-0.0018846767566643055	-0.0008607463334091402
4.49	-9.134740560188952e-05	-0.00029059597025627104	0.003198452355224217	0.00017313415537509707	2.0853992395704274e-05	0.00277662903370476	-0.023772733229705488	8.102253839658933e-05	0.0012522335760648876	-0.002351272891203545	-0.003928093997771574	-0.000864450905700409
4.5	-0.00028582037974642994	-0.00021826499592395994	0.003202574468258538	0.00010862307280875835	-2.222721606358114e-05	0.002774232789508472	-0.013386143463697549	0.013737935302114397	-0.0005137884770679783	-0.01001510638744511	-0.0042819621649059095	0.0004370429480457982
4.51	-0.00033807288830508566	-4.019151168646234e-05	0.0031909036573113015	-1.0307240984398372e-05	-5.681492753945693e-05	0.0027832001040880242	0.0031936858702581116	0.02027418407488592	-0.001445966319092058	-0.012702288916078473	-0.002288719714449893	0.001120722992528803
4.5200000000000005	-0.0002307298631244104	0.00015572771619322225	0.00318287707932606	-0.0001224019529798004	-6.432596365904388e-05	0.0027891136492553628	0.01740544671940769	0.017484079340279284	0.0001738881299165589	-0.00875472016310557	0.0007229385795426245	-0.00019506224809322492
4.53	-1.443166849152316e-05	0.0002827937808022007	0.0031922729376997424	-0.00017304718559482254	-4.3670112689509464e-05	0.0027812291685116322	0.024131249604423376	0.006663538824887619	0.0012588726471393199	-0.0009864488448213275	0.0033814640138881227	-0.0009916525179993428
4.54	0.00021102624394546684	0.00027501801847424083	0.0031999400320692987	-0.00013978321632509384	-5.7535325475166696e-08	0.00277530644673676	0.018887554700019703	-0.008209728359553787	5.80896580068039e-05	0.007383037106435221	0.0049413692474793765	-4.68914053894244e-05
4.55	0.0003310249680073497	0.0001327547015858336	0.003193195660397605	-3.74196708678399e-05	4.6876442170997824e-05	0.002780689997042959	0.004184559552804097	-0.018907900153286528	-0.0012120276438601525	0.01220800813887362	0.003990352932088294	0.000971763535968859
4.5600000000000005	0.0002914210294339501	-7.150239251581578e-05	0.0031833029219425525	8.261303184323251e-05	7.227717798030789e-05	0.0027892076519151817	-0.011608939246874382	-0.020339700113672362	-0.0003447319666389809	0.010684175886386591	0.0009122409767866182	0.0003350195344051861
4.57	0.0001163815652322057	-0.00024447368622509307	0.003189445669456803	0.00015914448799867804	6.482758068844603e-05	0.0027844137878300017	-0.02214979469603668	-0.012835359872122533	0.0013325064801429536	0.004119617401941455	-0.002384777302636378	-0.001044265107110122
4.58	-0.00011627664253672593	-0.00030402318555127964	0.003201153041325946	0.0001586008646632319	2.6183585059685313e-05	0.002775136727211547	-0.022305117240127965	0.0015774142743398456	0.0006269914568637842	-0.004246537055691067	-0.005097013308293982	-0.0005125265570106305
4.59	-0.000290775776076082	-0.0002148387851879443	0.003198819039642764	8.047214781604194e-05	-2.8859622894147075e-05	0.0027763882015573805	-0.011086960143732841	0.015443701174272503	-0.0010433253779429945	-0.010728662103180334	-0.005417495601625252	0.000715977587889856
4.6000000000000005	-0.00032223496010445483	-2.2743382818143985e-05	0.0031858953170627213	-3.750707159089918e-05	-7.213784428651877e-05	0.0027858623475410884	0.004871995436826962	0.021335170189191538	-0.0010959075343323142	-0.011763253401119531	-0.002839122584666074	0.0008351958684239746
4.61	-0.00020338594993534953	0.00018040463531329368	0.0031840703796901684	-0.000134031570821527	-8.190375843463576e-05	0.0027872335267403454	0.018044191387926165	0.017782855553068355	0.0008214166595632433	-0.0067909637934421745	0.000919317277861301	-0.0006367555702135782
4.62	1.2808077751230564e-05	0.00030270498017884965	0.003195747633995887	-0.000164275189861865	-5.406996892228546e-05	0.0027783761518419187	0.023378404930949212	0.005399928828133268	0.001061597556501684	0.0009957819399573492	0.004530498562705251	-0.0008152422010940827
4.63	0.00022333921508252514	0.0002773737968237864	0.0031992792735767673	-0.00011482074330806183	2.6270523536712042e-06	0.0027756761014794016	0.016866111811462005	-0.010226546842947609	-0.00043832101032218097	0.008483765342621862	0.006313915007856886	0.00033833498545478107
4.640000000000001	0.0003225066294711793	0.00011725310976015692	0.003189528023675523	-8.851621188316066e-06	6.079735275595318e-05	0.0027835113556514855	0.0022873963396897756	-0.02031320096138164	-0.0012009972454513865	0.011764597258025204	0.0047707593816799	0.0010014580582474047
4.65	0.0002689537571109868	-9.659895679935624e-05	0.003183068200764981	9.951724465225088e-05	8.995432439391196e-05	0.0027890534625158764	-0.012502445624598003	-0.02088295580770597	0.0002673962599256246	0.008921330173230647	0.0009109422185337405	-0.00018105159919217436
4.66	8.989454601197994e-05	-0.00026890698665273533	0.0031930451121422354	0.00015682509887035207	7.801603442550587e-05	0.0027816325558865248	-0.021954116510502712	-0.012012407442610918	0.0012813147970100972	0.0021277807839012747	-0.0033104678312218523	-0.0009923590160324208
4.67	-0.00013409472415957816	-0.00031356215635264923	0.003200960196625775	0.00013856446758487838	2.7233614862038252e-05	0.002775292307608103	-0.02079789278253374	0.0035618543629496787	9.121985476442593e-05	-0.005664835491602461	-0.006454748070951344	-0.00012332171924517467
4.680000000000001	-0.0002906039014546887	-0.00020436108823795402	0.0031943593113321327	5.230716133366986e-05	-4.051562154683486e-05	0.002779600724841299	-0.009197199503861605	0.017230748630757003	-0.0012305739251425667	-0.010817202453100135	-0.00644835503256334	0.0008830028281203291
4.69	-0.0003060090912544696	1.2409572684142936e-06	0.003183198060009924	-5.8811085354668195e-05	-9.006487472852485e-05	0.002787635094712511	0.0060551095894120326	0.022221523869450054	-0.0005733598640946843	-0.010363431862317918	-0.003043574848268983	0.00038918686324515263
4.7	-0.0001790733026537285	0.00020786176650099315	0.0031871985307665844	-0.00013792024529023128	-9.755103717155616e-05	0.002783973618720534	0.018434662653304686	0.017441660952637716	0.001156435887782829	-0.0048951042491654105	0.001606672579374683	-0.0009246828591572491
4.71	3.457878381310668e-05	0.00031909034910594826	0.0031982711316229213	-0.00015000993819216208	-5.850072933665876e-05	0.002775633361684096	0.022412284965297444	0.0037001328087538253	0.000672614184467705	0.0026058279559168073	0.005961409151660979	-0.00045837959022653206
4.720000000000001	0.00023064772295030696	0.00027456239088929945	0.0031973614621313797	-8.945607942979578e-05	1.2304120320042074e-05	0.0027768436654809787	0.015085508776801603	-0.012168087209037384	-0.0008258352695131551	0.009004798302707572	0.007573080840714431	0.0007012236931954316
4.73	0.00031260235716846656	9.79212627635151e-05	0.0031863912893733246	1.4786429633565795e-05	7.914775480528276e-05	0.002786041762941564	0.0008045238581836388	-0.021612542241931265	-0.0009741904762375931	0.010897677339067708	0.0051649057049709965	0.0008715411012906677
4.74	0.0002479259098551659	-0.00012484468876756302	0.003184707638010108	0.00010894273389168465	0.0001081205794687434	0.0027883672250581986	-0.013224292803692654	-0.021273862376452953	0.0007564696334272902	0.007204235137403626	0.00046134321189256634	-0.0005026777842100178
4.75	6.623167281624049e-05	-0.0002932202587439014	0.003196175549509064	0.00014872755204101135	8.672334555489128e-05	0.002780122442347593	-0.021648667841737326	-0.01077814990439096	0.001116075453871534	0.00047247493849746867	-0.00466486867876305	-0.0008161226880122805
4.76	-0.00014839726178349292	-0.0003200433580659694	0.003200568904040057	0.000117281973565173	2.0824970612806327e-05	0.002776584673377227	-0.019356656704262107	0.005655375678052468	-0.00036455424060173673	-0.00654617621834399	-0.00793602387807263	0.0001685333676610231
4.7700000000000005	-0.0002886537050756224	-0.0001904691856625246	0.0031908345927244897	2.8245434940620925e-05	-5.851115695191074e-05	0.002782694883473269	-0.0075692107397838096	0.019025556868593467	-0.0012738593438724227	-0.010454054621435116	-0.007171445086940481	0.0008363735715401598
4.78	-0.00029075952463878947	2.8972688179725533e-05	0.0031827682979624064	-7.28171832641853e-05	-0.00010985409652340081	0.002787807693003842	0.007042116080379996	0.023155461818233854	-1.7194664013269562e-05	-0.008843905340175979	-0.00272424290814514	-8.575961042771772e-05
4.79	-0.00015750776593396361	0.00023806733267462465	0.003190267971225068	-0.00013524860418104604	-0.00010935108638929145	0.0027816483946548377	0.018656020692691802	0.016829734614263247	0.0011622214143992339	-0.0032295095134617317	0.0028651007670169736	-0.000858519943723235
4.8	5.267097723411001e-05	0.0003349637492163614	0.0031986100305829196	-0.0001328789067640711	-5.531987569619625e-05	0.002776324828772481	0.021497339413222905	0.0016227365157011223	0.0002842700278868058	0.003722287898356836	0.0075146201446773175	-4.986859233739752e-05
4.8100000000000005	0.00023553426637535604	0.0002677198876074029	0.0031945058433605115	-6.64037654063235e-05	2.870768369953849e-05	0.0027809234842691185	0.013534834840853575	-0.014401518236240368	-0.0009895994088185808	0.00902438949300539	0.00850979523507271	0.0008698978861966844
4.82	0.00030367915704540365	7.257134979169137e-05	0.0031851582799590702	3.2076665711795574e-05	9.997915638448173e-05	0.0027886742467739694	-0.00032672925819849036	-0.022987013404780512	-0.0005327309871633606	0.009706129375310967	0.005111435951716112	0.000403147355303535
4.83	0.00023052352466707292	-0.00015755068352304877	0.003188187972306426	0.0001113219806472056	0.00012356114393561682	0.002785389819823209	-0.013839737374400014	-0.021228280547189463	0.0009904616387746376	0.005549490151617419	-0.0005563450373272003	-0.0009016832355994176
4.84	4.694436349765257e-05	-0.00031607095906880576	0.0031979970739587603	0.00013608654095757363	8.825087285279208e-05	0.0027767848235858623	-0.021354785145800467	-0.008955843889030713	0.000608198490612537	-0.0008122256380643301	-0.0062748626473810585	-0.000560502250901234
4.8500000000000005	-0.00015957357096450233	-0.0003199805040309754	0.0031970097457070714	9.58029711801315e-05	7.608602760729655e-06	0.0027766901789024797	-0.018129472430995008	0.008149946879129344	-0.0007782986405602495	-0.0069224766253869795	-0.009156345913761235	0.000537044162486586
4.86	-0.00028644397499374475	-0.00016861836420524614	0.0031861375806795694	9.101242079068828e-06	-7.880680428129515e-05	0.0027848521600164346	-0.006301889098927339	0.020724092624140492	-0.0010138285372207647	-0.009646838994240455	-0.007308819264917534	0.0008062621047657705
4.87	-0.0002785681942176355	6.184613629231633e-05	0.003183602932831109	-7.955940185119977e-05	-0.0001265993610587549	0.002787587379067851	0.00782384080112398	0.023644217141547415	0.0006360321779798935	-0.007327839606251631	-0.0019071654516394554	-0.00040564487073931424
4.88	-0.00013994264505513604	0.0002670868623945577	0.0031942907927614904	-0.00012726131749953183	-0.00011445965577691195	0.0027802377378783527	0.018827330680573805	0.015546423492431734	0.0011203571153653113	-0.0018863012277094584	0.004359966734323768	-0.000756595604009203
4.890000000000001	6.682873556389838e-05	0.0003442826210952123	0.0031995823625525356	-0.00011437602430611389	-4.496604591245001e-05	0.0027773507143815813	0.020670712841632827	-0.0008339168360551397	-0.0001902831618961263	0.004388011599703583	0.008953416514882176	0.00024235461013017923
4.9	0.00023898235263109657	0.00025280265729835284	0.0031918258938151054	-4.644885163562202e-05	4.891743433338937e-05	0.0027838045391144805	0.012335935606971417	-0.01652053876379821	-0.001117216565962519	0.008603224403288996	0.008976210937720311	0.0009069822286996136
4.91	0.00029667199509900665	4.1986548375752326e-05	0.0031843964865627098	4.2369271305435034e-05	0.00011881341917202432	0.0027897514256001762	-0.0011611753796913879	-0.023971360564483176	-5.569041100541425e-05	0.008324655748934736	0.004448602262985359	3.3788766941995198e-06
4.92	0.00021697613139636332	-0.0001909633950612222	0.0031907398435697043	0.00010726120803408822	0.00013183695849536435	0.002783680377151227	-0.014305152621720621	-0.020681151927701587	0.0010148746444338973	0.004217399035599878	-0.0019851654927978825	-0.0009564319846225168
4.930000000000001	3.2497931967086326e-05	-0.00033504597000048604	0.00319822194223239	0.00012084288334280538	8.09857898178192e-05	0.0027764621978460355	-0.021004143894854724	-0.006803556648202465	0.00022989858490663444	-0.0016165124783042762	-0.007825782954489081	-0.00030541674738886936
4.94	-0.0001670287790617838	-0.00031503914289317416	0.0031940685997925216	7.687139465416902e-05	-1.2363207974132062e-05	0.0027788051631267097	-0.017160745672199492	0.01055084337302229	-0.000946889508738748	-0.006836814997917498	-0.010008139419031621	0.0007090188194733404
4.95	-0.0002842186645699036	-0.00014383362150474375	0.0031845783819437552	-4.074227567650213e-06	-0.00010119964824668195	0.002786309272441127	-0.005448299523323863	0.022211017105690754	-0.0005930864201638875	-0.008568960137615014	-0.00697678668279637	0.000504324360671067
4.96	-0.00026892824291865203	9.56311287438295e-05	0.003186956632603185	-7.964749926950713e-05	-0.00014126660046145608	0.002785085540959855	0.00847254582734235	0.0238336599377292	0.0009586247375024975	-0.005973761534243249	-0.0007458492886576938	-0.0006645242254946181
4.970000000000001	-0.0001258601623488825	0.00029333737320205695	0.0031969164740142035	-0.00011583309996549038	-0.000113841501503086	0.0027781352997952075	0.018988781455493417	0.013885360109140278	0.0006968903821895147	-0.000981052408872949	0.006090937065429363	-0.00047613443294606476
4.98	7.840233671516457e-05	0.0003483152442398775	0.003197211451839573	-9.749386544816722e-05	-2.8545850638499247e-05	0.0027783338823744235	0.020065169374929952	-0.0033741628407885187	-0.0006521135394705205	0.00450472369029035	0.010220646071254684	0.0005417925477742963
4.99	0.00024266861740066976	0.00023340803325261057	0.0031873595169858173	-3.264499720843521e-05	7.289781219128927e-05	0.0027863783244917377	0.011483962827068431	-0.0184877519466646	-0.0010093005353750241	0.007868129642419078	0.009126955761683014	0.0008198706239189936
5.0	0.00029224587298581987	8.242725160279215e-06	0.0031838850601449394	4.57665969828549e-05	0.00013857289762877117	0.0027895945191169697	-0.0019280908865070103	-0.02482080010714434	0.0004743934509084506	0.007126120816560624	0.0035189298086372245	-0.0003112979341174079
5.010000000000001	0.00020551151349656625	-0.0002245164622668715	0.003193055765659713	9.94484208670391e-05	0.00013820426224457714	0.0027825122604718676	-0.01483506470635181	-0.019674853096729228	0.0010171780239085556	0.0032937903020275098	-0.0036647469740919447	-0.0007843480564828505
5.0200000000000005	1.91884603075849e-05	-0.0003501792402381689	0.00319837944795475	0.00010652679747376529	6.964131684830593e-05	0.0027781174670451015	-0.020791965933349837	-0.004298228933213678	-8.701393648600375e-05	-0.001950561847044466	-0.009465388456094978	-3.597363431504042e-06
5.03	-0.0001751203425337577	-0.0003040034632018046	0.0031917889564671642	6.297266355874082e-05	-3.5198506913847416e-05	0.0027821226763239475	-0.016426651049990536	0.013032959557850297	-0.001023473236242174	-0.006376791124967775	-0.010576526463798504	0.0006665154139886734
5.04	-0.00028480406867493823	-0.0001130142133355654	0.0031843226348966217	-9.89424364481253e-06	-0.00012352856875779523	0.0027869659126776494	-0.004719724773133756	0.023606900037951645	-0.0001904698108982051	-0.007510769208828107	-0.006306878674155359	7.345013968702154e-05
5.05	-0.0002621577021911437	0.00013306946837100621	0.00318903652219711	-7.498789114489807e-05	-0.0001523603761675051	0.00278305457989176	0.00921906520041432	0.023580751446089475	0.0008741584981475025	-0.005080988892139048	0.0007971000660442591	-0.0006651987821029098
5.0600000000000005	-0.00011327240779734436	0.00031820437965194605	0.0031956698656415016	-0.00010441454028541129	-0.00010776569911103764	0.0027784253182190437	0.019290818521455724	0.011737216806652217	0.00021960007761835762	-0.0005771532739880407	0.007846069418257091	-9.433065534978498e-05
5.07	9.046521077734388e-05	0.00034736412542094047	0.0031920817021836388	-8.511216943107743e-05	-8.238753037136192e-06	0.002782416785418871	0.01962746033887659	-0.0060800344841433615	-0.0008312900826288364	0.004313028698991438	0.011179909576996468	0.0008064391674565125
5.08	0.0002483582378489154	0.00020921459988837508	0.003183846123783066	-2.532685557458986e-05	9.617630217438734e-05	0.002790210435938472	0.010794493154211368	-0.020307918892380976	-0.0004712417342755208	0.007045848629289334	0.008742282774806175	0.0005103554414280648
5.09	0.0002911271590793857	-2.7203965194260034e-05	0.0031869685182502167	4.321411526157738e-05	0.00015303196663163233	0.0027887649520641515	-0.0026439274880468745	-0.02518604778869939	0.0010138434620350146	0.0061179592535251974	0.0022352939705156034	-0.0007370988929977329
5.1000000000000005	0.0001967126934828707	-0.0002537555500598443	0.0031975987239878756	8.934360719558671e-05	0.00013651358498785953	0.002780424028038875	-0.015528189697074387	-0.018080595022617732	0.0007917217093775627	0.0027511894358556864	-0.005454613285334956	-0.0006512359704384034
5.11	6.5385653369500635e-06	-0.0003569586516457809	0.0031984391670339795	9.40862892041818e-05	5.2093772497703444e-05	0.0027787189241755086	-0.020813383800651827	-0.0016570501697041895	-0.0006632417595293702	-0.0018927242192618525	-0.01072219328908772	0.0003331699933258038
5.12	-0.00018468212641667905	-0.0002858536056057861	0.0031878289289202165	5.42012011034058e-05	-5.921741629300658e-05	0.002785054380800304	-0.01587021269974917	0.015142329579928832	-0.0011315843977590598	-0.005729196716165118	-0.010539182730833067	0.0006979583722514814
5.13	-0.00028796437437187	-7.969772180902537e-05	0.0031822035762738917	-1.0062211364943029e-05	-0.0001409010409461398	0.002787909870613363	-0.0040344907644925205	0.024475070508128215	0.0001938906684154417	-0.006514721865412924	-0.005160783244413569	-0.0002681263319636679
5.140000000000001	-0.00025750728531336145	0.00016645803341832559	0.0031895495079559376	-6.657388988992787e-05	-0.00015480369744178322	0.0027818036757294674	0.010030956493325966	0.02266405772851914	0.0009743655169475306	-0.004432903712258789	0.0025294642048171575	-0.0006980750053403524
5.15	-0.00010264356289557144	0.0003339360616816929	0.0031957300422161845	-9.240267004556686e-05	-9.331847506434388e-05	0.0027780695852903698	0.019609429308952833	0.009318767139651667	0.00011179139516281243	-0.0005055172555114367	0.00928195440845735	7.791277527442775e-05
5.16	0.00010130531297003729	0.00033744314383038205	0.0031914732872043872	-7.553081182535145e-05	1.537169384716436e-05	0.0027833030977226685	0.019430589605718192	-0.008536425477646336	-0.0007934954972045879	0.0037729378162633946	0.011526186149250115	0.0008209708866889088
5.17	0.0002556283803652131	0.00017963181138007028	0.003185394891577633	-2.3194282215105765e-05	0.00011670040566001466	0.0027897436979063654	0.0102883664210859	-0.021690634079313542	-0.00014719682319329786	0.006168229600472801	0.007850173536897067	0.0002188668304399246
5.180000000000001	0.0002915599769374998	-6.370827251569539e-05	0.0031899844680536773	3.748767829354814e-05	0.0001607170083940029	0.0027864792214324975	-0.003502714918094961	-0.025019818654956172	0.0008376384355304513	0.005541875665526032	0.0006110066513530611	-0.0006963426600723815
5.19	0.0001887974521242201	-0.0002789785468908666	0.0031964103140518247	8.00375678241449e-05	0.00012717094266768799	0.0027807003536982587	-0.01623930465472926	-0.016087159129935046	0.00021136498654826652	0.002647255235641151	-0.007102653834693905	-0.00030035063231606714
5.2	-5.7842968604493026e-06	-0.00035784663621678617	0.003192494616387349	8.598565841958739e-05	3.0133877079899442e-05	0.002781955912329971	-0.020960197372134056	0.0009616117514359715	-0.0008890518349292825	-0.0015461363320979935	-0.011492524433756956	0.0005179765076649884
5.21	-0.00019598118576366537	-0.00026364495055778727	0.003182964364962726	5.142538614588839e-05	-8.264312652597762e-05	0.0027876776551486724	-0.015589526522307544	0.01696645529274397	-0.0006852823082370281	-0.005034410803343805	-0.010027166508356519	0.00039953930666752457
5.220000000000001	-0.000294822694721804	-4.53802998283937e-05	0.0031835714141533232	-5.441416313600334e-06	-0.00015392369740567093	0.0027866715230323138	-0.0033675918489248	0.02501669060355724	0.0007702235094047052	-0.0058680521163859585	-0.00370054782928418	-0.0006040793811895155
5.23	-0.0002553277507282877	0.00019734492844018597	0.0031930544841402377	-5.8034220522552395e-05	-0.00015103895522499357	0.002779977776446954	0.011056034606866192	0.02138880822890912	0.0008256548544617114	-0.00429201909322998	0.004304948006569844	-0.0004993864758523018
5.24	-9.15794199654616e-05	0.00034474661286758995	0.00319610606061663	-8.484531711085607e-05	-7.406305787692188e-05	0.002779360576205847	0.02023886800870985	0.006797811136075633	-0.0002683424726791546	-0.0007985980940908437	0.010443299071309376	0.00041197813118371034
5.25	0.00011532298864744052	0.00032352800602099583	0.0031893458063317714	-7.212908594635511e-05	4.020101506344247e-05	0.002786079763039355	0.01939797211555178	-0.01073950202401105	-0.0008486291605091399	0.003245160518086116	0.011366381726738298	0.000767726782854876
5.260000000000001	0.0002671017881862505	0.0001487842854285891	0.003185000558885093	-2.593322425839593e-05	0.00013374338409300338	0.0027899908790475036	0.009818040260050667	-0.02280685687627688	0.00012385854964248581	0.005550038757917934	0.006582737965581329	-0.00010903607465588648
5.2700000000000005	0.0002952032494590337	-9.780722000731497e-05	0.003190640816424287	3.0428127110595674e-05	0.00016228705051937956	0.002785075672747111	-0.004575703046851596	-0.02446163056711812	0.000725290050055105	0.005366929476639704	-0.001133784929349846	-0.0006846036519761634
5.28	0.00018111852547130075	-0.00029872640133372735	0.0031943963910677302	7.357701165592101e-05	0.00011209126898972575	0.0027810501628551423	-0.01726015038549628	-0.01394706415376592	-0.0001166020011722532	0.0028987046498591606	-0.008496672469885226	-3.0448304614884163e-05
5.29	-2.051904890849742e-05	-0.0003532145839883771	0.0031886784303635975	8.315684656725705e-05	6.295162542129665e-06	0.0027842937721863363	-0.021333595846731945	0.0034049918062100514	-0.0008536873513829397	-0.0010970232883177197	-0.011711567199299427	0.0005699207458852231
5.3	-0.0002113809987255614	-0.0002386351066293888	0.0031824445209697265	5.3469920855534565e-05	-0.00010196821679322307	0.0027888360639774738	-0.015361434859610392	0.01852868877718758	-0.00015978816266524912	-0.004531811292034767	-0.008969165286772543	0.0001509031690730454
5.3100000000000005	-0.00030428841627696694	-1.091299161899562e-05	0.003187179453855168	3.3056257178269044e-07	-0.000159266712162134	0.0027856003188238432	-0.002358572064682073	0.025191308697428465	0.0009213755500221144	-0.005715815174622761	-0.002059033055238419	-0.0006348921187099735
5.32	-0.0002526254411883588	0.000223856845006125	0.0031951922733540515	-5.3177754859006414e-05	-0.00013970032316637968	0.002780485594698438	0.012328144226298274	0.019677797110783303	0.0004513770908252205	-0.004570751949651621	0.005855553110068484	-0.00020886482549949207
5.33	-7.808872870803585e-05	0.0003488234655843968	0.0031939487966210866	-8.353653847744522e-05	-5.105281292101716e-05	0.002782376033812053	0.021034263566970128	0.0042582033775973825	-0.0006468995600619574	-0.001206421726081895	0.011100894870852888	0.000548064953558486
5.34	0.00013274268452886904	0.0003043151800304628	0.0031860358015441265	-7.476731642935478e-05	6.30583739722392e-05	0.0027885757489887887	0.019433286593011377	-0.01265161841710626	-0.0006483105832127855	0.00287396679610867	0.01068091494804207	0.00047815901064159733
5.3500000000000005	0.00028113450355817904	0.00011645688029021645	0.0031851762437945536	-3.155484229320436e-05	0.00014513739009008414	0.0027887205088089027	0.009093653100066918	-0.023461411134688727	0.0004801601698202342	0.005401183761937574	0.005053955572770699	-0.00044464796955028804
5.36	0.00029808375988984705	-0.00012842207044546212	0.0031919098168979687	2.5484299712188944e-05	0.00015685208739761952	0.0027829553840964423	-0.0059636105552680905	-0.02340580147402033	0.0006257034435856198	0.005607696512610059	-0.0028468344859860066	-0.0005119367139681062
5.37	0.000170465266467508	-0.0003113414918189084	0.0031937263844496323	7.205726841983426e-05	9.227351743999352e-05	0.0027813080156169423	-0.01842478305013393	-0.01157056755695457	-0.0002991994629516454	0.003264926217243323	-0.00952956671404345	0.00020994665048433239
5.38	-3.894389167965022e-05	-0.00034165579697890904	0.0031877645548582306	8.513518666075593e-05	-1.789070545014011e-05	0.002786023961278411	-0.02166578754908624	0.005626664717559848	-0.0006865813485602446	-0.0007691097438207325	-0.011496781962727408	0.0005707092826063004
5.390000000000001	-0.00022934961756374139	-0.0002096659608639981	0.0031846572291416774	5.8322864375479926e-05	-0.00011802067595076067	0.0027888675629365676	-0.014910168079944362	0.019689630680883575	0.00022425982937845164	-0.0043130008615446394	-0.007693676264512466	-0.00013540604838820257
5.4	-0.00031308262186705385	2.2264812238328797e-05	0.003190644509190615	5.646899210500986e-06	-0.0001599782498379312	0.0027844965102036896	-0.0010236927746282486	0.024784323773529276	0.0007468854024507251	-0.005856218970298684	-0.00038210014214742205	-0.0005838178500165324
5.41	-0.0002463301131990601	0.0002447533602361851	0.003194896943943511	-5.091123043010662e-05	-0.00012452718001772494	0.002781089486275163	0.013826712287525838	0.01769944998017313	-4.104762533399601e-05	-0.004962981010090759	0.007181007487130361	8.935047181585982e-06
5.42	-5.9994001237621085e-05	0.0003469263905924247	0.0031899546760207815	-8.513553055014602e-05	-2.8054506670398717e-05	0.0027846674910144936	0.021803033268546993	0.0019306365578314235	-0.0008111882283392974	-0.0015493702603029268	0.011277858844849907	0.0006100164499940977
5.430000000000001	0.0001537295691687651	0.00028255745578012025	0.003183212540844188	-7.917474050535223e-05	8.158254171725172e-05	0.00278958004037569	0.019263115726227572	-0.014182893801847719	-0.0002607997836231287	0.002665950855415892	0.009680069192646404	0.00017736175096213537
5.44	0.000296464119659571	8.519258608624184e-05	0.003186419615758199	-3.710899525382448e-05	0.00015003905227487402	0.0027870263515561177	0.008081326672395719	-0.02376478788915751	0.0007670483452747193	0.005425097035303172	0.003528845217117944	-0.0005836218652598092
5.45	0.0002995110574191036	-0.00015468680249918472	0.0031933750977425914	2.223828077770623e-05	0.00014659277860074195	0.0027817111749436738	-0.007588219257846756	-0.02211138266285928	0.00041939221436599255	0.005998826091203558	-0.004224357074759729	-0.00029713972542118544
5.46	0.00015683145233948907	-0.0003190539632943208	0.003192824876286131	7.297843622521049e-05	7.196513487427477e-05	0.002782661106136317	-0.019674819968239478	-0.00934724084067256	-0.0005130309095320493	0.003718509590290838	-0.010080158878409318	0.000460927613828338
5.470000000000001	-6.070179387609136e-05	-0.00032800303745666055	0.003186214384332432	8.981099724991861e-05	-3.802097801467157e-05	0.0027881437066862606	-0.022019625078483526	0.007501489523907875	-0.0005662658419657722	-0.000493598405357356	-0.010913617671446281	0.0004330326913641946
5.48	-0.0002495954239384558	-0.00018196080832055407	0.003185060407031702	6.441923428134821e-05	-0.0001280645766551603	0.002788680387962863	-0.014281967539148387	0.020565915452895347	0.0003829737450840453	-0.004316434635334482	-0.006328703460332885	-0.00035232995159645357
5.49	-0.0003219731193131371	5.164961859688406e-05	0.00319088577154455	9.52159057841348e-06	-0.00015535029422323113	0.0027836856525617934	0.0005416128463461566	0.02419494898467169	0.0005427714777966529	-0.006263066072729072	0.0011145645968681293	-0.0004893060743715225
5.5	-0.0002386695034539261	0.00026069956108110425	0.003192445293028518	-5.130224341627565e-05	-0.00010732374408842491	0.0027819734879804257	0.015411817364048857	0.01578120186481019	-0.0002666635579427124	-0.005406623966275651	0.008114673346559936	0.0001703138616198421
5.510000000000001	-4.0103868945508333e-05	0.00034190170079329067	0.0031868909199779635	-8.916512842529326e-05	-6.5592213625710146e-06	0.0027859944545504762	0.02256997284760619	-0.0001282421829680663	-0.0006423587774145938	-0.0018197061979048478	0.011135459120294521	0.0005152331679198247
5.5200000000000005	0.00017694400439676358	0.0002605257128007894	0.0031838163546984923	-8.481700859363237e-05	9.64234349179117e-05	0.00278852212472235	0.019124921376879524	-0.015480928154795546	0.0001743101248768005	0.0026291061683793165	0.008556485638780795	-9.81239999687605e-05
5.53	0.00031208491634302236	5.556390987308138e-05	0.0031894041661139605	-4.090174314430139e-05	0.00015152909703768682	0.0027845753202718165	0.006673021706278657	-0.023851128455798235	0.000735519919259325	0.005854327013192611	0.0020342526695794534	-0.0005364753490405377
5.54	0.0002975217485253933	-0.00017720156350174498	0.0031942371058280286	2.3827035247664942e-05	0.00013344857228923186	0.0027812351609170245	-0.009484694716305917	-0.02065117991352001	7.39193868000773e-05	0.006574034772431939	-0.005510936276347616	1.1036550170402558e-05
5.55	0.00013829589581691888	-0.0003229112393435292	0.0031906483251148707	7.957316655999186e-05	5.0317603022000565e-05	0.002784745165554332	-0.0209241657972398	-0.007268772117892734	-0.0006659231967911782	0.0040526515828083675	-0.010398867587408066	0.0005734529892873544
5.5600000000000005	-8.632945590227109e-05	-0.0003129817812742936	0.003184502647578822	9.796803449262444e-05	-5.673264070112601e-05	0.002789525819077872	-0.02219288385481259	0.009064515124952346	-0.0003443752562576068	-0.0005461138429321809	-0.010061485347853083	0.00020196766605954462
5.57	-0.00027127100687046303	-0.00015563824191027593	0.0031859844209654814	7.027607414800282e-05	-0.00013457887766569955	0.0027876784138382545	-0.013258147136044644	0.021199326822304448	0.0005471806028061153	-0.004776821671260884	-0.004917445518766136	-0.00046611325507944513
5.58	-0.0003282644670756318	7.75199597706329e-05	0.0031913169008020046	9.223086827525565e-06	-0.0001474494690461296	0.002783346945102682	0.002437643472689542	0.023405675065259583	0.00031790828967486633	-0.006976686276473496	0.002483071206809662	-0.0002368810066081458
5.59	-0.00022585497727863364	0.00027296961042013064	0.0031905162790329187	-5.796945981532532e-05	-8.896341641181452e-05	0.0027839376677208003	0.017148618611340833	0.014018542188951296	-0.0004395474472016444	-0.005876265694401291	0.008725393260184325	0.0003326463656752262
5.6000000000000005	-1.4843111875305101e-05	0.00033596062905285885	0.0031850573706569078	-9.82389166153326e-05	1.245783748680894e-05	0.0027881050830172297	0.02327306006736362	-0.0018661321781341716	-0.00043414376230897935	-0.0018095533750697606	0.010635315467895548	0.0003398726611929039
5.61	0.0002030673745469215	0.00023998891768421647	0.003184990576825508	-9.191887053595873e-05	0.00010597869454894423	0.0027884067277043245	0.018580168297687254	-0.016598678938379647	0.0004537215885734687	0.0030016521736323837	0.007300176686970886	-0.00029346716682174744
5.62	0.0003261819434769078	2.9430635765423953e-05	0.0031912908173123535	-4.261591924321552e-05	0.00014757392874533324	0.0027841088028916767	0.0049112901283067684	-0.023741418860174196	0.0005903146771819005	0.006515553184781461	0.0007047079913662102	-0.0003874160539048254
5.63	0.00029182321672420615	-0.00019536043663976775	0.0031935282862086026	2.866302145254722e-05	0.00011813127915142291	0.0027829528904503194	-0.011475944137233247	-0.019244957295386417	-0.00019668345558099718	0.007119702930574472	-0.006350055402785466	0.0001863538341873045
5.640000000000001	0.00011639325707389545	-0.0003242411709393673	0.003188363993854041	8.7920852329003e-05	3.120744804322799e-05	0.0027867492340633558	-0.02205218638698139	-0.005523882132053288	-0.000655020472237451	0.004179364425415476	-0.010271557480219011	0.0004384861720193806
5.65	-0.00011375055649926538	-0.0002983867388204645	0.0031842267100635345	0.00010533115939554608	-6.971475317656012e-05	0.0027892350103869805	-0.022138742789389338	0.010443662892491807	-6.322786179884091e-06	-0.0008147932398348854	-0.00905599194913205	-6.119844827200179e-05
5.66	-0.0002916755086518197	-0.00013121114884628767	0.0031876109493856686	7.318092562515617e-05	-0.0001358537419164489	0.0027859610947347777	-0.011907028033305227	0.021689819639427746	0.0005286547322318528	-0.005390008525706565	-0.0036712166661226307	-0.0004660298873930469
5.67	-0.00033063169360679896	0.00010000313202841247	0.0031913624289204444	5.333750855277451e-06	-0.00013718686384828538	0.0027828370860262658	0.004513126719843789	0.02254452755104856	7.681842763182678e-05	-0.007638882816511336	0.0034447650197571692	-6.59974834825327e-05
5.680000000000001	-0.00020900845018656164	0.00028195353676521733	0.003188990667151361	-6.699731596763091e-05	-7.225625548884366e-05	0.002785074621752488	0.018690452055282584	0.012335243364089102	-0.0005065063786181964	-0.00618083740552927	0.008996563076299776	0.0004386296517484156
5.69	1.1985178758371152e-05	0.0003279927923153187	0.003184629030892842	-0.00010759189682223944	2.736136491643113e-05	0.0027892063552185887	0.023684242990957255	-0.0034378959554771707	-0.00017460528724557125	-0.0016066163537013668	0.010010235743716022	0.0002078316930570651
5.7	0.00022786671390356795	0.00021896787095266373	0.0031869133715301486	-9.681914767912756e-05	0.00011165672516066024	0.002787819028408425	0.01771210185520578	-0.017552172566411766	0.000549165775680601	0.003673342140695634	0.006186896685509132	-0.00043217325462010364
5.71	0.0003364610699222176	4.45659486665841e-06	0.003192132667783818	-3.937607471414651e-05	0.0001418912485955152	0.002783315756176913	0.0029925267325352015	-0.023523103611435506	0.0003153763551923218	0.00737470939447408	-0.0003877554065905572	-0.00030190034292541557
5.720000000000001	0.00028207650091713966	-0.00021189947641564623	0.0031913423136155426	3.8890529140119953e-05	0.00010392600953889712	0.0027831011145183085	-0.013362154642934504	-0.01791161710179646	-0.0004269178644725446	0.007605547440591961	-0.006866523565736578	0.00025642069490863133
5.73	9.221827621607795e-05	-0.00032489579829221067	0.003185753433429416	9.97185425359649e-05	1.58346704972762e-05	0.0027870361282934957	-0.022981160439240342	-0.0038328877015752485	-0.0005220866778001688	0.004017808468276605	-0.009975607178262857	0.00041638981036450074
5.74	-0.0001411823341568473	-0.0002837407477215848	0.003184261669524808	0.00011302837934740538	-7.84592189618279e-05	0.0027884516129233917	-0.021834555050674644	0.011748103069500809	0.0002647631849615332	-0.0014560208054547488	-0.008084475057315453	-0.00016858453036649513
5.75	-0.00030909620520049345	-0.00010751530504112233	0.0031890998957891225	7.280174098920105e-05	-0.00013360714534406837	0.002785411056043645	-0.010255714016403865	0.022063690829214864	0.0005204422121243995	-0.006318772757530993	-0.002514938656458987	-0.00031128150645360453
5.760000000000001	-0.0003282868054314233	0.00012105302117207518	0.0031917459197817934	-3.583692816151348e-06	-0.00012497353671789708	0.0027843466955665744	0.006626526859811097	0.02167419934230664	-8.665038970575204e-05	-0.008328256711695127	0.004187122556717026	0.00013432969638898346
5.7700000000000005	-0.00018834767311650712	0.0002900037675223265	0.0031882579493793255	-7.98411535698047e-05	-5.640887808513077e-05	0.002787787832333226	0.02009235707496286	0.01075855590794259	-0.00048286029692180067	-0.006229804010202497	0.008918867904525256	0.00044029457880433235
5.78	4.096808952183628e-05	0.00032030324212547974	0.0031852759289045197	-0.00011752704563550326	3.8008903849878086e-05	0.0027903262475554905	0.023910534708179155	-0.004900400671243368	1.8105847175085072e-05	-0.0010401226383970855	0.009152093446937983	-4.829391122554955e-05
5.79	0.00025228601798798746	0.00019908136563194889	0.0031884249796271286	-9.914957817621648e-05	0.00011209072186333242	0.0027868777232603415	0.01657412634154374	-0.01838312953002851	0.00047360727640559315	0.004586178486412803	0.005097478755697495	-0.0005348187670103379
5.800000000000001	0.0003434697061180559	-1.835823815937706e-05	0.003191872528395036	-3.2601617283265974e-05	0.00013195161572296363	0.002782780542426162	0.0008495062132323297	-0.023210286980098672	6.131719066211946e-05	0.008200895254294419	-0.0012969923309042416	-0.0001868072848836635
5.8100000000000005	0.00026795445152260613	-0.00022641598562627829	0.0031888984349590322	5.1555173908458086e-05	8.842398195685509e-05	0.0027840177967662764	-0.015250074792376373	-0.016613731554850766	-0.000588364524977065	0.007895991957181924	-0.007068552939639633	0.00038361905674855673
5.82	6.408598810214699e-05	-0.00032469765724405403	0.0031835659862554182	0.0001118462845831386	2.9480677812947354e-06	0.002788090421441151	-0.02380044532665314	-0.002307036717578849	-0.0002875107425067434	0.0036279345334320388	-0.00929111557201855	0.0002995351283275452
5.83	-0.00017059610081259218	-0.00026968136121718943	0.0031849061527798503	0.00011867893071984938	-8.228159855781426e-05	0.0027882994830489513	-0.021207496808463448	0.012912821724343881	0.0004958840888671036	-0.002308348874000302	-0.007047940623533771	-0.00023085440129969135
5.84	-0.00032515509368495393	-8.577595834929232e-05	0.0031903806740612157	6.903734000030517e-05	-0.00012762040521693585	0.0027856617123757036	-0.008357971067072614	0.022330223455849722	0.00043379085538756577	-0.007259152560851022	-0.0016335956959014017	-0.00019766067812108216
5.8500000000000005	-0.00032268021809973103	0.000139630742248765	0.0031915179091979258	-1.5198503674685415e-05	-0.0001115937830070525	0.002785782689840794	0.00881419480843699	0.020791575871620484	-0.0002137958307589031	-0.008869980698224178	0.004685999400518675	0.00022600480675394758
5.86	-0.00016463560909336263	0.00029638075007156313	0.003187644497397418	-9.327223399349754e-05	-4.193563428887672e-05	0.0027888195971439078	0.021424017218025344	0.009322129110337602	-0.00042318410310327863	-0.006060564673582922	0.008648984929959356	0.0002904334640921946
5.87	7.173817916266614e-05	0.00031251780238955866	0.003186176190887867	-0.000126526978505639	4.636216395479078e-05	0.0027891825049628045	0.023918405313607484	-0.006244662487141674	0.0001631791694275109	-0.00033282379261702274	0.008268551010926443	-0.00022508412991873063
5.88	0.00027552445838391625	0.00018018692287454356	0.0031894286871475244	-9.937207747351247e-05	0.00011111482279607588	0.002785615770008412	0.015066968448338294	-0.019189419316354712	0.00033009145911916914	0.005583352054154854	0.004181390555466147	-0.0003694868646506462
5.890000000000001	0.0003471003379003844	-3.983163174254961e-05	0.0031901470840035974	-2.3725311402747302e-05	0.00012343884598806895	0.002783873991376823	-0.0014001983164522508	-0.022898798663747968	-0.00021520499366123208	0.00892948550756523	-0.0018459078821458069	5.897745881854669e-05
5.9	0.00025032560261290914	-0.00023946154414570964	0.003185709751868634	6.449367747666802e-05	7.681314612533545e-05	0.002786454867692793	-0.01703142340676093	-0.015359252711887391	-0.0005271110268876963	0.007950857511626575	-0.007097599162110752	0.0003692956721583121
5.91	3.450459699342574e-05	-0.00032380279701773056	0.003182910072555871	0.00012169214091435053	-6.177452814906248e-06	0.0027890239025534637	-0.024359449273546753	-0.0008683193903667935	8.657288793636626e-05	0.0030349994852462755	-0.008780702331908799	5.197721072861538e-05
5.92	-0.00019833954747962735	-0.0002551151604487267	0.0031874059636836424	0.0001207367593115476	-8.442700813258052e-05	0.0027869871225737384	-0.020291075429341623	0.014113397036918315	0.0006579347214503993	-0.0032426716872673783	-0.006273552560423818	-0.00035081993487265904
5.930000000000001	-0.0003369686935144046	-6.371308968873111e-05	0.0031928355281638705	6.165793900331724e-05	-0.00012191180011980572	0.002784317249952468	-0.0061845144748947055	0.022556921672122945	0.0002730898839712523	-0.008110762384994195	-0.0009314696414905572	-8.150238115992648e-05
5.94	-0.0003118875461074633	0.0001579764842772652	0.003192059243774335	-2.8685532907744047e-05	-0.00010112510450361167	0.002785836715728292	0.010948111817237982	0.019876340301234533	-0.00038859920199900606	-0.009180245965322596	0.004925721326237731	0.00035829999952391423
5.95	-0.00013697856008118803	0.00030241574040915467	0.0031874251417554652	-0.00010612441694625987	-3.162879347094416e-05	0.002789377907854455	0.022536610704370068	0.007877740365927886	-0.00036795448768276774	-0.0056203921108855005	0.008334056288979612	0.0002012455273045935
5.96	0.00010332351422508358	0.0003039686417155142	0.0031866163125911875	-0.00013224175792294753	5.155191938671215e-05	0.0027885857629674584	0.023577902520888726	-0.007644479894297384	0.00016572593765243167	0.0005902910852121048	0.0075863933829246645	-0.0003297571782340673
5.970000000000001	0.0002962098063207997	0.00016049305667271513	0.0031889948041758103	-9.500872068477117e-05	0.00010899634912132504	0.0027850487455694903	0.013293625645530773	-0.019868690593115444	0.00015560029464941456	0.006572763434971096	0.0034493857729086127	-0.00027638325009275976
5.98	0.00034628735151387007	-6.064673215408896e-05	0.0031881871179623785	-1.0814543719329815e-05	0.00011472744799459447	0.002784725839736869	-0.003683395227064297	-0.022434878987938785	-0.00032216741169117225	0.009534891060314316	-0.0023512945347048	0.0001863954034839782
5.99	0.00022936076895312818	-0.0002516072247112578	0.0031842508226224632	7.952268549656106e-05	6.568291365173069e-05	0.002787593363464764	-0.018658709483639627	-0.014216808789162167	-0.0002940407879283802	0.00774849291358935	-0.007018288143264744	0.00026335233855823994
6.0	3.7339549223636316e-06	-0.00032316496059187674	0.0031846769335607266	0.00013160818578253027	-1.3584014448739188e-05	0.0027882053343931666	-0.024662915822325306	0.00046753903273701	0.0003986742971756395	0.002241663254512177	-0.008176195443356809	-0.0001736154762597836
6.010000000000001	-0.00022475815828670292	-0.00024157241150381316	0.003190470508057335	0.00012081040962053632	-8.5436313063044e-05	0.002785207855616899	-0.019091484450573674	0.01522310062077978	0.0005993251201610447	-0.004342473984426322	-0.005605943275450561	-0.0002908423134669254
6.0200000000000005	-0.00034542493180112773	-4.305409879911141e-05	0.0031931875371508196	5.132264907102339e-05	-0.00011701353179527833	0.002784392608458435	-0.003985671417004391	0.022759935391334127	-0.00010501518205576803	-0.009012144595994266	-0.000422380810920362	0.00015923705752635665
6.03	-0.0002983383425551606	0.0001758544793435852	0.003188881674247242	-4.445389184809317e-05	-9.279060046266147e-05	0.0027876072439384407	0.012935698331539146	0.019177749281280142	-0.0006364004645492066	-0.00928521213485505	0.005071056717309398	0.00040006089740303317
6.04	-0.00010873901581332332	0.0003101224901222065	0.0031838526101012643	-0.00011845150056731448	-2.479415063738097e-05	0.002790087445041698	0.02339775251004138	0.006652537418890105	-0.00023676467195326252	-0.004913210584146711	0.00793393068503817	1.13972353945337e-05
6.050000000000001	0.0001331180405337638	0.0002978620992248705	0.003184899872732955	-0.00013517515571721383	5.329420171764305e-05	0.002787661332638826	0.02295733535808443	-0.009063894872475775	0.0003583322966789447	0.0016861363880739928	0.007052115543026138	-0.0004048311902421363
6.0600000000000005	0.000312304421115588	0.00014268242247911478	0.0031883366871433747	-8.706480860498908e-05	0.00010567871101669867	0.002784504164962782	0.011307631076302086	-0.02070032680110534	0.00018909019302239935	0.007574822612903899	0.0029630457733199325	-0.00015433530865019405
6.07	0.00034030675260044406	-8.135225575415432e-05	0.0031879917324113723	3.889971320433778e-06	0.00010778736270908964	0.002785165105224403	-0.005912873655012661	-0.02218558609335938	-0.0002212638991802889	0.00984315425309775	-0.0025917693684601026	0.0002313472385153558
6.08	0.0002052331305906889	-0.00026524195613257745	0.0031860952221589686	9.343427145323112e-05	5.8141195788946793e-05	0.0027877987387039203	-0.01992473247408169	-0.013115640512620244	-5.4368404968382964e-05	0.007276627260841884	-0.006892642804844726	0.00016804287614577792
6.09	-2.7242494909536077e-05	-0.00032360424969047437	0.0031877244049910757	0.00013766741893640535	-1.858548400685882e-05	0.0027876545065749964	-0.024649745158254806	0.001964478432575313	0.00035118953560747576	0.0012269550259443823	-0.007795465693713717	-0.00019474038362275335
6.1000000000000005	-0.00024775071226798914	-0.00022777122873993182	0.0031910603422184514	0.00011583376513475215	-8.60300790549324e-05	0.0027852942542688254	-0.017557430158822808	0.016442578734233996	0.00021690695772119553	-0.005464435254023159	-0.005142508272185476	-0.0001980132709694955
6.11	-0.00034870491835771434	-2.1927043773714507e-05	0.0031904363464071613	3.720054126785058e-05	-0.00011303944054641296	0.002785520979257328	-0.0017523186380862044	0.02293289164964199	-0.0003795878496244161	-0.009628466937702198	-4.876878921478703e-05	0.0002158584218757405
6.12	-0.00028105059943882185	0.00019326633995163421	0.0031852426550044565	-6.030023329048309e-05	-8.628494184788564e-05	0.0027885338112408824	0.01465998284869166	0.018341985936215038	-0.0004978012760663633	-0.009024198389402528	0.005136234534576098	0.00029372558204112124
6.13	-7.958888411311164e-05	0.00031636394836829157	0.00318314312699284	-0.00012823007158780143	-1.8996785885488826e-05	0.0027893956157597688	0.02398450232381742	0.005289318190767952	0.0001417513097065787	-0.004022819947717527	0.007753930662947069	-0.00015238437153322732
6.140000000000001	0.0001607760584619503	0.00028993900835584864	0.0031870407982265868	-0.0001343016748424348	5.597173147039322e-05	0.002786580278350731	0.022068533617459946	-0.010418836845030291	0.0005068229302184511	0.0028587837254204353	0.006663289155452846	-0.0003239711172941828
6.15	0.00032459858893769435	0.00012425884426778302	0.0031903597449323704	-7.540367400126833e-05	0.00010418116808331648	0.0027847446137277314	0.0092477742181141	-0.021301484395345793	7.2069609655338e-05	0.00846529673705173	0.0025741393927953605	-4.14744410079003e-06
6.16	0.0003309250971217581	-0.0001006369924458001	0.003188512860569372	2.091767655968986e-05	0.00010301508754851667	0.002786314034067918	-0.007987307420236112	-0.02175362815336873	-0.00033913867316786195	0.009960896531866442	-0.00281351170700247	0.00025647993033866754
6.17	0.00017891797828330013	-0.0002764778319312548	0.003185947350308657	0.0001072966850118158	5.284028595176975e-05	0.002788429879422318	-0.021140249359089085	-0.011999972112331133	-5.199690447295226e-05	0.006559483404780811	-0.0067813865197806225	6.164507635145357e-05
6.180000000000001	-5.8438412550677334e-05	-0.0003217620184117333	0.003187643036251954	0.0001416739059278469	-2.1479942796254676e-05	0.00278730440752952	-0.024366983443863576	0.0034018507857990704	0.00031399024929292007	3.905651629150803e-05	-0.007491898661260171	-0.00025197494678468204
6.19	-0.00026850312208378824	-0.00021289728003371448	0.0031900583636699773	0.00010800127242638729	-8.546090757481398e-05	0.002785001303127258	-0.01581303751918637	0.017477206176620342	7.0426344855399e-05	-0.00653796932630789	-0.004782913798077051	-0.00010921922392694224
6.2	-0.0003481744823877147	-1.4146896867341544e-06	0.0031880844810816614	2.130191710446529e-05	-0.00010919243459017994	0.0027860881403466904	0.000509897305358847	0.023027820706387998	-0.00040409146324873915	-0.010052453072121074	0.00027700013862149103	0.0002921121867137436
6.21	-0.0002605578145786501	0.00020997009130840395	0.0031845823500573013	-7.584437716830127e-05	-8.043325624398371e-05	0.002789120505512528	0.016236231483294884	0.017528121833905945	-0.00017335984654776523	-0.008524300310563254	0.005193933430565839	0.00021701095168381588
6.220000000000001	-4.927415422362366e-05	0.0003218448430179276	0.0031862169148253556	-0.00013567698785831527	-1.4331792173959627e-05	0.002788888455909704	0.024313357076992205	0.003909278015800274	0.0004589355019174535	-0.002941888506490555	0.00745994128957899	-0.0002630743577638136
6.23	0.00018669470838816288	0.00028046260691637755	0.003190911838489465	-0.00012994467403721745	5.775850360879226e-05	0.0027858208175705872	0.020841129716997888	-0.0118704829234701	0.0003522891889512858	0.0040429296441954815	0.006368468770799742	-0.00025785466793275117
6.24	0.0003325732020543596	0.00010358979893856743	0.003191459945234887	-6.108454724723539e-05	0.00010293082722818506	0.002785061666212519	0.007105652984715195	-0.021986171348112198	-0.00025062065752792985	0.009157511738293461	0.0022902874121392388	0.00010362820738900913
6.25	0.0003176312472211913	-0.00012244409811962802	0.0031872862106070853	3.801443319056697e-05	9.945958530307522e-05	0.0027871773763045483	-0.009922897390330487	-0.021314837543722095	-0.0004631088022948356	0.0097732173831023	-0.0029467850083980053	0.00021272146324254103
6.260000000000001	0.00015096355167759808	-0.00028976070516407	0.003184673308215941	0.00011835048693231618	4.9095909317266995e-05	0.0027879787055592985	-0.022047170484652878	-0.01079432405861908	1.712205555055764e-05	0.0056100358131055015	-0.006707339370327674	-0.00011989977160042593
6.2700000000000005	-8.855805030614207e-05	-0.0003203268409163354	0.003186839437282991	0.0001413822706004994	-2.3834086222111237e-05	0.002785648853800042	-0.02383690783934712	0.005027045517408441	0.0003174359471828991	-0.0011902214146292064	-0.00731234838205081	-0.00027298417185752814
6.28	-0.0002862289084966043	-0.00019688385495938984	0.0031889531854214473	9.613156228027328e-05	-8.582432746935626e-05	0.0027844067203636135	-0.013982996394822282	0.01864182831094131	2.9426998139346253e-05	-0.007493862724656405	-0.004560210452324398	6.34505364025891e-05
6.29	-0.00034526193059526	2.1475446439015313e-05	0.0031874389258231923	3.931810410966458e-06	-0.00010753263196499014	0.0027865687840554275	0.0026503780827268225	0.023153710810570376	-0.00023749339282369555	-0.010138895814505378	0.0004115798675298312	0.00031333390989270383
6.300000000000001	-0.0002384644177622612	0.00022914614738444499	0.003185837755207123	-8.980922943546555e-05	-7.831873041152998e-05	0.002789273740243787	0.017786620912904477	0.01667538050679164	1.9081655439698758e-05	-0.007814940056676496	0.00517183758358016	0.00011342070767581219
6.3100000000000005	-1.802293156451288e-05	0.0003284731024983777	0.0031879850012295507	-0.00013992009766249615	-1.2548265366669093e-05	0.0027884952760208713	0.02450669242501716	0.0023426838987403286	0.00033468250301112824	-0.0018218631660592943	0.007451660483780437	-0.0002447775722061315
6.32	0.00021176391460052754	0.00027082611458230745	0.003190536151853205	-0.00012284990661017944	5.928035851394569e-05	0.0027861275482335794	0.019446485642717715	-0.013420859549025423	7.536646906410312e-05	0.005118737207415391	0.0063588630148795145	-0.00011896219054129255
6.33	0.0003387117415511362	8.228494804865377e-05	0.0031887942411633168	-4.5677253715070854e-05	0.00010388664473156005	0.0027867458623528673	0.0048937231013531195	-0.022657984000066154	-0.00041491117087187797	0.009651115764286435	0.0021755668240228897	0.00018692013599440644
6.340000000000001	0.00030275941492719465	-0.00014511329836077623	0.0031846689321057054	5.359191161228644e-05	9.90989435214937e-05	0.0027885945467616318	-0.01171914586009475	-0.020915131362598458	-0.00028273741069005686	0.009338117964139811	-0.0030845253589316234	0.00011161529930232717
6.3500000000000005	0.00012308845745911297	-0.0003034730265016719	0.0031846466394275766	0.00012603591447610558	4.758026702777436e-05	0.0027878192938519397	-0.022779585698862806	-0.009428292161180185	0.00024611682250210733	0.004586948412848169	-0.006794177962968098	-0.00023589860314243623
6.36	-0.00011598722971494098	-0.0003173146452825563	0.003188177848322524	0.00013805404154375086	-2.6189938728235298e-05	0.0027853787646743918	-0.0230194455277213	0.006828657998652321	0.0003192958933453957	-0.002324421601660689	-0.007374286961499725	-0.0001804070526905549
6.37	-0.000299162074004687	-0.00017786471247436557	0.0031895618164058887	8.322223373243771e-05	-8.829969735138161e-05	0.0027852924890124824	-0.012043874235874236	0.019841753152833916	-6.350062398011938e-05	-0.008185222860244673	-0.004484597793390916	0.00018063107345414497
6.38	-0.0003376177624133408	4.683078807364698e-05	0.003187766340289308	-1.2316417133608244e-05	-0.00010846802648877261	0.002788172069723495	0.004621636569778039	0.023218739496851402	-0.0002197587905381234	-0.010066194208630294	0.0006449079902948598	0.0003006484343445439
6.390000000000001	-0.00021507118744191323	0.00024927720053958175	0.0031865782415678077	-0.00010139855957835588	-7.674907714155725e-05	0.0027898147621227757	0.018883853617240362	0.015616388645562715	2.4327504264462e-05	-0.006986286082021403	0.005410233973673486	-2.174935971117499e-05
6.4	1.0204072493918472e-05	0.0003338718761452992	0.0031881318586833894	-0.00014087790985685018	-8.732261506496344e-06	0.002788266167748932	0.024307914245234152	0.0005366698170912216	0.00018127981313145706	-0.0005970338736349045	0.007653880303622646	-0.00022617033708511596
6.41	0.00023100476115735892	0.0002579021538214334	0.0031888016782158405	-0.0001122316227196362	6.438314351599615e-05	0.0027867743323061107	0.017969493499264085	-0.015083981350621976	-9.589901681412226e-05	0.006098035558519964	0.006354629126252139	-3.55928062765912e-05
6.42	0.0003400932782959577	5.763931368198256e-05	0.0031866519040434018	-2.8872677142801162e-05	0.00010786304052321297	0.0027875002310752037	0.0029866799834565084	-0.02326519914253763	-0.00027739751806788316	0.009851681454154484	0.0019498142012929322	0.00013466996928781933
6.430000000000001	0.0002866564045687256	-0.00016955916017322145	0.0031850255690810962	6.814539797076942e-05	0.00010015298141988732	0.002788148787090518	-0.013210845234549708	-0.020301653900603497	5.289182498164965e-06	0.008720632360126957	-0.0033983903106072477	-3.820862415051819e-05
6.44	9.706952131758505e-05	-0.0003166088096332934	0.0031872094820726404	0.0001316727261361939	4.523867847698024e-05	0.002786431790811421	-0.023165083418414785	-0.007851200764677239	0.0003448488687588371	0.0034606140021344396	-0.007139143459810751	-0.00028624572895025684
6.45	-0.00013923561345771898	-0.00031251732235795766	0.0031900026331306633	0.00013171013997274284	-3.161569908186853e-05	0.0027842478973706597	-0.022060075704360724	0.008655276367158873	0.0001266455203089639	-0.0034407326502303146	-0.007613902396843607	-8.749365074340356e-05
6.46	-0.0003078179070015959	-0.00015759928199326565	0.003189102769714256	6.817200251738146e-05	-9.454342880472014e-05	0.002785220379181806	-0.010228715781511681	0.020975025919750034	-0.00029171646333727385	-0.008728142585451348	-0.004424063204443691	0.00024864307099570687
6.470000000000001	-0.000327912274652893	7.239226002786057e-05	0.0031860970251529484	-2.835239137915491e-05	-0.0001126650940496039	0.0027878871265167244	0.00631506633666741	0.02311135058370344	-0.00022000612926983905	-0.009732388535873266	0.0009805859231170923	0.0002000151554837356
6.48	-0.00019185021204412198	0.0002679901834660858	0.0031857824325722604	-0.0001104113882744839	-7.707959289699123e-05	0.0027886876794859642	0.019817586910069365	0.014386681869465607	0.00014657638256302533	-0.006015321401549203	0.005835806060503988	-4.2608501303653864e-05
6.49	3.639411442101291e-05	0.0003364490696369294	0.0031879643061071055	-0.0001393771436868884	-5.0989995150756196e-06	0.0027875534470277277	0.02393162599854721	-0.0013472820183568338	0.00017680091097168246	0.0004697568694118484	0.008011565325110742	-0.00011602370146899258
6.5	0.0002475076434720552	0.00024290853112797893	0.0031882126201769247	-0.00010145486686030619	7.03359586691207e-05	0.0027874131888566203	0.016467645874513215	-0.016560279295557485	-0.00012158798602385577	0.006776349238227997	0.006419439855392856	6.802923403283034e-05
6.510000000000001	0.0003390296225148246	3.2749979486891776e-05	0.003186068421070698	-1.4785685187573514e-05	0.00011269048923298814	0.0027884126398609794	0.0011337061887998047	-0.023702832530132237	-0.00018876230773158737	0.009790322787917334	0.0016992629685288706	8.677677334358906e-05
6.5200000000000005	0.0002686610911445671	-0.00019309384642676413	0.003185901861775365	7.812494856200497e-05	0.00010149445779352686	0.0027879726079353445	-0.014624314683188068	-0.019604969083999165	0.0001955474344637694	0.00802370048824695	-0.0038507836794488405	-0.0001859926865229736
6.53	7.010850063947943e-05	-0.0003274140787702706	0.0031885543033801757	0.00013310591000836026	4.187043667500728e-05	0.0027854272586631335	-0.023464861748799214	-0.006071813262889765	0.0002592904348219076	0.0024976710760840908	-0.007587565061551726	-0.0002504411477768279
6.54	-0.00016211028484420118	-0.00030385644858077346	0.0031895935226071643	0.00012408620204142578	-3.850436995019811e-05	0.002784323758320448	-0.020998265740267953	0.01058859647838275	-8.444622510383473e-05	-0.004232301956691705	-0.007824638015240271	7.880128832082969e-05
6.550000000000001	-0.00031554019756473807	-0.00013335916431370166	0.00318729724773325	5.5341761636844174e-05	-0.00010146237520146863	0.0027865974151443313	-0.008397474255264778	0.022022226421059547	-0.0003368506883408447	-0.008932830179583523	-0.004212891271126731	0.0003350086715017254
6.5600000000000005	-0.0003173700829708613	0.00010068630168324564	0.0031847389779773748	-3.9490028584562956e-05	-0.00011582011709751957	0.002789489325766591	0.008029157259756356	0.022885859645293948	-0.00010724966989171931	-0.009215453519500863	0.0014515884930602148	0.0001647603937914148
6.57	-0.00016784724869858272	0.0002878551351896216	0.0031854327567820266	-0.00011424766221032114	-7.511565780670928e-05	0.0027896243221462993	0.020643211264850733	0.012968345986815797	0.00022608867572077303	-0.005139530026590743	0.00636715852741069	-8.490803609222234e-05
6.58	6.24091560766034e-05	0.0003382157511631549	0.003187843753567299	-0.00013384665114294313	1.2956899779282919e-06	0.002788696287514963	0.023466184781137156	-0.003369278764544103	0.00015906002153313745	0.0013810850590810833	0.008273915444766737	-4.254129242421901e-05
6.590000000000001	0.00026280729327650323	0.00022573045669493032	0.003188026308370082	-8.892544285117575e-05	7.729679873089872e-05	0.002788953850781912	0.01490673309591702	-0.018159947550820035	-0.00011238307181657691	0.007221125477209433	0.006263317365837806	6.83320321792651e-05
6.6000000000000005	0.00033688562739537424	5.251042913609955e-06	0.003186775761506181	-1.535300878557857e-06	0.00011641076263297734	0.0027891796837703894	-0.0006745434847815389	-0.02407914391428356	-5.9880091924015074e-05	0.009549173701321292	0.001233771586467257	-7.52183112496319e-05
6.61	0.0002504407614974931	-0.00021728470982631707	0.0031873485172110665	8.598436717659491e-05	9.993971188298566e-05	0.002787055037643554	-0.015923243831647307	-0.018584774402559165	0.00016202457504555374	0.007253333393989281	-0.004357172774943926	-0.0003215410155017371
6.62	4.3817776849663344e-05	-0.00033593354601564525	0.003188898545752607	0.0001321206795232436	3.578615671116435e-05	0.0027840288391120216	-0.02367618569594453	-0.004127320974175944	5.2824995803818806e-05	0.0015951775255064525	-0.007969495418762502	-0.0001765376055556646
6.63	-0.00018404097756609774	-0.00029272300828387917	0.003187907212290539	0.00011518252574188771	-4.660877478935148e-05	0.002784153212122494	-0.019965378602066975	0.012389188276643195	-0.00026440860764086443	-0.0048494599591353965	-0.007824685630610834	0.00020958621172060044
6.640000000000001	-0.0003229438798702247	-0.00010863430920045119	0.00318490456139342	4.299034373492981e-05	-0.00010749971086152769	0.0027872841166844287	-0.0066837403675264456	0.0228550557031814	-0.000262783737550221	-0.008950611641984135	-0.003818628097408456	0.00034027565078264074
6.65	-0.0003076014686402276	0.00012737718942722667	0.003184135550490468	-4.9001110364343655e-05	-0.00011689604623385634	0.0027897032365068533	0.009626785247288844	0.022403908659807483	0.00012755274991974207	-0.008668592490270625	0.001983957718186417	9.22548148869673e-05
6.66	-0.00014578267347155306	0.000303496500588624	0.003186953734754409	-0.0001166635329080841	-7.07975174619683e-05	0.0027898910299304683	0.021418236970931107	0.011291971037325167	0.0003506045204472948	-0.004327120240341643	0.006847517986106501	-5.205481684803647e-05
6.67	8.631723359074021e-05	0.0003342621929322582	0.003189599898703643	-0.0001283354585123037	9.388675060587639e-06	0.002789363520022045	0.02303208917275962	-0.005410370022541277	0.00011623254030605643	0.002098158872853256	0.008532504120596567	-3.810288776494163e-05
6.680000000000001	0.00027712343848471804	0.00020434830013779908	0.003189088608462765	-7.825476508549734e-05	8.582197522586135e-05	0.002789161976525507	0.013520406014449546	-0.01944984683143838	-0.00019433103967900713	0.007505139105840696	0.006091406506375374	-1.4908560823448545e-05
6.69	0.0003350797229423407	-2.2969853400087366e-05	0.0031868725249709308	9.31235115795924e-06	0.0001211014976479898	0.0027886280977740354	-0.002403380382553629	-0.024116077240791164	-0.00014910656090659562	0.009274617100220098	0.0006587127233613747	-0.0001313857167087435
6.7	0.0002330809572835522	-0.00023933948894047636	0.003186340584208047	9.215646594422842e-05	9.847148002722313e-05	0.002786507904946448	-0.017183499577445874	-0.017351627023703943	3.043764869295165e-05	0.006596091038788313	-0.005006254371017342	-0.00026310806444980055
6.71	1.8912977682165042e-05	-0.0003410526527099017	0.0031865151111261304	0.0001308348572640339	2.873979284585134e-05	0.0027845894188055133	-0.023830686424178654	-0.002126416479085801	-6.184205176737592e-06	0.0007752539945089658	-0.008383665125528206	-6.631990155962113e-05
6.720000000000001	-0.00020439965695935908	-0.0002783061389559591	0.0031856225582465162	0.00010647065157716644	-5.542362961202909e-05	0.0027854080243589216	-0.018948481628258455	0.014091392793701005	-0.00016823025213953	-0.005442367680325941	-0.007717112928416003	0.00021336713033619936
6.73	-0.00032934413673167315	-8.202110344739745e-05	0.003184371318793074	3.111820864349218e-05	-0.00011314942128962635	0.0027881599434913403	-0.005016769666757298	0.02347981848303183	-4.345324736984556e-05	-0.008991199777118201	-0.0033355000441772143	0.0002575687816096084
6.74	-0.00029720721347712483	0.00015341578734023205	0.003185600027868196	-5.8425704456016263e-05	-0.00011668153010913121	0.0027898258657224357	0.011201261789348443	0.021663982748650074	0.0002825603369677961	-0.008172039550176145	0.0026517932931300965	4.5739030746246854e-05
6.75	-0.00012278730243412404	0.0003159495660394616	0.0031886091120080454	-0.0001195135910158719	-6.443997601392864e-05	0.0027893816316225907	0.02222828987305131	0.009443195864555148	0.0002299871263609777	-0.003547108446902098	0.007370438828689921	-0.00010310863999571532
6.760000000000001	0.00011069873826370264	0.0003267325073874157	0.0031894593310221164	-0.00012332721505513977	1.9312644652379493e-05	0.0027887582265137935	0.022492299519205384	-0.007372445916456041	-9.137453590754615e-05	0.002791238249991229	0.008669101316670319	-6.313622089589514e-06
6.7700000000000005	0.0002903992472405487	0.00018065432501227535	0.003187539509726079	-6.806405282826218e-05	9.460898302974203e-05	0.002788802444085032	0.011952172102726377	-0.020601015200835075	-0.0002303766809366778	0.007797644667400043	0.005729727773159104	-3.18110305315355e-05
6.78	0.0003307819907608559	-5.166280772581064e-05	0.003185958366967974	1.966466921822145e-05	0.00012447638008329838	0.0027877336473197322	-0.004199571349372722	-0.023959372846286613	-7.334530156511657e-05	0.009009319688436948	-2.120643813972746e-05	-0.00019034175685723022
6.79	0.000212800045409668	-0.0002597887221489787	0.0031862804855710917	9.753987978678779e-05	9.447501986425243e-05	0.0027852800817970884	-0.018430341411623936	-0.015902007542458983	0.00010234503063579247	0.005909931406722669	-0.005724362707755771	-0.00023959240699402594
6.800000000000001	-8.023856355328669e-06	-0.00034344748333928817	0.0031872328501422625	0.00012861783734400967	1.880046271949425e-05	0.002784164914916031	-0.023834244626370626	-0.00011988223710690395	2.663317278771413e-05	7.027248561348902e-05	-0.008775761141388698	3.766478311981879e-05
6.8100000000000005	-0.0002246133893091013	-0.00026171021352690467	0.0031867266959657854	9.823940369419386e-05	-6.670471782977558e-05	0.002786098495137025	-0.017680439922643443	0.01575765518446678	-9.214098895663565e-05	-0.005903762166192386	-0.00758396314509643	0.0003329221531134076
6.82	-0.0003332261841293818	-5.4190643867633866e-05	0.0031860739227241182	2.0725271874291992e-05	-0.00012020278875618436	0.002789246394744383	-0.003186739005015083	0.023998796642376072	1.7010057323704833e-05	-0.008937530103018869	-0.0026831607147665792	0.00024374306540584148
6.83	-0.00028325394150122233	0.00017960573782456392	0.0031873486154732626	-6.592727301920462e-05	-0.00011613966617346805	0.002790448540113487	0.01280510534149672	0.02081645164801531	0.0002122840150485129	-0.0076779056822259455	0.0034445343412386853	4.811594361421356e-06
6.840000000000001	-9.741482968401791e-05	0.00032813982757265106	0.003189043570796629	-0.00012079599277839153	-5.6890007100414683e-05	0.0027898322314995555	0.022805623891736	0.007605900358130111	8.789433118020649e-05	-0.0028327233552811132	0.007948614978145018	-8.458942361906836e-05
6.8500000000000005	0.0001355151316632221	0.00031896207246829737	0.0031881127738166387	-0.00011788673562684839	3.0188720970713953e-05	0.002789233638077045	0.02178770651761199	-0.009344913471802017	-0.00023846818380261807	0.0033914618417339895	0.008696489673846595	-3.231882166470322e-05
6.86	0.00030285749204968595	0.0001569458144576994	0.0031854285096180076	-5.86841681014812e-05	0.00010283565820345344	0.002788826610612862	0.010320447314413854	-0.021684120306900704	-0.0002313782101944116	0.007959232873088229	0.005201825538465829	-5.9144688386050624e-05
6.87	0.0003256531969854748	-7.973108370348076e-05	0.00318443735733958	2.8170539000462108e-05	0.0001259893858872482	0.0027877283117971117	-0.005968726054626371	-0.02368885758589053	3.600674117823071e-05	0.008671995906691116	-0.0007481465903178871	-0.00017109429681458208
6.88	0.00019272872784610893	-0.0002785698218953542	0.0031857575463145366	0.00010089702703904533	8.8900530993255e-05	0.002785925262805763	-0.01953867323172622	-0.014392273009061816	0.00017452659369814616	0.005272065222065667	-0.006365176193440798	-0.00015108286308225784
6.890000000000001	-3.3079603416742726e-05	-0.00034374889114621927	0.003186979377228765	0.0001251637007492355	9.109371835852617e-06	0.0027854856928022143	-0.02368343575622162	0.0019333552039125727	4.0034170164303875e-05	-0.00059974354606129	-0.008926516963116679	0.00010809988216779236
6.9	-0.00024227172995173503	-0.0002435601578635531	0.0031868991028378506	8.959209768987959e-05	-7.520111698178777e-05	0.0027877284291334637	-0.016405557434690618	0.017253755412376726	-1.8621625116257132e-05	-0.006176915854630573	-0.007230054107812764	0.00027324499724864034
6.91	-0.0003351766159008874	-2.6705127183083017e-05	0.003187323617011298	1.1563148684831153e-05	-0.0001232862637287864	0.002789814895933327	-0.0014098312594300075	0.02432808171898415	9.866541337839607e-05	-0.008759717193551743	-0.001986663407251561	0.00011463576827739173
6.92	-0.0002680464472185438	0.00020344877287981763	0.003188878767015479	-7.159061019519079e-05	-0.00011195800740528488	0.0027895981754121183	0.014281948257458755	0.019797344535453253	0.00015245760686627565	-0.0071850802485194844	0.004153037366457308	-0.000129459974531565
6.930000000000001	-7.251648641358326e-05	0.00033637822173217507	0.003189300379207698	-0.00012059404404154057	-4.669785647505336e-05	0.0027882244221329867	0.023179286836571653	0.005642545572481799	-0.0001113064811084782	-0.0022074254376588825	0.008376502921709772	-0.00011607643764168261
6.94	0.0001575281434485472	0.00030710330772348106	0.0031870993079105505	-0.0001121494445807116	4.1688108718624176e-05	0.0027877098495225593	0.020898513605611117	-0.011240218001036853	-0.000299956215409103	0.0038722647200033684	0.008574719238517225	-2.371749997477235e-05
6.95	0.00031172188007261124	0.00013040999660014562	0.0031844073514116986	-4.998856407188087e-05	0.0001103526968908629	0.002787432545119556	0.008682600367555166	-0.022613357880326618	-0.00016539029448532842	0.0080387121600865	0.004584590341477441	-6.231497668664375e-05
6.96	0.0003172052397364481	-0.00010872628440418685	0.003184328526608475	3.5872142656766545e-05	0.00012614570924579356	0.0027862619307291296	-0.007645297146605339	-0.02321115373609106	0.0001357208614177283	0.008416768027096564	-0.0015632405452630216	-0.00014499932010829074
6.970000000000001	0.0001706873482995196	-0.0002961345401354805	0.003186436275145204	0.00010464432904433756	8.153421568805383e-05	0.0027852249985042964	-0.02043283141680657	-0.012632362200612014	0.00022741959141812243	0.004777466062064094	-0.007020641579607893	-1.194977834546723e-05
6.98	-5.817664555394459e-05	-0.0003408115513034098	0.003187705947884661	0.00012317245808156414	-2.864768495914699e-06	0.002786421507044746	-0.02339379062748706	0.004079705584094342	1.9569437630543324e-05	-0.0012266853777063375	-0.009171880132802604	0.0002620489749498644
6.99	-0.00025878103809178475	-0.00022181876371145205	0.003187289946258025	8.234069767586531e-05	-8.660739653043131e-05	0.0027896111625064874	-0.015047242962857107	0.0186862250412641	-6.610058154644439e-05	-0.006578025057130113	-0.00683283657923978	0.0003182156472987596
7.0	-0.00033535389863400877	2.928754864545682e-06	0.003187381673910747	2.5524562119958374e-06	-0.00012868698330509626	0.002791664828961568	0.00034691731890391675	0.024359830296045153	9.735367267219541e-05	-0.008728722208134218	-0.0012258607477546493	4.13095450681519e-05
7.010000000000001	-0.0002524098647287563	0.00022634322877380412	0.0031884372063807533	-7.792703283607852e-05	-0.00010906646307894642	0.002790381655036528	0.01560228954372189	0.018430792681837994	7.430509296660218e-05	-0.006721318359417564	0.004973644217685956	-0.00021126652412965176
7.0200000000000005	-4.862511682096327e-05	0.00034100540231849836	0.003187918646434182	-0.00012099226961655176	-3.7127500070597655e-05	0.002788056869036095	0.02344033557312605	0.0035140250620942274	-0.00018533048949538088	-0.0015407243863192724	0.008818619312909263	-0.00021055366501866106
7.03	0.00017819703346847487	0.00029137658141636783	0.0031857399835272973	-0.0001063302637635281	5.2742060042379635e-05	0.0027864445076074646	0.020015741915253227	-0.0129857112583889	-0.0002045439008947248	0.00434834779317523	0.008394061931812526	-0.00011434722645354792
7.04	0.00031953959319195387	0.0001026438197834558	0.0031847317550192846	-4.1316712240175626e-05	0.00011713003409682035	0.00278557330791549	0.007066328978660741	-0.023163386493879425	3.322973714943423e-05	0.00812017923962996	0.003932073819698178	-8.049745930450545e-05
7.050000000000001	0.000308109936351837	-0.0001351206250867927	0.0031862792908565504	4.3229255081180213e-05	0.0001252383908968608	0.0027849964522845233	-0.009281009336034044	-0.02238098807314922	0.0002243368838081457	0.00809035296943759	-0.002395963022631412	-7.838010011158591e-06
7.0600000000000005	0.00014855750664540408	-0.00030814233749220445	0.003188305131495925	0.0001074462114674766	7.304306371005484e-05	0.002785691428599941	-0.021308694023665198	-0.010746509324227398	0.00011028429163666968	0.0042173704832809775	-0.007620137000094603	0.00017044276054782904
7.07	-8.260243502966827e-05	-0.0003324941072220752	0.0031882497961328465	0.00012029382786901115	-1.4926586480358563e-05	0.0027884231294938925	-0.02298058906024008	0.006047623181602507	-9.398959779994496e-05	-0.001764582473877827	-0.009203252520709703	0.00033375426518367305
7.08	-0.0002741719328622538	-0.00019778613431069045	0.003186902900203705	7.537808409328466e-05	-9.612930571297611e-05	0.0027909845201678552	-0.013718236077406824	0.01976314976688551	-0.00011367656927848926	-0.006823190705675171	-0.006319888177658416	0.00011899234800483512
7.090000000000001	-0.0003346611445329728	3.0893337655053905e-05	0.0031865107991898745	-4.942459284251868e-06	-0.00013119803084137035	0.002790750322275615	0.0021226794417871027	0.024113909691049	4.282501398980254e-05	-0.008580960613494835	-0.000378654123153746	-0.0001522915933656215
7.1000000000000005	-0.0002350809248936845	0.0002452756181575433	0.003187024623007799	-8.259147940379908e-05	-0.00010351895547670018	0.0027886551522904425	0.016973563226275114	0.016939529942598813	2.3779315867563493e-05	-0.006293320919708336	0.0056901507608907624	-0.00022342095099006035
7.11	-2.267663860871168e-05	0.0003419008646711945	0.003186790855325409	-0.00012068394524543265	-2.619615204118177e-05	0.002786957912084778	0.023711547506634307	0.0015720805589114362	-6.651632201094255e-05	-0.0009914337743670537	0.009116240169155883	-9.41267726243286e-05
7.12	0.00020049615642290112	0.0002743856098948447	0.0031860090536887844	-0.00010087354125457895	6.403804357471983e-05	0.0027865553718143866	0.019031182210968407	-0.01447890224519887	-3.911270953661144e-05	0.004773159162317895	0.008148460850913487	7.944896945560087e-06
7.130000000000001	0.000327589920962315	7.57017052861929e-05	0.003186239845137885	-3.2810714053333666e-05	0.00012338433026118758	0.002786673825777002	0.005334811926170269	-0.023592793063623635	0.0001067890240729111	0.008268554824097392	0.0032223244720660893	1.1959738336279889e-06
7.140000000000001	0.00029823245278226074	-0.00015950290891288165	0.0031876738445065457	5.124164515019482e-05	0.00012340718651490315	0.002786515169668622	-0.010991607328615947	-0.021473530995220057	0.00016187645939610824	0.00782524307311561	-0.003229080369259599	-2.7171666989304575e-05
7.15	0.00012547652644789102	-0.00031850993089381307	0.003188401591479497	0.00011084692663535038	6.416725432152597e-05	0.0027869741955475354	-0.02209376098290471	-0.008963020689297526	-4.679886528754603e-05	0.0035894379170653603	-0.00813815196370374	0.0001320891996489188
7.16	-0.00010742718357602469	-0.00032411340366398283	0.003186997493356613	0.0001172262135170755	-2.6087152045152618e-05	0.0027885314793247443	-0.02251255469571848	0.007859580583912779	-0.00020881259977930668	-0.002357579665143292	-0.009133297287539323	0.00016785818035603388
7.17	-0.0002885628545147859	-0.00017445363977612631	0.003185317042135551	6.760935508227119e-05	-0.000103611281645728	0.0027896414939666296	-0.012188922853916562	0.02079261878138034	-8.577965986128713e-05	-0.007143449331523705	-0.005712605795832579	2.8808867205673045e-05
7.180000000000001	-0.0003319318645826024	5.847205439337855e-05	0.0031858984229611352	-1.364203879241816e-05	-0.0001310124691692074	0.002788874549753336	0.003936513292893605	0.023846950169074864	0.0001614804276656679	-0.008447452911235448	0.00045263994851515185	-0.00013903624634002657
7.19	-0.000216037358300544	0.0002636972373801802	0.003187595044147222	-8.793286757538451e-05	-9.530370780455926e-05	0.0027874999786641503	0.018271587808644248	0.01545015316778225	0.0001434485655818993	-0.005793374591033857	0.006389323419443497	-0.00010342249641890998
7.2	3.589025433443652e-06	0.00034220744497573294	0.0031881304158659957	-0.00012030560274752113	-1.3777338175907071e-05	0.00278731472649974	0.02379172005346868	-0.0004310679142272239	-3.3209070831406726e-05	-0.0004110348037362885	0.009239033886573107	3.320115389093986e-05
7.21	0.00022111874452092773	0.0002564460960476933	0.0031874097050349297	-9.534442492117273e-05	7.437021900084501e-05	0.00278795963771337	0.017907026502560576	-0.01598353043506067	-7.967769747083033e-05	0.005193469287957063	0.007638302788124685	6.782224903686001e-05
7.220000000000001	0.00033272023245805877	4.797343106934408e-05	0.003187266489433762	-2.4921319072301323e-05	0.0001264706211926974	0.0027881931569147494	0.0034896426708677926	-0.023974393315016166	1.4268083105170176e-05	0.008299376452811393	0.002357259487286491	-1.737999488007764e-05
7.23	0.00028506538010036544	-0.00018401099183320253	0.0031874573618014177	5.7431487955763766e-05	0.0001177723401881132	0.002787711291767242	-0.012620164573933295	-0.020467463965708907	2.0791983549549698e-05	0.007460714492703114	-0.004049380929084483	-5.797884679688074e-05
7.24	0.0001006755230271251	-0.00032775704782638275	0.003187206700067982	0.00011253562599781777	5.1891529369816084e-05	0.0027876073102255437	-0.022678197142077562	-0.0070455417708417825	-9.450153646980133e-05	0.0030789723217175256	-0.008544775324981492	5.856440028243337e-05
7.25	-0.0001315767324485851	-0.00031383231507415974	0.0031860429538308095	0.00011395219985667965	-3.882034163378216e-05	0.0027881412761927285	-0.02184577917739545	0.009673380474621242	-0.00011175265012612489	-0.0028304749729458696	-0.0088602724265056	3.912616437110913e-05
7.260000000000001	-0.00030080198379779416	-0.00015020772059986086	0.0031858000125844876	6.0799946445363106e-05	-0.0001108006000384662	0.0027880032820640607	-0.010600113526293814	0.021681173789472305	6.0103460445656995e-05	-0.007349481373902409	-0.004918345492133052	-6.89989731569851e-05
7.2700000000000005	-0.00032619486951804657	8.507977217884658e-05	0.00318705614574739	-2.1311302996034434e-05	-0.00012942471453814434	0.0027871824133775293	0.005736809596943208	0.02340965685638383	0.00016529862276716057	-0.008392913938647054	0.0013254653394359842	-6.806252637832446e-05
7.28	-0.00019520409408796638	0.00027978194572606636	0.003188135084152686	-9.339548702349256e-05	-8.602967528930843e-05	0.00278683908373197	0.01936047931613882	0.013884864157634492	2.8784309657131064e-05	-0.005414244530407082	0.0069890171790631	2.1166403125230978e-05
7.29	2.937133643667804e-05	0.0003400427121581942	0.003187746246693011	-0.00012076872649184148	-1.0731446079058053e-06	0.0027874555374278864	0.02367274133298799	-0.0023197833272798835	-8.951563096885828e-05	0.00015288981726033912	0.009286738694965466	9.607465156872561e-05
7.300000000000001	0.00023994928210179856	0.0002373592159823459	0.0031870007586446694	-9.061351046139401e-05	8.435704412605479e-05	0.0027881473609034776	0.016669891069541042	-0.017334705691339835	-3.5268029950995346e-05	0.005639171318604732	0.007070473640503863	1.4535096644916325e-05
7.3100000000000005	0.0003361185232717162	2.1189850008093703e-05	0.003187087721026818	-1.716696639501586e-05	0.0001287882861283596	0.0027876738881444855	0.0017308525475099004	-0.02410294677664431	6.300533874777471e-05	0.008444849167630157	0.0014480400368980966	-6.617390419656236e-05
7.32	0.00027127619339814796	-0.0002052982532829174	0.003187451368846398	6.470709800084956e-05	0.00011112274630226598	0.0027870771434217773	-0.014152591167015666	-0.019285546111280253	-6.659998143251038e-06	0.007228389266696071	-0.004810526162478226	-2.2948977993359675e-05
7.33	7.623534386654115e-05	-0.00033310425198954254	0.0031869488345050868	0.00011553803743294236	3.9994751958293196e-05	0.0027874554589703065	-0.023189996585324217	-0.005184671861653905	-9.306271948874802e-05	0.0024927896774174993	-0.008809505986274394	5.318054601198927e-05
7.340000000000001	-0.0001550909260786068	-0.00030090198849653214	0.003186389953678097	0.00011083935578428985	-5.0421720043175085e-05	0.0027880825809013282	-0.021134478100820905	0.011344461241819278	8.484734494336253e-06	-0.003400141473632424	-0.008514231027180115	6.41111474720145e-05
7.3500000000000005	-0.0003121834110733002	-0.00012484985675671604	0.003187267774477124	5.3346739964675024e-05	-0.00011651848692277391	0.002787901246766133	-0.008981220120187894	0.02239601644953341	0.00011637051871454134	-0.007648847634760675	-0.004158219262014607	-8.110655584009028e-05
7.36	-0.0003200387504405295	0.00011059766531319101	0.003188332240583658	-2.9673691280018398e-05	-0.00012718773122057675	0.0027869295325374985	0.007503401232853837	0.022715194996418824	6.346009912903952e-05	-0.008260950320422109	0.0021369830786116626	-8.962501256318401e-05
7.37	-0.0001741588599983897	0.0002928552341289548	0.0031881536275989073	-9.867743869376171e-05	-7.711293733225548e-05	0.0027867418597377503	0.02043602524440258	0.01218446748536317	-0.00010679350469193591	-0.004950444500127728	0.007450153198391534	4.7433864558827095e-05
7.380000000000001	5.526192645464668e-05	0.00033428986399780303	0.0031867765749583237	-0.00012078449604249145	9.710201773577056e-06	0.0027873829493463777	0.023526325992824358	-0.004205193256802996	-0.00013744391842198528	0.0007413988697074253	0.009182931634553403	7.516095005179118e-05
7.390000000000001	0.0002581875696401902	0.00021574471754111761	0.0031863458198609167	-8.516625929456559e-05	9.184761783812931e-05	0.0027880537069956165	0.015355997766313476	-0.01848714114860265	3.5846723167320727e-05	0.006079431712287337	0.006540097458618608	4.9973570488103234e-05
7.4	0.000337449358811809	-5.667939743586243e-06	0.003187198986426007	-9.2197509807014e-06	0.00013005711678045162	0.002788211517772465	-0.00017177904230665123	-0.023973140805603865	0.00011151833194408279	0.008489175062780442	0.0007982876488761649	1.04263910640164e-06
7.41	0.0002549352477738419	-0.00022449346169289537	0.0031879913467001315	7.097530210525272e-05	0.00010636664853556155	0.002788054806113409	-0.01563714163588671	-0.01795775569164334	1.4945909157254131e-05	0.006880513717366836	-0.005352160400187509	-3.27390650878502e-06
7.42	5.021406583559588e-05	-0.00033534954051940466	0.0031873250759136083	0.00011717613269550796	3.159804589676569e-05	0.002788132913766204	-0.023568808271200753	-0.003308950039318538	-0.00012072932463212812	0.0019643382486167252	-0.008960229007573579	1.515547784269908e-05
7.430000000000001	-0.00017807533201678197	-0.0002856089533279986	0.003186435220295119	0.00010737027347752209	-5.8103605401149434e-05	0.0027879923939912905	-0.020185486303157474	0.012839594560984234	-2.5538522444041376e-05	-0.003850629657149635	-0.00823966622911548	-6.916162784465689e-05
7.44	-0.00032101309351725225	-9.928376617635171e-05	0.0031868541084064876	4.6451625970919725e-05	-0.00011984223537311155	0.0027870611868133035	-0.007185888655146351	0.022882385347833514	6.356685689259912e-05	-0.007842349140461571	-0.003589448068783766	-0.00011078761775051069
7.45	-0.0003102123291931117	0.00013474080742494337	0.0031875472651545843	-3.656222868935191e-05	-0.00012378411631389666	0.0027862199731456907	0.009284765933642032	0.021946824789637085	2.2997838714469197e-05	-0.00806744199546703	0.002826406954601742	-1.542334854128114e-05
7.46	-0.00015065285499860903	0.00030408392943146253	0.0031869564389687315	-0.00010218943804617036	-6.796210340955692e-05	0.00278652114679265	0.021279433689618488	0.010503173161265929	-0.00010737982315205295	-0.004488194248632656	0.007855952183678268	6.766921559496832e-05
7.470000000000001	8.093361212267452e-05	0.0003276509868084135	0.0031860869640506335	-0.00011902216171849499	2.070255605891154e-05	0.0027873728666080915	0.02307889294530273	-0.005966618608564555	-5.132288754338463e-05	0.0012780043144928646	0.009097303054484926	7.421305162612995e-05
7.48	0.0002736964821928588	0.00019450706747682901	0.003186553159744156	-7.887121474504747e-05	9.88384909224577e-05	0.0027877553854338075	0.013885429415862268	-0.019542274875495626	0.00012664824309202593	0.006409330382901797	0.00589150989274505	-2.6095578464006408e-05
7.49	0.0003359677391659058	-3.155535553267189e-05	0.0031879845342713273	-9.930032109974229e-07	0.00012923105098575094	0.0027869892855471056	-0.0020024749507407385	-0.02378998197005247	0.00014844970777201717	0.008507751670801646	-6.297131281305242e-05	-7.646878965978804e-05
7.5	0.00023672859184725479	-0.00024244282775663642	0.0031885902304459924	7.759095562794689e-05	9.751026571317876e-05	0.0027864492251452712	-0.017004833777571293	-0.016608667387084275	-4.7167128045788305e-05	0.00653852456888148	-0.0060317865702492575	-2.4127257010060533e-05
7.510000000000001	2.407800555559685e-05	-0.0003367892804353741	0.0031875350405125495	0.00011927289637881078	1.853131550545481e-05	0.002786825008160331	-0.023738654415532474	-0.0014780164506927155	-0.00010222386367224718	0.0014374082506787358	-0.009099520237102697	6.379188694509324e-05
7.5200000000000005	-0.00020000707867603816	-0.0002698803379047098	0.00318674260440139	0.0001036429163035236	-6.936117423869199e-05	0.0027874672094312823	-0.019188524958265396	0.014290824853027318	-2.3578366600705844e-05	-0.004417006880391683	-0.007748647806298021	4.603346329055337e-05
7.53	-0.0003285738477342084	-7.408736983965304e-05	0.0031871194982837888	3.836204005601998e-05	-0.00012369300396732928	0.002787627597158449	-0.0054468537406775555	0.023248571907573602	6.763313870738655e-05	-0.008089418303560412	-0.0026684793162532984	5.549644905101257e-06
7.54	-0.0002999215119193185	0.00015723859566722694	0.003187518316665967	-4.5006570940109964e-05	-0.00011845875254856946	0.002787597962610792	0.010913111121155197	0.021053557742512486	-1.1188830635829208e-05	-0.007916727529964787	0.0036680411611615007	2.1932360847815363e-05
7.550000000000001	-0.00012754812376840842	0.0003131778216593092	0.0031871865136743564	-0.00010719609871848031	-5.649377091199799e-05	0.0027878429713901107	0.022103855732738948	0.008822947725045827	-4.643608768500239e-05	-0.003982531949816535	0.008204285274464075	1.1072355637875587e-05
7.5600000000000005	0.00010576022800709445	0.0003193853836761966	0.00318714201829371	-0.00011800057213254224	3.219510496965156e-05	0.0027876924359168183	0.022611869800494094	-0.007636112692153381	4.769566954064401e-05	0.001883771950057513	0.008780172698063174	-5.565738670018866e-05
7.57	0.00028822026926088323	0.0001728581694091008	0.003188021115542427	-7.232302763056237e-05	0.00010509849804086769	0.002786792707965246	0.012356839829704196	-0.020437932968505188	0.0001105450435326894	0.006867168096039878	0.0052132464905387055	-0.00012184198315198265
7.58	0.0003328198619454196	-5.6452474693694435e-05	0.003188800636953622	8.25740278009513e-06	0.00012778024718337118	0.00278582431062093	-0.003851702679141015	-0.023496209398379327	2.819250525356102e-05	0.00857203792932233	-0.0008466047996762196	-5.6431393122074284e-05
7.590000000000001	0.00021751929347141305	-0.00025864825842227684	0.003188167208618154	8.526903206629579e-05	8.900714363115266e-05	0.002785965757894868	-0.01823975872446639	-0.015230726164543424	-0.00014080524733251133	0.00615918648568199	-0.006588347559475908	6.561820821960183e-05
7.6000000000000005	-2.3098517294650078e-06	-0.0003365071405753839	0.0031866533549545573	0.00012137184811090164	7.184537426739736e-06	0.00278689189659378	-0.023876898081223813	0.0002835839617807393	-0.00010567779167043171	0.0007527516323733405	-0.009078440579292425	0.00011593013386030988
7.61	-0.00022132836793835282	-0.000253626359647672	0.003186340449638662	9.909146680089718e-05	-7.777566050239051e-05	0.0027876432217532297	-0.018098639406941158	0.015606483956880223	3.45596841955544e-05	-0.005024620620049813	-0.007187524483470488	2.144224415244511e-05
7.62	-0.00033473323738407847	-4.949153722272281e-05	0.0031873798418612267	2.9305758156945862e-05	-0.00012515942017118434	0.0027875962934163904	-0.0036067187026134137	0.023516609698283366	0.00013689308479641695	-0.008347563111397116	-0.0019133397141340967	-2.2124901163732687e-05
7.630000000000001	-0.0002878062063908653	0.00017861270432493966	0.0031885090519396474	-5.456550427888025e-05	-0.00011259932961040108	0.002787604245032985	0.01261113608914996	0.020162112575370556	9.595271667574153e-05	-0.007707021904728976	0.0043207141872103946	3.5047698816863447e-06
7.640000000000001	-0.00010323479521041491	0.00032074111877032917	0.00318895199351215	-0.00011235777162888817	-4.574749638602493e-05	0.0027876302192515233	0.0227622822146251	0.0070709525412697965	5.9921442999255475e-06	-0.0033744938784074636	0.008448396301910618	-4.503938935594516e-06
7.65	0.00013047925441366927	0.000309137925212733	0.0031887213129480935	-0.00011620378851009405	4.257079066045021e-05	0.002787431730485527	0.02204606645624447	-0.009313669808206955	-3.7740973187179715e-05	0.0026106136918166373	0.008473048347723824	-6.456462113832448e-05
7.66	0.000302078957078832	0.00014944118476098404	0.0031883107964440953	-6.430163496408011e-05	0.00011023001008417866	0.0027865712901762227	0.010811365036083775	-0.021327144233476304	-4.7660056814982977e-05	0.007342699265387657	0.004482831135597227	-0.00010806882611549448
7.67	0.00032900662636762336	-8.241741803668134e-05	0.0031877014924172995	1.8774482175098107e-05	0.00012495987156363824	0.0027857518309599423	-0.005627484410228433	-0.023107823502849338	-0.00012606566976520257	0.008574995146060834	-0.0016659629159573282	-4.282090960457926e-05
7.680000000000001	0.00019832391346442192	-0.00027499386830750236	0.00318621680189951	9.323847687123754e-05	7.952862657272162e-05	0.0027857953338589563	-0.01940040119691419	-0.013794673109319859	-0.00012308449544467406	0.005681462588586896	-0.0070213399283124	5.384145244299213e-05
7.69	-2.723547420442588e-05	-0.00033574025352146696	0.003185894615689592	0.00012306071794602303	-3.9888657555706635e-06	0.002786470960890501	-0.023828181742073785	0.002155324165476452	6.552356292926989e-05	4.360858004866406e-05	-0.008981300378441427	4.2836313283425055e-05
7.7	-0.00023976816306412705	-0.000235582604830461	0.003187395453982006	9.381752899811333e-05	-8.545909692695012e-05	0.0027868151814555665	-0.01688544417443715	0.01702071489954161	0.00021475074750208856	-0.005655624893076753	-0.006622345828465346	-1.592653103932301e-05
7.71	-0.00033731447367401073	-2.270497142349269e-05	0.0031891555656282855	1.9482854332952257e-05	-0.00012582365204341428	0.0027868199654489355	-0.0017938019156983774	0.023770157766328005	0.00010992397973720732	-0.008601077044294908	-0.0011118290680518991	1.7064645428730926e-05
7.720000000000001	-0.0002729079335429709	0.00020110319156145927	0.00318918505028318	-6.452749752077318e-05	-0.0001057674781961623	0.0027870336623009246	0.014151839844411254	0.019108748456687863	-8.562833579782963e-05	-0.007460240685025072	0.004932908833879144	3.7615973007243846e-05
7.73	-7.765995882087262e-05	0.0003284012788154816	0.003188088910660588	-0.00011760423424177972	-3.528381499791838e-05	0.0027873394711884067	0.023265269212024986	0.005303432477840346	-0.00010607896990355256	-0.0027257719610642335	0.008564636039042789	4.045801263666264e-05
7.74	0.00015502098167751374	0.0002984549909742865	0.00318722090041725	-0.00011443896041880554	5.1837538661595924e-05	0.002787738037776061	0.02130818327208447	-0.01100953361252319	-6.976382329191006e-05	0.0033212803349046863	0.008138050091792208	3.512443854488199e-05
7.75	0.0003138347193058776	0.00012578721140894526	0.003187036503393568	-5.648604795189394e-05	0.00011422963766665687	0.002787854405032564	0.009127243134308939	-0.022079467873084423	2.026888944004837e-05	0.007788740336134044	0.0037979468612086543	8.77902793223976e-06
7.760000000000001	0.00032248711118893034	-0.00010747023933647483	0.0031873675581051445	2.884500489457418e-05	0.00012186402497153818	0.0027878444751925214	-0.007456545998897415	-0.022586111182118354	4.254856020317098e-05	0.008547453857341373	-0.0023364479253803836	1.1515907202214468e-05
7.7700000000000005	0.00017682351744832342	-0.00028930107074611643	0.003187446866579525	0.00010034619783839534	7.132583867620575e-05	0.0027877731014015064	-0.020434913962040117	-0.012264982823668818	-1.4216387058228319e-05	0.005179512137892652	-0.007354832502816955	-1.3501862834089907e-05
7.78	-5.321851818702809e-05	-0.0003326821278122961	0.003187520082872141	0.0001237423233746394	-1.3210691267094903e-05	0.0027874497446294497	-0.023636545537032976	0.003919536033834011	2.6806124887730935e-05	-0.0007047410792529829	-0.008861183096719676	-5.687850376100651e-05
7.79	-0.0002576695723557092	-0.00021694729338804755	0.003187859619926944	8.78588960948263e-05	-9.142268772300621e-05	0.002786819026441959	-0.015545190936417283	0.018249962124558584	3.378151172126483e-05	-0.006200300188599961	-0.006133636743584687	-3.88972201966257e-05
7.800000000000001	-0.00033858567033099294	3.0180901768577605e-06	0.0031880021635298144	9.737809840582356e-06	-0.0001257840646617525	0.0027865639161667064	3.551581692775079e-05	0.023887220617892814	-9.316267168872909e-06	-0.008757537482688928	-0.00046262816413011475	2.290350516733674e-05
7.8100000000000005	-0.0002569316675465494	0.00022169626344851746	0.003187764093672927	-7.316251239466048e-05	-9.990510531394708e-05	0.0027871545416132113	0.015601491467977052	0.018020488187931998	-4.132347136126066e-05	-0.007088743225967809	0.005425127298128533	0.00010141058702994717
7.82	-5.2111270428050765e-05	0.000334282187026192	0.0031872289252458004	-0.0001205725194957772	-2.6041767772370376e-05	0.0027878358268276205	0.0236504970195425	0.003559699101896495	-8.066016161241577e-06	-0.002011040119648047	0.00872330297414174	3.96745129779594e-05
7.83	0.00017781530799491883	0.0002871946094814477	0.003187407397045336	-0.00011011354709065097	6.054945205123769e-05	0.002787793732989951	0.020391460995483137	-0.012595560502335403	3.219892355953284e-05	0.004019129245066104	0.007885932320541895	-4.1553949949703684e-05
7.840000000000001	0.0003228502141570818	0.00010284106260476218	0.003187665939562819	-4.674103425804037e-05	0.00011850375367169683	0.00278703659876288	0.0073872002290947016	-0.022750154147645547	2.601643189015414e-05	0.008121550918327296	0.003226297027738258	-9.544961626286677e-05
7.8500000000000005	0.00031326442571091737	-0.00013094896947960587	0.0031876753185012966	3.936384953768044e-05	0.00011982911710396835	0.0027863825408946745	-0.009215320983974483	-0.02202118700357663	-1.0348494250860396e-05	0.008371132271163921	-0.002971263450060489	-2.9803422391867565e-05
7.86	0.00015347473446899535	-0.00030197378358611454	0.003187377583092153	0.00010712350486274635	6.379322343452144e-05	0.0027863630129995117	-0.0213752092576558	-0.01074109832962575	-5.412243230942063e-05	0.004601123898251619	-0.007745996092571457	2.6156736675973693e-05
7.87	-7.970549650642301e-05	-0.0003285181474422412	0.0031870921092017478	0.00012353812040640232	-2.2514139474565305e-05	0.0027867272720709835	-0.023320871085175606	0.0056649064682001	3.7461602906549745e-06	-0.001469275786171695	-0.008783254681292815	4.791881042432517e-05
7.880000000000001	-0.00027478157330476253	-0.00019790106135224517	0.0031870867753809556	8.042268905164477e-05	-9.791856610921953e-05	0.0027873201190225304	-0.014081932460268438	0.01936372762530627	-2.3356656752259033e-06	-0.006780974451721033	-0.005670065676209862	6.19231226556587e-05
7.890000000000001	-0.0003382545923137556	2.7469736188884472e-05	0.003187275601329455	-1.2123074564019497e-06	-0.00012663551131298742	0.0027877203431158192	0.001906195019449827	0.023823798600296306	1.2182388668173585e-05	-0.008837966428378233	0.00015572949972897176	3.024258209510037e-05
7.9	-0.00023986152802960044	0.00023990991651581922	0.0031871797966542283	-8.208344339328597e-05	-9.464526627508347e-05	0.002787892457329537	0.016959717888435605	0.016854746918858552	-2.1910505552778248e-05	-0.006667829679638202	0.005946241346115902	-2.0138300518187144e-05
7.91	-2.6533258675086232e-05	0.00033760135201704635	0.0031871912690338822	-0.00012353757246234953	-1.7208986862629113e-05	0.0027877004801545925	0.023910489391989774	0.0018416069538962616	2.2225466527031797e-05	-0.0012900801578771854	0.008858776029059401	-3.073813221748258e-05
7.920000000000001	0.0001996382454038161	0.00027379078872191254	0.003187633912004214	-0.00010562989424288413	6.838787985746704e-05	0.0027873004183226104	0.019395766971760493	-0.014089303752787562	6.014536849033774e-05	0.0047184579970846454	0.007523738000270215	-6.337053329471779e-05
7.930000000000001	0.00032999195348327705	7.865780755548954e-05	0.0031881435334081614	-3.693339324514345e-05	0.00012102401608202236	0.0027864988483573138	0.005576736943809731	-0.023284792381299678	2.161832635783478e-05	0.008428289707947553	0.0025539922266562065	-7.718294988150647e-05
7.94	0.00030222451393253387	-0.00015407805042420971	0.0031881705455984385	4.969527339424755e-05	0.00011545712996312602	0.0027860806387099333	-0.010901456428759726	-0.021304935636253047	-1.6614070603207827e-05	0.00815466892880575	-0.0036175961346999828	-2.0657698384947687e-05
7.95	0.0001296052046998553	-0.0003127771309928309	0.0031877186075022343	0.00011285991998493553	5.450411185864973e-05	0.0027859347334780373	-0.022168371346825897	-0.009083640961428864	-5.969905419806158e-05	0.003934449182813154	-0.008074050686403733	8.731124436193347e-06
7.96	-0.00010552065147351345	-0.0003211406881304168	0.003187235535099372	0.00012208254249042	-3.270938574115408e-05	0.002786067083957487	-0.022879592971573368	0.007468073708079681	-2.314661590011114e-06	-0.002169973131482829	-0.008652834034885237	3.331776629782285e-05
7.970000000000001	-0.0002902861328666074	-0.0001753480084585383	0.003187334719034095	7.316749242411994e-05	-0.00010424762525029078	0.0027862469030321686	-0.012515737371886713	0.020467957764866773	2.758625942610636e-06	-0.007231592438602736	-0.005061715268643665	1.5317813079464626e-05
7.98	-0.0003356157957743117	5.475033962233365e-05	0.0031871925352843357	-1.1031609064322206e-05	-0.00012593740771395793	0.0027866907460189993	0.003840734273170264	0.023622818286244344	-3.401698675419008e-05	-0.008894097967111237	0.0008969678375129127	7.06949129595384e-05
7.99	-0.00021976737092587403	0.00025859762653904515	0.0031867475590708857	-8.995992991451725e-05	-8.776517927938798e-05	0.002787284484071902	0.01833017284875923	0.015448633829448777	-5.0082459665607063e-05	-0.006254520742902954	0.006414920955453002	5.671945799622107e-05
8.0	1.3712558506596865e-06	0.00033875049005343595	0.0031865374336478578	-0.00012613358834664875	-7.857284565196429e-06	0.002787938759925549	0.024027713308314297	-8.270985843927516e-05	1.778235975584009e-05	-0.0006529842963430563	0.008902669557303728	4.587989240553158e-05
8.01	0.00022191828910469088	0.0002569411035480598	0.0031870984988867507	-0.00010181444420567274	7.575477847883919e-05	0.0027879978543347617	0.01821785349343325	-0.015604088399809306	8.200050019262549e-05	0.005303403110751353	0.007125614623548579	-4.793395969638046e-05
8.02	0.0003361069069287929	5.1999426419999207e-05	0.0031880658879137164	-2.868401700881788e-05	0.00012273628695288336	0.00278770674536723	0.0036523697142454192	-0.023662659411091917	8.707699099296432e-05	0.008709574949371985	0.0018943877104122923	-2.4231421532226292e-05
8.030000000000001	0.00028890782249138097	-0.0001779274452530802	0.003188659376489693	5.845483333020095e-05	0.00011060445198067165	0.0027876744277860266	-0.012696981977725385	-0.020395201493253728	2.109833592202486e-05	0.007994969789083352	-0.004218923688062474	1.2372696114877204e-05
8.040000000000001	0.00010306182316242175	-0.000322789117153086	0.003188708209215569	0.0001178080420228772	4.536405910287764e-05	0.0027876406396295807	-0.022922582415552555	-0.007380151613479572	-2.0643285611152833e-05	0.0033761414113247464	-0.008255035780321319	-1.4750581743247214e-05
8.05	-0.00013248485222650235	-0.0003129553910999897	0.003188454799187289	0.00012064893756814365	-4.134822803796188e-05	0.002787304964135957	-0.02218945109362776	0.009247515997696343	-5.5562429407884705e-05	-0.002826432967576558	-0.00835865995097041	-1.3703725041236946e-05
8.06	-0.00030440402189202756	-0.0001529803623777268	0.003187509606406258	6.567048956824707e-05	-0.00010840440072924681	0.002787484925323615	-0.0107599881654935	0.02140928292481355	-0.00013400473571578225	-0.007694069846131867	-0.004477549787293563	2.191939800222235e-05
8.07	-0.00033048151862405774	8.018685429205815e-05	0.003186246190228661	-2.0713429931754297e-05	-0.0001238074939847553	0.0027875193275059594	0.005799510654943736	0.023288062023608322	-8.369756016514925e-05	-0.008843055299536419	0.0015513597092092163	-1.0104928785885144e-05
8.08	-0.00019799419798051336	0.0002748453221996216	0.0031857528739926053	-9.720522971951793e-05	-8.006367842836014e-05	0.0027872747758838946	0.01960859165536704	0.014029836191958201	1.5167914204163424e-05	-0.005782308305489966	0.006850058047194216	-3.0571778655276876e-05
8.09	2.994158319550682e-05	0.00033796292579700343	0.003186277832152494	-0.00012693393294579196	1.965125242764904e-06	0.002786963601797067	0.024048050430834828	-0.0019307326843476566	9.47081023643943e-05	5.9179521969284795e-05	0.008867499389931855	-1.9374767923410964e-05
8.1	0.00024368649289518442	0.00023911526160017458	0.0031873588667542287	-9.594970496279566e-05	8.297837836078678e-05	0.002786953140145717	0.0169014520594274	-0.017024417966688486	9.415430471155626e-05	0.0058828430384088495	0.006639911943030826	1.4222807405001426e-05
8.110000000000001	0.0003405080148464065	2.535514233164441e-05	0.0031876145868730767	-1.902996467108575e-05	0.00012413511301611525	0.0027873356453659115	0.0016195798642594603	-0.023950214749716234	-1.3997872318328296e-05	0.008870949966612137	0.0012238808845864528	5.628366070750021e-05
8.120000000000001	0.0002736321460511501	-0.00020068752413655638	0.0031872584157279726	6.707351659819364e-05	0.00010576133536826034	0.002787953770915976	-0.014441635103822289	-0.019369549763542247	-5.6696874643465226e-05	0.007670847736653939	-0.00477033754128628	6.173816551560857e-05
8.13	7.549275410597893e-05	-0.00033054160998736206	0.0031869483534698816	0.00012145561313559273	3.664613022371107e-05	0.0027883872017884248	-0.023554722155067404	-0.005514729250859728	-3.263422978221292e-05	0.0027460640495144705	-0.008449604091755422	2.941251328041295e-05
8.14	-0.0001591451655418012	-0.000302137257270782	0.0031865931095104573	0.00011757289207192855	-4.988933314177111e-05	0.0027884444483971572	-0.02138670050142191	0.010988585400528682	-1.4614081349807034e-05	-0.0034937501917284815	-0.008115074867632882	-2.764709397515848e-06
8.15	-0.0003175110254811333	-0.0001288766143114292	0.0031864755757586272	5.7269972672272556e-05	-0.00011244290183345377	0.002788453270836701	-0.008953346843684694	0.022193449905474397	-8.593957154039525e-06	-0.0080464368711618	-0.0038679308270373677	-2.916768917140448e-06
8.16	-0.0003235591235700299	0.00010602067495196207	0.0031865112399255572	-3.0466335189047873e-05	-0.00012090822268329666	0.0027882631441271026	0.00776860523908154	0.02283503461819817	2.8355532892781086e-05	-0.008764919326161367	0.002232325410768287	-2.6474181872942116e-05
8.17	-0.00017478915768934854	0.00029074014418365747	0.003186764346465328	-0.00010368739225193948	-7.1570523428744e-05	0.0027876191980718665	0.020728288010834674	0.012524052562092342	4.3899482762410716e-05	-0.005294487295362656	0.0072424281280375575	-9.683123696087357e-05
8.18	5.775769031240111e-05	0.0003361118846554978	0.0031873281978141758	-0.00012766976744333795	1.2310407864695459e-05	0.0027866427429714025	0.023809593306637962	-0.0038482321168948857	6.473861501928064e-05	0.0007291793189290767	0.008825518226469604	-0.00010253888197504585
8.190000000000001	0.00026265026338910584	0.00022001355449927348	0.0031877849227861556	-9.021966072325506e-05	9.068212598430755e-05	0.0027861453622025963	0.015430590642136116	-0.01839802157933662	1.3056697070713216e-06	0.006464068631743105	0.006188579315390192	5.276509949388887e-06
8.200000000000001	0.00034132136233728133	-2.0043075291231164e-06	0.0031876035716257595	-9.153973806571564e-06	0.00012597732640410342	0.0027867165940305616	-0.00035490912115929835	-0.024121486431720168	-3.584297093909609e-05	0.009058283524675729	0.0005601432912723407	0.00011840388747009868
8.21	0.00025622171837167427	-0.00022313500272017653	0.0031872186281042166	7.664335771880886e-05	0.00010101640231240359	0.002787866711614356	-0.015968500629797752	-0.01823904900756126	-3.726109815748525e-05	0.007358517646478238	-0.005339544687901892	0.00012674185942824635
8.22	4.805465876417646e-05	-0.00033706063263541283	0.0031870471092085204	0.00012597754970154908	2.7632213911343546e-05	0.002788990514718746	-0.02391734547543224	-0.003604913418919391	1.068186826187779e-05	0.0020992875303284027	-0.00868718709053715	8.204275528581882e-05
8.23	-0.00018319007215198825	-0.00028937438068228323	0.0031870199502869135	0.00011511831283349777	-5.8836702718645125e-05	0.002789530864479568	-0.02038854377867191	0.012739119334431809	-4.019533802370956e-05	-0.004170717095391	-0.00785232538885891	3.3229385261899304e-05
8.24	-0.0003261762696674788	-0.00010285181506922604	0.003186638601495823	4.931607413982618e-05	-0.00011678671709367738	0.0027892926823381756	-0.007016735956058806	0.022984034724096214	-2.330313664765467e-05	-0.008419140748531985	-0.003259236858545295	-5.5109802616221115e-05
8.25	-0.0003124851718118109	0.00013285231636269457	0.0031864346204138355	-3.989245120021779e-05	-0.00011883920053997362	0.002788458259617776	0.009638390685610327	0.022185748802532223	-7.928282687286012e-06	-0.008660634996124076	0.002866609417329156	-9.834649858934803e-05
8.26	-0.0001490952716178408	0.0003047274122713548	0.0031868624778599395	-0.00010987527489750336	-6.394076546464348e-05	0.0027873182577251654	0.021680468578486423	0.010763978878556573	8.235661978789175e-05	-0.004745957325734897	0.007638614474717207	-0.0001407546221796115
8.27	8.573315681562441e-05	0.0003303689511641614	0.0031875887222122894	-0.00012709495181535972	2.1456422633549145e-05	0.0027861142323512846	0.023332043165742784	-0.0058476775821306795	4.690478847369356e-05	0.0014390910723079688	0.008738226718012073	-8.034670837956542e-05
8.280000000000001	0.00027925799989226365	0.0001974477785128906	0.0031875785360072385	-8.346727173948189e-05	9.654357136375809e-05	0.0027861282922133075	0.013734384139538574	-0.01961142656204543	-6.233063805117612e-05	0.006935977729737556	0.005655918938819758	7.941184793235144e-05
8.290000000000001	0.0003385788091168476	-3.014397984881941e-05	0.0031868398486380248	5.919839615220882e-07	0.00012555906391778892	0.002787501508287738	-0.002389005372513196	-0.023985922604773256	-7.80194476938735e-05	0.009139062604123546	-8.964844432849164e-05	0.00016761274266197782
8.3	0.00023579779054947364	-0.0002434837002181029	0.0031864400022152566	8.437344890403704e-05	9.469298676255481e-05	0.0027892026739779223	-0.017336594541413047	-0.01690786122799336	-1.6527606083035494e-05	0.00690560588682503	-0.005803023752305662	0.0001482271270955708
8.31	2.0166754089284238e-05	-0.000340559726796483	0.0031863812195328718	0.00012738732444620763	1.875618338858988e-05	0.0027901683516198565	-0.024003601519723087	-0.0016952609303500555	6.233590513719408e-07	0.0013499439861374665	-0.008738340910904738	3.82024797359364e-05
8.32	-0.00020525879002699973	-0.00027448052070514037	0.003186350140995971	0.00010917185377571472	-6.588918766041976e-05	0.0027902212002678555	-0.01922004987460049	0.014353590582738003	2.6291759893458493e-06	-0.0048476951534830795	-0.007505174086126167	-1.6594101281181678e-05
8.33	-0.00033264984154494817	-7.68035207522748e-05	0.003186772063143252	3.862910404888488e-05	-0.00011896589459877842	0.002789547819863957	-0.0052052415884508854	0.023524386989412664	7.958467978479408e-05	-0.008655841445688848	-0.00263918813407348	-0.00010564490317071151
8.34	-0.00030088878360361805	0.00015771201387393516	0.00318773899855848	-4.987406749822511e-05	-0.00011489783843093803	0.002788080270944261	0.011307973637887105	0.021383277652907217	9.344259432805098e-05	-0.008325929898727824	0.0034418916097120286	-0.00016332377391295978
8.35	-0.00012495375433083732	0.0003161885310841092	0.0031882343856810998	-0.00011419232206762907	-5.5593277927060646e-05	0.0027865640034330664	0.02241606187873589	0.008974117955457215	8.982326742328269e-06	-0.004036213607669859	0.007937727338942557	-0.00015183809261583363
8.360000000000001	0.00011092652736830026	0.00032273490064388096	0.003187743399558106	-0.00012366212545765836	3.0803662552916044e-05	0.0027854683974818943	0.0227593947250432	-0.007723308558921702	-8.413060010061254e-05	0.0022150384329970847	0.008638588152044659	-5.2361155595458713e-05
8.370000000000001	0.0002934672992807424	0.00017410872792537874	0.0031866508005140254	-7.34743879339043e-05	0.00010310506949920775	0.0027858438666088607	0.012203533551866007	-0.02072815465665661	-0.00011410625087524492	0.007383388391633703	0.00520660405868158	9.66977931152118e-05
8.38	0.00033512674006103545	-5.8193073084136714e-05	0.0031858024528523387	1.2107596835071088e-05	0.0001261245023300673	0.002787256199559841	-0.004226140078937701	-0.023774389674762874	-6.233876689700646e-05	0.00901333097783877	-0.0008020790442578441	0.0001520041463167307
8.39	0.00021620949861870985	-0.0002626894485449894	0.0031857437979950142	9.209218800200468e-05	8.852930898547346e-05	0.0027885768091568154	-0.018557007634789492	-0.015425995011879115	4.539902430597044e-05	0.006295673181105484	-0.006367277216510329	0.00011472440401636059
8.4	-6.183575815873025e-06	-0.00034140972360720864	0.0031865268967825504	0.00012787532304392563	8.887167746999764e-06	0.002789355114017316	-0.02406747444939231	0.0003455611931025377	8.841951140150508e-05	0.000560995573223257	-0.008897628074087382	2.9732600223479252e-05
8.41	-0.00022579825025709048	-0.00025648381576774703	0.003187120221874968	0.0001021935095077183	-7.4802815934273e-05	0.0027896676013943016	-0.018014621292769747	0.015920713929216432	4.5369575020547215e-05	-0.005474633962364222	-0.007146243746305495	-4.288318076281812e-06
8.42	-0.0003371908299289676	-4.884810628938802e-05	0.003187464586211222	2.7518929337140734e-05	-0.00012240449122008197	0.0027893312103551317	-0.003336543292219389	0.023875829643875492	1.1913745388595969e-06	-0.008845447604179841	-0.0019727256754071025	-7.295158267174275e-05
8.43	-0.0002871620233037176	0.00018217983269802542	0.0031875406408674216	-6.028125649820471e-05	-0.00011127163113005897	0.00278831768897803	0.012937957871158496	0.020374909460862782	1.8211718794973275e-05	-0.007968602130825373	0.0041297087166158345	-0.00012694802091668035
8.440000000000001	-9.94875943802549e-05	0.00032581339606303067	0.003187369311281644	-0.00011888260073989432	-4.653298624749155e-05	0.0027870415778709343	0.023047955858297792	0.007120523584501129	-4.086748451355657e-05	-0.003296565333820425	0.00825362073927899	-9.928180229787844e-05
8.450000000000001	0.00013612182586542567	0.0003130084814880233	0.0031864892176453334	-0.000120433453189586	4.054988593556162e-05	0.0027863750186444343	0.022080471088697283	-0.009590560167982211	-0.00012550693567882498	0.0030088685515321464	0.008429897152090379	-1.4098695868410718e-05
8.46	0.0003061991595461504	0.00014961794892502257	0.0031855021153125948	-6.381505949758817e-05	0.00010818171437768982	0.002786603196069612	0.010488307471794163	-0.02172415715195169	-6.265196328377786e-05	0.007819050264175988	0.0045355614859986845	7.837592548596444e-05
8.47	0.00032926328069716294	-8.573849918957359e-05	0.003185580264853356	2.336382998811892e-05	0.00012398189223296278	0.0027875231718877532	-0.006089248989892509	-0.02337549137215971	6.096781194187532e-05	0.008882479188853841	-0.0015106756110454195	9.875753060370422e-05
8.48	0.0001945156646675694	-0.00028025101042788547	0.0031864594478270506	9.927145582581636e-05	8.037128583944432e-05	0.002788596240096758	-0.019741280819584404	-0.013881784813826627	8.278027282678263e-05	0.005671618642016358	-0.006870303858086332	8.105409974849297e-05
8.49	-3.374613423777923e-05	-0.0003405912909679784	0.003187429743746481	0.00012750107987121869	-1.834400798707968e-06	0.0027889303210218027	-0.023986061215938943	0.0023185667624762286	0.00010526225788852459	-0.0002759821972318177	-0.008877452840389382	-6.459192906680744e-06
8.5	-0.0002461576049637417	-0.0002375761094266446	0.003188018018370035	9.424724627374742e-05	-8.283232771126997e-05	0.002788650450811541	-0.016705680286712016	0.017405062289717853	2.5729664021093923e-05	-0.006082497958154614	-0.00663766705618367	-4.3971145615461925e-05
8.51	-0.0003406575734161039	-2.0981441907900678e-05	0.0031880972929935075	1.5737626402371253e-05	-0.00012401677771287092	0.0027882203659119835	-0.0014127394332947747	0.02410929938453367	-2.616879489802468e-05	-0.008944805231513591	-0.0012299434597726154	-6.009744045909436e-05
8.52	-0.00027197473899941865	0.00020563982874879515	0.003187650146835516	-7.01216478429866e-05	-0.00010578538119835366	0.0027875593140284692	0.01456820351817389	0.019306907352576085	-5.8283438931396496e-05	-0.007510600432790222	0.004755511962810766	-8.034878620047961e-05
8.530000000000001	-7.279104469872254e-05	0.0003335658809455454	0.0031868533471962487	-0.00012236833580492462	-3.669382194224678e-05	0.002786808554833589	0.023601608303155466	0.005239106457821885	-8.214362694286332e-05	-0.0025046473721451494	0.00847820686876065	-6.353032386995055e-05
8.540000000000001	0.0001616887912816837	0.0003016431526245737	0.0031861332616391	-0.00011600260938466879	4.999460222694556e-05	0.0027863854350641554	0.02133817455800118	-0.011369195337206464	-6.859729134311232e-05	0.003713774579105441	0.008138503061941553	-1.1680624789285243e-05
8.55	0.00031886384985004956	0.000125006415774211	0.0031857467163191877	-5.401602628604832e-05	0.00011295089357481311	0.0027869057537039726	0.00875217255918099	-0.022470375725340185	-1.0707974275128904e-05	0.00815078116485186	0.00393179832766375	9.778703628837885e-05
8.56	0.0003225706923546784	-0.00011148082380510966	0.0031859724828831202	3.3715189844504915e-05	0.00012225840838023057	0.00278796618283685	-0.008025427522713414	-0.022843996077906766	5.8918292285391684e-05	0.00866267435471644	-0.0021623724455375882	9.216647391125708e-05
8.57	0.0001715391385136765	-0.0002946153511736869	0.0031866832397813875	0.00010526311284393001	7.29632937978066e-05	0.002788727286742934	-0.020919672360605945	-0.012244702050929077	0.00011302139168621151	0.005057770640610254	-0.007258249443197555	5.231785286262057e-05
8.58	-6.162932655030796e-05	-0.000336436431962048	0.003187691835235591	0.00012661037165654236	-1.1149226701205257e-05	0.0027888756849981594	-0.023756124367100426	0.0042368029219124114	6.312860691514638e-05	-0.0009570738189972727	-0.008873139877924758	-1.9094324254297336e-05
8.59	-0.0002650063715806585	-0.0002167131823524062	0.003187918630640024	8.749568285263509e-05	-9.032132571688149e-05	0.002788576359014819	-0.015227334650913256	0.018693488250365868	-2.446048259940127e-05	-0.006533842240576639	-0.00627624813873388	-3.181519854265018e-05
8.6	-0.0003414206533148431	6.911619097700812e-06	0.003187014315616511	6.372563142744612e-06	-0.0001265707478211401	0.002787943313971075	0.000594353865820006	0.02416297380809205	-0.00012069270196154198	-0.00900057986575414	-0.000672383095343407	-7.703723310813184e-05
8.610000000000001	-0.0002539690050955527	0.00022709297845374207	0.003185947378743532	-7.77911488999108e-05	-0.00010242140336672376	0.0027874647534408513	0.01616352280032271	0.01801907677006867	-7.713203854573626e-05	-0.007123914036256852	0.005310278490680951	-1.9440014614266957e-05
8.620000000000001	-4.4216334537976434e-05	0.0003381750836259093	0.0031856745987759037	-0.0001245133963396138	-2.926159974046244e-05	0.0027877183584399112	0.024019460757199542	0.0032584060361379994	1.7534898454510854e-05	-0.0018352847716876734	0.008705017859389505	6.136843877827516e-05
8.63	0.00018724713534159923	0.00028726053770885895	0.0031863065346181725	-0.00011144739283581235	5.7711202625033414e-05	0.002788299089682142	0.02030738006171685	-0.013043521502193926	6.740711193402413e-05	0.004340486843173372	0.007941819074263471	9.859557597860479e-05
8.64	0.00032896924496160566	9.865930205294748e-05	0.0031870630126154113	-4.4854836047865054e-05	0.00011677910934330302	0.00278933860599156	0.006860331166505873	-0.023082869180353436	9.602039466692636e-05	0.008416975564864794	0.0033977535114216324	7.315825425139878e-05
8.65	0.0003131339585629814	-0.00013717900763606468	0.0031877177182831735	4.3187681060026604e-05	0.00012002636716866807	0.0027894602971650704	-0.009905345527598823	-0.02209403825685526	4.857341343810204e-05	0.00842690809717401	-0.0027735616308980425	-2.3282317441237852e-05
8.66	0.0001470929432685811	-0.00030728775722335547	0.0031878266261516582	0.00011046259443190599	6.588833672467184e-05	0.0027886490105371317	-0.021902740529958734	-0.010503519329001627	-2.2749474842825628e-05	0.004467668191735389	-0.007608188542457834	-8.53656817458968e-05
8.67	-8.933768666163512e-05	-0.00032985656622201004	0.003187063273135246	0.00012486158971609611	-1.975135125649799e-05	0.0027878243600009006	-0.023392030043282074	0.006162380983323021	-0.00012866486943119136	-0.0017100019950283306	-0.008808273983864348	-5.7013643883254085e-05
8.68	-0.0002827773055114011	-0.00019389760358553155	0.0031857038886524765	7.933743676290404e-05	-9.592539726401616e-05	0.0027874428258977107	-0.013669323206835612	0.019885648042934793	-0.00012327874100877322	-0.007002701761217663	-0.00579050958825131	-2.4316538763538396e-05
8.690000000000001	-0.00034029957403420495	3.5152430406102514e-05	0.003185168941449572	-4.095254587433521e-06	-0.00012596089415641934	0.0027872840872234534	0.002638142184253992	0.02400911633865071	1.0355071957122323e-06	-0.008980476666923408	3.911027699167793e-05	-1.0493351102976148e-05
8.700000000000001	-0.0002344163891900563	0.00024739216448402366	0.0031858088253328702	-8.552591862085216e-05	-9.558534913735622e-05	0.0027875487427208886	0.017656926923651582	0.016656501313104213	0.0001061554483519797	-0.006636012826781776	0.005796806438867688	3.442508288852921e-05
8.71	-1.6061640508122388e-05	0.0003411781912291539	0.0031870027505268928	-0.00012594710596246393	-1.9342175778874087e-05	0.0027882388388166877	0.024193156350910763	0.0012961388072734766	0.0001174377465014356	-0.001101543922866041	0.00879327468950025	9.658658775063848e-05
8.72	0.00020980976644787252	0.0002712696436308177	0.0031876077621532644	-0.00010616494490255767	6.628593858735705e-05	0.002789165843730511	0.019097190527217894	-0.014683335282072387	6.071291746382114e-06	0.00490249491511325	0.007593432313614096	7.232092423565117e-05
8.73	0.00033474569501298516	7.16015135626396e-05	0.0031875955439736496	-3.5695291781341956e-05	0.00012035755184758743	0.0027897639287798597	0.004853530010371731	-0.023575096613933626	-1.8201510089129722e-05	0.008586008665597234	0.0027341206242112296	4.1122135109081065e-05
8.74	0.00029937301625571706	-0.0001623103804218707	0.0031873002159689074	5.159481241722686e-05	0.00011664737675166038	0.0027896228322491956	-0.011643806254526184	-0.02125568950253574	-3.8588428807348276e-05	0.008149269471388035	-0.003427739145628682	-7.761561428298167e-05
8.75	0.0001208667140747119	-0.00031875381945278776	0.003186777569584322	0.00011415579878196449	5.7316741063869474e-05	0.002788382691099099	-0.02256282309242465	-0.008696757849478222	-6.591000267147979e-05	0.003824233869720376	-0.007919817986569825	-0.00013184429527822062
8.76	-0.00011518739824191478	-0.00032216587732251706	0.003186236966176964	0.0001221061484820853	-2.94918735096793e-05	0.0027872097828709765	-0.022671636801275465	0.008049621761081588	-5.898962645867338e-05	-0.0023285226636000867	-0.008679608167503251	-8.043818897015507e-05
8.77	-0.00029590427284873774	-0.00017106916141892907	0.0031855105419767568	7.15438842421299e-05	-0.00010229788177659093	0.002786911504877801	-0.011954578921884437	0.02091948270742348	-7.766215511698308e-05	-0.007362224037248226	-0.005263202455111235	1.721427990376353e-05
8.780000000000001	-0.0003347069820937257	6.210525346153968e-05	0.003185299655517646	-1.3081288923056973e-05	-0.00012619866407104343	0.002787279537068203	0.0045269256656185084	0.023752767157573726	4.217487370639531e-05	-0.008863060594106027	0.0007016846764045768	6.289283846001903e-05
8.790000000000001	-0.00021267670747707903	0.0002652688028996677	0.003186017473749494	-9.125090222070932e-05	-8.957800768098756e-05	0.0027880317206457786	0.01881132850458282	0.015176504669365251	7.496457038316047e-05	-0.006125507646570466	0.006330951601348507	7.999888853855202e-05
8.8	1.1275295897285735e-05	0.0003410305079036041	0.0031867601383365274	-0.00012561918684201313	-9.769939972378036e-06	0.0027887846954656598	0.024074556302105487	-0.0006637280238521624	7.420910968098617e-05	-0.0004564649479758483	0.00894090683438963	7.654893353232657e-05
8.81	0.00022958062854765946	0.00025326722038383	0.0031874614019698055	-9.963023738592923e-05	7.470589571294034e-05	0.002789134101330889	0.017737329618691455	-0.01612181014159503	2.8320244076906405e-05	0.005401940507126928	0.007247578495375121	-1.5060203164372185e-05
8.82	0.0003374610091355909	4.4452064974522826e-05	0.0031873004439490573	-2.6241412798952347e-05	0.00012330312952500984	0.0027887355320059606	0.0029464418026585166	-0.023874400728397017	-4.3235646646027884e-05	0.008661462160958255	0.0020432914689579493	-9.332545404077728e-05
8.83	0.0002836688144711486	-0.00018537419591005904	0.0031868233940893728	5.955779545267301e-05	0.00011245591718857454	0.0027876874519334387	-0.013226034136865013	-0.02017202412140188	-5.4241181848025277e-05	0.007757553618122678	-0.0041054315923085664	-0.0001074716433490872
8.84	9.428082451850299e-05	-0.00032630673714126253	0.0031864190853992	0.0001167270857805341	4.778744202148154e-05	0.0027869171772731925	-0.023065334132999354	-0.006803582172461726	-3.508615904849684e-05	0.003185748188132119	-0.008276130423219646	-4.130069781741544e-05
8.85	-0.0001400489560707697	-0.0003107179130464962	0.003186226750192458	0.00011791721195638997	-3.9701040671529145e-05	0.002786885137482185	-0.021847626663021133	0.009783469305448534	-1.490334126044637e-05	-0.002984916221194038	-0.008478797261004624	4.224222400410632e-05
8.860000000000001	-0.0003070162457788977	-0.0001462134380245872	0.0031861981899801843	6.213132324848528e-05	-0.00010801225335780043	0.0027876994041143768	-0.010143753466404877	0.02170450193772639	3.0180978407373765e-05	-0.007686982587251963	-0.004613404707633891	8.571281868810919e-05
8.870000000000001	-0.0003270496680991692	8.859797469574224e-05	0.003186893994448885	-2.3386129272428926e-05	-0.00012414944827884286	0.0027882961018693077	0.006321450828691222	0.023250838142463474	0.00010203709361743707	-0.00869629264967154	0.0015155496859203322	5.0665268018338355e-05
8.88	-0.0001905158235951629	0.00028109992913848174	0.0031880317565066143	-9.77268105472865e-05	-8.028717803973557e-05	0.0027886024132640274	0.01982594356785632	0.013606317621133205	8.421789467970511e-05	-0.005550528930750739	0.00688336196271473	-5.537934910268771e-07
8.89	3.719650918641309e-05	0.00033865628803336203	0.003188456744771337	-0.00012527253934220352	2.1841266039785353e-06	0.0027886708321496704	0.023799401366304124	-0.0025969992329006337	-1.2020517681342302e-06	0.00026304792879732055	0.008933108145458855	-1.0382548802369473e-05
8.9	0.0002468335139289402	0.0002336463145528016	0.003188035201734792	-9.251067266191359e-05	8.383380258895405e-05	0.002788545065516171	0.01636625577706716	-0.01754420548080977	-7.91608686007312e-05	0.005989570408660162	0.006708268809675182	-3.1051714283117284e-05
8.91	0.0003379800989837425	1.6426641411706654e-05	0.003187115491332108	-1.558197624368915e-05	0.0001254483857642612	0.0027879964358039043	0.0011104634273535322	-0.024070739328063893	-9.36993082855351e-05	0.008750911402723948	0.0012536929850855455	-6.71266394188019e-05
8.92	0.00026707931598304527	-0.00020877142275437484	0.0031866420893029027	6.860339507199657e-05	0.00010695661976272998	0.0027873767056656655	-0.01467275287411902	-0.019066999747256622	-2.1941607989888123e-05	0.007358657473454862	-0.004809710867831499	-4.324760849047427e-05
8.93	6.810846353422854e-05	-0.00033373259840588696	0.003186640566921628	0.00012000355045781854	3.686057304813958e-05	0.0027870632825254707	-0.02345016483876505	-0.00486028828374882	1.564120124204176e-05	0.0024761564069948126	-0.008612598602881773	-8.699769057986772e-06
8.940000000000001	-0.0001637157230051537	-0.00029838044963317986	0.0031868215724582738	0.00011395901944448874	-5.131885118843841e-05	0.002787365224218007	-0.020952650830783365	0.011648161684227972	1.5080278458779289e-05	-0.0036341680121488957	-0.008266478985991692	5.402239443518125e-05
8.950000000000001	-0.00031724423861418624	-0.00011999069276277112	0.0031872937343645153	5.3427535779792164e-05	-0.00011492795625825499	0.0027875414564905443	-0.00844045637212783	0.02253541444817762	7.16631326935909e-05	-0.007960750560416334	-0.0039294097971515765	-2.3248869641800448e-05
8.96	-0.0003189421796649499	0.0001157235510083532	0.0031876914228006646	-3.254260162840025e-05	-0.00012370110859034224	0.0027871525529165617	0.008102070262892261	0.022629556787672835	-8.65940127733465e-06	-0.008499166766000462	0.0022652601481437237	-2.3658401194760186e-05
8.97	-0.00016821384609998658	0.0002961246554916881	0.003187287862188942	-0.00010298893882842063	-7.289085912580781e-05	0.0027871039853769367	0.020771382622646	0.011947499019146626	-5.029840460904652e-05	-0.004992965393968642	0.007452037865368444	2.7618086273945533e-05
8.98	6.300321214636561e-05	0.00033493689185658943	0.0031865550841798838	-0.00012449456930775912	1.3135106285111174e-05	0.0027873500298738947	0.023541955893805012	-0.0044926659977612285	-6.407665903742689e-05	0.0009089780969354942	0.009029627556769133	4.610268069875708e-05
8.99	0.0002642558825173702	0.000213347887863168	0.003186369030269252	-8.628197309666645e-05	9.299097909254081e-05	0.002787637460054519	0.015007487872928982	-0.018826370136308484	2.178096868299603e-05	0.006400909552600542	0.006266380204734361	4.045215111005135e-05
9.0	0.00033883568785995075	-1.064650912676696e-05	0.003186747064848893	-6.884339797351504e-06	0.00012856162945718932	0.002787849668913465	-0.0007129578730020725	-0.02411977048350996	8.670356833626973e-05	0.008811627342202569	0.0005434798899053701	3.371064522881007e-05
9.01	0.00025088028435089915	-0.00022967660876736245	0.0031873658094920244	7.584442908234145e-05	0.00010291902631955856	0.0027880585280095874	-0.01613980521224104	-0.017841196586142315	2.6232682018928494e-05	0.007034534240009837	-0.0054541437045602095	3.470935499297162e-05
9.02	4.250570220138077e-05	-0.0003383450107171127	0.0031871199385226988	0.00012257521766751716	2.7967493197227167e-05	0.0027884817438302606	-0.023786404215647983	-0.0029920393269951794	-5.533058497061885e-05	0.0018951997942423002	-0.008869551938369767	2.179925391702321e-05
9.030000000000001	-0.0001861984584030379	-0.0002847572252145329	0.0031865089265249364	0.00011048921656590164	-6.0283553642064714e-05	0.002788720343415455	-0.020014486506144766	0.013246660853133599	-4.020122011560032e-05	-0.004197158252925442	-0.008035226253703119	9.219034251499136e-06
9.040000000000001	-0.0003255659264264581	-9.50210732618556e-05	0.0031863057967407194	4.561004694524197e-05	-0.0001195137538631736	0.002788488236990735	-0.006671603191020196	0.023111966839522425	2.3613569952382977e-05	-0.008238138846854296	-0.003327462091519703	-6.0383708235786025e-05
9.05	-0.00030882208114980426	0.00014010452032877678	0.003186581489566307	-4.084198886623212e-05	-0.00012152066872971572	0.002787765249015237	0.00986882039783453	0.021956607267022733	4.95178618773831e-05	-0.00833002856215181	0.0029483399639129867	-8.273306857384373e-05
9.06	-0.00014404254096686797	0.0003082495688390944	0.0031867942535124174	-0.00010753069381130498	-6.536153612257777e-05	0.0027869293714650597	0.02168451243601344	0.010256744224884174	-1.877930462501381e-05	-0.004451270387508238	0.007832426003381915	-7.649095004786814e-05
9.07	8.967515139694474e-05	0.0003285446226901523	0.003186580151131603	-0.00012238766053498213	2.257960939683495e-05	0.002786712743265786	0.023094476953839087	-0.0063596546421503565	9.594887339661963e-06	0.0016071807176922994	0.009003033090799653	1.7445208212283752e-05
9.08	0.00028047071158363555	0.00019117168013811671	0.0031867029946034213	-7.82455470992301e-05	9.978290039071134e-05	0.0027870120811586668	0.013478397294095779	-0.01997816980584587	4.0734829963503184e-05	0.006841274891748271	0.005818634683727922	5.8747463257452735e-05
9.09	0.00033723050270227835	-3.820824060591108e-05	0.0031873565281682077	3.402090983760545e-06	0.00012926198422194153	0.002787466940489722	-0.0026353725440455946	-0.023983984763917627	5.3484073246400005e-05	0.00880944566944953	-0.0001596406878567522	5.9182918903852806e-05
9.1	0.00023227356057750994	-0.00024942994700236293	0.003187712300171271	8.365316111337197e-05	9.697809185999816e-05	0.002788209214825462	-0.01748260203164533	-0.016464212955914864	7.957314122411884e-06	0.006551236274265196	-0.0060397321863378045	7.970696006623642e-05
9.110000000000001	1.581743306562565e-05	-0.0003406188553332969	0.0031873336830016935	0.00012372750483144394	1.8192202360995963e-05	0.0027889994468574464	-0.02399838173500783	-0.0010490315244079174	-7.493829354573258e-05	0.0011425237466719162	-0.009054471502129532	5.5085206485714275e-05
9.120000000000001	-0.00020840197420369348	-0.0002687432492009521	0.0031864462597188713	0.0001044276085365364	-6.932486348908133e-05	0.002789099258433152	-0.018978082684621523	0.014815710856536827	-9.371454859204492e-05	-0.004824167571116537	-0.007708926385452463	-7.369685751999362e-05
9.13	-0.00033322886764609817	-6.827360757041079e-05	0.003185898100882078	3.528438832270778e-05	-0.0001235802002664555	0.0027880851727585957	-0.004924500341228401	0.023590843652105953	-1.4305370721230973e-05	-0.008434677397330479	-0.002693785884550008	-0.00011458107083842504
9.14	-0.00029857148263918076	0.00016472703807921202	0.0031859749233815165	-5.066256651896781e-05	-0.00011852982460724244	0.0027872571093751296	0.011573532590761682	0.021054640988717045	3.676744065731083e-05	-0.008028546546684832	0.003646244344471887	-3.812938254718397e-05
9.15	-0.00012060426613964408	0.00031869235301701626	0.0031864031063921347	-0.00011248567486420722	-5.655742933909694e-05	0.0027873393653308205	0.02251829535031184	0.008444345463775609	4.8876274504818024e-05	-0.003811942713638701	0.008212022602041949	4.376550842047631e-05
9.16	0.00011503625747394782	0.000319878856674913	0.003186794887798233	-0.00012047557561428874	3.242163193874568e-05	0.0027877837847610117	0.022620627797712036	-0.008219959526020053	4.870514436253017e-05	0.0022701161039268237	0.008860669294101387	3.771448015517137e-05
9.17	0.00029543204709518006	0.00016772927709750977	0.003187418065649889	-7.081967501831354e-05	0.00010585523592752685	0.0027880289373614503	0.011934192716022862	-0.020951863946795882	6.294042815728686e-05	0.007225895558310374	0.005229268763547438	2.0518813231150175e-05
9.18	0.0003339566164840506	-6.530716669243133e-05	0.0031877624190603778	1.2437202582069626e-05	0.00012840400089386865	0.002787955043100442	-0.004535427078670311	-0.02369491112254761	-1.6806773602222342e-05	0.008742017588154192	-0.000912471145069386	-1.4702267009379272e-05
9.190000000000001	0.0002119786457230636	-0.0002672913855602941	0.003187293318865529	8.984362850590109e-05	8.91802646045077e-05	0.002788365371541687	-0.01880525697693005	-0.01498416358907954	-8.928073867334912e-05	0.006076050301381972	-0.006606648632148811	9.221855825946877e-05
9.200000000000001	-1.163872702533793e-05	-0.00034086239397033405	0.0031861977976635303	0.00012422997355711628	7.202500087344575e-06	0.002789042646978102	-0.024033509350649095	0.0008762467195397048	-0.00011203494328146518	0.0005136083041306328	-0.009098443673839812	5.173729235305304e-05
9.21	-0.00022969449608990642	-0.0002512652300329081	0.0031856723181814465	9.921150744176785e-05	-7.779801523487206e-05	0.0027891095458025994	-0.017748533058590307	0.016280691384322532	2.4449995410474725e-05	-0.005282083306952022	-0.007212447916550958	-4.469218531686332e-05
9.22	-0.0003380649060464055	-4.1435954881229567e-05	0.0031862865752099864	2.690969697312483e-05	-0.0001253203988787368	0.0027882885528578583	-0.0029867421212522575	0.023908554086086876	8.194683973595044e-05	-0.008556244299184536	-0.0018990460814854852	-8.177942929488647e-05
9.23	-0.00028430100885402964	0.00018819872150459106	0.003186941260078676	-5.823651205716275e-05	-0.00011276793774402781	0.0027874753414534052	0.013297526921826706	0.020066708757864087	4.3370020098603764e-05	-0.007764889772314394	0.004311005310399639	-4.8502776792915965e-05
9.24	-9.400247482750861e-05	0.0003271382032435328	0.0031868627365476865	-0.00011560488151904066	-4.6041356327201085e-05	0.0027874791386594635	0.023152425822060715	0.006545530564221202	-4.627325812137931e-05	-0.0032377711777584854	0.008469194615493966	2.945544097079182e-05
9.25	0.00014090321549311744	0.0003089204451270105	0.0031864210727791625	-0.00011768473246955477	4.276580800969794e-05	0.002787896763681594	0.021866324011736906	-0.010048250707616967	-2.6312883300552057e-05	0.00284488479316943	0.008546763617536302	3.972444189838069e-05
9.26	0.0003081135058104701	0.00014245778098402116	0.0031865728559299193	-6.322970541012597e-05	0.00011104827046957299	0.002788313208443403	0.010188884737725543	-0.02185039024808686	6.030057277409276e-05	0.007596732520811068	0.004543832680589099	2.1516154758359213e-05
9.27	0.0003278586863448506	-9.262663698976435e-05	0.003186925143522034	2.1877876788914778e-05	0.0001263470065565181	0.00278869168348408	-0.0064115286443343165	-0.023162488387105492	8.657311642963663e-06	0.00870936904592957	-0.0016104017151670068	6.482767014774549e-05
9.280000000000001	0.00019031982573586504	-0.00028333368889142864	0.0031867648966244413	9.671180256371659e-05	8.14560840125628e-05	0.002789176298418603	-0.01993145138999655	-0.013362330685549812	-5.062527549302297e-05	0.005631477284340179	-0.006979055196926358	3.821835056459956e-05
9.290000000000001	-3.799285262713079e-05	-0.00033797450771532426	0.003186218053132985	0.00012493242844991982	-2.2418022242097807e-06	0.0027893575500598424	-0.023828801025940694	0.0028728907509085622	-2.455341559861892e-05	-0.00020453147217461742	-0.009023641828852116	-2.3507681465373694e-05
9.3	-0.00024785590628543706	-0.00023064228803908863	0.00318628199665375	9.304387963508218e-05	-8.460564644980943e-05	0.0027888727328154866	-0.01638931704628786	0.017700602938280338	6.730160224299446e-05	-0.005887577379382927	-0.006727375145243886	-8.093919504490767e-05
9.31	-0.00033923902890173975	-1.2698375556876929e-05	0.0031872277702630356	1.696209138533118e-05	-0.00012599747838369654	0.002787650613799378	-0.00110770647189929	0.024064193761778496	9.077971054011152e-05	-0.008724063002375841	-0.0012050107360716364	-0.00017225810572899858
9.32	-0.00026809413988599783	0.00021142079353577198	0.0031875626081128016	-6.7448142754988e-05	-0.00010686289917192379	0.002786442971236966	0.01472270050832313	0.01886380470726611	-1.6187859330113963e-05	-0.007434914792966956	0.004873369620671041	-5.812867877949218e-05
9.33	-6.820191082687308e-05	0.0003339997066921684	0.003187002463736139	-0.00011956055416740161	-3.6520143524673425e-05	0.002786518353501186	0.023556004032788774	0.004600169206767699	-9.210347783807145e-05	-0.0025517843163725728	0.008620085496710438	6.861311856865555e-05
9.34	0.00016475176386802144	0.00029618595615907506	0.0031861858117182332	-0.00011441584150821749	5.157650828230842e-05	0.002787122191479583	0.021068893807881076	-0.011834256793243951	-4.6016204971274215e-05	0.0035381375516424147	0.008228524995789625	6.627280842726486e-05
9.35	0.0003188164358763326	0.0001163490360970774	0.003186095126359108	-5.444272768349989e-05	0.00011483488882289622	0.0027879305272236485	0.008472774943542469	-0.022621288376623753	2.551175781307331e-05	0.007941070539675183	0.003899635892767436	8.901518235887071e-05
9.360000000000001	0.0003204189692063522	-0.00011948008074079262	0.003186804254104794	3.1534064522636806e-05	0.00012307547616350394	0.0027890229906023783	-0.008168992314111303	-0.022538938224458755	8.384804380926104e-05	0.008545495021148552	-0.0023324043320705635	0.00011057953631307796
9.370000000000001	0.0001685835626444604	-0.000297932484085222	0.0031872310061193078	0.00010241934925215581	7.202397439564887e-05	0.002789944812874378	-0.020933289980034676	-0.01166943513900702	3.3085115871101206e-05	0.005056315662549607	-0.007434545315048549	5.322396349502803e-05
9.38	-6.415702202497322e-05	-0.00033364192052813335	0.0031872344261279213	0.00012476722158340093	-1.3548898426128535e-05	0.002789898775188503	-0.023679518495266113	0.004802286747769479	-2.2902970379129262e-05	-0.0007792427064368374	-0.00896988704310951	-6.649208655439439e-05
9.39	-0.00026627123490258485	-0.00020951880947661482	0.003187064827197432	8.776941390542742e-05	-9.288027332685256e-05	0.0027889524275771173	-0.015046499580641057	0.018963966619454847	6.1083581698629004e-06	-0.0063262339156801226	-0.006214155002179047	-0.00011362363550006106
9.4	-0.0003406922941867438	1.4935020232950013e-05	0.0031872092847134437	8.429667748864571e-06	-0.00012775215582125528	0.002787704865008071	0.0008155385343398282	0.024032530615030565	-4.316107676573623e-05	-0.008866326953166373	-0.00045148542853869314	-0.00013231069208900916
9.41	-0.00025117293988642577	0.00023191602198466824	0.003186327765269349	-7.501199707206501e-05	-0.00010102751595901956	0.0027868469646656715	0.016315387685367833	0.017525490274536384	-9.685044400652263e-05	-0.007114619605850233	0.005586083575266989	-3.5980632228908255e-05
9.42	-4.132235849734312e-05	0.00033714706720977663	0.003185699949024208	-0.00012234038570846663	-2.5443040895897583e-05	0.002787156945216677	0.023905296154217392	0.002620972402990446	-1.4602789741395367e-05	-0.0019596782089919434	0.00887926997911667	7.087184623606067e-05
9.43	0.0001883273165555766	0.0002806307456390811	0.0031861404555211972	-0.00011109098003245343	6.218946758397453e-05	0.0027881404913417465	0.020083604315794253	-0.013453675043142765	8.791747153811254e-05	0.004118013095192979	0.007921965343921684	7.763981370371668e-05
9.440000000000001	0.0003275380020494502	8.992638218984038e-05	0.003187261827235382	-4.658498987715902e-05	0.00012001255333712523	0.0027887619663714003	0.006564273997609137	-0.023087444869278897	0.00013165248445605552	0.008270053465826753	0.003183459754847962	6.341759782827189e-05
9.450000000000001	0.00030917902846702857	-0.0001436754948374484	0.003188300241293232	4.0609070031192864e-05	0.00012062467411838655	0.002789126144210413	-0.010078209262669155	-0.021670752751495687	5.465599778391951e-05	0.00844291665854967	-0.0030720687937218706	8.381684973593484e-06
9.46	0.00014238063003082618	-0.00030842931863273043	0.0031881195667890724	0.00010854411157518171	6.345080474891296e-05	0.0027889320477795295	-0.021862031459908966	-0.009871007924535736	-9.821138963917121e-05	0.004569643500412528	-0.007883204260705639	-5.243581172617725e-05
9.47	-9.23483940499094e-05	-0.00032533801062410586	0.00318703287896165	0.0001246735039784079	-2.4059076592829272e-05	0.0027881962608461673	-0.023096857830252497	0.0066391402951446275	-8.711290563573085e-05	-0.0014836563450001021	-0.008882138635647468	-9.421687404938722e-05
9.48	-0.00028253272194728835	-0.00018645076088254762	0.00318620026247469	8.127612302786487e-05	-9.971922868078481e-05	0.002787131571482456	-0.013329128425777208	0.019967497048340582	-6.174434784246974e-05	-0.006853128035216903	-0.00561510023372777	-0.00010252306692125712
9.49	-0.0003370062196593337	4.1850204793397424e-05	0.003185813798302652	-1.3946583687936622e-06	-0.0001273605546839628	0.002786447228853982	0.0028604286779968895	0.023769984213652402	-1.1556789844605008e-05	-0.008967219998078035	0.00031459772896220067	-1.0171655654621502e-05
9.5	-0.00022964948531817284	0.0002502843134898713	0.0031860293098267306	-8.344187964428741e-05	-9.383545374619896e-05	0.0027868145246191553	0.017695735745247104	0.01616912750166631	5.400494938553481e-05	-0.006766213505221886	0.006095896269953729	6.76116541566516e-05
9.51	-1.200609410886928e-05	0.0003389286040887076	0.003186626110428185	-0.00012567522272523987	-1.5369896687778592e-05	0.0027874671714480043	0.023987101436594056	0.0008247949254121033	6.20986096895121e-05	-0.0013101068621760954	0.008972113969434148	6.607557107431252e-05
9.52	0.00021146787217624996	0.0002654446626941421	0.003187174423621564	-0.00010751513830017356	7.076501653873554e-05	0.0027880540260797958	0.018812136554712585	-0.014921839027433806	3.640859801320775e-05	0.004784163496450295	0.007539089379669595	3.997295043329724e-05
9.530000000000001	0.0003336012693107167	6.47115385985442e-05	0.0031872371463426527	-3.791423068619825e-05	0.0001231170777687418	0.0027884038531284425	0.004590189110938502	-0.023556280172931647	-2.1289146705802995e-05	0.008555931548271048	0.0024849066901422704	3.205568175138539e-05
9.540000000000001	0.000295667415296373	-0.0001670466781393513	0.0031869370872795537	4.9860510143190136e-05	0.00011651473693541417	0.002788739726797517	-0.011851871266046777	-0.020836213053549196	-4.240048351392807e-05	0.008242872901642663	-0.00374456945286509	2.9380051391125527e-05
9.55	0.00011622908976362064	-0.00031848807719565435	0.0031864518530329558	0.00011367170316494571	5.415118421338043e-05	0.002788757864072591	-0.022536546453750438	-0.008162727835149042	-3.4213725438823175e-05	0.003981905596939341	-0.008198412501063969	-1.8433573454102276e-05
9.56	-0.00011870193372711337	-0.00031714493521921175	0.0031865340494146763	0.00012302777814651923	-3.397979877308974e-05	0.0027883233095785396	-0.02247222237762599	0.008438113209559655	2.969018312355313e-05	-0.002182304279606318	-0.008702612209376149	-7.461214749703879e-05
9.57	-0.00029691605034843705	-0.00016358526446712905	0.0031869722309824234	7.358871808150879e-05	-0.00010580811500594594	0.0027875273228008045	-0.011648100285960965	0.020987460266503114	3.184651770966448e-05	-0.0073202709050572325	-0.005077016781188121	-7.603493679818778e-05
9.58	-0.0003326797660510086	6.856151239763719e-05	0.0031871576748564866	-1.1456928149603336e-05	-0.00012686744502545056	0.0027869491928241537	0.004795326191943218	0.023514747169743753	-2.6465453858400415e-05	-0.008998489202128103	0.001026284143141993	-1.2504869351468615e-05
9.59	-0.0002089644842364184	0.0002679363850830159	0.003186609220793818	-9.163358487673862e-05	-8.682834897550362e-05	0.0027870774980940705	0.01891315852760511	0.014677258244559177	-5.90922071795077e-05	-0.006341919099369049	0.006640191542885114	3.0191091993175274e-05
9.6	1.4702678432289364e-05	0.00033852994515580617	0.003186277387397518	-0.0001278956321312572	-4.992311482495492e-06	0.0027876413263504315	0.023955218393360275	-0.0011429730359238373	1.8631284488078582e-06	-0.0006149033863660429	0.009018129920922496	6.083241095794416e-05
9.610000000000001	0.00023132231339767094	0.0002471925242539118	0.0031863015199051054	-0.00010278232568904756	7.89338738806016e-05	0.002787969701043955	0.01756011608161844	-0.016356611245086257	-2.7521638921673284e-07	0.00543653616868951	0.007052696413685793	1.2097665889832403e-05
9.620000000000001	0.0003371762023275833	3.76059104730442e-05	0.003186403752385835	-2.8321353500884335e-05	0.00012489460632770063	0.0027880247746637035	0.00273624024477912	-0.023794942467648128	4.197835565312998e-05	0.008840580677188513	0.0017484577139309876	9.882115316148021e-06
9.63	0.00028147443811831684	-0.00019014069448397978	0.0031869905028725325	5.955590681399706e-05	0.00011111024216719984	0.0027882570897860308	-0.013429316408811154	-0.019834602754347296	6.584696879724789e-05	0.008021762893573904	-0.004407839405361408	6.714364544624243e-06
9.64	9.079799478968663e-05	-0.00032686727774576714	0.0031874588283438824	0.0001186931660535342	4.385097725405346e-05	0.0027880746093339537	-0.023115368597977394	-0.0063570158387667875	3.6469764138887765e-05	0.003309467814063831	-0.008452985519644227	-4.113868812773602e-05
9.65	-0.00014314144960705404	-0.00030698290248586053	0.0031877040948296576	0.0001207915303218364	-4.4208479657952836e-05	0.002787590561503371	-0.021732295537289045	0.01016559117787054	-1.9644026936784477e-06	-0.00291403196969629	-0.008440013046261666	-4.913984426821396e-05
9.66	-0.0003085357790719429	-0.00013964046947753114	0.0031874936133680734	6.492504244387858e-05	-0.00011109592861732997	0.0027869664816855023	-0.009969182020235424	0.021889647636654692	-2.8800291433490732e-05	-0.007768323728589199	-0.004375229497210999	-4.142878992577713e-05
9.67	-0.0003261269017843354	9.497291872789253e-05	0.003186950919765766	-2.2260721612863092e-05	-0.0001245953773060012	0.0027868744108784827	0.00659183762233322	0.023043342716898223	-8.236684335018383e-05	-0.008927037200223068	0.0017802877322882936	1.1776591042188923e-05
9.68	-0.0001876039284886426	0.00028391861094747466	0.003186255195240698	-9.894645729367374e-05	-7.814257268479516e-05	0.0027872245641352962	0.01997615961606462	0.013151242780345298	-2.9437059568770536e-05	-0.005768661713456583	0.0070983355470745114	5.6299497742888746e-05
9.690000000000001	4.087535807735269e-05	0.0003368218652146042	0.003186224873136082	-0.00012825944863703234	5.5450512289865335e-06	0.0027880851505734817	0.023801856962214502	-0.003001981139721721	3.163998866258947e-05	0.00014398067511063855	0.008926461140108298	9.75765289990651e-05
9.700000000000001	0.00024999065298551707	0.00022853706927363992	0.003186826107603094	-9.619999520897222e-05	8.618863450693904e-05	0.0027886894004297536	0.01624145413458371	-0.01773756027632307	7.534843396197486e-05	0.005997206751139229	0.006522954227319628	4.423498867395794e-05
9.71	0.00033914836029166656	1.0830726505944208e-05	0.0031874826062875464	-1.812266604762078e-05	0.00012528846079757966	0.0027887923262178986	0.0008592318802453355	-0.023999049849821975	5.145742395616775e-05	0.008971382600177972	0.0009722612091778535	-4.891276266796704e-06
9.72	0.00026565990643918663	-0.0002118231570433957	0.0031878429341683835	6.856880617984921e-05	0.00010422924902856789	0.00278870824763025	-0.014931067906181024	-0.01868977873396559	9.580075281317756e-06	0.00765242317294378	-0.004995926708871642	-8.154637313760547e-06
9.73	6.485063079712102e-05	-0.00033266245414291084	0.0031876215935654	0.00012248766186795336	3.343336037166046e-05	0.0027882595791577655	-0.023542621529512905	-0.0044808994012112855	-6.549260896082778e-05	0.002677286074336626	-0.008559297135708905	-8.018234838118024e-05
9.74	-0.00016695701097223757	-0.0002940892802544296	0.0031867544069026387	0.00011778739016957295	-5.302070597251866e-05	0.0027873297398198415	-0.02087353915819523	0.011855556073973822	-0.00010212536907549753	-0.0035806398350787397	-0.008019792872716758	-0.00011093299397072714
9.75	-0.0003186963462174641	-0.00011441294259281076	0.003185777372583935	5.6729499926724955e-05	-0.00011431211136038031	0.002786487829966403	-0.008197276121632638	0.022554150642568764	-8.058993924074626e-05	-0.008122616247037275	-0.0036963708256501724	-3.830746465051209e-05
9.76	-0.00031759432946599375	0.00012018736559613452	0.0031852831021186257	-3.1555583827672376e-05	-0.0001208626836727216	0.0027866614749928256	0.008373523300952373	0.022399824496238303	1.578317815714286e-05	-0.008780136633268473	0.002464482565819908	6.402426661008006e-05
9.770000000000001	-0.00016468623966767767	0.0002972086945923679	0.003185983122353436	-0.00010470776431724061	-6.950173900632586e-05	0.0027875528454896934	0.020931395734342835	0.0115064531943985	0.00011956229919005308	-0.005212566930480051	0.007402038123063924	0.00011118006801838864
9.780000000000001	6.712222971130229e-05	0.0003314301860039316	0.003187114409835259	-0.00012723118869431752	1.488064013081331e-05	0.002788165122764244	0.023476617475498913	-0.004928874777155652	0.0001054174525247999	0.0008752809266129254	0.008785690484094617	9.72578830534974e-06
9.790000000000001	0.00026677167980898874	0.0002067652641551511	0.0031881596818365745	-8.870440036650716e-05	9.213247172898609e-05	0.002788146189702237	0.014776536652385978	-0.018976688263970504	8.347142228498663e-05	0.006479825384040508	0.006021676343130725	-2.516856430503692e-05
9.8	0.0003385049452274566	-1.7377430153945144e-05	0.003188489874337852	-8.115568539413901e-06	0.00012550505671439326	0.002788165734502574	-0.0010277997115908512	-0.023935624903309884	-3.2018038517792137e-05	0.008992194250810999	0.00035702047857247743	-1.1031924475966819e-06
9.81	0.00024801768538856037	-0.00023286512521946722	0.0031874388514784384	7.645139726190736e-05	9.864635845770165e-05	0.002788371786521145	-0.016303693757867485	-0.017338088601978958	-0.00014794415937531568	0.007200310992309792	-0.00550705123683428	1.4194187780139538e-05
9.82	3.900666736108331e-05	-0.0003363985270941658	0.0031859866586781463	0.00012423463119702962	2.4630897046726295e-05	0.002788231461771698	-0.02374191467552397	-0.0025219383601015315	-0.0001057682499520473	0.0019531200864847044	-0.008686645853149759	-3.787858834523803e-05
9.83	-0.0001887059451566328	-0.00027914610796658134	0.0031856435971389053	0.00011232215184448485	-6.1025254627008564e-05	0.002787712952671314	-0.01990266732473533	0.013485195866425508	4.4743665392590936e-05	-0.004254414416984499	-0.007730497456634387	-6.23858310369846e-05
9.84	-0.00032660503877267273	-8.845658582830424e-05	0.00318620533541399	4.63597200166659e-05	-0.00011743027609523185	0.0027870573851688186	-0.006508269209197013	0.02305539542238256	8.100949546073284e-05	-0.008390492533274134	-0.0030679331442206755	-5.735838344103609e-05
9.85	-0.0003081683910154612	0.00014449016521369854	0.003187008916136759	-4.19145142480587e-05	-0.0001172818692288633	0.002786874886183553	0.010024060976207186	0.021569903126073403	8.225596815929071e-05	-0.00853260760789972	0.003069562649622763	-4.9167614580724466e-06
9.860000000000001	-0.00014212320655748238	0.00030787919088695094	0.0031875041871574253	-0.0001103565536131541	-6.0909224234859084e-05	0.002787164179272065	0.021806338837635088	0.00972922455551335	2.671063568499811e-05	-0.004565209782685963	0.007749006135561617	4.9426674277031444e-05
9.870000000000001	9.220241909866022e-05	0.000323385945093568	0.003187517279131364	-0.00012539504540030752	2.5042706563721046e-05	0.0027874153586041274	0.023106825368351003	-0.006726666018741386	-1.9151661214118723e-05	0.0016424931805498573	0.008727927017402267	-3.077919776366224e-06
9.88	0.00028271033465833136	0.0001845200406003711	0.0031871621227589674	-8.038215413058422e-05	9.932265759289043e-05	0.0027873015109176375	0.013395807706182093	-0.019909759666371218	-6.497001354010636e-05	0.00698565201173932	0.005502506864748069	-2.4731451436941835e-05
9.89	0.0003378328265589681	-4.2498890526331745e-05	0.003186568936511648	3.176406900221426e-06	0.00012604024639549554	0.0027873765818993024	-0.002840796653633691	-0.02362188240486392	-7.490628878492912e-05	0.00903231480138751	-0.00037557842294905545	3.508791139459386e-05
9.9	0.00023073741845465676	-0.00024931314258285256	0.0031859104430382213	8.523907746636469e-05	9.24296841217638e-05	0.00278793290633478	-0.01767294755287547	-0.016008716081257455	-4.4077565141707376e-05	0.006703962196779908	-0.006057490427219528	4.651470738389561e-05
9.91	1.3051388900742977e-05	-0.00033703186576327173	0.00318617718574969	0.00012639070789049548	1.471317197336978e-05	0.0027881722217248375	-0.024055701159384914	-0.0008073651746330736	8.728848449124092e-05	0.0011803193132290438	-0.008829688935216063	2.9320878019168284e-06
9.92	-0.00021101276601504548	-0.0002638990858290322	0.0031872613424616934	0.00010694348098203845	-6.96082566016896e-05	0.002788218200585029	-0.01888022753990751	0.014843041311712952	0.00011469696833252299	-0.004923093153854146	-0.0073445290839151845	7.399683313420925e-06
9.93	-0.0003337436833571193	-6.44463412030873e-05	0.003188378241385736	3.6251891020090645e-05	-0.00012049115808095963	0.0027882124599584936	-0.004621703322344336	0.02336899752445265	7.974352991811807e-05	-0.008650291580829295	-0.0024085388757231633	-8.042265993258652e-06
9.940000000000001	-0.0002962226407945993	0.00016555883806311774	0.0031887511066911248	-5.200533745320902e-05	-0.00011387610943239977	0.0027881094461112256	0.011801269785200253	0.020704979296416046	-1.579201515035081e-05	-0.008282929896971903	0.003687729625969395	-4.046126198209884e-05
9.950000000000001	-0.00011694282920642858	0.00031602254093256903	0.003188109438977807	-0.00011573642003928336	-5.250860559470261e-05	0.0027873081505790844	0.022545882149722092	0.008141173671126298	-5.917517474956547e-05	-0.003927488414348645	0.00806145833342042	-0.0001192380466988312
9.96	0.00011833906724690479	0.000315294329739247	0.0031873389122964385	-0.0001240620368591568	3.407796896897484e-05	0.002786344066432321	0.022532296723134716	-0.008300884469635604	-0.00010874829580036109	0.0023098377184754782	0.008539130042462225	-0.00010193293375773866
9.97	0.0002971787516441561	0.00016335694848919273	0.003186037041545942	-7.288467912907558e-05	0.00010426351222370756	0.002785533454823533	0.011708223304392808	-0.020817387315706867	-0.00015113379884308632	0.007491888222310737	0.004897371223327051	-3.538305405693393e-05
9.98	0.00033329386324205284	-6.72174593000433e-05	0.0031849625700999173	1.3438288009343519e-05	0.00012437596342052272	0.002785736511359171	-0.004782399223506805	-0.023350093257525684	-2.7986434201865102e-05	0.009058796045914816	-0.0010560586249104287	8.246611963680314e-05
9.99	0.00020939195907430008	-0.0002655890189144077	0.003185233519278219	9.317024077106868e-05	8.488602258797103e-05	0.00278675688992796	-0.018958393833117978	-0.014684159986048384	0.00012106114602211058	0.00622931292596519	-0.0065087185409333816	0.00012548791942424274
10.0	-1.4910437225615879e-05	-0.0003372593562608458	0.003186865879137541	0.0001279070650248712	4.703930294528058e-06	0.002787968851257591	-0.024035320960807027	0.0009723652995241795	0.00019446178753097155	0.0004464220797813788	-0.008859726492254307	0.00010629250681280058
10.01	-0.00023216262524756897	-0.0002473864014299935	0.0031884808071937286	0.00010139250254103359	-7.788623467588116e-05	0.0027886774430665017	-0.017586858624733716	0.01623649802867731	0.00012227669628698832	-0.005517258638739034	-0.006974693316695846	3.756681485974449e-05
10.020000000000001	-0.0003379937760977277	-3.899022960726777e-05	0.0031887983824169207	2.6264044157976563e-05	-0.000123462877248444	0.0027887798910078295	-0.002685674152968553	0.023701710598531912	-5.5867438982495413e-05	-0.008841631584695545	-0.0017660095803287957	-8.217719853478381e-06
10.030000000000001	-0.00028183886130160563	0.00018817709656057818	0.003187778653075315	-6.123224300880419e-05	-0.00011030375898702236	0.002788390082333291	0.013447977458627627	0.019831336641372377	-0.00012535717833117143	-0.007919448784739875	0.004324114533354245	-5.898721039024858e-05
10.040000000000001	-9.091831401626929e-05	0.00032520285559940217	0.003186675092134841	-0.00011934228216509576	-4.40967477982716e-05	0.0027873045783811355	0.023148683426199895	0.00642518231636221	-8.348248571176322e-05	-0.0032262420571572787	0.008348267903927025	-0.0001230704899132041
10.05	0.00014372846147626053	0.00030639317759972656	0.0031861827350504767	-0.00012031528728301697	4.307156703404673e-05	0.0027860399721267325	0.021814606256758625	-0.010020679726917208	-1.545233615847032e-05	0.0030297212451459526	0.008359355136460656	-0.00010451857585286826
10.06	0.000309580616240596	0.0001407166892761634	0.003186200027889752	-6.352257956410556e-05	0.00010950778976339596	0.002785595434901257	0.009975309513550802	-0.021717523224468658	-3.778533895697848e-06	0.007848522371948014	0.004385311415571456	8.11027056438429e-06
10.07	0.00032678565006284525	-9.246832544039997e-05	0.0031864301845172366	2.383550378334698e-05	0.00012360569507750734	0.002786211579126934	-0.006670316163350909	-0.022953112171663348	4.046139854920691e-05	0.008875755710489973	-0.001679779497646501	0.00011220012135809954
10.08	0.00018697461868114748	-0.0002810193646628494	0.0031869773213550963	9.980352300663113e-05	7.844415535462098e-05	0.0027872560256756414	-0.020083134182577043	-0.013195413455454245	7.054269541860996e-05	0.005661339751002578	-0.006954844179770678	0.00011264023408161742
10.09	-4.232974386533456e-05	-0.00033476996019150444	0.003187656134705661	0.00012796111558480201	-3.98537478181511e-06	0.002788412851158278	-0.023870672583294422	0.002900269195170018	4.865484242685425e-05	-0.00029615667357953064	-0.008866792607640128	0.0001038802350680161
10.1	-0.00025170159347580204	-0.00022774216892336384	0.0031876970478243397	9.461993253052484e-05	-8.445963192530665e-05	0.0027889138793295667	-0.016215829693143	0.017601474335818712	-4.426639019126061e-05	-0.006099907300540755	-0.006544379495048399	5.1835217017254814e-06
10.110000000000001	-0.00034043652828022344	-1.1230630067560159e-05	0.003187028023840619	1.5915683898736486e-05	-0.0001243599503738785	0.0027885922571956358	-0.0007960341758935646	0.023878527539798824	-7.719704721499351e-05	-0.008983960907221592	-0.001130570818587991	-6.135330124373932e-05
10.120000000000001	-0.0002661566021682479	0.00021059263422339852	0.003186300059915054	-7.053536158762025e-05	-0.00010523344539867308	0.002787847789631656	0.015023116243012925	0.018644720265451123	-3.918427729295535e-05	-0.007576038016343048	0.00478699346550657	-9.270493045412029e-05
10.13	-6.431263820041026e-05	0.00033153639808962176	0.003186335075452649	-0.00012317717315897365	-3.596318117124095e-05	0.0027870615582648453	0.023648946018181082	0.0045378383713767755	2.5433251631800454e-05	-0.0025129531699499834	0.008482512913661014	-8.445423629390728e-05
10.14	0.0001684595240924725	0.00029396474326321873	0.003186761256956647	-0.00011669947916643483	5.052429519981454e-05	0.0027866450747369926	0.020931817293231136	-0.011752619859796504	2.1740267858644718e-05	0.0037602143924543043	0.008102580679980346	-1.0811354145345765e-06
10.15	0.0003202683403476315	0.00011528721044640543	0.0031870931468299746	-5.4124013343088765e-05	0.0001129274428944764	0.002787039780007244	0.008146851261173206	-0.022451798981631188	3.283197707511736e-05	0.008218735524251862	0.0038273290116494886	7.45243924324776e-05
10.16	0.00031837150379284524	-0.00011873331277578313	0.003187413966035346	3.452225058320241e-05	0.0001209081012553474	0.002788069839166739	-0.008511824129024846	-0.022401978367884007	3.177754894829424e-05	0.008750273227147989	-0.0023039281265789372	9.801400995821343e-05
10.17	0.00016395707281639433	-0.00029599842084906974	0.003187457378737019	0.00010654152148784155	7.060729317074e-05	0.0027888320582520536	-0.021101574002261675	-0.011581269280671824	-7.2841990017895174e-06	0.005037453878279908	-0.007311422512639586	6.348300673999721e-05
10.18	-6.953280536973157e-05	-0.0003315364384593373	0.0031874595754617166	0.0001270520197015903	-1.3138740982265538e-05	0.002788918165865748	-0.023627498029595302	0.00479375076907043	-1.557146493520623e-05	-0.0011007206188821228	-0.00875148933687399	-3.0876207176356203e-05
10.190000000000001	-0.00026987853042999396	-0.00020782086174304443	0.0031869093985902952	8.6511467726158e-05	-9.056126645130116e-05	0.0027884993144208846	-0.014760997862630992	0.01891454684240821	-8.241029589473964e-05	-0.006671312230617275	-0.0060725470071608615	-5.30105853995226e-05
10.200000000000001	-0.00034067483974294744	1.5738884814967464e-05	0.0031860930059989883	4.518604104306288e-06	-0.00012454448237663381	0.0027877088332617524	0.0011997443142393275	0.02392812611022758	-7.466538994012807e-05	-0.009034779293293115	-0.0004385375669459202	-6.61682875672066e-05
10.21	-0.00024804298496009474	0.00023173655617343903	0.0031859770396690423	-7.967125691518982e-05	-9.8559426291192e-05	0.002786985122722359	0.016555699016375963	0.01747144225952476	4.1246443965561123e-05	-0.007070733552262557	0.005423608270819616	-7.802716340197715e-05
10.22	-3.641264324704163e-05	0.0003367953665696558	0.003186723835015727	-0.0001255681454861265	-2.5119178898539515e-05	0.0027862569839895283	0.023995504622063586	0.0026843848192457795	8.612966325639638e-05	-0.0017082556727597796	0.00868276559266475	-5.3697643202677546e-05
10.23	0.0001927576465840313	0.00028058004652429147	0.0031874611141867286	-0.00011096032964723186	6.0747238378946295e-05	0.002786060984252812	0.019880250572932183	-0.013459415043859772	3.680051107619072e-05	0.004522972200302775	0.00775911427846172	1.6893480023942757e-05
10.24	0.00032894848894056276	8.920830941897264e-05	0.0031875228626776263	-4.236743478255904e-05	0.00011733229290097413	0.0027867981102862893	0.0062284198163676	-0.023183697646953084	1.0536993865178324e-05	0.008604523449051967	0.0030922604151656092	9.99408209817191e-05
10.25	0.0003072904890104969	-0.00014509333750779762	0.0031875729927738888	4.689551917787638e-05	0.0001174681104566766	0.0027877225984255104	-0.010389480440981726	-0.021729597008524795	-1.581968171675978e-05	0.008493547998201095	-0.003054543588073519	7.016323954287646e-05
10.26	0.00013814985243218214	-0.00031023759296890124	0.0031872639167927702	0.00011367166646464453	6.122521565678225e-05	0.0027881137841029545	-0.022012723018191026	-0.00989007342264895	-5.889855741010389e-05	0.004308081351403086	-0.00772920291583875	2.455428645730856e-05
10.270000000000001	-9.70142536524427e-05	-0.00032677791932005584	0.003186802147524571	0.0001260014084373183	-2.4470157021686023e-05	0.002788493631963912	-0.023065933818739205	0.006720499933569167	-9.953404402160023e-05	-0.0019402852762907049	-0.008687028984430252	5.228434217515537e-05
10.280000000000001	-0.00028578388028424774	-0.00018671040152152909	0.003185990855272847	7.79341634659091e-05	-9.840123608112373e-05	0.002789083275032961	-0.013087051983804948	0.02012431495379191	-6.291321530110512e-05	-0.007259171658461976	-0.005481609391292903	5.641488945371867e-05
10.290000000000001	-0.00033760222746169444	4.2628246535107723e-05	0.003185863181928099	-7.0849824620939665e-06	-0.0001253421318953073	0.0027895100942098698	0.00313833523760341	0.023853211838063396	4.893885731235043e-05	-0.009046937208464004	0.0003174907104393576	-3.57342694511401e-06
10.3	-0.00022797961565960374	0.0002516000127097306	0.0031869339394160184	-8.833506118694187e-05	-9.256316745900028e-05	0.0027889280811707272	0.017891198692884226	0.01618421044078867	0.000157647927031241	-0.006539942325514017	0.00595912607825982	-0.00011852807696937444
10.31	-8.937152774440975e-06	0.00034024589356391127	0.003188142321482907	-0.00012715808591558082	-1.5698060622145427e-05	0.0027876604043690603	0.024050838716574815	0.000774839990314125	4.977718074698611e-05	-0.0009064322977954555	0.00881925921205047	-0.00011697670457402403
10.32	0.00021413225866653311	0.0002655489238004295	0.003187881546294578	-0.00010515042269716927	6.921774617098669e-05	0.0027867139946277084	0.018683306653335383	-0.015076962029352445	-6.956891583420162e-05	0.005134038764490632	0.007448174537931755	-5.6663043554773465e-05
10.33	0.0003343807174438924	6.321183023574467e-05	0.00318675524042357	-3.2843236216901796e-05	0.00012106678898318469	0.002786592512868435	0.00436438694469975	-0.02366578095735097	-0.00012450272582805022	0.008732410569328443	0.0024919297591502357	1.3675278312049937e-05
10.34	0.0002943856959443688	-0.0001692128109717075	0.0031857128832865375	5.5381211309272025e-05	0.00011493663996173924	0.002786936847219159	-0.012027613626216955	-0.020890212401408533	-5.185027077964332e-05	0.008166803546794507	-0.0036643179631037255	6.530969220695376e-05
10.35	0.00011326541207359663	-0.00032057715511922156	0.003185768442035836	0.0001170574186993822	5.37472448884355e-05	0.002787804077098182	-0.02269978508481879	-0.008129987748430094	4.9284755185751354e-05	0.0036307429420065892	-0.008070806727727114	0.00010568827718574516
10.360000000000001	-0.0001225871119002507	-0.0003184908768418558	0.003186460503006709	0.00012250910521990094	-3.3382332454132223e-05	0.0027889355589893875	-0.022490825071738718	0.00853274897962492	5.6735372802835767e-05	-0.002613119323451988	-0.00859774369336599	0.00010545109147892928
10.370000000000001	-0.0002999310221050101	-0.00016387489418101542	0.003187146545721218	6.917477032726081e-05	-0.00010437412529571719	0.002789500451660183	-0.0114945096506318	0.021089551883436346	6.139406880448234e-05	-0.007590726505530783	-0.005015757946831346	1.708835758603735e-05
10.38	-0.00033369490466868864	6.92998001238427e-05	0.0031875702742356457	-1.7165055718214543e-05	-0.0001253210168373344	0.0027891402596755986	0.005042077099879122	0.023591018143256946	1.4156169505796245e-05	-0.008946712436455739	0.0009939572882942437	-8.327037518591571e-05
10.39	-0.00020739309048717068	0.00026943694518466227	0.0031873960322639262	-9.541579006191717e-05	-8.616639579034856e-05	0.0027879588399105705	0.019176138751662148	0.014738745511615659	-3.5491404726282744e-05	-0.006025701639629061	0.006527468509799044	-0.00012307197386053216
10.4	1.859158811814984e-05	0.0003402624636350175	0.003186933826578713	-0.00012777055234457598	-5.4739208818579834e-06	0.002786927845904469	0.02409719489019568	-0.0012004095000222904	-6.972404558353625e-05	-0.00017256246619846651	0.00893932883373928	-8.10437076395314e-05
10.41	0.00023556944185968502	0.00024762764516076936	0.003186050041104451	-9.878320501716292e-05	7.816453645823088e-05	0.002786397056680964	0.01744063175541212	-0.016556610454520927	-8.557671088626952e-05	0.005742859150176913	0.007087146326260949	-1.0948661475427305e-05
10.42	0.0003391690462232953	3.598969215315148e-05	0.003185664715953065	-2.2359126875835136e-05	0.00012456861269678768	0.002786821535256576	0.002412360301864697	-0.023996675619470824	2.449038753552268e-06	0.008898320458563124	0.0018024459939702743	6.970216142812e-05
10.43	0.0002801179597156284	-0.00019331706161480135	0.0031862178074133	6.487359437321133e-05	0.0001114257025666571	0.0027876620517876868	-0.013730872243101261	-0.019912314021011165	0.00010070596543309198	0.0077933714608751795	-0.004315904361573886	9.438929373996258e-05
10.440000000000001	8.662014183505238e-05	-0.0003300082854876282	0.003187444294630996	0.00012099233403205012	4.5104282236917906e-05	0.002788704450493619	-0.0233226819347058	-0.006240642126108762	0.00013095221215468506	0.0029514561498401285	-0.008419195262803282	9.95789977988651e-05
10.450000000000001	-0.00014845841609022328	-0.00030820583583998873	0.0031881203071698486	0.00011915059320174205	-4.3115944596685975e-05	0.002789445009660435	-0.021730442002590153	0.01043034721248968	3.9853281839057334e-05	-0.0032970938786274157	-0.008490960354227754	4.701550240910171e-05
10.46	-0.0003127423588361071	-0.00013840088960256474	0.003187874645503957	6.010176635460636e-05	-0.0001106167284115716	0.002789605127297816	-0.009738080714980918	0.022097159494109297	-7.763979361082024e-05	-0.008000779109933395	-0.004447894728724617	-1.9314062472322205e-05
10.47	-0.0003272119148692679	9.75097747328725e-05	0.003187013990704632	-2.7714519392893877e-05	-0.00012488807479896065	0.0027891973118457218	0.006957997238853683	0.02314316180998161	-0.00010077076292421034	-0.008820169689331164	0.0016962385226222784	-4.441063018321506e-05
10.48	-0.0001845316266855894	0.00028674517566745176	0.00318624537610581	-0.0001019309881992466	-7.917511477804411e-05	0.002788563854535315	0.020373004838901216	0.013127405979905936	-5.2604443454826164e-05	-0.005399867054982225	0.007059727514622811	-6.905483963364783e-05
10.49	4.681038794260139e-05	0.0003387138781353108	0.0031857620956765704	-0.00012724795910097657	4.545113544555673e-06	0.002787904722580772	0.023953130404724892	-0.003171203411950256	-4.396778736130856e-05	0.0005551851114482692	0.008972651112885643	-3.9105918472430895e-05
10.5	0.0002556133250457318	0.00022848626586407305	0.0031856848346121006	-9.162938087529205e-05	8.609634502333049e-05	0.0027875668979093562	0.01606152354572865	-0.017949700899134353	1.769263541531446e-05	0.006265011836267219	0.0066316756677568455	-2.887884394361153e-05
10.51	0.0003417090464171917	8.818479562778873e-06	0.0031860576032372617	-1.2103017210891536e-05	0.00012627686015214358	0.0027876873609556227	0.00043111664912860156	-0.02411802060888162	4.710585860311372e-05	0.008947233088070314	0.0010645961218691035	5.2738252180551075e-05
10.520000000000001	0.0002636780058896102	-0.00021523328684492518	0.0031869196918887757	7.303897106899144e-05	0.00010565211756086047	0.0027881944951882974	-0.0153678503815524	-0.018792780482177366	9.94812548192371e-05	0.007366769662964683	-0.005016971765162148	1.735975113329845e-05
10.530000000000001	5.93480402667894e-05	-0.00033611286133079375	0.0031878005239931637	0.00012305601530335854	3.4180707269704556e-05	0.0027880081528903066	-0.023756558315344924	-0.0043848209543868085	5.622424684185047e-05	0.0022650556216115003	-0.008687245485200763	-4.854374375814378e-05
10.540000000000001	-0.00017312756672293396	-0.0002956582248287882	0.0031877722006214337	0.00011394510057543509	-5.3923678990061555e-05	0.002787803423399272	-0.020767458332365672	0.01213908613936343	-5.3775415385782465e-05	-0.003999013718146557	-0.00820106397249901	6.088803187358327e-06
10.55	-0.0003224069900471891	-0.00011308012728775574	0.003187002843973936	4.9889016582259616e-05	-0.00011652598153762333	0.0027877861980924483	-0.007794259420546094	0.02284302420767798	-8.040744794490657e-05	-0.0082736683750114	-0.0037826904712480345	-1.1218556807152259e-05
10.56	-0.0003166818748291756	0.0001239654254649966	0.0031865052953217736	-3.7971735523886446e-05	-0.00012349547807731707	0.0027874397999080283	0.00890466493776422	0.022567470287512704	-3.060619538197933e-05	-0.00855861532147554	0.0024620694721256414	-4.226651666027037e-05
10.57	-0.000158670125870559	0.0003015581699600996	0.0031864258469306004	-0.00010755174728666511	-7.1286901185556e-05	0.002787049737424771	0.021365712469883124	0.011441502607795358	-2.176544394196392e-05	-0.004757143066385989	0.007525886114607517	-2.0709878182590294e-05
10.58	7.564436662922494e-05	0.00033411658938915887	0.003186048215152949	-0.00012514645999436947	1.496333493755159e-05	0.0027870955191463503	0.023528986242899803	-0.005211922008650626	-3.3465974783930236e-05	0.001372073999901442	0.009008805703529436	4.223683198414131e-05
10.59	0.0002737032383331812	0.00020626362470729296	0.0031860115867890543	-8.255822371876216e-05	9.425254128840274e-05	0.0027878713974270595	0.014396955616505242	-0.019296080977267167	5.043490871373349e-05	0.006768229701461119	0.006187178076461598	8.751231254293645e-05
10.6	0.00034044621820817803	-2.042584702297441e-05	0.0031868120451859034	-6.327979124659134e-07	0.00012818998356800072	0.002788541972154193	-0.00160146701737737	-0.024130990374608318	9.478519632722257e-05	0.00892642108078106	0.00032143458062070207	4.26538390554717e-05
10.610000000000001	0.000244282446595146	-0.00023720315505809013	0.0031878335686126324	8.138889006410093e-05	0.0001002357453726516	0.0027886083623981347	-0.01682980767635913	-0.017404633972630888	8.244053072626245e-05	0.006792516801831162	-0.005653957327877611	-1.70962664407539e-05
10.620000000000001	3.0934329493989546e-05	-0.0003403435070478441	0.003188273787552809	0.0001243506621324197	2.4021949909835695e-05	0.002788167244212272	-0.024047329805870026	-0.002340856436898567	-1.8055399526794256e-05	0.0014511742378336837	-0.008970756505956927	-4.000391338157601e-05
10.63	-0.00019747346730740044	-0.000280022201106173	0.003187402500936325	0.00010806157385210403	-6.415889296573603e-05	0.0027877984127857203	-0.01971890386569035	0.013888215807741458	-0.0001364371424385488	-0.004576275897089017	-0.00791239305576243	-3.079201210787101e-05
10.64	-0.00033126134315779624	-8.513234986303549e-05	0.003185895272036665	4.0239847059212525e-05	-0.0001215986857780666	0.0027872793948044397	-0.005910956245691284	0.023438433164908245	-0.00013982952314624063	-0.008406051199303398	-0.003072510099222745	-5.246232370171609e-05
10.65	-0.000306195514317097	0.00015064529406237276	0.0031850473693270653	-4.66282368393832e-05	-0.0001205589726855136	0.002787025367609482	0.010703682806771822	0.021734062353157963	-3.069911520984015e-05	-0.00823130690721979	0.003277834642815826	2.463360614000107e-06
10.66	-0.00013421849176513281	0.00031405457780409724	0.0031849926927469256	-0.0001110194650062592	-6.161212394117398e-05	0.0027875184447240277	0.022242872330305027	0.009574483219355605	2.4269289187283326e-05	-0.004108631885446396	0.008029761887469776	8.238155143983036e-05
10.67	0.00010226947594027113	0.00032691916632032286	0.00318579029301064	-0.00012229273011285524	2.6655989508641743e-05	0.002788575331763958	0.023094467455212975	-0.007132800304897302	0.00011590217175282982	0.001961066380423418	0.008866133115124858	9.93222214108396e-05
10.68	0.0002896229220882763	0.0001834576476082695	0.003187155689483196	-7.5021540707171e-05	0.0001017798669037575	0.0027892672760490714	0.012814002285154646	-0.020376643602763492	0.0001442491293089541	0.007101367211822869	0.0055243161453098245	6.164757877009704e-05
10.690000000000001	0.00033807082924872274	-4.7820936624428135e-05	0.0031882571521425953	7.973689250350679e-06	0.000127739426278275	0.002789420155547298	-0.0035650015928558425	-0.023933123014014394	4.257734599006061e-05	0.00880664832715432	-0.0005449668156854303	-1.904393252178383e-05
10.700000000000001	0.00022428153729156427	-0.0002564457824097197	0.0031882076199861793	8.724460743425788e-05	9.24066674413746e-05	0.0027887493729693916	-0.018254571412667224	-0.016025950556473614	-6.228847292959084e-05	0.006366215372142716	-0.006234070242587543	-0.00012888233984279483
10.71	2.9090603324177697e-06	-0.00034226247088503845	0.003187228149241697	0.00012469404284259363	1.2716720132235791e-05	0.0027873114525393595	-0.02416056709941528	-0.000394766416706796	-0.00014181701906255443	0.0008027686643040394	-0.009013127548951682	-0.00011771831265078134
10.72	-0.00021925077585121052	-0.0002636417015153518	0.0031856344411509406	0.0001020232509218191	-7.310460981230118e-05	0.0027864528202779333	-0.018434817590692473	0.015451165894696011	-0.00011634666026764808	-0.005116575669626062	-0.007427113746249531	-4.698633246013223e-05
10.73	-0.0003362793544154116	-5.8443829036317666e-05	0.0031848790813763226	3.0393133786355568e-05	-0.00012386380858462042	0.0027864736512573686	-0.003980494244877034	0.023847675733859118	-2.589257613797211e-05	-0.008588891218615329	-0.0023038349876657056	3.447318919086138e-05
10.74	-0.00029245520973527006	0.0001745868769002692	0.0031853037140975524	-5.574138216716184e-05	-0.00011538666774952291	0.002787168685111651	0.012381616157244115	0.020827495148713227	0.00010061457368344716	-0.007918625325431937	0.003932383968635028	0.00010831775717325064
10.75	-0.00010842952349879634	0.00032395436170139095	0.0031865145349055284	-0.00011510344297754009	-5.171265937189098e-05	0.002788580437323577	0.022840145490598544	0.007807244974294909	0.00012101673356060505	-0.0034554366832489506	0.008262182625068207	0.0001726511040322447
10.76	0.00012719050306982991	0.0003182074069745609	0.0031876637679001014	-0.00011909678910306974	3.662403566361856e-05	0.0027900729111975035	0.022318094790192627	-0.008926104543159296	8.425041702541273e-05	0.002681131569371681	0.008650130552937228	0.0001295837508653349
10.770000000000001	0.000301471521220292	0.00015999761666664016	0.0031881740725976876	-6.60694186608904e-05	0.00010733955722649044	0.002790667905136115	0.011114222662037166	-0.02136743575664156	-1.039359049760252e-06	0.007469158862814088	0.004890141924759696	-2.0448645927139454e-05
10.780000000000001	0.00033127941968197214	-7.463740276422999e-05	0.0031879567555058537	1.827606035149499e-05	0.0001263876034949137	0.0027896500384801074	-0.00537995220701955	-0.023570819374934313	-3.605100496533978e-05	0.008704973291706164	-0.0012353495357116497	-0.0001518208481359483
10.790000000000001	0.00020236254099223426	-0.00027323874079579306	0.0031875264048964866	9.373808542661538e-05	8.472424268176953e-05	0.0027877035598720496	-0.019313993635054184	-0.014469074396482724	-8.549018625782287e-05	0.005776246695710375	-0.006753896579245959	-0.0002084657388376053
10.8	-2.3439877431289396e-05	-0.00034043655613728244	0.003186566752425479	0.00012436746626789879	2.3543962810321536e-06	0.002785842576614161	-0.0239587833421899	0.0015725752437874014	-9.802384817445909e-05	6.688721107693115e-05	-0.009040259804334297	-0.00016276512056168918
10.81	-0.0002378497989843307	-0.0002441682411729597	0.003185879002495141	9.503672936769763e-05	-8.157994245698627e-05	0.0027851206321239494	-0.01710880148321679	0.016844279274168365	7.606595006085481e-06	-0.005670523669490779	-0.0070458411702349595	2.1861508450335023e-05
10.82	-0.00033814285130970414	-3.074930356434621e-05	0.0031863653347881343	2.047873567778816e-05	-0.00012676994942624578	0.002785926523168361	-0.0021237188540253137	0.02404282002800172	7.575753491619291e-05	-0.008632009947696901	-0.0016128492024232097	0.0001066856596915225
10.83	-0.0002764745566400976	0.0001974443619983071	0.003187238024298448	-6.383029328568844e-05	-0.00011121180663849376	0.0027874085245558162	0.013933150214765828	0.01967967827027453	6.432851308140157e-05	-0.007518173143658067	0.004575703515984314	0.00017727078451357906
10.84	-8.218616734572396e-05	0.00033090127534504335	0.0031876088648111495	-0.00011762017923774097	-4.2305933764024235e-05	0.0027894573648297037	0.023282402604390517	0.005896027269835918	1.708915017232268e-05	-0.0027859508585212325	0.0085971931379453	0.0001957628344711684
10.85	0.00015136394085184718	0.00030582979859021764	0.003187773254936183	-0.00011534660145556161	4.6299347721789864e-05	0.0027907640771369555	0.021465346386623667	-0.010681621933765149	-4.365708619321381e-06	0.0032255814567192375	0.00841340375212061	5.550292109993335e-05
10.860000000000001	0.00031222356630867203	0.00013451671151242813	0.0031877582947987537	-5.831660097799611e-05	0.00011241083120271465	0.00279061261628682	0.00937260534925389	-0.022155821767644576	-4.253964599494169e-05	0.007712727989776653	0.004233092937374795	-0.00010885287128808382
10.870000000000001	0.0003237470400664126	-0.0001011590992825607	0.003187386937131213	2.654589251610951e-05	0.00012459271722227902	0.002788843186857933	-0.00717033022671224	-0.023017803679986626	-3.523316824895773e-05	0.008562377028924782	-0.0019300716521188502	-0.00022980440879332526
10.88	0.0001804892411753471	-0.00028842283615729036	0.003186947252047748	9.891191414318007e-05	7.6982798641752e-05	0.0027865280736216603	-0.020302627490747932	-0.012829465182468339	-5.2932405073192044e-05	0.005290285616023513	-0.00716796659824345	-0.0002078052106584947
10.89	-4.9385517893263047e-05	-0.00033729560965792044	0.0031862953217330434	0.00012377993098945805	-7.5313084022401855e-06	0.0027852577866863586	-0.02372985518215016	0.003466436365830452	-5.4861324843979226e-05	-0.0005207817418603361	-0.009035195351279663	-5.8949705033040115e-05
10.9	-0.0002552911233791332	-0.00022469559440179738	0.0031862745399454605	8.934034002350106e-05	-8.876449583030134e-05	0.002785402098452591	-0.01573544252785578	0.018144662449696942	2.3266584934141024e-05	-0.006085023653010848	-0.0065058949176171575	0.00012037212892958163
10.91	-0.0003386101911876925	-4.187356699515533e-06	0.003186675803069021	1.1922770830721719e-05	-0.00012753152615650718	0.0027871337360940093	-0.00023542662958698482	0.024106337894541308	5.982053773522148e-05	-0.00873885600656502	-0.0008987675826896372	0.00018989749406292017
10.92	-0.0002595940716632235	0.0002181784181726878	0.0031870749534141196	-7.13022858758293e-05	-0.00010528034907843143	0.002789020977132485	0.015378173523152624	0.01851337041829623	4.669059364268323e-05	-0.0071989913331989615	0.005179323917293219	0.00017025348375845537
10.93	-5.608335381324063e-05	0.0003360537561541363	0.0031872882358779447	-0.00012064720235007699	-3.234397122826772e-05	0.0027901150166706663	0.023604405161907906	0.00406632583356994	5.343774050845899e-06	-0.00224186091836976	0.008757913238964299	5.6738324908951893e-05
10.940000000000001	0.00017418883968374943	0.00029308924460099946	0.0031873777028789277	-0.00011265487251551942	5.58912734674411e-05	0.0027901632360569626	0.020527899943374058	-0.012309320882789222	-1.1688278845048633e-06	0.003786345751566688	0.00817593400260606	-6.790766167083375e-05
10.950000000000001	0.00032118982540441457	0.00010977723692377319	0.0031871656227769937	-5.1107813472112835e-05	0.00011744145747685825	0.0027889500700850303	0.007627044366908905	-0.022825124407610108	-4.346024337048973e-05	0.008015695092527336	0.0036249319033457034	-0.00014591701418397403
10.96	0.0003143991949978082	-0.00012621001535530923	0.003186621208155744	3.4830165678393324e-05	0.00012250598084849703	0.002787588403845749	-0.008914672548727947	-0.022372927366118334	-6.901551851091563e-05	0.008441486906481773	-0.002657040155327615	-0.00010655536605766581
10.97	0.00015718531862197376	-0.0003012963722650549	0.003186268271036893	0.0001042844072441915	6.866756896588174e-05	0.002786980473046509	-0.021212229715023068	-0.011175046786185416	-2.087558843862703e-05	0.004841823630642999	-0.007637493244318417	-2.78599697006108e-05
10.98	-7.53066100535299e-05	-0.0003317261952662962	0.0031861934054151033	0.00012366898422060924	-1.8054641738491063e-05	0.002786692355735508	-0.023334611262196492	0.0053495860438216546	6.112382178524142e-06	-0.001131178548980971	-0.008991016678852793	-2.308820449520755e-05
10.99	-0.0002717010012049953	-0.0002030159551563428	0.0031866704936103023	8.387540042628705e-05	-9.636023032900929e-05	0.00278690498317905	-0.014286604090222775	0.019292850061540728	6.646375191535062e-05	-0.00651884733177028	-0.0060119390728526085	3.219368921728391e-05
11.0	-0.0003378229381043364	2.2919108363824226e-05	0.003187608724061082	3.7287495470985114e-06	-0.00012861191378018072	0.002787450635821279	0.0016321515845225934	0.024006104068184066	8.842637209776045e-05	-0.008840543879747415	-0.00013863671742715114	6.230257201576195e-05
11.01	-0.0002417574125319602	0.0002378598034468463	0.0031881851734840033	-7.872529909463732e-05	-9.89584157464964e-05	0.0027882257058012626	0.016775461681159377	0.0171629204986222	2.4382097351020418e-05	-0.006929917171795266	0.005812171708873432	8.857566981683382e-05
11.020000000000001	-2.9886015538569314e-05	0.000338641265724241	0.0031880202807154354	-0.00012363156660185227	-2.1858783485784564e-05	0.002788947448269211	0.023835552539710047	0.002140318765556644	-5.6354314907931e-05	-0.0016672964440624398	0.008966600806019936	4.127823931015912e-05
11.030000000000001	0.00019632649292999348	0.0002770845427741483	0.003187113477043632	-0.0001094292155331658	6.556229692474115e-05	0.002788991537251471	0.01953807620293602	-0.013928001030886903	-0.0001102121385781042	0.004374114072280474	0.00778632290234689	-4.998342835585258e-05
11.040000000000001	0.0003287670395991541	8.276068439249802e-05	0.003186073839046481	-4.300438312581967e-05	0.00012122489980515159	0.0027882656228909973	0.0058388778175488465	-0.02333882127752783	-8.400449014521538e-05	0.008342230391286188	0.0028896927053779255	-7.709456606521188e-05
11.05	0.0003035755284254189	-0.00015166950831355555	0.003185386505104634	4.3778969081117876e-05	0.00011864968570906132	0.002787628907908637	-0.010671761684536242	-0.02155905032970525	-5.594139191091395e-05	0.008287547341292782	-0.0033573886721033636	-5.9338658991514705e-05
11.06	0.00013297971476074525	-0.0003130889693847307	0.003185206277117208	0.0001092307291943904	5.94220299588675e-05	0.0027872520183764723	-0.022003613949438824	-0.009393349722164506	9.67200378166089e-06	0.004244609011375326	-0.007999972343195907	-2.716404687361724e-05
11.07	-0.00010066157976028637	-0.000324628524449857	0.0031859178804501016	0.00012191736031374225	-2.7917082606115928e-05	0.0027870612420755224	-0.022784750770401787	0.00717667704290875	0.00012459421699016066	-0.001810386368485689	-0.008754461539508741	-1.5763526370469954e-06
11.08	-0.0002859689233091681	-0.00018087980095052772	0.003187470442337581	7.598488953370407e-05	-0.00010167849645095371	0.002787206317897263	-0.012743488766705306	0.020373765394145926	0.00015524928626004813	-0.00698387874751576	-0.005373384521020379	1.636787487676664e-05
11.09	-0.0003345993383926754	4.9598660540338045e-05	0.0031889240134855925	-6.3863441816766694e-06	-0.00012686531764673884	0.002787334265564265	0.0034291665566927587	0.023781173980992235	0.0001162088991265223	-0.008807699105048774	0.0005721712370118047	2.280597137456749e-05
11.1	-0.0002229631889088462	0.0002562422668047736	0.003189258372839632	-8.593179674852934e-05	-9.12153726345498e-05	0.002787687900614601	0.017967276106222452	0.015811555170263086	-4.385160703749365e-05	-0.00643029862471778	0.006249627310014674	4.9712521930508735e-05
11.110000000000001	-4.657856227758051e-06	0.0003398754101361712	0.003188271826709029	-0.00012435880252399128	-1.1831754654266751e-05	0.002788169989868817	0.023891119605416202	0.00021605134898040155	-0.00015641613401461073	-0.0009185973576996181	0.008933555654675273	2.689455121749312e-05
11.120000000000001	0.00021617143163507634	0.00026035680029157086	0.0031866000245256675	-0.00010289065175100748	7.292065114286913e-05	0.0027881493567705052	0.018419963091251663	-0.015430836172931003	-0.00015730222664247189	0.0050263785306811975	0.007298662598086272	-3.277649971041647e-05
11.13	0.0003335985960817785	5.606787942668789e-05	0.0031857041380401368	-3.215787664017729e-05	0.00012219749729916902	0.0027876090187001004	0.004078092216012017	-0.023725780991932125	-4.701037940492715e-05	0.008501256907253027	0.0021573749468271463	-6.168679163399533e-05
11.14	0.0002912473410230229	-0.00017560179093464162	0.0031856901065487075	5.343933355791857e-05	0.00011252374386182048	0.002786998525084755	-0.012186578320426984	-0.020650562602758347	5.1441026312283716e-05	0.00793048787584943	-0.004003385219948435	-3.6466811599657346e-05
11.15	0.00010974285115591376	-0.0003229354346250284	0.0031862567895964288	0.00011349671964770174	4.890284280762739e-05	0.0027869680403606184	-0.0226075313725494	-0.007598870110456144	5.76215559031376e-05	0.003568772812497462	-0.008185011039812118	2.763952804663155e-05
11.16	-0.00012423558830583652	-0.0003154274810778663	0.0031870430843258866	0.00011914736842280953	-3.7938132412515036e-05	0.0027872102069789228	-0.022225226277752527	0.009052118339024466	9.752562135602924e-05	-0.0024689374275867356	-0.008494905034056586	3.130744955641984e-05
11.17	-0.00029870949268556425	-0.00015663528299659815	0.0031882765074902897	6.780314905856474e-05	-0.00010692931935718492	0.0027873413012326825	-0.011195374623156827	0.02139193152051999	0.00013336447914747814	-0.007392278084870976	-0.00474329310275882	-2.1677431056838853e-05
11.18	-0.00033016528004474623	7.7443698756498e-05	0.0031890258540453816	-1.6555206390239548e-05	-0.00012505370753248244	0.0027870994208636477	0.005188154664643497	0.023447596894514075	7.941466742820458e-06	-0.008767999890879521	0.0012798307763064393	1.0171642042731083e-05
11.190000000000001	-0.00020319516622737286	0.0002744190516009155	0.003188415464479053	-9.333971305876326e-05	-8.305258015104995e-05	0.002787516354129205	0.01916423959666062	0.014300056972704154	-0.00011806556042054999	-0.005914545646485349	0.006768060542853709	6.862163663015218e-05
11.200000000000001	2.1682547429143266e-05	0.00033984785106186817	0.0031870248518742986	-0.00012545049441548635	-7.517630504981417e-07	0.0027883009819158647	0.023923463599662742	-0.001748551202463168	-0.00013136967872024694	-0.00022932560022926855	0.0089689665967365	6.817480369552817e-05
11.21	0.00023607633765221567	0.00024254553862988285	0.0031861121547056602	-9.743286187337581e-05	8.154362393257507e-05	0.002788733753730164	0.017182338113709075	-0.016909965365589513	-3.868117733785181e-05	0.005596953827992364	0.0068403464024055	1.2834265321996313e-05
11.22	0.00033761358042491436	2.8814293213413143e-05	0.003186217525039061	-2.2729269843485588e-05	0.00012485403764268357	0.002788561589100423	0.002229917397866238	-0.02406557072018447	5.4755100657544034e-05	0.0087264139653537	0.0014491794664163002	-5.233494965481069e-05
11.23	0.0002771496387823931	-0.00019917539124635332	0.0031868571055945574	6.307702170499833e-05	0.00010823943343272991	0.0027878248190574472	-0.01382677476581326	-0.019609449877861774	8.255893957396318e-05	0.007708302049636053	-0.004623755842844096	-7.561892196278106e-05
11.24	8.349715744687923e-05	-0.000331605644215614	0.0031875003599581416	0.00011867745968557367	3.9975617910027876e-05	0.002787259914509312	-0.023264915858426907	-0.005754855443619397	3.0205178843908412e-05	0.0029491846599736683	-0.008458866603295966	-4.3435459219886394e-05
11.25	-0.00015021573037438913	-0.0003051471766097186	0.0031875407449068385	0.00011749010819190338	-4.7716237044304536e-05	0.0027872849127711452	-0.021531090952923146	0.010825315175437231	-3.169165145598366e-06	-0.003173540490361478	-0.008306383302450768	4.106949779662267e-05
11.26	-0.00031225639017100777	-0.00013253371545690387	0.003187379950701176	6.028488151595227e-05	-0.0001127832277041198	0.0027877071207240874	-0.00948668644073131	0.022284077562125353	-5.475323270312063e-06	-0.007788036779818665	-0.004145625556093091	5.955454448310134e-05
11.270000000000001	-0.00032456070212142886	0.00010406764750145915	0.0031868747391508635	-2.5748336211861094e-05	-0.0001237757554287609	0.0027882030917101585	0.007125034307343064	0.023023491699166787	-7.14775147950099e-05	-0.00867598398055128	0.0020264338147932414	3.5113617054938904e-05
11.280000000000001	-0.00018129441512402294	0.0002903899480123286	0.0031861921341399873	-9.917738819410702e-05	-7.545838480755882e-05	0.0027886916143449038	0.02032997785462162	0.012688359103157932	-4.992899879927759e-05	-0.005398620800394363	0.007239849669011707	3.970604199676859e-05
11.290000000000001	4.884049150551768e-05	0.0003372876220688661	0.003185963039121751	-0.00012502982630473918	8.894683661680525e-06	0.0027888297575235726	0.023775972812978295	-0.003711091276636376	-9.319375174563359e-06	0.00043074646608808954	0.008929171965119364	-3.8256837545998804e-05
11.3	0.0002556665362193708	0.00022241113632029232	0.003186270325860593	-9.130738399888786e-05	8.868955223127483e-05	0.0027881455823437545	0.01585446649329236	-0.018282957181827243	8.21109152668736e-05	0.006029324724853962	0.006379475495363272	-9.914357017656428e-05
11.31	0.0003401511432719974	1.4201202985221796e-06	0.00318703602595062	-1.4267330328789972e-05	0.00012584169788078971	0.0027872210761074887	0.0003102071673049849	-0.024067765006393925	6.807207293383982e-05	0.008741507127872767	0.0007574022450730944	-7.488219616163463e-05
11.32	0.00026140600177221583	-0.00021959815482156984	0.0031872918340137995	6.97217727499018e-05	0.00010258332693800583	0.0027867897845379338	-0.01538218286156307	-0.018298897807101592	-3.1748098756557966e-06	0.007340369646525968	-0.005208776436652503	-3.146908644778178e-06
11.33	5.752162452905233e-05	-0.00033502111565633517	0.0031869174821521165	0.00012048115855786957	3.0149891126605448e-05	0.002787152014411602	-0.023663472526256234	-0.003829572765606805	-1.17741569784601e-05	0.0023597566554497025	-0.008669506214254016	7.445023483292252e-05
11.34	-0.0001735399556646769	-0.00028982956876294757	0.0031870852314933446	0.00011306950504714808	-5.658041632681945e-05	0.0027876434545812284	-0.020633990168937105	0.012497074060733773	5.9472611917525185e-05	-0.003777460979140955	-0.007968757180775278	2.7895531272226898e-05
11.350000000000001	-0.00032201617714679246	-0.00010544982117455023	0.0031876712475172736	5.123810783266297e-05	-0.00011623271017144344	0.0027875143743890237	-0.007769610137501458	0.0228601589746195	4.685903373279233e-05	-0.008066439400064525	-0.003471993045491124	-2.083342592090124e-05
11.360000000000001	-0.0003163645625049004	0.00012980387602039967	0.0031876294953338117	-3.5308167091748174e-05	-0.00012045037745736978	0.002787548895827464	0.008872052236279307	0.02221707185757987	-6.347214699274634e-05	-0.008533958490974077	0.0026703972061119553	2.677557363675101e-05
11.370000000000001	-0.00015905553630183756	0.00030246508729967375	0.00318670801583547	-0.00010531710777149099	-6.707021226887693e-05	0.002788089635247415	0.021253992970197595	0.010888142252476179	-8.931257071396797e-05	-0.004856644719389267	0.007557785376694786	0.00010030192518917778
11.38	7.432872013717348e-05	0.0003302054233477773	0.00318588117158169	-0.00012453595507744042	1.8484000265031508e-05	0.0027889779940863317	0.02346034168595928	-0.00556945606653141	-1.9355836971996755e-05	0.0011768177758176963	0.008798762261972126	4.203744059778419e-05
11.39	0.0002722805159498579	0.00020044291454201685	0.003185993781365854	-8.389896415264302e-05	9.481206557111656e-05	0.002788966516222388	0.014463716808256756	-0.019352108143973215	4.4365350169614665e-05	0.006619952208919414	0.005802724203387765	-4.259390432024043e-05
11.4	0.00034009892058767266	-2.5301789866080305e-05	0.003186701802999116	-3.14833744908178e-06	0.00012570093111467982	0.002788360265581532	-0.0014759298911363246	-0.023906618199438404	7.49821813925243e-05	0.008844451389548744	8.756004446392303e-05	-5.194350771702554e-05
11.41	0.00024494725416274047	-0.00023868178957855664	0.003187050847953837	7.887629252300209e-05	9.639592038911537e-05	0.0027877467276577394	-0.01675601454348913	-0.01698796339963105	1.7313288562692758e-05	0.006881051464528347	-0.00571149950734293	-6.89960057390014e-05
11.42	3.259103102905134e-05	-0.00033732701675060346	0.003187117180686954	0.00012318732874873141	2.0963475219339824e-05	0.002786974937998926	-0.0239317323480014	-0.0019369276033812004	3.403131259988565e-06	0.0016072631627580141	-0.008744087565022178	-9.03866939640048e-05
11.43	-0.00019481994228904708	-0.0002742405913688851	0.003187382944333738	0.00010823620990954035	-6.434379265372552e-05	0.0027863953272362937	-0.019660138231268377	0.014002796054916852	5.906531349592155e-05	-0.004458669307821635	-0.007610765167476765	-4.0176920239849196e-05
11.440000000000001	-0.0003287759910470358	-7.997097494632981e-05	0.00318796856066962	4.1326416666879056e-05	-0.0001189943705432555	0.0027861971943986047	-0.0060065491518653934	0.023215448657089976	4.3776445673967724e-05	-0.008369687295633348	-0.002849593391809244	-8.372205399457216e-06
11.450000000000001	-0.00030518072618696294	0.00015252266392157336	0.0031879427424719047	-4.585005648538393e-05	-0.00011632541118132546	0.002786610721388102	0.010534783608801961	0.02131637705639409	-1.82876732194732e-05	-0.008305719325528961	0.0033428903294897964	7.479703823977759e-05
11.46	-0.0001353160764072305	0.00031167252191429957	0.0031877467670414082	-0.00011105910379845816	-5.7509889752827596e-05	0.0027876380977454674	0.021996163119135582	0.009202207351686071	-6.372646306773204e-06	-0.004183799940848082	0.007931432338521328	0.00011491894146813097
11.47	9.94115501177637e-05	0.00032163396009367935	0.0031876373420677935	-0.00012298482164447468	2.9147175590066373e-05	0.002788497428676385	0.022992153155300905	-0.007283119464155789	-2.2313987664822293e-06	0.0019180342835404336	0.008683374474868914	3.75376892049889e-05
11.48	0.0002867706691985203	0.00017767640264767498	0.0031879224105140712	-7.569160305873268e-05	0.00010200861867099058	0.0027886422792185706	0.012908141355041586	-0.020314734152074475	5.375992437912951e-05	0.007122477147865869	0.005263252026648854	-1.307075026081124e-05
11.49	0.0003367558285799017	-5.151291322734885e-05	0.0031883211474006377	8.02626606282812e-06	0.00012595066800200814	0.002788360687707662	-0.003358976334909068	-0.02363899268391277	1.2577508677747343e-05	0.008905715728342594	-0.0006831830605570765	-3.494276404250231e-05
11.5	0.00022492457556576453	-0.0002562944276957906	0.0031880915106522923	8.801308629125078e-05	8.95742962814296e-05	0.0027881014456348995	-0.01806763811734672	-0.015612701924555059	-6.379649270709113e-05	0.006405049200724855	-0.006292699265199095	-7.179592653474272e-06
11.51	5.096826155541316e-06	-0.0003383925402193829	0.0031870421242010554	0.00012598150630692596	1.0179700118533081e-05	0.002787934567792437	-0.024058010726779426	-0.00011267083029197624	-0.00010270303795716699	0.0008498940959310579	-0.008917722529089936	-2.1882011695646748e-05
11.520000000000001	-0.0002172442537032555	-0.00025862561474306555	0.00318640295843803	0.00010355066687843172	-7.442295331546302e-05	0.0027873995915412095	-0.018538701968525917	0.015408521385674417	-4.9583196260507286e-05	-0.005170918046134056	-0.00728819899925821	-6.629330158232234e-05
11.530000000000001	-0.0003355249838922034	-5.496608642725627e-05	0.0031863447089031617	3.1264916103328665e-05	-0.0001235688229285923	0.0027867215594148246	-0.004110877969202976	0.023618876428966037	4.418624117101e-07	-0.008699885462587553	-0.002113844124966331	-5.694816394517158e-05
11.540000000000001	-0.00029270012207457117	0.00017522853289961803	0.0031865607529266825	-5.601732441568772e-05	-0.00011345605186475848	0.002786594431914505	0.012303082491352995	0.020495568950071368	-2.764305770653002e-07	-0.008038041707443981	0.0040702985434594744	2.6188236660130153e-05
11.55	-0.00010945705986332357	0.0003216990352294784	0.003186626279693041	-0.00011665237697977496	-4.875971908877385e-05	0.0027871753248440846	0.02279692246674718	0.007572134591656588	8.223120662211751e-06	-0.0035610176606578926	0.008322509929478906	8.230929482722408e-05
11.56	0.00012647544856819075	0.000313990664908304	0.003187050012947881	-0.00012151448496759515	3.9333098578852036e-05	0.0027878620227379893	0.02239816074546691	-0.009046256024412332	8.977974533125044e-05	0.0026296670881501985	0.008546479817044414	3.830900776733251e-05
11.57	0.00030204784175458206	0.00015593629055118163	0.003187903362158416	-6.820549257379458e-05	0.00010821803479151754	0.0027881016588384897	0.011235749771073021	-0.021265018670093668	6.199729241261728e-05	0.007599892338890249	0.00467782700147177	1.8448399307877816e-05
11.58	0.00033283092939362776	-7.687329929336596e-05	0.003188111167878792	1.812372632191366e-05	0.00012517906006304812	0.0027882271152500754	-0.0053361326635653255	-0.023350616486202992	-4.577825080524198e-05	0.00894418519856251	-0.0014221635688281388	9.004820634838599e-06
11.59	0.00020385964979078208	-0.0002729880835165106	0.003187506513250507	9.59129820387334e-05	8.218803220148843e-05	0.002788239350388111	-0.019360988188904398	-0.01419109747798174	-8.184349073606154e-05	0.005963493674750178	-0.006821652110307337	-1.4366310144504082e-05
11.600000000000001	-2.2841410577749134e-05	-0.0003378745364529797	0.0031868106291411034	0.0001275915156165087	-3.0495711539190014e-07	0.002787855705624136	-0.02406922532048477	0.0017555256756959315	-1.1130014253923119e-05	0.00012203048953631896	-0.008969927236781569	-4.8523258137253316e-05
11.610000000000001	-0.00023831127066938174	-0.00024053311628732053	0.0031868141372376666	9.798268231859762e-05	-8.260338667681484e-05	0.0027871093574358863	-0.01722389876435779	0.01689768087114773	1.635694480549319e-05	-0.005781397429694809	-0.006788161168155756	-6.071000047733057e-05
11.620000000000001	-0.00033953579634454436	-2.7613781572930183e-05	0.003187290524872559	2.1371343050761954e-05	-0.00012491810358843643	0.0027867466205213323	-0.0021518016566896233	0.023889421068585732	6.495875153582493e-05	-0.008895237728655912	-0.001351053474272449	-1.4573176339237794e-05
11.63	-0.00027798706230268763	0.00019866455978810403	0.003187690952898334	-6.541968143044014e-05	-0.00010754863572804109	0.0027870236315871225	0.013948400363703813	0.01944365435560108	5.1891881967677e-06	-0.007732606780258315	0.004704419606487494	5.4232173903800857e-05
11.64	-8.315245477142028e-05	0.0003296272281715938	0.0031874012023865024	-0.00012097659704941699	-3.846392535504673e-05	0.002787523375670517	0.023382120599373276	0.005647675684863141	-3.617530743200352e-05	-0.0029032916785800235	0.008500952599819601	5.4096012796088176e-05
11.65	0.0001514811950281664	0.00030243891668998464	0.003186825587730715	-0.00011871867868126582	4.877316733292516e-05	0.002787898198999233	0.02157831868457453	-0.010854523656834708	-5.394361054650521e-05	0.0033183161318237155	0.008209436087962402	4.733682366819412e-05
11.66	0.00031353180949832604	0.00012998094510380882	0.0031863755576167162	-5.991991991376589e-05	0.00011273472426692711	0.002788151765115637	0.009465292932151382	-0.022189090675168614	-3.328027572780935e-05	0.007954557365939315	0.00403288766976485	-1.487349811920821e-05
11.67	0.00032533222070248744	-0.0001051439085383809	0.003186403284589589	2.7586476777262683e-05	0.00012278845704228485	0.0027880065640788687	-0.007225286862323544	-0.022864777254143095	2.0899156071321544e-05	0.00882094079106996	-0.00211973912463687	-2.778427437722504e-05
11.68	0.00018114891100918224	-0.00028977184728751584	0.0031867629182698817	0.00010196869967604044	7.384076595628371e-05	0.0027875945824547845	-0.02040798058701216	-0.012524831779736395	3.423104688701155e-05	0.0054364425120483496	-0.007240648275481761	-4.5204138817971864e-05
11.690000000000001	-4.9645512671286876e-05	-0.00033550570441283345	0.0031871488523502567	0.00012762994646877207	-1.0350505944427928e-05	0.0027872597602118074	-0.02383476215222651	0.003749561797210139	3.270570571596124e-05	-0.0005097465599813449	-0.008883076938580212	-2.1539459586360923e-05
11.700000000000001	-0.00025681145318363007	-0.00022043107553632277	0.0031874739185779955	9.231299149242982e-05	-8.925082972067326e-05	0.0027869858385901835	-0.01585984811336645	0.018286325992319642	1.4705102885908932e-05	-0.006293769138258485	-0.006235070685229396	-1.350641623138871e-05
11.71	-0.0003406683707272687	5.084836651465128e-07	0.00318727398957399	1.2375556475090177e-05	-0.0001251949285682992	0.002787131555864008	-0.00022533412855978393	0.02400372461165022	-3.475673575465079e-05	-0.009041355604886107	-0.0006405808126744922	4.519036042579693e-05
11.72	-0.00026103924475472134	0.00022094468161227223	0.0031867108504579993	-7.363387470579707e-05	-0.00010110536632537997	0.0027879840369444157	0.015490251561905725	0.018219446141821083	-5.100344921330877e-05	-0.007438254401678432	0.005269207900099229	9.664064487763149e-05
11.73	-5.591727488478909e-05	0.0003355052069204216	0.0031862735433389167	-0.00012416107179814262	-2.8499775670295765e-05	0.002788841490922764	0.02381164853053523	0.0037231388116842398	-1.445909354759773e-05	-0.0022549210415707104	0.008631011491976679	7.02775051342495e-05
11.74	0.00017638133545562208	0.00028938094876696354	0.0031864885506667903	-0.00011508966552509106	5.754118015791912e-05	0.0027889308303488134	0.020713208788036324	-0.012547672011539685	8.103094318171523e-05	0.003983975143784606	0.007850124505922181	-3.622171387497616e-05
11.75	0.0003245592796945174	0.00010483101813111769	0.0031872260045244516	-5.081333679317142e-05	0.00011583318828440495	0.002788384851503296	0.007650125629867353	-0.022820522987739487	5.956030823121338e-05	0.008319177001858096	0.0033190959404390576	-5.5396303774378945e-05
11.76	0.0003171277894049463	-0.00012997458398055932	0.0031873994666151914	3.811342004485426e-05	0.00011833488964172838	0.002788124425480203	-0.009078473351111829	-0.022164838011526078	-3.225197523657474e-05	0.008696133386137964	-0.0028259380233234613	-1.1947315021991138e-05
11.770000000000001	0.00015750898010553752	-0.0003026272080842668	0.003186974916132763	0.00010873167205804542	6.397903388262849e-05	0.002787773898330026	-0.021499105371091537	-0.0109264237654673	-3.4235089691625444e-05	0.004832830205935142	-0.007598516682913016	-3.491919448202288e-05
11.780000000000001	-7.760051509341172e-05	-0.0003305397358458633	0.003186657327251632	0.00012691107191705166	-2.0952868104234976e-05	0.0027872386638115175	-0.023543380514543598	0.005601731146446195	-1.9385899991264543e-05	-0.0013594359728369872	-0.008706471078778562	-9.417826692869908e-05
11.790000000000001	-0.00027538834270519056	-0.0001999070927769148	0.0031866231616018113	8.409825507408487e-05	-9.586510680281775e-05	0.00278659399766063	-0.014336251099285777	0.01944217059921713	1.946851011791827e-05	-0.0068664198737889495	-0.005648571853150948	-2.1164763258135123e-05
11.8	-0.00034083730102462914	2.677159621093779e-05	0.003186892169284046	8.449077628599847e-07	-0.0001246137667364347	0.0027866424779830518	0.0017921808029309789	0.023971115833834492	2.3606448470478843e-05	-0.009076667138053985	0.00012986150898432823	2.850332552122889e-05
11.81	-0.00024234904025973776	0.0002404621602847773	0.0031869752155660722	-8.294914408438399e-05	-9.335290566269261e-05	0.0027871730783011767	0.017062184827583787	0.016978269951357365	-8.956244805243324e-06	-0.006962909889056047	0.005853031330635624	4.602088179724994e-05
11.82	-2.74011109023865e-05	0.00033865534199315205	0.0031871262153121698	-0.00012691464772983225	-1.7197656722188364e-05	0.0027872763374259925	0.02411473745238471	0.0018498271191943153	4.438257325131732e-05	-0.0014523821082746055	0.008731616350201959	-2.1363302971369945e-05
11.83	0.00020075393907671582	0.0002741222288818026	0.0031875302076989267	-0.00010964479731008912	6.710919581991294e-05	0.002787080456825185	0.019610205512959843	-0.01419656650220468	-1.3735166683531183e-06	0.004754242237706125	0.007437965786702291	1.380706903716034e-06
11.84	0.00033236261756759515	7.805746620971119e-05	0.0031874116343729776	-3.9624745660529564e-05	0.00011943076630099896	0.0027873393309709193	0.005639032593062271	-0.023376155315547348	-4.711850798967126e-05	0.008649974758910689	0.002588769825707657	6.305295974222522e-05
11.850000000000001	0.000304428921386741	-0.00015531724015290557	0.0031868307542176283	4.945923474937402e-05	0.00011460943933111839	0.0027881129697389013	-0.010988374003449009	-0.021317205293250343	-5.7224379408616645e-05	0.0084092809237442	-0.0035199945316939023	6.823631304004113e-05
11.860000000000001	0.000130263418389349	-0.00031404211920922604	0.0031865532696239173	0.00011491470821984364	5.487292839177363e-05	0.0027882071231373415	-0.022363736108193717	-0.00908200445812567	1.2271738233902972e-05	0.004123851757376479	-0.007933600879322917	-5.874414090476106e-05
11.870000000000001	-0.00010651900192383921	-0.00032222503793648407	0.0031872397906769464	0.00012526679113781034	-3.115298898714061e-05	0.0027876427175281314	-0.022982464243068663	0.0075184904079271695	7.596241801968735e-05	-0.002159628827988292	-0.0085428090813734	-4.1261575021556904e-05
11.88	-0.0002921375173663809	-0.00017572012291520344	0.0031875830757024204	7.510139298439002e-05	-0.00010229456130820603	0.0027870757194042714	-0.012561974229696028	0.02057133974654864	-2.0053117170885325e-05	-0.00745926373719495	-0.005076178301381416	-5.961656341330407e-05
11.89	-0.0003373017026382122	5.536848017881327e-05	0.003187200300880993	-1.1436086153184852e-05	-0.00012471148694122227	0.0027867424286888093	0.003903853255677221	0.023714628194608033	-5.390015459859246e-05	-0.00913020328119216	0.0007770712760147767	-2.1258075827896854e-05
11.9	-0.0002204374977613243	0.00026016934979511495	0.003186764893211843	-9.265805682277568e-05	-8.732985664771381e-05	0.002786816027870235	0.018450671862937976	0.015523724266924442	-4.8578579551086424e-05	-0.006450189401331598	0.006391309853480666	2.621046194142185e-05
11.91	1.919826407518726e-06	0.00034053232098666915	0.0031866856081255164	-0.00012980331015446464	-7.454454137802288e-06	0.0027872331844738534	0.02415478062497589	-0.00011790407639726445	-9.443022892007247e-06	-0.000672603310602144	0.008917947543344929	7.585128144912932e-05
11.92	0.00022321460934009006	0.00025764411233353355	0.0031864883804850527	-0.00010480638435134021	7.632828586827518e-05	0.002788038725559031	0.018249357186892978	-0.01577269928369903	-2.1678368235606993e-05	0.005429735250672463	0.007127047678525147	7.879901053263075e-05
11.93	0.00033699542973243294	5.0898092002582134e-05	0.003186405520363981	-2.9846313752082487e-05	0.0001236679378925739	0.002788839390311527	0.0035774602773368564	-0.023833425947737772	1.2588455890901378e-05	0.008931670294231791	0.0019401530967171467	7.25457699869047e-05
11.940000000000001	0.00028894077055168215	-0.00018047193085170144	0.0031869313887850454	5.930636259963195e-05	0.00011212299975614576	0.0027895616689393513	-0.012771982497163763	-0.020483417770589648	9.27738441624026e-05	0.008153369908768212	-0.004165829588789084	6.319426303608866e-05
11.950000000000001	0.00010258102639059083	-0.0003256908184408803	0.003187859257178733	0.0001200246393683199	4.7267871794861006e-05	0.0027895799467131444	-0.02294363306807016	-0.0073303246263943566	7.737813050633643e-05	0.0035035746871387077	-0.008280010947593796	-5.393269489768758e-05
11.96	-0.00013313651480982192	-0.00031493102631621723	0.0031883369729080848	0.00012336051767910917	-4.0033270850549e-05	0.0027885152687404805	-0.02220166537854391	0.009395636315290626	9.883537088859573e-06	-0.0028693014000393006	-0.008499025062604167	-0.00012384017126044548
11.97	-0.00030494664757292904	-0.00015320364067186135	0.003187712845820233	6.709177050050949e-05	-0.00010864317981404173	0.002787668535455276	-0.010731410870432332	0.021580110007911154	-0.00010376485718767306	-0.007900148644196917	-0.004632795012438728	-6.110857662141961e-05
11.98	-0.00033026395123152017	8.167678784493546e-05	0.0031865572858638743	-2.155104668758238e-05	-0.00012533766850675708	0.0027871482608805777	0.005853190354998966	0.023412245328758748	-8.136455351496569e-05	-0.009057273366889653	0.0014219898905745065	-5.4651284777532294e-05
11.99	-0.00019716133405729515	0.0002772943914624435	0.003185975221519907	-9.943078258718845e-05	-8.219872224302606e-05	0.0027869057064657354	0.01967313922611833	0.014048522189418839	-9.103083125320953e-06	-0.005883880924101676	0.006864049549021208	1.0429648206526493e-05
12.0	3.086749393495516e-05	0.00033983146603922573	0.003186133102892614	-0.00012962341203332374	5.657619616879484e-07	0.0027872418913365772	0.024003068606077756	-0.0020641757389113797	2.5391655297560238e-05	0.00010983247697663212	0.008986649667198181	7.119865073830136e-05
12.01	0.00024388585484355974	0.0002392425084442048	0.003186460452511385	-9.749196205799962e-05	8.32695637531204e-05	0.0027881116517209986	0.016823297696444212	-0.017209959682546103	6.201003380341304e-05	0.006034651587314878	0.006837935589220821	0.00010428222004166066
12.020000000000001	0.0003398294103749433	2.3818065238234636e-05	0.0031869667853056684	-1.8731380308349507e-05	0.00012602994680523658	0.002789147385826033	0.0015800200752738999	-0.024064306206279504	5.764355077853191e-05	0.009069250121173567	0.0013529634632116602	0.00010513156332486909
12.030000000000001	0.00027279953038614044	-0.00020303909959398775	0.003187128663941991	6.889316846849497e-05	0.00010856331806387448	0.002789711638669448	-0.014423889279781473	-0.01940576195420904	-9.930910494393262e-06	0.00771937747106658	-0.004718260443004069	2.1997258408521953e-05
12.040000000000001	7.499189479621823e-05	-0.00033280516109862097	0.0031870192479460614	0.00012330780400826287	3.9361140106414444e-05	0.0027895265540946192	-0.023482567222497596	-0.005446081143800116	-1.6257148035116958e-05	0.002711563689233579	-0.008557956481653974	-3.3679199641134205e-05
12.05	-0.00015860446710848182	-0.00030298674507545754	0.0031868794657763516	0.00011855523343756326	-4.8631940659013656e-05	0.0027888217529345623	-0.0212998391824616	0.011152919192366585	-1.3392977793702934e-05	-0.0036231420820402333	-0.008305018474776256	-8.86204361941725e-05
12.06	-0.00031637256877038706	-0.00012787470825040688	0.003186415495336115	5.706480902870371e-05	-0.00011321290258290062	0.002787830866014883	-0.008917066620786892	0.022373074901395888	-7.569070625420462e-05	-0.008189320913408883	-0.004045421969655196	-9.275953075547986e-05
12.07	-0.00032238207355733656	0.00010849852493754489	0.003185772946304549	-3.1778387574254015e-05	-0.00012320875169564145	0.0027869100411550183	0.007738312869494552	0.022915082725431427	-5.4076496547671573e-05	-0.008849793446975746	0.0021152345465778304	-7.878730283398997e-05
12.08	-0.000174056136057739	0.00029324669066903557	0.003185570888468251	-0.00010553751161914629	-7.424627871448218e-05	0.002786416635755927	0.02069502555644612	0.01248309651272381	1.2784308087457735e-05	-0.005279750966318671	0.007257635219795148	-1.6513225447319165e-05
12.09	5.800536054187131e-05	0.00033765665752829487	0.003185786571473457	-0.00012895302666791127	1.050610616670011e-05	0.0027869202689538362	0.023756116922969885	-0.003982540943206978	4.077279037363743e-05	0.000788188252558514	0.008963664822572484	0.00010262861252004035
12.100000000000001	0.00026253246018774024	0.00021989417055872902	0.00318615887509803	-9.073632585881097e-05	9.060865644873608e-05	0.0027882823289188258	0.015405366654165482	-0.018579258045174026	3.6456989007245225e-05	0.006530964381318592	0.006358843917032409	0.0001453427653283863
12.110000000000001	0.0003410872021538127	-3.272222805324445e-06	0.003186734899053557	-8.861826283375623e-06	0.0001270370236509602	0.002789417974789276	-0.000339924654665952	-0.02417800108974508	8.375232535421939e-05	0.009142610357095871	0.0006375321491153784	7.796891110572575e-05
12.120000000000001	0.00025640245456414574	-0.0002247071397724202	0.0031875412518083198	7.703517346316939e-05	0.0001025695410476562	0.002789811106410461	-0.01588242462436753	-0.018269982581389597	5.5047977978029055e-05	0.00733258046471263	-0.00534047396746435	-6.149562892754623e-06
12.13	4.871293042919494e-05	-0.0003385741278872285	0.00318780464209787	0.0001260281979779878	2.895998191866941e-05	0.002789282003066645	-0.02387114770969183	-0.0035673310850746834	-1.1677131460011622e-05	0.0020385122635533685	-0.008765349222458904	-8.06833181181482e-05
12.14	-0.00018218139918893444	-0.0002899861764576885	0.0031872645380136115	0.00011460612488652375	-5.8557850285734524e-05	0.002788322914514997	-0.020360410019195033	0.012874382606249598	-7.959031311507933e-05	-0.0042093170107917405	-0.00799986669496695	-0.00010660716964681108
12.15	-0.0003255874359157196	-0.0001021623642588776	0.003186220537190481	4.837673518941035e-05	-0.00011822205540575572	0.002787262625916666	-0.0071098261705784165	0.02311839559178541	-9.776937879895114e-05	-0.008455331596064045	-0.0034309843073062674	-0.00011223360870806489
12.16	-0.0003127636694256952	0.00013482996940155118	0.003185533998077448	-4.0887680998787794e-05	-0.00012117967576630072	0.0027864166503979684	0.00955306197327526	0.022268370937045236	-3.59649523943198e-05	-0.008633574202503106	0.0028497000607631724	-7.958989990513682e-05
12.17	-0.00015013795280013217	0.0003071232563505864	0.0031855520041236493	-0.00011040589614014489	-6.582761979109573e-05	0.0027860170659360587	0.021631767554414365	0.010727726130350713	2.6555741570621447e-05	-0.004693370400566549	0.007753959299214325	4.2699585286887124e-06
12.18	8.464216864301227e-05	0.0003318150611024105	0.0031860269224283813	-0.00012691083525592957	2.1322304608747656e-05	0.002786475399907735	0.02336732869001046	-0.0059812792151601995	4.707337948462833e-05	0.0015271118029855635	0.008936837750003292	7.031461103793552e-05
12.190000000000001	0.00027902536518762327	0.0001972310165079578	0.0031865427015092644	-8.254095422726634e-05	9.849741187901844e-05	0.00278756562669022	0.013886106918132135	-0.019812709688903828	3.2645269551620414e-05	0.006974565782266702	0.0058322246243305105	0.00014763911808796616
12.200000000000001	0.00033961372804405685	-3.212879750263766e-05	0.0031869080841397377	1.473971948664319e-06	0.00012837328145433286	0.002789180626618897	-0.002277198114073641	-0.024128624197532412	4.964728929584771e-05	0.009117309965505275	-8.721416120189651e-05	0.00015280060218803254
12.21	0.0002371018942554088	-0.0002460731489133428	0.003187418400346409	8.496146669482001e-05	9.675988418059243e-05	0.0027904212660001633	-0.01735176241647609	-0.016879017855015825	3.7614502464370834e-05	0.006866829693547456	-0.00593961477540792	9.60532275721109e-05
12.22	2.1064787591567803e-05	-0.0003423767354964038	0.0031876478877146423	0.00012776541622581334	1.9226384290062332e-05	0.0027907880903806893	-0.024048646017419708	-0.0015822671732129954	-7.702499500127261e-06	0.00130199620711378	-0.008928745841701046	-8.717334867343701e-06
12.23	-0.00020469631059529016	-0.00027493882363528515	0.003187176626154776	0.0001090615048845887	-6.715173116660099e-05	0.002789700911828098	-0.019231742501739164	0.014507955761252035	-9.200988398757978e-05	-0.0048941480363792105	-0.007634002942980229	-0.00018805347347912774
12.24	-0.00033231581155085876	-7.578738895401053e-05	0.0031861795110798164	3.796884828443527e-05	-0.0001210167348034589	0.002787751286793912	-0.005241611636117536	0.02364284333257454	-8.954053402032945e-05	-0.008711348094335705	-0.002696677766720169	-0.0002038667007193092
12.25	-0.0003009774416667204	0.00015953311880927042	0.0031857621808301885	-5.1134278998451514e-05	-0.00011682026509552932	0.002786093239709104	0.011278468275589327	0.021450887473705042	2.5941366835918773e-05	-0.008387082219379853	0.0034826434662479275	-0.00010327922279803879
12.26	-0.00012500261863183367	0.0003181452894159946	0.0031862995037902123	-0.00011603688720364825	-5.6641040183015954e-05	0.0027854812259708386	0.022450098407227045	0.008930390802905759	7.00708148663852e-05	-0.004054329482886019	0.008053370291663125	-8.615891327601048e-06
12.270000000000001	0.00011124030719117306	0.00032371600510897	0.0031869030219783003	-0.00012589578477948537	3.119776104312899e-05	0.002786276554965636	0.02280945702393137	-0.00787331795758073	4.802888471577588e-05	0.0021871242031162594	0.00878473215615546	0.00015382777044828274
12.280000000000001	0.00029406162482228086	0.00017368652549748536	0.003187013965986539	-7.556265301824047e-05	0.00010448470590701437	0.0027880013433508335	0.012222277336971246	-0.020862508960626712	-1.7659489428315165e-05	0.007449278148916311	0.005255562108924858	0.00017971212589146934
12.290000000000001	0.00033599030117738055	-5.949729296669432e-05	0.0031867561523842335	1.0885496680028677e-05	0.00012768563749569978	0.0027897296064936816	-0.0041894470873974805	-0.02381499651147266	-1.6520633139276502e-05	0.0091271953788501	-0.0008181315548319651	0.0001375799462992149
12.3	0.00021691931606278932	-0.0002640431166913831	0.003186426685206448	9.18435554769881e-05	8.961562945337824e-05	0.002790447689785679	-0.018634728211816744	-0.015389437459951067	-4.1022977756510245e-05	0.006412783394765502	-0.0064905696732270425	1.7115484695297903e-05
12.31	-6.3140790653219394e-06	-0.0003420027837892015	0.003186277877789607	0.00012870235538163616	8.62008306437422e-06	0.0027900696878055747	-0.02413522016059817	0.0004442871523096929	1.1637778227977355e-05	0.0006433884954267411	-0.009016619973374954	-0.00011308710813203764
12.32	-0.0002266609130403843	-0.0002561125802129328	0.0031863817888429288	0.00010369878820245804	-7.626447211673995e-05	0.0027886507204808275	-0.01807727760232215	0.016040066103821766	-4.320320667212123e-06	-0.005405373505540741	-0.007268418268076121	-0.00016745583360701965
12.33	-0.00033820701893876655	-4.717692086524994e-05	0.003186330582999237	2.9315177572777523e-05	-0.00012484134999468275	0.002787111345693735	-0.0032956898478652113	0.02400079884515358	2.280979662110884e-06	-0.008862011916900347	-0.00203934633514498	-0.00013312591432588537
12.34	-0.0002872881377771084	0.0001845848904639006	0.003186392036488032	-5.904125534925446e-05	-0.00011347714172421273	0.0027863949332811735	0.013015870998925337	0.020416437764881376	3.212419861034725e-05	-0.008091338082470857	0.004225050802243816	-2.6056180288368005e-05
12.350000000000001	-9.842608599382196e-05	0.0003274139784278988	0.0031866955589937352	-0.00011937750535187365	-4.728916229934157e-05	0.002786474862177135	0.023127472927656226	0.006960575769166688	3.728770139100968e-05	-0.0034546420334342974	0.008460917937685586	3.4903627020592804e-05
12.360000000000001	0.0001375760831881085	0.0003128921813594746	0.0031869659003584774	-0.00012235507151000326	4.208514866862179e-05	0.0027871683345982	0.022067494208890176	-0.00972744080795271	8.79445995695651e-06	0.002878351607050131	0.008658341278518021	9.14781524965993e-05
12.370000000000001	0.00030720313763776174	0.000148273603113168	0.003186888384753026	-6.668191702795242e-05	0.00011158095969282496	0.002788489601053424	0.010434663975444678	-0.021803405600522033	-1.3810185973401555e-05	0.00781487588212935	0.00463657965718353	0.00011659612395784761
12.38	0.00032972432508977757	-8.763145420962591e-05	0.0031866028248832053	2.1015345571962808e-05	0.00012729480609831363	0.0027894878218014817	-0.0061316549233493564	-0.02338784449943735	-4.395847727116614e-05	0.008993863225314237	-0.0016039859586011154	8.8492832534105e-05
12.39	0.00019421866380492058	-0.0002813992568015375	0.0031862571826595638	9.854477831949917e-05	8.21357703769757e-05	0.0027900569979646284	-0.019825883225487013	-0.013729423113869517	-2.4795111527288543e-05	0.0058460380813438705	-0.007062520994255886	4.7139965825805675e-05
12.4	-3.45185558964624e-05	-0.0003400220476927759	0.0031860615131097877	0.00012856109622974037	-2.075238083740611e-06	0.0027901063928198588	-0.02400576383370948	0.002491528595400416	9.541201720995817e-06	-8.236524868375543e-05	-0.009072314949093259	-4.7564744454198164e-05
12.41	-0.00024687150889322673	-0.00023573850714647294	0.0031863021416020983	9.705331696190859e-05	-8.483982249773078e-05	0.0027893419365517436	-0.016692904901024708	0.017490674426760076	5.5440441203647765e-05	-0.005934210086982271	-0.0067906678222956025	-0.00010207425821292774
12.42	-0.00034131306012542443	-1.8433414632044303e-05	0.0031870703510952125	1.9326616483743182e-05	-0.000127035089571134	0.002788107473980974	-0.0013831126566489008	0.024145055840348043	7.147538097861112e-05	-0.00897312400303291	-0.0012763961193332418	-0.00012319950350166243
12.43	-0.00027202073882491345	0.00020759666850118276	0.0031874862549972137	-6.770240093623798e-05	-0.00010839658944532592	0.0027870742564389908	0.014656905077709005	0.019154600302855915	5.952016980967456e-06	-0.007695855426438614	0.004836675216676607	-7.887485389242011e-05
12.440000000000001	-7.19797818580249e-05	0.00033365760539530773	0.0031871166466905716	-0.0001221987659902356	-3.8086028974003346e-05	0.002786661906009711	0.023673929036236448	0.004999503113115983	-7.21452074891904e-05	-0.002741122090712436	0.008631949506106571	2.374208000414335e-05
12.450000000000001	0.00016255473245309297	0.0002994966216955977	0.003186188772143735	-0.00011809281547461606	5.0291901540220424e-05	0.002787582052364555	0.021268472033890228	-0.011549025568315361	-9.980938489522477e-05	0.0035418753551365364	0.008318586932250984	0.00013057365257577918
12.46	0.00031899544863487906	0.00012164408920686697	0.0031856339819725894	-5.686628046303696e-05	0.00011462867246955223	0.0027889467992862076	0.008684988401996717	-0.022541948321411934	5.628288836786014e-06	0.008161079791501585	0.00400925613167639	0.00013589460084749002
12.47	0.00032250347482709303	-0.00011479200198653382	0.003186107317633432	3.176116908384476e-05	0.0001238375511090275	0.0027899516718106728	-0.00803869358232553	-0.022741872187259142	9.370536970791944e-05	0.00883105173146999	-0.00222388777246939	6.646295487039066e-05
12.48	0.00017141814862818835	-0.00029628107290625093	0.0031871409627647253	0.00010535068593861312	7.379467520226487e-05	0.002790269281565154	-0.020928990279825404	-0.012013201744240065	9.44658033039946e-05	0.0052650495471422525	-0.007341591452775988	-1.9162886416104093e-05
12.49	-6.18836665615509e-05	-0.0003358028903433418	0.0031878929561120783	0.0001286288958142264	-1.1230723816534015e-05	0.0027898655351688674	-0.02378710343991692	0.0044316082844749905	6.126600528741054e-05	-0.000808035863477103	-0.008962707710184602	-6.254980599602303e-05
12.5	-0.00026559265816568183	-0.00021468337210737485	0.003187607531929275	9.022014448202045e-05	-9.121739508627005e-05	0.0027888455088886615	-0.015246863611819015	0.0187744786298638	-0.00010434013096567526	-0.006534785664462024	-0.006345019997478808	-0.0001364320470594402
12.51	-0.00034192087657885476	9.548195510442275e-06	0.003186367675974989	8.624217692223525e-06	-0.00012773307814398083	0.002787333550093407	0.0006236098941430124	0.024167926644635993	-0.00012054581036095094	-0.009117881937073117	-0.0006414564259299698	-0.00014460380053560917
12.520000000000001	-0.00025421546914955185	0.00022936953316832329	0.003185318104660612	-7.737029377242486e-05	-0.00010270121108729346	0.0027863554297041853	0.016179141346747736	0.01794249252770362	-8.321476247699957e-05	-0.0073314217117865	0.005430422114533715	-3.3983286277529504e-05
12.530000000000001	-4.4726995287012174e-05	0.00033922359557914876	0.0031848359439507557	-0.00012608440824911308	-2.8146644062455286e-05	0.0027864612952785417	0.023969324762035036	0.003106540996082908	-5.577852633658946e-06	-0.002011578935715002	0.00886921286565288	3.992032038908948e-05
12.540000000000001	0.00018595650263935178	0.0002861097457152442	0.003185482381740412	-0.0001142136766552426	5.984333978265415e-05	0.0027874869616500144	0.02022949839993588	-0.013244063062305215	0.00011722470385959058	0.004256007674518773	0.00800878167954343	0.00012259890027078023
12.55	0.00032720996215938414	9.593996599262915e-05	0.003186806979838555	-4.767334788963555e-05	0.00011912435007056312	0.002788704960475974	0.006837320875764932	-0.02319319270774609	0.00011810631478020369	0.008500026808033412	0.003358192442562785	0.00010666714137708849
12.56	0.0003115057490776037	-0.00014001803528510307	0.003187699970334407	4.178961199086057e-05	0.00012145065298821616	0.0027893065787848678	-0.009829438650269659	-0.02201920866217232	4.586632643898094e-05	0.008627570271411615	-0.002913676641662186	1.1703875186498928e-05
12.57	0.00014638141331991714	-0.0003085289688818242	0.003187650298651276	0.00011093620035773688	6.557588960019617e-05	0.002789215851873458	-0.02179173513383305	-0.010265368295159092	-3.0619744638280025e-05	0.0046299777288712944	-0.007803104406993695	-5.7857210582025516e-05
12.58	-8.885607530567405e-05	-0.0003289839242270449	0.003187199319712446	0.00012669125795263447	-2.173122003237305e-05	0.0027886445300635103	-0.023307204417095433	0.0063665606887548555	-7.225924629900883e-05	-0.0015801523518272956	-0.008930911419455614	-4.123557243032324e-05
12.59	-0.00028177405387404107	-0.0001917769589713341	0.0031864257624720977	8.167100446897845e-05	-9.863551076973264e-05	0.0027883837040183616	-0.013656455916991578	0.019922607270017142	-9.348966363208247e-05	-0.0070292432295837376	-0.005830262017235638	-2.599241430020099e-05
12.600000000000001	-0.00033959495801207497	3.723543750158608e-05	0.0031856908906022973	-2.37679307764468e-06	-0.00012856287272516135	0.0027880035915444543	0.002586155000864168	0.023964904984136712	-4.195402214469539e-05	-0.00906619768593554	0.00010760014611668846	-5.3812326299924254e-05
12.610000000000001	-0.00023447986924667207	0.0002484238902959131	0.003185607477450514	-8.51368765767381e-05	-9.705402982289645e-05	0.0027871637880844415	0.017546241692950906	0.016511391339177034	1.2919621956528825e-05	-0.006802376447870248	0.005948297716758828	-9.249281658423463e-05
12.620000000000001	-1.712796735520556e-05	0.0003404005841623632	0.0031861642343263487	-0.00012723442202997883	-1.9094200283341534e-05	0.0027868901780048203	0.02408513243650713	0.0011225081973141756	8.621382225723525e-05	-0.0012655167265048855	0.00900917904089755	3.8661316545345343e-05
12.63	0.00020810454350743377	0.00026927294367337884	0.0031869624141125197	-0.00010832425828959791	6.843553673586575e-05	0.0027876541877922814	0.01909046496283954	-0.014769319155934763	7.883427290564352e-05	0.004886478268843473	0.007741134947510187	0.00010680364352555918
12.64	0.0003335031495326784	6.905113892458356e-05	0.0031875965045130147	-3.744369256628779e-05	0.00012327628960700493	0.002788790867748631	0.004916824556858375	-0.023597421936982957	2.9331460857601122e-05	0.008677650410396342	0.0027682175459209273	9.9083407461076e-05
12.65	0.0002987751828784533	-0.0001644156911852827	0.0031876907399574356	5.124268254855506e-05	0.00011925887498718847	0.0027894950260891394	-0.011590471193443861	-0.021130018574569837	-3.767369830042483e-05	0.008324814156019884	-0.0035327075489234323	3.789193309548066e-05
12.66	0.00012049344252549405	-0.00031910577156446496	0.003187103593890073	0.00011526410090062913	5.8153951288968195e-05	0.002789282222536734	-0.02256090935902782	-0.008489969205905026	-0.00010320743803776873	0.003947686311152844	-0.008161669988041518	-6.283280940170259e-05
12.67	-0.00011567983854584579	-0.00032068704331804707	0.0031859239729682474	0.0001237628663784105	-3.0596568163343436e-05	0.002788391118001493	-0.022688334985848903	0.00819631416257212	-9.778283186442577e-05	-0.0022937443796552472	-0.00887340474449148	-9.29715251233464e-05
12.680000000000001	-0.0002962733801832874	-0.00016846556925224988	0.0031850107160267174	7.29979075528936e-05	-0.0001047182639806632	0.0027874342559747567	-0.011917713105242238	0.020970743462259217	-6.822298029395697e-05	-0.007451132183440819	-0.005322848078769602	-9.170575428504346e-05
12.690000000000001	-0.00033487054499617777	6.442102776606026e-05	0.0031847518729752155	-1.281474411201569e-05	-0.0001286179604239875	0.0027867329503927962	0.004545338563378473	0.023660498440050595	2.6977575014755906e-05	-0.009004779844214127	0.0007423291948084294	-4.4931696715272606e-05
12.700000000000001	-0.00021256365269819034	0.00026656510664994004	0.003185355599919515	-9.260780597033605e-05	-9.087941964801009e-05	0.002786589891491095	0.018885001859834858	0.015074797426819313	0.00011994283110884788	-0.0062637265647374745	0.006479489825755648	4.692495766307712e-05
12.71	1.188502641984747e-05	0.0003412087889088135	0.0031866112024259833	-0.00012816153402806833	-9.553889901711758e-06	0.0027873727024466406	0.024117103540951975	-0.0007891923159574994	0.00010692868657107353	-0.000537539917165027	0.009102352480118855	0.00011954568017434569
12.72	0.00023049616583489975	0.00025214748945359103	0.0031873310123216106	-0.00010225500664204962	7.646257153434635e-05	0.0027887745090271485	0.017762500883388165	-0.016300208689306636	2.3450549175670147e-05	0.005496947552796306	0.007340310599261933	0.0001305511825322208
12.73	0.00033840314376742877	4.183268366935307e-05	0.0031871674089859066	-2.7286286316644394e-05	0.00012592144801165534	0.002789910581241307	0.0028967350888261527	-0.02399995501956802	-5.575918445853307e-05	0.008875806553764118	0.0020862426644229306	9.380132818265245e-05
12.74	0.0002840159342265561	-0.00018890582469966095	0.003186480115055336	6.0715697698225925e-05	0.00011525465457085624	0.00279046898799398	-0.013320378541104572	-0.020211753184078137	-5.7964178778125675e-05	0.00799897237897472	-0.00414068012899479	4.297705833347427e-06
12.75	9.369173752359812e-05	-0.0003292038205793506	0.0031858034275406505	0.00011969880290181001	4.958763042626691e-05	0.002790061000795245	-0.023158419844388854	-0.006649215206240606	-4.48224428279134e-05	0.0033152514116506007	-0.00843320083189922	-9.552465908831305e-05
12.76	-0.00014160051103582696	-0.00031142805460164074	0.0031855174108873898	0.00012143848694762165	-3.9693234691916875e-05	0.0027890007780569043	-0.021913559836466784	0.010044411336112223	6.698442526087078e-06	-0.002983583427645026	-0.008682384210556613	-0.00012251002707002135
12.770000000000001	-0.00030901627913072695	-0.0001446363132075268	0.0031858484742653256	6.518967389449339e-05	-0.0001096356047910249	0.002787903011515967	-0.010172170722911524	0.021904190541029808	5.358092461783336e-05	-0.007811084076294354	-0.00472079375724023	-9.145628895262165e-05
12.780000000000001	-0.00032845198935017503	9.13398462822486e-05	0.0031865797069120525	-2.226607166263397e-05	-0.00012655447240621093	0.0027870205670960995	0.0064343712345357644	0.02330046096667978	8.903634571286158e-05	-0.008952723646965264	0.0014730853889998498	-9.162932601156257e-05
12.790000000000001	-0.00019063411809771283	0.00028352872911615673	0.0031872124555753652	-9.94275535324861e-05	-8.261112725610211e-05	0.0027867572494858148	0.01996821908097527	0.01350178900153904	4.0981015844148076e-05	-0.005822169898225075	0.0069760402815250405	1.169239367149596e-05
12.8	3.857047097996999e-05	0.00033937640631681495	0.00318731535662839	-0.00012899798947440803	1.3722129392526687e-06	0.0027873984347539828	0.023936155467985776	-0.00279559086576889	-6.791227182700669e-06	0.00015071849699957085	0.009143257645428662	0.00011070768680630367
12.81	0.0002493626405821773	0.00023238033502537143	0.003186928597346956	-9.679598329876884e-05	8.519132791270946e-05	0.0027888562799282418	0.01645493791962261	-0.017712114032373532	-3.426253258988858e-05	0.006046983747983614	0.006898948260313096	0.00014820664844827943
12.82	0.00034088247838111676	1.376122244644383e-05	0.0031862850186613317	-1.822384971030779e-05	0.0001280428850177716	0.0027902828615803026	0.001081976925020481	-0.024149606109743375	-6.94543347989553e-05	0.008993950003113291	0.0013080646140595804	0.00011011257981191428
12.83	0.0002692972398636646	-0.00021128017227300751	0.0031857081188106495	6.864053565668723e-05	0.00010932937875456899	0.0027909117504019794	-0.014813864205894957	-0.018986796557824228	-4.0185271070951576e-05	0.007639241964628426	-0.0048797070218378905	2.291965591212631e-05
12.84	6.876054480818907e-05	-0.00033490191480130055	0.0031854194432556146	0.00012216249721651632	3.8517315650651874e-05	0.002790629938503073	-0.023618591535218437	-0.004698941110904485	-1.21058343039818e-05	0.0026550354471404063	-0.008692352333782639	-7.376360761779498e-05
12.850000000000001	-0.00016466201023921563	-0.0002979333184719313	0.003185533502789937	0.00011755166423300191	-5.0514931993122764e-05	0.00278958192578605	-0.02112812336136401	0.011792596824779903	5.831377460076653e-05	-0.0035626449714710774	-0.008354116719776546	-0.0001602989082659456
12.860000000000001	-0.0003192980906763002	-0.00011807733366651056	0.0031862226333322103	5.668343222476671e-05	-0.00011520314472245502	0.00278749382414399	-0.008514568649078213	0.02268868239122383	6.916621838164664e-05	-0.008115295296839723	-0.004036401719213936	-0.0002294338513159669
12.870000000000001	-0.0003207716467891137	0.00011887203873425323	0.0031868509746324895	-3.164190868035651e-05	-0.00012476683616672395	0.002785530739348669	0.008237949383362298	0.022696254811942155	2.6742307333614174e-05	-0.008821518035042646	0.0022273255545406886	-0.00012339550092000677
12.88	-0.00016791881422630552	0.00029847112072116806	0.003186963299084933	-0.00010518269011301175	-7.434186017169276e-05	0.002785520188587915	0.021015264365537294	0.011711942486656648	-2.045918220081375e-05	-0.005265641865071575	0.007421958376055771	0.00010364417671128377
12.89	6.536420356612605e-05	0.00033436278532023977	0.003186359925215476	-0.00012829581242382264	1.2044375788456636e-05	0.002787356203462551	0.02366932282818631	-0.004837055714501483	-8.819207795402676e-05	0.0008343228944580149	0.009117604297268635	0.0002445868775765853
12.9	0.0002673070793335372	0.00021002508835573353	0.003185569453922961	-8.990147410736663e-05	9.303000914189236e-05	0.0027899397772564866	0.0150300183161369	-0.019004687406181858	-3.4649082471525045e-05	0.006509741830827945	0.006392239940768982	0.00025095118109724453
12.91	0.00034118109425081107	-1.5049032976882697e-05	0.003185536813341845	-8.737563220967296e-06	0.00012943271360787485	0.002792074067565133	-0.0008720225754148261	-0.024129076132425833	3.009264138935122e-05	0.009028683379791388	0.0005768604672521727	0.00014512419292574122
12.92	0.00025169132841223904	-0.00023333833542026164	0.003186212106805683	7.612331827454199e-05	0.00010392004116115757	0.0027924456759275094	-0.016308332012887602	-0.017702710292008997	8.653210682336961e-05	0.007241124720408447	-0.00548959099162802	-4.8064643529668416e-05
12.930000000000001	4.161319144359438e-05	-0.0003399623158483316	0.003186785561733963	0.00012404823052637485	2.8720120390305963e-05	0.002790886041189766	-0.023927482453983982	-0.002712693334011642	2.350494133046082e-05	0.0019656038543827904	-0.00893099744427809	-0.0002326257180348118
12.940000000000001	-0.00018816337314158106	-0.0002834478396955696	0.003187025328607469	0.00011263476329982934	-6.0130395002000864e-05	0.0027881920541941866	-0.020111956322498157	0.013558335572697776	3.131375416382984e-05	-0.004164146765890805	-0.008120073041721368	-0.0002827198232023404
12.950000000000001	-0.0003275614930920238	-9.090717824452616e-05	0.0031871744763947666	4.7297053449936607e-05	-0.00012037574652443488	0.0027855507200893904	-0.006603273284731884	0.023346031153794092	-2.6462176669967418e-05	-0.008368256258478493	-0.0034385261839317053	-0.00023166902287692946
12.96	-0.00030960671642083317	0.00014519394364285272	0.0031866283130445633	-4.1403641684578584e-05	-0.00012283335725818558	0.002784343418661692	0.010066629391498938	0.02190569813363956	-7.849698900755154e-05	-0.008621271033562413	0.0029562245290995974	3.6148194752584913e-06
12.97	-0.00014238691219959867	0.0003115938890326727	0.0031856328039436693	-0.00011042644926465722	-6.598982365484414e-05	0.0027855267996724814	0.02195937045278778	0.009975059165294214	-0.0001159969432483702	-0.004613510314042162	0.00791993490225209	0.00022247252946351313
12.98	9.343027194519688e-05	0.0003286147783491214	0.003184722208102014	-0.00012651241924890985	2.2612812959688784e-05	0.0027883312774356394	0.023221214819228807	-0.006733486849119909	-5.9522224494464045e-05	0.0015488241574998002	0.009065237962065754	0.00029563585860789115
12.99	0.00028469766030979495	0.0001879900418874758	0.003184684414181303	-8.190167212203724e-05	0.0001003177998687164	0.002790942331022609	0.013414158286747233	-0.02021318648531731	8.996533071198359e-05	0.006979755296646851	0.005808701441966344	0.00021749200595419564
13.0	0.00033990214837652726	-4.267471466054187e-05	0.0031860281262259043	1.6662709395063419e-06	0.0001293922517189196	0.00279227438366334	-0.002857718362055541	-0.02397356299412469	0.00016699528563567735	0.009016678955726585	-0.00022417016775556358	4.30231162006574e-05
13.01	0.00023225196603363248	-0.0002530480857606371	0.0031876105385843026	8.405529862804701e-05	9.636699055140497e-05	0.002791901163019187	-0.017757013054306076	-0.016306601662682305	9.617090938214257e-05	0.006737776312686958	-0.006120196855502842	-0.00011726157189649286
13.020000000000001	1.3389338406099838e-05	-0.0003420525586555255	0.003187854676342811	0.0001256829403715463	1.7098609738701347e-05	0.002790019171899221	-0.024173432853587567	-0.0007674681754892429	-4.122165580432177e-05	0.0012493644663565233	-0.00905546875279285	-0.0002469291625452945
13.030000000000001	-0.00021191121176911457	-0.00026707247877980403	0.0031871715189983954	0.00010740558231603784	-7.034156352687673e-05	0.0027874724346403173	-0.018997993769983488	0.015140873774827571	-0.00010434639412800597	-0.004791283111183117	-0.0076531039650586915	-0.0002661528915498117
13.040000000000001	-0.00033564839180337384	-6.385421333988892e-05	0.0031857765372952473	3.762321203049723e-05	-0.0001238940169706275	0.002785043184139693	-0.0047087062406009845	0.023770067195154596	-0.00014058621411066198	-0.008588049886378376	-0.0026081526958424126	-0.0001740275254131688
13.05	-0.00029772258531199786	0.000169785557241381	0.003184518837008118	-5.056863384748781e-05	-0.00011795889279545041	0.002784498726172754	0.01194676570375049	0.02099604061050573	-0.00011098321203137465	-0.008310135567671408	0.0037325771691825308	3.742346938581523e-05
13.06	-0.00011647189408562185	0.0003219776006538421	0.003184017145203789	-0.000114940157259853	-5.5386325373941834e-05	0.0027858600201902985	0.022762922861175008	0.008172508727577977	2.3751620935359737e-05	-0.0040066791342375984	0.008258832565372711	0.00021182308553957202
13.07	0.00012056482572517336	0.00031967794887858425	0.0031849342746861718	-0.0001241820835831832	3.365572908574348e-05	0.002788487031715725	0.022631673098059815	-0.008603765139607499	0.00014812593669501252	0.00224925624659121	0.008793881904314278	0.00030571559373801293
13.08	0.0002996436228326644	0.00016391903454019284	0.003186675370553002	-7.373943442247834e-05	0.0001062590944594902	0.002791310004334283	0.011664150700882718	-0.021215434890051357	0.00017105788774734274	0.007433738762217923	0.00512954047881707	0.00023874343032801324
13.09	0.00033505108220410615	-7.032504967885648e-05	0.0031880924892943798	1.2213921994773233e-05	0.00012801305400911295	0.0027924800537967114	-0.004903019844275504	-0.023674746920935737	7.187558451033919e-05	0.009020557620248434	-0.0009482494992440259	8.716718758278116e-06
13.100000000000001	0.0002096413541144243	-0.0002710098272517639	0.0031883307499167984	9.208484604732274e-05	8.893032463701202e-05	0.002791490137041446	-0.019131710182732867	-0.01478373628648537	-2.8272320995603893e-05	0.0062994939163421824	-0.006547499069408409	-0.00018684133578459103
13.110000000000001	-1.6246326285121595e-05	-0.00034176956939776257	0.0031873748715322073	0.00012771798031873324	7.338308707246606e-06	0.002789351153824944	-0.02416077833954567	0.0012160747238650193	-0.00013836225209233464	0.0005456891908856052	-0.00905841881659374	-0.0002170333473956612
13.120000000000001	-0.00023437972475420614	-0.00024879956150098754	0.0031859251951367185	0.00010219543421643259	-7.749605134067531e-05	0.002787231564363785	-0.017636366587274674	0.016616723285263337	-0.00013727485141848847	-0.005451706824153149	-0.007218419454517384	-0.00020571456123696837
13.13	-0.0003399925445503011	-3.660033207215537e-05	0.003184749402873801	2.744810289848644e-05	-0.00012518560673326182	0.002785740373606358	-0.0026247141525666587	0.024038217786859647	-0.00010309457908089055	-0.008850411806672375	-0.0019300577986171134	-6.115156552810491e-05
13.14	-0.0002825060642213255	0.0001931601222867517	0.0031841390784641	-6.04937113253628e-05	-0.0001128003153552186	0.0027860797476962937	0.013615406358353278	0.019963720677434797	5.964631278731486e-06	-0.007979210638728468	0.004302288253419702	8.88276237732741e-05
13.15	-8.980836294466741e-05	0.00033005090933525935	0.003184923586381627	-0.00011959331166349217	-4.608582138246482e-05	0.0027873868721349226	0.0233038674834258	0.006275212042598837	0.0001426691698859289	-0.0033122472848475773	0.008469506451338336	0.00014662769852267978
13.16	0.00014580583557965458	0.0003085198663567996	0.00318661401092683	-0.00012128620055105003	4.289114846826568e-05	0.0027885442850048734	0.02182432193268016	-0.010402436986513617	0.00019025954087203926	0.0029897753637436225	0.008572650252853996	9.93544355774843e-05
13.17	0.00031141158068862576	0.00013915799708597297	0.003188018034490142	-6.45896271536643e-05	0.00011138912446676342	0.0027892356196707983	0.009864289646577094	-0.02203338142410039	7.170638433692003e-05	0.007860166268726898	0.0045516595637158964	2.279661006506011e-05
13.180000000000001	0.0003273983351102046	-9.657832280368237e-05	0.0031881131316249907	2.322632228922692e-05	0.00012667255441907414	0.002789159699915257	-0.006799279065284904	-0.023139367451419177	-2.9323911450535675e-05	0.008966265987794262	-0.0016225115826532539	-3.79539119471685e-05
13.190000000000001	0.00018635424186515186	-0.0002862691882596907	0.0031871574823962023	9.983294194981181e-05	8.126809100927308e-05	0.002788840608543856	-0.020211645232803548	-0.013187557190658368	-0.0001312760755875253	0.005722248633967063	-0.007094914774923341	-3.6424559522173564e-05
13.200000000000001	-4.3865857669618385e-05	-0.0003386936613099079	0.0031858180465154703	0.0001285582176398238	-3.273759358349449e-06	0.0027883983103675018	-0.0239122445508028	0.003129161463599975	-0.00012684820044266812	-0.0002221900583402543	-0.009081248552519166	-4.199943841392106e-05
13.21	-0.0002530302565781518	-0.00022868629898661433	0.003184716707967853	9.574766330530755e-05	-8.581238010119814e-05	0.002788142155358605	-0.016148307525354226	0.017921292872250125	-5.779684237594031e-05	-0.006036505043444919	-0.006717038237126328	-8.158139289084785e-06
13.22	-0.0003409018194614633	-8.987299511542702e-06	0.0031847756565621306	1.743963630229801e-05	-0.00012686414262894926	0.0027881625273239153	-0.0006751083633705958	0.02417518816049077	7.13489027330283e-05	-0.008974676493880368	-0.001157579479585906	1.4094206058604828e-05
13.23	-0.0002652382973810417	0.00021518588340652296	0.003186150396618703	-6.901879746080031e-05	-0.00010699982882689206	0.0027885442185064057	0.015150819668389085	0.018763367157871205	0.00014659984215962106	-0.007602664519296363	0.004968036077558291	6.458761883758236e-05
13.24	-6.25263019085714e-05	0.0003358899980604298	0.00318738783637326	-0.00012210291466353246	-3.562329286034914e-05	0.0027893167842117667	0.02366729593273514	0.004371194765406311	9.66359992297356e-05	-0.002581377530550846	0.008691195646530559	5.896774961579224e-05
13.25	0.0001697887458643347	0.00029563349208084553	0.003188014588592848	-0.00011661681096612835	5.286838690038514e-05	0.002789568427586671	0.020836223196859006	-0.012099779151252913	2.0050476428733575e-05	0.0036173297032384426	0.008252921536086076	-1.1221336355759971e-05
13.26	0.00032037432698909894	0.00011370891396853455	0.003187892995397371	-5.5549973129760516e-05	0.00011584649412638967	0.0027890915423497784	0.008022696447808352	-0.022770485949466582	-5.207799658013521e-05	0.008086176638422106	0.0038231308285127095	-7.946841929997589e-05
13.270000000000001	0.00031719944296833524	-0.00012303861104674167	0.0031868988791276132	3.197610092704762e-05	0.0001230982936668417	0.002788094623944035	-0.008641164482591298	-0.022573962031482882	-0.0001424759861470755	0.008679030593263935	-0.002423558713927023	-0.00010287751316648826
13.280000000000001	0.00016158180063444218	-0.0003010304031263458	0.0031856016761289355	0.00010400987880841657	7.124606032674219e-05	0.002787246599071718	-0.021165392862240867	-0.011521476643950753	-0.00011206209125269562	0.005141329425052353	-0.007509570122722388	-6.511107123505198e-05
13.290000000000001	-7.157416174011299e-05	-0.00033453906215142985	0.0031846909189545605	0.00012638254394815426	-1.4732500375766077e-05	0.002786936094631533	-0.023493052580229244	0.005095361715341817	-4.865232204992002e-05	-0.000870752156891758	-0.008971085159399404	2.9428412694558025e-06
13.3	-0.0002702566414673276	-0.00020775694924579882	0.003184690296175151	8.803238082566671e-05	-9.367349566140832e-05	0.002787082068419739	-0.014574259504649538	0.01921580813588866	2.9490782547327256e-05	-0.006482387663857466	-0.006155242693814249	8.446132324565618e-06
13.31	-0.00033932425546965385	1.862857651278167e-05	0.0031854380904033476	7.40496069525796e-06	-0.00012745822909955202	0.0027874094942160546	0.0013171757833100113	0.02418004592840698	0.00011758969157829485	-0.008950553359171574	-0.0003318146195155484	4.904218894159655e-05
13.32	-0.00024582699806985857	0.00023611838179591097	0.0031866572419049022	-7.630628428958756e-05	-9.973160907310641e-05	0.002788393644291489	0.016594346969710183	0.017477916356141498	9.720003201210384e-05	-0.007101462984287084	0.0056508718552167655	0.00013663289322519973
13.33	-3.427758426147641e-05	0.00034008632932074425	0.0031874886223410208	-0.00012308120484590061	-2.3909630204334075e-05	0.002789738455194808	0.023940443467994756	0.0024402625661191237	6.499552035103956e-05	-0.0018721149593908088	0.008864558299388111	8.83575506744206e-05
13.34	0.00019413509755470562	0.0002811210942199773	0.0031878018631352955	-0.00011081324517304263	6.34252332476857e-05	0.002790135231608962	0.01980072080351504	-0.01373987482839563	-8.32573547537603e-06	0.004237320481089861	0.007846759770002218	-2.7892669544261913e-06
13.350000000000001	0.000329384596794495	8.770374991220526e-05	0.0031873225229205123	-4.505888774160025e-05	0.0001201429913736389	0.0027898138025672387	0.006119499400534266	-0.02330387818680043	-6.722921815833033e-05	0.008353966355614884	0.003026535864090523	-6.822566414877324e-05
13.360000000000001	0.0003070235421740142	-0.0001474741948579164	0.0031865715164357813	4.244586284219069e-05	0.00011903465609629304	0.0027886595739377296	-0.010418195532796269	-0.021757489270685215	-8.02237621678506e-05	0.008430918851715506	-0.0032331835470459564	-0.00012568839617458616
13.370000000000001	0.00013759408416218186	-0.0003120676206198066	0.00318600943805935	0.00010976051297139119	6.079190849207273e-05	0.0027873521883520842	-0.02203042881441164	-0.009773991064546815	-4.345909466382457e-05	0.004462172832209243	-0.007928486183521764	-0.00011996606492729582
13.38	-9.766840123660525e-05	-0.00032684995145259335	0.003185976273082506	0.00012427748461370873	-2.6657626375137765e-05	0.002786427490418958	-0.02302794336061251	0.006951743497746478	1.920230551242314e-05	-0.001652727411738341	-0.008823970331891433	-8.920078520247409e-05
13.39	-0.00028562970229456617	-0.00018440992987794652	0.0031862920589335667	7.934376165039406e-05	-0.00010141132462640834	0.0027857409756320253	-0.013006619714386531	0.020315158434466973	3.11222633242913e-05	-0.00695751280510002	-0.00549164074431547	-2.7125599173922807e-05
13.4	-0.00033638223332665236	4.65583083250937e-05	0.0031865508037116986	-3.716262636760742e-06	-0.0001277132891106094	0.0027860837967312656	0.0032872861386806004	0.023933573406314676	1.6167110158185738e-05	-0.008962801511482642	0.0004569365867261974	9.019847479207922e-05
13.41	-0.0002255478466821022	0.000255214925683162	0.0031865586399261376	-8.50690827920409e-05	-9.301103356080741e-05	0.002787461233305535	0.017943855196050178	0.016048382497171557	1.0052272126661462e-05	-0.006632362392682078	0.006210878198294819	0.00017299399099747603
13.42	-6.817111064201616e-06	0.0003416556004157013	0.003186475917876256	-0.00012548872215311507	-1.3671055557460296e-05	0.0027893134960352123	0.02397289074383501	0.0005277490613262495	-2.3647607696800663e-07	-0.0011028408030164059	0.009003458717991053	0.00017805049808504258
13.430000000000001	0.00021506798416827259	0.0002645668698720323	0.0031866175439762734	-0.0001056933751748815	7.243773703539104e-05	0.0027904253244612925	0.01854516081064038	-0.015329299060206455	3.468615522614625e-05	0.004899113807721742	0.007456601767686204	5.33439838733326e-05
13.440000000000001	0.0003340206725600635	6.030705526137099e-05	0.0031869705250266007	-3.550487837562233e-05	0.0001236395567677677	0.002790071512731419	0.0042464582315030665	-0.023803245185284518	2.9774312095913556e-05	0.008547699496731828	0.002352113467902293	-0.00010823977548952811
13.450000000000001	0.00029310235081624384	-0.0001729847336784249	0.003187626071884818	5.155209191410969e-05	0.00011567366118924137	0.0027887366231648556	-0.012071389678470596	-0.020881959729890095	6.89533018926696e-05	0.008134068998303693	-0.003886587138115229	-0.00015882288973798466
13.46	0.00011199229501724843	-0.0003231901494101902	0.0031876423117111535	0.00011391131326239573	5.2253321615418775e-05	0.0027876311724355923	-0.022635325328293217	-0.00790745956542787	-6.369797173508215e-05	0.0038153016144117685	-0.008274921702376712	-9.020062856064194e-05
13.47	-0.00012298661335690916	-0.0003183305987015568	0.0031866958837784556	0.00012148494157317624	-3.6278774473361006e-05	0.0027868726004523963	-0.022384405362143835	0.008852844479725275	-9.575745436940225e-05	-0.0023367276313956864	-0.008692436189968171	-3.9981122205666765e-05
13.48	-0.00029925382857848764	-0.00016063356167997744	0.003185874454575252	7.113852564675007e-05	-0.00010735683304788109	0.0027868797555649907	-0.01138996501345469	0.02133332685219868	-4.693463496304629e-05	-0.007341839657162387	-0.004925706859302719	3.598442755741031e-05
13.49	-0.00033225283747663443	7.388981093489052e-05	0.0031856759075923158	-1.3526925509195524e-05	-0.00012668012200456742	0.002787605032253495	0.005073271709992081	0.023586266854772168	6.080641619795889e-06	-0.008859078314416225	0.0011979655061488087	8.750381957133469e-05
13.5	-0.00020608723310533954	0.0002726911905552514	0.0031858397840173417	-9.166055741237118e-05	-8.538607731137646e-05	0.002788357323806144	0.019086448353419244	0.014509574708301451	2.378630590070591e-05	-0.006110268617592106	0.006698139056306896	7.026597723643102e-05
13.51	1.867030475679932e-05	0.0003406650650394504	0.00318645849758096	-0.00012576004628977747	-3.4169730610218963e-06	0.0027887815954411223	0.023969364956245874	-0.0014638605395787614	8.494795343680974e-05	-0.0004240843138684423	0.009014351069773914	2.289969551679569e-05
13.520000000000001	0.00023433107550719173	0.00024572113831686194	0.0031873216030981135	-9.932710294438852e-05	8.014493765415468e-05	0.002788704722471715	0.017352692756902502	-0.016733645651651797	7.595576081468339e-05	0.005470667330398043	0.00697450217271215	-2.2706071030132455e-05
13.530000000000001	0.00033765579066800564	3.3148430611364805e-05	0.00318751659113189	-2.5209349368565625e-05	0.00012502461560210228	0.0027881402112231077	0.0024375242991528556	-0.024008784340310653	-1.5121552856562559e-05	0.008710243534432432	0.0016239023247737502	-8.676566056972946e-05
13.540000000000001	0.00027887416635124834	-0.00019519210550584588	0.0031871294772389466	6.064248584809474e-05	0.00010996399673167279	0.00278748347114519	-0.013706500571767682	-0.019735642855084477	-8.48215456285027e-05	0.007765534655808444	-0.0045021856254602605	-5.9896198546231e-05
13.55	8.601438541352157e-05	-0.00032934553753739723	0.003186217463775641	0.00011720991839901554	4.217954570501426e-05	0.0027870616475706577	-0.023227689466574785	-0.005972459835764191	-8.603553223712183e-05	0.003104423760842997	-0.008453971811003495	-2.5959313843640763e-05
13.56	-0.00014765215709752478	-0.0003054928668256339	0.0031857607400915884	0.00011731294674712866	-4.5739641312466236e-05	0.002787091560225344	-0.021568399297470866	0.010541628305707046	-1.1308947718008052e-05	-0.003056749500406451	-0.008355957900931629	1.659432688913814e-05
13.57	-0.00031055880676451224	-0.00013544637799193512	0.0031862211744651744	6.125324564750215e-05	-0.00011149665040804532	0.0027871249930662085	-0.009640389837878533	0.02203478252187152	7.971944819744686e-05	-0.00770695420626652	-0.004253539712231237	4.756924834501577e-06
13.58	-0.00032468064004568853	9.949101235540058e-05	0.003187105766688451	-2.434708404628544e-05	-0.0001238068777787337	0.0027873570317209846	0.006943331898903346	0.022982747477577652	9.517004715243266e-05	-0.008707026561362975	0.0018952827116033115	2.4586938231210942e-05
13.59	-0.00018304967007085125	0.0002866523797984023	0.0031878865283339543	-9.864904053165422e-05	-7.669755414478688e-05	0.002787674754962577	0.02018990878693974	0.012877616557976163	4.884652019193337e-05	-0.005508916416699144	0.007142752053821416	5.6099422080951414e-05
13.600000000000001	4.649663392213884e-05	0.00033617935579459456	0.0031881854904460597	-0.00012567290960401801	7.231817380905869e-06	0.002788026766095594	0.02377348031534198	-0.0033854171152544574	7.516599483829024e-06	0.00034356000242679176	0.008941953955377897	7.767239032712967e-06
13.610000000000001	0.0002537459708078587	0.00022434730510171246	0.003187962342219269	-9.23887482102862e-05	8.77088741680035e-05	0.0027879201545237286	0.01592394068008795	-0.01803129788808957	-5.590135461676492e-05	0.00600727023312087	0.006474327878431907	-3.82754065789336e-05
13.620000000000001	0.0003390491376960286	4.737088574649621e-06	0.0031873567984049057	-1.5142111151636594e-05	0.00012609517920497205	0.0027876162209271083	0.00039071413130619905	-0.024041767860181643	-7.27425259969127e-05	0.008800469304823871	0.0008856614639344778	1.2097307163691427e-05
13.63	0.00026132228498207074	-0.00021706145192304085	0.003186425672210677	6.921505480994377e-05	0.00010387408072223277	0.00278774602081193	-0.015267454313998115	-0.018462562011745356	-9.399781045910047e-05	0.007376820119363011	-0.005124736010419641	-2.932318791220339e-06
13.64	5.847365140611263e-05	-0.0003348807221915339	0.0031856160180023727	0.00012038462125432715	3.200535394833216e-05	0.0027876030631589542	-0.023619504604973418	-0.004119573912631869	-5.1068420338540606e-05	0.002417723492298049	-0.008646161037311917	-1.096523957272808e-05
13.65	-0.00017245577966419018	-0.00029273363895928386	0.003185602269641454	0.00011366520879041819	-5.5207876265793326e-05	0.002787260687598	-0.02063946117339909	0.012195454775228785	5.3771640901188434e-05	-0.0037128082644935045	-0.008037295045579372	-5.379101951762615e-05
13.66	-0.0003208287475010351	-0.00011051427135603536	0.0031865855952756634	5.225615323929226e-05	-0.00011577904854618048	0.0027868647813207997	-0.0077902024671078094	0.022730287260896834	0.00011327743685937773	-0.008021465630689091	-0.003576284724623998	-1.9083819874422612e-05
13.67	-0.00031534103559896135	0.00012469756933418806	0.003187464325301006	-3.4015926928992375e-05	-0.00012088574590754056	0.0027868832317422382	0.008831468770696953	0.022333058968334436	4.521046424235633e-05	-0.008539823639615887	0.0026139262602353575	3.5746982165157275e-05
13.680000000000001	-0.00015885700238022507	0.0002999929618979622	0.0031877797584908586	-0.00010444815929563002	-6.800898387145366e-05	0.0027874065910469844	0.02115706084785073	0.011257461974105983	2.079232827188249e-05	-0.004943338862989518	0.007528982251449973	5.7553158370568805e-05
13.690000000000001	7.336506964535952e-05	0.00033127559434015886	0.0031878415897789512	-0.00012469687639154068	1.7468605474983674e-05	0.0027879364543647615	0.02333558970533738	-0.00525882923453365	-1.5230981122498605e-05	0.0010624153573178831	0.008857239110805767	5.0883296398509015e-05
13.700000000000001	0.0002703007600602145	0.0002035048311919986	0.0031875913524664437	-8.499108111542365e-05	9.463463048708126e-05	0.0027880939711880035	0.01437744003734226	-0.019215709492913916	-3.2233971430684416e-05	0.006530248772719545	0.005942935450813703	-1.7349133937084828e-05
13.71	0.00033781161181043763	-2.201991008615755e-05	0.0031871620216582645	-4.6538000621979734e-06	0.00012688016506470564	0.002787794359585408	-0.0014590471654756512	-0.02398592660140589	-5.0458970424696686e-05	0.008866047327019908	0.00021107633789106583	-2.6954952921976787e-05
13.72	0.00024339804602803065	-0.00023716317349184804	0.0031865189037953417	7.794723465936206e-05	9.842554734442803e-05	0.002787878968166557	-0.01662840560113385	-0.01721842777836756	-6.774853630724212e-05	0.00696526887206816	-0.005674144077950505	5.593640950963256e-05
13.73	3.226704068664909e-05	-0.00033836157118203913	0.003186070728965555	0.0001232813520755541	2.263532831570018e-05	0.0027881544823368017	-0.023815601177068463	-0.0021829352117478736	-6.458761729791615e-07	0.0017138518149875776	-0.008837690141018161	2.3120682027597632e-05
13.74	-0.0001942363187925524	-0.0002773965066009674	0.0031862515822616826	0.00010960016347466192	-6.373848879953169e-05	0.002788325551023162	-0.019606873394525274	0.013878371004254285	3.8002038535936465e-05	-0.004339136551322834	-0.007726011971624956	2.2277628814110384e-06
13.75	-0.00032790093862738247	-8.322423665543172e-05	0.003186859834771439	4.328190901558613e-05	-0.00011934931082856925	0.002788060695471639	-0.006015567928029882	0.02333488450777669	6.535280458743291e-05	-0.008351719514837394	-0.002955719942212362	-4.0339476484002856e-05
13.76	-0.0003047087405176228	0.0001511901745878648	0.0031874734885510543	-4.3720810095428186e-05	-0.00011773873889569131	0.002787756650000588	0.010477517687853601	0.021567758183067057	6.0880992531677756e-05	-0.008325620162926633	0.0032539593729745816	-1.0456100063061396e-05
13.770000000000001	-0.00013551047445787114	0.0003130884851392636	0.0031876994354601332	-0.00010986750464516353	-5.965605419988533e-05	0.0027877373268994443	0.021964081386309006	0.009453719511235713	-7.78555861621912e-06	-0.004350214713063685	0.007886750029708692	-4.0423277456480026e-07
13.780000000000001	9.858702409686427e-05	0.0003248074942488322	0.003187255766765181	-0.00012364556535182522	2.7132087993039416e-05	0.0027877123077723436	0.02290839773375203	-0.007210175797888037	-7.668367454532685e-05	0.0017292280432212503	0.00873777349178933	-5.8598888273620115e-06
13.790000000000001	0.0002858743421757829	0.00018109610442468722	0.00318649013403272	-7.806604300599386e-05	0.00010091078317699761	0.002787502358447529	0.012967470941356843	-0.020358671083904437	-6.902748798426301e-05	0.0070192750541247725	0.005398756091020521	-2.300648800959999e-05
13.8	0.00033650215910575816	-4.942788051116425e-05	0.003186270497377877	5.1766328117445625e-06	0.00012633352782417975	0.0027873602289270644	-0.0032624784768472154	-0.023805108669290267	7.97318903679089e-06	0.008944513307137322	-0.0005217439782382541	3.3209081947343637e-06
13.81	0.00022624412079792205	-0.00025604099475506534	0.0031863721153726275	8.627354730398004e-05	9.117965433066623e-05	0.0027875177771299747	-0.01786797161622824	-0.01578898087368839	2.3725121961396776e-05	0.006567388151694621	-0.0062289054302489735	5.6516140338484505e-05
13.82	7.588603256092319e-06	-0.00033984394385027224	0.003186540150856732	0.00012606283240787052	1.2095487866703291e-05	0.0027880310802976993	-0.024003033664304504	-0.00028411574703666537	3.141404511160167e-05	0.0010466279052165467	-0.008911009262896593	6.6161245869786594e-06
13.83	-0.00021497701689700518	-0.0002609530126088975	0.003187161325033605	0.00010541190345421606	-7.279440466489608e-05	0.0027881808866479954	-0.018636542083959998	0.015398254251118034	0.00010125426207843072	-0.004982032672468847	-0.007335307404379971	1.9420473901281905e-05
13.84	-0.0003347040451341426	-5.6948403270791805e-05	0.0031880509151451845	3.424362317059086e-05	-0.00012305396857575346	0.0027881932777848676	-0.004288822417348546	0.023708761458675006	7.231071561666277e-05	-0.008667091484175956	-0.0022862423002909483	-2.3739193624943254e-06
13.850000000000001	-0.0002939523284683942	0.0001744990991631859	0.0031880639784798207	-5.3519470789688606e-05	-0.00011460240021172219	0.002788103986076081	0.012095101430177188	0.020623231734739	-5.99113134176452e-05	-0.008166466384329102	0.003907086622216055	-5.444590289514399e-06
13.860000000000001	-0.00011217577794019271	0.00032207066591129343	0.003187089462376625	-0.000115672621926018	-5.125018816347649e-05	0.0027882208979162124	0.02273408754723542	0.007646525594847291	-0.00011539111903383821	-0.0037713613899658027	0.008198109461714698	1.9683066448876777e-05
13.870000000000001	0.00012351656739951168	0.0003150415039486142	0.003185861109960055	-0.00012233431414874053	3.622000391154604e-05	0.002788425552380708	0.022432766822563954	-0.00895326829842535	-9.504417148766632e-05	0.0024998301286308635	0.00858517115749498	1.5629450209697053e-05
13.88	0.0003000202446209899	0.0001571377857964111	0.003185496289531057	-7.015838091011752e-05	0.0001064924560566478	0.0027884951503223503	0.011407572938615131	-0.021279333351618017	3.109542479877836e-05	0.007515290634012333	0.0048813360732870474	1.4939893800244599e-05
13.89	0.0003329775838781945	-7.615785974886352e-05	0.00318610797605888	1.556517170472158e-05	0.00012575306570117368	0.0027886098283122908	-0.005113144222772895	-0.02339311189541733	8.898645324167071e-05	0.008912926704407263	-0.0011676210622775691	2.8829285999329333e-05
13.9	0.00020622818018730643	-0.00027280296920920583	0.003187040024659947	9.387113601754271e-05	8.47817625101867e-05	0.0027886651320764184	-0.019176975410612116	-0.014281845985247706	9.373264688352045e-05	0.00609049988282447	-0.006669397067154078	-2.292170131665498e-05
13.91	-1.9380141174269107e-05	-0.00033852851638449484	0.0031878361116631877	0.00012742786303094093	3.1909396777024216e-06	0.002788238121922547	-0.024041667860644263	0.0016787644268587464	3.300491104859089e-05	0.0003273272459525089	-0.008982055539946738	-8.288783610248463e-05
13.92	-0.00023575217638662415	-0.00024188957797133107	0.0031877448991847537	0.00010003163086105309	-7.999087299430354e-05	0.0027873853394319286	-0.01741413652616226	0.01682066111253794	-4.446300321597937e-05	-0.005580952990999962	-0.00697422756029047	-8.315460547283731e-05
13.930000000000001	-0.0003393173028017733	-2.9357731382614354e-05	0.003187185837626135	2.4651438185583228e-05	-0.00012479361620969904	0.0027867298129576256	-0.0024140371807903284	0.023878023833261555	-7.867206401228269e-05	-0.008849113034282744	-0.0016293430051870276	-3.1805226849962464e-05
13.940000000000001	-0.00027997520760676437	0.00019693251591519582	0.003186360614462391	-6.28941188862165e-05	-0.00010995425824525352	0.002786944922210836	0.013798260366567153	0.01946985981924377	-8.908608746294671e-05	-0.007921724638671702	0.0044726589340468095	5.863220790277827e-05
13.950000000000001	-8.615872980335242e-05	0.0003284487038545788	0.0031859785052330315	-0.00012058138331156153	-4.2371566267695527e-05	0.0027875792093876085	0.023348410860504848	0.005727014178271689	1.802038387541862e-05	-0.003129942106255612	0.008479424578769672	7.560338982503171e-05
13.96	0.00014918910349602548	0.00030245129663372287	0.0031866279019577386	-0.00012027559963283698	4.5723247327478324e-05	0.002788357453191804	0.0217361132788042	-0.010720071098802313	8.580162697208837e-05	0.003162436314613984	0.0083937312549136	6.964857268399838e-05
13.97	0.0003133418458847409	0.00013127899290836815	0.003187503602485009	-6.235643151583462e-05	0.00011195339005200852	0.0027888825396724	0.009686159316457759	-0.022067377171581543	6.334683417095892e-05	0.007913664429570625	0.004290618077685593	3.781017813893902e-05
13.98	0.0003269858335359442	-0.00010296665958082758	0.003187578998311219	2.5464485495964823e-05	0.0001243731849663945	0.0027892852225885447	-0.007053517014184233	-0.02279082863603161	-4.4497696814807445e-05	0.008904142701897873	-0.001898678487436326	3.984244854611205e-05
13.99	0.00018369344449627208	-0.00028775137137453924	0.003186650946319566	0.00010118006011185814	7.700433750721041e-05	0.002789314151861511	-0.0203735041976841	-0.012627760077354243	-9.744168224333175e-05	0.005612420681703258	-0.007177707275325518	-3.9484768717364804e-05
14.0	-4.7427952875836746e-05	-0.00033502735488634563	0.003185872006314973	0.0001283814212917238	-7.404001004420427e-06	0.002788262637971029	-0.02392175652123754	0.003587035656278479	-4.183444188999696e-05	-0.0003836856178444881	-0.00898738976009293	-0.0001687290731677636
14.01	-0.00025604732583610817	-0.00022192423888059865	0.003185926496030847	9.402155479416265e-05	-8.823721901492848e-05	0.0027866432248134423	-0.016030399993086576	0.01810459889991313	3.6890435217956164e-05	-0.0062243183629492665	-0.006482529670805042	-0.00013948175774727256
14.020000000000001	-0.00034181737525700907	-2.3344792847989504e-06	0.0031862566178566033	1.3929991602927738e-05	-0.00012667550742087003	0.002785565685592973	-0.0003837775896726337	0.02396486834910007	2.592492611849583e-05	-0.009107275427251402	-0.0009054185343685925	-5.463197485652584e-05
14.030000000000001	-0.00026329447524020143	0.00021868059562059098	0.0031865787675796086	-7.311147518428757e-05	-0.00010444938873417094	0.0027857245405706024	0.015427570338672574	0.018359436833284858	2.2502888191149324e-05	-0.007589648655163077	0.005152627253175754	8.04918528661188e-05
14.040000000000001	-5.839824184736077e-05	0.00033469738649750345	0.0031868186689273546	-0.00012547846593956977	-3.1810116330932573e-05	0.002787006177853536	0.02383394301884032	0.0038805098883611462	3.680881728771268e-05	-0.0024207928070689323	0.008743543061554317	0.00014165028951810906
14.05	0.00017454338703934194	0.00029011698650254256	0.0031872483120508046	-0.00011767182518090012	5.586030418672372e-05	0.002788453116381605	0.020792963039515475	-0.012418539165170352	4.2847481697352e-05	0.003918334703780594	0.008074241909677171	0.00016324655712402427
14.06	0.0003237036068674243	0.00010657877047859196	0.003187673366046012	-5.3410712945291886e-05	0.00011683291247569388	0.0027897227654756687	0.007781613462550216	-0.022748597211462808	4.322732102772937e-05	0.008399287174781086	0.0036124244699349962	6.940401654058421e-05
14.07	0.0003176831491237775	-0.0001278709556746152	0.003187662147762383	3.66761670353377e-05	0.00012187042522978096	0.0027900271681452473	-0.008947257624866775	-0.022150273484127507	-2.1876169829813127e-05	0.008857895888591686	-0.0026688690993950247	-2.6432185598595185e-05
14.08	0.0001593306926270266	-0.0003009218464827551	0.003187068227623582	0.00010915294304215777	6.804248941113554e-05	0.0027892410829040235	-0.021396876741280463	-0.010990528344892048	-7.616937542075367e-05	0.005050721976863281	-0.007614247170262692	-0.00015014725983538002
14.09	-7.558193924415171e-05	-0.0003297446166270124	0.0031863439187964603	0.00012944281040565747	-1.8134505412081984e-05	0.0027876823652168673	-0.023609086365695857	0.0054623744890085445	-6.187490501295254e-05	-0.0011621904971396125	-0.00889399235730743	-0.00015211515791371694
14.100000000000001	-0.0002745296007127024	-0.0002005571762492053	0.003185890817358776	8.77027735111445e-05	-9.537179478548912e-05	0.0027863131235618707	-0.01450410793208722	0.019295412867832196	-4.936990525057911e-05	-0.006836668319643896	-0.005918584887263115	-0.00010648911886085339
14.110000000000001	-0.00034154416640374706	2.504955491401749e-05	0.0031855884136628115	3.857811582067312e-06	-0.00012666520897109619	0.002786027154126151	0.0016448749696061295	0.02392401568033128	-1.8782273779720605e-05	-0.009232096783801935	-8.061688989999144e-05	4.941604961281615e-05
14.120000000000001	-0.0002444720491803471	0.00023863749385289357	0.003185660060526666	-8.19900604920103e-05	-9.704694722867511e-05	0.0027870443929690386	0.016966977796310026	0.017017754175365555	4.049441688051715e-05	-0.0072154092534316375	0.005759379160606824	0.00012581454667061947
14.13	-2.9676722994624017e-05	0.0003377702620960343	0.0031863606973662854	-0.00012847825569471276	-2.0946701165848668e-05	0.0027882785225125865	0.024168326853420772	0.001953360971706274	0.00010201577074935388	-0.0017022175427676342	0.00883687125355337	0.00011461456501090938
14.14	0.00019970039334004793	0.00027467416127501687	0.0031875269440276403	-0.00011321745395156359	6.507669205083226e-05	0.002789263982234128	0.019768652560270474	-0.014037994499667422	0.00010446250257009115	0.0046107046840910835	0.007644404404908708	8.937861470588656e-05
14.15	0.00033344921930656405	7.983639466211958e-05	0.0031880998929326937	-4.3737649822832505e-05	0.0001195051946173009	0.0027899907851469904	0.005845294144902883	-0.023304445152185844	-7.558104359603288e-06	0.008695682806800864	0.002786405305779992	7.427841027988099e-05
14.16	0.0003071110056748972	-0.0001533438862038828	0.0031877083901953028	4.646380810319581e-05	0.00011661459808084397	0.002790315713802553	-0.010892129461103971	-0.02139059533694591	-5.6279707118325456e-05	0.008596930035450282	-0.003362204058970408	-1.535513356985263e-05
14.17	0.00013357346202115672	-0.00031323714763875594	0.00318727097053249	0.0001144338915031874	5.780689980768709e-05	0.0027895380646372468	-0.022393590386679058	-0.009257445958398834	-5.60442959382545e-05	0.004403643249366768	-0.007894184974766958	-0.00014088612695212224
14.180000000000001	-0.00010428740576894122	-0.00032318583934216964	0.003186873082875945	0.00012750074231630785	-2.845113731161864e-05	0.0027879764064058375	-0.023164387932713915	0.007352162964096276	-2.9590790297067625e-05	-0.0019079863958989993	-0.00865507867437354	-0.00015648852045146438
14.190000000000001	-0.0002921415666225326	-0.0001777353376962936	0.0031868065197595834	7.94140205522134e-05	-0.0001010422316074724	0.0027867006204173117	-0.012802265078295441	0.020495084512597548	-2.6053115545461287e-05	-0.007313574008495331	-0.005260219822423836	-9.810549875594525e-05
14.200000000000001	-0.0003395035339014323	5.299606343084147e-05	0.0031862539243223426	-7.173870082025315e-06	-0.00012499226402546093	0.002786460865967117	0.003714946584467752	0.02372769333089003	-7.594673070119562e-05	-0.009256357883908215	0.0006716766906341208	4.056159757011369e-05
14.21	-0.00022394723707177421	0.00025807758202757615	0.0031855799709981777	-9.036126017596175e-05	-8.902428173396705e-05	0.002787156395065042	0.018414495940799563	0.015573404595952934	-2.636166615112436e-05	-0.006685509348240363	0.006234828759879627	8.57139565455947e-05
14.22	-8.766394919429679e-07	0.0003392320909809189	0.003186047871233832	-0.0001303404870233156	-1.0399629052399144e-05	0.0027880352626739706	0.02432999946501426	-1.946765921623399e-05	0.00013336263647193978	-0.0009736958522230051	0.008840788817192287	7.692107094859427e-05
14.23	0.00022283892770712404	0.00025776865435032844	0.0031875866352064314	-0.00010801860930814599	7.330300391410136e-05	0.00278873123493548	0.01852245086814198	-0.015602493877337278	0.0001156407169139683	0.005241699870466104	0.007200104364854261	6.782204246949862e-05
14.24	0.00033947644127536484	5.266411395221231e-05	0.003188252584866646	-3.380373721623548e-05	0.00012201113770125754	0.002789484226861399	0.003823209535207484	-0.023691534949660042	-2.573302903522345e-05	0.008978265550417863	0.0021278697453807924	8.120596082663969e-05
14.25	0.00029292717486795894	-0.0001774421319117228	0.0031873094468866563	5.677734654672455e-05	0.00011244040759285412	0.0027899676674765744	-0.012723717363629641	-0.020401618169860976	-0.00013006269063243708	0.008370198291510646	-0.003970901871169671	1.2495036783137744e-05
14.260000000000002	0.0001059398054920455	-0.00032273018343504165	0.0031861209637791712	0.00012013503269377212	4.90460989572284e-05	0.00278944049460963	-0.023125744341280174	-0.00741028803288673	-6.809823560891965e-05	0.003794937247135629	-0.008158671970239019	-0.00011225723585488253
14.270000000000001	-0.00013198603970941025	-0.00031365224523172987	0.0031857852506073973	0.00012604421604991815	-3.747207228195577e-05	0.0027881515034787903	-0.022465047123211564	0.0091438211331709	-7.969450933962457e-06	-0.002654487295812696	-0.00843392262949791	-0.00013411383920901724
14.280000000000001	-0.00030673719893846625	-0.00015436630703537512	0.0031857937630548117	7.141357769318302e-05	-0.0001058793434325434	0.0027873799507940143	-0.010987814881909256	0.02138781696754877	2.456942627966604e-05	-0.007804178848091158	-0.004681044714745304	1.263753320605858e-05
14.290000000000001	-0.00033394873385963445	7.886365171796111e-05	0.0031859045363116915	-1.754954630971813e-05	-0.00012369078675833923	0.002787828937238133	0.005769973227753014	0.02328477967759882	1.9336210296285874e-05	-0.009212395192023054	0.0012667854589330637	6.519528571730832e-05
14.3	-0.0002009570297839196	0.0002738172891445682	0.00318619190673938	-9.802553193399365e-05	-8.267132316829584e-05	0.0027886395418868495	0.0197158505311854	0.01409466315149997	3.977428780266718e-05	-0.006204773895578132	0.006595664489539797	6.36439262214828e-05
14.31	2.859503085637485e-05	0.0003380175197715197	0.0031869881037095093	-0.00013168346639342378	-2.3863659699520755e-06	0.002788997576178057	0.02426796589105969	-0.0018046835585618583	9.518607017544455e-05	-0.00023587633605295913	0.008774108213827654	4.452066253698813e-06
14.32	0.0002449215157330674	0.00024023936221124678	0.0031875604657247373	-0.00010215230203764784	7.897828577873308e-05	0.0027891459424923596	0.017163705356289773	-0.016925217996312504	-4.698069915970442e-06	0.00586579861653266	0.006797034452929056	2.533557594468643e-05
14.33	0.0003436874381661347	2.7113631204572316e-05	0.003186901851865462	-2.392230621611167e-05	0.00012237580064762899	0.0027898269616530172	0.0017569311071797984	-0.023917174047886052	-0.00011526232762638729	0.009127241160628198	0.0015468183539689437	7.011782626450376e-05
14.34	0.00027746990929957034	-0.00019897624558160113	0.0031856735349032263	6.567051451455825e-05	0.00010722663733023102	0.0027900482902683465	-0.014435327998509275	-0.01942192069229856	-9.25813050778837e-05	0.008037382136311218	-0.004450303164098232	-1.1374466881181541e-05
14.350000000000001	7.862587564788133e-05	-0.0003298136997685813	0.0031852032411727924	0.00012356500071860198	4.103914449359339e-05	0.0027891579798868774	-0.02367092990729073	-0.005658659873088476	1.2897104725153735e-05	0.003065663082700823	-0.00822314763856028	-0.0001279973100738337
14.360000000000001	-0.00015789254705141954	-0.000302701951856284	0.003185828702385878	0.00012221254801680393	-4.412677307438683e-05	0.002787911253089557	-0.021604084057430875	0.010869439500508707	9.051002087713623e-05	-0.003348202417976703	-0.008117016708522632	-9.302597399202562e-05
14.370000000000001	-0.00031826211860342454	-0.00013015296876636817	0.0031864782385540593	6.213534993837504e-05	-0.00010832073292112317	0.0027871908513761156	-0.009103868803852522	0.02216448327541165	2.794255496670752e-05	-0.008188388169235807	-0.004155801383354729	-4.197390626516249e-05
14.38	-0.0003254813968667569	0.00010462156209567674	0.0031864929381133153	-2.8084142757911765e-05	-0.00012063827396574895	0.002787377545383733	0.007694032673934371	0.022810648540815173	1.658550320406519e-05	-0.009101852436728954	0.0017867806885927756	5.8436283862572785e-05
14.39	-0.0001767669418432562	0.00028945455359860557	0.003186931041249241	-0.00010474215609157819	-7.507574685169542e-05	0.0027881263105273136	0.020826936911303787	0.012606314427488349	8.700299682216842e-05	-0.005596237621939573	0.00695602844122039	5.284227132381004e-05
14.4	5.683452282907116e-05	0.00033613150571933526	0.0031877584228207335	-0.00013108596072532958	6.7603727776485735e-06	0.0027887287987703926	0.0239541320864584	-0.003690807492701097	4.1499474665219385e-05	0.0005893346121215474	0.008751609810662931	5.873915754833214e-05
14.41	0.0002629064129781378	0.00022149298150502875	0.0031874432402781753	-9.402754019952995e-05	8.565623287450938e-05	0.0027894923971024145	0.015532177433413669	-0.018271742770619517	-0.00010475240974942238	0.0064845185112808075	0.006362307623510477	0.00011292096478970113
14.42	0.00034223445014146324	7.809083465741122e-07	0.003185812471314286	-1.1840982957660742e-05	0.00012379226477736302	0.002790158157371788	-0.00029483015073146225	-0.024027807036517964	-0.0001751334062717933	0.00924597692111341	0.0009126604541959041	1.9055744749193674e-05
14.430000000000001	0.00025784423167254315	-0.0002203123679086249	0.003184806418736263	7.56434603371442e-05	0.00010250343319289317	0.002789780929091016	-0.015858333498895687	-0.01835082184912549	-8.470033750373573e-06	0.007526042283244142	-0.004982423949738462	-0.00010476962904990246
14.440000000000001	5.0156909067074546e-05	-0.00033640562194353217	0.0031855522911969475	0.00012666568200493433	3.25934943247005e-05	0.002788195329292416	-0.023921872848098526	-0.0038905293872827256	0.00010665250850426057	0.0022447127297890467	-0.008430254258008897	-0.00016087797585929723
14.450000000000001	-0.00018154894011054146	-0.00029143037500321226	0.003186553214588862	0.00011706532336582868	-5.263124166112147e-05	0.0027866724962289455	-0.020468141882820222	0.012531991114389329	7.133717990411083e-05	-0.004095704896697637	-0.007916737877856732	-0.00010818342193711728
14.46	-0.00032577973930346805	-0.00010653240540087689	0.003186759715264905	5.1168768220007073e-05	-0.00011279709955528423	0.0027864217424849653	-0.007158302890825316	0.022868835874660032	-2.633239292708437e-05	-0.008531244437143192	-0.003597903636190324	6.472475757399794e-05
14.47	-0.00031373498966998494	0.00012899900477960865	0.0031865022349123126	-3.952125767097543e-05	-0.00011859882593727332	0.0027875282133711997	0.00948744668740856	0.02226742217454935	-1.4881337165892941e-05	-0.008829280489440674	0.002488823302779087	0.0001302404062739741
14.48	-0.00015146784182880886	0.00030288152988762	0.003186695885239441	-0.00011120665994674393	-6.731439345658152e-05	0.0027885665641794923	0.021622011646867226	0.011024206828787344	2.3824900704430356e-05	-0.004891442630689368	0.00733586631578089	8.104178373622441e-05
14.49	8.348831315583821e-05	0.0003314100713253346	0.0031870227882519566	-0.00012952191375812028	1.619460402062509e-05	0.002789260228151381	0.023387171091880484	-0.005555661577443666	-1.4644751518978396e-06	0.0014040803901909048	0.008696270288990404	3.529142693602987e-05
14.5	0.0002782871852132497	0.00020056288129876267	0.0031866584528780864	-8.575819925634406e-05	9.21054147171555e-05	0.002789493970401278	0.013919293014895986	-0.019479346328751843	-5.053040481013804e-05	0.006976514306388196	0.005819166956002085	2.09998600036702e-05
14.510000000000002	0.00033954298000646527	-2.610279493919079e-05	0.0031860527531144805	-1.228805831946063e-06	0.0001237148746397558	0.002789375463212256	-0.0021681177208477385	-0.02393965640726184	-4.694293295323658e-05	0.009231570170510328	0.0002165516544093972	-5.821948433896477e-05
14.520000000000001	0.00023848744076138294	-0.0002397647119549836	0.0031860949517143688	8.371195756230317e-05	9.600013894429803e-05	0.0027884227293558496	-0.017201230001278267	-0.017012244762186265	6.286809059496104e-05	0.007030789090324674	-0.005539148145133363	-0.0001329198541335362
14.530000000000001	2.3151107717786902e-05	-0.00033849706393991716	0.0031869021145055553	0.00012829979086050413	2.2186573843495587e-05	0.002786995626628793	-0.024039341780435746	-0.0019019599601388486	6.776124608540945e-05	0.001525241367674479	-0.008626525711805026	-0.00015261845429796484
14.540000000000001	-0.0002033052059932805	-0.00027439206373358485	0.003187052323316201	0.00011148454225838342	-6.23444998595969e-05	0.002785964790992221	-0.019321930779735978	0.014180816693800077	-4.3603999437107316e-05	-0.004736333654926347	-0.0075855124152568445	-1.962751215399357e-05
14.55	-0.0003319263297172039	-7.827061224305696e-05	0.003186358331061302	4.127573949833001e-05	-0.00011720396790653827	0.0027867761517253384	-0.00529706305122488	0.023373593300333607	-7.895739810691465e-05	-0.00872044337110504	-0.0029128131413063566	0.00014199343826537796
14.56	-0.00030093507981003093	0.00015514559469539789	0.0031858560575949595	-4.87842989395076e-05	-0.00011580148838537275	0.002788518429117973	0.01120414331397544	0.021362504533387595	-2.6914906621501455e-05	-0.008539216410373595	0.0031965488074807828	0.00018572280238730507
14.57	-0.00012580513265939174	0.000314410874082154	0.0031860486593925747	-0.00011519501747339834	-5.894407665278596e-05	0.002789812518465244	0.02235782361292741	0.009161780995003258	5.17346003140799e-05	-0.004201759922333092	0.007706004337474169	6.6831233642061e-05
14.58	0.00011000777753042388	0.00032328532944531384	0.003186490376122292	-0.0001262075579678217	2.5663075864520047e-05	0.0027898770938542226	0.02283909029520462	-0.007486473994103933	2.0283905121200248e-05	0.002091197478042293	0.008531678019279966	-3.810901587404046e-05
14.59	0.00029347013483344914	0.00017701863190142025	0.0031864517150764875	-7.670274170752642e-05	9.79355726848526e-05	0.002789405085604188	0.012295736014612075	-0.02051157330071653	-2.3806063680299463e-05	0.007375243782587361	0.005314343662846399	-4.9441670830138065e-05
14.600000000000001	0.00033621502042503434	-5.391919338472262e-05	0.0031862172083844545	9.377056641458219e-06	0.00012322332068612349	0.002788926135234993	-0.004102324123788982	-0.023708490191051958	-8.470901214656382e-06	0.009090867718993359	-0.00045084929721998855	-7.200266923831476e-05
14.610000000000001	0.00021819322965332792	-0.0002590369726453894	0.0031864026260675854	9.04906846829138e-05	8.95337374462572e-05	0.0027878451535667662	-0.01852583044554008	-0.015588677762363017	5.0306001970469085e-05	0.006442072574490073	-0.005987338364480035	-0.0001394367186557202
14.620000000000001	-4.449631037096555e-06	-0.00034013707733018426	0.0031868506713428604	0.00012790753250589823	1.3132498986276295e-05	0.0027864205460283046	-0.02413724765490117	5.510198415660041e-05	2.555791498770342e-05	0.0007265861692927306	-0.008653643810240254	-0.00012400557175338482
14.63	-0.00022505280388978674	-0.00025800372138982627	0.0031867732883411153	0.00010387660497602456	-6.958027539898796e-05	0.002785923744516893	-0.018115754695433202	0.015657882762491	-3.8348405483848734e-05	-0.005353796416776933	-0.0071914601470313335	2.291046872718448e-05
14.64	-0.0003374749211288787	-5.2249266440234724e-05	0.003186014707289206	2.9606113098031802e-05	-0.00011927705923446376	0.0027867107570725773	-0.0034544085202101384	0.023726947972213246	-0.00010352786734172728	-0.008876462793423388	-0.0022821591854751935	0.00011082461371049964
14.65	-0.0002883112766261291	0.00017841007643848328	0.0031857044203213733	-5.9270959855165294e-05	-0.0001115164726309301	0.0027879652534935303	0.012876422749674536	0.020456867356669354	4.2884299693057905e-05	-0.008102366680902367	0.003755410783588033	0.0001134304919876849
14.66	-0.000101037384562508	0.00032372540556159003	0.003186523861330625	-0.00011935208035933075	-5.067072514437117e-05	0.002788613436063507	0.023027172230401072	0.007371146614650597	9.501967891982144e-05	-0.0034253051014456696	0.007917539008769016	2.362657184021248e-05
14.67	0.0001348070045139307	0.00031372583133902767	0.0031874894224183784	-0.00012227629676717994	3.4303672256693055e-05	0.0027888736659780126	0.02215073250997111	-0.00930377829626912	6.400408319459704e-05	0.0028667673142835606	0.00837720504686795	3.0891519497678646e-05
14.680000000000001	0.00030578171537610024	0.00015312860204553012	0.0031877029894517507	-6.635697088385497e-05	0.00010316978969378462	0.0027891917284491082	0.01061835962939672	-0.021464640232397057	-1.944065614889897e-05	0.007817966497581466	0.004802737596649039	2.0854924999822358e-05
14.690000000000001	0.00033005618326767183	-8.053705360918527e-05	0.0031873955717553974	2.1137413994455492e-05	0.00012282669953233026	0.0027889664840249563	-0.005969235798602991	-0.02334578045335748	-4.784368886687099e-05	0.008961246652071084	-0.0010608464494424041	-6.149742652632475e-05
14.700000000000001	0.00019622581442284135	-0.00027574469863162154	0.0031869327459299384	9.826187419999638e-05	8.374653422840872e-05	0.002788331135912017	-0.01968961326599487	-0.014047853721519522	-3.184033345281007e-05	0.005817007579073362	-0.006440404652537053	-6.91770577200748e-05
14.71	-3.1702723966390284e-05	-0.0003388123074470144	0.003186694942486848	0.00012807883700479442	4.450119253666803e-06	0.002787691657517698	-0.023986562886032826	0.0019903710997811884	-2.6965512286375864e-05	-0.00011851292756598022	-0.008729140061160606	-4.037746488737971e-05
14.72	-0.0002445493218666359	-0.0002390585732173773	0.003186238789925743	9.641534061861658e-05	-7.7173594889299e-05	0.002787764256183066	-0.016763841297676753	0.017113492873491638	-8.162616031924133e-05	-0.005952022715433146	-0.0068937758135671975	1.97704884277758e-05
14.73	-0.0003399451530488764	-2.4614658970360072e-05	0.0031857034853084356	1.8720109554770505e-05	-0.00012194824734164024	0.00278778934270999	-0.0015106939151690883	0.02397411816469917	-4.294469662469028e-06	-0.00892874326952484	-0.0016933680902481716	-1.9360870690352514e-05
14.74	-0.0002726066742490834	0.00020171388619712288	0.003186237669319385	-6.76221961698712e-05	-0.00010834746293854078	0.0027875451271947775	0.014427966006828148	0.01941373460065562	0.00011280036563769314	-0.007625061892267835	0.004283809837744387	-5.499769785594193e-06
14.75	-7.482565297477165e-05	0.0003318823881977955	0.0031876146542227294	-0.0001215293929183495	-4.294658430035094e-05	0.00278774008536346	0.023469597654419055	0.005517639928349985	0.0001418632115363874	-0.0027093553615556167	0.008237569454370873	4.531437219768218e-05
14.760000000000002	0.00015893469889612772	0.00030284111649345245	0.0031881556316209372	-0.00011721209579008561	4.317930607765295e-05	0.002788447489770899	0.021285787761420222	-0.011051051960180226	-3.591868157505607e-05	0.0035556686184319386	0.008230772071139864	0.00010388924580664199
14.770000000000001	0.0003161981640958612	0.00012889809749103988	0.0031873802981574858	-5.624290075780261e-05	0.00010861804376326442	0.0027895251894022007	0.008831732746813894	-0.022264147904035653	-0.00010915265519992338	0.008110149136261664	0.004293278850308791	7.91920575453105e-05
14.780000000000001	0.0003215957742837277	-0.00010662472846089894	0.003186380295679473	3.1560056395120544e-05	0.00012190379392635073	0.002789653889608606	-0.00778541611272853	-0.02285059576098696	-7.93199176425458e-05	0.0087103049316306	-0.0017363908307392794	-7.312404584563922e-05
14.790000000000001	0.00017311419773412566	-0.0002914578229507506	0.0031860613607897345	0.00010380686649904728	7.654012983575555e-05	0.0027883805281821196	-0.020666699474840223	-0.012529191059067236	-5.413787311543549e-06	0.005189687400146618	-0.006959959873281864	-0.00017372419756233785
14.8	-5.807222416941073e-05	-0.0003366377942662945	0.0031863414399826537	0.00012642851070635732	-5.963848114037773e-06	0.0027868543691477493	-0.023647063680495507	0.003880803125123988	8.63160031006071e-07	-0.0008766227543846098	-0.008868119641442433	-9.787385091156994e-05
14.81	-0.0002609364013160389	-0.00022011301255834854	0.003186460100743363	8.810610660332171e-05	-8.617739770533286e-05	0.0027862690051628338	-0.015244073892109015	0.018441067033087424	2.10679592466529e-05	-0.0064549684865027115	-0.006480683786854674	1.2957083086303323e-06
14.82	-0.00033816446038450364	2.081878684325712e-06	0.0031870571972327766	7.509306191881679e-06	-0.00012497403479320898	0.00278652097449907	0.00043381295233386444	0.02412565709129759	0.00011248700739254472	-0.008987702524448011	-0.0009373880881823318	5.5312006258146164e-05
14.83	-0.0002531317976691185	0.0002232895387591951	0.003188096720909133	-7.695136231694441e-05	-0.00010368118068834883	0.0027870780281790426	0.015848170282355155	0.01824400389903927	8.930043031483958e-05	-0.007164379184512634	0.005032903674095137	8.152371593730944e-05
14.84	-4.6824933807244486e-05	0.00033728100447369495	0.003188333885271269	-0.00012421801065833654	-3.2579505236697796e-05	0.0027880789232425708	0.0236975130014728	0.003599740806075847	-4.0517263114576376e-05	-0.0019191415885854715	0.008606792352768268	0.00011496654546502555
14.850000000000001	0.00018198477303803018	0.0002892663284411211	0.0031873326917805887	-0.00011199648416000937	5.462050749918213e-05	0.0027890656561699962	0.020151405870606	-0.01278478658566533	-0.00014369086397968123	0.004262147424849644	0.008079205484177161	7.378127356125292e-05
14.860000000000001	0.00032371139318983975	0.00010246380560245848	0.0031858252739808877	-4.6085576017873404e-05	0.00011544844266452274	0.002789423285025521	0.007001103534697165	-0.02299137977776303	-0.00013348826239308395	0.008362345433878177	0.003580082999073287	-2.6757929582919783e-05
14.870000000000001	0.000310636807022928	-0.00013344113157898272	0.0031852034984132527	4.174325503786553e-05	0.0001207583720520105	0.002788474951729803	-0.009510138387735581	-0.022234198727749836	-2.2109593624510335e-07	0.008458556684851352	-0.0025645349768669535	-0.00014354026190771017
14.88	0.00014875298066335867	-0.00030581436535790957	0.0031858232788074176	0.00010944215361094012	6.831000373553796e-05	0.002787043757583513	-0.021514088371205598	-0.01079332562525009	0.0001203484383641366	0.004515582548607053	-0.007496277891680136	-0.00010179429137699345
14.89	-8.446576966986766e-05	-0.0003317096235370232	0.0031870703269207953	0.0001244851242597973	-1.7117468770218147e-05	0.002786849405274176	-0.023161142780760192	0.005842122414795097	9.617243665475048e-05	-0.0016342724794457656	-0.008855014807757229	5.896544440493629e-05
14.9	-0.0002768421025565117	-0.0001983794589867632	0.00318775300780331	7.958073530002377e-05	-9.449218789181202e-05	0.002787743315157252	-0.013693802141331929	0.01967963445644331	5.2065732072439795e-05	-0.006949177444206563	-0.005973693586643236	8.004171449399316e-05
14.91	-0.00033620359212781583	2.9652871520865434e-05	0.003188194675047779	-3.2162060218334016e-06	-0.000126712808306434	0.0027881893581873395	0.0022903863651418353	0.02402204964992138	4.535818477016619e-05	-0.008922378759809101	-0.00018225493160061392	1.3055788316277666e-05
14.92	-0.00023473756092754305	0.00024323466733816424	0.0031884442553465476	-8.449537332890643e-05	-9.790646925467308e-05	0.0027877125606885892	0.017156042764837686	0.016906735425265426	-1.7237735570622137e-05	-0.006662636691077444	0.005684258996418625	-8.733791944720793e-05
14.930000000000001	-2.0835084826426336e-05	0.0003401344630382123	0.003187769288278907	-0.0001252283067914009	-2.1849731606784842e-05	0.002787146066521521	0.023845689444325163	0.001641401675633749	-0.00015034951644776005	-0.0011519839079038481	0.008891605433108402	-1.7977847929148778e-05
14.940000000000001	0.00020309148915711496	0.00027395404733457807	0.0031859526691039863	-0.00010588305347131635	6.531114360867759e-05	0.0027871728362442493	0.01906512249769401	-0.014308225618825198	-0.00017817126189873642	0.004874476034279943	0.007811394913243982	1.2158048012776502e-05
14.950000000000001	0.0003299069984596226	7.677266708532263e-05	0.003184915799411053	-3.5389892263786554e-05	0.00012136098919605385	0.0027876322108456634	0.005240655712655313	-0.023478733469985885	-7.359504333941193e-06	0.008599344307318952	0.0029278102370454756	5.0685138441430195e-05
14.96	0.0002992263304387016	-0.00015740793846925771	0.0031857266539274754	5.1928705668098426e-05	0.00011909863369342872	0.002787937129870361	-0.01112383406315285	-0.02140803074643185	0.00014997704402266434	0.008130379727161605	-0.0033471228120301676	1.2124842428616428e-05
14.97	0.00012529321306384026	-0.00031657049112905654	0.0031875482818022743	0.00011417205500249386	6.006684302556137e-05	0.00278793723633992	-0.02219342334188776	-0.009068552058015687	0.0001574148951099188	0.003794304102111709	-0.007980729664948233	1.6034771652468027e-05
14.98	-0.00010882517512580922	-0.0003239084941115868	0.003188657475521662	0.00012167620541776006	-2.7933023109194193e-05	0.002788164658688971	-0.022660485546689133	0.007660917462226655	2.1898285564478984e-05	-0.00236814263613458	-0.008884263149338935	3.960892481648139e-05
14.99	-0.00029098063545450725	-0.00017609413243565287	0.003188430115387079	7.109698032588437e-05	-0.00010307826397049732	0.0027887196403376755	-0.01225406350173485	0.02067869111776567	-6.71252003760964e-05	-0.007350177745917957	-0.005504840883081648	2.923271643466279e-05
