0.0	2.7565242313134744e-11	8.771974219180956e-11	0.0032248049476141156	-5.0788554792233264e-11	-2.5536188072375592e-11	0.0027427470874976157	1.1026096925253898e-06	3.508789687672383e-06	-4.78140430176861e-07	-2.0315421916893304e-06	-1.0214475228950236e-06	-7.466177938153577e-07
0.01	4.564291431708707e-09	9.552302787657106e-08	0.003224983019762512	1.7166236307085292e-07	-1.115020418114705e-07	0.0027428465571245728	1.0193546407094772e-05	1.0386310063332714e-05	4.018685695145988e-05	2.0776936710428287e-05	-3.594115452429566e-06	2.5675995136799777e-06
0.02	2.0890403434756114e-07	2.2508148731307748e-07	0.0032252332736453777	2.91064700457215e-07	-1.0465401571046348e-07	0.0027427649250565986	3.0747695937749434e-05	1.1023657233917811e-05	2.1714594503666703e-05	1.7830449194260564e-05	1.686620699116427e-05	-2.819461607425742e-05
0.030000000000000002	2.303990850063351e-07	3.3129440853440653e-07	0.0032251953690700065	4.4509768843401096e-07	-2.453159565551927e-07	0.0027425145743587955	-1.7837944194864034e-05	5.002275493092573e-06	-7.510552178299038e-06	-9.373775191111673e-06	-4.4381774522413436e-05	7.766887142522624e-06
0.04	1.386370766036612e-07	4.060406929673809e-07	0.0032250061314745347	1.5581178259294124e-07	-6.686392336992714e-07	0.0027425871725390285	-2.2061690355838164e-05	-8.747417638883198e-06	-4.619405202876204e-06	-5.806903523548557e-05	-2.2440641561544208e-05	-1.306886390663209e-06
0.05	-2.549793768691511e-07	9.050800884732508e-08	0.003224780087082586	-3.151567733867396e-07	-7.1627213911245e-07	0.002742604711299902	-3.5779067442785295e-05	-4.4298776874958456e-05	-4.1095913518391505e-05	-2.4676750447467405e-05	1.7337024314678075e-05	1.2292668778323374e-05
0.060000000000000005	-5.952074226612209e-07	-2.596528674489499e-07	0.0032245692764747576	-4.1177080053340447e-07	-5.021462354540833e-07	0.0027428335611924576	-5.257860859134659e-06	-2.5802711648377785e-05	-1.910892921501807e-05	9.53344326502432e-06	3.760786525069648e-05	9.74228074349798e-06
0.07	-2.8681935289499974e-07	-5.034094651257069e-07	0.003224401634981326	-1.9058629410447926e-07	1.683504198162324e-08	0.002742825048819682	5.7626927212219507e-05	-1.521904447758909e-05	-3.485352962556612e-05	1.4015140713389238e-05	4.3841304082347975e-05	-9.567679665568314e-06
0.08	3.2659760136795477e-07	-3.8417321364018526e-07	0.0032244518103326735	-2.4615368709973236e-07	5.086779434159168e-07	0.002742470364032248	5.1318385862021384e-05	9.876853064714057e-06	2.0823496379607492e-05	-1.078790886403422e-05	6.012485681340941e-05	-4.049141955952124e-05
0.09000000000000001	7.446435857078122e-07	-3.6401612818779746e-07	0.0032248760264408103	-1.11919450921542e-07	1.136897161116184e-06	0.0027423342279046916	2.1159032311505185e-05	1.804471637889646e-05	4.604604825008675e-05	2.9850324119781277e-05	5.509134694510006e-05	3.3204261450665805e-06
0.1	6.170666247609983e-07	-4.961067374851358e-10	0.003225150654215261	-1.3953091652114374e-09	1.3858844220767136e-06	0.002742364335064992	-1.9477349072674114e-05	3.5918941774944634e-05	4.361850392902455e-06	9.882415408784102e-06	-3.4632664600038465e-05	9.7802034634482e-06
0.11	4.257991100640064e-07	1.7079588531248183e-07	0.003225120428285989	2.1299609185715525e-07	9.186843798042983e-07	0.0027428317687974682	-2.439534448356357e-05	1.8759722062090283e-05	-4.2508940647773415e-06	3.491277969975579e-05	-8.639640312265577e-05	7.356145146628568e-05
0.12000000000000001	2.6735542143840424e-07	2.557200513098897e-07	0.003225102505758518	3.3364388826900616e-07	6.186744852882527e-08	0.002743219680713622	-2.002062239891152e-05	-2.1299613038275858e-05	-7.549002784738282e-07	3.044553113472607e-06	-9.446809223863718e-05	3.4642899577100376e-05
0.13	-1.8778767403793752e-07	2.0367457812959046e-07	0.0032249475023046702	4.527564382911803e-08	-9.003456729326634e-07	0.00274330372712297	-6.452856670466582e-05	-1.716744601987513e-05	-4.185270700336914e-05	-3.954089304374309e-05	-8.720230324575497e-05	-9.684603920637512e-06
0.14	-9.391039586244189e-07	-2.7879461951227107e-07	0.003224563926417894	-5.323735278819832e-07	-1.3635815310173773e-06	0.0027432965316660654	-7.533642759143779e-05	-5.298207718442331e-05	-1.812219733782383e-05	-4.727168524111505e-05	-4.589381255745084e-06	-6.204934160549576e-06
0.15	-1.571257462237042e-06	-8.538921699991708e-07	0.0032247495398610745	-9.448004358343243e-07	-1.0702289020452919e-06	0.00274308147766049	-4.533810592904721e-05	-5.59919400109773e-05	5.2834657936742606e-05	-1.3962883916797977e-05	3.563428613035373e-05	-3.892916021228443e-05
0.16	-1.7894004336043387e-06	-1.4872015668119312e-06	0.003225327123036832	-9.565876569177113e-07	-4.939677192335852e-07	0.0027427042448818447	-4.6180790616951824e-07	-5.747016710694145e-05	5.685733004357604e-05	1.2751446866684303e-05	7.647982635409713e-05	-3.365233582656543e-05
0.17	-1.2886483540489165e-06	-1.6007320677726905e-06	0.0032253769556681074	-5.868378499463833e-07	2.815600838980453e-07	0.0027425614258123365	9.448630256399606e-05	1.945756352122327e-05	-3.907356656635133e-05	5.995140081258922e-05	5.5649015115934656e-05	-1.0663896555090733e-05
0.18000000000000002	7.997903416976848e-08	-9.986569978091647e-07	0.003224710809150104	2.2855092618548033e-07	5.332847745240024e-07	0.00274253432794938	0.00014737189698039508	7.787359506470783e-05	-8.465132912877118e-05	9.570091049964566e-05	3.156435432662435e-05	-2.1906786705839162e-05
0.19	1.4738574498086805e-06	-3.013878975721647e-07	0.00322398394676477	1.0603192098025656e-06	6.429525632511687e-07	0.0027424000023844822	0.00011663685877653456	6.011697723180816e-05	-3.611354709770018e-05	5.703569707387071e-05	8.908289458562454e-06	1.434690181324845e-06
0.2	2.21035257050535e-06	2.4356790083510996e-07	0.0032237862091082812	1.2918756585819242e-06	1.8463183942094513e-07	0.002742423054747774	2.263924141819179e-05	7.598047536970447e-05	6.714190093377063e-06	6.424091151606911e-06	-5.9844574613532407e-05	2.676519051068629e-06
0.21000000000000002	1.992318390302546e-06	8.554764429919516e-07	0.0032243017501602717	1.1487567933944999e-06	-4.3672646502641187e-07	0.002742448788974578	-8.467781797687047e-05	6.114193778092059e-05	8.802717256365293e-05	-1.9858301855096564e-05	-7.703376714945286e-05	1.8258361237431143e-05
0.22	6.129524291699508e-07	1.4003329199880453e-06	0.0032253095587786145	7.854319586139601e-07	-8.524011703096589e-07	0.0027428207572508414	-0.00015342702080029736	2.993013801091749e-05	9.573676577359607e-05	-6.668955682477943e-05	9.343922757213457e-07	7.127334029769373e-05
0.23	-1.1046381596032319e-06	1.4224194274547165e-06	0.0032258055312694815	-2.7161196351223604e-07	-6.324425850845747e-07	0.002743559180595731	-0.00015763552706615078	-2.758701191707185e-05	-1.7763939648792246e-06	-0.00012146357974959001	3.853360545060893e-05	7.00379877257567e-05
0.24000000000000002	-2.570186604884624e-06	1.182263582209366e-06	0.0032255726362825023	-1.3629656434175704e-06	-1.1602682766479683e-08	0.002743927279402974	-8.783605528997554e-05	-5.941477333445756e-05	-6.552997680142682e-05	-7.562395932303684e-05	9.671279241706878e-05	3.2805079651544346e-06
0.25	-2.630583631095651e-06	3.2332293655145256e-07	0.0032245398264016388	-1.6270396942072303e-06	7.494733858822902e-07	0.002743613386375632	8.938916214377651e-05	-8.582653592138023e-05	-0.00011564554551613997	1.6520411814879596e-05	8.754306304930041e-05	-6.134335150467171e-05
0.26	-1.1359601369207939e-06	-5.882223991992793e-07	0.0032238146551940954	-1.0551618401229953e-06	1.585293977134058e-06	0.0027426013855982303	0.00020356868965021232	-8.322471410526731e-05	-5.395582563866451e-05	0.00011186477185633245	6.351382866771345e-05	-0.00011941099760257082
0.27	9.360335929676745e-07	-1.3054152586044667e-06	0.003223660847133225	5.111581772406714e-07	1.809856066283608e-06	0.0027416866203544984	0.00019053455045941992	-5.7535042274795275e-05	2.018695113841026e-05	0.00016040882036579777	-2.827014840097951e-05	-7.593335635125374e-05
0.28	2.3309239272035717e-06	-1.7066125911743758e-06	0.003224010915092435	1.9716773791868922e-06	1.0650351074406707e-06	0.002741103746050695	7.57661231968555e-05	-3.0973677767646934e-05	2.6584461211323688e-05	0.00011782949324676655	-0.00010505120061087205	-3.838906793810013e-05
0.29000000000000004	2.536802321598457e-06	-1.8047472758547227e-06	0.003224040488365846	2.7493116509752837e-06	-3.653434633337642e-08	0.0027410406497320665	-3.9346427686245074e-05	2.4453473408829547e-06	3.0775189158494583e-06	8.253271001569335e-06	-0.00010817591651679696	3.856352886514536e-05
0.3	1.7977870140453428e-06	-1.5462518187263342e-06	0.0032242621739279782	2.1452243065129764e-06	-1.0480961010990932e-06	0.0027419571145633364	-0.00013332846833709452	7.191996302732347e-05	6.0986543058716975e-05	-0.00011956168804409319	-7.730652998846579e-05	0.00012290895017818157
0.31	1.5397934565393457e-07	-4.701758171282019e-07	0.003224917815092439	6.965027205609714e-07	-1.5651633437085056e-06	0.002743372695063487	-0.00016539343896065378	0.00013866492581936744	4.5395346180011254e-05	-0.00015507808488198735	-1.368830035697517e-05	0.0001750617316319184
0.32	-1.1822361525382451e-06	9.470136432191599e-07	0.0032254963077254254	-7.311626872348622e-07	-1.373230860787604e-06	0.002745037629061441	-0.00010107190559561241	0.00012631727882424627	5.514830812372451e-05	-0.00013196600068831666	3.5176150838649544e-05	0.00012057420627213452
0.33	-1.6958860401689527e-06	2.0248008162938566e-06	0.0032259119512750927	-1.8457567426084782e-06	-7.349724332536123e-07	0.0027454434601555983	-7.411393866958434e-06	7.769542975365536e-05	3.44675159105162e-05	-6.702774926618129e-05	8.162759779315606e-05	-7.140588135179807e-05
0.34	-1.0540717190066973e-06	2.463095620886675e-06	0.003225811684380637	-1.879597285663868e-06	1.721106346577314e-07	0.0027440198248097278	0.00011057231393742183	-1.9109767120936184e-05	-3.390469441049515e-05	5.973220502117326e-05	7.884645736681667e-05	-0.00019339443566603322
0.35000000000000003	9.994106922129332e-08	1.5543106899913182e-06	0.0032250732404964584	-4.557409580888697e-07	1.0099649895394058e-06	0.0027420718620966055	0.00012498491212503324	-0.00015199608995262507	-9.546953301009333e-05	0.00022012203112268053	6.764393577021672e-05	-0.0001642567236081852
0.36000000000000004	1.3434281564295058e-06	-2.791231809366267e-07	0.003224128989120076	1.5289352351813382e-06	1.3684874999631309e-06	0.002740840341843267	0.00010369828529991693	-0.00018176045341957613	-8.671878616095348e-05	0.00016049681240036477	4.308213776097897e-06	-7.141756382246823e-05
0.37	1.9546450479819356e-06	-1.990908617457756e-06	0.0032233752002752743	2.576663317992008e-06	1.296715097017231e-06	0.002740942441481385	2.4941628585820257e-05	-0.00013792555421034556	-4.15447707259007e-05	3.87155827353459e-05	-2.150669412386725e-05	7.304487467812985e-05
0.38	1.6742177563408308e-06	-3.187219728161491e-06	0.003223462961541197	2.284564851872572e-06	6.547637269818095e-07	0.0027421198536844104	-0.00011142398333504124	-8.336653049594709e-05	6.246247938255526e-05	-7.932990562140919e-05	-7.943675542152724e-05	0.00012795617371015773
0.39	1.2818196727002186e-07	-3.32282826053328e-06	0.003224562308261557	1.049139967987546e-06	-1.3886875599180653e-07	0.002743469025565043	-0.00018648225448218605	6.159847217888708e-05	0.00012956518339958588	-0.00015469624040220244	-8.54229854397205e-05	0.00012204176318017168
0.4	-1.2607676745224744e-06	-1.6813573799489327e-06	0.003225971085073446	-7.494742977889703e-07	-9.744038804652386e-07	0.0027442839702392667	-9.102295411972638e-05	0.00023454777177514847	0.00013641270465778227	-0.00016780697701672647	-7.049490160917464e-05	3.1241333555476765e-05
0.41000000000000003	-1.6057256769881634e-06	6.814290142923839e-07	0.003226970786356556	-1.9777222637226984e-06	-1.3867581272236036e-06	0.0027439361725755495	1.3817124616271383e-05	0.00023493038901264493	2.4780722533860125e-05	-8.664708394719194e-05	-1.8537193290147897e-05	-7.651980312954208e-05
0.42000000000000004	-8.249916415629161e-07	2.559763583143389e-06	0.003226583256194521	-2.238755833145291e-06	-1.0787280561675762e-06	0.0027429481527128214	0.00011393683388950531	0.00010629993129018805	-0.00011828738735762815	1.891583701847812e-05	7.123187247530027e-05	-0.00010136658808285243
0.43	5.46589124376192e-07	3.0073768160263452e-06	0.0032249422781660798	-1.4371716802592977e-06	-2.68098809656505e-07	0.002742194752269063	0.00013698438973171366	-2.485976648470443e-06	-0.00019508112301952016	0.00010929071909084144	0.00011246785964474099	-4.622915563307217e-05
0.44	1.7949469125080807e-06	2.4261970341136856e-06	0.00322330565052216	-5.505576302374724e-08	8.303372231684191e-07	0.0027420586449812714	8.968471255453884e-05	-0.0001088478360783068	-9.311143522488719e-05	0.00014429317587487321	9.029833464738468e-05	2.5304254081677647e-05
0.45	2.364712189686378e-06	7.953049389175217e-07	0.00322304095753843	1.3584421612810967e-06	1.633565004950647e-06	0.0027423025638482063	-2.0944161989919987e-06	-0.00019970929102392694	5.759603910732707e-05	0.0001067596170051813	6.028462391425468e-05	4.7340770017097445e-05
0.46	1.7732686151677648e-06	-1.18515518850509e-06	0.0032243857674412193	2.1500880253546023e-06	1.9851036856919183e-06	0.002742832932911237	-0.00013003720436670767	-0.00018689603330118135	0.00017907356774005134	3.132106040585439e-05	3.7368677528684786e-06	4.278813044840658e-05
0.47000000000000003	3.382425732684455e-08	-2.7264544241958047e-06	0.0032262239368400373	2.245192751482007e-06	1.6285031437344312e-06	0.0027432986861654907	-0.00019664612699435237	-0.00010960232630465613	0.000156629827484688	-3.0906783512219296e-05	-6.757921357052757e-05	3.197502638527467e-05
0.48000000000000004	-1.7961852113662584e-06	-2.826787661103635e-06	0.003227029075373662	1.6053468425421049e-06	5.868567884182971e-07	0.0027435741012560824	-0.0001570626654995416	7.576487725840181e-05	-1.0720134519656708e-06	-0.00011668566424626438	-0.00014919818149869592	2.5086995833423847e-05
0.49000000000000005	-2.721507066087073e-06	-1.6280467309169316e-06	0.003226270072987353	1.5606028574472636e-07	-8.978226527472992e-07	0.0027438131758363046	-2.3452379810774247e-05	0.0001726719640520907	-0.00014811703591383548	-0.0001753626820041575	-0.00011342085155202905	-4.898064166569322e-06
0.5	-2.1784386543934748e-06	4.347829041796996e-07	0.003224580372063131	-1.478302957867294e-06	-1.7154195597050955e-06	0.002743604639003678	0.000128025943455996	0.00021283481967940924	-0.00020261116806740814	-0.0001225384257158295	-6.370631477723697e-05	-4.6221458717962476e-05
0.51	-4.5511603475683254e-07	2.3006238652266047e-06	0.0032229693894716173	-2.1451859656338437e-06	-1.7576532255150585e-06	0.0027429552158785685	0.00020304272360618708	0.00016507527344140324	-0.00011804531228036853	-8.431641875816253e-06	3.634039326181585e-05	-8.665191466097163e-05
0.52	1.7376546129470589e-06	3.399887122745217e-06	0.0032228759182702377	-1.8015248252468351e-06	-8.726349929800899e-07	0.002741757247910994	0.00018072570139174122	5.0067649352467745e-05	5.7312846187867554e-05	5.7829728169965126e-05	0.00011395978165719116	-0.00014422124498101528
0.53	2.9929332571881807e-06	3.2665969749932347e-06	0.0032241085541877355	-8.879228936497797e-07	4.248435859907032e-07	0.002740648909962051	4.950900127266924e-05	-9.236994586793482e-05	0.00017372707100218177	0.00010452758806391512	0.0001536443066884663	-5.5339761095171736e-05
0.54	2.900261291380832e-06	1.3629501238926937e-06	0.0032254558695656694	4.850786439505326e-07	1.5554092965711717e-06	0.0027407882235151258	-8.096327945211563e-05	-0.00026860949061857864	8.733900716862111e-05	0.0001556202492705669	6.0359153725466184e-05	9.967792810444624e-05
0.55	1.3659316134930282e-06	-1.325820619661477e-06	0.003225972805377579	1.9420354225377585e-06	1.7158848200962216e-06	0.00274232498792777	-0.00019946933765571342	-0.00025233454268605343	2.274102425549438e-05	0.00010977470776230778	-4.074979004265533e-05	0.00018707770028173837
0.56	-1.0794507147368873e-06	-3.4713462335926503e-06	0.003225513867300755	2.235460835215692e-06	1.1323710066541426e-06	0.002744175692004324	-0.0002569858062150407	-0.00013662949568706386	-9.480757898083328e-05	-3.0055014103851522e-05	-6.940031188785194e-05	0.00014658264506181855
0.5700000000000001	-3.2413939058944357e-06	-3.85945924359677e-06	0.003224779654038198	1.428692810001871e-06	4.4148561858884307e-07	0.0027450352949365685	-0.0001396556426882308	4.6555864195374994e-05	-2.4165145681463844e-05	-0.00011098830413017009	-9.547358852372715e-05	1.4403687377449425e-05
0.5800000000000001	-3.995356333566635e-06	-2.7397849203841938e-06	0.0032246081905799072	2.495187789933387e-07	-9.065716475229297e-07	0.0027444062650436164	-8.692031205446841e-08	0.0001416582174807446	-1.1232799571330434e-05	-0.00016992153449374065	-0.0001348509205712524	-0.00015164927603367252
0.5900000000000001	-2.9050440465958348e-06	-8.015608864692215e-07	0.0032245902821472915	-1.3859684221702822e-06	-2.1456557302441214e-06	0.0027424540596843105	0.00020849200974232054	0.00025192562080959184	-3.329500556021716e-06	-0.00013679285852925176	-9.561456757963269e-05	-0.00020680073360503976
0.6	-2.894388600035497e-07	1.7224633362592726e-06	0.0032245540226183205	-2.264343053281774e-06	-2.6546514277156144e-06	0.0027407964446434356	0.0002899756744120086	0.00025590398352005075	2.367882533474813e-05	-3.2172802862571106e-05	-5.655692837428417e-06	-0.00011763281601305506
0.61	2.8235665740052525e-06	3.829533652533455e-06	0.0032246333958506055	-2.0473325677806183e-06	-2.2033162535543887e-06	0.0027404940643234134	0.00031863326556882997	0.00014359941301252135	-2.3425272952656652e-05	6.4128358048629e-05	0.00010063718699542628	6.981459725969569e-05
0.62	5.220551902763617e-06	4.135140431556762e-06	0.0032243311109701944	-1.0119691854036622e-06	-6.334289859108234e-07	0.002741640760092268	0.000141754102301566	-6.480065152730555e-05	-2.837932520676315e-05	0.00013405260291454244	0.0001807575153606091	0.00014381709332111667
0.63	5.54682553179045e-06	2.772090799075613e-06	0.0032241992214568902	4.5675591056377826e-07	1.3129553500047512e-06	0.0027431503781749386	-8.291449176562606e-05	-0.00022508623893395722	5.217810162721726e-06	0.00014455985214622492	0.00017155457649905228	0.00014470823128210337
0.64	3.4862188237424874e-06	-3.809394101607668e-08	0.003224549700951578	1.688611406394307e-06	2.745492078670384e-06	0.002744035582147791	-0.0003355373739194902	-0.0002989968376153136	6.467113452008023e-05	0.00010959956379178586	7.83736618483232e-05	4.768147927976287e-05
0.65	-7.413277641163891e-07	-2.9163265660566508e-06	0.0032252671540732307	2.5493824163742503e-06	2.7475708044062333e-06	0.002744390149723849	-0.00044527376771613615	-0.0002709518802897454	6.0420635852604796e-05	3.2611063872064074e-05	-9.169701728556137e-05	6.514371538484214e-06
0.66	-4.671872797284689e-06	-4.816496684071141e-06	0.0032257445862275158	1.9902068161954297e-06	1.1072585935419116e-06	0.0027437816893021707	-0.0003009342538827911	-8.084743459087974e-05	3.5580923974531246e-05	-0.00012754703537026983	-0.00021600385642435451	-0.00011057518759229912
0.67	-6.504813156971989e-06	-4.470221345585581e-06	0.0032258210542393463	2.5237321384258834e-07	-1.122016828462644e-06	0.002742474325543697	-5.093221599441373e-05	0.00013867080756566912	-2.855325132294609e-05	-0.00020256072396785478	-0.00020966254760813164	-0.00014540220568632446
0.68	-5.585110680958839e-06	-2.303758008539618e-06	0.003224873083266712	-1.6668533356991314e-06	-3.0479522173112995e-06	0.0027414770938032707	0.00020828752642904866	0.0002797783085068448	-0.00016176616329963	-0.0001481386791261098	-0.00014112894920981155	-4.1478606374583356e-05
0.6900000000000001	-2.5476793583637524e-06	8.652005614468853e-07	0.003223137619221274	-2.4835608748928926e-06	-3.6747273617394566e-06	0.002741819660855338	0.00037974134705010996	0.00034322586279965443	-0.00015822123682163565	-5.600567420399946e-06	2.3858751352578544e-05	7.26161536699015e-05
0.7000000000000001	1.6013889457843735e-06	3.915055047926018e-06	0.0032223208630699643	-2.2013570697970925e-06	-2.446493100418686e-06	0.002742591425763071	0.0004377497239564973	0.00025926608908326477	1.4234979024320699e-05	8.748729177583778e-05	0.00022573496362196367	8.550356603976917e-05
0.7100000000000001	5.270227335673803e-06	5.414598572807485e-06	0.003223426764754611	-7.930532615719482e-07	1.823657324367311e-07	0.0027432485837467547	0.00025532542700858435	3.4326119239127154e-05	0.0002003183063138117	0.00016194913306185853	0.0002609351598148076	4.242942986149813e-06
0.7200000000000001	6.69015841892062e-06	4.61616529943878e-06	0.0032255666679697065	8.440504099739741e-07	2.792062985605918e-06	0.002743214242313961	2.1268054167358973e-05	-0.00020674853129185787	0.00019576382823692384	0.00014304881109497482	0.0002286604083989504	-2.8095910677656997e-05
0.73	5.348439677496561e-06	1.741068234451278e-06	0.003227028970725292	1.7968059706349267e-06	4.317717041813575e-06	0.002743109853827132	-0.00026075036468046277	-0.0003647563917337952	7.116328217548229e-05	3.0405262859765853e-05	5.457615619445449e-05	1.5491586116357157e-05
0.74	1.6331858799588868e-06	-2.451301507588934e-06	0.0032267038618049183	1.5207408940766694e-06	3.54744831075098e-06	0.002743422905864647	-0.00043525705387863943	-0.00043617265244351314	-0.00013047135249042487	-6.70392650544295e-05	-0.00018625063652347244	2.0135198110901537e-05
0.75	-2.9158002373900176e-06	-5.875782304910807e-06	0.0032249183383350724	5.61540735137811e-07	1.1099774267571192e-06	0.0027436075238662246	-0.00044279651946919305	-0.00023007150025820908	-0.00019102109908322867	-0.00012200771251825016	-0.00028974936108316517	8.206064173075724e-06
0.76	-6.173310892165237e-06	-6.746640454313877e-06	0.0032233516173878997	-8.710556727517053e-07	-1.8254293007582807e-06	0.0027435660464979945	-0.00020123834464201448	7.92155947702061e-05	-0.00010215637286288582	-0.00015374748248025147	-0.0002808594426933409	-3.821717807052453e-05
0.77	-6.473082088664641e-06	-4.330667929118006e-06	0.0032229145394915616	-2.0160867938162165e-06	-4.0971317752359926e-06	0.002742896511671497	0.00012528242874347635	0.0003642999955407769	2.829555631591846e-05	-6.0251097129326056e-05	-0.0001364845217522488	-7.35887291153545e-05
0.78	-3.4471962609587017e-06	3.810997209257563e-07	0.0032238660628300096	-2.0018918425281827e-06	-4.291847602739933e-06	0.0027417508783170812	0.0004316756270679824	0.0005373293729311659	0.0001508712950388633	6.475898324800524e-05	8.849718031761668e-05	-0.0001267932643298531
0.79	1.0819940481523128e-06	5.454874260945342e-06	0.0032255182075678623	-8.255220417134392e-07	-2.1979097168658814e-06	0.0027410273860001308	0.00043737263477102746	0.0004351976610794723	0.00015437326167805094	0.000160313063060186	0.0003114485976234825	-1.1642244901151665e-05
0.8	4.7140279214307925e-06	8.170634464066054e-06	0.0032262980512300847	7.041390267967841e-07	1.2804153067677533e-06	0.002741683200673945	0.0002588251888411669	0.00010075255324391092	1.9310039290169327e-05	0.00013124276702158985	0.00033092104932826453	0.00011839447649924674
0.81	6.004751869553402e-06	7.096904962141712e-06	0.0032256937824571555	1.9142818057624423e-06	3.997184261622484e-06	0.002743309893491172	-2.085045735038532e-05	-0.0003189614449573691	-0.00010605522264262752	8.04064663688034e-05	0.00016895918318436112	0.00016692118358150145
0.8200000000000001	4.340909984185658e-06	2.4293694337762015e-06	0.0032243481467645195	2.0143386709631025e-06	4.5880686408356335e-06	0.0027445113418826266	-0.0002837515361414486	-0.0005792514592959637	-0.00012904641836859854	-4.203927474589014e-05	-8.024409063541268e-05	4.6170952214573494e-05
0.8300000000000001	7.735964443181941e-07	-3.4509711918102246e-06	0.003223550575310633	1.3094928023127568e-06	2.7833032009691123e-06	0.00274413746248963	-0.00039280698443753636	-0.0005623063619617999	-3.973109238699529e-06	-0.00010467894551390344	-0.00027412086861476625	-0.00012331565478264085
0.8400000000000001	-2.88120300238174e-06	-7.815831312026044e-06	0.0032243996844454207	-1.157789143924267e-07	-5.440748432088076e-07	0.0027426702182923807	-0.0003130995191576113	-0.00027667282812649267	0.0001455577091753907	-0.00016136740585373307	-0.00036312380981864256	-0.0001678306006712449
0.8500000000000001	-5.235754477634947e-06	-8.474817701360201e-06	0.003225695662970751	-1.771250643207549e-06	-3.7967182508432725e-06	0.002741207447361366	-0.0001472176570897307	0.00016914299342499575	7.814245941908441e-05	-0.00016185787954417009	-0.0002856221092553439	-0.00012623160523656562
0.86	-5.2241348275727865e-06	-4.748056958685208e-06	0.003225852460211542	-2.9072493026574066e-06	-5.703899339097184e-06	0.002740646445606935	0.00015325186118767795	0.0005550576840752294	-3.9794995576727855e-05	-5.397178271259709e-05	-6.25029007852555e-05	1.3048115829117728e-06
0.87	-2.556169654528252e-06	1.5870915537991938e-06	0.0032250206018459315	-2.8332371564472867e-06	-4.981159976819828e-06	0.00274133070143968	0.00036051258438598655	0.0006440676507741645	-0.00013119559174542688	5.9610288364164145e-05	0.00021338244869088167	9.057683892879616e-05
0.88	1.5295146417327604e-06	7.105923319548302e-06	0.0032239301291270912	-1.6804733532483224e-06	-1.7612284503851474e-06	0.0027427611335122206	0.0004273408037280891	0.00043389022531249987	-7.16657318585248e-05	0.00019113326482143772	0.00039559744620025624	0.00016368850154498363
0.89	5.156420971631484e-06	9.373978289583516e-06	0.0032239619108760478	6.490501055585944e-07	1.9614465497822554e-06	0.0027440902956860367	0.0002771765764176418	2.4269579161171777e-05	8.118663507351518e-05	0.00025272588356133703	0.0003281456909595717	7.478527450032519e-05
0.9	6.4830593585989065e-06	7.228480853022147e-06	0.003225062621758156	2.7564461767605744e-06	4.446825488051608e-06	0.002744223898292367	-1.2584573097290083e-05	-0.00041883306462988534	0.00011934814132659333	0.00016597448757957043	0.00012724300628713794	-4.4164773108228355e-05
0.91	4.97299115569627e-06	1.5320161106619178e-06	0.003225954163936186	3.821132657435671e-06	4.600348741110131e-06	0.0027434842474760458	-0.0002914814920235071	-0.0006734856430916231	4.445875906469194e-05	4.1131131556850384e-05	-0.00010695860131103473	-9.990597355341941e-05
0.92	1.1996394707886725e-06	-5.115455320055523e-06	0.003225846331609012	2.9526759286928434e-06	2.620406165103713e-06	0.0027426634677247754	-0.00043374868133915	-0.000607767977870832	-9.944489620949884e-05	-0.000206789151580632	-0.00028118745672983274	-7.1221350312837e-05
0.93	-3.224936382072604e-06	-9.8038727705859e-06	0.0032243515112371636	4.1013122272140983e-07	-7.869260351118508e-07	0.0027421976828192725	-0.0003951331078727259	-0.0002708405096774975	-0.00015940021663366413	-0.0002993705820452203	-0.0003585888434124335	-2.3577631587167712e-05
0.9400000000000001	-6.129205203936294e-06	-1.0023267596275463e-05	0.0032231637116301604	-2.6561648776191045e-06	-3.986900393285601e-06	0.0027420413701352703	-0.00018228709156469717	0.0002453881802245526	-7.501014059600056e-05	-0.00025402518359396247	-0.00022762390220760172	-1.5813955444146664e-05
0.9500000000000001	-6.142599407561504e-06	-5.590455647679549e-06	0.0032230338707591798	-4.61599250455256e-06	-5.221382265984505e-06	0.0027420632327783286	0.00016171534901170882	0.0006095388725529585	4.794366424541535e-05	-0.00011848072480509556	3.3842774411614425e-06	1.1253453903414148e-05
0.9600000000000001	-3.0256104048453066e-06	1.5942801729152803e-06	0.003223978617071476	-4.484629256635428e-06	-4.01514773573312e-06	0.0027422409406457847	0.00043229228182555993	0.0007423850698951512	0.00014186586353714812	0.00012560817995989942	0.00026742430704125044	2.580443011229427e-05
0.9700000000000001	1.8926806806144556e-06	8.211447984558639e-06	0.00322545489984885	-2.1238116888584327e-06	-7.706993270752275e-07	0.0027427166570716762	0.0005003184982917393	0.0005135435737787134	0.00013260352771667246	0.00030845157271043426	0.0003777182032095004	4.870621538503842e-05
0.9800000000000001	6.191839150434823e-06	1.1092533493597113e-05	0.0032263102924211962	9.469933662032273e-07	2.7871889660940416e-06	0.0027432926917804515	0.0002954932956749785	2.833161799295127e-05	3.588402285335863e-05	0.000283770353444217	0.0003035087684104503	4.4138527247793503e-05
0.9900000000000001	7.474831080879774e-06	8.611919165294268e-06	0.0032259294437703735	3.5040400472663994e-06	4.8942473775715405e-06	0.002743580721515469	-5.337651691152159e-05	-0.000500910172728888	-9.774916992229125e-05	0.00020043027870994017	0.00011581393389651325	-4.422819352660664e-06
1.0	5.28605750777127e-06	1.7466675113158778e-06	0.0032247917113852613	4.4343287383486116e-06	5.078593980008209e-06	0.0027432988927017623	-0.0003648640719924354	-0.0008081396543846219	-0.0001085338876398263	-2.8063364582160494e-05	-0.0001133546960732286	-7.595784451776943e-05
1.01	4.829155993896389e-07	-6.2292770210086365e-06	0.0032240923917975987	3.0808633784427585e-06	2.9681049153508022e-06	0.0027426190705854532	-0.0005449963905126687	-0.000703742169483909	-3.422187901507973e-05	-0.000243694373246181	-0.0003153357880412722	-5.672774039923356e-05
1.02	-4.553446313808022e-06	-1.1524952431882834e-05	0.0032241953121578044	2.181916667337891e-09	-6.796110011992134e-07	0.0027420673665883646	-0.00043502618216744517	-0.0002949599636302919	3.9926312258316396e-05	-0.00032091758463968485	-0.00039718303856851693	-3.562368100680289e-05
1.03	-7.677288194576701e-06	-1.1483169087368176e-05	0.0032248312759909853	-3.164414659760321e-06	-4.315760413940099e-06	0.002742200499343104	-0.00013657406921989507	0.00029465770905271355	6.685113220581811e-05	-0.0002873625627872267	-0.0002961972955245452	4.6693102092880016e-05
1.04	-7.13669441692323e-06	-5.991628031423837e-06	0.0032254942348295926	-5.171408343096224e-06	-6.001450490213278e-06	0.002743003133157347	0.00023647002995139246	0.0007758055065219106	6.184029043312716e-05	-9.096423075153086e-05	-3.259922276628714e-05	0.00010748888394982069
1.05	-2.785541929443672e-06	2.778009790377361e-06	0.003225786182531424	-4.790700053716985e-06	-5.1267944967033475e-06	0.002743892058692738	0.0005827389953662505	0.0009043443904578715	2.4329526179915377e-05	0.00016376267960358187	0.00021440055540706356	6.72918205309463e-05
1.06	3.113586101081794e-06	1.0596583316803993e-05	0.003225596177230625	-2.2640847395393176e-06	-1.81823827929154e-06	0.00274412887114824	0.000559364853542811	0.0006106783951264314	-5.842445194958123e-05	0.00031758176628509635	0.00043447370702213756	-4.139679956235666e-06
1.07	7.694600172060468e-06	1.3741773312991809e-05	0.003224959612544176	1.3866568642889676e-06	2.6702009522926396e-06	0.002743775461627115	0.00029982153230370597	-2.71564490340224e-05	-7.022074013196772e-05	0.000371523665199434	0.00044254424538772187	-9.297684590447271e-05
1.08	8.482022644085276e-06	1.0385445888141178e-05	0.00322430457353263	4.4262170664778375e-06	6.0778168372099715e-06	0.002742635789951066	-0.00014246549324235284	-0.000645952725247449	-5.548745906610589e-05	0.00020847037915155286	0.00022974811747401096	-0.000135668026090249
1.09	5.004403353598902e-06	1.8401731637509804e-06	0.0032240638751912425	5.274612820638397e-06	6.796116892369003e-06	0.0027412897681542816	-0.0005134689801697956	-0.0009723940427665295	1.4751638278694036e-05	-5.173063903766984e-05	-0.00010030717028916662	-0.00012019018989098087
1.1	-1.0650910664475275e-06	-7.613958968211128e-06	0.0032243606269302893	3.6927784506372496e-06	4.557863242798487e-06	0.0027405603008314244	-0.0006503291609473107	-0.0008432428536658924	1.9025291188979557e-05	-0.0002717885703098652	-0.00033854549882049846	-5.684612726724889e-06
1.11	-6.967366534921093e-06	-1.369349847448962e-05	0.003224658461265958	3.446805661293957e-07	1.7086962621213304e-07	0.0027411109509935584	-0.0004591722938385063	-0.0003218182111255055	3.0150605863433364e-05	-0.0003867820485193759	-0.00048231828639449934	0.00013554007176648682
1.12	-9.890057444620916e-06	-1.3240908233654222e-05	0.003224656448069872	-3.2519427320610755e-06	-4.368157923607192e-06	0.002743037299780514	-7.573259679233788e-05	0.00039677696352410756	-1.8018860158323992e-05	-0.00031323972643884694	-0.00036789385959068053	0.00023274729392205916
1.1300000000000001	-8.174769131720136e-06	-6.21788157571986e-06	0.0032246567427845992	-5.475469655115421e-06	-6.596032225592254e-06	0.0027447543264586313	0.00042370152374732986	0.0009326016268883203	3.2598061883366916e-05	-0.00011440791621676862	-6.543813052955061e-05	0.00010809907253971085
1.1400000000000001	-2.166886843636398e-06	3.8033317278937986e-06	0.0032251555478086196	-5.362261097462075e-06	-5.428252562143561e-06	0.0027451452469251137	0.0007221063070385273	0.0010092990394041852	7.47537036935866e-05	0.00014499942631958357	0.00028770497147944437	-6.086273008310297e-05
1.1500000000000001	5.438345351389913e-06	1.2102739611361619e-05	0.0032260211606464774	-2.541651422222239e-06	-1.4926394424281648e-06	0.0027436740919502788	0.0006980428029441251	0.0005957874968082911	9.719474958654532e-05	0.000378428753975262	0.0004582896309199478	-0.0001976427662246292
1.1600000000000001	1.0488026121233264e-05	1.468293421243425e-05	0.00322627460075327	1.579173945393802e-06	3.1972665433636306e-06	0.0027416699175023735	0.00026221641791908086	-0.00010983531392178022	-5.2410623770585377e-05	0.0004026950220310237	0.00046806140445119853	-0.00016849146926629493
1.1700000000000002	1.0318365209040847e-05	1.0288064649839287e-05	0.0032249388970771392	4.958027020510153e-06	6.9171250825934494e-06	0.002740598186846298	-0.00029625117794374126	-0.0007525915173287804	-0.00019696589638525317	0.00023545864061198102	0.00023064347071007687	-2.6485296824844087e-05
1.1800000000000002	4.847335353567788e-06	6.642479489385777e-07	0.0032228968979268985	6.136432695327729e-06	7.516553721437729e-06	0.0027414089907548188	-0.000734008144645364	-0.001098389386487513	-0.0001631484946486032	-3.199169634304344e-05	-0.00013045199218587997	0.00015182949244334147
1.19	-3.1081313726334212e-06	-9.781165748670177e-06	0.003222238349191233	4.362035644365494e-06	4.437503578631963e-06	0.0027429108780873124	-0.0007723094583243848	-0.0009157344989656289	5.2194804470064906e-05	-0.0002867523275780181	-0.00044642991304540884	0.00012474536471391453
1.2	-9.306102320947395e-06	-1.595264288950996e-05	0.003223818405084125	5.095476294827776e-07	-5.575906261057267e-07	0.0027439970945879895	-0.0004313003872948919	-0.0002873684652734692	0.0002460183943972245	-0.0004658048226768952	-0.0005358646338282088	4.604184648307755e-05
1.21	-1.1120757338442798e-05	-1.4909262408705454e-05	0.0032263477693078935	-3.9601326937603e-06	-5.348066339073594e-06	0.0027441185238539457	9.446775310041291e-05	0.0004982397745291709	0.0002362229417078954	-0.0003820272700244734	-0.0003954550339997466	-2.99555654668629e-05
1.22	-7.495978130557836e-06	-6.615887553844148e-06	0.003227841132644812	-6.894199340408001e-06	-7.628482383948431e-06	0.0027436288847201167	0.0006066423796413147	0.0010721368248261145	3.740463053486041e-05	-0.00014021920176446177	-4.728579173666386e-05	-5.386076795936478e-05
1.23	-4.534772494613822e-08	4.797496327282059e-06	0.003227001690169588	-6.642503139696295e-06	-6.351162362613813e-06	0.0027433989649611108	0.0008344500482554155	0.0011129274798948492	-0.00019293687772723526	0.0002060192191648602	0.000302548111372232	2.646790237384074e-06
1.24	7.758978715090208e-06	1.4198941859220877e-05	0.0032246259667424557	-3.0350478389632436e-06	-2.0856981730185414e-06	0.0027432543358759318	0.0006661540993621482	0.0006976807873340386	-0.00023929672832548177	0.0004645731669533305	0.0005157556167060577	-2.50827440127434e-05
1.25	1.2060804456362147e-05	1.7488726039904646e-05	0.0032227056929000912	2.1315465932155197e-06	3.427864848869702e-06	0.0027428872132799396	0.000137086396868158	-6.696105204056137e-05	-0.00012655439028343935	0.0005052211052698945	0.0005289241701542374	-6.208720785912274e-05
1.26	1.0482392922548992e-05	1.2866300343584801e-05	0.0032224155591439366	6.1080747168492405e-06	7.6240944694632725e-06	0.002741994428467989	-0.00044899983989446604	-0.0008287647841522898	9.798967593742357e-05	0.00026028548524202605	0.00028570282331021957	-0.00010439315982651998
1.27	3.5229931787245147e-06	2.140606505824521e-06	0.0032242693178057323	7.051290332636486e-06	8.41411652478933e-06	0.0027411902265274584	-0.0008804477909303267	-0.0012320964948535436	0.00020797395167595283	-9.267564708374573e-05	-0.00015366289462359628	-2.4523539610936764e-05
1.28	-5.554912477988761e-06	-9.545174354910712e-06	0.0032258562459428356	4.530488790705062e-06	4.8161584187066104e-06	0.002741397893393324	-0.0008494483450563297	-0.0010335442955564265	9.00523381660615e-05	-0.00039236111903769467	-0.0005159453316179983	8.106266133627119e-05
1.29	-1.2171307183225714e-05	-1.6711609939456282e-05	0.0032262343695117733	-1.3731317939131948e-07	-1.410658938916648e-06	0.0027425468630299064	-0.00042451935984207095	-0.00033463843332712657	-2.44212672231088e-05	-0.0004990202640568728	-0.0006628415930655169	0.00016116740435872195
1.3	-1.3260648894402361e-05	-1.5913735408687036e-05	0.0032253332505638777	-4.7308497659173296e-06	-7.210069258029123e-06	0.002744065853260837	0.00022099221822194826	0.0004919146760476063	-0.00010547588962628285	-0.0003979984129605272	-0.00045166767658341917	0.00012000223669782767
1.31	-7.994999949078313e-06	-7.314157207879456e-06	0.0032245858776385446	-7.350429010319071e-06	-9.542491906700602e-06	0.0027446809221094728	0.0008214840184549626	0.0011600600476531062	-5.5960528922083384e-05	-0.00010952143192768342	-5.220441703756993e-06	-4.009659199076526e-06
1.32	1.5451450121821636e-06	5.437209297831068e-06	0.003224312099972944	-6.588587571826611e-06	-7.323550884447437e-06	0.0027439772892112425	0.0010043611766814568	0.001285581541219092	-1.1388884650721903e-05	0.00024796580520774586	0.0004278153750242609	-0.00012186249158317004
1.33	1.0286290638819246e-05	1.6172376092153928e-05	0.003224342254755113	-2.909298872315719e-06	-1.3779501065790707e-06	0.002742676436165044	0.0006973042263014857	0.0007664373216860933	-1.1027259355801051e-06	0.0004952560107328459	0.0006829809964820641	-0.00012067793746893933
1.34	1.4428593316044615e-05	1.965732096320968e-05	0.0032244402781339723	2.452299576050768e-06	5.397922497539335e-06	0.002742020486427224	8.885923590369303e-05	-0.00010707120155290507	-6.87657091154057e-06	0.0005457196102408927	0.0006172316528506438	-3.751481148140361e-06
1.35	1.1800737647984233e-05	1.405488250909923e-05	0.0032245499885092833	7.031806560365337e-06	1.0246931240777303e-05	0.0027421249249914834	-0.0005995458944424898	-0.0009759358796787618	1.4598977480673365e-05	0.000347576770779463	0.00028058591359469515	4.0295115999005546e-05
1.36	3.2105272309995657e-06	1.495134992187959e-06	0.003224816729472391	8.917657328875141e-06	1.0463511436262602e-05	0.002742471207857173	-0.0010447646807794709	-0.0014315840569436215	1.7692785042609413e-05	3.4247599605335543e-06	-0.00023698849074447198	3.9077026281047887e-05
1.37	-7.5308845466266475e-06	-1.2229412918086028e-05	0.0032249933162476515	6.744150011882013e-06	5.766556594783867e-06	0.002742988456211146	-0.0010190238548426365	-0.0012080968270902254	-5.138586260036186e-06	-0.0004242745755181249	-0.000664577547556256	4.4967699576445254e-05
1.3800000000000001	-1.5498605860564263e-05	-2.0483169958911382e-05	0.003224688860493787	1.0491257865731037e-06	-1.78998397808165e-06	0.0027434094569096187	-0.0004859931457489059	-0.0003763902188526192	-4.027231379077349e-05	-0.0006582369130319395	-0.0007850159907072394	3.478834453664717e-05
1.3900000000000001	-1.645874055419051e-05	-1.9045699078633115e-05	0.0032242386065771643	-5.410077931653795e-06	-8.644098047249153e-06	0.0027435810392693965	0.00030205918803629994	0.0006369364742360199	-3.227842769725788e-05	-0.000567182570007127	-0.0005277232994363092	-7.699245880266238e-06
1.4000000000000001	-9.65506439007577e-06	-8.291138015749971e-06	0.003224227765859237	-9.559815450099541e-06	-1.1612985595139754e-05	0.00274341529459323	0.0009871109108805223	0.0014393774848756016	3.533065739391281e-05	-0.00021755207848858825	-2.8130833237641614e-05	-5.2267727158150885e-05
1.4100000000000001	1.9199212569263953e-06	7.1860561805169726e-06	0.003225035999518194	-9.314583379556535e-06	-9.010685461349692e-06	0.0027427333187841174	0.0012452973357096745	0.0015421944650308456	6.235305185923811e-05	0.00025858920727451357	0.0005201890129384089	-5.622662203433535e-05
1.4200000000000002	1.3242876576724921e-05	2.0025021577874808e-05	0.0032251951187222882	-4.746510178533007e-06	-2.081982153340675e-06	0.0027426188237511216	0.0008842961660108864	0.0009093222795260929	-1.3890463819074643e-05	0.0006103385860356898	0.0008051267385436119	3.6325871529528744e-05
1.4300000000000002	1.8580438846758156e-05	2.3605290654793607e-05	0.003224755134387383	2.1112556785993783e-06	5.868718761446267e-06	0.002743089702069804	0.00014324466875841404	-0.00020596140954447472	-5.613849129269659e-05	0.000706879313351941	0.0007265364562425531	3.297073003514636e-05
1.4400000000000002	1.5612834176942073e-05	1.6055141712493707e-05	0.003224378685222532	8.063231168091058e-06	1.124547350555589e-05	0.0027433775396763335	-0.0007472403093163489	-0.001244409877138364	-9.176162280549365e-06	0.00045650516782365786	0.0002988931930786321	-1.2649738424735675e-05
1.4500000000000002	4.9053818042079035e-06	6.324886254915838e-07	0.003224711223698663	1.0205355552388816e-05	1.15065970758426e-05	0.0027427987057156624	-0.0013144120965350938	-0.0017171192049284046	5.2123674507309864e-05	-5.850218339671709e-05	-0.0002824422523784188	-8.063551876064351e-05
1.46	-8.52929599318945e-06	-1.5648126443971453e-05	0.003225142363551586	7.263408828547881e-06	5.894888918384624e-06	0.002742176257715466	-0.0012757147068192343	-0.001405953769017508	2.090940903566151e-05	-0.0005004727566309661	-0.000782176590089504	-1.7760239383694683e-05
1.47	-1.8389519593383062e-05	-2.5302195173248534e-05	0.0032248338612909035	8.673693008125055e-07	-2.8795563193952637e-06	0.0027424226894656165	-0.000617964585896484	-0.0004517145712494273	-8.246743837772131e-05	-0.0007192692118404169	-0.000915093010455284	4.799409110609737e-05
1.48	-1.974497372618577e-05	-2.3423088531862687e-05	0.003224124461273101	-6.009922856331504e-06	-1.0830935111347687e-05	0.002742991729010189	0.0003385673361738071	0.0008327986282954173	-6.982682000270732e-05	-0.0005793034138589189	-0.0005814651268818427	4.864309559567738e-05
1.49	-1.1918210022250623e-05	-1.0153086727002412e-05	0.003223989341429484	-1.0087126768473779e-05	-1.3828338387881239e-05	0.0027432875242605196	0.0012048357680021463	0.0017156890200181161	3.059620684383266e-05	-0.00017381344385215518	1.1838246910260603e-05	-1.1426736297682964e-05
1.5	2.389920384657999e-06	8.558211085274589e-06	0.003224636792243705	-9.128665538946011e-06	-1.0335041440112728e-05	0.00274263472542286	0.001539191563002607	0.0018843689645083863	7.211478560604438e-05	0.0003373614320790632	0.0006596334196938458	-8.802258735695033e-05
1.51	1.599898318058724e-05	2.433052732389565e-05	0.0032251171568644186	-3.529551888390144e-06	-1.5424047272291253e-06	0.002742151322223377	0.0010850648536519043	0.0011184713796994997	2.8736700424435798e-05	0.0007272272643786127	0.0010418012817427719	-5.503834631203475e-06
1.52	2.2452295439663014e-05	2.8779159460930473e-05	0.0032250525615918945	4.192555811251729e-06	8.32689841495133e-06	0.002742477591705766	0.00014201055310969032	-0.0002559655285043851	-4.0827946662473015e-05	0.000750768468738685	0.0008619570185763012	5.220587079626639e-05
1.53	1.8609543635060712e-05	1.9130269241025747e-05	0.0032244783663196042	1.0229064427869298e-05	1.4368787273728117e-05	0.00274312007452382	-0.0008921071957055158	-0.0015777229725176926	-6.467734900750171e-05	0.0004021528170446901	0.0002884971557320961	5.525080374160629e-05
1.54	5.802230072382314e-06	-2.607746124648434e-07	0.0032239672324222077	1.1693890732256003e-05	1.3688590014764664e-05	0.002743530571300577	-0.0015732307627717734	-0.0021449562109621743	-6.522568055397656e-06	-0.00011614983940855406	-0.00040611469893973937	1.477707327327888e-05
1.55	-1.0275194897182764e-05	-2.0156776862088867e-05	0.003224427280184369	8.026698211143342e-06	6.7166412937935004e-06	0.0027437293331961997	-0.0015058211073401696	-0.0016662543385727053	8.889057029670255e-05	-0.0006178289968255127	-0.0009605783730603214	9.875723077470337e-06
1.56	-2.1797319830750014e-05	-3.110881729331631e-05	0.00322523838650862	4.532585623846464e-07	-3.870586951077569e-06	0.002743478314329061	-0.0006967277369184066	-0.000413798963397823	8.32898451278066e-05	-0.0008342312753803915	-0.001089622516344943	-6.256406374721979e-05
1.57	-2.3252540616280326e-05	-2.7566510461455718e-05	0.003225584888300107	-7.52932364688847e-06	-1.3309677719893738e-05	0.00274298630757907	0.0004488679585672962	0.0011107935521353	2.082329737814437e-05	-0.000666044620313133	-0.0007296950886115116	-1.5732370063130782e-05
1.58	-1.354166650297523e-05	-1.0371902161257496e-05	0.003225424436929014	-1.2081313290382533e-05	-1.6782546425222147e-05	0.0027428189896191568	0.0014045232777056096	0.002165134608353454	-3.537183104392949e-05	-0.0001907850560963549	6.765781211120397e-05	-1.9177890063400302e-05
1.59	2.9601876690578554e-06	1.2338429799575729e-05	0.003224779298233593	-1.1065478326880625e-05	-1.2120167993986771e-05	0.002742552407420815	0.001753080462905393	0.0021922459936188333	-0.00010126602769662519	0.0004025125961828686	0.000842784844581058	-2.3651738448569092e-05
1.6	1.865383675009867e-05	3.0162388130637578e-05	0.003223794251173957	-4.654007736800349e-06	-1.3548981126128396e-06	0.002742661897502877	0.0012837769000842462	0.0012120360066295252	-8.383147691677993e-05	0.0008233325856775104	0.001222514996564474	4.2405989633815154e-05
1.61	2.6372926871592048e-05	3.428489225461289e-05	0.0032231140431697985	4.163953495746357e-06	1.0419093549528377e-05	0.0027433511017088807	0.00019621587798499752	-0.00044160800398920655	-2.7104377534342164e-05	0.0008566663087670681	0.001030701913455924	7.631943493909669e-05
1.62	2.1765463835117514e-05	2.1819503121520925e-05	0.003223479147232013	1.1204235660255183e-05	1.747327411087727e-05	0.0027438620605713007	-0.001097938772163939	-0.0019343267112415699	0.00012206202104541828	0.000483487691572638	0.00030478574870618116	1.419207594944988e-05
1.6300000000000001	6.0064874051817275e-06	-1.63429895521013e-06	0.003225207060319566	1.3000801603374078e-05	1.6312316200712118e-05	0.002743443766255159	-0.001907094120954179	-0.0025596686035757907	0.00021041474923373614	-0.00012296528041349003	-0.0005677880878324919	-8.139923958320358e-05
1.6400000000000001	-1.3180025835274159e-05	-2.5114327653039846e-05	0.003226723981302749	8.682183937538548e-06	7.040982022533286e-06	0.0027423678961197907	-0.0017929265460129877	-0.001921706478493506	7.297771598598533e-05	-0.0007217107686993625	-0.0011922793291068085	-9.542092869549543e-05
1.6500000000000001	-2.6818547471949007e-05	-3.715640810558663e-05	0.003226148955988283	-1.7226134151452853e-07	-5.926138433386794e-06	0.002741802196448352	-0.0008184428732939741	-0.00038474201124518364	-0.00018759484812316005	-0.0009714842030358722	-0.0013010772711332106	-1.1455797619490971e-05
1.6600000000000001	-2.804379498581956e-05	-3.18732845952704e-05	0.0032237897282779873	-9.424258463848722e-06	-1.660007681989776e-05	0.0027422033215428456	0.0005922756716399114	0.001432549002511916	-0.0002570370944177899	-0.0007761890670250443	-0.0007319429411473501	9.382348814966529e-05
1.6700000000000002	-1.5948973720173567e-05	-1.0939942885260557e-05	0.003222109878098748	-1.4503806789517938e-05	-1.9551065740403125e-05	0.0027430286522131227	0.0017272507715144307	0.0025976107875021115	-7.99717147091678e-05	-0.00020111982716025412	0.0001584400690232979	4.2999045328392034e-05
1.6800000000000002	3.878706801831378e-06	1.625438980424114e-05	0.003222580337993382	-1.2856104341126539e-05	-1.3397400779740757e-05	0.0027432535709893736	0.0020944569820356288	0.0026230363246375126	0.00015208885204485512	0.0005075971999225032	0.0010531589406567344	-2.095596934345501e-06
1.6900000000000002	2.2571455408515445e-05	3.6861773860213416e-05	0.003224430723448952	-5.116477037934634e-06	-3.9882658621418195e-07	0.0027434197011473485	0.0014774329862504245	0.0013405964268895937	0.00020057602779297089	0.0009688889104016752	0.0014539736312634709	2.8160021142959977e-05
1.7000000000000002	3.113640087881237e-05	4.044941159966809e-05	0.003225838685088108	5.137338107168287e-06	1.338162949435256e-05	0.002743874010885066	0.00016556054743766514	-0.0006568056374897162	9.212596383624345e-05	0.0009805999789302532	0.0011888444149773896	4.8060389252216855e-05
1.7100000000000002	2.5501214585691185e-05	2.451050292455592e-05	0.0032262543518516372	1.3093793712006655e-05	2.1531005045557685e-05	0.0027439472959553623	-0.001262162311910622	-0.0023929096693928674	-8.756292327490577e-06	0.0005207626936767952	0.00034811365881541416	-3.3898295270659546e-05
1.72	7.820956742870087e-06	-3.941576445942907e-06	0.0032254856129389875	1.5025898080407839e-05	1.9690590404994604e-05	0.0027434206362834616	-0.00215515261817548	-0.0030680956371728256	-0.00013876834768016455	-0.00017083845707715646	-0.0007112334204097355	-0.00010750226624510268
1.73	-1.4235013371262038e-05	-3.154899746101921e-05	0.003223771278462543	9.755416784627385e-06	8.351460456346227e-06	0.002742298596573425	-0.002066723862965955	-0.0022158441133975576	-0.0001961846559247574	-0.000846350856826159	-0.0014671223595720052	-8.775055346391312e-05
1.74	-3.0145703801574823e-05	-4.467118345763192e-05	0.003222082039967871	-3.2560625887796256e-07	-7.4488649338773e-06	0.0027421821950535195	-0.000981259622170952	-0.00030029328514047143	-0.0001460137184595829	-0.001097580723758967	-0.0015615622050757256	2.9460990095263113e-05
1.75	-3.205365410526107e-05	-3.697371409098666e-05	0.0032216883096187554	-1.0549851696350499e-05	-2.05356361942532e-05	0.0027427668762106876	0.000610703409746979	0.0017985762135563801	8.863486190632635e-05	-0.0008507145405320478	-0.0009455045732248372	8.533132052252805e-05
1.76	-1.890164801683585e-05	-1.1272641118270866e-05	0.003223538610996754	-1.6113729835394766e-05	-2.4446376548654958e-05	0.0027431777916436285	0.0019181632270069099	0.0031357401102123047	0.00026584846682480175	-0.0002079916401901421	0.00021612524404672118	1.3096296792310832e-06
1.77	3.5673412299049794e-06	2.0786280144309633e-05	0.0032263208787176967	-1.4177437443785911e-05	-1.6393857306764432e-05	0.002742969310640995	0.0023802226797364377	0.0030130136968159315	0.00022566225695428905	0.0005771982487220266	0.0013366751723985044	-2.693093774358724e-05
1.78	2.4965127708510297e-05	4.395641394390123e-05	0.003227231901084157	-5.445861298568066e-06	-2.5496323523210663e-08	0.002742961471129824	0.0017076196599745534	0.0014210055790801106	-5.1546825147738187e-05	0.0011066592272180762	0.0018133499340500841	3.4227110314729786e-05
1.79	3.499632509640727e-05	4.666888065952806e-05	0.0032254501357496888	6.394492430200252e-06	1.691947821412737e-05	0.0027438875287131748	0.00020533926696633393	-0.0009345622586204542	-0.00026735707757413117	0.0011390954601817776	0.0014164140483012325	0.0001450334968817627
1.8	2.8775498143485024e-05	2.6858239686420792e-05	0.0032230896092443275	1.544471541284234e-05	2.6350010536324167e-05	0.002744616767243242	-0.001417991383612004	-0.0028548547772121275	-0.00017832982550953987	0.0005997295755806535	0.0003751240947028326	-2.3517177463385697e-05
1.81	8.832447893803492e-06	-6.145769134431304e-06	0.003222557059930594	1.736371832993956e-05	2.3550248695676652e-05	0.00274379857409266	-0.00242280493666711	-0.003517588961515022	8.16939409551959e-05	-0.00021521544724969232	-0.0009167605287086466	-0.00012495663119885627
1.82	-1.600162181719618e-05	-3.78368424151732e-05	0.0032236559248659535	1.1173469280541765e-05	9.222127002502716e-06	0.00274238814810015	-0.002313687472496516	-0.0025418659762067074	0.00011056686802402744	-0.0009877489397949705	-0.0018230964663488386	-0.00012845624593632273
1.83	-3.3864403012400605e-05	-5.241186150454546e-05	0.003224363285429624	-6.714325164615401e-07	-1.0176811414367495e-05	0.0027416805646132162	-0.0011141236142810662	-0.00024046624071076913	3.193535500310147e-05	-0.001286909850518157	-0.0018978194706873643	-2.9393429535608235e-05
1.84	-3.590595812620947e-05	-4.222786265439375e-05	0.0032244710415803473	-1.2436327541554091e-05	-2.5371434544322873e-05	0.002741853713592009	0.0006980608233368602	0.0022125597742102647	-3.233487741750162e-06	-0.000949469661173801	-0.0010150234793088373	5.780570332105193e-05
1.85	-2.0880712920075713e-05	-1.1274334095895623e-05	0.0032246371965764294	-1.833948989737377e-05	-2.8751885113103754e-05	0.0027429128031766494	0.002186523575606997	0.0037221313420005013	3.228070334608444e-05	-0.00017543392112904762	0.00039651372548711665	0.00012875844377147153
1.86	4.476695157255555e-06	2.6144536182532475e-05	0.003224948705645632	-1.577224254747223e-05	-1.7923020786487295e-05	0.0027443247425771203	0.002678376084131594	0.003447524396507737	3.4321394645383524e-05	0.000668543035882139	0.0016781195157706743	0.00011184652318782455
1.87	2.8583338295095954e-05	5.225238263760379e-05	0.0032246233127496866	-5.859163882227741e-06	1.897748473605257e-06	0.002745424511151023	0.00191096670148721	0.0015533019785735954	-8.012365114393774e-05	0.0012137667918279162	0.00210796580168898	0.00010087311247540886
1.8800000000000001	3.9621950974432765e-05	5.436199227506383e-05	0.0032236886307987155	6.851320972134736e-06	2.08864771349236e-05	0.0027459336495665758	0.000196369619289553	-0.0011602414136144545	-7.752991724088715e-05	0.0012217468329314657	0.0015420442511032567	-2.519757314748416e-06
1.8900000000000001	3.2340240888462544e-05	3.0375564926273502e-05	0.0032235986486567657	1.645668455110421e-05	3.0445389800569275e-05	0.0027448217950187277	-0.001611279644484903	-0.003435226460889796	7.01058399222099e-05	0.0006304565350813998	0.00026342656041604	-0.00021362562915159378
1.9000000000000001	9.538777144386572e-06	-9.087455058214734e-06	0.0032248796792270044	1.849147879934008e-05	2.567768599535767e-05	0.002742523849468902	-0.002758049556466377	-0.004113728884322754	0.00014720729710316602	-0.00023289168106737767	-0.0011834443844989005	-0.00022477839670495285
1.9100000000000001	-1.8428237152879447e-05	-4.547050311872767e-05	0.0032254868811806693	1.180766543170782e-05	8.564296837694042e-06	0.0027410976521682366	-0.0026281840412296473	-0.002873067254165994	-4.185754413000247e-05	-0.0010719935735303394	-0.0021173341727464667	-3.712613291283604e-05
1.9200000000000002	-3.827501108814763e-05	-6.120825041247818e-05	0.0032238061576474186	-1.1544157880973575e-06	-1.321772018729474e-05	0.0027417812835292396	-0.0011749708497315954	-0.0001489181913588343	-0.00026009116399992936	-0.001405229625865443	-0.0020870155207523894	0.0001460062946970511
1.9300000000000002	-4.008060010765135e-05	-4.77319462226727e-05	0.003221550540445543	-1.3929422469719203e-05	-2.948312650579905e-05	0.0027434314244762954	0.0008488509111196337	0.0027500035762270452	-0.00013461640712831554	-0.001044247649980025	-0.001033414423731103	0.00015959847255363928
1.9400000000000002	-2.264232439822558e-05	-1.067553581721154e-05	0.0032215794764937464	-2.0484398711868272e-05	-3.1879403459770575e-05	0.0027443591909229533	0.0025221546320365364	0.004357287587382294	0.00014734264456699165	-0.00019359015629044995	0.0005753924488576852	3.364708149588267e-06
1.9500000000000002	6.4677062186893165e-06	3.2778843106530456e-05	0.0032240156940460648	-1.7261072999778016e-05	-1.9043294117773214e-05	0.0027438089282243202	0.0030446673572917674	0.003987163033608817	0.0002809723890589472	0.0007928344688869803	0.00190307303304841	-7.257928047143271e-05
1.9600000000000002	3.313003358916466e-05	6.205311123598036e-05	0.00322630106100066	-5.633870171960149e-06	3.2182069252919714e-06	0.002743335905213673	0.002063752096016087	0.001613982729266758	0.00012430376554087833	0.001454124035214924	0.0023837447298519316	1.653083929540309e-05
1.9700000000000002	4.4493475484453794e-05	6.212011518707689e-05	0.0032263561306792826	9.278808347154304e-06	2.4770507916660657e-05	0.0027440950688118683	9.445055793019543e-05	-0.0015963169099387766	-0.0001145802250058265	0.0013953675453338631	0.001747812335796717	0.00011268960023777359
1.9800000000000002	3.488383043275072e-05	3.2512274862209656e-05	0.003224696565282052	2.017141897291718e-05	3.5166126439771015e-05	0.002744805918897327	-0.0019407227805761944	-0.004114812642814815	-0.0001874716474991414	0.0007046302214506171	0.0002485696269640384	2.2640138919423328e-05
1.99	8.189604293004685e-06	-1.3753448386512056e-05	0.0032231407591137374	2.1648274141393617e-05	2.8905848964366565e-05	0.0027442661505013206	-0.0031564934608255438	-0.00476146308953783	-9.62857950043949e-05	-0.0004117609906870726	-0.0014461465712574887	-9.334055032052774e-05
2.0	-2.3236725150291115e-05	-5.482938647664256e-05	0.0032225212819725134	1.2465232380859669e-05	8.461919939206711e-06	0.0027429951174701792	-0.002849944845779623	-0.00310731395160722	-5.020114194127898e-05	-0.0013346859014813591	-0.002464182805235929	-7.239109338085184e-05
2.0100000000000002	-4.440441407879536e-05	-7.074326137220082e-05	0.0032223969210206757	-2.9908950454839643e-06	-1.6352606293731754e-05	0.0027428743201087817	-0.001183470050184555	7.62317691346668e-05	1.136072612508822e-05	-0.0016329211834720456	-0.0023182337877045473	3.2405103716278356e-05
2.02	-4.4978096367102295e-05	-5.302446884761095e-05	0.0032229213845524447	-1.7397347112922982e-05	-3.4127742944859734e-05	0.002743580192650604	0.0010886114788896055	0.0033519383165415925	0.00012407803460286058	-0.0011313009458606995	-0.0010817708764631674	6.512186815975817e-05
2.0300000000000002	-2.431223797388945e-05	-9.024404041180987e-06	0.003224690636737482	-2.3741056502390296e-05	-3.609234262602326e-05	0.0027437997352701997	0.002884215368108738	0.005100113710408207	0.00019718375479749553	-9.231577974689006e-05	0.0007171444005689063	1.605589915561762e-05
2.04	8.338468956044062e-06	4.082947995467257e-05	0.003226143545311002	-1.9027633292935e-05	-2.0795248875641385e-05	0.00274388426219687	0.0033838366124121573	0.004429852700528225	3.425103653559227e-05	0.0010004261294194391	0.002243950518904143	2.117210215485853e-05
2.0500000000000003	3.777599340652719e-05	7.246381496741618e-05	0.0032251249906880817	-5.1155983530168145e-06	5.226885598662156e-06	0.0027445639850696545	0.002251051025880416	0.0016344399571613438	-0.0002280740268879299	0.0016947489005159268	0.0027284876894418633	0.00011825658227143567
2.06	4.98835282882266e-05	7.03219775105652e-05	0.0032223992931686655	1.177227141396478e-05	2.928950448460147e-05	0.0027458530714769727	4.965180626106777e-05	-0.002060163133465521	-0.00026945160409415895	0.0015163348543237379	0.0018700983255783056	0.00010315643029438168
2.0700000000000003	3.864535288385336e-05	3.413575424865298e-05	0.003221150340765717	2.306965646895168e-05	3.977781881548498e-05	0.002745741794310356	-0.0022277131108585134	-0.004877754493748015	4.6515037084456326e-05	0.0006741789615933158	0.00013217159441343172	-0.00014315739907789886
2.08	8.620787870725296e-06	-1.980816370474843e-05	0.0032233114201430583	2.38797336434261e-05	3.174605031084896e-05	0.0027433070141539236	-0.0035372824992099057	-0.005451147255802573	0.00033565893119600606	-0.0005192906066815346	-0.001686165930235821	-0.0002850397089463722
2.0900000000000003	-2.662828008533155e-05	-6.615779145215782e-05	0.003226227030694479	1.3261689935997265e-05	8.465112863826672e-06	0.00274145361241824	-0.003173658983804432	-0.0033950178653838173	0.00016181847670531827	-0.0015404175493084018	-0.002782971373023299	-3.0226468994532434e-05
2.1	-4.990077761493033e-05	-8.195106920875567e-05	0.003225814529018007	-4.212138298313355e-06	-1.9620215855873606e-05	0.0027427726829023064	-0.0012555867023194744	0.0003892208901170699	-0.0002394937583174021	-0.001803379183822645	-0.0026017794244221006	0.0002724175505363582
2.1100000000000003	-4.965861933996011e-05	-5.858486274831543e-05	0.003222577569360572	-2.0138011326363976e-05	-3.9156145462188304e-05	0.0027456682595433084	0.0013122015639825282	0.00409116606717703	-0.00031926654765283537	-0.0012312612119695975	-0.0011435973490744585	0.0002558303817069256
2.12	-2.5811248652279546e-05	-6.243583952407817e-06	0.003220942556611327	-2.678881941323177e-05	-4.0515861885487934e-05	0.0027467640157442393	0.0032758010835532534	0.005954584553782501	3.993855955919381e-05	-3.83140068234436e-05	0.000873886459085696	-5.039272869631109e-05
2.13	1.0915169743852358e-05	5.090440701715438e-05	0.003222660276811215	-2.0997268339944292e-05	-2.260990197053245e-05	0.0027452494365033005	0.003754323680789394	0.004989266301719566	0.00024523103895657435	0.0011984645073827495	0.0025488914936469325	-0.00019635704324845224
2.14	4.3587247108938964e-05	8.578434306738577e-05	0.003224295674189625	-4.722780337069815e-06	6.570203132601972e-06	0.002743814194907109	0.00249112729887219	0.001678994630709703	4.152384450920813e-05	0.0019197595304475408	0.0030677432789000974	-5.122292286416226e-05
2.15	5.6261101792891196e-05	8.077250933688605e-05	0.003223700495840598	1.4266042471611887e-05	3.368399728839351e-05	0.0027439256505289015	-7.096495427099635e-05	-0.0026277153432455935	-0.00013482813924991916	0.0017382115319007619	0.0021383025921752454	4.7931895784960984e-05
2.16	4.201962996610617e-05	3.711692124526313e-05	0.003222818045790179	2.6934171374921188e-05	4.563890896183546e-05	0.0027441726638595056	-0.0026594897216680783	-0.005771894450175498	-3.073743322448984e-05	0.0007032160654949282	0.00014598566563369506	-2.2545224328362406e-05
2.17	7.001869165394778e-06	-2.5909007591851517e-05	0.003223416480296152	2.7104580897730817e-05	3.614238807443517e-05	0.002743642898006401	-0.004065167897712797	-0.006302958904613357	0.00010256850913060848	-0.0006644173093210129	-0.001993130679358834	-3.7661395281925346e-05
2.18	-3.2556379468992664e-05	-7.850116761059687e-05	0.0032239669590760993	1.4554946225960781e-05	9.024784643904153e-06	0.0027440437437380874	-0.003514881928772896	-0.0037724505851272454	-3.1413306659228656e-05	-0.0017590573567605077	-0.0032382607694248426	0.00013763896543552331
2.19	-5.7163983161393316e-05	-9.485750002745907e-05	0.003222730918507636	-5.249309124083359e-06	-2.3587011891872296e-05	0.002746533553284967	-0.0012199753494674813	0.0006583596240025684	-0.00018522195280616693	-0.0020317298999176243	-0.0029907798601341478	0.00030940739383827367
2.2	-5.477946403280792e-05	-6.614282694018212e-05	0.0032212868261333096	-2.2748691535424962e-05	-4.55170881000222e-05	0.002748532642082097	0.0016812869939672136	0.004869381022254097	-2.7053665487615498e-05	-0.0013082306672387324	-0.0011857249102408655	3.6027772975600606e-05
2.21	-2.5959030716830714e-05	-4.7038678149139065e-06	0.0032230951774954485	-2.936972064340991e-05	-4.549778303817225e-05	0.0027469059436953957	0.0038651216684346883	0.006928181944400034	0.00034297808845515577	6.3231139767940065e-06	0.001191293943235825	-0.0003236746640117445
2.22	1.634494809670621e-05	6.101890890337141e-05	0.003226403119253456	-2.2553600845066174e-05	-2.3666399028222384e-05	0.0027433409291046065	0.004237583096519692	0.0056816687780406674	0.00019613984046213656	0.0013419497596864427	0.0030214140670443263	-0.00029802610741553595
2.23	5.1776238814489445e-05	9.939321369414413e-05	0.0032254383821651083	-4.593983243081755e-06	1.0397781304722094e-05	0.002742202596826175	0.002547385263544961	0.001669962179784636	-0.0003604469382246544	0.00210254987341524	0.003551349757051078	8.740182569044539e-05
2.24	6.324633220059479e-05	9.120581520105243e-05	0.003220658930544447	1.6149726081451064e-05	4.113807033260644e-05	0.0027441729537533515	-0.00037241409680383286	-0.003274991940066571	-0.0004749785060053825	0.0018661527374803557	0.0023271964994483678	0.00025638646019368394
2.25	4.473148333458349e-05	3.8870337580168435e-05	0.0032181011313050837	2.9543645854829007e-05	5.317049555003672e-05	0.002745904522618855	-0.0031883879091562707	-0.006778946134626394	2.6153408233365957e-05	0.000701350051261198	-4.363302037941482e-05	3.254043339724975e-05
2.2600000000000002	4.11383715750046e-06	-3.400175508367955e-05	0.003221167921361639	2.9097892780923055e-05	4.0080473834400985e-05	0.002744797363506088	-0.004611848467244715	-0.007190961010507549	0.00048476360073187986	-0.0008012250343771926	-0.002480143960245638	-0.0001862843919688695
2.27	-3.964768380399337e-05	-9.310785774964165e-05	0.003225835950345745	1.4830320151045032e-05	7.2712640549371306e-06	0.0027435127850659632	-0.0037764974835006004	-0.004092107620972879	0.00031646167748429656	-0.001966474393430195	-0.0038374328242366303	3.7114441162358005e-06
2.2800000000000002	-6.513497419346867e-05	-0.0001086997252906773	0.0032262548537630806	-7.100942868034264e-06	-3.0473749546502534e-05	0.0027451432410887135	-0.0011360566077445265	0.0011110897076043143	-0.00020216317242206759	-0.0022346238993896607	-0.003402445064160228	0.0002929351919142379
2.29	-5.98965704720516e-05	-7.246073871031135e-05	0.0032230069955757434	-2.6322765377639017e-05	-5.496726536242864e-05	0.0027481070353833742	0.0021383939674884025	0.00585489883969012	-0.00032213760202701993	-0.0014251459664488056	-0.0012719313283930584	0.0002004633066855175
2.3000000000000003	-2.604050147638849e-05	-3.4889353542431613e-07	0.0032214801787599162	-3.3424618442964094e-05	-5.393063669491983e-05	0.0027479557752580603	0.00438601433317245	0.00800017006216667	3.600468928621233e-05	7.299036674744066e-05	0.001490394484994631	-0.00022734898782872354
2.31	2.1366211879865387e-05	7.484937908180684e-05	0.003222434470812093	-2.4795805082947945e-05	-2.717197695032873e-05	0.0027449179822137807	0.004677146095081725	0.00637983297783488	6.577238061645306e-05	0.0015956238195270083	0.00364501565060466	-0.00028190093938238245
2.3200000000000003	5.98682579104044e-05	0.00011632123784292313	0.003221840985922838	-3.927754959117808e-06	1.348703139247302e-05	0.0027438088625103057	0.0026786867889793758	0.0015455409331903954	-0.00018651554015014352	0.0024313900393982076	0.004144610575884026	9.499968423239755e-05
2.33	7.061947346808266e-05	0.0001030156861896238	0.003219875688858185	1.9815437685171474e-05	4.913448509920235e-05	0.002745694242628149	-0.0006106108523392775	-0.0041143791852122505	-0.00014624547372051595	0.0021121216657367173	0.0026678510019821217	0.00021522246445803865
2.3400000000000003	4.825099956305275e-05	3.993922387549118e-05	0.003220540899229939	3.476616248714537e-05	6.230413710812598e-05	0.002746625787081069	-0.0037048520035402486	-0.008007376614383038	0.0003123707211572645	0.0007407948731909035	-0.00015535648078858402	-8.291494043646312e-05
2.35	2.1968690868118925e-06	-4.451781013104089e-05	0.0032249492247809946	3.3475062973992036e-05	4.59782052522926e-05	0.0027447913100017616	-0.005146764331096464	-0.008172940618447094	0.00043246493158130816	-0.0010002545724285123	-0.002982498010464107	-0.00020265447849499016
2.3600000000000003	-4.6111427067378714e-05	-0.00010987656310553367	0.003226812871042329	1.6019644999379096e-05	6.837313079346837e-06	0.002744408976751855	-0.004098786332041931	-0.004332998874664228	-0.00015303480601685878	-0.0023338052183016367	-0.004516629232972287	0.00016976538133523503
2.37	-7.333250371464001e-05	-0.00012374345500808362	0.003222433824385112	-9.685302519074506e-06	-3.730055715940962e-05	0.0027477907100287983	-0.0010975201192844075	0.00169593581559651	-0.0005822217470060366	-0.0025880521666327145	-0.003908605897675781	0.00041200004799035397
2.38	-6.609998466309472e-05	-7.827214731459676e-05	0.003218044382886776	-3.12602097407634e-05	-6.457819006700329e-05	0.0027505660035044765	0.0025017129171077913	0.007066325211307112	-0.00016190095382210214	-0.0015489079210592332	-0.001311770881910025	1.8457344529714663e-05
2.39	-2.6814416892087625e-05	6.442543839038525e-06	0.003219948484000969	-3.816826177791916e-05	-6.156851433608169e-05	0.002747502690735247	0.005075408063178973	0.009202908478065775	0.0004754536532500205	0.00022188569084002847	0.0018973374136061216	-0.0005534886331700315
2.4	2.6986973123013064e-05	9.087673891483848e-05	0.0032248569706055377	-2.7183262612073547e-05	-2.909217333212202e-05	0.002742200295608035	0.005217362946652574	0.006941987465396641	0.0003279561717707071	0.0018966431828876865	0.00432649924788699	-0.00036484009766697413
2.41	6.886865111630914e-05	0.00013351748786756966	0.0032246731070609057	-2.579283083579304e-06	1.8775310712465647e-05	0.002741803542122812	0.0027821616815477367	0.0011910312184403873	-0.00038358870049466295	0.002808655274928336	0.004852097180361872	0.0003172727828858428
2.42	7.817309963198051e-05	0.00011255687926686789	0.0032191781984986234	2.4281772762592594e-05	5.9389668155020884e-05	0.002746916453946372	-0.000989030897633757	-0.005234686296895861	-0.0005283433436893195	0.0023263105417079375	0.002908605524461805	0.0005408964952372524
2.43	5.004462620950842e-05	3.6728810948616735e-05	0.003217307328754517	4.0023205762708656e-05	7.227081876774667e-05	0.0027502255056256818	-0.004405607926420005	-0.00934830497159553	0.00019736841336507336	0.0007232026530696668	-0.000450881935370914	4.128765424195576e-05
2.44	-3.319432638301996e-06	-6.013494857170307e-05	0.0032220357558914356	3.7238743235743836e-05	5.1007503112714373e-05	0.0027483658798087727	-0.005821470298856925	-0.009189431112272365	0.000582766411479155	-0.0012772776245071715	-0.003645863281290211	-0.0002929921737671267
2.45	-5.677304246248901e-05	-0.00013156972159705812	0.0032256652308091873	1.648088986642595e-05	4.789962913255629e-06	0.0027465814885049974	-0.004411575681204684	-0.004463324772201653	1.8079240309304286e-05	-0.0027084520891327403	-0.005224814040605762	-1.6292236622266852e-06
2.46	-8.40784340385295e-05	-0.0001413524503014079	0.0032224749941300807	-1.2901973686709098e-05	-4.519658910784298e-05	0.0027484074724920156	-0.000808217370015896	0.0026011728170308155	-0.0005480062910065036	-0.002913476446296164	-0.0043462452512027586	0.0002831729862023032
2.47	-7.162214227936533e-05	-8.363628095142563e-05	0.00321790223708641	-3.700749547341794e-05	-7.475670716795257e-05	0.002750154119110486	0.003220770234801702	0.008489751625780117	-0.00022333937980323476	-0.0016944395560582082	-0.0013147985577190097	-4.1939026570517616e-05
2.48	-2.434987264592453e-05	1.6230655011740565e-05	0.003219256055369716	-4.377737817020682e-05	-6.942774517143958e-05	0.002746999185370947	0.005845556841727948	0.01066929657141402	0.0004179966733532642	0.0003984971113149149	0.0023657803375496038	-0.0005143751127144663
2.49	3.60874000186632e-05	0.00011205764911618916	0.003222996081052595	-2.9581020325132196e-05	-3.0748854702069256e-05	0.002742906189446997	0.005718392349669156	0.007666368206664727	0.00018247428750414992	0.0023354440401715687	0.005061359524984978	-0.00016729226264354524
2.5	8.044876448756834e-05	0.0001563367065657147	0.0032212864001611267	-5.400206629862202e-07	2.4225060358952014e-05	0.0027450425885266424	0.0027786044419687004	0.0007726802976735463	-0.0005081509709427078	0.0032240239587006695	0.005486668461287404	0.0005456170998875779
2.5100000000000002	8.702075995493231e-05	0.00012604845693378407	0.0032160451187218876	2.9704060505119834e-05	6.9362142644932e-05	0.002751285376199655	-0.00151858771727956	-0.00660603550445037	-0.0003444944629981995	0.0025301088435213137	0.003135697168650345	0.0005320688944605895
2.52	5.21888943258537e-05	3.447738654631076e-05	0.003217367038875583	4.617460721493622e-05	8.16931344776378e-05	0.0027527122942142207	-0.005184293713714199	-0.010995913747004128	0.0006249826353108735	0.0006097371797454498	-0.000747612704433318	-0.00028868176946824975
2.5300000000000002	-8.821465732297435e-06	-7.708041993809023e-05	0.0032255256965005516	4.105769422810416e-05	5.550910691880584e-05	0.002747452487573174	-0.006513448850544353	-0.010356312849672386	0.0007388869112304483	-0.0015999951440469667	-0.004311237926761736	-0.0005774413824244326
2.54	-6.738481868674022e-05	-0.00015469258753111943	0.0032281430929010074	1.6135999793192487e-05	1.611869729134249e-06	0.002744864921516553	-0.004688573735787984	-0.004468293990676523	-0.0003245545616253855	-0.0032083368746658658	-0.006025827108676163	0.00013121151094418605
2.5500000000000003	-9.445841288936873e-05	-0.00015873966080147384	0.003220164342851929	-1.7993264319592135e-05	-5.5403708688719076e-05	0.0027494060398543115	-0.000509444833037008	0.00369481271941038	-0.0010609351101742578	-0.0033027787390200367	-0.004872189383947479	0.0006414636231931153
2.56	-7.657004741486982e-05	-8.6490920771973e-05	0.0032124619228550517	-4.4243794706421854e-05	-8.734191812112894e-05	0.0027537702119009386	0.003901743974057929	0.010186066121818828	-0.0002486198887833637	-0.001716981627721288	-0.001246473954293857	1.890604103717012e-05
2.5700000000000003	-2.19696096698678e-05	2.9914342240825163e-05	0.0032161942147878476	-4.968243271093909e-05	-7.813312549302754e-05	0.0027494125656086113	0.006613495416026788	0.012154509439903463	0.0008457250871781433	0.0006865764867040612	0.0030088437716293765	-0.0007431751091538615
2.58	4.5000978546536725e-05	0.00013651841455397413	0.0032238814431951933	-3.142305322879097e-05	-3.122528789350705e-05	0.0027435133082245847	0.006216585762173497	0.008196089112421595	0.00045159649949978053	0.0028491571023946116	0.006031240797709548	-0.0002770947590570371
2.5900000000000003	9.142524098776074e-05	0.0001794364632050546	0.003223173803721628	2.8980517289168874e-06	3.333692243008456e-05	0.0027456200674283874	0.002691355776790934	-9.603929219773673e-06	-0.0005446036691645552	0.003715027046351546	0.006316021233102463	0.0006508107039567983
2.6	9.451739421668858e-05	0.00013629751871696645	0.003216693088248635	3.690391809933531e-05	8.431668068644681e-05	0.002753044799801381	-0.002094341464509994	-0.008257548647625406	-0.0005205605172615863	0.0027550952765744716	0.003387378367401388	0.0006109115221480173
2.6100000000000003	5.26247956077012e-05	2.655057709135444e-05	0.0032163876567452886	5.340513883342377e-05	9.559490644118983e-05	0.002754406243936938	-0.005995435294718801	-0.012848559122523272	0.0004811450242967048	0.0004139940591629827	-0.0012039648050134934	-0.00033917352305428447
2.62	-1.6313631708494594e-05	-0.00010036027537383109	0.003222983095237933	4.469582183013716e-05	6.17266386386031e-05	0.002749098091728726	-0.007203380653881724	-0.011417645666154651	0.0005651657879424789	-0.0021001979584391647	-0.005336660851540467	-0.0004961869790626355
2.6300000000000003	-7.933502898594705e-05	-0.0001820881993270004	0.0032236493694826397	1.4343240256279911e-05	-3.29045496002341e-06	0.002747539850135389	-0.004847563289055944	-0.004196077332140152	-0.00048558091763170884	-0.0037373305070221565	-0.007136406631453936	0.00025849860433852775
2.64	-0.00010501775215119009	-0.00017695226706360075	0.0032156638702684143	-2.4097215296881177e-05	-6.9264554696328e-05	0.002752899684838305	-8.051758374366536e-05	0.0051673140756580555	-0.000898684987794887	-0.003594683703307079	-0.005476717772504223	0.0006254160315976417
2.65	-8.102047762153117e-05	-8.67665858336785e-05	0.0032111766480906797	-5.152326326462244e-05	-0.00010315597074471939	0.002755741921990616	0.004705589859234342	0.012172379473410742	0.0001936001108277075	-0.0016522931549044558	-0.0010048051528096912	-0.0002325465108207895
2.66	-1.7728481413962978e-05	4.865041287031897e-05	0.0032189457411160097	-5.4515249037658336e-05	-8.791176622953797e-05	0.0027490952802126404	0.007462314021669552	0.013765670824252929	0.0010818386296470891	0.0010741320638529967	0.003926287797034605	-0.0008712708098778392
2.67	5.576883834667967e-05	0.00016507968508234998	0.003226216709529801	-3.172410849184968e-05	-3.0029168088079917e-05	0.0027433479087507593	0.0065856096195369244	0.00846790476016984	0.00016011120706316756	0.003307706853606032	0.007220055703959751	-9.338979610285013e-05
2.68	0.00010310826034092829	0.0002030305511297439	0.0032212375344184844	7.278276861598935e-06	4.54122072957944e-05	0.0027480122712699906	0.002456116703211052	-0.001206345306985258	-0.0010332350781145218	0.004137237924743514	0.007184766707671278	0.0009203689277609727
2.69	0.00010101737922408909	0.0001432385260533418	0.0032110866157474046	4.386948566470819e-05	0.00010116611879626449	0.002757109526189502	-0.0028390727781686513	-0.01026830613471322	-0.0006474957392473315	0.0028274899451369013	0.003484791601727178	0.0005972215966315457
2.7	5.048901192157281e-05	1.2643948368216939e-05	0.0032128641217147517	5.927591407082148e-05	0.00010930715319976763	0.002756547328061222	-0.006903718880508597	-0.014849391459114935	0.0008856777480064647	0.00013543094957876387	-0.0019023412338124983	-0.0006566363439465279
2.71	-2.6326734424344817e-05	-0.00012989419129527902	0.003223026636996762	4.6238519271139346e-05	6.565322559641188e-05	0.0027486096938803676	-0.007808357697213443	-0.01237785475682328	0.000793479601697009	-0.0026443935425835155	-0.006537437411000088	-0.0006388820048821705
2.72	-9.188943456464854e-05	-0.00021275317974234307	0.003223861242569186	1.0109601709315038e-05	-1.1747317431794039e-05	0.002747409034398981	-0.004749518111369014	-0.0034170938082234976	-0.0006400756753613546	-0.004277357877665039	-0.00834051643061193	0.00042821248976910827
2.73	-0.00011336994539902468	-0.00019281086617055227	0.0032135629854084216	-3.238871614015444e-05	-8.693362251084859e-05	0.0027547764316103777	0.0006134988763848678	0.0072226740846378	-0.0010843868195926434	-0.0038277184331503384	-0.005978009693137506	0.0007941299867272637
2.74	-8.082728182774586e-05	-7.967404890819593e-05	0.003208988469022519	-5.9694820579703255e-05	-0.00012122572959646299	0.0027579178224005235	0.005670846430005027	0.014564125304857156	0.0003488902252291443	-0.0013754514941452531	-0.0006407478384550902	-0.00031679837677282157
2.75	-8.304586024903536e-06	7.695838083575043e-05	0.003217994048616735	-5.824594821478002e-05	-9.872948040487125e-05	0.0027503477260917876	0.008267543087897357	0.015413685113750727	0.0010856186677993254	0.001656290620021959	0.004999399266748911	-0.000871814898339561
2.7600000000000002	7.009715730172848e-05	0.00020134909609112738	0.003224149049227341	-2.8746941939211148e-05	-2.7761742284022043e-05	0.0027462201668662072	0.006724598831145163	0.008300273325176279	-7.2185859826537e-05	0.004031819797905912	0.008638854538298752	0.00016325004161482198
2.77	0.00011470924124457662	0.00022900920593818107	0.0032166768579658246	1.5950675557943612e-05	6.011688470297115e-05	0.0027535012924869073	0.0018460869343836564	-0.002994554502688048	-0.001200981490295017	0.004509310379471281	0.008168331918996049	0.001124318047155785
2.7800000000000002	0.000104368088908666	0.00014662203457157722	0.003207244808273093	5.3601151092085e-05	0.00012096513010478773	0.0027626084412523616	-0.003818666935307126	-0.01282255375924493	-0.00027908901334980845	0.0026613862821726463	0.003443991808262533	0.0003300329924529541
2.79	4.395022279496865e-05	-9.054644568204954e-06	0.003213919708381293	6.526528769621237e-05	0.00012412389780538092	0.0027576730432899324	-0.007834414359954278	-0.017126608461342695	0.0013507046204332118	-0.00039313885153715233	-0.0028053453001059985	-0.001097455427041784
2.8000000000000003	-3.9570946839755555e-05	-0.00016711130079410857	0.0032256064559343144	4.601080594388038e-05	6.827831659581304e-05	0.002747591079288197	-0.00815752989402657	-0.013014561472538613	0.0005894268264440734	-0.0033310795094639817	-0.00796168420605193	-0.0005947027171444351
2.81	-0.00010509476431088977	-0.0002460060761882073	0.003222259951367457	3.766900305054005e-06	-2.355584896476402e-05	0.0027485166255505414	-0.004374562153669843	-0.002047266193729231	-0.0012004681352556377	-0.004794257620413795	-0.009623259239888727	0.0007534042380526918
2.8200000000000003	-0.00011986810246112914	-0.00020536708133432111	0.0032073452870882736	-4.156677504829286e-05	-0.000107351047562463	0.002758752793033409	0.0015100040553656872	0.009794718725660007	-0.0013145900209325585	-0.0038528530020200884	-0.006341870238264183	0.0009409456480639803
2.83	-7.716173778945301e-05	-6.505526998899716e-05	0.0032041652840277025	-6.67154976079602e-05	-0.00013984703730803008	0.002760492278702954	0.006694802896000722	0.01725736469331959	0.0008053001479304215	-0.0009926537042436155	4.981565342278593e-05	-0.000669045187040207
2.8400000000000003	4.248910852558928e-06	0.00011323844776908009	0.0032176894995305664	-6.0103466139122246e-05	-0.00010645417628579263	0.002750488969941283	0.008867090233850716	0.01680645265275031	0.0013979332944858871	0.002266945692713244	0.006398240552762726	-0.0009373334440505709
2.85	8.495688022629679e-05	0.0002408583440312335	0.0032242969873035646	-2.4206158354481852e-05	-2.0118766875234518e-05	0.0027473519971576016	0.006568615934816695	0.007510183569974154	-0.0002502186857700958	0.004619567213259393	0.010170952582951764	0.0004484444925742939
2.8600000000000003	0.0001242037951807882	0.0002509857673091976	0.0032143152742191675	2.4705847054220647e-05	8.007989052685708e-05	0.0027577938785401466	0.0009628069922608649	-0.0055352504762071555	-0.0014112104575256365	0.004759298018582767	0.008948339926069209	0.0013686451846397594
2.87	0.00010371836933934592	0.0001397541216619556	0.0032049874262400704	6.236801254751653e-05	0.0001430260994347826	0.0027668155303075107	-0.004881596533099468	-0.015882386920427184	-4.998514671013131e-05	0.002439333603325389	0.0030934802423275396	9.157211228400886e-05
2.8800000000000003	3.3377883274597976e-05	-4.366476362209795e-05	0.0032142141228988915	7.002781239667067e-05	0.00013793455404706803	0.0027587736779961258	-0.00865466692583473	-0.01929456171872796	0.0014732709858253246	-0.000958412101376897	-0.004066851193060394	-0.0013559390065005015
2.89	-5.5359191564599134e-05	-0.0002126415628719138	0.003224255980916644	4.4423314848030966e-05	6.649246238234187e-05	0.0027485414641006977	-0.008289194921912936	-0.012886951285879144	0.0001844341038791926	-0.003973963140992938	-0.009692871132699381	-0.0003885785050450683
2.9000000000000004	-0.00011763981821149171	-0.00027837548411741676	0.0032162731589019623	-3.4541849661406886e-06	-4.07782685370829e-05	0.0027526646355551456	-0.003620341556453273	0.00028516924139682613	-0.0016315609498883847	-0.005199549248192473	-0.010837305609338285	0.001103761609233712
2.91	-0.0001224940085464397	-0.00020879878509340728	0.003200014586920066	-5.0604003170921166e-05	-0.00013121710284226857	0.0027647129172833807	0.002667521300115394	0.013031640949958886	-0.001044004163176691	-0.003774937655167329	-0.006409331361461767	0.0008718207682848973
2.92	-6.865054952370592e-05	-3.6628781336559284e-05	0.0032035006010663635	-7.243697486482334e-05	-0.00015883898549442073	0.0027627749228482617	0.007744440117092435	0.020160909636783762	0.0016051741809445742	-0.0004424388056531195	0.000998858936245038	-0.0011516239126292645
2.93	2.0324065718183825e-05	0.00016159360369613423	0.0032214946878916274	-5.952039600682276e-05	-0.00011189649854033361	0.0027501149917173407	0.009264054553133607	0.017600732461691145	0.0014237604816940883	0.0029430740140815688	0.008142442706084269	-0.0009177891419113283
2.94	0.00010025259682965452	0.00028327599996498	0.0032246321389585225	-1.7540692858550665e-05	-7.6422638069969e-06	0.0027501278023574424	0.005991187995547341	0.0056123311271937615	-0.0008692313357215083	0.005087301864805763	0.011844134641846603	0.0009435592248684758
2.95	0.0001304802197958426	0.00026531961507940773	0.0032085232560566893	3.4143728668999225e-05	0.00010482920054201207	0.0027650182852638344	-0.0001611329187080377	-0.008967860932005994	-0.001848637406931987	0.004776764053956383	0.009597630617230032	0.0016445003366686007
2.96	9.846262521856917e-05	0.00011878826933373709	0.0031997051141206562	6.91021825568662e-05	0.00016724962118549566	0.002772616266756253	-0.006019166341801479	-0.019279127941351903	0.000509787822728731	0.0019031998341799703	0.0024406523016666454	-0.00048410682797025653
2.97	1.8588743813007737e-05	-9.25634900022152e-05	0.0032140550636192934	7.031675676841919e-05	0.00015094432071305873	0.0027592863297392126	-0.009307649081400507	-0.02114520212852284	0.0017283660195748978	-0.0016593273337095575	-0.005666865969865136	-0.001611572895887592
2.98	-7.18997423167466e-05	-0.00026544531674692486	0.0032234302244350034	3.8121275158649795e-05	6.082888013824295e-05	0.00274947685727386	-0.007948833835447425	-0.01175988809898896	-0.00012378010995862205	-0.0045376018636423265	-0.011675822053244097	-0.0001243759451879136
2.99	-0.00012649838545484966	-0.0003072621084336819	0.003211449524437122	-1.3424504317307572e-05	-6.35946776290628e-05	0.002757074012887396	-0.0025245749303273884	0.003697654909589677	-0.0019532653538832834	-0.005326111022246213	-0.01211714624306666	0.0014430427743769353
3.0	-0.000119477276186834	-0.00019943229751910238	0.0031951173506469285	-5.906876647643586e-05	-0.00015933169322769196	0.002769719121794802	0.0038189364146332173	0.016945010629364148	-0.0006353188628185737	-0.0033649898522816603	-0.0061710285451725055	0.0005118404308143038
3.0100000000000002	-5.545801103481502e-05	8.116179207490962e-06	0.0032044893507531037	-7.557016569058825e-05	-0.0001784395022767085	0.002762889146127872	0.008557541690390027	0.02300032054570582	0.0020616361385502797	0.0001622949512445604	0.002421022128412693	-0.0015090655379919363
3.02	3.7497155384314055e-05	0.00022077491172668216	0.0032221258888990136	-5.612011513846804e-05	-0.0001124818497479828	0.0027507333273649784	0.009190788039064242	0.017468860233503584	0.0009307529224185015	0.0035926620706439715	0.010323907796922275	-0.00053677378832511
3.0300000000000002	0.00011213868109581697	0.0003255581430649172	0.003218650758867769	-8.907832293647053e-06	1.207604118394098e-05	0.002755313855600149	0.005071933166407632	0.002562012927103712	-0.001549142322295786	0.0054561935428984985	0.013534635543541982	0.0013853672033352434
3.04	0.00013128030457817142	0.0002696699467424923	0.003198799615040699	4.3708055863432304e-05	0.00013454909250485648	0.0027725243763960634	-0.0013290879302831587	-0.013130420709829407	-0.0017472520836609294	0.004553677264484281	0.00977490765567667	0.0015095276297250192
3.0500000000000003	8.830962344174411e-05	8.332304086235467e-05	0.0031969670955001306	7.396767027154265e-05	0.00019120161479099318	0.0027740975260923573	-0.006944777124626585	-0.02286281184130683	0.0015208127655779201	0.0012933878894578234	0.0012306544226587859	-0.0013361765264475601
3.06	1.8011942161360568e-06	-0.00015243194741982927	0.00321754655092125	6.832905852861196e-05	0.0001577586886306566	0.0027559134294075833	-0.009597593013887738	-0.022081260288193957	0.0017944965087900236	-0.0023519511876811073	-0.007821648075016105	-0.001625394830971648
3.0700000000000003	-8.643491545791357e-05	-0.0003171327320895089	0.003223372035905957	2.9896448683369402e-05	4.5179067570836075e-05	0.002749386820062783	-0.007237565767411126	-0.009255010017124326	-0.0007949905207271902	-0.00501670230185568	-0.013763088169262893	0.00044946143245573237
3.08	-0.000130408551086983	-0.00032234984863937626	0.003204965251326014	-2.4010848946744943e-05	-9.457037311242596e-05	0.002762740721772473	-0.0012472314675860306	0.008079443648505389	-0.0024025621578707434	-0.005297095266865739	-0.012912856270671194	0.001874708187760346
3.0900000000000003	-0.00011090672385584696	-0.00017104958508272822	0.0031896598062644927	-6.62813951963298e-05	-0.00018933774361498782	0.0027752262511320674	0.004924244110833972	0.02105476103190238	9.187878379759129e-05	-0.0027755699809765924	-0.005287195784378459	2.882206861438058e-07
3.1	-3.869327942458862e-05	6.968458986818787e-05	0.0032057945781456243	-7.560715050006315e-05	-0.00019437695043445129	0.0027634640947288565	0.008995908172775569	0.025069515990707197	0.002318922530046047	0.0009315610396995077	0.004415708365517002	-0.0016923917727393765
3.1100000000000003	5.374480846489705e-05	0.00028427342618116017	0.0032214045608907576	-4.916567890708959e-05	-0.00010530143867230905	0.002752988468600546	0.008610861998858514	0.015721906767805736	0.0003973220832435234	0.004140559941948299	0.012723189963804182	-8.211427371159958e-05
3.12	0.00011844325168410641	0.00035629136322463587	0.003212088465031778	1.2818976158578814e-06	3.937003711085842e-05	0.002762308597578945	0.0037655567911989854	-0.0018685881259669242	-0.0020289623511189994	0.005530539206489623	0.014951705024559172	0.001791980490785038
3.1300000000000003	0.00012422412921782674	0.0002532068982109935	0.0031919755990302053	5.169380358594149e-05	0.00016718858150010124	0.002780079557807265	-0.0025544571828219173	-0.017760561546447444	-0.0011671445909826716	0.004059940013532834	0.009388803822737525	0.0010252894820925022
3.14	7.162404511987693e-05	2.5992566700204214e-05	0.003199582444728136	7.546057885023181e-05	0.00021330618603552086	0.002773371340370956	-0.007640359405776583	-0.02609071260437648	0.002301367649725456	0.0005710346645241031	-0.0003455731117119167	-0.00203276717826543
3.1500000000000004	-1.725958835943917e-05	-0.0002241112872728962	0.0032210516465596872	6.289317813732222e-05	0.00015855119123870843	0.0027540023250416123	-0.009299538721290877	-0.021442502837101023	0.00128081442339419	-0.003020739470836666	-0.010313286027120599	-0.001271108087568769
3.16	-9.736538419790195e-05	-0.00036296346409363586	0.00321894344112039	1.9670001518904268e-05	2.2643148218162166e-05	0.0027533017397718784	-0.005998613355417979	-0.0050771527533420464	-0.0016799423107507502	-0.005264331968964439	-0.0157194835986237	0.0011172928922489492
3.1700000000000004	-0.00012779071869339936	-0.0003195373645882117	0.003194363867277931	-3.3835958691741645e-05	-0.000128712066133946	0.002771370560494045	0.0001037036162255929	0.013148057012211825	-0.002528118890401804	-0.004948967945415073	-0.013125596576334273	0.001964216512484622
3.18	-9.732706096186943e-05	-0.0001221354056003605	0.0031862580303082264	-6.965211552720764e-05	-0.00021680245204905985	0.0027784838253624715	0.005762308473135733	0.025052342023683033	0.0013425447476740587	-0.0019246833903431675	-0.003949101220898595	-0.0009710283060917953
3.19	-1.998742342364595e-05	0.0001447626898340712	0.0032098388452026483	-7.071305096118869e-05	-0.00020294876748366177	0.002761662480957552	0.009072959838313207	0.025776712168511264	0.0023967018050993633	0.0017120136383318057	0.00679946928544569	-0.0016246516113340482
3.2	6.796917711756801e-05	0.00034456828147239645	0.0032213556182859853	-3.808862805922869e-05	-8.94095479080453e-05	0.0027551666246416486	0.007689051988745406	0.012256935342076421	-0.00033351532680141166	0.004559505920575689	0.014950512849609833	0.0004790920716944651
3.21	0.00012047118585920503	0.0003692114942730266	0.0032046953862686946	1.3297026288490175e-05	7.167024389609906e-05	0.0027697709617102	0.0023910696412971057	-0.007353365806651563	-0.0025768137488458	0.00527161479226097	0.015815794736248365	0.002125112136872657
3.22	0.00011386953527631548	0.00021383720281926868	0.0031855344328964173	5.761066597786126e-05	0.00019836943561698728	0.002785307627350142	-0.0035557818384343146	-0.02241908799000468	-0.0002823038427752828	0.0031419443339578113	0.0083688821463599	0.00013105903091493616
3.23	5.386861345887297e-05	-5.009907637481517e-05	0.0032018274966537173	7.203235082406342e-05	0.00022926084635218163	0.0027701627208788597	-0.00804703990861162	-0.02822232215643288	0.0026228281768200883	-0.00030272678154516215	-0.0024273916813347873	-0.0023383379700750713
3.24	-3.3515921418203205e-05	-0.00029841562109019914	0.0032203730227463824	5.218755468887773e-05	0.00015055013296240863	0.002753381423067767	-0.008601693156597968	-0.018976297470941417	0.000566018173357591	-0.003547460085636087	-0.012747103372622422	-0.0006287243872580488
3.25	-0.00010270310370742224	-0.0003946732821261906	0.003210493888615729	6.6724697945052115e-06	-5.307765749385904e-06	0.0027596440974471904	-0.004632285681912121	0.00048427257089508837	-0.0023332955225177656	-0.005155683681483008	-0.017068668237193975	0.0017532029442683277
3.2600000000000002	-0.00011963546393162887	-0.000294162172455134	0.0031846947902424154	-4.209594746490463e-05	-0.0001610262787570256	0.0027805085339896052	0.0012679500502582677	0.01849579124833977	-0.001894605461096671	-0.0041473967015161015	-0.012529074570511318	0.001672866189215954
3.27	-8.052034957411351e-05	-5.152302585540332e-05	0.0031890709420744827	-6.843392592433596e-05	-0.00023653570985457002	0.002778778160710359	0.006334966468317467	0.028501421787813057	0.002568469779414075	-0.0009893729454377386	-0.00223189426959116	-0.0018596691744462506
3.2800000000000002	-1.844431061670917e-06	0.00022805546084957382	0.0032161552415879303	-6.154238852916181e-05	-0.00020049298823047426	0.0027600217596966594	0.00868662339616241	0.02459314972011341	0.001975354722419136	0.0023164584654410086	0.009303014025391979	-0.0012455028084601583
3.29	7.738909532219933e-05	0.00039351386056810615	0.0032199959052203017	-2.5359446121492798e-05	-6.423101900719187e-05	0.00275943451224247	0.006425280333782838	0.006994853424417372	-0.001274604626462366	0.004633623433216331	0.016748606394087484	0.0011516001577703062
3.3000000000000003	0.0001158235328163835	0.000358528163609199	0.0031960495424463342	2.3446055945890646e-05	0.00010682178062666814	0.002778780269147114	0.0010188509773307382	-0.013374543173267278	-0.0028653822114415367	0.004724570215153945	0.0158891446609702	0.002253854571638904
3.31	9.856170436155989e-05	0.00015126987650915453	0.0031825526175781158	5.975855310205325e-05	0.00022438366665352197	0.0027878614133155003	-0.004287280017808026	-0.026700164090240727	0.000983315223642253	0.0021836901828128103	0.006792115262930153	-0.00112978932820734
3.3200000000000003	3.5001951476333187e-05	-0.00013840780730391245	0.003205442634148742	6.524418132952048e-05	0.0002352286965517739	0.0027656490988107415	-0.007931250832289103	-0.02852189657215437	0.0024770589711194846	-0.0011045513021800566	-0.004908686031549087	-0.0023344096996758806
3.33	-4.632788518251272e-05	-0.0003643241111302847	0.0032178826222210625	3.959265717146805e-05	0.00013109223514250638	0.0027528976222833145	-0.007575606200634674	-0.014447265651375954	-0.00025681690845847396	-0.003819240983118714	-0.015047374708385653	3.218057697321617e-05
3.3400000000000003	-0.00010281477058040116	-0.0004027960998438024	0.0032011552296119564	-5.218214522147007e-06	-4.070038434614218e-05	0.0027658179189447266	-0.0032681959427892826	0.006929948136373233	-0.002711920638278958	-0.004754135456311297	-0.01784293040904604	0.002280583908190064
3.35	-0.00010826954304057793	-0.00024321367618697337	0.0031786597252359797	-4.7256034036195706e-05	-0.00019325994697332686	0.0027865775816810303	0.0020998658803696962	0.023504046209612297	-0.0006616682966377045	-0.003195253018854267	-0.011236519901126884	0.0008525937179382158
3.3600000000000003	-6.399285297281046e-05	3.6887383125445405e-05	0.0031958532011844365	-6.40306203828447e-05	-0.0002513235284660032	0.0027758735602813143	0.006512071854565189	0.03040190555588125	0.003089301373558357	-0.00010529449727837814	2.2921143974189456e-05	-0.0021546851744123014
3.37	1.1919384412131733e-05	0.00030824740527460374	0.003219658379861046	-4.991790355987121e-05	-0.00018952548163559007	0.0027597872059042902	0.007963973266367066	0.02115205895960855	0.0010500794546070866	0.0028072560064606638	0.011923974872912455	-0.0006461514932705093
3.3800000000000003	8.090263784952421e-05	0.0004210449927621877	0.0032130000444930205	-1.2224759494580013e-05	-3.2456699372540575e-05	0.0027656527903139167	0.005176188370970662	0.000479151194641678	-0.0022679455038140594	0.004424729228378394	0.01812421020309058	0.0017226836888154374
3.39	0.00010770830418598638	0.0003218929966551665	0.003184185872379057	3.1373488792011294e-05	0.00014202072930225197	0.0027871083999999728	8.252030604902811e-05	-0.019081853268821034	-0.002537279677126253	0.003873346943474538	0.015100877770966996	0.0018509642094793886
3.4000000000000004	8.443851472351408e-05	6.979017856678253e-05	0.0031833272250610728	5.726316352963735e-05	0.0002442014781034522	0.002785137753379308	-0.004617054143412148	-0.029874347333397725	0.002419663408069124	0.0011388699343597185	0.004870398784248216	-0.002278695609911383
3.41	2.076277610752208e-05	-0.00022772015747020994	0.0032111517408377286	5.421519138514321e-05	0.00023109842817342144	0.002760125624020063	-0.00756321103184443	-0.026599162164872764	0.0021810749240677887	-0.0017142380259961554	-0.00763216619461886	-0.00193382288264959
3.4200000000000004	-5.290613374093238e-05	-0.0004109549813459889	0.003217192350402302	2.556497518163067e-05	0.00010328582200046182	0.0027541612873323296	-0.006461461578959873	-0.008341029048549647	-0.0010977026855123013	-0.00380003336920502	-0.016795450407309533	0.0008122772014602905
3.43	-9.779036217249986e-05	-0.00038275451083787717	0.0031937353230766636	-1.5753014779820627e-05	-7.726470664457286e-05	0.0027731905721984917	-0.0021914911694524536	0.013412604735432295	-0.0029882995199362844	-0.00410721841990033	-0.017710777185835753	0.002578878084456374
3.44	-9.517212730608338e-05	-0.00017023640962059378	0.0031770959858101423	-4.8438553584473095e-05	-0.0002187815657231927	0.0027890527708689006	0.002580562989957931	0.027545252211655925	0.0007534712414269466	-0.002069617288368298	-0.00943177375519513	-0.00035056438388839344
3.45	-4.889540954495728e-05	0.00013224089792024694	0.0032014391580085753	-5.541929204607256e-05	-0.00025509403211361676	0.002771985170107879	0.00639146664241762	0.030153192515629444	0.002850507649221116	0.0006422597519492664	0.002628509641316328	-0.001998007490547577
3.46	2.1835017317010612e-05	0.0003742743087637496	0.0032175173846189188	-3.662367060056303e-05	-0.00016740568767550893	0.002761272346690183	0.00709720749947931	0.015861091129368652	2.8610245040024837e-05	0.002962069177876562	0.01415196514254395	9.06312971474016e-05
3.47	7.990697167238303e-05	0.00042235214257732947	0.003201804366527749	-6.845860875345997e-07	3.923121861187611e-06	0.0027737675054844606	0.004024182713217216	-0.006490830051778247	-0.002832903753760518	0.0039371426117700645	0.01866287682575484	0.0021818969302216896
3.48	9.721698920847632e-05	0.00026223446362502495	0.0031754016300749284	3.514691878647242e-05	0.00017286525372861157	0.00279394002814896	-0.0005581059343197382	-0.023886197978743536	-0.0012065314453028127	0.0028176754862663665	0.013427202244445872	0.0008286875321463788
3.49	7.057906607890265e-05	-2.413626739888801e-05	0.003190818232911438	5.0836187507072585e-05	0.00025456131708878783	0.002779228347541328	-0.0046935353808541325	-0.031415224075137395	0.0033441960035678654	0.0002851724314124093	0.0024494347402180773	-0.0029011313411968238
3.5	9.978616897567572e-06	-0.0003081351620211826	0.0032184606237690987	4.159991572508234e-05	0.0002143809818895193	0.0027555902286662717	-0.006862721898869318	-0.022499321262525376	0.00144748843367888	-0.002054246714362264	-0.0102375331970193	-0.001308443188328146
3.5100000000000002	-5.444676588503396e-05	-0.0004324424074555745	0.003214727279487715	1.2805739488700704e-05	6.676114872769839e-05	0.0027571221308290528	-0.005407384690740233	-0.0013227170460242783	-0.0021220541613665685	-0.0034424566625741618	-0.018025424449764606	0.0015620651086576355
3.52	-8.95459722664695e-05	-0.0003370087189826893	0.0031847328758166918	-2.1708633420405177e-05	-0.00011580171020245732	0.0027808046014809865	-0.0013975703293837504	0.0191702996965129	-0.002979353418699481	-0.0031725618076557157	-0.01676493524143286	0.0025054990286964038
3.5300000000000002	-8.254575405173546e-05	-8.197277873684279e-05	0.003178126660000318	-4.399104967049318e-05	-0.0002389152402052954	0.0027878038996286573	0.002732905624793161	0.03034961039605733	0.0020715572965234004	-0.0010952479518362087	-0.007177721984038471	-0.0014589574368024444
3.54	-3.7015043904960577e-05	0.00022318113291508703	0.0032054676398059192	-4.368426642221117e-05	-0.0002488035706227989	0.002768659591960971	0.006016401346958489	0.027580370763024806	0.00230854478901089	0.0011503396443787299	0.005531640591235638	-0.0015141351513375592
3.5500000000000003	2.6604951636946428e-05	0.00041663853370331835	0.0032139212568138135	-2.3064074696441213e-05	-0.00013629355515646247	0.002764823924318282	0.006145133852181715	0.00928136489631048	-0.0007919874622303483	0.002788559158538691	0.015996937283691975	0.0008018265114953294
3.56	7.536735202630504e-05	0.00039523244856236154	0.0031927368639231247	7.848644253185953e-06	4.434950364612922e-05	0.0027824118433216007	0.0031989000957135497	-0.01304125378839908	-0.002913341372709566	0.003148496423585579	0.018532347815945465	0.0023363672757746212
3.5700000000000003	8.71128363826047e-05	0.00018459057426283934	0.0031749829728559805	3.375344383248354e-05	0.00020021212152065244	0.002795795830036239	-0.0007527824295379304	-0.02742317984825492	0.0006441478977056825	0.001680061075438148	0.011314811211195722	-0.0007116655508092754
3.58	6.0302410436601514e-05	-0.00011938299352250128	0.003201633953575207	3.9853147974227983e-05	0.00025791071461919143	0.0027717781300292117	-0.004492970907527811	-0.030677545689279263	0.0032801147919739723	-0.0003941087117589958	-0.0003734734190049337	-0.0028834540275706217
3.5900000000000003	4.131437831164351e-06	-0.00036940260693929387	0.00322160210972955	2.7093442355292187e-05	0.0001897463585225796	0.002753474267850153	-0.006203636851576758	-0.016814449029609227	0.0003090217318779452	-0.0020516065761812053	-0.012671311879405397	-0.00047073410922349786
3.6	-5.271301722089974e-05	-0.00042647371456139754	0.003206551561751308	1.7851071691600203e-06	2.6129884540300757e-05	0.0027635556473345076	-0.004657124098737686	0.005737914833245435	-0.00301856218595315	-0.0027878699713148308	-0.018682202823085952	0.002259084263573688
3.6100000000000003	-8.183586511649655e-05	-0.00027137241688665424	0.0031751525871855104	-2.4174932110868077e-05	-0.00015112882197368296	0.002788853113171381	-0.0010499125334508248	0.02356474925267725	-0.002047324420568875	-0.002131403503938568	-0.015006293086393485	0.0018216081361784435
3.62	-7.40028553707558e-05	1.2715417553957791e-05	0.003183507720172841	-3.568202225258488e-05	-0.00025157852268630106	0.0027843389506405827	0.00264832760788367	0.03142584486114847	0.0029891215546180992	-0.00017686318147723865	-0.00456442942792825	-0.0021392994701999895
3.6300000000000003	-3.1300633764532934e-05	0.0003008397797761492	0.0032109688876213126	-2.9380903547880927e-05	-0.00023201615290338313	0.0027657578872236493	0.005521853718833352	0.023222754725507624	0.0017290695803792566	0.0013820248178695474	0.008434661680954955	-0.0010591467146628842
3.64	2.6427123546351673e-05	0.00043376468052357516	0.003211440066365775	-1.0064069112189544e-05	-9.730261541247492e-05	0.0027672564863409632	0.005476264916727819	0.0021867581185720866	-0.0016418961857294016	0.002329711003792334	0.017362330817064987	0.0013381099427566302
3.6500000000000004	6.900989294044484e-05	0.00034569148178781496	0.0031855158006060696	1.3898269839997431e-05	8.60378087210248e-05	0.00278756295150714	0.0027285505310066867	-0.018593409947089946	-0.0027945081099644354	0.002236651285239383	0.017589441251696487	0.0021429573691381667
3.66	7.908898996751921e-05	9.573988776471111e-05	0.0031789799982928657	2.9334324335964374e-05	0.00022278755217781918	0.002791105835386285	-0.0007397036243568058	-0.02992291394829034	0.0020854251495818358	0.0006832255627253718	0.008945637828455524	-0.001967962411344332
3.6700000000000004	5.338774514029518e-05	-0.00020915474531730903	0.003207906078461115	2.8549390741767004e-05	0.000252548100780556	0.002765084573380795	-0.004254485856648917	-0.027999032544623152	0.002510695063726792	-0.0007923836753063367	-0.0035515551025749794	-0.00225957332328121
3.68	1.305768619015017e-06	-0.00040999491666721545	0.0032172070494620075	1.4806420100062408e-05	0.00015672288043489007	0.0027556186993501234	-0.00566583086953352	-0.010259503946596199	-0.0008146845111228451	-0.0018541011715243485	-0.014761993269248862	0.0005067246796422785
3.6900000000000004	-4.997931733477174e-05	-0.0003986687331542927	0.003194339211819659	-5.43014234464544e-06	-1.7998257081822182e-05	0.0027729013184208604	-0.00412802036246312	0.012130574035591339	-0.0032654191679514027	-0.002065021815085724	-0.01866332061166653	0.0026240974622263303
3.7	-7.577612566913333e-05	-0.00019514859733419846	0.003171149832748177	-2.2501424327172795e-05	-0.00018196151363056743	0.002793560481262783	-0.0009723570311867287	0.02678939617153091	-3.2408963804783906e-05	-0.0010875319585470055	-0.012619681098496687	0.00029860835628528444
3.71	-6.827560992880646e-05	0.00010464298128959092	0.0031950227870801355	-2.5705534864143178e-05	-0.00025564484244177164	0.002777186189280291	0.0025546960204155316	0.030682644752729454	0.0034177710805812084	0.00035750592374265484	-0.0014533031724188574	-0.0023609542042277577
3.72	-2.757028944673337e-05	0.00035952913031571593	0.0032186255059445425	-1.7216668449446903e-05	-0.00020502767942287035	0.0027616095143650236	0.005188463605952839	0.01774858402392292	0.0007980919938310404	0.0012968057771061818	0.011148736969763342	-0.0004183336486768052
3.73	2.5946235313506516e-05	0.00042765661951858465	0.0032086105577820937	-1.461565881272985e-06	-5.205376070793028e-05	0.00277034507199336	0.005036206125138088	-0.004573077303933634	-0.0025744641134265943	0.0017205903211554919	0.018133976247330083	0.0019962829882480297
3.74	6.483011765714133e-05	0.0002824978237702502	0.0031790340583489735	1.4756840028299313e-05	0.0001265680437121058	0.0027927169526799525	0.002498886287093224	-0.022770542500698057	-0.0022284680380018178	0.0013353476548805783	0.01579156202341208	0.0015958209921803984
3.75	7.435030282358366e-05	5.362822499103186e-06	0.003184437602958355	2.1726598409557697e-05	0.00023898620547987672	0.002784998552347744	-0.0007124496523173002	-0.030994091461335103	0.0028391458732830834	3.851569140924526e-05	0.0061650478267508135	-0.0027094549985316923
3.7600000000000002	4.965281916050822e-05	-0.0002837581263152788	0.003211431300148634	1.7332105233845268e-05	0.00023730403997291864	0.0027600068392875767	-0.004030292269842476	-0.0238650686202026	0.0017396945511518656	-0.0008752111583319454	-0.0066691054143067354	-0.0016505493903954274
3.77	8.58029586308529e-07	-0.00042694608858815877	0.003212149075854382	5.623336856646117e-06	0.00011686426611468996	0.002757766856687684	-0.005273292236470146	-0.003497569961016083	-0.0015935456102034846	-0.001372377931840484	-0.016367735144810443	0.0012224577895650472
3.7800000000000002	-4.6702287310685776e-05	-0.0003517034389444234	0.003185855236443251	-8.302508110424244e-06	-6.276887705991938e-05	0.002779845246084393	-0.0038505636022082602	0.01746344885253784	-0.0029668788458138617	-0.0013120428391366753	-0.01790130760896767	0.002664455336366941
3.79	-7.160966255953725e-05	-0.00011146229572015677	0.00317552851006553	-1.7269621749363166e-05	-0.00020766890751728012	0.0027915765602620503	-0.001057679397379568	0.029053533132351983	0.0017606010460949019	-0.0003005441334427365	-0.010098523946034693	-0.0011175503675061778
3.8000000000000003	-6.49530244110039e-05	0.00018961347087453125	0.0032048300048305163	-1.5538365396205876e-05	-0.000251949061067582	0.0027709312668584697	0.0024550477887270578	0.02823420714178568	0.0028618082763404206	0.0005621417610515735	0.0018730851663641655	-0.001957623688588431
3.81	-2.6142870083946804e-05	0.0003980515363507712	0.0032183596671176333	-7.505773891898371e-06	-0.0001717152210850255	0.0027623272767866624	0.004930976682454494	0.011440229761595042	-0.0004307583022068813	0.000999904393466277	0.013438566104029393	0.00039880913849820864
3.8200000000000003	2.4867217362034565e-05	0.0003999298803763001	0.003198343862118511	3.33406475625117e-06	-5.710802518287464e-06	0.0027774618315750126	0.0047891394300705326	-0.01078489511103041	-0.003161701052347448	0.0010870925750417198	0.018324993960852444	0.002348783716825837
3.83	6.237238132868226e-05	0.00020846192834810123	0.003172915328086208	1.2236765320295482e-05	0.0001612419733237092	0.0027961086007942887	0.0025405794456937066	-0.025683637970776465	-0.0005697852831330172	0.0005366030386601962	0.013446220875629923	0.0002593061893198526
3.8400000000000003	7.32395919870237e-05	-8.259554416942014e-05	0.0031931859762925224	1.2428380846039664e-05	0.00024679325034238363	0.002776811720867485	-0.0005899888397567774	-0.03029136612227513	0.0033126843760696205	-0.0003690171695067145	0.0029938316383331573	-0.002924753609296503
3.85	4.932944083201008e-05	-0.0003400653571679008	0.0032174192381960783	6.7141253301229985e-06	0.0002124945986796573	0.002755551717640894	-0.003981264982102018	-0.018586740201452377	0.000982546478103873	-0.0007280233860191976	-0.009611970777113024	-0.0009316251422501238
3.8600000000000003	1.237098808949863e-06	-0.0004206430631806029	0.003209228298107066	-9.786309622436568e-07	7.136455609454302e-05	0.0027607934577491156	-0.0051885372656507375	0.003069428596802234	-0.0024635885873767627	-0.0007593395947770094	-0.017428306777156923	0.0018684986502933044
3.87	-4.5630493108967655e-05	-0.0002903219714364593	0.003179369188596571	-7.727534696302784e-06	-0.0001062559637256888	0.0027852982094232295	-0.003811193394501299	0.02141857581183537	-0.002489983974634228	-0.0004943440557943823	-0.01632285871928369	0.002237195865642352
3.8800000000000003	-7.149100199527772e-05	-2.556066503174956e-05	0.0031813328539691634	-8.942079800812177e-06	-0.00022759775195465	0.002786356564285742	-0.0012054716402420148	0.030011321668476098	0.0027150048381224005	0.00028032314581845943	-0.0073175568687379915	-0.00191148798663587
3.89	-6.534281364706412e-05	0.00026090178476126456	0.0032098611974659473	-4.560071533168522e-06	-0.00023981632024517698	0.0027664400920094836	0.0024444170883751257	0.024333980586049426	0.002057699893893618	0.0005140712679315845	0.005172795003282313	-0.0013726644256030693
3.9000000000000004	-2.675701922702018e-05	0.00041485977724062994	0.0032139699647848047	4.796885954778627e-07	-0.00013250987917199007	0.002764842900180524	0.004897414036255957	0.005047792373924259	-0.0013218389542889377	0.0004894032156310733	0.015328377844437621	0.0010853429317759793
3.91	2.371619472020225e-05	0.00035657943233543854	0.003189079775854757	4.454391091657961e-06	4.1074754173361985e-05	0.0027842648355829707	0.004730695737489505	-0.01577399399202827	-0.003011507307508143	0.0002840978494098181	0.01781039256286754	0.0023286894618237217
3.9200000000000004	6.183387228680812e-05	0.00013159850399810591	0.0031753795236818434	5.402971589197117e-06	0.0001901506193884155	0.0027937224675972255	0.0027478648912873005	-0.027675272494905184	0.0013463462466941495	-0.00021320877644268307	0.010891879396045164	-0.0013748693302606059
3.93	7.372106696922554e-05	-0.00016120039019902428	0.0032041122576061875	1.4525652083661692e-06	0.0002463106332879652	0.002767522677104366	-0.0005933285837286381	-0.028144671032014484	0.0030640326930155455	-0.0004180039244598691	-0.0003771355315107679	-0.0027155237499346145
3.9400000000000004	4.967463559249654e-05	-0.00037678360962402086	0.003220590030658926	-1.8432884147211362e-06	0.00018074588677443243	0.002752265914865809	-0.0039782244283987885	-0.01287917983621474	-0.00010782215040113248	-0.00022893770128122628	-0.012158068647808391	-0.00012651988751643135
3.95	1.2282574852904605e-06	-0.00039715450811007115	0.003202577258127506	-2.9674814173827744e-06	2.3909416254200363e-05	0.0027651515736194948	-0.005263659047265628	0.008767827268582284	-0.003124107391033714	-1.5205595863347603e-05	-0.017884252834460372	0.0024544404849050376
3.9600000000000004	-4.651266984412288e-05	-0.0002237511978470492	0.0031740857379228436	-1.9890861117742388e-06	-0.0001445646444558134	0.0027894435299443848	-0.003980761331773357	0.02415561228909384	-0.0013127659557268026	0.00022399838998548842	-0.014113806138368901	0.0013197452825603748
3.97	-7.440221284296146e-05	5.530958525717673e-05	0.003188227033259109	2.5098858248519133e-06	-0.00023935852675014107	0.0027808389683820654	-0.0012934405447796728	0.02969923405312414	0.0031152049314411103	0.0005238827873302518	-0.004206823085095889	-0.0021479237741675807
3.98	-6.810359824768117e-05	0.00031575805304883103	0.0032132939030457067	5.8718132743858395e-06	-0.00021887110945103684	0.0027642611962186846	0.0025547501300709325	0.019746556496230257	0.0012771734291152602	0.00011672627389515466	0.00820178700433117	-0.0007491666348685937
3.99	-2.7997974540467757e-05	0.0004137549174300887	0.0032092086776469393	5.275378384142459e-06	-8.913199090493348e-05	0.0027690358224771007	0.005085453156316753	-0.0009605862112531861	-0.0019841968217622764	-0.00023417362828978436	0.016620625969061917	0.0016225956430276486
4.0	2.4350172430169768e-05	0.00030409345357353097	0.003182564976608659	1.7829637820762078e-06	8.536487349702718e-05	0.002789891530323904	0.004942262531528918	-0.01959333696045781	-0.0024359752102744185	-0.0004325544433130045	0.01655557875530471	0.0018702936977803566
4.01	6.54851912085454e-05	5.4737785064797975e-05	0.0031827202432149412	-3.802934108363689e-06	0.00021279678904541303	0.002787429041819919	0.003033123398930603	-0.028921886106825247	0.002647160820991061	-0.0006915592452666759	0.008271131820014363	-0.002466300056481707
4.0200000000000005	7.82858059794775e-05	-0.00022961015253843278	0.003212432381151911	-9.261956402896251e-06	0.00023754831079366573	0.002760265656789654	-0.0007009817209471838	-0.02505612276130855	0.0022600386729550136	-0.00025093976301293245	-0.003765210679377314	-0.0021104640112756708
4.03	5.2238182009805614e-05	-0.00039798903741056424	0.003218111154054728	-8.221163684183229e-06	0.00014323425034128842	0.0027529276951348356	-0.00425976361749235	-0.007058117901449727	-0.0012461521539349736	0.00043931532600537197	-0.01428849552529675	0.0007617896143030649
4.04	9.611010515483637e-07	-0.00036184376084545525	0.0031921444112833477	-1.6132855322661063e-06	-2.4495739424905584e-05	0.0027725810311023955	-0.005512027097261755	0.013617166292044501	-0.0033402719903854036	0.000794178036948994	-0.017732656952143558	0.002768545600220671
4.05	-4.960131176325475e-05	-0.00015468992908595925	0.0031721379341263923	5.9391489947690145e-06	-0.00017770975651750054	0.0027911812597488654	-0.004366588491766176	0.026214447269567186	0.000572180787830438	0.0007612023489485111	-0.011628859620438125	-0.00011091382097126017
4.0600000000000005	-8.047245257346834e-05	0.00013039218265871095	0.003198145452121963	1.2843336963717399e-05	-0.0002433085277105904	0.002774624827155309	-0.0013843591168756198	0.028281055408259738	0.0032475084910889088	0.000440502426757258	-0.0008157748433101278	-0.00208468603220558
4.07	-7.296367596356844e-05	0.00035645559239456606	0.003218903529914747	1.2697473255242094e-05	-0.00018975283776621207	0.0027624955983674587	0.0028374172827271243	0.0146871359885117	0.0004830793083313874	-0.00041540014809110184	0.01107232300965618	-8.402044400936348e-05
4.08	-2.8965826160237774e-05	0.00039872980637855194	0.0032066452655839395	5.335838805041853e-06	-4.062978807719738e-05	0.0027730918315933173	0.0055063772800986715	-0.006419446055673202	-0.0026672434736974664	-0.0009723907435149389	0.01747996347071718	0.002018713789270579
4.09	2.760826526049608e-05	0.00024596719246093617	0.003179260093592766	-4.668632469707642e-06	0.0001285549081579796	0.002792726977277833	0.005386649682712578	-0.022497987576280444	-0.0016313638414116134	-0.0009712372474841792	0.014608432732575194	0.0009452236181826369
4.1000000000000005	7.283801515844356e-05	-2.11007526188865e-05	0.003189191096102699	-1.400397027420172e-05	0.0002306835621871065	0.0027793326800897257	0.0032785470657141283	-0.029230574520087003	0.0028465260452701226	-0.0007872251680697849	0.005239779181935399	-0.0028699986356682796
4.11	8.540493500625577e-05	-0.00028660535784849026	0.0032136375420830595	-1.7150956434760472e-05	0.00022127187121171203	0.0027555713349138255	-0.0009513685546547158	-0.02117044814361447	0.0013496211245450907	0.00022191538762435407	-0.007138142248739098	-0.0013252725885166809
4.12	5.517000985709099e-05	-0.0004049589449265215	0.003210267856266733	-1.0138481354405242e-05	0.00010013364958378382	0.002757080423173329	-0.00480230851835805	-0.0014901469268321609	-0.0019250509248143395	0.0010678227487696777	-0.01602947448866682	0.0015904346435415813
4.13	-1.5755436620007197e-06	-0.0003184760748906347	0.003182982127603879	2.329929385164687e-06	-7.218360879791956e-05	0.002781461148433003	-0.006037004737099016	0.017608379943798474	-0.002728822365875636	0.0012937996900199483	-0.01677971882841377	0.0026670051259378024
4.140000000000001	-5.716007089376416e-05	-8.439865496055325e-05	0.0031786065119995288	1.4540299114280533e-05	-0.00020486216664145304	0.002790415774568467	-0.004806063187605778	0.02787053544145198	0.002356348381003439	0.0011224444650585568	-0.008949557138684993	-0.0013941751397487999
4.15	-8.919407126220902e-05	0.00019851553515399064	0.0032102789856318357	2.1556037122527127e-05	-0.0002389427221855999	0.002769584945113758	-0.001158713554976404	0.025903148948681783	0.0027859994235625452	0.0001235289418863582	0.0026532268840161986	-0.0018581955797398724
4.16	-7.718214284917535e-05	0.0003835959086250891	0.003221571986164718	1.6704306237861724e-05	-0.00015466145390550872	0.002762078483462507	0.0034476421994702284	0.009355883315693364	-0.0007217671596388021	-0.001042188554991361	0.013458784655237989	0.0004900861146219522
4.17	-2.659369137983278e-05	0.0003715762657494268	0.003198891598258724	2.792184537719798e-06	7.727827552955845e-06	0.0027771795892133294	0.0061463060206632695	-0.011378788342027322	-0.003317290428618348	-0.0016023551050954956	0.01759800954111774	0.0022160639598374863
4.180000000000001	3.534282120651228e-05	0.0001822410224976148	0.003174720725983124	-1.257270964071036e-05	0.00016428996373544464	0.002792403030254769	0.005884252806023849	-0.024842678694670196	-0.0002269112267384828	-0.0014320482607944683	0.012266837092106792	-0.00027103354536154125
4.19	8.355336635956509e-05	-9.556878608512998e-05	0.003195123836452342	-2.429353529422628e-05	0.00023852128604837854	0.0027715277651037314	0.003256423365552072	-0.028451690473576177	0.0030096573307326997	-0.0007115861268697328	0.0019273946530228236	-0.002735475842128936
4.2	9.24819125584902e-05	-0.00033280367790902807	0.0032157145369163015	-2.3944660483514167e-05	0.00019625862410709884	0.0027535733346283515	-0.001605015427808114	-0.01661672090718329	0.0006375768531945887	0.0007823956590461542	-0.010024642566405425	-0.0005218460510684806
4.21	5.473588755019989e-05	-0.0003982105507482181	0.003205874566478695	-1.0289029920018683e-05	5.500075548145343e-05	0.00276259369076038	-0.005570294836475444	0.003981140723707994	-0.00238426788105883	0.001841702404273344	-0.017000441956544418	0.002155046808605918
4.220000000000001	-8.381024073732523e-06	-0.0002662795322746454	0.003179452005772992	9.186411946475712e-06	-0.00011409226154069056	0.0027876487373511903	-0.006525414990031025	0.02088931526157139	-0.0018421238125832888	0.0018471636270584366	-0.01510405617909684	0.001968919985073212
4.23	-6.819492444982019e-05	-1.0983878419835146e-05	0.0031873701747411128	2.5265192779252647e-05	-0.00022303219938119196	0.0027851788058456217	-0.005038042643999193	0.028667132058677585	0.0029383420057058044	0.0012374217710994792	-0.006113210983223786	-0.0020908129223421237
4.24	-9.868704982499856e-05	0.00025868482243779643	0.0032150726811391917	2.9936618830752323e-05	-0.00022481386343848074	0.0027650056428279203	-0.0006730720142581774	0.022526161857420925	0.0017537615496107863	-0.00038437129843260816	0.005922993206472735	-0.001321250698763542
4.25	-8.00846137221188e-05	0.00039687455263020144	0.0032152752850351882	1.8404168988490737e-05	-0.00011388701989511858	0.0027639749582476416	0.004208261335896004	0.0038692125130202946	-0.001713941293740836	-0.001818489739854794	0.01528798316040716	0.0011539533147757626
4.26	-2.2420676108485945e-05	0.0003335899333292792	0.003187667772233719	-3.086731747552552e-06	5.4966439096282136e-05	0.0027833150629792474	0.006764851197820645	-0.015579682499632864	-0.003069555903337074	-0.0022675776507569082	0.016911350965202562	0.0022079003821311523
4.2700000000000005	4.489806630010698e-05	0.00011547574634124845	0.003176628533937283	-2.3252885859095324e-05	0.00019243130665108326	0.0027899610371762756	0.006361986445405811	-0.02668703086632181	0.001686415550532152	-0.0017086931008310048	0.009635438106475729	-0.0015655001676839096
4.28	9.467708186620141e-05	-0.00016418259164526202	0.0032058366235123256	-3.4180976502795394e-05	0.00023593828564742313	0.0027650274486414003	0.003026791787492644	-0.026573622969511046	0.0028968630657579125	-0.00025353784583092307	-0.001533387057899556	-0.0023749261776739227
4.29	9.835968341456737e-05	-0.0003645914276695216	0.0032205080575613792	-2.6914063513284113e-05	0.00016222682741477194	0.0027534150437333264	-0.002330071037602966	-0.011597410705602364	-0.00024651577236666075	0.0016067267703841082	-0.012574256198503633	0.00024189783064901336
4.3	5.268029776676132e-05	-0.0003768954724590066	0.0032019887958522394	-5.156339826907983e-06	6.032408045544102e-06	0.0027686897635283703	-0.006324289113449761	0.00900408603528796	-0.003031435299721501	0.002527039849895632	-0.01733149174982883	0.0025313026659410853
4.3100000000000005	-1.705604931921808e-05	-0.00020704936144258818	0.003176716756409836	1.9134069822069676e-05	-0.00015285449264164887	0.002790795814012575	-0.007139007367072106	0.023386106472357813	-0.000780892744083791	0.002162880936947581	-0.0128588593897099	0.000804954014431514
4.32	-8.169066045585038e-05	6.214143817741743e-05	0.003193587424554285	3.6015985961271774e-05	-0.00023433400467064904	0.0027783812454570764	-0.005180594193042542	0.028452972764161037	0.003007761072569946	0.0009761100832358389	-0.0028718898874497394	-0.002268067931985315
4.33	-0.00010907861228156635	0.0003083465661414901	0.003215818163183759	3.513342132879519e-05	-0.0002023805880256262	0.002761814415566185	1.3655134767291572e-05	0.0183435127910908	0.0008669877164860185	-0.001145311684308546	0.009051104165454234	-0.000662033659158599
4.34	-8.158983386782091e-05	0.00039590612168723463	0.003207790824977266	1.5481875734524305e-05	-6.87773158476244e-05	0.002767416788698397	0.005191238662026961	-0.0015116323133151	-0.00229672308997572	-0.0026227515900708116	0.01651483465673933	0.0016862000647368581
4.3500000000000005	-1.513119241118797e-05	0.00028618108612411727	0.0031806719198602153	-1.238643918042287e-05	9.941811827082165e-05	0.0027881615933746558	0.007512699316131612	-0.019050981081476483	-0.002154222054794318	-0.002675859630384886	0.015465706071982015	0.001682220269773985
4.36	5.8516117935221505e-05	4.48390931617858e-05	0.0031849338667498737	-3.457457016518815e-05	0.00021409665032360767	0.0027836426478179107	0.006760192094130947	-0.02787912999464687	0.002870099853194401	-0.0016802263882064199	0.006846768334522264	-0.002453601129036386
4.37	0.00010773314035096052	-0.0002265727502594166	0.0032150501491691272	-4.112622764664275e-05	0.00022520013670074295	0.002758963583328976	0.002496197050466179	-0.02367272067294327	0.0021823298697377256	0.0005064144219221151	-0.004928622246943292	-0.001745613393456023
4.38	0.00010317875749901716	-0.0003834262640190128	0.003219256172845607	-2.541287484485516e-05	0.00012337118038975716	0.002755267371377961	-0.003378645325087097	-0.006274250586760809	-0.001387535600656413	0.0024673137040586205	-0.014564016170971783	0.0010695595469561903
4.390000000000001	4.712971324627663e-05	-0.0003443979665170179	0.003192643866716077	3.8022903847628187e-06	-4.1656639647306614e-05	0.0027766029192408705	-0.007276089327899163	0.013386643676494272	-0.0032688542872778815	0.0030923051290803055	-0.01693560208406089	0.002721495247630731
4.4	-3.024875945067421e-05	-0.00014354917959040624	0.003175476110973492	3.101902329041159e-05	-0.00018324467301460316	0.00279193291132401	-0.007756047595331678	0.025361384888144305	0.0009172051426785164	0.002242908680286081	-0.010277688711394043	-0.0006128196738871164
4.41	-9.75705251289132e-05	0.00013095466211776092	0.0032014296019807066	4.5321694759476934e-05	-0.0002354321528084192	0.0027722430475998344	-0.004951030649976085	0.027026352720657513	0.0029639327534381086	0.0003741384489711035	0.00046944038238267604	-0.00226042270551021
4.42	-0.0001182820061895404	0.0003449716344503039	0.003218530874066266	3.64908726575275e-05	-0.0001723073550894207	0.0027594231349289716	0.0010246669093180504	0.013682296842524476	0.00011454549156651652	-0.002050324950800281	0.011609637443524149	-5.975495281079412e-05
4.430000000000001	-7.95010296106438e-05	0.0003814967650242356	0.003203513600354612	7.98884331964193e-06	-2.2457845032766226e-05	0.002771045321218349	0.006334402289120745	-0.006485366999922411	-0.0027928896956974847	-0.0033983988690900312	0.017058194192070865	0.002124922763888579
4.44	-3.3333814216382313e-06	0.00023291316567824666	0.003177574744225977	-2.476337400302565e-05	0.00013812021890171583	0.002790756810571287	0.008277331293243545	-0.021690654050831232	-0.0011863896211215406	-0.0028715651476805834	0.013437291881343799	0.000799337825752584
4.45	7.655109953126278e-05	-2.4762564847174277e-05	0.0031915083386706198	-4.6548586051750994e-05	0.0002276785843798424	0.002777216421598081	0.007053388295030614	-0.028114334545110815	0.0030506284228292665	-0.0012572929330382403	0.003913930858546797	-0.0026729313373772966
4.46	0.00012277198403746656	-0.000278354239774909	0.0032165042478243286	-4.574940742397003e-05	0.00020711271409274597	0.0027560669812425683	0.001689546696895178	-0.020044748663925468	0.001285948962712217	0.0014378302276125152	-0.00796029570337769	-0.0010598278141861837
4.470000000000001	0.0001069851428646806	-0.0003888036172380209	0.003212035581578713	-2.0419999994634054e-05	8.177137831776846e-05	0.0027594542278343353	-0.004651755587542322	-0.0011403485713869916	-0.0020753127656837436	0.003387015121597526	-0.016000497266204283	0.0016309338160915474
4.48	3.903333276069941e-05	-0.0003039424432002913	0.003184231481772169	1.59341484537251e-05	-8.549482783291617e-05	0.0027826397796160826	-0.008267071244660702	0.0169784709879478	-0.0026299970191423776	0.0035120725531262876	-0.015821736379301204	0.002342050800483876
4.49	-4.679474175885515e-05	-7.828844593289206e-05	0.0031812952891914475	4.4645107440831436e-05	-0.00020651656860675905	0.002787107844597331	-0.008421606217229283	0.026868693541677684	0.0023176160866064466	0.0021349528149680838	-0.007708374412868247	-0.0016947079207575606
4.5	-0.00011511974134209941	0.0001933229842553092	0.0032101408772804677	5.359453923971623e-05	-0.00022808858666570244	0.002765489621010602	-0.004469599880333488	0.02473437133622149	0.002430254528327042	-0.0005273011975262316	0.003775939042270015	-0.0017645674794918933
4.51	-0.00012668821824177919	0.0003691150101997336	0.003218614041972819	3.434557830845212e-05	-0.00013608912732802466	0.002759741024184034	0.002251972263574878	0.008780999434452843	-0.0008849610527687977	-0.0031247632639246985	0.013805476200715984	0.0006982912391615791
4.5200000000000005	-7.462237640909762e-05	0.0003561663391740899	0.003195763907737432	-3.1939221198809e-06	2.490916687862939e-05	0.0027769719835582444	0.007604247702573957	-0.01096203074718243	-0.003097865517048724	-0.004038715068445581	0.01697418195498014	0.0023699394106219407
4.53	1.1819556274550037e-05	0.00017454440679999525	0.0031761785206837322	-3.898006675238552e-05	0.00017142745537301185	0.002791565518468302	0.009144341397866124	-0.02390844300312763	0.00036899957099543833	-0.0029028794509993717	0.01101947052394597	-0.0004753636588046963
4.54	9.641087338473357e-05	-9.30159474071909e-05	0.0032000008899924085	-5.799597037266263e-05	0.00023259680799631139	0.002770886729477167	0.006939203181498882	-0.02735399269000587	0.003084958204876755	-0.0005674464142364732	0.0006298617010501846	-0.0025384659564872103
4.55	0.00013592291883409978	-0.0003199989611445608	0.0032196546048571446	-4.7632059034204555e-05	0.00018006211422885433	0.0027549172873630717	0.0005382867430469708	-0.015820661252103938	0.00039225558439234733	0.002538235727991951	-0.010698262899189074	-0.0003675219037050968
4.5600000000000005	0.00010663522531825647	-0.0003815966860905438	0.0032067558288152976	-1.157629322340604e-05	3.669807097672956e-05	0.0027647856261733836	-0.006077935847356072	0.0038870139863907372	-0.00267469048864962	0.004332253059333114	-0.016752644996673352	0.0021346728849004244
4.57	2.630490590453142e-05	-0.00025527048149776965	0.003179094844224077	3.0749795692208106e-05	-0.00012554943629270113	0.002788022057053834	-0.009289524084436536	0.019937110150299125	-0.0017280851698616357	0.003729526133281375	-0.014037185002004175	0.001598412850681661
4.58	-6.763659829393077e-05	-1.0312673333084046e-05	0.003188316488322483	5.897515389200572e-05	-0.0002225306813746404	0.002781834533818039	-0.00884274208597297	0.027553836378546616	0.0029322086302604206	0.0016718815063790958	-0.004864567933111961	-0.00226550063872081
4.59	-0.00013336841846599618	0.0002482816695729952	0.003214931557237922	5.939958527270924e-05	-0.00021280514901493848	0.0027620192068754565	-0.0035727208735301975	0.021561004864283556	0.0016167882366752932	-0.0016775921356895326	0.006838365683310353	-0.0011726695959917571
4.6000000000000005	-0.0001320249565588542	0.0003803542394501882	0.0032139730241677994	2.8347380705758993e-05	-9.690459496767112e-05	0.002763075652895259	0.0037879388857097987	0.0036998807648752157	-0.0017761405809981084	-0.004247275973358334	0.015319682677550099	0.0013531396113855678
4.61	-6.554164510970078e-05	0.0003198973491563282	0.00318700432322097	-1.7809633227497325e-05	6.807558106760228e-05	0.0027840574813333113	0.008825524823142456	-0.014870036785800804	-0.0028277272126110225	-0.004537433273798006	0.016101374345120312	0.0022557824563338505
4.62	3.099128892920419e-05	0.00011072992982201182	0.0031795795415840134	-5.501798983954621e-05	0.00019534243997591585	0.0027893477803910154	0.009947867407617014	-0.025685997709733607	0.0019562933870704478	-0.0027534284217497246	0.00852137395387416	-0.0017524024010835127
4.63	0.00011811098766039609	-0.00015801727507053453	0.0032087659837113135	-6.794606118587129e-05	0.00022756913255176492	0.002764291109427541	0.0065040260562661024	-0.0254794033502098	0.0026765003696418337	0.00047296621929922706	-0.002558914268428593	-0.0022740626361032416
4.640000000000001	0.00014782070714240323	-0.0003497676784732396	0.0032203466673734805	-4.54279887945859e-05	0.0001467553036977141	0.002753948510740847	-0.0008707174299626101	-0.0110611862046814	-0.00058975754760718	0.0038187864712310527	-0.012886794187738493	0.00035678147866105326
4.65	0.00010299860391133826	-0.00036123895927458566	0.0031989970368652924	1.6456598995041757e-06	-8.8475702721879e-06	0.002769837178249077	-0.007596993077576754	0.0085981022148229	-0.0031993368461813217	0.0051639517758319065	-0.01685980256071209	0.002482752212210988
4.66	9.785930280076885e-06	-0.00019885349384181453	0.003174922063507198	4.836439093657118e-05	-0.00015915675746165962	0.002789621065089324	-0.010379027039808529	0.022405250863142746	-0.0003807385554237385	0.003789047933832207	-0.011746386325700174	0.0003964315493567215
4.67	-9.191766692733327e-05	5.96708254612043e-05	0.0031944785365396445	7.317415938126144e-05	-0.00022941615441672997	0.0027749209406126036	-0.009006263309144941	0.027289098681319932	0.0030773822296003913	0.0008652837353597471	-0.001773553097020609	-0.0022946550748387837
4.680000000000001	-0.00015212570089635303	0.0002957743156729937	0.0032167625122555563	6.213726522563909e-05	-0.0001885732881686951	0.002759430873668406	-0.0024052840271118255	0.01756367484917548	0.0008400612972775186	-0.002993552224246332	0.009639995503926465	-0.0004446593428667297
4.69	-0.00013542531997767792	0.0003793364849858523	0.003208474414614456	1.86956144770485e-05	-5.284866064909947e-05	0.0027675789011567396	0.005541103878227745	-0.0014569352048213861	-0.0023043858757707063	-0.005279931972207279	0.016345363555514497	0.0019395147516229256
4.7	-5.284239581190458e-05	0.0002747684473632401	0.0031816493513193316	-3.411001478660718e-05	0.00010977808670719292	0.0027895043220191175	0.010163902144578485	-0.018163351039398493	-0.0020125967859851573	-0.004768557501402402	0.014549554456443556	0.001616624888947505
4.71	5.4591046005820084e-05	4.3179971131390915e-05	0.0031871271384403873	-7.039026003555897e-05	0.00021398387269147096	0.0027834426364986144	0.010693650377222088	-0.026835286147987074	0.002816217466518675	-0.0023001255224687597	0.005795346943677718	-0.0024953821663926175
4.720000000000001	0.00014141521005821603	-0.00021789539804631874	0.003214792628928227	-7.379000623023596e-05	0.00021506319327596558	0.002759064301151324	0.005706260350229751	-0.02274136183098342	0.0018267856658284482	0.0017418733186611583	-0.005739318539300393	-0.001686554597235264
4.73	0.0001574432225849565	-0.00036861552224449936	0.0032160384723245268	-3.858061827555229e-05	0.00010833441572798209	0.002755922969307126	-0.0026461899510195	-0.006053252937653547	-0.001594736030174955	0.004995892132918951	-0.014681789504489841	0.0011012593163154932
4.74	9.47227281301799e-05	-0.0003315545487270172	0.003188915252131072	1.7170723650125395e-05	-5.3844267308706143e-05	0.002776918832052182	-0.009234154630824314	0.012835106948824821	-0.0031185776922997756	0.005605008490060791	-0.016251501030621705	0.002610683657124898
4.75	-1.1811797822017526e-05	-0.000138257528268459	0.0031756729876479873	6.391195322209097e-05	-0.000186221292703414	0.0027898037714087225	-0.011439447876232783	0.024530380442395444	0.0013970037951526917	0.003479585300537938	-0.009224498060549756	-0.0008850952549495568
4.76	-0.00011826269147281108	0.00012666823039054353	0.0032038790899420033	8.150943814909933e-05	-0.00022765471915542427	0.002769736220462017	-0.008716547478510481	0.025999677973572062	0.002983932726271359	-0.00027380924188302096	0.0014710365734582813	-0.002066831450608062
4.7700000000000005	-0.0001679861936464348	0.00033187790831953293	0.0032201911718557495	5.7998209334190637e-05	-0.00015696762726732206	0.0027595132648155518	-0.0007140864309226154	0.013048469730700061	-4.655513458234065e-05	-0.004233095965566739	0.012036990992251213	0.00021282095647734837
4.78	-0.00013257855026940166	0.00036583954213494676	0.0032035338903290494	4.0479629433865104e-06	-7.053318222810647e-06	0.0027733839685236588	0.007404854090722622	-0.00634520266741609	-0.002903950268869162	-0.006056338964097026	0.01662208440353077	0.002296466015698908
4.79	-3.423203045413288e-05	0.0002222590778413757	0.003178109209215028	-5.2107834825091774e-05	0.00014528351312792317	0.0027925666555639727	0.011448604972551776	-0.02092130893233175	-0.0009363107360681287	-0.0046773897714482305	0.01231027377190505	0.0005410605159065618
4.8	8.305712995550153e-05	-2.6345651359012577e-05	0.003193802624956063	-8.410232801481429e-05	0.00022298389603163846	0.00277679597482352	0.011031159389524474	-0.027069911291495195	0.0030154949425665735	-0.0014250620736396267	0.002737953095158497	-0.002738868431859372
4.8100000000000005	0.00016441423347173385	-0.0002694765205033657	0.003216653919643874	-7.53712426730249e-05	0.0001926362198222429	0.0027558692924922455	0.00437483521037779	-0.01911700916254485	0.0009715650006175137	0.003122658052904212	-0.008605481662230045	-0.0009846965116954648
4.82	0.00016216335357150725	-0.0003737121540687419	0.003209379524429293	-2.713489846124263e-05	6.548796404900353e-05	0.002760360022764237	-0.004744650300407029	-0.0008745828706157835	-0.002278945917437273	0.006075421948110579	-0.01576020175479928	0.0017689185942977596
4.83	7.99480961331965e-05	-0.000290620017407344	0.0031809802685181213	3.5481655742550145e-05	-9.566291950619155e-05	0.002784143646959825	-0.010888809532653613	0.016405593953594807	-0.0024568618799698135	0.005820126523179881	-0.014857705426081488	0.0022274207540720547
4.84	-3.989786900213485e-05	-7.269192370952911e-05	0.0031819408132283933	8.017562833820537e-05	-0.00020593591122886222	0.0027861988955308658	-0.012416031764572004	0.025936104359755806	0.0026995102194368736	0.002930119462196488	-0.006605578788420873	-0.0018983280902485674
4.8500000000000005	-0.00014690214686395624	0.00018806070620447498	0.003212681815652755	8.760454307224653e-05	-0.00021695066966158114	0.002764533856540503	-0.007804053208282414	0.02360026677229324	0.002421781173835519	-0.0016331605440783941	0.004654559891345293	-0.0016630375438508721
4.86	-0.00018042512076533123	0.0003543981606560675	0.0032199676485723987	4.997226526509306e-05	-0.00011994033247535827	0.002760127469332467	0.0014239935738570722	0.008118505457037196	-0.0010894105353420405	-0.005547753339876296	0.013903774891274681	0.0008458609913324682
4.87	-0.00012281299593025876	0.00033898252484221406	0.0031953638942847987	-1.3807724577063735e-05	3.791770679739164e-05	0.0027782873130055134	0.009443583053209994	-0.010768549149992179	-0.0032252127899629413	-0.006623817190702513	0.016257607389538433	0.002383412726454554
4.88	-8.088754669600736e-06	0.00016279300251008716	0.0031763597554887333	-7.033762925409699e-05	0.00017446018127269115	0.0027911573173658934	0.012756588129341396	-0.023132693778068477	0.0005627460316078335	-0.00431815187252988	0.009897124100593766	-0.0007836281127422134
4.890000000000001	0.00011579649767118024	-9.462181444428862e-05	0.0031996753197696655	-9.479080272766521e-05	0.00022490591855868695	0.0027692660807780755	0.010770189492845913	-0.026089333948632158	0.0028187075540029084	-0.0001877080562969648	-0.00036517086030726575	-0.0024819825917433485
4.9	0.00018528934659575537	-0.0003092182604147019	0.003216105104675053	-7.204685507429333e-05	0.0001654277806294083	0.0027550467233091107	0.002411416772593559	-0.014714518782582628	9.756263899702169e-05	0.0045260261433364415	-0.011027887271303414	-0.00011156777351276024
4.91	0.00016020684231125693	-0.00036372168984838063	0.0032017861019449385	-1.219979480400311e-05	2.2684374558409494e-05	0.0027671083277483926	-0.007104384860147054	0.004126791596348768	-0.0026482435041159827	0.006936804228285888	-0.01629828560114124	0.0022878136244176496
4.92	5.780608074413229e-05	-0.0002398284459666687	0.003177135043517111	5.3938652652862775e-05	-0.00013094687667829065	0.002789942238882684	-0.012468634512132256	0.019285558130280395	-0.001118923803633023	0.005657080715025725	-0.012875440961665482	0.0012775815530292273
4.930000000000001	-7.37297538123659e-05	-3.818031020778827e-06	0.0031921037539774603	9.418708715565833e-05	-0.00021665790589827115	0.0027805852676042837	-0.012897576096436322	0.026406330740899715	0.0032115575578021255	0.002086006531868898	-0.003768220412421285	-0.002405897418019232
4.94	-0.00017493813917716897	0.0002416024184325426	0.003218873430334511	8.949589587343491e-05	-0.0001977520581564355	0.002760634790681098	-0.00626278969745575	0.020255587937310002	0.0014368512883877747	-0.003075826932079112	0.007462531373702826	-0.0010803081246161176
4.95	-0.00018707811591109938	0.00036343976341612644	0.0032150911850700545	3.811292882093978e-05	-8.0020032002106e-05	0.002762960026063535	0.003879850230345255	0.003060584596184866	-0.0021100761430645045	-0.006748779065931574	0.015101637318312171	0.0014966435062185844
4.96	-0.00010626485277580192	0.0003014390888548	0.003185349306472951	-3.359787482433626e-05	7.863620826032009e-05	0.002784567294783776	0.011409298893439073	-0.014536122841174911	-0.002987094754510836	-0.006901077953324731	0.015084130083166667	0.002182903690696997
4.970000000000001	2.375590537333114e-05	9.92708123305354e-05	0.0031783214711558656	-8.82613240217164e-05	0.00019417431291017087	0.002787702689677178	0.013883363184593977	-0.02474650750237913	0.0020246039524726605	-0.00378408458148449	0.007354467293475113	-0.001924562153306247
4.98	0.0001492570183176572	-0.000157578119103391	0.0032067273471778316	-0.00010242519211405148	0.00021570189607245975	0.0027632989036374452	0.009855472782892989	-0.024119854278887996	0.002528071758518403	0.001239412600372028	-0.0034123000095890033	-0.0020580683874036852
4.99	0.00020122317409455536	-0.00033681310734082995	0.0032169036630797197	-6.478018578904254e-05	0.00013065439929507876	0.0027556688918059643	4.7976853537704344e-05	-0.010019179921598658	-0.00068738251983036	0.005948891436718588	-0.01287514958805587	0.0006331260643398695
5.0	0.00015147690634606742	-0.000342212980597036	0.003196144206289915	6.415557495872896e-06	-2.0613496274136102e-05	0.0027733600126611546	-0.009412383502207805	0.008709192716145637	-0.0029708114742908105	0.007633170592159738	-0.016049484635276674	0.00254370252611727
5.010000000000001	3.08549098097702e-05	-0.00018341793359956518	0.0031763773958507643	7.389776452229298e-05	-0.0001602401348230984	0.002791398945376842	-0.013855024852718518	0.021663441027402745	0.00023904017781883324	0.005316793304579062	-0.01055540742178495	1.817855584993758e-05
5.0200000000000005	-0.00010847841771778948	6.461825941989682e-05	0.0031993990882560846	0.00010661511716550791	-0.00021973468401023313	0.002774470419844556	-0.012724491497864008	0.025911981999284888	0.0030853708895083594	0.0008288631718002653	-0.0008071073817404002	-0.0022889200334552796
5.03	-0.00019821886287640282	0.00028606254163994694	0.0032192852905927154	8.67344424578423e-05	-0.00017242295992303403	0.0027600684450051417	-0.004306740628149825	0.016183915448349708	0.0004476641058074062	-0.004640709984010128	0.00987899253776766	-0.00029528400660818404
5.04	-0.00018688031027207192	0.00035955904647384763	0.0032066812695109637	2.1771307163536677e-05	-3.865605633426679e-05	0.002769625723006375	0.006386024566908266	-0.0020126436765012107	-0.002711490596156088	-0.007773943280493795	0.01572488078588304	0.0020340959586737316
5.05	-8.453733686514218e-05	0.00025550205094763615	0.003178085303118745	-5.446834556617583e-05	0.00011433277926494123	0.0027914594074883183	0.01307790453875522	-0.017565932421100803	-0.001888629101713677	-0.006722260025157387	0.013286416377782577	0.001429955672475501
5.0600000000000005	5.801797393097284e-05	3.337593628903758e-05	0.003186985894426276	-0.00010367604859460223	0.00020646757932796312	0.0027826708851594662	0.014494168885468171	-0.025545006989083345	0.0030739163194974757	-0.0028477202985907456	0.004692783117670089	-0.002681426491193405
5.07	0.00017885466680949905	-0.00021237611848522436	0.0032156180308199568	-0.00010406941294159855	0.0001990726053215157	0.0027581386954874778	0.008366527426792352	-0.021081789160216493	0.0018114185277404232	0.002878183043522164	-0.006238763441457547	-0.001586119999463239
5.08	0.00020929518197141148	-0.0003491982222552542	0.003216018410466237	-5.07152432966814e-05	9.208854414437869e-05	0.0027564389052612487	-0.002533509167777271	-0.00504321504836115	-0.0017140147425431134	0.007321299191620577	-0.014251230773484102	0.0012386157648258294
5.09	0.0001347979132021434	-0.00030803108071845797	0.0031885202011192664	2.94306087050431e-05	-6.22075230331512e-05	0.0027778953038071173	-0.011515926693050186	0.012593328580103886	-0.0030389121949776494	0.007943549001901097	-0.01520056948822169	0.00250769772578846
5.1000000000000005	-2.1825222105653722e-06	-0.00012209862181881606	0.0031775807635401714	9.431719842672026e-05	-0.0001833392528049382	0.002787964606469403	-0.015098535024569436	0.023409387745910074	0.001604833957710162	0.004662082360461123	-0.008157951905463968	-0.0011708678826821697
5.11	-0.00014503666601706092	0.00012815567899958615	0.0032046710916316746	0.00011547140656138043	-0.00021527202753414876	0.002767911791578724	-0.011991171574916672	0.02427316329504065	0.0026311449606923787	-0.0008210491383776532	0.002221584176106097	-0.0018845706081860125
5.12	-0.00021782887920737904	0.0003166363690558663	0.003216671036396584	7.808816003704021e-05	-0.000141120594824664	0.0027601867185559088	-0.001835704085428046	0.01162132018399091	-0.0004628045538076761	-0.0062799515993291165	0.011948540358935143	0.0005127781331331378
5.13	-0.00017957646040799317	0.0003414408776710115	0.0031972962836800648	4.1485960893707944e-07	3.563956499375043e-06	0.002776529257223865	0.0089882822650024	-0.006624912061360334	-0.0029784107044030965	-0.008537615966904598	0.01574479188326169	0.002455569403217835
5.140000000000001	-5.616545878309306e-05	0.00020156357354732097	0.00317502350900166	-7.669676875511764e-05	0.00014449232657476362	0.002794990955458791	0.014727492923119135	-0.019990665008748926	-0.00022723133877708548	-0.006232014098062062	0.011060448166236959	0.00013121029311090844
5.15	9.731804395680635e-05	-3.407272180557572e-05	0.0031972781908110124	-0.00011743859384482322	0.00021142422844884804	0.002775591262580889	0.014687846249776636	-0.025341664461951838	0.0034057231379555934	-0.0014709114129351616	0.0018473212429512352	-0.002887948174979942
5.16	0.0002079841497046466	-0.0002583984080943134	0.0032213381834095894	-0.00010084723208095091	0.00017546846103143972	0.0027545951020490488	0.0063081418557173995	-0.017295192114716564	0.0008650753463528662	0.004678211703159505	-0.008770673373569321	-0.0009139195783010799
5.17	0.00021218533322997293	-0.00034864089897028823	0.0032117112820078918	-3.2008258629396825e-05	5.092611680179633e-05	0.0027597804935713187	-0.005420740815490581	-4.4693400986840534e-05	-0.0025836804341534242	0.008479428878337848	-0.015083203334176289	0.0018376743060983176
5.180000000000001	0.00011156217306574041	-0.0002641406734702473	0.0031809078491063323	5.376438387880071e-05	-0.00010006210028837189	0.0027833350576491195	-0.013651686575850032	0.015858595237920176	-0.0025401011209686694	0.007799115807350706	-0.013615413598288864	0.002091778006504297
5.19	-4.175161083273105e-05	-5.6401123007189406e-05	0.0031816832996367514	0.0001125770521336485	-0.00019829548311496524	0.002783815748343794	-0.016097648372189823	0.02449286221154305	0.002526164439778381	0.003638757184820504	-0.005509084357814553	-0.001856937717569115
5.2	-0.00018225762501294598	0.0001860627987735872	0.0032088630089522293	0.00011871320101687936	-0.00020104490068985467	0.002764881921452659	-0.010502341116019708	0.021596532914569148	0.002001479615144139	-0.002570648230287678	0.005114898740577389	-0.0012377364314756101
5.21	-0.00023146740411946403	0.00033452442385111344	0.003212889608103324	6.513396100175344e-05	-0.00010411086418401874	0.002764391502277893	0.001088669023544552	0.006736957606657247	-0.0012442556538334885	-0.00767175968470172	0.013422318372578316	0.0011686840617909154
5.220000000000001	-0.00016451000196729694	0.0003118400627276343	0.003189353609247556	-2.173548471299342e-05	4.507843922854171e-05	0.002784400839951766	0.011523805453675696	-0.010737722042503037	-0.0028171567436264516	-0.008884913598527567	0.015057001656392299	0.002338729684627433
5.23	-2.144888183089242e-05	0.0001429778276710433	0.0031783096840686384	-9.64063301857753e-05	0.00016841804119931638	0.002793455618473782	0.016193800665747604	-0.021865446306454882	0.0015829156017508083	-0.005558580401678973	0.008647822949971943	-0.0014174000816219176
5.24	0.00013729702713593744	-9.771258988717585e-05	0.003207881058365501	-0.0001255088801943358	0.00020859609388928097	0.0027672134103825336	0.0139646279916446	-0.024075394125089505	0.003011548057767621	0.00019243599943103709	-0.0011213627742438404	-0.002709023873081343
5.25	0.00023006727776227206	-0.00029235788937811237	0.0032229190123479906	-9.13560702821891e-05	0.00014588431031833495	0.0027516189729059645	0.00365704008230641	-0.012970295790409831	-0.0003091648786993149	0.006326754237847027	-0.010865036732203884	-0.00018178359943910987
5.260000000000001	0.00020502475413876575	-0.000335233134096208	0.003202946727281256	-9.787522749249725e-06	9.510475075736651e-06	0.002763815206366641	-0.008300274297090892	0.00459672104360043	-0.0032713354337143953	0.009257709718506717	-0.015271306726310913	0.0023727551444638335
5.2700000000000005	8.128349941030013e-05	-0.00021406374182047924	0.0031736568512578415	7.690493752980648e-05	-0.00013175916342553955	0.0027871014033191105	-0.015338757922163387	0.01834227795570847	-0.0012835615415254262	0.00724560037490172	-0.01156390012417363	0.001218037387434684
5.28	-8.295766545883653e-05	8.282728839096165e-06	0.003188050080832517	0.00012645011431487724	-0.00020565981698428355	0.0027785011281219337	-0.016276129504997818	0.02459141060800434	0.0031236381977370314	0.002256692242607484	-0.0027562297429679066	-0.002079533999284562
5.29	-0.00021290407914022463	0.00023327890814026837	0.0032137283320877474	0.00011506369706043397	-0.00018059695610959524	0.0027628667498082707	-0.008360807107733468	0.01815773303365255	0.001362463065668048	-0.004487148150705238	0.007626012762916999	-0.0006131735816278543
5.3	-0.0002343945883369951	0.00033781138126742733	0.0032105545693337065	4.4646853327722264e-05	-6.590210374294388e-05	0.002768783850669523	0.004168683186203282	0.0018896204088631363	-0.0018782360441379194	-0.00896369266172829	0.014328214564748813	0.0017086173971801605
5.3100000000000005	-0.00013976409391101843	0.00027230163402405	0.003185025014060463	-4.86935885541461e-05	8.162818919104327e-05	0.002790328233119552	0.013726787321737504	-0.014034265442472623	-0.0023538811708207047	-0.008763137518996995	0.013742375359683964	0.0018812150635739821
5.32	1.941768328604239e-05	8.122041269035872e-05	0.003185302768320927	-0.00011657098616672732	0.00018445489592579806	0.0027879291433740667	0.017194641013612535	-0.023124014053546662	0.0025263756435045287	-0.004468271910108235	0.006263236358077109	-0.002446794082107512
5.33	0.00017622666252350375	-0.00015526263130202252	0.003213734129212485	-0.00012942823533375908	0.00019761349464042123	0.002760631428903108	0.012509653136034644	-0.021825979124908267	0.0021314830311386394	0.0022002783884602067	-0.0038990099753701607	-0.002173703942939961
5.34	0.00024527962172833553	-0.00031371052571026154	0.0032179700132925846	-7.608540413919965e-05	0.00011218241900456265	0.0027524656573865375	0.0006454914350780236	-0.00837756024725562	-0.0013754355779033159	0.00798504407512241	-0.012422764995361308	0.0006532597709223183
5.3500000000000005	0.00018965155476474753	-0.0003106345242063205	0.0031912674582205143	1.6668987504927382e-05	-3.0206296146980184e-05	0.002771069182003452	-0.011077178832341564	0.008712202444972447	-0.003351954353393979	0.009723771530375373	-0.014784120784676774	0.0026650565447756307
5.36	4.50328726515135e-05	-0.00015969931590203672	0.0031716086905917607	0.00010044888674088546	-0.0001556572166796456	0.0027888856798446264	-0.01686820196643219	0.02027000448979988	0.000624632272859206	0.006376436481611229	-0.009209330936267131	-0.00014531776126222573
5.37	-0.00012632421608694042	6.999549072806934e-05	0.0031981182736021754	0.00013691295243275188	-0.0002038309534592825	0.002772222209093365	-0.015805003970523777	0.02368390996007944	0.003308074202616535	0.0004302357553092791	3.5957769858651534e-05	-0.0020657931566864895
5.38	-0.00023954967852668035	0.0002690185087028257	0.0032195680290343877	0.00010555845957904875	-0.0001529097798124918	0.002760615660561098	-0.0056752176424150775	0.014172451106749771	0.0005549572045424455	-0.006436077608312728	0.009720508858936699	7.377110371894215e-06
5.390000000000001	-0.00023026082665858176	0.00032855245184980396	0.0032079470298896325	1.969648629667592e-05	-2.55406859343887e-05	0.002772577146462464	0.0073334234202860555	-0.002650201048618623	-0.0026053055049674325	-0.009978568052421852	0.014677351098492563	0.002190909233314258
5.4	-0.00010904564219048444	0.0002261426794855269	0.0031809263508778924	-7.588712551689236e-05	0.00011456533404645915	0.002793609270422596	0.01574812420897005	-0.016649834875880228	-0.0016308151561938576	-0.008223291913734165	0.011916590083358231	0.0010602374146559954
5.41	6.479706313151283e-05	1.843565909743677e-05	0.003190959192254324	-0.00013399733048867225	0.00019461897573870297	0.002781325307494779	0.017801561113927056	-0.023576659093840012	0.0028267809458932766	-0.003002493884119453	0.0036856064648056784	-0.0027780491908684993
5.42	0.00021381943445529227	-0.00020441720020403375	0.003214645287392239	-0.00012779751798603535	0.00018065454049506627	0.0027576059588270137	0.010454857505411539	-0.01875753072065929	0.001224029996045844	0.004233654315578332	-0.006457479412197691	-0.0013999062568491641
5.430000000000001	0.0002541047071971073	-0.0003219479085963561	0.003210056221009446	-5.659054878534897e-05	7.632487930743232e-05	0.0027578557803424825	-0.0026863936484959727	-0.0037390838339652556	-0.0020420244362182077	0.009387623584707638	-0.013518341052353878	0.001420978363345592
5.44	0.00016735909621956135	-0.00027593289392453476	0.003181969460570865	4.384276169237602e-05	-6.710520722229733e-05	0.0027803313908328704	-0.01367948421302048	0.012193174781517494	-0.002756317865031692	0.009718801558709278	-0.013789254528721219	0.002446875256907511
5.45	3.158189352749839e-06	-0.00010132748528162414	0.0031777792272451493	0.00012091314527010986	-0.00017367050539944542	0.0027875047931985837	-0.018248485545905097	0.02169389039330457	0.0024094983393361945	0.005302766388980493	-0.006865880611190413	-0.0014889323255731926
5.46	-0.0001697613340554561	0.00012736542711693877	0.0032098150791757744	0.00014119934363038535	-0.00019583672666152754	0.002766689561774807	-0.014545918504025973	0.021809030943527163	0.0028261647460292973	-0.0016224267974930988	0.0027916698882414362	-0.0017680081821153542
5.470000000000001	-0.0002593120812580518	0.00029318979420678645	0.0032218702330263104	9.008046698909149e-05	-0.00012149067815067611	0.0027603926192316546	-0.0024810381137403163	0.009794850920068312	-0.0006196965247939828	-0.008146284533376682	0.011433228703546603	0.0006387709550353471
5.48	-0.0002167605649529622	0.0003076998221618235	0.0032000084996706693	-7.619690189711553e-06	1.3953301933532226e-05	0.0027773368395791294	0.010448606596754983	-0.006800770705277315	-0.0032650236524179393	-0.010540925362852699	0.014464049936745925	0.0024111017156055563
5.49	-7.143797894786643e-05	0.00017451006481627643	0.003175994500567557	-0.00010084779724930523	0.00014091621712251253	0.0027936048731407584	0.017499518109749916	-0.0186145555343772	-0.0002309735948944546	-0.007351763036958924	0.009738253359591362	-0.0002557821678219994
5.5	0.00011196942151867513	-4.231668098866005e-05	0.0031961215988132586	-0.0001461223576534576	0.00019678748163210136	0.002773017834794853	0.01757375219390785	-0.023030065714782843	0.0029617859681053504	-0.0011785690439714812	0.001000518653859044	-0.0027397940886744435
5.510000000000001	0.00024516354649292303	-0.000242849930469986	0.0032157848240345227	-0.00011958512942576461	0.00015728289004598032	0.002754796227271546	0.00769793499602185	-0.015098379616358014	0.0005117480078213505	0.006262446303649342	-0.00858402715332693	-0.000559224673461994
5.5200000000000005	0.00025246328074223656	-0.0003173625661149453	0.0032045107130134814	-3.182395303233894e-05	3.92191759169031e-05	0.002763134517887929	-0.006196272429128139	0.0007598778232840538	-0.0025269788936667713	0.010532650380115787	-0.014029106380185853	0.0020695780492536587
5.53	0.00013581114939304796	-0.0002340565292766651	0.0031776150284339366	7.243679808567819e-05	-9.8743073556425e-05	0.002787270225501354	-0.0159559818736557	0.014834870419556886	-0.0017690696768724982	0.009256477754216024	-0.012161797630588618	0.0018513861193934832
5.54	-4.515755925937262e-05	-4.2706726782144775e-05	0.003187226346378221	0.00013977944115081123	-0.00018406461029016064	0.002783430294706921	-0.01912965674803218	0.02233515233230937	0.0031961775840031736	0.0038771026441256893	-0.00449073533334137	-0.0021979782661244473
5.55	-0.00021247003281151607	0.0001754350784809941	0.003216953815467207	0.0001408997686650465	-0.00018046675611910326	0.002762712615097944	-0.012554711446376536	0.019120033842041292	0.0019047957591745027	-0.0037999976212207305	0.0053060264587243	-0.0013111729535447388
5.5600000000000005	-0.00027191529869738065	0.0003038342572770799	0.0032178430046365136	7.015103039478338e-05	-8.692738278987585e-05	0.002762345868110956	0.0011637052109699775	0.005401856001107549	-0.0017355790109453914	-0.0097204336549738	0.01259728571781568	0.0012290435751788331
5.57	-0.00019435074375006857	0.0002772159120582588	0.003189228566262727	-3.6853198425140374e-05	5.0622608618522276e-05	0.0027829732182436933	0.013432338885424996	-0.010205522792050675	-0.003227874607030001	-0.010669768445330212	0.013638773493281962	0.0023622164934987444
5.58	-2.689591521082215e-05	0.00012091367588636142	0.0031762851684156356	-0.00012399299189884834	0.00015993496329324894	0.00279073669021074	0.019084540392223168	-0.02003939342918079	0.0014957892250671095	-0.00624753281428944	0.007453601960487177	-0.0015124133913513235
5.59	0.00016040763461654293	-9.747948414456204e-05	0.0032037191012298707	-0.00015296566031604826	0.00019066177502143728	0.002766138413497301	0.016459718603276195	-0.021574155584638818	0.002769438032617963	0.0009211165508553244	-0.0017179102801528315	-0.0023502109467664774
5.6000000000000005	0.00026989367160981317	-0.00026920004341799276	0.0032174388961677047	-0.00010549885590875107	0.00012747714444786258	0.0027545560867387135	0.004374926601054108	-0.011124105610791106	-0.0002875409039078354	0.008134987332364025	-0.010391157288644351	0.0002112193057107599
5.61	0.0002413318098447844	-0.0003014772398569081	0.003199497706348053	-3.960775421033578e-06	2.3864700805620803e-07	0.002769489079789996	-0.009652072237223574	0.004773865632382162	-0.0029045730592188856	0.011273093386160147	-0.013943362651373371	0.0024479983328357727
5.62	9.712739173280104e-05	-0.0001874631436351758	0.003176253048513151	9.91878139453354e-05	-0.0001262519928920099	0.0027904260785305093	-0.017961341016682918	0.016893032695866752	-0.0004933028761920914	0.008401827792134553	-0.010058589760451228	0.00063859646886122
5.63	-9.585508964839069e-05	1.5329582675269015e-05	0.003195164881381109	0.00015391875956305933	-0.00018805900613995266	0.002776919543161524	-0.019113545414733292	0.022187572393319078	0.0030890910968525164	0.0020505252483484474	-0.0018824769343760057	-0.0023275067675363305
5.640000000000001	-0.00024811856813288565	0.00021557996045138986	0.003217698536729471	0.00013362491713622628	-0.0001587557563269248	0.002760482433428279	-0.009751082946843752	0.015865632483396896	0.0008477289524394441	-0.005967545318729085	0.007512618950025671	-0.0005719085745237562
5.65	-0.0002733535373035519	0.00030392448812071655	0.0032089080867462156	4.5239809162484777e-05	-5.0292483717351146e-05	0.0027676880805863236	0.004855007176700121	0.0010953061270472199	-0.0024070857373102435	-0.010929641123064512	0.013268079806794765	0.0018965985466386976
5.66	-0.0001633848697163964	0.00023988545886428146	0.003180317320946785	-6.605722147124534e-05	8.36017140617874e-05	0.002790280615757449	0.01593885919392303	-0.013003144926198605	-0.002315538917205673	-0.010222287975433168	0.012182994388211415	0.0018264635174429329
5.67	2.235652263635135e-05	6.538485497252688e-05	0.003184052151022469	-0.0001429091717927306	0.00017227777695905827	0.0027859235493531325	0.020153936438250034	-0.02095676032535987	0.002879561795519426	-0.004800814395265557	0.0051121300852508	-0.0025511905980296298
5.680000000000001	0.0002056153592933858	-0.0001462249943649083	0.003214090026163513	-0.00015238776306525744	0.00017776322253981158	0.0027596156993382817	0.014593551008742274	-0.019252115345564685	0.0021817135055352327	0.003149498911618039	-0.004219191756645846	-0.001924696155747855
5.69	0.0002858651375593777	-0.00028338619295917907	0.0032185887328024295	-8.440519590096208e-05	9.488177281721243e-05	0.002754399464237961	0.000731306650858311	-0.006907588058380987	-0.0013589931971535062	0.009828054076713147	-0.011646433448806955	0.0009435673231203056
5.7	0.00022114514163710597	-0.00027467874912293305	0.0031922455085000834	2.7641360161287433e-05	-3.586891644720808e-05	0.002774492263077501	-0.012863062885951161	0.008340215676086938	-0.003263387573652864	0.011528970406052266	-0.013347784077730383	0.002638164628679527
5.71	5.2902362107175085e-05	-0.00013547974908996268	0.0031750080333996108	0.00012478272554430407	-0.0001468396787817322	0.002789476578030056	-0.019660881772436	0.018454499706910838	0.0009065197692077638	0.007205386957044569	-0.007914100082821998	-0.0006139904930016448
5.720000000000001	-0.00014647859975696733	7.127514228321628e-05	0.0032004857860466075	0.00016275214949049496	-0.0001852982068466171	0.0027707358362717275	-0.018272228665428894	0.021038650367355364	0.0029049804814588044	-0.00014359070938494	0.0006678408713202209	-0.0020305463548792478
5.73	-0.00027635321297757537	0.0002452623173005102	0.0032168453168898554	0.00012013738032887228	-0.00013302967544817854	0.0027605574586213122	-0.006419242429779213	0.01206963727177616	5.237547375311748e-05	-0.007990604848905779	0.009324082955738115	0.00020010328528772167
5.74	-0.0002645807152986174	0.00029214605999464046	0.0032018956843271043	1.6418565494465088e-05	-1.4367747128328742e-05	0.002774221618657763	0.008497508584831927	-0.0029623421010507643	-0.002708121895178984	-0.011844555634958192	0.013408364752828273	0.0022716802113038922
5.75	-0.00012528312561613017	0.00019641649838089218	0.0031777060930275112	-9.509625597448998e-05	0.00011060455277693833	0.002794176951396131	0.01807939083402679	-0.01511034175331569	-0.0008967315204677931	-0.009393645634029422	0.010317168478413333	0.0006901539500519989
5.760000000000001	7.452841144555403e-05	9.186738139042361e-06	0.0031946729633979365	-0.0001591116884431577	0.00017734117283045657	0.0027783804155866293	0.020439057643131506	-0.02106885711003444	0.0032403131496562478	-0.0029588152812936247	0.00264850416897957	-0.0029130416898633126
5.7700000000000005	0.0002447883334289783	-0.00018771961214954062	0.003219639343828847	-0.00014591050277830845	0.00015797053567066603	0.0027550046208391966	0.011860451875010714	-0.016350543724644343	0.0010921015694644663	0.005560621735708796	-0.006392294816163653	-0.0012477225062240927
5.78	0.00028980259813225616	-0.0002876611069584162	0.0032122042337916676	-5.791697427298774e-05	5.9798741094453206e-05	0.0027573999804768267	-0.0031847572428739643	-0.0027697374984177315	-0.002449080107692361	0.011278159543290069	-0.012399728464078726	0.0016666824194002093
5.79	0.00019017587755600554	-0.00024222981493344806	0.003180769038154924	6.007958127353111e-05	-6.890033150136479e-05	0.0027813028162138125	-0.015603335147671728	0.011162405650436278	-0.002928860160165471	0.011169507642403672	-0.01209200671502599	0.0024224189874033656
5.800000000000001	2.3390127061693127e-06	-8.448366466265545e-05	0.003177010115373638	0.00014623062444735335	-0.0001599899987347786	0.002786219175344433	-0.020910263105270315	0.019500010233807662	0.0024513085155646163	0.005615355497197926	-0.005613001602920807	-0.0017165149054010596
5.8100000000000005	-0.00019511569794240384	0.0001192063790160591	0.0032082491566909083	0.00016327494268033606	-0.00017364042361462867	0.0027651241666560257	-0.01653521760979689	0.019217771118072328	0.0026936470268546482	-0.0025729536355672956	0.00315557916078807	-0.0016946855638882573
5.82	-0.0002959397397705509	0.0002635277691634053	0.0032191382087724788	9.847475096183676e-05	-0.00010143683254768706	0.0027601362791382185	-0.0026852597731343267	0.008302141244662544	-0.0006924414045929298	-0.009819432846190412	0.010663781751526146	0.0007930028857458518
5.83	-0.00024600703961184236	0.0002722301682770467	0.0031978425540462917	-1.6499294130801247e-05	2.1596234349881072e-05	0.00277819502509517	0.012002846803692194	-0.006427565374094971	-0.003051141379099768	-0.012159042306078855	0.012872520385401338	0.002409382698021535
5.84	-7.999537184867611e-05	0.0001511506331077541	0.0031782879481163893	-0.00012203755115177501	0.0001317533527273105	0.0027928972992982038	0.019991253196641027	-0.01676592194635251	0.0003280800463546228	-0.008078212056666657	0.008171319798914509	-0.0005127914414687669
5.8500000000000005	0.00012895520204466248	-4.31089916172135e-05	0.0032004413211618164	-0.00016853790075704956	0.00017585280555621288	0.0027716908235353266	0.019896060544064644	-0.020448382738889694	0.0028114577526685337	-0.0006663094910002043	0.0002471450799967663	-0.0026256409782191557
5.86	0.0002790940478974714	-0.00021953499765437802	0.0032170492622888647	-0.00013207468370715663	0.0001344131261991136	0.0027549934177497717	0.00860885186837802	-0.013117855711056807	0.00010533985527565983	0.007658751370155899	-0.008182982579359937	-0.00039113659424624243
5.87	0.0002859953301664454	-0.0002819360303893819	0.0032023708128688126	-2.841843508688271e-05	2.5750482521039704e-05	0.00276477765637099	-0.007133440884599876	0.001078186747548644	-0.0027696937444662653	0.012189061540476385	-0.012631757590965463	0.0021730550613288297
5.88	0.0001531808130505125	-0.00020483891521354622	0.003175311551327606	8.984613143284392e-05	-9.56061545774548e-05	0.002788304805569368	-0.018080572576373227	0.013406992622287194	-0.0014933321717045922	0.010277621186341306	-0.010408697253558311	0.0015610611539229966
5.890000000000001	-5.229178330219304e-05	-3.2845154623369374e-05	0.0031887273658660676	0.00016277771489677306	-0.00016616013784112244	0.002781061785800828	-0.021648473306256154	0.019965922652898264	0.0034241264385613617	0.0038892342097668745	-0.0033672728084064825	-0.002346209222541238
5.9	-0.00024022102999611875	0.00016047044426514045	0.003218830457217509	0.00015808755623841644	-0.00015643756228071834	0.0027605193263045163	-0.0139901197853085	0.016769786081995655	0.001799356649963792	-0.004920043848833606	0.0052968103700029665	-0.0011824650124405056
5.91	-0.00030608568960920096	0.0002710826390893637	0.0032181410985826766	7.302616676469427e-05	-6.888240483857592e-05	0.002762074170109639	0.0013784014833214636	0.004356215786921978	-0.0019285555961644865	-0.011349546583842952	0.011483340627016156	0.0014618243474177068
5.92	-0.00021825695130015188	0.00024324075448420635	0.0031883871705291255	-4.992956659534531e-05	5.4060990492393604e-05	0.0027840220826727572	0.015147260571717053	-0.009395327804117207	-0.003218150057840153	-0.012042806262960342	0.0119361112349537	0.0023561886771968827
5.930000000000001	-2.9138577793874206e-05	0.00010183144578567295	0.0031774954434930776	-0.0001459741344277483	0.00014729536774744185	0.0027898543414313927	0.02157390828168217	-0.018027377376901785	0.0016885472297636776	-0.006627829571843367	0.006102376736915373	-0.001744373821866642
5.94	0.0001819036648853439	-9.255213085853746e-05	0.0032049569856699477	-0.0001728845763861483	0.00016867404222976486	0.0027651077726651065	0.018486442965780673	-0.01898173797725194	0.0026274154501610427	0.0016971601019499134	-0.0021134733881409155	-0.002214577549858125
5.95	0.00030391682456430935	-0.00024184314690754637	0.00321681179973899	-0.00011330972674685407	0.00010724802957224208	0.0027556409938749335	0.004755276577106171	-0.009437334980530256	-0.0005023510445341938	0.009671836004701225	-0.009637367719817823	0.00044102796939735154
5.96	0.0002705899862229619	-0.0002660178834494152	0.0031973196143950484	4.148857992535079e-06	-8.37377647362138e-06	0.002772204493216938	-0.010901609510070376	0.004646275134424874	-0.00292605991384951	0.01281126730219197	-0.012480814089908915	0.00254944909877002
5.970000000000001	0.00010853522661306706	-0.00016178052932468422	0.003176104329051659	0.00011921072711109195	-0.00011871141525677223	0.002791905143259041	-0.0201596618995529	0.015175290210560436	-4.669214256300604e-05	0.009122941336972765	-0.008520817054888965	0.00028993845532881285
5.98	-0.00010831038292648537	1.9282293399900816e-05	0.0031982719904890765	0.00017602819892922775	-0.0001683687721933119	0.002775569634829346	-0.02141655354591644	0.01964069244790645	0.003199849554023063	0.0016873244553552956	-0.0010457149448845182	-0.0024524026230613918
5.99	-0.0002780594416336258	0.00019464530712757187	0.0032198081742831827	0.000146782950607421	-0.00013625668419813683	0.0027587297014817326	-0.010807799613046046	0.01373063892923952	0.0005957057399884603	-0.007305081693738091	0.0072190529878442015	-0.0005551242126084509
6.0	-0.0003051121872125391	0.00026915195482567656	0.003208166825237146	4.27331723834807e-05	-3.616935118597413e-05	0.0027661672838388794	0.005529651592394282	0.0005809716770114873	-0.00268098852075834	-0.012601499705804738	0.011951672890503114	0.0019029945916314425
6.010000000000001	-0.00018175853332698925	0.00020911278951478348	0.0031782181894226794	-8.29961171343756e-05	8.205670630976949e-05	0.002788279205312128	0.017817294458831553	-0.011744411442903752	-0.002215058897500984	-0.011284987751882393	0.010500844495328187	0.0016608168052663068
6.0200000000000005	2.5839038162339846e-05	5.231314118255766e-05	0.0031839325426106986	-0.00016594554789020635	0.0001558197092329292	0.002782373202343161	0.02249302621648262	-0.018716626317424698	0.0029631442951043286	-0.0048864352002336	0.003913973700889158	-0.002510345137686531
6.03	0.0002294078469768104	-0.00013485338299765653	0.0032138507958756834	-0.0001701744814170377	0.0001540224597401315	0.0027587700562845237	0.01607666777617783	-0.0168872122933307	0.002110435472221933	0.004233692762631249	-0.004341595268159088	-0.00150882647080037
6.04	0.0003166212967738768	-0.0002532491949144141	0.0032172163475685436	-8.802074804806014e-05	7.585002300745879e-05	0.002757386674490077	0.0005967115858384582	-0.005736137067585998	-0.0014521312566900314	0.011462760821688778	-0.010621328354603447	0.0012328184948021928
6.050000000000001	0.0002435104559264247	-0.00024196981889791012	0.0031909519738256066	3.97344126258925e-05	-4.097818462365591e-05	0.002779253040165442	-0.014299430445741751	0.007673848707076135	-0.003112265304048212	0.012905708709965984	-0.011663113787037823	0.0026197666515221543
6.0600000000000005	5.6887679602601373e-05	-0.0001166838022945965	0.0031775387174207306	0.0001459669842146935	-0.00013517625094503004	0.0027911836418009757	-0.021862149149372196	0.01652960792448051	0.00135632403769375	0.007651929686881924	-0.0064523597409879615	-0.0010610439382351654
6.07	-0.00016401295351785118	6.754185011669286e-05	0.003204498097449356	0.0001827415550403594	-0.0001627026329078179	0.002769576036363482	-0.020139933014039546	0.01861702792304183	0.0027744993842468784	-0.0008338408947014669	0.001294538933444469	-0.002208068770590097
6.08	-0.0003063502987388993	0.00022003405108170392	0.003218266618266352	0.00012867364471939933	-0.00011040321452307379	0.002758329397445937	-0.0069101162023592075	0.010435304260749205	-0.000294628483161275	-0.00948913699070168	0.008713543890986218	0.00012098725615472568
6.09	-0.0002915459495776564	0.00025841009945510587	0.003200000632667749	8.991039042299119e-06	-2.85152619720729e-06	0.00277154527458814	0.009552749065357293	-0.0029643119072225105	-0.0029925800442312752	-0.013421379954956642	0.011877463467382937	0.002259022512172429
6.1000000000000005	-0.0001363982014994684	0.0001708088324107874	0.0031751160983359535	-0.0001145862858778746	0.00010552148033475096	0.0027911450263091403	0.020052160373030672	-0.013609803539773816	-0.0007004458797874845	-0.010103096199115634	0.008690580919102462	0.0005761610751921241
6.11	8.504023560787296e-05	3.1860006303668784e-06	0.003193913602023149	-0.00018088789946800202	0.00015898493894276635	0.0027758158132836198	0.022580250564549972	-0.01873047497350849	0.0032744488192760855	-0.002630311231804612	0.0016807728477750768	-0.0026059700372046586
6.12	0.0002718884623766164	-0.00016999825179380687	0.003218844361052312	-0.00015953393680565817	0.0001351681114549969	0.0027566410054645192	0.012884156429683569	-0.01420158609410358	0.0011074799704821467	0.006778902144418669	-0.006282784361113446	-0.0007720874456624316
6.13	0.00031928705086631807	-0.00025493552785242916	0.0032121484726226547	-5.65272617823634e-05	4.383974021653307e-05	0.002762602235778288	-0.003755608528604192	-0.002064211350848051	-0.0023074773694633367	0.012887333146822088	-0.011216310542614781	0.0018833681999409226
6.140000000000001	0.0002077507241845294	-0.00021125717778403753	0.0031830008188502568	7.567549532453238e-05	-7.019761916135064e-05	0.0027866423646264824	-0.017314070866211288	0.010116319232091858	-0.0025668106876988927	0.012244315048349818	-0.010461626329496121	0.002151724914427081
6.15	-3.0423458755602036e-07	-6.999161278549613e-05	0.0031826978183495357	0.00016822570101008173	-0.00014647089341734314	0.0027867006830335117	-0.02315603616723574	0.017374141605087958	0.0025355215896620048	0.005803503696949664	-0.004402090282737466	-0.00216685594519018
6.16	-0.00021718107996566557	0.00010978380689960973	0.003211206729999205	0.0001810605786364895	-0.00015187194591034114	0.0027631833549693016	-0.017970827369595026	0.016781553402561006	0.002177030464245288	-0.003541018079317638	0.0034870279353892866	-0.0017775552231502414
6.17	-0.00032493783470968415	0.0002339217439518273	0.003216531245314844	0.00010292329953513	-8.263285404157565e-05	0.0027580115812672725	-0.0025870771622088884	0.006893467373539264	-0.001181091639552992	-0.011366978834972487	0.009772754384480607	0.0008189042197626412
6.180000000000001	-0.00026716670287108045	0.00023711641352076702	0.0031920941961823776	-2.7252498937544243e-05	2.7833787803990174e-05	0.002776666870119417	0.013371067899422308	-0.006045916771792804	-0.00310463233930798	-0.013489181464549192	0.011352115537348524	0.0024943026428454113
6.19	-8.389089338966152e-05	0.00012776347112342063	0.00317574172092467	-0.0001419566667273344	0.00012252499760305563	0.0027906264965434535	0.022033940664976385	-0.014976173890500818	0.0009406617156351	-0.008578813604695602	0.006773066652715138	-0.0006757403982070845
6.2	0.00014523100722959193	-4.421325968136029e-05	0.0032025420197506	-0.00018859912179671593	0.00015562791115432918	0.002769962387463173	0.021623435538265547	-0.017923798186402603	0.003071366715256937	-0.0001484482310721729	-0.00048575773910195636	-0.0023227306993719946
6.21	0.000306328511557443	-0.00019658003216685638	0.0032203650061772113	-0.00014198881907744165	0.00011249973793168541	0.002757169624269447	0.008996294094271771	-0.011095249919778956	0.0001126759245394639	0.009065008990153927	-0.007766961656153927	-7.37152372688182e-07
6.220000000000001	0.00031006740549910605	-0.0002468178521520032	0.0032047750053720353	-2.2908281109461722e-05	1.3202614607023883e-05	0.0027698597816285526	-0.008098968662941344	0.0013816154440050544	-0.0029091897588209713	0.013739237797316594	-0.011259481269888315	0.00228939635022575
6.23	0.0001632046565811043	-0.00017559881955093518	0.0031769913879546247	0.00010783393991393422	-9.242694451648648e-05	0.00279191223657304	-0.019840154933332695	0.011998011970498447	-0.0014087132008872042	0.011079131608202102	-0.008770676731371415	0.0010953999665790296
6.24	-6.173497288348168e-05	-2.2697435958135362e-05	0.003190414648041396	0.0001840638107901075	-0.0001494837935684735	0.002779571687154591	-0.02359967489316975	0.017599824733112182	0.0031490284950528697	0.0036870050799149927	-0.0023293266419592974	-0.0027262372996809518
6.25	-0.00026475375984896804	0.00014567117968750784	0.003216688038208082	0.00017194208414484963	-0.0001344490787621913	0.002757244044327648	-0.014912864223305386	0.014408424992071237	0.0013921126619405287	-0.006094997902830993	0.005251846512807673	-0.001233094782829964
6.260000000000001	-0.0003321608345199498	0.0002386308856847312	0.0032128508703393225	7.25814765530745e-05	-5.266967460372017e-05	0.002759375498404071	0.001985513992481033	0.0033711123511060387	-0.002047618762389188	-0.01289512042469379	0.010414166366939943	0.0015730290144734377
6.2700000000000005	-0.00023287542232165126	0.00021018381539055086	0.0031844856628964998	-6.418893079050685e-05	5.6258750043961675e-05	0.0027823489857509705	0.01669566296697554	-0.00856587404161868	-0.002779176969239981	-0.013143288088076903	0.010307191963374816	0.0023438696362666498
6.28	-2.5693435205802158e-05	8.382462703187009e-05	0.003179914146025825	-0.00016692886705447748	0.0001343648467427277	0.002786968003477564	0.023570471994693795	-0.015959162243874694	0.002264820236698868	-0.006861558113387683	0.004849689567872887	-0.0017524007805372595
6.29	0.00020257176330803778	-8.636057694704199e-05	0.0032092263644875694	-0.0001902174915680861	0.00014718533605836767	0.0027650428585100847	0.019761220087888037	-0.016431119931606227	0.0025085131729927616	0.002609762684021286	-0.0025171317754453513	-0.0017909386547038763
6.300000000000001	0.00033075625671418526	-0.0002137450404642358	0.003218217174757161	-0.00011817351939727665	8.75751804329905e-05	0.002759190508783294	0.0046877580063507856	-0.00783275727427806	-0.0008344855853403358	0.011146851871410783	-0.008878954868334916	0.0007458552767842865
6.3100000000000005	0.00029020805318104537	-0.0002304175992021075	0.0031956589885155915	1.4172726081588394e-05	-1.5829146458331354e-05	0.00277740553077168	-0.01220076317459527	0.0044680326597396755	-0.003126321352735747	0.014136845381614575	-0.01091124386307607	0.0025294614783198366
6.32	0.00011259997044987708	-0.0001365785558986305	0.003175681328467858	0.00013775361685238363	-0.00010980548993668155	0.0027936923436483424	-0.02198251089236815	0.013461135582271501	0.00037431674977619385	0.009533019163709	-0.00700168173601089	-0.00035095497624385865
6.33	-0.000122858929561485	2.2748499884723004e-05	0.0032004931742668683	0.00019392599248794362	-0.00014788768238683088	0.0027723940232395887	-0.02303425829984235	0.0171108538091778	0.003209731882014003	0.0010754037758107246	-0.0003193493537159903	-0.00272358006454502
6.340000000000001	-0.00030312178882637607	0.0001736880571367701	0.0032210205392414447	0.00015446412158967937	-0.00011393711192196825	0.002754678225318107	-0.011183512097020128	0.011599234198776835	0.000437780499184394	-0.008629647208185967	0.006813915150074627	-0.00048532407859299114
6.3500000000000005	-0.00032708665952677405	0.0002340925350222254	0.0032077011293720854	3.636716844117559e-05	-2.2971888547473792e-05	0.0027638563239584637	0.006476923670509797	2.922925520987522e-05	-0.002804252197929499	-0.013963001380643183	0.010613973999953112	0.0021360710648411154
6.36	-0.0001901557590257271	0.00017801953810610312	0.003178284068151407	-0.00010041301493711796	7.952780555042218e-05	0.0027874859119390825	0.01946667873600361	-0.010492489991310331	-0.001955364872724357	-0.01202189988356425	0.008839576735220166	0.0016557361131086894
6.37	3.592467502129694e-05	3.974548780803028e-05	0.0031864057617656313	-0.00018612247647959636	0.00013985995744370612	0.002781618435388226	0.024350060149078912	-0.016358710473991164	0.0029433132444516685	-0.004651463811717274	0.002912537594767002	-0.002283849661372189
6.38	0.00025351075274592216	-0.00012200763858793932	0.0032136749326011297	-0.00018288523658379068	0.00013236668646543314	0.002761214906177351	0.016929237966736826	-0.014402150525194045	0.001707107009644199	0.005397701604863517	-0.004407979193479694	-0.0012000105917773453
6.390000000000001	0.00034240291352835843	-0.00022119069310665336	0.0032138237172389546	-8.72494940615878e-05	5.9380833291647365e-05	0.002762107774207557	8.167017442996007e-05	-0.004565200817329321	-0.0016546445326090105	0.012885260514484478	-0.00957190863935792	0.0013833128458488914
6.4	0.0002585490632888963	-0.0002075391000374417	0.003187443895782861	5.308686478351411e-05	-4.337536034139174e-05	0.0027837732354886735	-0.0157976600843885	0.0069356447599204195	-0.0028601588175891164	0.013858974040418498	-0.01002364765066713	0.002364327480827482
6.41	5.498222643682658e-05	-9.671430525706891e-05	0.0031793555143709885	0.00016477465759618236	-0.00012207555535321301	0.0027902842983775285	-0.02375355131404755	0.014509298387172768	0.0019327582017773088	0.007814953960530016	-0.005187366145958565	-0.0016991802330542463
6.42	-0.0001828144313435491	6.346201288477342e-05	0.0032088082432053947	0.00019803874046685503	-0.00014087757615344968	0.002765077661769802	-0.021394781547140477	0.0160056811920486	0.0027559310144096992	-0.001727974847833956	0.0016758829675422558	-0.002328019279518583
6.430000000000001	-0.000331351562429308	0.0001929841846927725	0.003220951616259012	0.00013180985257124387	-9.043146013943201e-05	0.0027539694332369556	-0.006887862918736233	0.008650956663545192	-0.0005869297725147461	-0.0108971343146116	0.007977024634510914	0.00029739255953896746
6.44	-0.0003100532027311811	0.00022217095056050498	0.003199488564960628	-1.842012982643434e-06	5.362908665479242e-06	0.0027697675844359122	0.010726495401209	-0.002917854287452125	-0.0032728664852719374	-0.014667583906404772	0.010367691032877527	0.0025477248293134824
6.45	-0.00014015518027775232	0.00014361598222600104	0.0031740231793328864	-0.0001341878264299904	9.772579082198678e-05	0.0027907082347568657	0.021780403402703256	-0.011993165420146818	-0.0005111852437837736	-0.010569488149117245	0.007171288679653652	0.0005007886466502345
6.46	9.943215966423423e-05	-3.039852878028559e-06	0.003193864118267474	-0.00020045960615927452	0.0001395808087791588	0.002775750716453789	0.02422131984459987	-0.0162628813573539	0.003241272063856511	-0.0021018954377892396	0.0009194673034992109	-0.0024128571459472096
6.470000000000001	0.0002971131456224451	-0.00015152898070873563	0.0032177520316215794	-0.00016935780802187152	0.00011354987746397887	0.002759091565949567	0.013329851529129603	-0.01198292861664597	0.0009851377204091508	0.00808091073818005	-0.005911554467424562	-0.0005660815274726347
6.48	0.00034202118970823986	-0.00022108554461557566	0.003209962465071243	-5.2535805853287364e-05	3.1282357657700964e-05	0.0027664875434774763	-0.004637466637317558	-0.0013754067357370533	-0.002368571555223581	0.014282108774710896	-0.009847980771442777	0.0019169349207320784
6.49	0.00021748942274848562	-0.00017990313572671302	0.0031817713366345444	9.123017469899978e-05	-6.653761391285836e-05	0.0027891310393156825	-0.018879294569905218	0.00901845158368001	-0.0022421231676163626	0.01304589912187389	-0.008734491490939966	0.0017705281370362905
6.5	-8.104054556236747e-06	-5.549887279662484e-05	0.003185992081407401	0.00018756009663698192	-0.00012827687931168602	0.0027844088352096986	-0.024948434756038612	0.015172119087988935	0.002803747837514639	0.0057552229103555435	-0.0033055182771467213	-0.002438610109156523
6.510000000000001	-0.00023890586850237896	9.951311626742218e-05	0.0032139110854806493	0.0001946718108611143	-0.0001275766825223148	0.0027604301821748697	-0.018822748067928257	0.014297174389540545	0.0018894444397258036	-0.004600731521093648	0.0035015525989959898	-0.001642551299859628
6.5200000000000005	-0.00034871608441676557	0.0002037825434615408	0.0032154130200293045	0.0001030341256543366	-6.373484145516037e-05	0.0027575284095018126	-0.0021736862539142292	0.005585122076302509	-0.0016127940512943553	-0.01291521806783851	0.008713806370708461	0.0010931076585308122
6.53	-0.00028165528186565794	0.00020305466380524345	0.0031878889118861233	-4.1536708654579906e-05	3.21064308124678e-05	0.00277848287048294	0.014682938627330179	-0.00552254294603832	-0.0031635341812807755	-0.0146515590660662	0.009587414402833037	0.0025840118273949522
6.54	-8.306076184316103e-05	0.00010637000235381715	0.003174619960778819	-0.0001625060313918332	0.00010997566568901504	0.002790723619769119	0.023766016027668622	-0.013112822011732094	0.001481002432636925	-0.008727099764390702	0.005365427499902207	-0.001028295226233905
6.550000000000001	0.0001623622951399027	-4.264610680532069e-05	0.003204444786342703	-0.00020534513939441727	0.00013322122301455717	0.0027684173780859675	0.02293340840072781	-0.015360494540727037	0.003149749544037507	0.000740979485378515	-0.000959270551804321	-0.0023207711508277406
6.5600000000000005	0.00033036925590619614	-0.0001719980250373497	0.0032218876088274356	-0.00014643037030612606	9.124181112467706e-05	0.002756238526258701	0.009032190563373604	-0.009272416571119243	4.613991556068716e-06	0.010508814280438676	-0.007077012867248677	6.851018294051603e-05
6.57	0.0003283715463154215	-0.00021182183805985833	0.003204611748892343	-1.300810143754881e-05	3.3847835457939326e-06	0.0027697468441048273	-0.009218457273864023	0.0015450333215224561	-0.003065758139012807	0.015017972450638033	-0.009738271482855413	0.002353048526206722
6.58	0.0001675850725929897	-0.0001476742682420884	0.0031768214955863296	0.00012653182052473527	-8.616832081104142e-05	0.002791022435979174	-0.021428059845121264	0.010560252768060002	-0.001168838414842715	0.011526161735394789	-0.007235025341823575	0.000849819804305307
6.590000000000001	-7.398189022716355e-05	-1.4496913647850267e-05	0.0031910364063389837	0.00020282524555993486	-0.0001310625112669465	0.002777660801142807	-0.025108209440545835	0.015207643985232526	0.002969330447213134	0.003183495995967778	-0.0014895102033689546	-0.0025424404211404792
6.6000000000000005	-0.00028756079343760025	0.00012947560873159984	0.00321439991019921	0.00018125220102871672	-0.00011271575752983004	0.0027582874801444124	-0.015423008861416123	0.012166910005608206	0.001082298031480789	-0.007377517828728725	0.005045200394627395	-0.0008932359057556548
6.61	-0.00035386947703255916	0.00020635044167809528	0.0032084862907682697	6.787363217217707e-05	-3.859985814631e-05	0.0027627454103969127	0.0026773101456350193	0.002553479042654357	-0.002128674704578379	-0.014308733685860863	0.009189046546379804	0.001685509707017706
6.62	-0.00024362888767175388	0.00017886005328942415	0.0031815410490924436	-8.047923680434326e-05	5.510765607218301e-05	0.0027855763833270373	0.01807360159932299	-0.007598297083868822	-0.0023463071290622866	-0.013893594328369799	0.008653220527990819	0.002142790593166704
6.63	-2.066522155212174e-05	6.8349190218869e-05	0.0031835867710970625	-0.00018596263826191757	0.00011876842324995787	0.002786592412798953	0.02530077116403809	-0.013893591116346155	0.0028358658127260006	-0.006702001746495572	0.0037384146719900892	-0.002036811410780869
6.640000000000001	0.0002217463200687026	-7.82806595323442e-05	0.0032148337902745145	-0.00020266098426798243	0.00012467667413841425	0.002763618789415997	0.020695624871071162	-0.014006697456318048	0.0023606028079040855	0.0037090163927492826	-0.0026691764426090103	-0.0017494082414312006
6.65	0.0003532206834539175	-0.00018572572232653306	0.0032207127398216676	-0.00011737253078851558	6.94873886527134e-05	0.0027586652915556308	0.004376194857981958	-0.0064596083845316725	-0.0012968462744404668	0.012587210226811581	-0.0079052398143333	0.0008453404809637898
6.66	0.00030418005837589145	-0.0001974164980574892	0.003193797372169482	2.79916595235431e-05	-2.0400190091639526e-05	0.0027776337206558955	-0.013453057048574088	0.004074118407987431	-0.0034628367415446954	0.015165905834758976	-0.009297623685573502	0.00252199285125835
6.67	0.00011164748536689869	-0.00011519204311438912	0.003173131469283321	0.00015734359987187426	-9.873479596386923e-05	0.0027919918185818574	-0.023657575692624964	0.011663794032917955	0.000576998633443119	0.009661657931224681	-0.005648234836669079	-0.0007002522706934883
6.680000000000001	-0.0001396019603516525	2.260049442621716e-05	0.0031987836407223746	0.00021038974941242806	-0.00012759171969308782	0.0027693340988615175	-0.024293670500839266	0.014740430774630808	0.0031660585633329235	0.00030894629884182395	0.00015805775699499308	-0.002620546315188779
6.69	-0.0003270181710872531	0.0001518646816298774	0.0032186862184942493	0.00015983724092606176	-9.459177753246967e-05	0.0027536259982370507	-0.011314114112136713	0.009837979380223605	0.000438196700860688	-0.009980738242026676	0.00615794335681724	-0.00022156213548233658
6.7	-0.0003460780970560303	0.00020187436715959615	0.003206179858712394	2.7852778559744212e-05	-1.4552489822549404e-05	0.0027651956082028676	0.007501826734286993	-0.00019738119434717675	-0.0026692298250364046	-0.01526883189912518	0.009180993687764285	0.0022976149180790645
6.71	-0.00019578312001780157	0.00015157119153109304	0.0031793801888613453	-0.00011832311276881563	7.278378536634719e-05	0.002789025143119902	0.021059432118595338	-0.00921365500802287	-0.001519682026616142	-0.012492856907223899	0.007387479156847079	0.0014755590590019632
6.720000000000001	4.751216539373957e-05	3.097157467079838e-05	0.0031903189902368462	-0.00020454750155624886	0.00012157214546407305	0.002781302785955582	0.025992726356761954	-0.014193738950364099	0.0029053720754288227	-0.004249968716025972	0.002158569057113984	-0.002280146292329928
6.73	0.00027682304206902447	-0.00010806865311652639	0.0032148090295596927	-0.0001927631552668551	0.0001118093304293771	0.0027621832472422302	0.01748191103931616	-0.012233188054964426	0.0012715886116594435	0.006620197890965338	-0.0040606354843906525	-0.0010148860250581743
6.74	0.00036438941689272164	-0.0001911675817253093	0.0032108119376761893	-8.379252510258694e-05	4.695808387462574e-05	0.002764616713781233	-0.0006811363181526638	-0.003638295023950746	-0.002030412118042433	0.014191971677259708	-0.00834069826483156	0.001452032624431675
6.75	0.00026861554737227006	-0.00017697226739621282	0.0031828526143935507	6.74727354963809e-05	-4.13281223481325e-05	0.0027857766267272007	-0.017263547434534093	0.006154235788505996	-0.0027254404362088863	0.014600530907384418	-0.008472632851399313	0.002147127375156839
6.760000000000001	4.856536582130903e-05	-8.066844871145205e-05	0.0031792946462330207	0.00018207699372265005	-0.00010640556942508133	0.0027881988754514045	-0.025494482394269893	0.012526908744437404	0.002482446975231442	0.007690622716409298	-0.0041390230663589855	-0.0020900379770077263
6.7700000000000005	-0.00020327073957103646	5.6784289843088296e-05	0.003211630957600201	0.000209690910935037	-0.00011909424843382254	0.0027619586933644983	-0.02233191704333945	0.013630985269719079	0.0028040050012875036	-0.0026591176055302482	0.0018078725011999013	-0.002230969620594597
6.78	-0.0003544521892676781	0.00016591923953571008	0.0032228626386752155	0.00013204213393781805	-7.298798190186983e-05	0.002752697001418262	-0.006473191080883446	0.007175523020806925	-0.0007719150771921197	-0.012163443092869694	0.00703173838555034	0.0005068710819354724
6.79	-0.0003235129544864598	0.000188687950242645	0.0031993103234653937	-1.3299211078713357e-05	9.98291070764e-06	0.0027705415720850712	0.012117033258789897	-0.0027209716638081443	-0.0034150374598901005	-0.015617297445908274	0.008839738639463225	0.002715042524400856
6.800000000000001	-0.00013826999959139485	0.00012001660789742247	0.003174328994465506	-0.00015111692719033614	8.71444997539537e-05	0.0027910596651876817	0.023442635471785406	-0.010343466753279957	-0.00028695068347547463	-0.01070480452863859	0.005816936506258948	0.0002571739949301213
6.8100000000000005	0.00011723019752757873	-5.8497444440176335e-06	0.003194319085112504	-0.00021494239183039013	0.00011970558155519925	0.002775261990191283	0.025480488950784853	-0.013827960214020088	0.002986697428789462	-0.0014274477025426444	0.0004558864086798719	-0.002280239230647934
6.82	0.00032166449977762157	-0.00013119375007575128	0.003214586293197954	-0.0001739923859608499	9.445437877874887e-05	0.00276063257866883	0.013348079456115745	-0.010022902445976388	0.0005958993242342208	0.009285386492298882	-0.005295905915910103	-0.00035060288501625396
6.83	0.0003607051770516468	-0.0001883972972891283	0.0032046437431902212	-4.4962773187736676e-05	2.245895724495664e-05	0.0027693844301422115	-0.0057498558071180815	-0.0009837781236466082	-0.0023759619262823414	0.015409262198162944	-0.008490183521460479	0.0019329929442814108
6.840000000000001	0.00022222229811666978	-0.00015167439160747827	0.0031792670581800063	0.00010672904166348923	-6.057157110815482e-05	0.0027906051950777264	-0.020438910982297012	0.007795432736597633	-0.0016153712904814095	0.013394005333917186	-0.007254470020983682	0.001413821608133859
6.8500000000000005	-1.98137051895921e-05	-4.480270096962883e-05	0.003189935182342688	0.0002026900956857828	-0.0001105514025206391	0.0027817691107445263	-0.026489879165529986	0.012983064408867291	0.003174977969684701	0.005309056639750026	-0.002524874970599186	-0.0026858280221463506
6.86	-0.00026116129271482204	8.668467984305833e-05	0.003218689996377411	0.00020121835273017826	-0.00010676331998698821	0.0027572510391397726	-0.019283224358038743	0.01203596443464429	0.0017335997279577012	-0.005742276490822679	0.003285144278786601	-0.0015698379736238492
6.87	-0.00036919096879610663	0.00017345595928218788	0.00321765328578209	9.776872780772236e-05	-5.0022351618667874e-05	0.002755904090694282	-0.0013848674861359441	0.0045332895238532935	-0.0019487353001421642	-0.014030787582706752	0.007585181207622897	0.001310977771201196
6.88	-0.0002901534384492787	0.0001711019987764021	0.0031873491946361786	-5.588122212853899e-05	3.206447373912079e-05	0.0027786576551643983	0.016142602209502362	-0.0048053297498334945	-0.003328663218378796	-0.015250554719775265	0.00807344089320855	0.00267624274177887
6.890000000000001	-7.599281295684911e-05	8.842483238876603e-05	0.0031743462017623306	-0.00017928279719617583	9.61153052219409e-05	0.0027900162189887718	0.02538725739068052	-0.01115577020431004	0.0015684764155614696	-0.008626805930728693	0.004255213919185385	-0.0011834989655636072
6.9	0.00018285662650115706	-3.842527904778319e-05	0.0032032635184146615	-0.0002174102548559871	0.0001129226954817784	0.0027684747324153614	0.023811879718382303	-0.013033223064213185	0.00293797315935544	0.001615792721282026	-0.001100327221621257	-0.0020734014929074704
6.91	0.00035347705599256626	-0.00014746098941857843	0.003218522552249396	-0.00014773184700949513	7.511669399588716e-05	0.002758973117145446	0.008655471419656205	-0.00773242305793693	-0.00016004515160694964	0.011721006077927539	-0.006136221135538291	0.0003358447766984326
6.92	0.000342383549871851	-0.0001799284930779292	0.0032012251122197793	-2.937646346631248e-06	2.5186107696108833e-07	0.002773820114970064	-0.010555772402598248	0.0014282667914920495	-0.002898932027638894	0.01597737842010991	-0.008207635849871369	0.0023382544903574874
6.930000000000001	0.00016647677584516717	-0.00012501679022576358	0.003177686375902758	0.0001423198267238539	-7.387145783264014e-05	0.0027925926422073867	-0.02303617107803465	0.008955413779235609	-0.0005383847967324927	0.011702924542121625	-0.005846451200697763	0.00033805136198639064
6.94	-9.054442609115615e-05	-1.1910686700685718e-05	0.0031963806809105033	0.00021698050221791683	-0.0001090831834007126	0.0027756492624729724	-0.02635867254235107	0.01287327193763806	0.00307706637000932	0.0025989099153297165	-0.0010097819345630333	-0.002669193701686408
6.95	-0.0003102702221986912	0.00010913076294253962	0.003218105175220948	0.00018611284466950415	-9.160735739516757e-05	0.002756400918670901	-0.015377490116466087	0.010146159989464746	0.0007539745044529265	-0.008550922186801525	0.004381600720612288	-0.0007787499458841642
6.96	-0.00037023626752574003	0.00017300467431010074	0.0032084139341908144	6.10039408466488e-05	-2.8470394411471785e-05	0.0027625770424993656	0.0038088338208973104	0.002104562766190243	-0.002482135649115732	-0.015417622763897089	0.007689275233625378	0.0019064102362637138
6.970000000000001	-0.00024561172458277607	0.0001498960833699362	0.003179086807887555	-9.549148984016254e-05	4.89833376535315e-05	0.0027865799180402952	0.019649901433981657	-0.006323858192982346	-0.0023489716847940358	-0.014296153186691701	0.007038622237953436	0.00205963403232131
6.98	-6.9209560772143715e-06	5.7833756353078076e-05	0.0031826187736462863	-0.00020151730094733938	9.97713724463044e-05	0.002785271582497175	0.02675499182419948	-0.01157622724214338	0.0028874419135380205	-0.00641306398298248	0.0028428922928490303	-0.002186424466183123
6.99	0.00024506142265522904	-6.439168086032794e-05	0.003213000050911823	-0.00021152865897390084	0.00010207589372050575	0.002762403937727892	0.02103292099213869	-0.011670863363799501	0.002231338910656127	0.004680604141426413	-0.0024617569730441915	-0.0016277708389436396
7.0	0.00037345984626497187	-0.00015377674933516266	0.0032181504542357618	-0.00011525404634045296	5.423763943347706e-05	0.0027590083453198013	0.003474045527116369	-0.00538182318648432	-0.001267143241217167	0.013714591077810848	-0.006719527559138299	0.0010075952582201198
7.010000000000001	0.00031169760790347283	-0.00016346371587394278	0.0031928798984518915	4.0148262666091123e-05	-2.107117432362565e-05	0.002779000782486011	-0.014949303799973007	0.0033737007467481753	-0.0031530930689959956	0.015922284854189724	-0.0076765064383588445	0.002534671253756268
7.0200000000000005	0.00010399295253055769	-9.546814138065897e-05	0.003176917722765037	0.00017353308593020885	-8.42386859019152e-05	0.0027916636939197487	-0.02520985251544833	0.009690631323140944	0.0010297072121066848	0.009748020136681114	-0.004411225930224096	-0.000913383759846697
7.03	-0.00016000327161305622	1.8647393538824994e-05	0.0032026304160844006	0.00022355542561735054	-0.00010474271463209629	0.0027698498238720977	-0.025073883867132322	0.012129310278909252	0.0028148541069973336	-0.00041476425415689185	0.0004978895614172885	-0.002340162179852286
7.04	-0.00034821176899884796	0.00012465671765498736	0.003217836863369623	0.0001633929885561414	-7.431932273192889e-05	0.0027571141522735967	-0.010746737754749037	0.008037961138364712	-0.0001087296870865993	-0.011104090874333429	0.0053459172458787925	3.2579885977680768e-06
7.050000000000001	-0.00035716705069280984	0.00016557839467772807	0.00320085493458226	2.0501455516999845e-05	-7.080468019464685e-06	0.0027694864239238234	0.008840229109103223	-0.0001319569533832166	-0.0028994793201079973	-0.01624783932433877	0.007540727035797962	0.002258297969345721
7.0600000000000005	-0.00019293370303572946	0.00012516536570123505	0.0031748826555556943	-0.0001321908746083605	6.286565439864988e-05	0.002790722061741668	0.022411430478420327	-0.007421175476059469	-0.001039573812009461	-0.012787999743207115	0.005724215581636752	0.0009407581010843386
7.07	6.332013247097615e-05	2.6973468582492074e-05	0.003191812816063368	-0.00021822881661037256	9.912411146335354e-05	0.0027779785746560653	0.027027625466147693	-0.011599827401913863	0.003358055443708275	-0.003854321571399966	0.0013545694815176492	-0.0025559791064263602
7.08	0.0002973648427687595	-8.689081385425802e-05	0.003218755084018018	-0.00019908890511118372	8.725505330834942e-05	0.00275805860286637	0.01738699595084496	-0.010056865050384101	0.0013503126727124118	0.0076066077655212415	-0.003637923228988106	-0.0009580557189510383
7.090000000000001	0.0003787182649406214	-0.00015549788636102548	0.0032138219422218612	-7.924413727477257e-05	3.249131068532499e-05	0.002761923572999073	-0.001743519386745665	-0.003057921499324761	-0.0022234399311227373	0.015330916762148894	-0.00685906422779581	0.0016501366628555365
7.1000000000000005	0.0002702835549037054	-0.00014458255690055343	0.0031835352017427635	8.144778546268365e-05	-3.842451114670222e-05	0.002784789190628869	-0.018613057806637894	0.004940901691984326	-0.0028979981124819336	0.01522016545566101	-0.006651074544166203	0.002249418396305366
7.11	3.699933278892968e-05	-6.672828627169353e-05	0.0031795672439288536	0.0001984470663308253	-8.795567718225303e-05	0.0027872669229555454	-0.026767772042137292	0.010189461758028925	0.002367129201641433	0.007558640047674055	-0.0029462908073151998	-0.0019697347048631747
7.12	-0.00022393444150614733	4.478921485922194e-05	0.0032092351855113324	0.00022090672585770206	-9.397192633533915e-05	0.0027639270475541024	-0.022725067937343427	0.011045740199522596	0.002487473481194162	-0.0035084568253680457	0.001845326209734432	-0.0018529528153491104
7.130000000000001	-0.0003733431869383323	0.0001336539022374965	0.0032181676811995673	0.00013314988775006557	-5.390282232886128e-05	0.0027581773455524843	-0.005752901622739378	0.005892069772422958	-0.0008503860423095931	-0.013289696085498485	0.005823296479758521	0.0007757805283026181
7.140000000000001	-0.0003315159032445219	0.00015326728414713625	0.0031957246469861735	-2.2565407238917198e-05	1.2957673587016549e-05	0.002776419762440452	0.013442660971580173	-0.0020631513659207673	-0.0030680310935295337	-0.01645099307568632	0.006931845985387514	0.0024982510639740686
7.15	-0.00013257725845209408	9.910538596243438e-05	0.003176497501865179	-0.0001649845414225346	7.220392160459657e-05	0.0027918396292821663	0.024825865604514982	-0.00827622758364944	0.0004338587502895854	-0.010841588152471543	0.004340605882469128	-0.00043980151512918245
7.16	0.0001344745202501178	-1.9062201506644936e-06	0.003199981738000248	-0.00022691707273825477	9.460547922370754e-05	0.0027714968949618226	0.02620915583779117	-0.011136855738739456	0.0029613089940981924	-0.0008652778161344358	-1.3147907554301013e-05	-0.0024734668773354665
7.17	0.0003408197518856915	-0.00010314570447484791	0.003217668405297419	-0.00017763811129378244	7.116842315230906e-05	0.002756376621025823	0.012997291694252667	-0.008119162593643266	0.00018382363573360175	0.010282511305773666	-0.004484561396454717	-0.0002625994722928204
7.180000000000001	0.00037182623787378763	-0.0001504142317236237	0.0032032231950081405	-3.8597903515417793e-05	1.2224451597833788e-05	0.0027667302778115817	-0.006915139681557343	-0.0009515848286259576	-0.002780650737333043	0.016345496348223434	-0.006797483916666388	0.0021590025875474626
7.19	0.0002205745971712717	-0.0001229863348398119	0.0031758276933645034	0.00011994782988791437	-5.283962523131977e-05	0.0027894046491545275	-0.021715112301341988	0.006013721645016833	-0.0015028731993794542	0.013752931646556938	-0.00553122103510017	0.0014017789228375497
7.2	-3.381321084778836e-05	-3.911688798148207e-05	0.0031887582152097826	0.00021654240387852677	-8.94072065343101e-05	0.002780352890695354	-0.027562442219575402	0.010292306818823404	0.0033282271223978436	0.005032675725252871	-0.0015953806467310639	-0.002535311930843013
7.21	-0.00028117450061368443	6.583786092017727e-05	0.0032180604189222636	0.00020893905215095608	-8.235294283163223e-05	0.002758762428231032	-0.0193637562076295	0.00966131700665131	0.0017596362619407425	-0.00661610268332488	0.0029645385185882774	-0.0012380051478596517
7.220000000000001	-0.0003846376837366688	0.00013625582402563557	0.003217250698710866	9.551205940758464e-05	-3.475840163189983e-05	0.0027600013723984465	-0.0004646517190470629	0.0038017642859297512	-0.0019014220331576284	-0.015089764655364876	0.0061324118448448	0.001455766656725366
7.23	-0.00029383920992486737	0.00013664068237196838	0.003188066871672588	-6.714143467586567e-05	3.02762434155622e-05	0.002782492167229801	0.017469595785442434	-0.0035822548759041855	-0.0031362864584720206	-0.015892381247783156	0.006286556153739297	0.00245095597156478
7.24	-6.626816343790416e-05	7.27364459240223e-05	0.0031782417617371357	-0.00019354199959782442	7.865719443378414e-05	0.0027893149966584053	0.02672454984465557	-0.008778264799437604	0.0017932214438697803	-0.008644477093986348	0.0030256630706291822	-0.0016214022608778556
7.25	0.00020219107123763388	-2.7267107994732157e-05	0.003205782900316132	-0.00022755392467040038	8.78924494056609e-05	0.0027661070027774765	0.024283679153250467	-0.010281691434925884	0.002556191835448715	0.0023924525626944043	-0.0012839403030559158	-0.0020668065153713446
7.260000000000001	0.0003718612580326504	-0.00011369563266974959	0.0032166933683430575	-0.00014834852775838612	5.4284552759480654e-05	0.0027574339218066125	0.008054580930264066	-0.00618725790047634	-0.0005765359062526261	0.012723366659380609	-0.005141132219742932	0.00045996370758158667
7.2700000000000005	0.000350964396096456	-0.00014055067289383145	0.003196295779932845	6.131310684704737e-06	-6.429369525821458e-06	0.0027739084868055055	-0.011757404242586127	0.0009385787805457029	-0.0030185725199672678	0.01681397928264579	-0.006470870530764132	0.0024884940406662507
7.28	0.00016278727966961877	-9.917072474254691e-05	0.0031752225344473654	0.0001562063954128113	-6.311311805212885e-05	0.0027924785060009457	-0.024292912309886148	0.006864978225054652	4.9734430010874004e-05	0.011831671135202605	-0.004293001900281902	8.215734574766045e-05
7.29	-0.00010572629401696596	-1.1376937635130709e-05	0.0031987307493942557	0.00022876506177966236	-8.6930205606731e-05	0.002774114320309372	-0.02719824115221052	0.010077889908319464	0.003315334689016345	0.001990674226255766	-0.0003484162161622348	-0.002596105456848584
7.300000000000001	-0.00032882893306993683	8.381369586398675e-05	0.0032209007502487885	0.00018936897483146236	-6.894557095864996e-05	0.0027564469466051064	-0.015202224399027825	0.008035358330095641	0.0006197237657349068	-0.009540571514077846	0.00383159562897668	-0.0005847563384597409
7.3100000000000005	-0.0003825077244380938	0.00013473903213821907	0.0032092112644292996	5.415813150217433e-05	-1.6987173121288936e-05	0.0027643974533232227	0.0047799401797899085	0.0017469747816468136	-0.0027270184690163122	-0.016346381560782185	0.006126488725012641	0.0020138268982368393
7.32	-0.00024722717634287496	0.00011783543015268924	0.0031787693773513348	-0.00010868662443541787	4.3223358828900305e-05	0.002787965393006977	0.02077529182071362	-0.004802128206925534	-0.0022628665020454513	-0.014590697352582125	0.005292219341470731	0.0018364634532015702
7.33	3.0730904237296926e-06	4.6669131785681926e-05	0.0031837376027375104	-0.0002146472320061477	7.966658953615966e-05	0.0027835064942739567	0.027844853077653556	-0.009056990155761876	0.0028857045666291674	-0.006069644231595158	0.001823591249989063	-0.0023712982800937555
7.340000000000001	0.00026175158478593957	-4.9217746822175506e-05	0.0032127833463387787	-0.00021822532195261372	7.729620152582101e-05	0.0027604979296573266	0.021255229254847813	-0.009171370944112427	0.002033411471830459	0.005557136129567083	-0.002307421117692957	-0.001540764987874377
7.3500000000000005	0.00038778612465552683	-0.00011939561337927332	0.0032163886957642172	-0.00011233451689756862	3.712940242981114e-05	0.002758357788900425	0.002805081229773494	-0.004247361101991681	-0.001392257406956473	0.01471599249973764	-0.005383618128385543	0.0011673588481661838
7.36	0.0003167615521004499	-0.00012778381704609557	0.003190688049949755	5.120686534336263e-05	-2.1724408544882702e-05	0.0027796354200252133	-0.01601580653017837	0.002527651737584638	-0.0030569016576742956	0.01646546271483559	-0.005851364236294289	0.002562698876683434
7.37	9.794829413240377e-05	-7.581144239600752e-05	0.003177934066907753	0.00018642404596289422	-6.871043360557099e-05	0.0027908170317517502	-0.026380104342149414	0.007490865817147917	0.0014284237186903879	0.009630427355292683	-0.003153663146241935	-0.0011380232780809458
7.380000000000001	-0.00017551584409363774	1.2764885813532924e-05	0.0032052856532576775	0.0002316694406289665	-8.151678280702392e-05	0.0027684993489052	-0.02566217906301412	0.009449204817506593	0.0027589824645739467	-0.0012398929250649643	0.0007290520349480553	-0.0022481440536504037
7.390000000000001	-0.00036520012579038195	9.560273269379468e-05	0.0032183652489354755	0.0001621088190137153	-5.489360477843557e-05	0.0027572105367084584	-0.010434831988652816	0.006318890547625437	-0.00038082010361901124	-0.01207376548665524	0.004368533916488034	0.00018043680745390438
7.4	-0.00036716575445785077	0.0001281968724503792	0.0031990490670869504	1.0617476746490305e-05	-1.3677943086471649e-06	0.002771336036080629	0.009821837722079422	-2.0493770072912442e-05	-0.00305802048059935	-0.016908975786180665	0.005885640249895172	0.002384854286307111
7.41	-0.00019196009311211562	9.768888380306561e-05	0.0031740520177009185	-0.0001449499373852857	5.2196390843801394e-05	0.0027917342306822105	0.023574382994223445	-0.005671461379705442	-0.0006592109638275734	-0.012674190122538955	0.004257173855447405	0.0005990039342083274
7.42	7.515299610247069e-05	2.1838389374606397e-05	0.0031939060884092207	-0.00022735160098949947	7.779100186309909e-05	0.002775939950548682	0.02789320258450407	-0.009012518727342822	0.0034172197929372198	-0.003193426907927388	0.0007181455507230608	-0.0027072441585987207
7.430000000000001	0.00031351490596358376	-6.63719483706446e-05	0.0032200350225787366	-0.00019958293103690755	6.555012039963255e-05	0.0027557401990558283	0.01737039208952155	-0.0077655312293906245	0.0011762436432351685	0.008557254100535164	-0.003088006496760135	-0.0008973203711526177
7.44	0.0003907742386261892	-0.00011950628933270836	0.0032133604485622266	-7.06038174517685e-05	2.1196481773198214e-05	0.0027609156148908206	-0.0025069188907831394	-0.002404047299754034	-0.0023707199959923293	0.016143057244114356	-0.005410885135375161	0.001827757054862328
7.45	0.00027272238090470283	-0.000112098529093815	0.003182928878000875	9.526606182640419e-05	-3.358498701910204e-05	0.00278468765087588	-0.01968967545472881	0.0036844739260080083	-0.002744124567318325	0.01538735813629755	-0.005000901588206602	0.002184678783142303
7.46	2.8082476278456256e-05	-5.293463635325317e-05	0.003181151612304622	0.00021096504182720608	-6.974528261370016e-05	0.0027857829198452075	-0.02787832433483454	0.007825083861120713	0.002423789336706766	0.007157203923642433	-0.002017489183559754	-0.0020066019397900208
7.470000000000001	-0.0002402036328564229	3.315268980090855e-05	0.0032092382888121392	0.00022608422447192422	-7.158541927531716e-05	0.0027637285935966194	-0.023001972648035125	0.008577818808356046	0.0021949021888785503	-0.004493727619224647	0.001679951936566253	-0.0016388352065618737
7.48	-0.0003880839778469547	0.00010224877887217635	0.0032153494138748785	0.00012787762370918945	-3.852942779499627e-05	0.0027600433818058528	-0.005193393985051816	0.004602747474126169	-0.0010998460736386171	-0.014252586040242819	0.004648753227739287	0.0009470790598399266
7.49	-0.00033792081015066337	0.00011798354235066444	0.0031921731966215714	-3.5146527733696876e-05	1.3619104704557913e-05	0.002779055544962229	0.014426417504659114	-0.0014907455597830024	-0.0029552910756982	-0.016877666844104952	0.0053163169106797544	0.0024165545624857715
7.5	-0.00012900561270195177	7.751010630099333e-05	0.0031771272337616486	-0.00017812797357377806	5.754621545288473e-05	0.0027916822262411913	0.02585096269871544	-0.006239528659220455	0.0010472381536349089	-0.010602152221185067	0.003058142247925078	-0.0008768254112834455
7.510000000000001	0.00014707365993536678	4.386572435559486e-07	0.0032044921932061475	-0.00023464646790596203	7.161272051048357e-05	0.002769030509855498	0.026826272618593012	-0.008552757589500875	0.0030811923755078635	9.418486368954602e-07	-0.0003303933448055722	-0.0025109710160443437
7.5200000000000005	0.0003551459311037621	-7.753078382885283e-05	0.0032218643714787814	-0.00017529993956948275	5.120806080179083e-05	0.0027544448177052885	0.01273623713342596	-0.006294084315721197	9.061103768794854e-06	0.011340195651876266	-0.0035914853707977386	-0.0001515893934862187
7.53	0.0003800573802968612	-0.00011429279233782966	0.0032046888247385386	-2.688467772852991e-05	5.797273954359632e-06	0.002766540919395284	-0.007769541860555344	-0.0008081750318125716	-0.003095398566068884	0.01706546886698591	-0.005127549792512468	0.002331175929879197
7.54	0.00021971343744325698	-9.425575451563564e-05	0.003174912642935312	0.00013505859509439983	-4.210118888873947e-05	0.002789783299046746	-0.02266422611807374	0.004492980975729091	-0.0015905563962647685	0.013679964635999667	-0.003951723427168734	0.0012860461434133297
7.550000000000001	-4.475829496369616e-05	-3.0955804143322715e-05	0.0031874971982197528	0.00022834826121665276	-6.698257826450374e-05	0.002779593117827286	-0.02846822846815369	0.00780280874436758	0.0031639228538773716	0.004396015791433862	-0.0009422627958798869	-0.002518249309910124
7.5600000000000005	-0.00029753946283698487	4.8636650067671764e-05	0.003214857539624222	0.00021249128655124176	-5.933043421404287e-05	0.002759111062354843	-0.01948756740135154	0.007341381680268567	0.0015957425234306864	-0.007558232749157803	0.0024128967473691656	-0.0010614358474577183
7.57	-0.0003978517302195783	0.00010206257832174767	0.0032135541694278545	8.978867339074088e-05	-2.2801207183231817e-05	0.00276229634281772	0.00025531127511747685	0.002899840275524128	-0.0017978296974545448	-0.015923036337239953	0.004587216139092721	0.0016279684952631521
7.58	-0.00029761789301671496	0.00010278477883343895	0.003186898042454165	-7.880698022616007e-05	2.4974791540693818e-05	0.00278532226458146	0.01852400237579956	-0.002630759935981006	-0.002703830490214408	-0.016191545779070525	0.004514080289446656	0.002325741342448819
7.590000000000001	-5.9106980205308976e-05	5.5450720653091956e-05	0.0031824972956375898	-0.00020504722322548365	5.871687923477397e-05	0.002789427954994394	0.02783123381805636	-0.006554565080513492	0.002202766097873806	-0.008369721662870176	0.0020077342289337536	-0.0018947460185662266
7.6000000000000005	0.00021702833720769335	-1.9500116449800787e-05	0.0032105118414535866	-0.0002332815456309132	6.318326012698853e-05	0.0027649413942059226	0.02458304440269865	-0.007743647079974741	0.002304292711590994	0.003219098174330448	-0.001196619991869699	-0.0020878828292753898
7.61	0.0003852468549827272	-8.466418613915186e-05	0.0032172590445546222	-0.00014478825921642943	3.6826238651438214e-05	0.0027565267464762224	0.007455779773532357	-0.004694340903298171	-0.0010828536031668953	0.013648284203651337	-0.003872377239823003	0.0005340661392735152
7.62	0.00035571401358054937	-0.00010573628869067195	0.0031929653123026064	1.7022964761436183e-05	-7.804042553403631e-06	0.002773625082489337	-0.01279855324142215	0.0006004337315949713	-0.003255653256050174	0.017281051919165603	-0.004664357067319523	0.002519361817577934
7.630000000000001	0.0001574851198995135	-7.587347590281192e-05	0.0031721202450936564	0.0001684546790279124	-4.771428524015028e-05	0.002790988458193121	-0.025284317751489267	0.005046926969751982	0.0003598129428618349	0.011663000668388376	-0.002918453532564422	-0.00017546051274748767
7.640000000000001	-0.00011962761289421018	-1.0600841676668132e-05	0.003198255226190441	0.00023681184529880705	-6.266526509182695e-05	0.002771724363071026	-0.0277884500662367	0.007504638366977076	0.0034653594053998035	0.0012985428617663909	-1.055632551607749e-05	-0.0024958617056666313
7.65	-0.00034420393008473754	6.079305507314715e-05	0.0032217062430200147	0.00018918983029228518	-4.757657320797545e-05	0.002756143482209224	-0.014889234345249063	0.006086614873147472	0.0007152945084251103	-0.010417910021475473	0.002919165841840826	-0.000314156641945525
7.66	-0.00039104140157758495	0.00010007878812997975	0.003210602472623241	4.629554765528308e-05	-9.067079521127767e-06	0.002766563920913605	0.005773232551241706	0.0014532038662253193	-0.002706435747420048	-0.016965082082758324	0.004437953710381505	0.002207743389814908
7.67	-0.00024505106477354355	8.914613987319772e-05	0.003180837887270974	-0.00012040585619650018	3.370215337683223e-05	0.0027905048925108856	0.021815841044370454	-0.0034042166713377504	-0.0021010081021544808	-0.014687945124772785	0.0037107380465766803	0.0016556992010506627
7.680000000000001	1.5151937668458501e-05	3.7522699644707076e-05	0.0031872254525191217	-0.0002251206322590738	5.845856297710609e-05	0.002783296446743248	0.02865629522652628	-0.006633469742623841	0.0027876084494844067	-0.005700604506510316	0.0011443982389015075	-0.0025513391793072996
7.69	0.00027805491937164757	-3.3261150127785677e-05	0.0032131774009309245	-0.00022211527364046998	5.492055211434193e-05	0.0027599872567965005	0.021210659954448104	-0.006849977028940015	0.0016105131795781924	0.006400936772387806	-0.0018455883377593392	-0.0014728034887524098
7.7	0.0003993302919143927	-8.651353757065942e-05	0.0032127044360668413	-0.00010759343302386241	2.4442106387596965e-05	0.0027587837376206415	0.0019670751585703183	-0.003331444373773328	-0.0017044875347839096	0.015485879864133708	-0.003986843895173023	0.0012286770809658701
7.71	0.00031832679593717664	-9.493445821210405e-05	0.003186144834107189	6.151745743921894e-05	-1.8310923283049304e-05	0.0027799104557895554	-0.01707503876502688	0.0016163596081622596	-0.0028683261163076185	0.016762090536744923	-0.004161379967168797	0.0024364187102962256
7.720000000000001	8.925301563787811e-05	-5.882072130893168e-05	0.0031779696279789684	0.00019651117665333133	-5.0689988910093545e-05	0.0027883217271367435	-0.02735052556171164	0.005345662332150538	0.001971084610724485	0.009395130758485287	-0.0020455616021177116	-0.0014253186275743211
7.73	-0.0001906807586987744	5.4433649920778325e-06	0.0032081406659296378	0.00023665786564344406	-5.744522880120713e-05	0.0027659152233831122	-0.025850924526004054	0.006923768300069505	0.002850415107916849	-0.0019403850010857244	0.0007687691867687316	-0.002029619307715019
7.74	-0.0003775791476821596	6.696251529188543e-05	0.003221218329287153	0.00015892356669111992	-3.635389840740758e-05	0.0027572444194059126	-0.009732566690611675	0.004790744168167313	-0.0004924240804895769	-0.012875068531751863	0.003257188804228288	0.0004563279152348761
7.75	-0.00036999428959413026	9.301996354617793e-05	0.003200286257701103	8.364151662430591e-07	2.5762167433002637e-06	0.002773693018681869	0.010890005464469747	0.00023613399377273156	-0.0032289646617320537	-0.01737662905155323	0.004191709675089017	0.0025091625787008283
7.760000000000001	-0.00018505294579475835	7.33552358891708e-05	0.0031750038439595273	-0.000156454725468648	3.9804281910176566e-05	0.0027933669229592384	0.024425714163994656	-0.003907772679087413	-0.0005040812675867898	-0.01255501940328125	0.002851379541755551	0.0003002409482893444
7.7700000000000005	8.950077303190508e-05	2.0087907327627896e-05	0.0031951691733677714	-0.00023526703602948045	5.565596847688541e-05	0.002775352536075551	0.02834026867217483	-0.006410954107549744	0.003267715892145049	-0.002552309961209429	0.000276761896141606	-0.002771031670064563
7.78	0.00032803334686147415	-4.3636369257227057e-05	0.0032188879222100706	-0.00019954675604990851	4.4927297061633e-05	0.0027555486715979665	0.01693843592800679	-0.00572151161047587	0.0009404373314454218	0.009420708718452745	-0.0023619191471430175	-0.0007770184803398266
7.79	0.00039748293217369235	-8.422401579242665e-05	0.0032103726830671835	-6.310449468603723e-05	1.2153481943966372e-05	0.0027618529392251377	-0.0035461717746316937	-0.0020305706833637087	-0.002445750024561676	0.016715911941806987	-0.003930744199618471	0.0019062805646125078
7.800000000000001	0.000269010413486814	-8.197435440844476e-05	0.0031811109799244164	0.00010579221531924092	-2.714207975252973e-05	0.002785693098422341	-0.020657831887338735	0.002362180183514979	-0.0023724272828205793	0.015359230799814782	-0.003537527995512763	0.0020542198171592443
7.8100000000000005	1.573081646539588e-05	-4.169175909289297e-05	0.003184040448435724	0.00021904221552808073	-5.1738371511043654e-05	0.002784330104300572	-0.0285684787437445	0.005487200868432301	0.002747440121360791	0.006686943836128972	-0.0012521276543052398	-0.0021588914331351163
7.82	-0.000255197694946128	1.9600018091992546e-05	0.0032126320094302287	0.00022736851604011064	-5.114381332301114e-05	0.0027623169948585813	-0.0228176949380126	0.006206026257741297	0.002035453020628089	-0.005296627899808794	0.0014014128606562812	-0.0015200088616104238
7.83	-0.0003974877712289722	7.068586887033239e-05	0.0032162130534622397	0.00012158346607616858	-2.552381531236231e-05	0.00276028580659349	-0.0043487098978524565	0.003532812753465552	-0.0013913373485702175	-0.014909341963354722	0.003497156140773104	0.0011371070087806624
7.840000000000001	-0.00033773929936105346	8.493072210672053e-05	0.0031904968464984687	-4.590548241240082e-05	1.2780524074848174e-05	0.0027807865936055887	0.015398459095815852	-0.0007284661873684749	-0.003085716045110435	-0.017070112743332783	0.0038137014074768583	0.0024906799279877548
7.8500000000000005	-0.00012011205578372469	5.9066674685618775e-05	0.0031766675752039376	-0.00018767399870990193	4.341159241673331e-05	0.002791799009014694	0.026697945556579	-0.004267070033103929	0.001329002592369681	-0.010236836729042584	0.0020451794930532213	-0.0011957313360791066
7.86	0.00016188812891092025	4.986750134218763e-06	0.0032049445764625976	-0.00023832420293653662	5.183288698684936e-05	0.0027674590915199968	0.027014643909359582	-0.006130845422698564	0.0030285959484972268	0.0007808177578985979	-0.0004478116314797043	-0.0025283886067698547
7.87	0.00036768502224319744	-5.185193483742207e-05	0.00322107803225423	-0.00017099151697932638	3.541080378811434e-05	0.0027537898732125188	0.0121208615800506	-0.004712810751659579	-0.0001266479772757392	0.012110053366986125	-0.002711675077992492	1.6163227544445337e-05
7.880000000000001	0.0003839066823536302	-8.111748256315082e-05	0.0032031175692964174	-1.661258717003113e-05	1.8812477414273653e-06	0.0027672195902104374	-0.008812200283258626	-0.0009037936541731547	-0.00307831828008647	0.017443429003193445	-0.0037447089061424126	0.0024086537015103105
7.890000000000001	0.00021346218293090706	-6.964412784898853e-05	0.0031755916471639285	0.00014589486726109625	-3.2776820789601216e-05	0.002789799860669081	-0.023611645341767417	0.0029557171735733715	-0.0011587075068563428	0.013452288293145117	-0.0028050793727850097	0.0010462696954940676
7.9	-5.873373245857156e-05	-2.6574688681035613e-05	0.003190939023230615	0.00023451739958693183	-4.991251605654386e-05	0.002778128184693257	-0.02891914090393497	0.005439020749306575	0.00319283116181113	0.0037143712885016047	-0.0005516433508402397	-0.002447410674781517
7.91	-0.0003112186244060173	3.0679687516179616e-05	0.0032166160268763217	0.00021027552969561208	-4.304869836602424e-05	0.0027593474547980045	-0.01902530198189435	0.0054582480136159215	0.0013071227803125249	-0.00843485920659635	0.001873359304812291	-0.0008502121882018926
7.920000000000001	-0.00040393394660942744	7.192104812752614e-05	0.0032120954941080677	7.974539232310437e-05	-1.5142328084125026e-05	0.002764267576165135	0.0012210782375124225	0.00242371430969709	-0.0021320290348972866	-0.01652580856856718	0.0034621014678162605	0.001753299028553247
7.930000000000001	-0.0002941399994509862	7.614366155382029e-05	0.0031836270841167497	-9.16348177892304e-05	2.04316299501801e-05	0.0027872850876234164	0.019377372097122564	-0.0015167375083208587	-0.0026259811259953434	-0.016077253481554643	0.0033035739695829996	0.0021185197233174274
7.94	-4.7929840664567304e-05	4.511193964174042e-05	0.0031825201033086974	-0.0002138513108302428	4.449628770527938e-05	0.0027872904811478815	0.02849536968029215	-0.0045047464413987826	0.002556235937366463	-0.007710853048843719	0.0013559640179283167	-0.002261216773042495
7.95	0.0002309626236656882	-8.040625507137488e-06	0.003212401927651259	-0.00023365773087293066	4.623240109092201e-05	0.002761719351317975	0.02446913132339109	-0.0056240400634303125	0.002355729424523525	0.004193327401815066	-0.001025768570296841	-0.00200240623004343
7.96	0.0003944085722356341	-5.669626281644227e-05	0.0032190207696248885	-0.00013620484945067962	2.5618500421725885e-05	0.002755134760800295	0.0066987946822139	-0.0036616022688332624	-0.0011240928514881874	0.01443191129782721	-0.0029489578291887726	0.0007716213829573174
7.970000000000001	0.0003560410189437004	-7.520275581849913e-05	0.003194259394935565	3.0889831930113085e-05	-7.91802915403527e-06	0.0027742459114883456	-0.013731702029368041	4.469716885867744e-05	-0.0032547730133495084	0.01748912517258655	-0.003455182890586957	0.002649139025699106
7.98	0.00014905567117000262	-5.760010138194064e-05	0.0031744441328945498	0.00018074457295084805	-3.6998721833793896e-05	0.002791196458897118	-0.026130502796911866	0.003294185710361091	0.0005313021688326433	0.011198220694538834	-0.002057171649400443	-0.00034629953441945346
7.99	-0.00013441404656315358	-1.2951194957632237e-05	0.003199653452078297	0.00024238109777997984	-4.678575120918862e-05	0.0027721582537345016	-0.028030889665898895	0.005307581040067786	0.0031400440547107345	0.0004347240284644714	0.00013896136977633314	-0.0023364915447370996
8.0	-0.0003570797714490695	3.888147609430913e-05	0.0032190709946876717	0.00018545480818693363	-3.401578698125894e-05	0.002758372236102439	-0.014301383313677899	0.004542053327198132	0.00033210837429512274	-0.011322765357170004	0.002317877549996021	-0.00015499564473121856
8.01	-0.0003954694453331556	6.991736288792559e-05	0.003205638678307638	3.517525080808185e-05	-4.3850794114622645e-06	0.002769407163246017	0.006752281396741867	0.0013983883689327257	-0.002730348019493187	-0.017452701288227682	0.003357831832325195	0.002164894007255275
8.02	-0.00024000305713766477	6.56304204237023e-05	0.003178056630980895	-0.0001325879277695955	2.7164628989913505e-05	0.002791168974709646	0.02266819331961532	-0.002121737563238075	-0.0015848128383562285	-0.014380910525366993	0.0026279262524114767	0.0012199287978124631
8.030000000000001	2.7923964089092085e-05	3.110465487316279e-05	0.0031896795310914377	-0.0002319271120843456	4.3709309309917934e-05	0.002779907708341328	0.029208956291931806	-0.00459118045679658	0.0031183953454813	-0.004934575762199048	0.0006180099117527438	-0.0027305965786076614
8.040000000000001	0.00029181488601923904	-1.892733482700575e-05	0.00321645457635938	-0.00021988228800582358	3.882958168146147e-05	0.002756822390131453	0.020856082394126278	-0.004928154863153212	0.0014935275524883755	0.007364801364445825	-0.0015610229316572596	-0.001328366679019756
8.05	0.00040602294509345453	-5.8618893503661304e-05	0.0032138244721540495	-9.714297835759248e-05	1.5089760650191396e-05	0.0027578933760001732	0.0010417796649134956	-0.002637294935839271	-0.0019906483920652277	0.016128621232809174	-0.002993823678354976	0.0015221983996973273
8.06	0.00031518523433492955	-6.781661569454121e-05	0.0031845512833325947	7.533131955547373e-05	-1.6260769921884463e-05	0.0027815263581074134	-0.017995743499722845	0.0008132691989811903	-0.0030204542984372702	0.016705802871521735	-0.002980133329915386	0.002569480636985663
8.07	7.818716104921292e-05	-4.496167393046296e-05	0.0031773624913712575	0.00020666889009042952	-3.8582948720605884e-05	0.00278878868460724	-0.028038863612109815	0.0035929383314012163	0.0021602306256751184	0.008821562027959268	-0.0013086307558481697	-0.0016175441919860872
8.08	-0.00020519255067859068	-1.1549358428352158e-07	0.0032082157302068875	0.00023921719349029097	-4.140103795599461e-05	0.0027660098406170077	-0.02579524043527494	0.004966530031666975	0.002806513986972069	-0.002861607415047647	0.0007887396041162003	-0.0019919712445424726
8.09	-0.00038790892408017605	4.499148556587108e-05	0.0032203944113365452	0.00015282019435655571	-2.4044582658132563e-05	0.0027580608788865986	-0.009023072680456445	0.0036191964816402918	-0.000588790670041639	-0.013655212175041991	0.0025412542433225173	0.0005369767085166082
8.1	-0.00037156814273086713	6.631078969510439e-05	0.0031991718577637144	-1.094503509738352e-05	5.189276360575323e-06	0.0027747336186854047	0.011837623641706822	0.0004652520501333391	-0.0031751452959086655	-0.017674732271207846	0.0030537753002743626	0.0024711701942446524
8.110000000000001	-0.00017766919087838562	5.5031096304127286e-05	0.003175803820430862	-0.00016774250972173432	3.123982209677829e-05	0.00279262483079023	0.025285487086805086	-0.002563035822092572	-0.00018999527624690042	-0.01223173086666437	0.001865722482487535	1.623624614065671e-06
8.120000000000001	0.00010377893615172596	1.8280391953987487e-05	0.0031970499679048387	-0.000241075738122259	4.034714384385348e-05	0.002773554031991211	0.028686097914106316	-0.004545535198605448	0.0031256676825404317	-0.001774312585130692	-7.473335535436864e-05	-0.002662799880672946
8.13	0.00034117476630986086	-2.7722568280160058e-05	0.0032181199438388397	-0.00019657102739216483	3.0224890709996866e-05	0.0027555411608142038	0.01639627480401412	-0.004195146181412596	0.0006168920803784688	0.010278150565273913	-0.0018767685473449678	-0.000571504811114648
8.14	0.0004022233514035699	-5.874865872672063e-05	0.003207075422369407	-5.269931158667258e-05	5.661757696119049e-06	0.0027635709386041327	-0.004581687683182299	-0.0017211803291892608	-0.0025873423604218064	0.017243849763001504	-0.00282202066768752	0.002034446534216895
8.15	0.0002635865455215971	-5.969373035699886e-05	0.003178598974537568	0.00011785566209668895	-2.1793504231460875e-05	0.0027872355427712246	-0.021542274748753032	0.0014392164259337847	-0.001995762339902309	0.015164867767176597	-0.0023720648089486556	0.001787590569974792
8.16	2.4355162853409887e-06	-3.291279411401532e-05	0.003186332580856259	0.00022660001710953057	-3.735842215340287e-05	0.0027826054236883943	-0.0291476298172839	0.003784781363338502	0.003096572995498947	0.006045435635618757	-0.0006843144264875172	-0.0023330712688527824
8.17	-0.000269684934711338	1.0155419092617206e-05	0.003215799122156641	0.00022662063730908235	-3.465732534978899e-05	0.00276070763628928	-0.022469516690959916	0.0044396135953699055	0.0019204671474764546	-0.006224895209034081	0.0012016990188366875	-0.001360816903357417
8.18	-0.00040455408989972455	4.766664436763547e-05	0.003217147754672574	0.00011264650204609128	-1.5287208200608112e-05	0.0027601318798123656	-0.003276805626929896	0.0027139851585873185	-0.0016708254182754901	-0.015580336621609573	0.0025069123402731036	0.0012448456118312214
8.190000000000001	-0.00033363497246392186	6.0230653055351676e-05	0.0031889848746808392	-5.8669650860249224e-05	1.144464078543026e-05	0.002781269568114268	0.016432880878451364	-0.000263934736692723	-0.0032063312168783367	-0.017078231651963028	0.0025996293034276936	0.0024532718125191764
8.200000000000001	-0.00010711131222898882	4.4457931554959505e-05	0.003176353600497101	-0.00019731927001308475	3.1797841500871034e-05	0.0027902614318115367	0.027454959229360545	-0.002778759479337938	0.0015190461346565101	-0.009719839604815327	0.001271137154173336	-0.0014526382826077432
8.21	0.0001784351235074124	7.530190090560782e-06	0.0032048736879307697	-0.000240752357059353	3.573362464844414e-05	0.00276574715899322	0.026880227636350916	-0.004297104035191421	0.0029022514029183447	0.0016303758701309004	-0.000507755244866279	-0.002362459323638473
8.22	0.00037819947180292866	-3.346163585476006e-05	0.00321959360893381	-0.00016478491386861003	2.2511761316489738e-05	0.0027539574441827037	0.011156838899239511	-0.0035099549140776318	-0.00024135708126097228	0.012868934571408289	-0.0020280571474533423	0.00018371243544957879
8.23	0.0003832843875664777	-5.636699221258801e-05	0.0032014101888965855	-4.9261916197066835e-06	-1.6936974658398529e-06	0.0027688389296267168	-0.009935485306162624	-0.0009015996329710339	-0.0029858001889406967	0.017721166160370904	-0.0026034779678365573	0.0025098685064841118
8.24	0.00020321678072588302	-5.1094137633248686e-05	0.0031769307253288145	0.0001570123741601386	-2.4845637232082175e-05	0.002790732549862141	-0.02439079364591618	0.001815076053468275	-0.0006553841088242922	0.0130881456054974	-0.0017765583211785017	0.0007554491596890086
8.25	-7.474256433266233e-05	-2.249876520135228e-05	0.0031954649895347006	0.00024046487673691464	-3.446592116303931e-05	0.002777392500638854	-0.029110195144641367	0.003743068347615497	0.0031514212252040778	0.0029750177478772644	-0.00011268478257266774	-0.0024029700053870436
8.26	-0.00032427427637667235	1.763833179724453e-05	0.0032185089415920965	0.00020767190868559797	-2.7221249449243077e-05	0.0027600893743613105	-0.018257053553705972	0.0038997815143408817	0.0008859736323103725	-0.009300464488411672	0.001508533452133812	-0.0006482035713086528
8.27	-0.00040683052827597175	4.8199933749737386e-05	0.003209878630309178	7.024538642203924e-05	-6.689345129751257e-06	0.002766543437932385	0.0023774375162086514	0.0019245735796035565	-0.002455375036251783	-0.017019491536808432	0.002386051902390039	0.0018395612662452693
8.280000000000001	-0.0002864684248965338	5.371344750952911e-05	0.0031803709604563924	-0.0001030327257832253	1.685806223768513e-05	0.002789109465218594	0.020209536217100605	-0.0008110566356329839	-0.002465485154528071	-0.015898136400655332	0.0021085678791890224	0.0018742557632967288
8.290000000000001	-3.390344573177626e-05	3.433581739713459e-05	0.0031831351377285444	-0.00022096223163143656	3.1028398748934176e-05	0.002785131199966697	0.028915657090102947	-0.0029567808745660368	0.0028839381548326887	-0.007124645983012815	0.0006381819365948368	-0.0025807763870442486
8.3	0.0002449837956719564	-1.5623353746847756e-06	0.0032139283620566408	-0.00023309282810505714	2.959033602906545e-05	0.002758233749403114	0.024012423246150615	-0.003904239032158519	0.00227809160309514	0.005026320671943667	-0.0009245395738839842	-0.0019996402459614504
8.31	0.00040021493459169237	-3.655013296013188e-05	0.0032193967319799318	-0.0001281767204649921	1.4107458485866577e-05	0.0027525321536482164	0.005590095069625402	-0.002738488727151361	-0.0012601366533267554	0.015042839370165413	-0.0020393451007925277	0.000933249574142241
8.32	0.0003506042961210094	-5.190833340411351e-05	0.0031935037260071865	4.2363185496083494e-05	-8.18945743980709e-06	0.002773373182751575	-0.014731604483213057	-0.00022902919795469935	-0.0032864907281373082	0.01754055462295355	-0.0022122561382670602	0.00277686979277339
8.33	0.0001356822318918064	-4.2115420739461973e-05	0.0031754075679097118	0.00018963364061304265	-2.5707466179575523e-05	0.0027901910128314803	-0.026749844206498764	0.0020718260877649534	0.0008123149694463002	0.010767143515499945	-0.0011094763246722007	-0.0004211699626096438
8.34	-0.00015058483965823657	-1.2700659284339558e-05	0.0032008401625721766	0.0002449214854333073	-2.9712472554484905e-05	0.0027723856664847845	-0.027854615541609014	0.003567075972803841	0.0029420381966704626	-0.0003602640851722298	0.0003227687108732339	-0.0020490255829800318
8.35	-0.00036711382941443066	2.2872552531339638e-05	0.0032176455186293763	0.00018025072808816402	-1.9539694033524658e-05	0.002761478874611479	-0.01335120762283334	0.0032132351356955347	5.843031081139002e-05	-0.01202389094569006	0.0016036655034938512	8.768604775013703e-05
8.360000000000001	-0.0003945877297047158	4.579362965788249e-05	0.0032022973944547716	2.4798095768236856e-05	-2.6589638429737456e-07	0.002773755112576601	0.007856630102391644	0.0011937626472494835	-0.002798626937843313	-0.017739963452336128	0.0020664162482399093	0.0021347681144763047
8.370000000000001	-0.00023031887353843806	4.5740143459689446e-05	0.0031769398510821034	-0.0001423558974080122	1.860029697118885e-05	0.0027931896770173516	0.023328843964299014	-0.0011475094474435578	-0.0010432165117486628	-0.01398863884816733	0.0014954729067647857	0.000712562706159742
8.38	4.234195178429191e-05	2.4541309854095755e-05	0.0031935379968478974	-0.0002361950893353715	2.722063245700231e-05	0.0027771477074236975	0.02935684024531355	-0.0029648181678917323	0.003335449864670384	-0.004205856590953666	0.00021299543853506086	-0.0029747078459115644
8.39	0.0003030915411529874	-8.657292088424062e-06	0.0032203710474195215	-0.00021581887713868552	2.2755629370954622e-05	0.0027532737218650062	0.02012290925867771	-0.003345914281414999	0.0013368078678420308	0.008205860292548892	-0.0010795139439054072	-0.001276903992127693
8.4	0.0004076641928369855	-3.6514768229920274e-05	0.003215118173816819	-8.624539283774515e-05	7.32952146795539e-06	0.0027554651244823467	-6.86292965895051e-05	-0.001993590722596248	-0.0022840023706874844	0.016588699100669162	-0.0018914642915400567	0.0016545221770875944
8.41	0.0003064725279232378	-4.548501524765311e-05	0.0031840111043109813	8.80772178512784e-05	-1.191892908111096e-05	0.0027797987145626313	-0.018865288598932425	0.00024057233170095112	-0.0030442743639111217	0.016585396494498278	-0.0017556173859101388	0.0025645604349712058
8.42	6.23948516237451e-05	-3.312701837578875e-05	0.0031780458161463723	0.00021564024365400042	-2.4195308878965392e-05	0.002786735341716637	-0.02859087573020358	0.0021560940864066595	0.002195477774845046	0.00822039438011776	-0.0006444949942784818	-0.0015343916919190446
8.43	-0.00022196209325870726	-5.031131905406017e-06	0.0032072373752265754	0.00024023102472500949	-2.4459844101877196e-05	0.002766612114926219	-0.025387039503360645	0.003210633380877988	0.0025287159125542647	-0.0037857960495712626	0.0005995356743447837	-0.0016379596670047063
8.440000000000001	-0.0003960672074738657	2.515943071085104e-05	0.003217147183256425	0.0001450374611040385	-1.2933990606389922e-05	0.0027619956792094224	-0.007824329064859453	0.0025295236119846297	-0.0007165631957484765	-0.014381697437876947	0.0015855552946716796	0.0007862330906449316
8.450000000000001	-0.00036717341055052277	4.149321043582756e-05	0.0031959479252165707	-2.344165605007547e-05	4.766373902042253e-06	0.0027796821300882383	0.013005898482566374	0.0006130079229214256	-0.0029719012210034533	-0.017809982938335932	0.0018209659780021297	0.0023761396857203223
8.46	-0.0001641769284305434	3.74407357451473e-05	0.0031777514603761083	-0.0001778287387648271	1.9977216758222928e-05	0.0027937160356848434	0.025982191432640075	-0.0013197376070291224	0.0005605056891122081	-0.011712049776617484	0.0010590458815636832	-0.0006425290750579343
8.47	0.0001208989015826526	1.6343678907308985e-05	0.0032027600856733155	-0.0002442722002151469	2.4830964796212215e-05	0.002770299415700518	0.028562259869964343	-0.0027453827297860716	0.0030814990822127164	-0.000904319106511964	-0.00010067124720080342	-0.002825496214805847
8.48	0.0003520532057626715	-1.2814552592469473e-05	0.0032210648536801093	-0.00019095424448123245	1.7789875343158555e-05	0.0027523056381643846	0.015384523128382326	-0.0028044673988922835	0.00016866109015915975	0.011111028577427446	-0.001237728426481086	-0.0004457345612363387
8.49	0.00040133788345105394	-3.4640901078393386e-05	0.0032053594358234685	-4.1012207022842174e-05	1.9686816607864738e-06	0.0027622538531688026	-0.005795824800413966	-0.0013796044468906998	-0.00300584399110386	0.01760117968640789	-0.0017907166030850952	0.0022469908369772557
8.5	0.00025271126052345505	-3.882621832144317e-05	0.003174672739468454	0.00012976766839413716	-1.487206263216645e-05	0.0027867837859749606	-0.02228192739713534	0.0005449726985778936	-0.0019610400018240494	0.014814857198984002	-0.0014049949111113453	0.0017278811238309758
8.51	-1.420462753598167e-05	-2.4993409176416412e-05	0.003184660925533422	0.0002333588231925881	-2.345724164670473e-05	0.002780817244057003	-0.02945671499945342	0.002142539962318975	0.003268339687617906	0.005360717173503117	-0.00030200256183942617	-0.002304825826740326
8.52	-0.00028434568045856414	6.348835973756487e-07	0.0032150352833007615	0.00022520455277413108	-2.0775764820796664e-05	0.0027608782077466238	-0.021803400573011292	0.002779662922298993	0.0019686952428773436	-0.007069520676948135	0.0008278902334359144	-0.0011097220469512778
8.530000000000001	-0.0004093663876482762	2.56867511126887e-05	0.003216979060274398	0.00010397526686794561	-8.28294012749555e-06	0.0027629448599482565	-0.0020969162054471596	0.001989130198190849	-0.0016255406369662623	-0.01610556001580637	0.0015642104746858014	0.001478645631499306
8.540000000000001	-0.0003270333385275617	3.720991900255113e-05	0.0031899843428881214	-7.004772453592009e-05	8.213595236821005e-06	0.002785083273921189	0.01744180390163696	0.00026072427077654815	-0.00299786469058076	-0.01706048447771602	0.0015908343644467522	0.002367750117713763
8.55	-9.243860874822977e-05	3.12561105536516e-05	0.0031805803577061834	-0.00020586875729006597	2.012220297052999e-05	0.0027910365969294115	0.028086858362047527	-0.0014159881994826595	0.0018333918538725928	-0.009269045838327447	0.0006928982164124583	-0.0017738754995076332
8.56	0.00019499808448712573	1.0461022245536861e-05	0.003208485963468081	-0.00024273886029926221	2.163526880962043e-05	0.0027653550987727913	0.026521646544614082	-0.00258622670397024	0.0025394276728898818	0.0024648836543291744	-0.00039553463055230114	-0.0023510383694508767
8.57	0.0003870445684236948	-1.5487235595856757e-05	0.003218668210544902	-0.00015863445972919801	1.2925413086868149e-05	0.0027541198766866245	0.010039283046630114	-0.0023773465156046785	-0.0007270429186214312	0.013576636892034004	-0.0012994124797913729	0.00029960343794318216
8.58	0.00037984156601889366	-3.285496991837188e-05	0.0031964063082347617	5.988758659987719e-06	-1.9520880908222192e-06	0.002769796470348732	-0.011125244406374517	-0.0009617780855245169	-0.00323369398005051	0.01788879771944985	-0.0015766366124684327	0.0025097518659625844
8.59	0.00019041359350752268	-3.390754277497123e-05	0.003172496720574993	0.00016607343722415177	-1.596312137815384e-05	0.0027900153596223092	-0.02509582463482126	0.0007194044300370948	-0.00022778275210712904	0.01259439249371856	-0.001053523294354442	0.0003926166491464647
8.6	-9.208215922743124e-05	-1.9409989321349073e-05	0.0031951441384679346	0.00024324969834722842	-2.1258671520913713e-05	0.002774348166131661	-0.029166061569961214	0.0020831447477019744	0.0034387848932435627	0.0022026328365495483	1.3984883332819281e-05	-0.002413968304711117
8.610000000000001	-0.0003369575461877934	4.725042717996895e-06	0.0032200524400224683	0.00020242451801810496	-1.6036549964395104e-05	0.002758277024553883	-0.01734570638925447	0.002512956580356059	0.0009768725594712334	-0.010051948455826605	0.0009641290920507364	-0.00044940947507421294
8.620000000000001	-0.00040754571011411957	2.593251627789615e-05	0.0032115500074914	5.941085982476312e-05	-3.363802960620609e-06	0.0027667471342496157	0.003702130575443531	0.001568428908553205	-0.0024622325043582886	-0.0172951040170248	0.0014678656784062284	0.002000238962306015
8.63	-0.00027548782224831863	3.360442004767805e-05	0.0031824164986337046	-0.00011347203784740892	1.0807771714463425e-05	0.002789897831284604	0.021157790850183014	-3.6298510592450065e-05	-0.002315622767333816	-0.015537231432775567	0.0012217414555636985	0.0017850225232546577
8.64	-1.5471006977015928e-05	2.5447659950484847e-05	0.0031859810506839224	-0.0002263476096293884	1.8868487201468852e-05	0.0027846089716274075	0.02935416473372972	-0.0015396775644529951	0.0027582520533336987	-0.006481083376316118	0.00034424478102074374	-0.0025422645465437784
8.65	0.00026234769085780024	4.993481172498924e-06	0.0032133028516983147	-0.00023048814880193027	1.7459620606538863e-05	0.0027595901646355935	0.0233750009518295	-0.002357196468630539	0.0018265647991094012	0.005852744500366868	-0.0006371140440824479	-0.0017562240482621734
8.66	0.00040739520082082564	-1.7753536850754895e-05	0.0032145958250784394	-0.00011868791944475759	7.521072243507351e-06	0.0027557578680425616	0.00431019228793417	-0.001961570471746625	-0.001591401687402601	0.01549153106850085	-0.0012700773571196063	0.0010161140694685228
8.67	0.0003448678504287857	-3.0982255960369134e-05	0.003187597690055059	5.367094534817066e-05	-5.85368845479061e-06	0.002776595958842148	-0.015878726971544712	-0.0006139802520359543	-0.003116435868492387	0.017407735698537395	-0.001326809398954499	0.002621203328628277
8.68	0.00012087053315736641	-2.962544934017167e-05	0.003174885566351002	0.00019680506712621435	-1.6105537503429067e-05	0.002789259497242214	-0.027470001895974448	0.0008459686550761699	0.0015382626817824715	0.010171642483249761	-0.0006183485107861028	-0.0009742986855768467
8.690000000000001	-0.0001684069168443597	-1.4525542927376304e-05	0.003204912713517405	0.00024447192794136335	-1.7669257993484926e-05	0.0027685354723726114	-0.027605173938199962	0.0020806260152767216	0.0031343485855807943	-0.0012836987244143046	0.0002789027240443258	-0.002090902136353228
8.700000000000001	-0.00037764081860766234	8.132066665150658e-06	0.0032217460173232775	0.00017078176688178963	-1.109341010275802e-05	0.0027585923838533764	-0.012219952822615975	0.002233993732538287	-8.462716864832924e-05	-0.012760321308303886	0.0009857024144257754	0.0002997783044123905
8.71	-0.00039230362104224626	2.606472441134682e-05	0.0032039226051086495	1.0656290754801794e-05	2.5286328148309237e-07	0.002773361699242102	0.009184056152708715	0.0011762728541764233	-0.0030627404704453047	-0.017866913205438744	0.001196872832918149	0.0023879669356557842
8.72	-0.00021670620661197072	3.0626162254428495e-05	0.003176818727279884	-0.00015392696960576957	1.0915318820082527e-05	0.0027936958975160525	0.024216464174222133	-0.00025717503635053955	-0.0010454486687401158	-0.013403385170099263	0.0007994919043587723	0.0005855019101871282
8.73	6.253866296211618e-05	2.150463172054965e-05	0.0031931627564091994	-0.0002406322380195495	1.5181550498095848e-05	0.0027771973094190897	0.02959145544255059	-0.0015423881741611074	0.003176942332319257	-0.00332676724466754	5.636348340558137e-05	-0.0028437522470550988
8.74	0.00031977893445774057	1.8591656445720941e-06	0.0032175756235644586	-0.0002111680963557889	1.2087988268296518e-05	0.002755529863781068	0.019225428223074548	-0.002210772622709421	0.0010734031545590163	0.009038474776636976	-0.0006368453995086872	-0.001051977539955354
8.75	0.00041180978016632847	-1.8528499882816855e-05	0.003210834699115849	-7.512440495976987e-05	3.144067445692408e-06	0.0027594926726811795	-0.0015330076197608124	-0.001699569197524647	-0.0023014133044671125	0.016987435870865573	-0.0010752084331456275	0.0017649660929150018
8.76	0.0002974842611824497	-2.914237442026563e-05	0.003181661922960068	9.952761368446991e-05	-7.4533263119094395e-06	0.0027836194883860865	-0.019903284789051852	-0.0003561635495947059	-0.002586827532834395	0.016217080338321126	-0.0009488333147208194	0.002302200120575618
8.77	4.545571684178357e-05	-2.617066779285387e-05	0.003181594190780738	0.00022146938336574233	-1.3679386981633631e-05	0.00278598022854141	-0.029109024797317137	0.0009350397999413022	0.002657798102966106	0.007537869483132829	-0.0002491660437001187	-0.0019218089536752144
8.780000000000001	-0.00023853378564202025	-1.1226287508525584e-05	0.003211848328089276	0.00023736646052600554	-1.2587771131130591e-05	0.002764233327859891	-0.024784719776541196	0.0019488403221597779	0.00233905028334307	-0.004717695450400773	0.0004332107226580172	-0.0016489479172258085
8.790000000000001	-0.0004027967502306294	9.173704846522718e-06	0.0032184482366194767	0.0001345436905387026	-5.445810280041502e-06	0.002760109479874291	-0.006556491960352247	0.0019056711737182757	-0.0011343795997879466	-0.01491753778401065	0.0009253173796724164	0.0008908044307347516
8.8	-0.0003610884935487215	2.3771999616382775e-05	0.00319402297033537	-3.634787627083447e-05	4.3851439148570495e-06	0.0027791778279531556	0.01420509554216843	0.0009039771831524813	-0.0031661497120519877	-0.01771979454957979	0.0009873023344633565	0.0024486017037086507
8.81	-0.00014891553643733277	2.6408325925122596e-05	0.0031763507603577087	-0.0001864252250202543	1.2123845218489039e-05	0.0027919693462261576	0.026666065234825603	-0.00037067024557140026	0.0008280500990441356	-0.011085912903322465	0.0004718483380687547	-0.000916359939285229
8.82	0.00013941240294138756	1.6839739663656847e-05	0.003202749881359903	-0.00024488937590479924	1.3514353470417857e-05	0.0027684651504297415	0.028367774906927403	-0.0014868810437461627	0.00306899550141048	5.5044052811670344e-05	-0.000171583992871188	-0.0026423543660816255
8.83	0.00036315391984348915	-9.403417198810289e-07	0.003220403796513721	-0.00018248207818182183	8.968810534056703e-06	0.002752969843775881	0.014201363386905218	-0.0019299901690191894	8.984994685364558e-05	0.011859699855795457	-0.0006991501197180027	-0.00019606713143589086
8.84	0.00039901803340331956	-1.8182882566026944e-05	0.003204340841977942	-2.7787183800682153e-05	3.6672143074772187e-07	0.0027648059483088615	-0.007124414652873078	-0.001346574648072778	-0.0029519774439402497	0.017742282683446915	-0.0009495176352773754	0.0023489179886552374
8.85	0.00023940620984234657	-2.5935161049707002e-05	0.003175842240296099	0.000140965270175748	-8.444425227728006e-06	0.0027888077422208073	-0.02312880370452633	-0.0001914106718797521	-0.0014981232363025997	0.01427264079230038	-0.0007207343423118026	0.001441260243474154
8.860000000000001	-3.300299804956208e-05	-2.1884737897459755e-05	0.0031892012144985184	0.0002375067467209463	-1.2399942317466772e-05	0.002780175611521107	-0.029582281207838918	0.0009875485770299973	0.003256413600477728	0.004494490133281868	-8.810748270396504e-05	-0.0023882252352454784
8.870000000000001	-0.0002990729014304663	-7.501491916695171e-06	0.0032166876622292872	0.0002200535314289067	-1.004351647981139e-05	0.0027605745160909087	-0.02088961013155565	0.0017463614879544343	0.0015463866205814394	-0.007921426117542858	0.0005231407106663094	-0.0010394090661055475
8.88	-0.0004115759713701583	1.0310193054000332e-05	0.0032141395729386184	9.219910670769473e-05	-2.8914754735614906e-06	0.0027634632900110866	-0.0006794036724626424	0.0016416886731143762	-0.001967522600440714	-0.01653362162164318	0.0008370805709405879	0.0015644189859120737
8.89	-0.0003166896795241886	2.2497873604175333e-05	0.003185769421181188	-8.24594619099195e-05	5.445019987302581e-06	0.0027858358105406805	0.018414259630034693	0.0007099375243075072	-0.0028698971479100494	-0.01671976775795417	0.0007564107125218786	0.002289182579869541
8.9	-7.548253957440342e-05	2.3861468067326113e-05	0.0031803394255340146	-0.0002120511663799961	1.042936911274437e-05	0.002789022166765314	0.028492027227016735	-0.00043331477936372825	0.0022339828607594843	-0.008486852875504694	0.000209842816045563	-0.0020544817946828615
8.91	0.00021091719656125656	1.4239921697485909e-05	0.0032102827958994926	-0.00023961849944600244	9.90459521125037e-06	0.0027626523176780596	0.02593129521668888	-0.0014401792275774343	0.0025923717156595126	0.0034468993259230345	-0.0002911690166506508	-0.002260550418988707
8.92	0.00039282969316524344	-2.0591501404381067e-06	0.0032200478738936065	-0.00014754628513664918	4.882664318542736e-06	0.002753135864474303	0.008744432411136637	-0.001683379122555582	-0.0008282167870109783	0.014136791095438582	-0.0006799242885078895	0.0005056258013825176
8.93	0.00037264985889331743	-1.670310256037377e-05	0.003197152420651358	1.9554703913002522e-05	-2.533155034966634e-06	0.0027709507139008077	-0.012296564538007208	-0.0011139460622685829	-0.0032352683466290773	0.017791382525771914	-0.0007633433960889845	0.0026763754307760996
8.940000000000001	0.0001744620371536178	-2.3034617469623006e-05	0.0031749940730930936	0.0001753682813813654	-8.927393928506908e-06	0.002790980358696437	-0.025699408296925703	-0.0001345146404726302	8.679541980745198e-05	0.011958964275478424	-0.0004165489622907332	0.00021337096662605917
8.950000000000001	-0.0001106394409510825	-1.9234680154806502e-05	0.003197990584232934	0.0002446461669584149	-1.0329084079599676e-05	0.0027748464157941167	-0.02892939822584538	0.0008988427230040688	0.0031614998563409954	0.0012496710712292405	8.991812621926223e-05	-0.0023024944269644694
8.96	-0.0003481541995774572	-6.011938844084622e-06	0.0032189618026917575	0.0001945543555341438	-7.164902864444692e-06	0.0027602260922672305	-0.016216723729226813	0.0016041923882805162	0.0005386006936935477	-0.01084791818572418	0.0005391819385852043	-0.00029199468927779593
8.97	-0.0004061998723722845	9.889193488254632e-06	0.0032071462939675622	4.640001070863711e-05	-7.36545553160072e-07	0.0027696847009100064	0.004960098667920547	0.0014173481080857059	-0.002643660632712078	-0.01751053467322889	0.0007125407648892587	0.002023737339787247
8.98	-0.0002639722296053227	2.0055455373030923e-05	0.0031788917081072695	-0.00012474921356843885	5.8407568708284944e-06	0.002791192040993001	0.02188160974444682	0.0005636958508474991	-0.0018850925113689755	-0.014960351428057178	0.0005394562624423043	0.0013869741255852065
8.99	5.484391307122357e-07	2.0987582949994782e-05	0.00318819681635342	-0.0002302275259279839	8.864259763814085e-06	0.0027813965904713023	0.02947608167011133	-0.00040889934188150754	0.0031598570843034694	-0.005607684833383359	7.323324311953699e-05	-0.0027963279455052417
9.0	0.0002744059730441203	1.1913322255880629e-05	0.0032171008565942726	-0.00022508430556797103	7.489007732947609e-06	0.0027559270089744666	0.02252488624481815	-0.0013350533972156786	0.0018046126093285628	0.0067686123018370755	-0.0003349460277386495	-0.0016405548845986537
9.01	0.00040833926053648455	-3.212256887631365e-06	0.003217112183589111	-0.0001061531779175261	2.550735901013686e-06	0.002754141065195645	0.0030849611409457913	-0.001547601113767522	-0.0017970131398643617	0.015976691867110798	-0.0005966066899175368	0.001299268038667988
9.02	0.0003347909609546708	-1.6347372788966215e-05	0.0031882827572629257	6.786759542430064e-05	-3.533027981162161e-06	0.002777081284734111	-0.01676176084396377	-0.0009782362726053595	-0.0032147812703628036	0.017193160070710957	-0.0005652583645147098	0.0027287620131151583
9.030000000000001	0.0001042731598761883	-2.17959308663899e-05	0.003176294467577801	0.0002053454745336669	-7.322219312842379e-06	0.002788874351356929	-0.02790649535419526	-8.36630033902007e-05	0.0016313145475734387	0.009399567642235021	-0.00015939763830847043	-0.0011072649776760896
9.040000000000001	-0.0001848048292769246	-1.762089597703478e-05	0.003204508654131916	0.0002440473129981442	-6.9983593577874506e-06	0.002768525221586693	-0.02708475534073867	0.0009090607250308202	0.0027545439365695094	-0.00224443165504971	0.00020989608234649532	-0.0019147845970257647
9.05	-0.0003846642813682684	-5.008566881572011e-06	0.003217701878326072	0.00016199706577006012	-3.7484103225292808e-06	0.0027602797388269367	-0.010974042042916932	0.0014865092588754406	-0.0003587940169131035	-0.013401186861295543	0.00041418779191980534	0.00042662486128085356
9.06	-0.0003868102202341873	9.7455879758586e-06	0.0031989887965501443	-1.4610492934578908e-06	9.722612783365894e-07	0.002775746595586629	0.010295537852543342	0.0013429427168818462	-0.0029195122096184927	-0.017887940172221242	0.0004950954794963448	0.0023559930596237315
9.07	-0.0002031121676092591	1.959758086585145e-05	0.0031764709582706766	-0.00016254866891207156	5.057257416749989e-06	0.0027938235319516875	0.024761135221054366	0.0005986235978512926	-0.00031051240042877866	-0.012768794622316672	0.00027226673701013674	0.00015156102498841366
9.08	7.840749229418942e-05	2.1038094800146785e-05	0.0031980233443903677	-0.00024156830031037875	5.802339982021634e-06	0.0027744296392436915	0.029368917846531662	-0.0003737042383794163	0.0033527976405991556	-0.002419756482643077	-9.944246505003151e-05	-0.0029075497811241182
9.09	0.0003284261675819977	1.2035433666797147e-05	0.0032217220004264026	-0.00020291274303164766	3.5712080938953797e-06	0.002753417434388481	0.018139913753105686	-0.0013287474017952964	0.0008042226924916134	0.009866304671702218	-0.00031042133272745536	-0.0008855188871003746
9.1	0.00040863288828072526	-2.913134957230842e-06	0.0032113828655495657	-6.123104670513327e-05	-4.5089864241238436e-08	0.0027593463026101637	-0.0026761689434185412	-0.0015091557758742779	-0.002670302880090663	0.017248327277387676	-0.00037427818020618816	0.0019413862700227548
9.110000000000001	0.00028483645533217996	-1.5589892254976286e-05	0.0031796611846927683	0.00011231361587989769	-3.3495598414560425e-06	0.0027841823268374847	-0.020571701370120214	-0.0009393657859999016	-0.0026321879089942616	0.015705543636141316	-0.0002681726369198273	0.0022205435383152775
9.120000000000001	2.849002686416242e-05	-2.108265891259394e-05	0.0031810071020180837	0.00022667864729559095	-4.183468175248806e-06	0.0027844711469395622	-0.02925773407440971	-0.0001352538129885174	0.0027588135630410423	0.006623878707836556	8.6296312178365e-05	-0.0020261824051826544
9.13	-0.000252024608103166	-1.7327747753117013e-05	0.003211065246757512	0.00023290277063314587	-2.4670246290765334e-06	0.0027636055573144595	-0.023963683024477694	0.0008789362667672263	0.002273557180544438	-0.00564667788194011	0.00020155157130057814	-0.0014516625073994324
9.14	-0.0004052575834763691	-4.781839094810659e-06	0.003217160279094483	0.00012306519754338974	-1.4228555669553858e-07	0.0027615459394278057	-0.005292879789551852	0.0014983890059167438	-0.0011335945754286643	-0.015383938918957795	0.00023645128311271574	0.00107705992530534
9.15	-0.00035202238371970636	9.960293702625896e-06	0.0031936062766354206	-4.918180274569928e-05	2.0137051748628053e-06	0.0027811452782394316	0.015118072661271067	0.0012810163251319394	-0.002978328842288766	-0.01749546117356313	0.00016719708566197426	0.0023779094055203526
9.16	-0.00013327433926407125	1.9506369084255782e-05	0.0031793056050891826	-0.0001942795042506142	2.8459657933789035e-06	0.0027915490153850794	0.027131858637187332	0.0006058603065178229	0.001115745878186626	-0.010431701551338659	-4.003357670958848e-05	-0.0011922280058867304
9.17	0.00015548753072111985	2.0627137255618435e-05	0.00320499165558865	-0.00024506263539931063	1.4590959156757875e-06	0.0027673389602704533	0.027893213276591524	-0.00040694538501827223	0.002748431914448277	0.0009218979178362045	-0.00018240156587292437	-0.002520479298443115
9.18	0.00037087343997534974	1.1871208605169094e-05	0.003218823687435083	-0.00017482069583016804	-3.778599413851761e-07	0.0027537412688921504	0.013061505849567976	-0.001288267538584094	-0.0002864011941474884	0.012490925880472379	-0.00017064493470867492	2.4140660844835745e-05
9.190000000000001	0.00039481085325628306	-2.764564544216375e-06	0.003200198182120296	-1.5988986029733042e-05	-1.7714026715469482e-06	0.0027672991725967836	-0.008273117080100433	-0.0014912848513462553	-0.003077801816508362	0.017895648597192476	-0.00011373229668290013	0.002449986243157427
9.200000000000001	0.00022668870702334794	-1.5425959425766666e-05	0.0031734893572899978	0.0001502112163170267	-2.541517942731914e-06	0.0027905848152118993	-0.023681167553862778	-0.0009845274140940906	-0.0009723260679544025	0.01366746716561884	-1.0758924993040365e-05	0.001124850363870739
9.21	-4.929149056573253e-05	-2.1541037096342134e-05	0.0031917940178074456	0.000239830954327386	-1.3615120679698223e-06	0.0027789563498003406	-0.029597366828975482	-0.00015083424843140387	0.003516697336218764	0.0036748630740623916	0.00021149300634174306	-0.0025021175547875678
9.22	-0.0003101983679277889	-1.7644859190955798e-05	0.003220466837330451	0.000213884292726081	6.381161629298155e-07	0.002759285459150928	-0.01993389112780214	0.0009012988712141216	0.0015345409856044278	-0.008748058624591576	0.00015299785667437433	-0.0009388579292840577
9.23	-0.00041124827572750893	-4.903138456559246e-06	0.003216679539722669	7.988730546461572e-05	1.6975819654279797e-06	0.0027633805992827035	0.0005554738271635631	0.001512627491043777	-0.002198986012420129	-0.016893536024822423	6.602356583280359e-05	0.001658780732411238
9.24	-0.00030544318957441473	9.55291250646685e-06	0.0031861726860042696	-9.523973528474208e-05	1.8345051992068794e-06	0.0027856746641224442	0.01926643772896131	0.0012611875969845974	-0.0029567915777392374	-0.016423766555110526	-5.133640546618654e-05	0.0021205378335944847
9.25	-5.7572013012501894e-05	1.9210119771357597e-05	0.0031809590566464403	-0.00021994654281804873	6.078658613005025e-07	0.0027863138101773773	0.02893565890875379	0.0006106938471368704	0.0021545857290722926	-0.007851914370299947	-0.0001946804845453742	-0.0021675394013993153
9.26	0.00022816619660227008	2.0335820762736998e-05	0.0032078147626818636	-0.00023981521318144008	-1.2932598655166733e-06	0.002761687376833793	0.025337244586927887	-0.0004253538275873561	0.0021750203519275684	0.004312811602815992	-0.00014834151587700203	-0.0018980713539802202
9.27	0.00040037505495304994	1.1350685037025382e-05	0.003214429528910598	-0.00013987220140999828	-2.047184176961897e-06	0.002755868863905769	0.007454649758952387	-0.0013032337886063525	-0.0010065047726642248	0.014775101942904453	-2.5992680927738143e-05	0.0008266441506239663
9.280000000000001	0.00036756650755956523	-3.517579956400449e-06	0.0031918662814257016	3.103952336036613e-05	-1.4713179773288695e-06	0.0027753836011438597	-0.013430326880318044	-0.0015254965915144345	-0.002969340165011592	0.01791076023957957	0.00011519270097609941	0.0026636138770932296
9.290000000000001	0.0001606316993788628	-1.6292603884101713e-05	0.0031756748792393283	0.00018450463639314727	1.0182291630740025e-07	0.002792312767827574	-0.026352589015863678	-0.0009925531059541111	0.0009168275160990106	0.01149602980995135	0.00022774794376888993	-0.00038135682908208387
9.3	-0.00012729864901034267	-2.2218901725766982e-05	0.0032037243211978776	0.00024769516089361227	2.6973235306400685e-06	0.0027720960604701635	-0.028664062469731348	-9.748123273784661e-05	0.003298708797698778	0.00044376442257884255	0.00023023506101724293	-0.0024877554997287388
9.31	-0.00035742623345836466	-1.748492515997534e-05	0.003223586034828319	0.00018950416958986587	3.878092169909863e-06	0.0027567561490226752	-0.015085648383707677	0.0010030219154063007	0.0002539988578991796	-0.011576616799850068	7.306339638675645e-06	-0.00029226572854514196
9.32	-0.000402564799606966	-4.252991726984524e-06	0.003207892434005075	3.569457550319946e-05	2.768294728938813e-06	0.0027668992097682047	0.006272245695514658	0.001524774551612103	-0.003079427031317984	-0.0178749600458658	-0.0002117946304005997	0.00213848754534623
9.33	-0.00024946264575197597	1.0430549482736188e-05	0.0031766727392006054	-0.0001363144835290874	2.837184251285818e-07	0.002789203500443174	0.022678566009408613	0.0012916488732239435	-0.001959594513352504	-0.014779919693174796	-0.0002862534363347552	0.001352031049331341
9.34	2.072833730233321e-05	2.054593201022955e-05	0.0031856888432284414	-0.00023811385452454298	-3.1191593860067657e-06	0.002779753330206623	0.029684995456277823	0.0006398414922875706	0.002995159662306336	-0.005068206197115771	-0.0003259025467460768	-0.002563652375214622
9.35	0.0002909687616955778	2.160024340566052e-05	0.003212482417902154	-0.00022609076781257017	-4.848510366991276e-06	0.002758008845421055	0.02161302105191757	-0.00045307442608345	0.0016292786463138656	0.007505344710579908	-1.8810018905129308e-05	-0.0012333121888793693
9.360000000000001	0.000412439266455038	1.1930098811145343e-05	0.003212063721343108	-0.00010057274816272794	-3.541960870997516e-06	0.00275971724080959	0.0016371307673723598	-0.0013856742823657796	-0.0016998385116295904	0.01650397109369788	0.0002491464895029074	0.001527553618696583
9.370000000000001	0.00032534659298882185	-3.262054715754949e-06	0.00318604336423655	7.599042153625785e-05	-3.659839651766819e-07	0.0027826669258164296	-0.017889311248820414	-0.0015239233158090488	-0.0027334474045845277	0.0171451608937748	0.00036320673712004445	0.0024896730763242277
9.38	8.71139066982863e-05	-1.681086389281192e-05	0.0031804153222885962	0.0002108580983852654	3.0687065019759604e-06	0.0027896706175473364	-0.028402323048684834	-0.0011342889638075659	0.0021859691624287886	0.009010417610287202	0.00034050473515065275	-0.0016283031468806088
9.39	-0.0002017289783808816	-2.351491773644192e-05	0.00321049981611605	0.00024390336459090276	5.667015971721828e-06	0.0027663510136327054	-0.02649906024960946	-0.00010552835075120919	0.002640506948115011	-0.0029532022577229192	0.00012416859385602376	-0.002057334970946473
9.4	-0.0003913474019447103	-1.8646673543559018e-05	0.0032204775666514283	0.00015546475041287313	5.345427041809965e-06	0.002757584694597242	-0.009624660328670579	0.0010329808595880747	-0.000836354226983137	-0.013940440435260357	-0.0001721617297944315	0.00044208032448326683
9.41	-0.00037950579616934387	-4.7867439841504065e-06	0.0031969481794823953	-1.186004363735066e-05	2.3650775519954264e-06	0.002773638884038474	0.011592673845797912	0.0015890963250796842	-0.003384570113253721	-0.018065303688703994	-0.0003786129850191869	0.002439804994063227
9.42	-0.00018612126594230624	1.0944743650303136e-05	0.003172606307599395	-0.0001719047361240617	-1.4742184462194396e-06	0.00279119594220692	0.02540446917280441	0.0014554600404727833	-0.0001330578400234721	-0.01246279926134545	-0.00037236499630888004	-4.92910893424307e-05
9.43	9.866065019180915e-05	2.248049960825482e-05	0.0031955402309831473	-0.0002467131125733472	-5.00130094970226e-06	0.0027719945660838676	0.029189596941781068	0.0007083829490820885	0.0033427090455584066	-0.0018211452976544128	-0.0002610626403210695	-0.0026172259688774665
9.440000000000001	0.00034162969175665535	2.3207754177034232e-05	0.0032190355973450414	-0.00020138793700193993	-5.6763789505637475e-06	0.002754899012332516	0.01697529423003699	-0.0005759606172033191	0.0008353692165355735	0.010529915116337631	0.00010949670738790372	-0.00047533415710643105
9.450000000000001	0.00040784847210397526	1.2319997644502178e-05	0.0032095680709218186	-5.431839631138276e-05	-3.0042029211760633e-06	0.0027637421445470905	-0.004144046937739756	-0.001489320306519565	-0.00252086458038359	0.017630811718317	0.00037996237892216195	0.0021086396813048205
9.46	0.00027199616640790155	-4.234438185838241e-06	0.0031808484589680693	0.00012036752455346288	1.2468743436937558e-06	0.0027880117388719415	-0.021449187018736052	-0.0016700094190119175	-0.0021443206166682723	0.015568594216127846	0.0004203439582133657	0.0018821855278264878
9.47	9.695934253869951e-06	-1.9013684496681116e-05	0.00318664741603741	0.0002321719528029052	4.961795923348018e-06	0.0027840843652593926	-0.029462179359859106	-0.001195041250353877	0.0028807274474413284	0.0062265561658809854	0.00031195541620594497	-0.002308489426714301
9.48	-0.0002670936580734749	-2.5641359409111533e-05	0.0032142708823103662	0.0002327099460098351	6.394619216910084e-06	0.002761976825612929	-0.023065294588981922	-4.6258975679545535e-05	0.0017724859727392826	-0.0063045866219289285	-4.43418573186989e-05	-0.0014595098416285714
9.49	-0.0004080785228821274	-1.9593783291475634e-05	0.0032148106818998224	0.00011636835759156964	4.3699412018297435e-06	0.002760382537323189	-0.003874063716338934	0.0011842281062770961	-0.0016588732633499076	-0.015909309064162328	-0.00035994896898778326	0.001138796647015062
9.5	-0.0003417921105970799	-4.348280012507826e-06	0.0031875591564941514	-5.89609718765618e-05	-2.8520376006990388e-08	0.002780863493330258	0.016148310779894655	0.0017405194395840346	-0.0030667636400374767	-0.017526997509947947	-0.0004663498576442876	0.002431580613008634
9.51	-0.00011607088176615097	1.2776858705217082e-05	0.0031765000932724584	-0.0002015896586068334	-4.401140229584518e-06	0.002789700604925189	0.027572731017980395	0.0015792379999893238	0.0017411697139848642	-0.010012626033607456	-0.00040143054202406467	-0.001456255727294468
9.52	0.00017280615100217944	2.477455634382141e-05	0.00320704896590768	-0.00024652311997557685	-7.177744285741901e-06	0.0027652454609463292	0.027403015046235154	0.0006805409620506014	0.0030314417794514914	0.001660184753961813	-0.00010755627074746716	-0.0023629328749507333
9.530000000000001	0.00037866937124269396	2.4692757404630587e-05	0.0032221370214187803	-0.0001689919634470098	-6.101526753567324e-06	0.0027536834560688652	0.011784455186510367	-0.0007093315826950052	-0.0003022241924018653	0.013150941610113404	0.00031124131767370345	0.00022560345721498883
9.540000000000001	0.0003890443270691787	1.2215962943786337e-05	0.0032024952235253064	-5.879716094445699e-06	-1.743001050066763e-06	0.002769156437893079	-0.009563736339366462	-0.0016496980636382134	-0.0031985896430188347	0.018067902036271122	0.0005070840975853145	0.002555146889166958
9.55	0.00021075099844671967	-5.541505580785644e-06	0.003175291938285952	0.000159370902823019	3.3158066841333037e-06	0.0027915851549630954	-0.02436066461556971	-0.001789400272424273	-0.000900263355715192	0.013351156534340743	0.0004554275066993728	0.0007811461758323399
9.56	-6.885535128457192e-05	-2.1462295796568106e-05	0.0031928354165527834	0.0002445021203805045	6.873937580422726e-06	0.0027777884107668756	-0.029475260298554098	-0.0012230447106560348	0.0031951503882032993	0.003056318410924062	0.000210440922079221	-0.0025069054705642705
9.57	-0.00032323307389821277	-2.710404795204742e-05	0.0032169700136907013	0.00021161142272873567	6.8053272217668226e-06	0.0027591880487595625	-0.018818142376743233	0.0001608941609712409	0.0010227869625707058	-0.009406113084532102	-0.00020496365888733617	-0.0008147805151364774
9.58	-0.0004109299534747925	-1.8616371572717998e-05	0.003209843165264048	7.2359422315977e-05	3.2271514435355983e-06	0.002764140361170884	0.0019367765725686013	0.0014475112063593542	-0.002279401455907623	-0.01725198345710592	-0.0005054210281976732	0.001721625248857308
9.59	-0.0002931245100001952	-9.673211958652644e-07	0.0031814982138027646	-0.00010358543774801276	-2.186501263213123e-06	0.0027864059970774987	0.02016315537259789	0.001943455150172226	-0.002404675787787999	-0.01618920752605683	-0.0005203365609904141	0.0019502809320711286
9.6	-3.9186544863989106e-05	1.7581619193934478e-05	0.0031836448261615942	-0.0002240457271061534	-6.7159945035427506e-06	0.0027842778661822504	0.029193262615504503	0.001651396703995941	0.00276355403113137	-0.0073193073414798806	-0.00038713868142704644	-0.002323009293566667
9.610000000000001	0.00024365194836172054	2.8868022629352092e-05	0.0032134568345461873	-0.00023710772980377768	-8.592864666730321e-06	0.0027602365423185808	0.024503459178685703	0.0004690938413515676	0.0022110708411983487	0.005036156327109089	6.175463902238902e-05	-0.0017250080388189425
9.620000000000001	0.0004036096042192865	2.587414793931548e-05	0.0032181953701464878	-0.00013129600171115415	-5.704390599256421e-06	0.002756745300878721	0.006027032374612527	-0.0010427567778690072	-0.00134360051147066	0.015180751647553635	0.0004942537042883409	0.0010699595275312603
9.63	0.0003573038801843095	1.0193877481440679e-05	0.003191999248695294	4.145278617057883e-05	3.036614315617522e-07	0.0027776569017013164	-0.014560728397907861	-0.0019345981754883	-0.003262414437566939	0.01780273891143208	0.0006582358722357926	0.0026660873224624427
9.64	0.0001427373188383083	-9.860989119393454e-06	0.003174964217304107	0.00019096892252337187	6.465070667613722e-06	0.002792361976030575	-0.026839617936752404	-0.00197735668681506	0.0010142106203000017	0.01092032396917051	0.0005551656230609867	-0.0007510987845513541
9.65	-0.0001457002234665599	-2.6281431004931968e-05	0.0032026487968675487	0.0002472466739025522	1.0271502109966237e-05	0.00277044365900589	-0.02819328246855506	-0.0011411031339852314	0.003156762169074047	-0.0003239302462018812	0.00012771890069782684	-0.0024732774067395867
9.66	-0.00036633961968357835	-3.0096346977160695e-05	0.0032209349841185943	0.00018174599264952513	8.570329993129906e-06	0.0027561276878234967	-0.01376371054439285	0.0004341333140850645	0.00012909590309278618	-0.012206909163057368	-0.00045840344083658487	-0.00012886672401824547
9.67	-0.0003974790952323645	-1.8583617537531058e-05	0.0032050860488568172	2.4046113698475114e-05	2.048447834780956e-06	0.002767807802917387	0.00758503311095759	0.0017641204528850486	-0.0029574250880244476	-0.017979526322897597	-0.000775552764574529	0.002236561297006126
9.68	-0.00023423834719139082	1.7923109044295123e-06	0.0031769066396908118	-0.00014535587732399723	-5.510647548315876e-06	0.0027899625903668895	0.023354573163565217	0.0021683105774601055	-0.0014125202971842932	-0.014201331876453529	-0.0006718254102060654	0.0011486441687627827
9.690000000000001	3.979333304106061e-05	2.2220172948198325e-05	0.0031901803769796666	-0.00024051377468754697	-1.0762262790745498e-05	0.00277896604892335	0.029610009366586653	0.0017328632937822755	0.0030820188083795063	-0.0042488003339919405	-0.0003211416481531024	-0.0025057121152866667
9.700000000000001	0.0003041209665125878	3.2849107275425613e-05	0.0032155115156449828	-0.00021992214116175026	-1.0865648703253725e-05	0.0027591612666128863	0.02053229061037985	0.00027950068021251025	0.0013269345591756304	0.008268495757221325	0.0003061056126822523	-0.0009779457135218267
9.71	0.0004122612218361144	2.698195788006906e-05	0.003211256187335489	-8.916736179316525e-05	-5.2336674370103015e-06	0.0027628372750032586	0.00020249868150635635	-0.001387874846533422	-0.0020636862574164045	0.016752311065794563	0.0007928359671999046	0.0016432861063114448
9.72	0.0003128175849059297	7.757383219963633e-06	0.0031831887142727586	8.655426038506927e-05	3.1903246638855547e-06	0.0027855887216394625	-0.01879984697718519	-0.002255972700808302	-0.002672112011607645	0.016693923289461295	0.0008175545511775225	0.00224344195513824
9.73	6.847464562015735e-05	-1.46689669380284e-05	0.003181100741215786	0.00021477689363547017	1.0200274657243277e-05	0.002787750402081758	-0.02868391405564228	-0.002135900551814719	0.0025813518618374403	0.008258757124529972	0.000549130099483259	-0.002116771658780103
9.74	-0.00021790089355972178	-3.1242454663401515e-05	0.0032127352063104106	0.000239496934095975	1.2838429841623442e-05	0.002762370429647751	-0.025700030347250213	-0.000999112723058161	0.002630437663883828	-0.0037722371480133645	-0.00010910202658200006	-0.0020675685994988027
9.75	-0.00039609448146226854	-3.250301270379181e-05	0.0032219734110129905	0.0001443080821038415	8.295652684426277e-06	0.002754997093755252	-0.008251592799957876	0.0007384775134192274	-0.0009492012191232395	-0.014430566845404242	-0.000733231594824248	0.0006945058658825305
9.76	-0.0003708294922472462	-1.7876252272413754e-05	0.003197314910015286	-2.475225894156894e-05	-5.660954329274993e-07	0.002773405439150684	0.012749280551958246	0.002036136955538505	-0.0034209147189688967	-0.01789857339724089	-0.000967632594479012	0.002637838205322378
9.770000000000001	-0.00016882456837237543	4.705654123717552e-06	0.003174165768904887	-0.00017989240445799682	-9.252223526562322e-06	0.002791558803602623	0.026045197458420367	0.0023550770063277588	9.072347204796641e-05	-0.011735105064774244	-0.0007273371645431654	-0.0001478936928601823
9.780000000000001	0.00011833146418240218	2.6134344929544685e-05	0.0031968164194397628	-0.00024637098644885835	-1.4206975691310156e-05	0.0027727768811335292	0.028907045819562903	0.0017089245566321656	0.003105245442488506	-0.0008929876262237713	-0.0001669627464037709	-0.0024234404299462524
9.790000000000001	0.0003533054292665089	3.5539138766974263e-05	0.003216962394844822	-0.00019295882955935433	-1.1889900357346757e-05	0.0027577413305936455	0.0157322068906788	8.499370032650816e-05	0.0005041823452556976	0.011127154078405012	0.0005776841541489584	-0.000287340641175771
9.8	0.0004055895201930916	2.733111712411745e-05	0.0032050310245745747	-4.2423796285418276e-05	-3.508459276551997e-06	0.0027680819048696357	-0.005585357790481874	-0.0016327294418865873	-0.002634431976244631	0.0176898546460769	0.0010294620447062405	0.0021481543772974786
9.81	0.0002578576564611954	6.501670256627271e-06	0.003177760528012157	0.00012944212526726508	6.798749263370551e-06	0.002790691741847794	-0.022313881531622764	-0.002381848546853382	-0.0016532953196894508	0.014940555945837207	0.000919701523708732	0.001440668560982375
9.82	-1.0142660673208145e-05	-1.7515556122298888e-05	0.0031892390562405747	0.00023403249379534726	1.380285736510688e-05	0.002781262657975433	-0.029644129380175018	-0.0022628344055693733	0.0032329587239993806	0.005430532724042879	0.000439916125741417	-0.002681481711217478
9.83	-0.0002828772992206632	-3.434029603239269e-05	0.0032179326776877997	0.0002263117371371361	1.408308509567864e-05	0.0027574709888922486	-0.02210815890156915	-0.0009419746377692744	0.0016900006444732726	-0.007060656539264268	-0.00039290112968695917	-0.0014640723889000715
9.84	-0.00041082683467610524	-3.4086717721584766e-05	0.0032165634577013638	0.00010462748935786592	6.862116230798e-06	0.0027572772949444758	-0.002348022915085652	0.0010006069807810482	-0.0019423223563330048	-0.016215297443585647	-0.0009951588465067773	0.0014136680139359781
9.85	-0.00033008793839671766	-1.666357778015144e-05	0.003186751253288022	-7.070198220177777e-05	-4.175305032684441e-06	0.002780239719616332	0.017381665659085374	0.0023161351937983697	-0.003206258044976387	-0.01718753606656461	-0.0010846293526035843	0.0025899834534208214
9.860000000000001	-9.54691992504709e-05	8.518406563782681e-06	0.0031761980384773974	-0.00020738975434655523	-1.3239492071727632e-05	0.0027892274319183965	0.02813189592494374	0.00259703952556733	0.0018455453971896573	-0.009313739608372871	-0.0006844799472888596	-0.001446457924952692
9.870000000000001	0.00019326484520754638	3.105510460095614e-05	0.0032056814055408927	-0.0002446357787850241	-1.6459515455989523e-05	0.0027670707422635965	0.026760141772546833	0.0016375877174934143	0.0028189847854706977	0.002470361673559456	0.00010874030283702192	-0.002007136554987804
9.88	0.0003877669525880447	3.8481554568633785e-05	0.0032187371705090532	-0.00016036861851843477	-1.1130003416332682e-05	0.002758666689067325	0.010271104924709703	-0.00024710088404018555	-0.00043048878124369243	0.013618906326139857	0.0009166588351641963	0.0004637542695836017
9.89	0.0003826524871971554	2.6559756707415587e-05	0.003199003108074118	4.834536286142172e-06	3.374444356732976e-07	0.002774926795767643	-0.010979158818565017	-0.001998164599036616	-0.003076973414032525	0.018005064589841507	0.0012761063178905233	0.002456215312118244
9.9	0.00019398257114169786	2.401022405117049e-06	0.0031757022623730446	0.00016638513475424226	1.1823301362029764e-05	0.0027935007724462033	-0.025057362217639764	-0.002688366417068538	-0.0002642221409691476	0.01276012436790118	0.0009110868580167257	0.0001246405825469489
9.91	-8.869031673067393e-05	-2.3917207223636384e-05	0.0031973406781035537	0.0002446907443841056	1.7834647231435258e-05	0.0027745956322491306	-0.029212982147251	-0.00232549101224942	0.0032572956287760454	0.002260972262872492	0.00019546640858289212	-0.0027755607235274826
9.92	-0.00033485283405687707	-3.931068733773886e-05	0.0032197348745899947	0.0002040021561263453	1.4931580899167157e-05	0.002754805511327938	-0.017555892462995888	-0.0005940549296205968	0.0007046864859883472	-0.010084666494430692	-0.0007520648123833468	-0.0007767345436205238
9.93	-0.00040774894118482586	-3.473828999770356e-05	0.0032091814613681106	6.033618409183157e-05	4.012588619593909e-06	0.0027616727775932218	0.003493060767797523	0.00143795553881566	-0.0026230905289844684	-0.017416363586025895	-0.0013549633344201327	0.002007097931708779
9.940000000000001	-0.00027767505065315605	-1.3166798991256556e-05	0.0031792102976762357	-0.00011406526694866925	-9.505135846190104e-06	0.0027861974800111864	0.021006703692957183	0.0026531848890097042	-0.0023149884873217607	-0.015714748004517373	-0.0012197609112384296	0.0020417753005209146
9.950000000000001	-1.888323800122216e-05	1.4911652014055348e-05	0.0031837978611321737	-0.00022814987167770072	-1.8738977051805716e-05	0.00278436107136922	0.029278811235523377	0.0027956121572073034	0.0029386278835457865	-0.006576787513708659	-0.0006012194128263603	-0.0021788286962574573
9.96	0.0002592237236575335	3.745695834813419e-05	0.00321372766753858	-0.00023315903820162446	-1.9595873710331444e-05	0.0027628979221326288	0.023471356724057757	0.001458414114442133	0.0021162270608104886	0.005825834687621921	0.0004755521172043501	-0.0014541855208325453
9.97	0.00040607618661648405	4.1413800338083314e-05	0.003217449385479597	-0.00012118154399574402	-1.0172410685373448e-05	0.0027611043955639895	0.004570889548162612	-0.0007008634186876302	-0.0014121609253327854	0.015568684077166228	0.0013148365931794634	0.00110955199518433
9.98	0.00034626629463146085	2.4792818712089045e-05	0.0031912456003369357	5.2311914083378984e-05	4.515091025522363e-06	0.0027813780031210283	-0.015607062247483034	-0.0024277947464626365	-0.003152374614545337	0.017521109467433977	0.0015003296079529253	0.0024316487672040132
9.99	0.00012482163784062394	-3.0272969240246487e-06	0.003177106493188678	0.00019640994106437268	1.6944892591734844e-05	0.0027913490790945172	-0.027231760314470284	-0.002977284438479364	0.001320038069111698	0.01026433508155142	0.000899741649954973	-0.0013151691253274864
10.0	-0.0001628234703601163	-3.084661303691686e-05	0.0032048256992971034	0.0002452835044325718	2.1362569568091977e-05	0.0027666247695040625	-0.027564389635595394	-0.002278161397088846	0.0029079042001130487	-0.0011298875966728997	-8.596753545961282e-05	-0.002501203273319662
10.01	-0.0003728812123422176	-4.391732472882001e-05	0.003220010439869508	0.0001730341846983516	1.4966535530115096e-05	0.002753493085942563	-0.012409146345854896	-0.0001799193036189522	-0.00020702568659047073	-0.012662986841195338	-0.0011112959936792916	9.475854682277074e-05
10.020000000000001	-0.00039026758400834117	-3.4472598796663015e-05	0.0032017792218992265	1.3159064228017316e-05	1.193076050992098e-06	0.0027677240374918335	0.008865836370497739	0.00196657395110288	-0.003036940556985752	-0.017931163029053315	-0.0014938950547214694	0.0024791155667549126
10.030000000000001	-0.00021794059129658943	-8.612496076101734e-06	0.003175389870567879	-0.00015287053372180375	-1.2914814158823254e-05	0.0027904023656663266	0.023912601889068227	0.0029933927206578503	-0.0009506454497384591	-0.013635210484516715	-0.0011816561884597143	0.0009504811766886007
10.040000000000001	5.862004609100368e-05	2.1907632407482937e-05	0.0031926500429605435	-0.00024153871628214895	-2.11320671320551e-05	0.0027779436610409327	0.029400276944003798	0.002883414324336748	0.0032614172852472615	-0.003497642690493538	-0.0003650934805904169	-0.0024671821034156893
10.05	0.00031524129347318863	4.296109913850088e-05	0.0032181837307857903	-0.00021349085014150493	-1.9287900376262073e-05	0.0027593856069390277	0.019324318999463522	0.0010992654282875305	0.0012052245717100948	0.008941873512729874	0.0007427662145781871	-0.000799884117331902
10.06	0.0004095690689072982	4.1982820221871534e-05	0.0032123756027336156	-7.818307165313154e-05	-7.329121612443191e-06	0.0027646343442583967	-0.0012210037233370073	-0.0012863839780869015	-0.002245696754463688	0.016965865114032867	0.001537700106922241	0.001742249926170406
10.07	0.0002986519980913567	2.016338314846106e-05	0.0031829874697739662	9.693347048795845e-05	8.876410287856133e-06	0.0027873267736230264	-0.019570761278244826	-0.0028557524787157233	-0.002668348437922045	0.016342154048874406	0.0015063882342543984	0.0020660961358099847
10.08	4.979525947667306e-05	-1.1140003106279767e-05	0.003181908700707519	0.00022012110409670488	2.0641806570572817e-05	0.002786311933568223	-0.02881952175374981	-0.0032290477075301812	0.0025633487714265854	0.007689911058541679	0.0007921141110303805	-0.0023198620308280482
10.09	-0.00023275974507234244	-3.8862047617868444e-05	0.0032111355123911087	0.0002377990177845372	2.2874535061788294e-05	0.0027606713763252966	-0.024794594159048874	-0.002028598701146946	0.002230804687623028	-0.004509886899045962	-0.0003810482723174531	-0.001980822986032492
10.1	-0.0003984294717723326	-4.744693486659341e-05	0.003217133216740748	0.00013649578491430788	1.3575260212387576e-05	0.0027543242787420597	-0.006789026629736413	0.00037545912759592257	-0.0011628335369033365	-0.014863808587467607	-0.00139635651642253	0.0007975341290360802
10.110000000000001	-0.0003596859232402808	-3.224343195383567e-05	0.0031925017769006145	-3.419974893698478e-05	-2.528917444336722e-06	0.002773671020880262	0.013863354121990724	0.0024953727005775105	-0.003177505506602047	-0.01774514867887788	-0.0016742300368706368	0.002653866918094613
10.120000000000001	-0.00015086585737031315	-2.097399073341392e-06	0.0031747526076461433	-0.00018531101333228256	-1.69661994729273e-05	0.002790086810913907	0.026375077751195186	0.003342146495865117	0.0007937299352268203	-0.011215372099802239	-0.0011142047769018583	-0.00041244252096454674
10.13	0.00013506320034164208	3.0228727718474916e-05	0.003201339130800555	-0.00024551807156018087	-2.3506190611637475e-05	0.0027710463530524008	0.028212478385028432	0.002812589859884689	0.0031470926298844096	-0.0001595758597130403	-9.815760278075218e-05	-0.0022588045767019584
10.14	0.00035901997299934627	4.827587886602687e-05	0.003220136751795602	-0.00018498848616945536	-1.830426222778242e-05	0.0027583095076367864	0.014356012410600005	0.000628435672731728	0.00020419144343674427	0.01170754652225212	0.001098262163313365	-3.944919801526874e-05
10.15	0.0003975174757771471	4.1828586878284136e-05	0.0032050647200740226	-3.129634827290151e-05	-3.3193957014610806e-06	0.002770126449898946	-0.006784377015179722	-0.001839030178694949	-0.0029281280621706826	0.017741333875401666	0.00175130110518982	0.002213010101290524
10.16	0.00024154929436455582	1.5295725611424585e-05	0.0031767901785682015	0.00013796395948849924	1.3368410160183564e-05	0.0027919985115498025	-0.02273083509869748	-0.003232257668277512	-0.001499002554738399	0.014380579044980954	0.001430206198082979	0.0011284001612156679
10.17	-2.7646160163178807e-05	-1.871334051375714e-05	0.0031901992863129047	0.00023611862318316052	2.354098005311761e-05	0.0027794804377758043	-0.02939103423973343	-0.0033309064031330562	0.0032656322862067706	0.004659165890361914	0.0005305394815380881	-0.002800947917215378
10.18	-0.00029294645342173796	-4.5042390520751926e-05	0.0032176961585399636	0.00022038749987815564	2.2676250187027062e-05	0.002756103203586202	-0.02097200974440712	-0.001641373312702212	0.001495214029736286	-0.0078054336446150155	-0.0007070647429666243	-0.0013466356523334456
10.190000000000001	-0.0004075814946392282	-4.842043383068325e-05	0.003214683584461609	9.337780498468172e-05	1.0588122588633498e-05	0.002757300983563566	-0.0010129205621311928	0.0009937842889830002	-0.002023358562864956	-0.016491701701980725	-0.001616385643774652	0.0015377423197550696
10.200000000000001	-0.0003159408868105792	-2.7826230498896016e-05	0.003185409461195191	-8.185280127098541e-05	-6.772711998320928e-06	0.002780635945852265	0.018110977224667188	0.002903325156822262	-0.0029475824038001698	-0.016853813522169133	-0.0016762059482779003	0.0024860586263951217
10.21	-7.710867984086123e-05	5.091136240775521e-06	0.0031790061731722654	-0.0002129900113100774	-2.0215649988296332e-05	0.0027874290671716494	0.02829749440908013	0.0035008544975532567	0.002126924697737241	-0.00858883173165728	-0.0009544765882653603	-0.0015945769394589446
10.22	0.0002080812385026656	3.695758320057445e-05	0.0032081619719984016	-0.00024168655749279234	-2.434634412817114e-05	0.002765844152983342	0.02586357485434084	0.0025217647003495784	0.0025506444798395387	0.003351856210075019	0.0002052498368627072	-0.0018065480095756294
10.23	0.0003904308266649244	5.0461204254259255e-05	0.0032177714602391982	-0.0001502719378641931	-1.629814415504357e-05	0.002759687118543248	0.008875617383080956	5.5490830664006044e-05	-0.0007604126991024849	0.014109957280850027	0.0013433411166194436	0.0006706230502068067
10.24	0.00037217267436670277	3.832947453055361e-05	0.0031960574826605157	1.6764892706323764e-05	3.5790906377678395e-07	0.0027771290787514335	-0.012047589919840063	-0.002330699902073213	-0.003107011568873202	0.017859020945059135	0.001813862172621761	0.0024626802211149853
10.25	0.00017669619065242912	8.43018937963513e-06	0.0031752598309309453	0.00017363757739752652	1.6563539947855602e-05	0.0027936160841626157	-0.025419352920240106	-0.0034242979462401927	0.0002516845878549449	0.012091093855611027	0.0012962145753346206	-0.00031910394582973295
10.26	-0.0001059028953551125	-2.6058502983547543e-05	0.003200028787117597	0.0002447136206883201	2.4891370202239665e-05	0.0027717349949816224	-0.028727179539585736	-0.0031572362012724994	0.0033133517783454814	0.001423994709077934	0.0002762265410664549	-0.0028361452276182073
10.270000000000001	-0.0003423947775253609	-4.846082345114332e-05	0.003221540127684951	0.00019627980244972374	2.1040171271883633e-05	0.002753078932541591	-0.016209340256718274	-0.0011045507454674464	0.0005273808916604541	-0.010710889244047016	-0.0010141451528194742	-0.0005783496261226557
10.280000000000001	-0.0004015652223211017	-4.620869939444573e-05	0.0032088827415960564	4.844243443121962e-05	6.476523711648219e-06	0.002761599052769613	0.004728966724227612	0.001524530649124145	-0.002797874970614795	-0.017587373020070636	-0.001763961038158348	0.00210860964473977
10.290000000000001	-0.0002620196602619701	-2.1528745810830555e-05	0.003178361432765261	-0.00012443982077389758	-1.131736625136699e-05	0.002785995655681604	0.021624160685979544	0.003168252016793472	-0.002149333303996993	-0.015229914411960213	-0.001603364339482115	0.0018456533772151162
10.3	2.6884448753495614e-07	1.3116287519646195e-05	0.0031850606486203315	-0.0002326646015790652	-2.3266816374696953e-05	0.00278199886950699	0.02927269657777862	0.0035436354884725374	0.002950289759368826	-0.005847822461656117	-0.0007350357488784422	-0.0021808549952326587
10.31	0.0002726511158794303	4.2826685083662935e-05	0.003213000702975801	-0.00022967398745790313	-2.4409329762124823e-05	0.0027621244151883333	0.022406640931680568	0.0020962544401989113	0.0018354157794582635	0.006586590533536066	0.000535438176989248	-0.00116925009320068
10.32	0.0004061913227806224	5.0653838818279814e-05	0.0032142950685851053	-0.00011178472221117116	-1.303359393880861e-05	0.002763294965702772	0.0031313856775512247	-0.0005756647202878377	-0.0015700399585977325	0.015954990847940057	0.0016245680983830702	0.001386610520053755
10.33	0.000333756837532558	3.2883985479677846e-05	0.003188167296244399	6.274006871073952e-05	5.104463241847102e-06	0.002784995143078658	-0.01659055378267811	-0.0027771292282035938	-0.002909838116020824	0.017304988966824288	0.001826180098082139	0.0023866990781315207
10.34	0.00010606694174344901	9.989815505654e-08	0.003179078741031843	0.00020210561276876878	2.012188646732097e-05	0.002791425300809483	-0.02757715039201499	-0.0035854354961022857	0.0018826841077792826	0.009665611084976588	0.0011137371749137394	-0.001798585518237762
10.35	-0.0001801529156124494	-3.384048251908817e-05	0.0032089903452321923	0.0002438469702097179	2.5723633280578267e-05	0.002764376232497971	-0.026876835360105177	-0.0028697530223192455	0.002812675506176723	-0.001970597457526186	-6.682938008134728e-05	-0.002574951041108518
10.360000000000001	-0.0003790595550782538	-5.130415526844853e-05	0.0032215222171437068	0.000163862659393301	1.8551185522602098e-05	0.0027514412961283864	-0.010989363576811845	-0.0004616459026181679	-0.0005794524467845196	-0.013286598940384213	-0.001294019642057483	0.00018563791090347675
10.370000000000001	-0.00038216215777045476	-4.280850659214644e-05	0.003199964505900463	3.6450466872643616e-07	1.6320233305008918e-06	0.002766870426858122	0.010148482604173694	0.002073869552881803	-0.003305931587274583	-0.01797605991978342	-0.001926992887217562	0.0026130112572218473
10.38	-0.00020063751178878438	-1.4055680007359798e-05	0.0031735006760166716	-0.0001626972828897971	-1.5991986138971998e-05	0.002789554470358561	0.024495955090561045	0.0034295187323525075	-0.000627270464992897	-0.013054552929929592	-0.0014434777421556116	0.0007706558684301354
10.39	7.808147808626811e-05	2.1752716116186984e-05	0.003193333775296689	-0.00024456706694860335	-2.577189637265678e-05	0.002776632329097434	0.029100935425948	0.0034349380231135625	0.0033113120910097174	-0.0026486090240559613	-0.0004311727035448067	-0.0022789952034322557
10.4	0.00032666120698203796	4.787446215550285e-05	0.003217644518236456	-0.0002078588053660644	-2.3252782020459725e-05	0.0027607204234839262	0.01810673805386439	0.001512573896570249	0.0010106831997307617	0.00974083892170249	0.0009104943852601517	-0.000510693051844121
10.41	0.0004069076811189932	4.960465950931121e-05	0.0032100635950225477	-6.675232891766178e-05	-9.0853343866563e-06	0.0027682995702944116	-0.0026475694390831386	-0.0011803730141920507	-0.0023626040247658334	0.017284177464474602	0.0017963099469258887	0.0018903742130593885
10.42	0.0002843813486608613	2.7086208252648827e-05	0.0031813377943869523	0.00010806849038016598	9.767314068635753e-06	0.002790694439436552	-0.020387915449943343	-0.0030959701022067574	-0.0023152685631736974	0.015931573192906497	0.0017832188789994293	0.0018050676397589293
10.43	2.997518892967704e-05	-7.692872953439654e-06	0.003185531055560786	0.00022520802426674586	2.387897596515264e-05	0.0027855088437899016	-0.029102757960568215	-0.003657343607014119	0.002940933996572991	0.00694490523807051	0.0009615002793710243	-0.0026288779658645476
10.440000000000001	-0.00024924993767569105	-3.9937095056941824e-05	0.0032157150989334986	0.00023432796840064493	2.670108115035731e-05	0.002758983308516374	-0.023875912389676984	-0.002440088676446101	0.0021490387790573306	-0.00543570237329368	-0.00044202969676380413	-0.0019140032421782719
10.450000000000001	-0.00040232160001306985	-5.1838277692932465e-05	0.0032190169627795908	0.000125353095606131	1.5839622505229014e-05	0.0027540149218344477	-0.0053190171175776435	0.00015253536582595146	-0.001547712144214974	-0.015400282544808385	-0.0016215060733306697	0.0009533353252481878
10.46	-0.0003497174852376337	-3.777775391590602e-05	0.003190715174531597	-4.7926254332650163e-05	-2.940488791472661e-06	0.0027746804507722835	0.01498960737212396	0.0025260161219717255	-0.0034217699154933936	-0.017680006912577075	-0.001968145916130307	0.0026916635974113924
10.47	-0.00013252549224167297	-6.271639969974495e-06	0.0031733643555854714	-0.00019482519640458596	-2.0075704376796324e-05	0.002789597127603843	0.02695762789237104	0.0035605945449420813	0.0010550620017136495	-0.010604510266886254	-0.0013202892789937813	-0.0006976596718934295
10.48	0.00015492521488401188	2.9130193156351683e-05	0.0032009020319910073	-0.0002474877946780693	-2.7669925190067433e-05	0.002769913715951122	0.02780827828996549	0.0031591428652502657	0.003101007198005264	0.0007470828292767693	-0.000103881771608177	-0.002113886167634314
10.49	0.00036964082436205173	5.080749983355342e-05	0.0032189418081106503	-0.0001784822528277234	-2.1584886125564505e-05	0.002759106301806224	0.013018886838664917	0.0009420886965006391	0.00014119823453633134	0.01243156799819711	0.0012664413997568312	0.0001822832760479334
10.5	0.0003933780064266197	4.665345036189321e-05	0.0032038685110212448	-1.9874935992758692e-05	-4.848957321828347e-06	0.0027730553887316163	-0.008274302054534477	-0.0016933483705770616	-0.0028045924713820548	0.01791994009540246	0.001958088707187974	0.0023496511408783276
10.51	0.00022543657089060026	2.053474738660881e-05	0.0031780225667456695	0.0001474134268723055	1.4321412416194408e-05	0.002793908469944115	-0.02362758556885881	-0.003288835538090628	-0.001088891713971022	0.013854493071985125	0.001680614779608952	0.0007497824315892052
10.520000000000001	-4.945706298787731e-05	-1.5068699787023982e-05	0.003193746624789492	0.00023920341500499904	2.6335407430322547e-05	0.002778367927102307	-0.02944155080470081	-0.0035814194973990765	0.0031293288224077463	0.003909301955325088	0.0006296121444713867	-0.0028897554900735394
10.530000000000001	-0.00030874604517927123	-4.412638139594847e-05	0.0032177358204957883	0.00021540317839386129	2.536492126096205e-05	0.0027556384043460375	-0.019797100267715056	-0.0019300325874696642	0.0010575911992144874	-0.008515391831205319	-0.0008065165987371027	-0.0011565123266507522
10.540000000000001	-0.0004086778189724153	-5.033848860147121e-05	0.0032106836790492927	8.328943681693349e-05	1.1444467663475822e-05	0.002758633681622242	0.0005923818316395471	0.0007116153346362148	-0.002331125836271048	-0.016773208163414544	-0.0018515616653506377	0.001680223150586798
10.55	-0.0003031132289868479	-3.18830375705361e-05	0.0031806127451916633	-9.164380654905145e-05	-8.07149747268979e-06	0.002782457415786831	0.019199731658640674	0.002772734116947307	-0.0027470574196977377	-0.01649476770182864	-0.0018524938482596255	0.0023614864516286822
10.56	-5.672170905469935e-05	9.24872592818185e-07	0.003179375228334139	-0.00021734167897949423	-2.2763226460185137e-05	0.002786013427027245	0.02870564425697208	0.00362339935135833	0.00269192727265608	-0.008012619005107666	-0.0010349183244914727	-0.0018651254847088527
10.57	0.00022687498337032444	3.4570898331954976e-05	0.003211608099196505	-0.00023890445717494836	-2.689865313338442e-05	0.0027638736250869367	0.025115530529035153	0.0027951577773015148	0.002632373001880812	0.004119133700528454	0.0002721320287190781	-0.00170583618736276
10.58	0.0003970619884826814	5.138078453938256e-05	0.0032209543473981734	-0.00014113742500585736	-1.725022759271552e-05	0.0027593791149917598	0.007309429776043108	0.00038709449543933554	-0.0009485540083856328	0.014549845951307762	0.001558201420490957	0.0009057223527506073
10.59	0.0003634366158348082	4.181053749489711e-05	0.0031969360042509343	2.8039397816680938e-05	1.4251837063669322e-06	0.0027788792136611068	-0.013436705316969449	-0.0021394441267099176	-0.0032736863081671832	0.017776517343633173	0.0020058529883684143	0.002579334206502988
10.6	0.00015736290654138954	1.2780015906024964e-05	0.0031762625296807966	0.0001809293108385447	1.894343098449057e-05	0.0027941360100601415	-0.026185005707675034	-0.0034447467103428083	0.00039995901635201	0.011502498473602421	0.0013363860682349413	-0.0006246502772566825
10.610000000000001	-0.0001283748156388829	-2.2645882053550016e-05	0.003199969218149689	0.0002449298127988873	2.708882861383689e-05	0.0027711897126539375	-0.028432247892281232	-0.0033110783695199535	0.002947838844970751	0.0006059166969816737	0.00019245335640434807	-0.0027577493568078136
10.620000000000001	-0.00035618042747077134	-4.729059268452997e-05	0.0032180604436685125	0.00018884394559939776	2.1893260230360696e-05	0.002753811243032756	-0.01485897185895764	-0.001351554820808563	0.00025855065700152054	-0.011346032978928335	-0.0011945651209518211	-0.0004242389196627682
10.63	-0.00039940292247154374	-4.769037056239629e-05	0.003203930436995076	3.759326565928561e-05	5.46723461937419e-06	0.0027633566260504014	0.006409952423360227	0.0012560869072489338	-0.0027958119649340086	-0.017654094400065663	-0.001953843271040873	0.0021377640848777605
10.64	-0.0002459810737767301	-2.5078469276073668e-05	0.0031763276897500995	-0.00013282084142169877	-1.3729777834840771e-05	0.0027865998387920942	0.02263785614573071	0.003020578306428696	-0.0015393099436283417	-0.014695207373524992	-0.001693096997690991	0.001509416269132429
10.65	2.2747230201253842e-05	8.952531307951192e-06	0.003188622913896914	-0.0002346789620736371	-2.6048160541336063e-05	0.0027794121796449215	0.029405909687030708	0.0036005511779292013	0.003227513819077197	-0.0051140133385554785	-0.0006899525862460624	-0.0022836863222764894
10.66	0.00028975906604275053	4.0013154569439657e-05	0.003216893408089056	-0.00022347999379871447	-2.5450637526285197e-05	0.0027604730030523616	0.021277869484512033	0.0022862394262387325	0.0016585774098429684	0.007370040118814956	0.000797606610849546	-0.0009689134120790131
10.67	0.0004082358204903733	5.032389261369434e-05	0.003215360607911182	-9.985208088556346e-05	-1.1594311072224582e-05	0.002763998741220878	0.0014263718781364922	-0.00028225876890091486	-0.0019076871682255536	0.01625785151265247	0.0018617795707996415	0.001604515126824715
10.68	0.0003203228717618595	3.533453752693578e-05	0.0031868418662092707	7.437033760372488e-05	8.48845638000275e-06	0.002786481786287229	-0.01778942916762151	-0.0025101797719714043	-0.002975157621969797	0.01692120518695515	0.0019709952936299087	0.0023025339091934404
10.690000000000001	8.421981326903606e-05	4.525632573958623e-06	0.003179441764997872	0.00020756431482443365	2.4272875275767342e-05	0.002790131986352881	-0.028044550948495648	-0.0035031805231039385	0.002080811326633583	0.008941739369609665	0.001120927090923876	-0.002054533903024201
10.700000000000001	-0.00020041371193295162	-2.955743474326001e-05	0.0032090180811859288	0.00024111027380988714	2.879676220320723e-05	0.0027629085294362072	-0.02605054965319139	-0.0029794163375571146	0.0026561790694205885	-0.0028023464201350707	-0.0003014501840112594	-0.0024059663805356146
10.71	-0.000386333939912933	-4.934777295388866e-05	0.003219844521360166	0.0001547605931778306	1.860615291792153e-05	0.0027519678281924323	-0.009349599473378916	-0.0007988044977336071	-0.0007033391860317736	-0.013700140153705216	-0.0016401188652483674	0.0003789808915336975
10.72	-0.00037311545974584207	-4.437864755269976e-05	0.0031978977334562336	-1.030152383300037e-05	-1.0739463002779016e-06	0.0027685907551525096	0.011575731716636653	0.001719046816660043	-0.0031847073583858793	-0.017869114455837953	-0.0021494797603650037	0.0026031419226849274
10.73	-0.00018100157146738011	-1.843162329092432e-05	0.0031749047303301064	-0.00016919565852224967	-2.0040103037342013e-05	0.00278950919230711	0.02517539868588027	0.0032473002690302823	-0.00012549563783599996	-0.01242134017956986	-0.0014732078378092062	0.00043019359698353747
10.74	0.00010024585927604055	1.642306314050884e-05	0.0031966399992975694	-0.0002442860076898805	-2.8961712899539578e-05	0.0027753215398307967	0.028754130462997747	0.0034496541243198855	0.0031750238027988082	-0.0018985686413932287	-0.00023205523216213286	-0.002177631745191242
10.75	0.00033927073922372175	4.401182524194141e-05	0.003218132471311372	-0.00020054195184029752	-2.378284123630332e-05	0.002761211464948369	0.016637433196568498	0.0017848583413553434	0.0006461572690510346	0.010296481796134242	0.0012216478745031183	-0.0003221298701728064
10.76	0.00040320916606636516	4.875631458641653e-05	0.0032071568844586323	-5.600261600807319e-05	-6.595887802588239e-06	0.00277034658114548	-0.004268847673645916	-0.0008475803833195579	-0.002591934056279405	0.01737396538406865	0.002059616065047331	0.0019982199297052853
10.770000000000001	0.0002674582744062208	2.9358894524402958e-05	0.0031787481249723137	0.00011621641938785734	1.409301303317782e-05	0.002792215349397561	-0.021292495731808064	-0.0028309160532713814	-0.0019786221410256623	0.015319232079594243	0.0018392544481317375	0.00148085765930991
10.780000000000001	8.267795086180864e-06	-3.744344481100499e-06	0.003187318488433198	0.00022672427736451336	2.7404925507678895e-05	0.0027829334604464054	-0.02907136739124851	-0.0036125441766932842	0.003196805270529988	0.006266079268469184	0.0007876862064382984	-0.002903325682601779
10.790000000000001	-0.00026454590360670593	-3.6274220831769895e-05	0.003217669413625322	0.0002287119748784429	2.774659705412744e-05	0.0027555708547095993	-0.022694041699337454	-0.002538780012716337	0.0019753445581844322	-0.00607103123160419	-0.0007423353241005958	-0.001864428594704994
10.8	-0.0004024140657401006	-5.004619343523969e-05	0.003218944509547554	0.0001153492652492801	1.3820401767601384e-05	0.002752019290608779	-0.003640280225037864	-9.361454104673658e-05	-0.0017310421067809998	-0.015611349029168517	-0.0019028679843996728	0.0011929796465302825
10.81	-0.0003349213303489359	-3.8399696231640445e-05	0.0031897191163361037	-5.724161400256475e-05	-7.207580757016471e-06	0.002774906252083056	0.01615102148345973	0.0022884009487239973	-0.0033632155078245182	-0.017312439639452577	-0.002091219438083783	0.002816478469807569
10.82	-0.0001104963464693654	-8.584020690761958e-06	0.003174949017912714	-0.00019843543989313733	-2.427194054975027e-05	0.0027887463221394344	0.027312854361980173	0.003473501409188223	0.0013282138234967176	-0.009946800675441741	-0.0012181713530543187	-0.0008610618234519725
10.83	0.0001748785168427817	2.6508795955953364e-05	0.003202363620123022	-0.0002441507917613298	-2.97684435224379e-05	0.00277001608124286	0.026979472059463383	0.003209894521088409	0.0028832310245644173	0.001449309382061013	0.00017378705298057333	-0.001831706323262595
10.84	0.00037653079201910934	4.909567069155768e-05	0.0032176546714731426	-0.00016957478050525477	-2.0577682345888217e-05	0.0027622096159494905	0.011408174343594932	0.0010882616483752657	-0.00012502760604857227	0.012801169546922953	0.0015835546894228582	0.00040661163024692564
10.85	0.00038429237671031073	4.655577268649418e-05	0.0032009839329782447	-9.781820987099875e-06	-8.929740922320736e-07	0.00277707054618603	-0.009680855393594	-0.001559150721920333	-0.002821248505390322	0.017767924003198394	0.0021600351916946595	0.0022681638458312368
10.860000000000001	0.00020656806785574806	2.1343259900081964e-05	0.0031774562689847493	0.0001532604015366279	1.888211222791903e-05	0.0027948304890973944	-0.024172713616989177	-0.003260300946806314	-0.0005568328570194507	0.013245911106051637	0.001605950466788251	0.0001971101135196776
10.870000000000001	-7.000556972691515e-05	-1.4717115206951163e-05	0.003197137743912194	0.0002384170956374431	2.9379297081506152e-05	0.002774945792257909	-0.029076067326191606	-0.003651346112044565	0.003256049055682706	0.003163008866974042	0.0004021483775635626	-0.003043500701715744
10.88	-0.00032021568229283914	-4.464318570019888e-05	0.0032204644544648183	0.00020754862757014678	2.538399277100921e-05	0.002752252657810598	-0.018422732379778223	-0.0020138696040881716	0.0008657181684383381	-0.00912215982469527	-0.0011478062204658068	-0.001048458784534641
10.89	-0.0004049936032546728	-5.138053311463302e-05	0.0032109153425500616	7.162988049817607e-05	8.488124990583624e-06	0.002757022663316316	0.00211056374796486	0.0007022852625523597	-0.0026076135174563876	-0.016894913358667267	-0.002110585898728782	0.0018863548336127984
10.9	-0.0002871919047029361	-3.259414257184827e-05	0.0031794341764208324	-0.00010135743055845927	-1.2825200104098684e-05	0.002782509858780714	0.020031925344126535	0.002853787628985952	-0.0026916188798997345	-0.01597354755609351	-0.0019531938267967493	0.0024310667281785
10.91	-3.605870809062335e-05	1.4613107663015276e-06	0.0031801187116953346	-0.00022045672898319825	-2.744759482306144e-05	0.002785369643328666	0.028803318850785273	0.003772591354248354	0.0027881670324203496	-0.007275492326433978	-0.0008994556437479121	-0.0018725102644511435
10.92	0.00024271021109952616	3.6580141787246724e-05	0.0032114227756875106	-0.00023446952149455718	-2.9263508680060728e-05	0.0027650216032426545	0.024081711353562643	0.0028932977719029695	0.002456056599324103	0.004835306671677527	0.0005983740509215152	-0.001458532625729224
10.93	0.00039943409501745305	5.3569433675007474e-05	0.003219008526467738	-0.0001314171611082046	-1.6335524928248728e-05	0.0027625022560912654	0.005830916095961803	0.000353103629406821	-0.0010347940662958626	0.014876694585844459	0.0018969142679607345	0.001001754435779141
10.940000000000001	0.000352265189498524	4.3231315907548e-05	0.0031949888051257514	3.818329720034221e-05	5.288976786426297e-06	0.002781723727848776	-0.014482073840997027	-0.002297895434312322	-0.0031448781279335963	0.017511591275472867	0.002219890413018478	0.002384609016359396
10.950000000000001	0.00013974887146533095	1.238570425683916e-05	0.003177728093871588	0.00018588711038230757	2.4199740870273963e-05	0.0027928712467618134	-0.026537957644782187	-0.0036733175535030877	0.000813779487646748	0.010870663213355586	0.001419932220431172	-0.001135226151805515
10.96	-0.0001450479676226773	-2.5428057008129772e-05	0.0032026116494735324	0.00024306484500878625	3.2046679278757284e-05	0.002767603070984005	-0.027816426411164486	-0.0035252704070387656	0.0028223687016403825	-0.00015555926602029986	3.6675518241339555e-05	-0.0027346304239954148
10.97	-0.00036234319376042746	-5.1327177106323014e-05	0.0032180693189111527	0.00018009704919856947	2.4290374689914718e-05	0.002751640447204645	-0.013512098830656322	-0.0014128235207191686	-9.750108147525112e-05	-0.01189007564947231	-0.0015154740753151887	-0.00018617787881850523
10.98	-0.0003923657917696366	-5.128038013390058e-05	0.003201161208516301	2.560189133808248e-05	4.372011219867052e-06	0.0027639245857985946	0.007557585775489768	0.0013937689134355619	-0.0029594847657126605	-0.01768444441803324	-0.0023018552765391256	0.0024217888781360745
10.99	-0.0002308963512036456	-2.6613831476399492e-05	0.0031742768006923164	-0.00014163107395758517	-1.783191488795962e-05	0.0027883754416020866	0.023056502192479393	0.0032870338633081337	-0.0011690793408554905	-0.014057473000380795	-0.001894361284956922	0.0014208756394432469
11.0	3.975198665735518e-05	1.032342856326198e-05	0.003190513961808199	-0.00023611337509773822	-3.0917159442049714e-05	0.002779496622354959	0.029250202405304876	0.003866482124563629	0.003421643660318689	-0.004262832332972741	-0.0006337492332313952	-0.0023502031502368737
11.01	0.0003005780739425047	4.359134054059108e-05	0.0032190139773437313	-0.0002166686688062857	-2.9190534760072934e-05	0.002760653374914898	0.02027320451654948	0.0024121031461950154	0.001554177279139422	0.008106615997442794	0.00098287115245745	-0.0009165362360714723
11.020000000000001	0.00040736115464716174	5.4386431930197186e-05	0.0032159144285203957	-8.794650160902644e-05	-1.3010211336911886e-05	0.0027646092272455183	0.00017440015081955903	-0.0003202773690268324	-0.0020994873036985287	0.01652304714952466	0.002143906450670012	0.0016321151156576327
11.030000000000001	0.0003087620992047561	3.843502688146261e-05	0.0031858958754135444	8.561080072016701e-05	1.0005298668793627e-05	0.002786791392714702	-0.01858436966577033	-0.0026927449956522997	-0.0029945005573023646	0.01651859751514679	0.00222109519383015	0.0021557279543933452
11.040000000000001	6.745841552002006e-05	5.010218838367857e-06	0.0031800852927054207	0.0002127100157909163	2.7494366244316465e-05	0.0027877610997761025	-0.028326664760750412	-0.003816403109521848	0.002217084833338057	0.008223479025156126	0.0011933146422187237	-0.002252429915705048
11.05	-0.00021547489133245005	-3.211369689839045e-05	0.003208865064512622	0.00023794158356214628	3.1829985078678916e-05	0.0027610473961540752	-0.02540871712250635	-0.003206975321035486	0.0024552985184705645	-0.003647421545583755	-0.00040952293862244827	-0.0021761251004910696
11.06	-0.00039149117774398256	-5.307458287358802e-05	0.0032175858839229346	0.00014439553275538212	2.0043953444915143e-05	0.002752829379870812	-0.00812858603848108	-0.0007816139642040743	-0.0008527829040521544	-0.014224435504357275	-0.0018530592313003077	0.0006605816034814161
11.07	-0.0003665261582161999	-4.6691039124360385e-05	0.0031951484912659026	-2.277992580632129e-05	-1.973605030416385e-06	0.002771592442120346	0.012590113020296008	0.0019406563991141545	-0.0031090080462852247	-0.01773821382201901	-0.0023628025885058185	0.0027068776736080147
11.08	-0.00016708447382051783	-1.8231344342625505e-05	0.0031752939479016513	-0.00017705546875091966	-2.267735107357195e-05	0.002790849512599538	0.025699268944756565	0.0035361680903367907	0.00038786486123177136	-0.011731592822130675	-0.0015983181488847566	3.678488353335106e-05
11.09	0.00011627639798118971	1.9856513767266754e-05	0.0031999817687718133	-0.0002439967527523273	-3.205621680658388e-05	0.0027738503735475323	0.028534501510600583	0.0037438907997259276	0.0031930647802849506	-0.0010052009332601663	-0.0002003922025970558	-0.002303530227037572
11.1	0.0003486266864582463	4.914405313300287e-05	0.003220023450417097	-0.00019201118236620028	-2.590519551793475e-05	0.0027595536963811794	0.015609407528289935	0.0018301325354579598	0.00037667714321872075	0.010971169183671964	0.0013701702686451161	-0.0002457117142630154
11.110000000000001	0.0004008577012617358	5.343786730151802e-05	0.0032065729754756664	-4.333755618422885e-05	-7.0072358444824585e-06	0.0027695302715872528	-0.0054475401467368205	-0.0009976398766423232	-0.002818215988165165	0.017498270148793408	0.0022477045389796874	0.002074268427298925
11.120000000000001	0.00025589944526196366	3.177392634061687e-05	0.0031773412064458354	0.0001270688026680228	1.5002022449963917e-05	0.0027911453119497357	-0.021936496488954422	-0.003117532457026557	-0.0018736541426393441	0.01482286353093881	0.0019400549387899905	0.001320985443100288
11.13	-8.024763084830075e-06	-4.5833291600559335e-06	0.003187445576491493	0.00023125696667312005	2.8949077618625943e-05	0.0027801930853674516	-0.029242569724375573	-0.00391948689830374	0.0032088066250651713	0.005473888534424356	0.0007787869953973188	-0.0028727336250031774
11.14	-0.0002778244341533302	-3.9509891601892655e-05	0.0032168086663408846	0.0002243403622634469	2.8713006685521238e-05	0.0027548277453958232	-0.02194949104996004	-0.002714973170597709	0.0018402513964311832	-0.006941296746966517	-0.0008054679859583874	-0.0015736182184454208
11.15	-0.00040567440379606334	-5.4093763349367615e-05	0.0032172494979750533	0.00010418332592250574	1.3998003731602354e-05	0.0027541591751601194	-0.0024809699098100498	-5.205197844156164e-05	-0.001733815687553426	-0.016039446594783638	-0.0020090458808412668	0.0014333531798585016
11.16	-0.00032735298285937564	-4.111425729651535e-05	0.00318883966593644	-6.968953741324791e-05	-7.990844264632127e-06	0.0027781563901411485	0.01704874710812728	0.002470377215773797	-0.003157054953132423	-0.01709227487139052	-0.002189502092835144	0.002793307203481177
11.17	-9.64147320525142e-05	-9.146566237681848e-06	0.0031778088567361363	-0.00020585993599238765	-2.5631375673146348e-05	0.002789852351741571	0.027781332746142196	0.003749644697235641	0.0016877388002453943	-0.009266448750385006	-0.001242338039360524	-0.0011186037320540885
11.18	0.00018937478732066355	2.8247004916201194e-05	0.0032057359423817247	-0.00024317602349915743	-3.085886597187014e-05	0.0027699289518399693	0.026552347110437358	0.003357252324129783	0.0026772322866758487	0.0023848085116544913	0.0002622855802435951	-0.0018787312384752515
11.190000000000001	0.00038325290136385085	5.1511013994433496e-05	0.003218020823728925	-0.00016023695946084323	-2.093995483038576e-05	0.0027618020156156857	0.010383162951724529	0.0010894699097391183	-0.0004713593165633301	0.013476679184647589	0.0016636855384102223	0.0004027047729249539
11.200000000000001	0.0003803990910990536	4.844529536096374e-05	0.0031983775287437056	3.427312945423997e-06	-4.327465735860473e-07	0.0027765496231548933	-0.010662762165283066	-0.0016529829685143593	-0.0030288642619666515	0.017838589304671068	0.00225554098915997	0.00224790746664004
11.21	0.00019517301063779472	2.2166156624579423e-05	0.00317558144863279	0.00016330413553056363	2.014824781483427e-05	0.002793010202451893	-0.024733337823844143	-0.003363165984691802	-0.0002212652681422832	0.012624934593107465	0.0016716018038543745	-8.561233249551625e-05
11.22	-8.453882105929745e-05	-1.4909352488537139e-05	0.0031978358704761434	0.0002410558982414335	3.075948435374648e-05	0.0027718657207462935	-0.02900955580730881	-0.00373935384397685	0.003337838418904811	0.0022660271152313807	0.0003482334588588373	-0.002966944552895698
11.23	-0.0003299822255167717	-4.588989684335992e-05	0.0032210102469019514	0.0002012691636298972	2.6184189929423133e-05	0.00275114937585702	-0.017599166536798702	-0.002116454876200301	0.0007574461046414948	-0.009940200088888844	-0.0012113955330565352	-0.0007823053973109352
11.24	-0.00040481459927296933	-5.35379751163506e-05	0.003210484707689322	5.926995791450114e-05	8.529922708135571e-06	0.002758484923633412	0.0031772543747330857	0.0006590229110516383	-0.0026491974600629264	-0.017244499933795593	-0.002191809818969313	0.0021320509792986716
11.25	-0.0002778444288762417	-3.458395466082409e-05	0.0031797328267460113	-0.00011368077796967346	-1.3957562924492045e-05	0.002784973114619541	0.020720925989349655	0.0029352148540175015	-0.002425613391203289	-0.015580680561328882	-0.0020736403864615037	0.0023009950698224726
11.26	-2.141054870373433e-05	6.36251461686593e-07	0.0031833192572733662	-0.00022703868877202817	-2.9292405710849868e-05	0.0027855975132523134	0.029133030495663424	0.0038867451972782333	0.002870426758096422	-0.006533922220286892	-0.000918846946105138	-0.001974200655288037
11.270000000000001	0.0002560057794731907	3.678332645766492e-05	0.0032129062531576196	-0.00023232478256269068	-3.090619194726047e-05	0.002765129062261651	0.023514479982077258	0.002950261375035173	0.0021197943163139017	0.005727888443945068	0.0006414691717396235	-0.0014087144043089033
11.280000000000001	0.00040407760855741337	5.408874416461517e-05	0.0032167956626445037	-0.00012171300579591803	-1.730799157676088e-05	0.0027632972948152187	0.004754281108435322	0.0003641267008069798	-0.0014156140630902838	0.015422040438104434	0.0019682332083966127	0.0010800056815867046
11.290000000000001	0.0003464899088851794	4.391399736013593e-05	0.0031906858573920783	5.0158926977225296e-05	4.9760288420600696e-06	0.0027824765549109634	-0.01539722652778657	-0.00225194574985742	-0.0031345747203404386	0.01738604338586991	0.002279458605790104	0.002266997897553929
11.3	0.00012676440050091482	1.3274469410357627e-05	0.003176672067365901	0.00019349119418135116	2.4097520431880984e-05	0.002790681083011426	-0.02708954226245595	-0.0036878580879444256	0.0013618580846357366	0.010236424497449824	0.0014073082551500841	-0.001468163839837635
11.31	-0.0001601181625850551	-2.471293846980272e-05	0.003205085341337694	0.00024283349035149674	3.152195943637777e-05	0.002764698104680322	-0.027551470586906046	-0.00354418987422493	0.0030081760905443923	-0.0010420735830791211	-1.7740117099530664e-05	-0.0025959982241019718
11.32	-0.0003706337482672064	-5.094418179000895e-05	0.003220852029893449	0.00017175280469407882	2.313488855160913e-05	0.0027508811282384274	-0.012470808614103662	-0.0014590230605434837	-0.00016609627391595875	-0.012541469530073415	-0.0015660112396430775	6.408768073214814e-05
11.33	-0.0003889638366089797	-5.128851603495773e-05	0.00320255532695518	1.3297476202989523e-05	2.738103854968236e-06	0.002765550323811154	0.008722236358150373	0.0013725853932141804	-0.003090072358008314	-0.017797335895914115	-0.002328511134089506	0.0025941739378012104
11.34	-0.00021825004322028344	-2.682944707705055e-05	0.0031754035996108218	-0.00015150007267823251	-1.9215857786654286e-05	0.0027899640280742988	0.02375280025831433	0.003295019943750747	-0.0010631318598386568	-0.013532559970533348	-0.0018363295084837914	0.0011676607575505473
11.350000000000001	5.6559337566676365e-05	1.0503591297762866e-05	0.0031918027413735746	-0.00023995900667631565	-3.177340599877364e-05	0.0027793277637961637	0.02926215965176252	0.0038940804154313246	0.0032522886485290086	-0.0035660744691376244	-0.000595634584014666	-0.0023593335213025275
11.360000000000001	0.00031268774892651485	4.402987413048633e-05	0.0032173311449015234	-0.0002127758972697337	-2.911949028239307e-05	0.0027613551469294114	0.01936124869749236	0.0024624824168661148	0.0012121828165941437	0.008822955959610388	0.0010890366421345214	-0.0008004382399590854
11.370000000000001	0.000408115070982024	5.5097254433028944e-05	0.00321169696269745	-7.860052116855975e-05	-1.2161709864625902e-05	0.002766053644480747	-0.0010427170716198002	-0.00033013968640048844	-0.0021884995002815566	0.01684812690469272	0.0021586189038127015	0.0016483458714912373
11.38	0.0002990989340836787	3.84295676111458e-05	0.00318320232446141	9.53204277784137e-05	1.0747474805212222e-05	0.002787772835317859	-0.019361816889350618	-0.0027868842128388675	-0.0025876270377756154	0.016227780283103784	0.0021981651981480897	0.0019361843100006027
11.39	5.218202439933704e-05	3.8123082751653747e-06	0.003182822632903803	0.00021793707800903597	2.7876197034177604e-05	0.00278592928827721	-0.02865773244021975	-0.0039433248392590926	0.0026475794292080248	0.0076751663550030805	0.0011250438119451815	-0.0024145814196269958
11.4	-0.00022930782336008922	-3.4095545496154525e-05	0.003213121315549038	0.00023584761834790957	3.1634549353680414e-05	0.0027592762202397533	-0.02478253109387902	-0.003265798937975126	0.0023480455990714825	-0.004454172615463308	-0.00044416285046983784	-0.0020702857653258195
11.41	-0.00039569376461230736	-5.486467644196959e-05	0.0032195034624735875	0.00013567329994541253	1.9360148504314068e-05	0.002752397520898187	-0.006948716770409677	-0.0007181396078917056	-0.001218405116099702	-0.0147134217493613	-0.0018779955551185363	0.0007844769903844639
11.42	-0.00035914578033199775	-4.734706736597182e-05	0.003193498143324749	-3.3960150894429215e-05	-2.8269576711731938e-06	0.0027722320185924326	0.013606021505982963	0.002089130646408898	-0.003379999393116262	-0.01768182654417429	-0.0023580161086340953	0.0027398111919547884
11.43	-0.00015263916965498032	-1.7458808203951698e-05	0.0031733843743432352	-0.00018465966926359208	-2.3413091671276982e-05	0.002790311934391029	0.02617213215362007	0.0036739435834301465	0.0005746657716624933	-0.011165584110425252	-0.0015875324964539754	-0.0002372021868588083
11.440000000000001	0.00013189604088502076	2.1522487135523304e-05	0.0031988808255999806	-0.00024509873237031746	-3.236839386105117e-05	0.0027723053241300076	0.028214733940683134	0.003775217048438779	0.003168342205810508	-0.00022642379375604083	-0.00010625107446531577	-0.002231083840344013
11.450000000000001	0.00035722775685133383	5.0771575784859874e-05	0.0032186470082564934	-0.0001856419872052436	-2.5361371534012082e-05	0.002759645406124923	0.0146019254426442	0.001784839360213589	0.00037804582803270813	0.01158474418313287	0.0014525117345839196	-5.5114029099140376e-05
11.46	0.0003984042289734082	5.377170009198674e-05	0.003205747751767587	-3.288427920927053e-05	-5.72037706770888e-06	0.0027712353484191585	-0.006561142388316265	-0.0011628795560394308	-0.002674866053437047	0.01764451431974873	0.0023120515158379707	0.0021633258554534336
11.47	0.00024406822203852386	3.078547005203646e-05	0.0031791789232060285	0.0001356271661915488	1.6762822928987656e-05	0.002792373897001584	-0.02263134409886492	-0.0032103567952904374	-0.0014453609963039325	0.014364152225784734	0.001972620682312316	0.0010589759418879463
11.48	-2.4676541705390043e-05	-6.526550110274973e-06	0.0031918330521479355	0.00023404573971079015	3.062333387948488e-05	0.0027794508547589855	-0.029372598455844907	-0.00401136470082113	0.0031283998863203726	0.004743773049832703	0.0007080865837536107	-0.002877819103075296
11.49	-0.0002905109109496004	-4.20930061362385e-05	0.00321807904432049	0.00021943373498520868	2.924746928949804e-05	0.002755311877442721	-0.02108407328613749	-0.002736426618011352	0.0013782287453253566	-0.007636057081450015	-0.0009916178322389208	-0.0013929034798434174
11.5	-0.0004069536032244111	-5.6078106397277965e-05	0.0032139394419316313	9.436631575096659e-05	1.2929658651700283e-05	0.002756096887516213	-0.0012326785458720577	6.796013795695618e-05	-0.002107786079229849	-0.016315915251754548	-0.0021204083705793427	0.0015276910712734369
11.51	-0.0003176656523911772	-4.189791890773862e-05	0.00318406734710786	-7.937435170052758e-05	-9.788911231344007e-06	0.002780098643705229	0.01790251351871675	0.0026027989898620273	-0.0030378424179826765	-0.01677317881872267	-0.0022097866971510366	0.0026298744485436874
11.520000000000001	-8.107149908923612e-05	-8.346794149776502e-06	0.0031772698432635483	-0.0002102022489176789	-2.7265935448321578e-05	0.002788211836994081	0.02807775246855136	0.003896851680748473	0.0022103225080110796	-0.008626497144715684	-0.0011770239945646166	-0.0015065697808044082
11.530000000000001	0.00020344684701877126	3.028830262176286e-05	0.0032083014780736434	-0.00024028043920201595	-3.165945234943644e-05	0.002766446829297115	0.02597166770934371	0.00347025183847692	0.002815726447142383	0.0031153322471009492	0.0003553762166879295	-0.001901296533359968
11.540000000000001	0.0003880601374640592	5.436847313886078e-05	0.00322079853457103	-0.00015117483566690884	-2.0303088679999998e-05	0.002759242103992213	0.009170984861286362	0.0011020747876911935	-0.0005377361267384462	0.01392106429731676	0.0017936977036838125	0.0005850001830480171
11.55	0.000373004153965749	5.056688346547681e-05	0.0031999115810248053	1.4461703488313212e-05	1.0800776499611731e-06	0.002775945402103287	-0.011753946982050237	-0.001773655670684824	-0.0031264350347376996	0.017779140856801122	0.0023194749725591285	0.002410923748307766
11.56	0.0001796542715427295	2.2673327004833098e-05	0.0031770560131113936	0.00017124241874862938	2.190992164358395e-05	0.002792547756674402	-0.02527490379145028	-0.0035650147816278046	-0.0001446987863064376	0.012117582362324044	0.0016378079688944903	-0.0002003966039790687
11.57	-0.00010252088376936237	-1.6142103332931163e-05	0.003197935334788024	0.00024288701134205217	3.19362585415921e-05	0.00277204790152929	-0.028783316863183944	-0.003855102165555407	0.002993096900644096	0.0015397626372933083	0.00026396153641636673	-0.002708875567842527
11.58	-0.0003406617732554436	-4.7158645542309154e-05	0.003217450748626214	0.0001959386722263191	2.6236473471752955e-05	0.002754170242185093	-0.016457087274253854	-0.0020653389775832282	0.0004583769173861404	-0.010531182345124571	-0.001342519196719487	-0.0005230923176204051
11.59	-0.0004022955978476888	-5.382776961805878e-05	0.003205172052693343	5.021441517962375e-05	7.469595814717587e-06	0.002762879085468851	0.0044921477154073255	0.0007828896663533032	-0.0026681362615366094	-0.017380089160767102	-0.0022558264439152356	0.002109791466064589
11.600000000000001	-0.00026493148038956297	-3.368793094490305e-05	0.0031767059025681	-0.0001211325487907879	-1.532135770061783e-05	0.002787171241705128	0.021435926312013413	0.0030372409734796693	-0.0019358551219114332	-0.01514582534635049	-0.002057523512524512	0.0018273658057986228
11.610000000000001	-4.273002340100115e-06	2.490340298389333e-06	0.0031859837129498765	-0.00022895722491907432	-3.04275902294263e-05	0.0027823860841348605	0.029192964396412766	0.003980145704834478	0.0032742580498757176	-0.005901219423000778	-0.0008800369755359795	-0.002349504701445257
11.620000000000001	0.00026873681358629815	3.898458701811576e-05	0.0032170592648125998	-0.00022727620034708386	-3.086813511375562e-05	0.0027605826189148496	0.022608675139076478	0.0029469101122046276	0.0020768265671520683	0.006408860902742615	0.0008083435142537739	-0.0013644838358483923
11.63	0.0004048025114720858	5.559132878385632e-05	0.003219370440923057	-0.00011123335666280215	-1.5441892113167732e-05	0.0027604653944292242	0.003408866962585398	0.0002346755560005379	-0.0016311230009287976	0.015792935190640216	0.0021562087206681954	0.0013391760245338043
11.64	0.00033480413730131405	4.4184028189162934e-05	0.003191316026604305	6.196208121677312e-05	8.234379365113196e-06	0.002782547218887629	-0.016409008822214195	-0.0023631872361217572	-0.003241250999910233	0.01725077379338638	0.0023651797634380053	0.0025287246168753585
11.65	0.0001081475000176763	1.2431606430736883e-05	0.003177875973516053	0.00020138055439405562	2.7337470845784355e-05	0.0027917822659324506	-0.02750882111512833	-0.003774824389721989	0.0014390798471016094	0.009711447249831775	0.0013406417981446253	-0.0014751997072750536
11.66	-0.00017823960220937656	-2.6567796348921754e-05	0.0032048762052107474	0.0002441114754423994	3.340549375476699e-05	0.002766994825364701	-0.02697293698558784	-0.003630884594640346	0.0026976699274603513	-0.0018001014807783142	-0.00023573874987086057	-0.0024201493586267055
11.67	-0.00037884585859586075	-5.27019631748215e-05	0.0032176674054780426	0.00016604178224154502	2.2762406378121742e-05	0.0027547513200255774	-0.011208343940883771	-0.001374375676691282	-0.00040863516599232066	-0.01308779787242432	-0.0017985123654884064	0.00016100999004264367
11.68	-0.0003840248574290363	-5.175364177169489e-05	0.003198410216468713	4.347981825222355e-06	5.510288873208241e-07	0.00276924079267595	0.009963417676976082	0.0015020427104119344	-0.003031236945621144	-0.017876136531163635	-0.0024513027730433496	0.0024653560174896626
11.690000000000001	-0.00020367729152903855	-2.5811850656775763e-05	0.003174396854853789	-0.0001586190981449031	-2.1637874911672953e-05	0.002790575398210454	0.024430582379336995	0.003429867366831848	-0.00046057543621783677	-0.013139117814833248	-0.0017850101621719062	0.0006541247115686088
11.700000000000001	7.499985734470795e-05	1.2755498683425668e-05	0.003195599311537422	-0.0002419008424932434	-3.3050441440287967e-05	0.0027761957737537425	0.029176514339534734	0.003986973978281029	0.003434368612577954	-0.0028827801962888716	-0.0004197863761583573	-0.0024580933586516463
11.71	0.0003248948226212098	4.6170185146694315e-05	0.003220974574883059	-0.00020776014153504419	-2.8473101073924607e-05	0.0027587466375380127	0.01827237067785192	0.0023614307815745905	0.001052206622707918	0.009457180291285932	0.0012925678734959005	-0.0006489288167932131
11.72	0.0004071847557860681	5.588991093208117e-05	0.0032128196595528537	-6.905986233167249e-05	-9.373087459594996e-06	0.0027654435624297055	-0.002441632236298751	-0.0005006189674936361	-0.002515016302558614	0.017103590389025168	0.0023479371010885026	0.00186223662283269
11.73	0.0002861841325368587	3.780487831338628e-05	0.0031818255688996636	0.00010456599794629388	1.4600468624844875e-05	0.002788297095469182	-0.020292461852987845	-0.0029124835064261567	-0.002639502512631535	0.01590419027622282	0.0021951187359607245	0.0019169398098874103
11.74	3.2870582613461194e-05	1.9738188225502753e-06	0.003182403186945633	0.00022238680842916645	3.092202292998427e-05	0.002784781217366765	-0.02896538234813356	-0.004028004341842114	0.0026573239856288976	0.007098279049412046	0.00097928767653087	-0.0025008182696495533
11.75	-0.0002459151376073043	-3.585897035752529e-05	0.003211421792967341	0.00023391953748592108	3.2523803971822446e-05	0.0027592227924937113	-0.023936884302801727	-0.0031633838619276513	0.0021680727694308503	-0.005110245757667195	-0.0007136598596728328	-0.001850040456085825
11.76	-0.00040027550329257874	-5.555517227524622e-05	0.0032161618478234533	0.00012843148301667232	1.7721743519093795e-05	0.0027547890092695913	-0.0055444392915084935	-0.0006028105119781466	-0.0012697830624027076	-0.015074021523161292	-0.002103685878018455	0.0010206489829835733
11.770000000000001	-0.0003502378339769982	-4.6906313577395916e-05	0.003191355693787775	-4.250647549796639e-05	-6.170059334500943e-06	0.0027760857369726016	0.014764391884793424	0.00220289311241161	-0.0030579400905069282	-0.017563245359360425	-0.0024383301535612287	0.0027566612237415514
11.780000000000001	-0.00013509690824648287	-1.600500208733733e-05	0.0031766763007580892	-0.0001898287484344563	-2.631488397523858e-05	0.0027915425089879713	0.02677296374168511	0.003756748675063158	0.0012068192762170042	-0.010755636804576852	-0.0014387449495488422	-0.0006550026934837329
11.790000000000001	0.00015094804943157337	2.355872379248428e-05	0.0032050130590859545	-0.0002450317574224137	-3.349237583833761e-05	0.002771483957259893	0.027767839757947214	0.003762995029583251	0.0030756006848668186	0.00040202033685070044	0.00010878309680370693	-0.0022224461124569026
11.8	0.0003665206942396919	5.176881800884972e-05	0.003221533411952539	-0.00017956492360833202	-2.3970899137253156e-05	0.002759454008534809	0.013220532364220263	0.001601766438347906	-0.00011500131701069338	0.012105054345743202	0.001707745767896151	2.691402870140074e-05
11.81	0.0003927214588974005	5.3199306222489426e-05	0.003203702732252828	-2.3162436285391674e-05	-2.1907209844814e-06	0.002771670893608192	-0.007986969811125847	-0.0012968814767630212	-0.003092087602529564	0.0178209664059516	0.002459215247927074	0.002176716713531965
11.82	0.00022767139904028688	2.877676008989858e-05	0.003175285376623504	0.00014448872813461113	2.0773992701481685e-05	0.002791649289608691	-0.02332269876866432	-0.0033455231824365706	-0.001287759367334625	0.014010447301945042	0.0019086145954266486	0.0007756480273319376
11.83	-4.481982983097122e-05	-9.47968811054079e-06	0.003190756994448257	0.00023823452209688383	3.332666847816975e-05	0.0027765800988814923	-0.029317363118044188	-0.004053156200297054	0.0033184384595190547	0.0041478870496440305	0.0005292989568839927	-0.0028415819817998074
11.84	-0.00030446370355920643	-4.4628616735458114e-05	0.0032177011902907566	0.00021690150034399746	2.996192395412059e-05	0.002754589899915974	-0.019979828125417563	-0.002630178087523338	0.0013972706147792895	-0.008290108972940914	-0.0011962742020920959	-0.0010383572843572235
11.850000000000001	-0.0004072295236753166	-5.700170278501314e-05	0.003213628967317448	8.645069758683316e-05	1.1479942962188515e-05	0.002758860044870373	0.00025064378981193514	0.00026872943145453496	-0.002127160055741959	-0.016656066748911742	-0.002342590330340976	0.0017939401137338528
11.860000000000001	-0.00030480671356965	-4.051672755964534e-05	0.00318438131614618	-8.804944092658143e-05	-1.2848481966094575e-05	0.002783787107823512	0.01891621257479221	0.002805833521080422	-0.002829013499730228	-0.01654067006297506	-0.00228514098141658	0.002486281508462506
11.870000000000001	-6.0817891495860434e-05	-5.4320438548344815e-06	0.0031808387912613764	-0.00021522108121976773	-3.063070894824727e-05	0.0027884183057217266	0.02849378754347402	0.0040244605033321005	0.002420840027123757	-0.008202660290919421	-0.0011475396243555316	-0.0018216494394834935
11.88	0.00022195177548091884	3.365039251951163e-05	0.0032109783714196977	-0.0002397112891722362	-3.382467452655336e-05	0.0027657828077475933	0.02519192367343809	0.003406069343231713	0.002478237005377319	0.0038034457417497063	0.0005806489134229895	-0.0018448384411643651
11.89	0.0003941911857563678	5.596148225708366e-05	0.003219271701695972	-0.00014441930500684854	-2.0094457568536945e-05	0.002759518100822683	0.007644579490022937	0.0008524846116343091	-0.0009836838340102501	0.014388951901915206	0.002058642175222457	0.0006936727164344667
11.9	0.000364318629062935	4.9700249687009304e-05	0.003195033647043967	2.404396731496431e-05	3.9983009208376515e-06	0.0027771291536616595	-0.013030909659388553	-0.0019910570738581354	-0.0033073336535642166	0.017803393809212933	0.0025380391267535826	0.0024342062332851984
11.91	0.00016180714169209553	1.9763015156741426e-05	0.0031742065675906695	0.0001781074921105088	2.5757659669346953e-05	0.0027919945301980013	-0.02588529898774961	-0.0037674383098037865	0.00043506004931112194	0.011671960916344854	0.001651293870452552	-0.0005513402235371636
11.92	-0.00012224459860462922	-2.0701684743416405e-05	0.0031995553449395055	0.0002444517107957097	3.515018894803895e-05	0.0027699008481422384	-0.028421212054827456	-0.003964096447257257	0.0032266059330945626	0.0009009890908608856	0.00012584971572774525	-0.0026243713427835085
11.93	-0.0003519223213826055	-5.182721784440396e-05	0.0032198999082079277	0.00019109508158340313	2.714588270845993e-05	0.002753878556735034	-0.015213503620252408	-0.0019348181769439678	0.00042277912372766394	-0.01110962154173273	-0.0016498049271452694	-0.000293074974866019
11.940000000000001	-0.0003998613933099522	-5.635235682404092e-05	0.003206715321964531	4.144413713314626e-05	5.009269911625443e-06	0.0027650668560875212	0.00589715278749828	0.00105441358566462	-0.0027886664878888925	-0.01757314121530775	-0.0025933140563052307	0.00232549097332405
11.950000000000001	-0.00025070825389867464	-3.3132899352830876e-05	0.0031780732849461665	-0.00012924016117747396	-1.9859453024449867e-05	0.0027901390730459305	0.022270008497843212	0.003350802858967887	-0.0017917692193141453	-0.014827259182389675	-0.0021402287841007085	0.0016719547313499585
11.96	1.5175697451960517e-05	6.112378639151739e-06	0.0031884676560921554	-0.0002329762861651084	-3.487491789764802e-05	0.0027830373713156513	0.029292446802235902	0.004245942525659025	0.003127159294433574	-0.005381420113147459	-0.0007757794326216598	-0.0024813047739216084
11.97	0.00028349030465467867	4.418194870735787e-05	0.003216175864254334	-0.00022523176522410581	-3.3197509877427085e-05	0.00276090939622357	0.021608424340604077	0.0029657738935318424	0.0016413928361079064	0.007010126596481012	0.0011042723498311889	-0.0013236487623488244
11.98	0.0004067084787825369	5.9896808031529976e-05	0.0032145645251589355	-0.00010459398631638846	-1.4748281034035927e-05	0.002761034993417465	0.001966491193589658	6.570214030685152e-05	-0.001910897423288463	0.016072490356476905	0.0024082198921426706	0.0013313787226206066
11.99	0.000323795668218645	4.5639856219781925e-05	0.0031858168459717377	6.944568731219642e-05	1.1149164218052759e-05	0.0027823462484793254	-0.017391500519053464	-0.0027215618028074806	-0.003040959449077276	0.01708234229407889	0.0025454713990141903	0.0023581771941378967
12.0	9.059445843840621e-05	1.012601792329296e-05	0.003177395646341077	0.00020548295563021187	3.123293160372188e-05	0.002788335491779802	-0.027882331533870305	-0.004145537225566085	0.002027278782415434	0.009294636570998407	0.0013433201563991257	-0.001744279011410363
12.01	-0.00019443638240140902	-3.1501835584676967e-05	0.00320775624306626	0.0002424193091487467	3.6185498856302655e-05	0.002763789010201879	-0.026296785593391454	-0.0037826362542499555	0.0027908281537868907	-0.002474129843519895	-0.0004212134906187079	-0.0021789591962370586
12.020000000000001	-0.0003842355558627906	-5.779891150900834e-05	0.003220200644472963	0.00015865673200613222	2.2971982466218132e-05	0.0027547379119089283	-0.009832925032539925	-0.0012336048608907898	-0.0005305939551176503	-0.013531592332674905	-0.0020993093916030956	0.0005059301888780398
12.030000000000001	-0.00037603091451783154	-5.422916809436161e-05	0.003199088428447442	-5.61389115490636e-06	-1.9840887392903672e-06	0.002772133732203969	0.011131649380095946	0.0018604603217612786	-0.0031953250330284	-0.017888354191670557	-0.002668832810523494	0.0026299460396434033
12.040000000000001	-0.00018728706546306464	-2.4545538919256944e-05	0.003175085834219635	-0.00016552124020034786	-2.5349914586697355e-05	0.002792715308113551	0.02495826270195746	0.0038059030086830294	-0.00026968555051708513	-0.012587883314342001	-0.001823810864174256	0.00034479571506271424
12.05	9.330993464554841e-05	1.7491660613640077e-05	0.003196754042290277	-0.0002427391110704843	-3.6350280396165226e-05	0.002775937388993988	0.02890671214147302	0.0042380052038444305	0.0032589189167075974	-0.002190505257869936	-0.0002603469902922855	-0.0025347459999899937
12.06	0.0003352975770667305	5.198515944374212e-05	0.0032190482404454877	-0.0002021422450015764	-2.9657514386162538e-05	0.002758259093864018	0.01706129013741372	0.0023305301572378928	0.0007093844286434047	0.010008553470170219	0.001548344907329719	-0.0006238973744493091
12.07	0.00040424873165200744	5.950291923981491e-05	0.0032086343047810707	-5.9829664610788725e-05	-7.836589270528905e-06	0.0027653267500135333	-0.003756288674702864	-0.0008679577474832617	-0.0025770118879022436	0.017243546642901834	0.0026353177262226062	0.0019049753407270602
12.08	0.0002726010573761211	3.7213194927484043e-05	0.0031791488130082867	0.0001126520541358989	1.8045749041368872e-05	0.002787984591056299	-0.02104904181158693	-0.0033365964346633334	-0.002221445952589148	0.015518549723729982	0.002305083777583389	0.0017697337562427985
12.09	1.4857498863637823e-05	-2.4697784776421537e-06	0.0031849779728016997	0.00022571557586326653	3.459018298970489e-05	0.0027828285919423612	-0.029063029110986276	-0.004372477398076208	0.003026591790464172	0.006539428059343541	0.0009241677306607289	-0.0024772456500460364
12.100000000000001	-0.00025979809903047945	-4.289071782121638e-05	0.0032149384651503528	0.00023075628813615714	3.456841776956879e-05	0.002759524620711511	-0.02305852919117141	-0.0032722782968452845	0.002060538121121026	-0.005744427476659302	-0.0009567010186664475	-0.0015346785842079156
12.110000000000001	-0.00040239571519114697	-6.126043750937143e-05	0.003217571114634339	0.00011968242393789087	1.7153634683511164e-05	0.0027578760975412366	-0.0041722426765961615	-0.0002487165159656262	-0.001572826363838168	-0.015453370839179617	-0.002368532145195883	0.0012126140019753679
12.120000000000001	-0.0003397928928300194	-4.812938255482264e-05	0.0031899821499728627	-5.236281383646294e-05	-8.962153418685579e-06	0.00277978872919336	0.015753260016500476	0.002710354455167863	-0.0032336379189362267	-0.017360251089898058	-0.002604661692256539	0.0026598779211116845
12.13	-0.00011836456289296125	-1.2097356416206905e-05	0.0031759258655596795	-0.00019505599048615248	-3.0234303149493615e-05	0.0027917353499533814	0.02710267172136116	0.004255971275567559	0.0014004886516897064	-0.010145237740495515	-0.0015358136985341587	-0.0011574781473879072
12.14	0.00016659642812928227	3.167541405790577e-05	0.003204588539739344	-0.00024297880785801324	-3.7491297466303465e-05	0.002768461629784206	0.027147818993445656	0.004053534070334973	0.002988360686483831	0.0012188728128456419	0.0001856800410421491	-0.0023933660166872536
12.15	0.00037197766058791044	6.0741732759816407e-05	0.0032203056452733123	-0.00017039363333687846	-2.6286529936239827e-05	0.002755733491393967	0.011913522580351948	0.0014973009260284224	-0.00012023762393578663	0.012632021830543209	0.0019558351259207174	5.4956531568508815e-05
12.16	0.0003851491239023358	5.890176234005945e-05	0.0032026038335388712	-1.1422501868459551e-05	-1.764060030486724e-06	0.00276907343554563	-0.009131266133422359	-0.0018064421809530042	-0.0029892806674577887	0.017781598982084243	0.0027288251737740314	0.0023364729546865985
12.17	0.00021147364546929203	2.8681760759736913e-05	0.003176741799362997	0.00015276917963067226	2.339377611077985e-05	0.002790365853266661	-0.023912386854345276	-0.0039440742820579435	-0.0008791788921627203	0.013431013867245253	0.002078313302677099	0.0008157461876336555
12.18	-6.362043621581124e-05	-1.5315764417941775e-05	0.0031936934098701123	0.00024006208526937623	3.700523878448622e-05	0.0027771949192941276	-0.029079852058025955	-0.004516128199936092	0.0031117201559590925	0.003403358043647752	0.0005539319601501111	-0.0024673508478673103
12.190000000000001	-0.0003157998711194489	-5.338165589475616e-05	0.003216911118887414	0.00021141257116193956	3.297043467024958e-05	0.002758975357073324	-0.01880412086933567	-0.0027013672331769305	0.0009531938517560938	-0.008941214299094622	-0.0013311807727599885	-0.0007720647454537788
12.200000000000001	-0.0004052703226813853	-6.408530847192774e-05	0.0032092450202108294	7.663113191962241e-05	1.2249309373594392e-05	0.002764474761559634	0.0016068933284617388	0.0006359991586021701	-0.0023403735848546068	-0.016853900666884917	-0.0026084319004549485	0.0017676901470839216
12.21	-0.0002922017306534543	-4.2909737982844057e-05	0.0031804160668398476	-9.674103334417631e-05	-1.4885101028350976e-05	0.0027873089290349	0.019592453222736513	0.0033674435816462168	-0.0024389397671943968	-0.01612153690077319	-0.00253464647442696	0.0020497668002339856
12.22	-4.480494464988508e-05	-2.2062505273366077e-06	0.003182746489170577	-0.00021803858217615983	-3.405194624821974e-05	0.0027859227433464726	0.02854731080052478	0.00455636498827108	0.002905349743708894	-0.00753906744585624	-0.0011917285674285492	-0.0023516168069097607
12.23	0.00023388479357106572	4.111319397542158e-05	0.0032145902638682075	-0.00023503608093816797	-3.677543420398892e-05	0.002760220796055679	0.02434734334951167	0.0036900725862993385	0.0024353420996204717	0.00452538377068097	0.0006925025499258438	-0.0019806903211104948
12.24	0.0003951841716695191	6.42386488966394e-05	0.0032210333844004914	-0.00013423196153559212	-2.1099297210030864e-05	0.0027541936456631994	0.006411353002146453	0.0007369530433784848	-0.0012325282546128274	0.014748351900368654	0.002331731180028239	0.0008445365635579929
12.25	0.00035376479475913124	5.4569688912773405e-05	0.0031948153067420867	3.52104926903344e-05	5.6639912691217736e-06	0.002773975870565423	-0.013969395299557786	-0.0025227745838671254	-0.003395855042799171	0.01764139421544015	0.0027751703062492456	0.00268056663864552
12.26	0.0001452198492545873	1.908294501302462e-05	0.0031747442746081064	0.00018520055653769633	2.925665933455887e-05	0.0027905975727966314	-0.026216076732657523	-0.004312101944656042	0.0006079334220035359	0.01111358693371222	0.0017652676996627909	-0.0004095261066316563
12.270000000000001	-0.00013805262937090468	-2.6396661212199745e-05	0.0031997096943638336	0.0002447307000110726	3.883406830868178e-05	0.002771610757567623	-0.027847626711578692	-0.004363455816033999	0.003038252440082198	9.581647956178601e-05	3.075741238778634e-05	-0.002225331315216854
12.280000000000001	-0.00035781579717540597	-5.994216793268484e-05	0.0032180126296089753	0.00018411350655654597	2.9274889996686376e-05	0.0027589849957983634	-0.013920599167039012	-0.0019846185517214563	0.00024286308854359556	-0.01167783667514577	-0.0018451903852817375	-4.2678624518414915e-05
12.290000000000001	-0.00039269601296915716	-6.270862500316162e-05	0.0032039601293775153	3.090205237502985e-05	4.982262069594306e-06	0.0027709461745281314	0.007048901463399091	0.001414287176662872	-0.0027232419977345963	-0.017658199618661396	-0.002813468614620628	0.0022212341318974178
12.3	-0.00023581753119803495	-3.4953239805109115e-05	0.0031778355790073086	-0.00013732196666731782	-2.1778229652827537e-05	0.0027920577966889805	0.0226773907099687	0.003847557493917868	-0.0012492477909145003	-0.01429413179124519	-0.002289274463909336	0.000977939517758189
12.31	3.157737392518492e-05	9.41215069322223e-06	0.0031925940057704882	-0.00023497902751078636	-3.7494862372792145e-05	0.002778486026341496	0.02905718592118854	0.004729047201120288	0.0032609996495601653	-0.0046341197693707484	-0.0007625940866499067	-0.002859693962115242
12.32	0.0002926565993399633	5.083340072536073e-05	0.0032193826234967714	-0.0002189468319921557	-3.541323500628717e-05	0.002754899138725301	0.020470404520270206	0.0031333132987932323	0.0013654640266538647	0.007822691849102085	0.0011819780217425162	-0.0013252068556756289
12.33	0.00040351795878290983	6.617480668762689e-05	0.003214587917572432	-9.219601197939264e-05	-1.5688608917255888e-05	0.0027562410192201246	0.0007417782328643265	-0.0001761175131447062	-0.0022246377276755385	0.016435445317523924	0.0025894274431366928	0.0015582714976056745
12.34	0.0003106692094252283	4.817164745840269e-05	0.0031838012935681867	8.225598788562102e-05	1.2215732855038554e-05	0.002780280544479388	-0.01810023627052747	-0.003183171362956721	-0.0030377728346794534	0.01675352625569846	0.0027195133234966056	0.002584504352982911
12.350000000000001	7.3038324612651e-05	7.8076942167639e-06	0.0031776008831226085	0.00021261830809362389	3.3535592050515116e-05	0.002787400586912961	-0.02808458051677299	-0.004681698644248596	0.0022719833384796714	0.008574777745222062	0.0014195623767469417	-0.001595727330592694
12.360000000000001	-0.00020920419046211388	-3.826963903189812e-05	0.0032084081353377348	0.00024107241959063486	3.859010228263913e-05	0.0027660430596325104	-0.025532496847466946	-0.004069290940566271	0.002708427612474906	-0.003381231569333796	-0.0004917893683527681	-0.0017780393075119629
12.370000000000001	-0.00038821847624341055	-6.542760448052353e-05	0.003219518356622289	0.0001495180747825533	2.4474264591969472e-05	0.0027601251470295994	-0.008592302266647086	-0.0010992761742248125	-0.0006774888347736133	-0.014085743515097863	-0.0022000272994192917	0.0007183318916581925
12.38	-0.00036816307319809544	-5.894023776567277e-05	0.0031978449228996534	-1.7688641888119196e-05	-1.9718815351333443e-06	0.002777816840555475	0.012126099443293905	0.002277525079386952	-0.0031536241720386414	-0.017862530115951507	-0.002862518525926637	0.002443496688802168
12.39	-0.00017293271784789708	-2.462957850010213e-05	0.003176158817459456	-0.00017416278798391865	-2.7188175175517217e-05	0.0027934783783658446	0.02532467937407539	0.0043268003791724465	0.0001128801070827334	-0.012033562265461255	-0.001964555554888492	-0.00041711599455486714
12.4	0.00010797566583197467	2.222516854300156e-05	0.0031988352348971774	-0.0002444734213321243	-3.9031372331648456e-05	0.0027711083161081076	0.02849095834258725	0.0046374238789234894	0.003101116511880886	-0.0013175251339085487	-0.0003009441827864294	-0.002826927266849802
12.41	0.00034204372456086746	5.9257767506036744e-05	0.003218851152218824	-0.0001950317519416188	-3.179467686455323e-05	0.0027527036804872863	0.015984724504357558	0.0023971950292710634	0.00044872162915679374	0.01077804875778862	0.001684825694795353	-0.0004964097474276718
12.42	0.00039919785759131996	6.588312301546367e-05	0.0032061057162865235	-4.703561919440573e-05	-8.456600670418117e-06	0.00276211526901707	-0.0048897471359329574	-0.0011061785998345616	-0.0027221801136392797	0.017530624181190845	0.0028082326343351997	0.002230518165764916
12.43	0.00025911948349468774	3.99575372535308e-05	0.0031774433846292645	0.0001250250269519493	1.919084739107066e-05	0.0027872900034201327	-0.021539861403869244	-0.003785260603452202	-0.0018873250232445567	0.015151279800135762	0.002447867758944672	0.0018734762354181394
12.440000000000001	-1.9006978417434338e-06	-4.506464864075444e-06	0.003186800290154057	0.00023234929168146416	3.681988241100219e-05	0.002783093948664541	-0.029102627390230642	-0.004841590301389241	0.003170618274634785	0.0057768736910014185	0.000977128399750644	-0.0022386714771786037
12.450000000000001	-0.0002719839023476577	-4.8296085797213626e-05	0.0032162013943115462	0.00022862043418100784	3.692062987219845e-05	0.002762473278523162	-0.02214136629887487	-0.003459023104755771	0.0018708013268219702	-0.006674741073945863	-0.000989505744132817	-0.0012733725385525134
12.46	-0.0004031889132273504	-6.733387962836022e-05	0.0032169573886988074	0.0001100289736683622	1.8546261315263104e-05	0.0027627352283594564	-0.0029335337527419693	-0.00017068504660594275	-0.0016894753227286669	-0.015996933395376233	-0.0025300024890455566	0.0013307312873524842
12.47	-0.0003296493032614756	-5.2324602120251535e-05	0.003188996081657929	-6.446684407154905e-05	-9.550279994744466e-06	0.0027840727421627274	0.016577556576579198	0.0029911413653978935	-0.003125243081142625	-0.017266315581374578	-0.0028285847949837653	0.0023673088924771363
12.48	-0.00010258022630221417	-1.310429592344411e-05	0.0031780457404312797	-0.0002034093926432894	-3.250266697957304e-05	0.0027904642827516436	0.027478200513742803	0.0046273614392860355	0.0017196160989025589	-0.009630386608374595	-0.0016331933095065391	-0.00175704314783144
12.49	0.00018196182645484828	3.3929952421046645e-05	0.0032065597388662853	-0.0002444789040521953	-3.995287017274206e-05	0.0027643678670907384	0.026638255645266076	0.004307462628611852	0.002719365166235296	0.0020429793943462274	0.0002590726981133929	-0.0024201845059726194
12.5	0.0003784915361632279	6.463807090081231e-05	0.0032186290560912265	-0.000164101645399965	-2.7279772776478433e-05	0.0027529473348135306	0.010775099027083661	0.0015056338318984945	-0.0005299298258168054	0.013279476245306367	0.0021561575187049997	0.00030459595205180806
12.51	0.0003798959950477589	6.184946199923212e-05	0.0031978206153354147	-9.25308688866099e-07	-5.667843935068273e-07	0.0027690453039867077	-0.010216252071170339	-0.0019605339301626617	-0.0031542453256419123	0.017935759815391347	0.002948187333803563	0.002615577093752617
12.520000000000001	0.00019834687097150573	2.960747288434872e-05	0.003173508679478496	0.0001612640395656185	2.6293665681983126e-05	0.002791116805680332	-0.024412879446425253	-0.004205265064629088	-0.0003779237856273029	0.012943167824899106	0.0021500292254721435	0.0006274778649039571
12.530000000000001	-7.928753274402109e-05	-1.7034021443086805e-05	0.003195328949855717	0.0002423491794864416	4.00370287833393e-05	0.0027764072123952206	-0.028938116160180223	-0.004760243981126593	0.0034552166855875894	0.0026524524199455597	0.0004591065056098675	-0.0024424469836540623
12.540000000000001	-0.00032548642724160347	-5.6581701824353345e-05	0.0032204347389713788	0.00020598516933340553	3.422516447520391e-05	0.0027594259213704875	-0.017841164545238562	-0.002754079869457421	0.001017702279721893	-0.009628112218787394	-0.0015789568871862646	-0.0005784980618418455
12.55	-0.0004039889426659615	-6.72031875491265e-05	0.0032120691608746384	6.605377863074397e-05	1.1146377849447356e-05	0.00276662420267402	0.0027356021396784352	0.0007021505821534044	-0.0025024770890343215	-0.017137307009349737	-0.0028360604985011996	0.0019015207797005843
12.56	-0.0002812272207380911	-4.451211806414326e-05	0.003181674367628581	-0.0001069617610125993	-1.7390840357266563e-05	0.0027890296914498845	0.020370993586661116	0.0035562516735998667	-0.00252372747346429	-0.015759761856665527	-0.00260555628138732	0.0017922569720224021
12.57	-2.816763073660156e-05	-1.2962825593356545e-06	0.0031836493457356317	-0.00022314521077604755	-3.6878552546102726e-05	0.002784039894437752	0.028851662802340822	0.00483944869400252	0.0027452352045363574	-0.006909771927501269	-0.0011688845046282322	-0.0025915728890624455
12.58	0.0002486037731337652	4.4423700750962544e-05	0.003212633399148618	-0.00023234390767337638	-3.8693930398434426e-05	0.0027581049168526658	0.02366260730033178	0.0038112789422755544	0.002118273329585041	0.005343134132346511	0.0008657744368222845	-0.0018254008609057376
12.59	0.00039959204174488933	6.767614068090376e-05	0.003216903448567911	-0.0001249024616030123	-2.1122534039953598e-05	0.0027540781289880235	0.005147562460700579	0.0006254894039846337	-0.0013451095726762458	0.015175798597512214	0.002517218804344794	0.0010635089103192188
12.600000000000001	0.00034630785711425724	5.642813279194023e-05	0.003191165583571471	4.629213320717914e-05	7.336507905024091e-06	0.0027754888999614205	-0.01501042972862847	-0.0026983723028041434	-0.0031568796628037377	0.017495242510066445	0.002922190266295507	0.002761339883286888
12.610000000000001	0.00012995798942168989	1.8695986693286405e-05	0.003175945137282067	0.00019185489966898976	3.1712245401380176e-05	0.0027907963764224634	-0.026785474685693467	-0.00459055855538026	0.0011888542370212894	0.01051132098985657	0.0017929529891811309	-0.0006352721223337756
12.620000000000001	-0.0001550292006240595	-2.9420421960227098e-05	0.0032036864584660814	0.00024440829770996946	4.069662147817715e-05	0.0027715205245192735	-0.027514819883466567	-0.004562817044249704	0.003049868028944227	-0.000712115129614394	-9.156529834080078e-05	-0.0021153361146756884
12.63	-0.0003669594085536017	-6.361647013562872e-05	0.0032204929737877698	0.0001763188966832841	2.9614104089768368e-05	0.0027602954584690013	-0.012791603708464962	-0.001953140300650773	-5.210273749524303e-05	-0.012276341203637572	-0.0020444833771508394	0.00010033564885235927
12.64	-0.000389384575788106	-6.499414093866843e-05	0.0032031329605830194	1.9400292346965003e-05	3.579990925012204e-06	0.0027733013718981066	0.008281219619253703	0.0016261458022676864	-0.0030434218605401523	-0.01776040386947173	-0.0029503537380733873	0.002224346726872203
12.65	-0.00022269233929362304	-3.502336620358496e-05	0.0031757859765063224	-0.00014642168101207555	-2.3949306788298013e-05	0.002793034071570125	0.023386789572692655	0.004085844088095894	-0.0011233003611763055	-0.013724767670708632	-0.0022874010661476834	0.0006714703937772814
12.66	4.971626177573052e-05	1.1799917660840257e-05	0.003192295021173714	-0.00023743377188188442	-3.9231233553646405e-05	0.002776505086053952	0.0291815116534093	0.004961408185819502	0.0033079775887978166	-0.003875007723479715	-0.0006724471586870257	-0.0029712968731703863
12.67	0.0003065828986378367	5.4450513519756146e-05	0.0032186152031165776	-0.00021395568659023792	-3.5851850890790776e-05	0.002753235540218178	0.01955582724505503	0.0031417912490114505	0.0013019205578145459	0.008452314827787404	0.0013505994924349035	-0.0011714909864293313
12.680000000000001	0.00040498729275854065	6.901684762661722e-05	0.0032133722105074274	-8.257316696711202e-05	-1.4425036156012103e-05	0.002756498053880569	-0.0006721318598248956	-0.00036371118762504307	-0.0022245172787700423	0.01669284740972851	0.002730555784190183	0.001762134017648174
12.690000000000001	0.00029929002564568205	4.893526466796944e-05	0.0031838836455578153	9.165213916575146e-05	1.4120076827093234e-05	0.002781752215027906	-0.0191411152139346	-0.00343461002679916	-0.002778934523182913	0.01645415444855348	0.002713069938666413	0.002559048636303473
12.700000000000001	5.420147569446943e-05	6.038127384598729e-06	0.0031809737440695106	0.00021724731430022775	3.5346889762648654e-05	0.002787526153836995	-0.02851169256822926	-0.004888427715864362	0.0024188254729280902	0.008006026544174762	0.0013992849299213274	-0.00165698565206332
12.71	-0.00022670101557656697	-4.1577300311123156e-05	0.0032100319218785344	0.00023897586192188873	3.96690778583253e-05	0.0027671380885225293	-0.02481871953474921	-0.004116573468499311	0.0023380827549150424	-0.0040659520143104325	-0.0006043601534424721	-0.0016018812560707964
12.72	-0.0003944499198678679	-6.825706024364073e-05	0.0032168508203616296	0.00014182491596894024	2.4178593321567436e-05	0.002762840609625844	-0.007162320290556113	-0.0009689855551091013	-0.001072828531894126	-0.014481928052436267	-0.002365776867367356	0.0008166219970650362
12.73	-0.0003600734295943663	-5.995058330970569e-05	0.003192911979120663	-2.6550326992796428e-05	-3.63200687428449e-06	0.002780724459334469	0.01338842210929162	0.0024954095699510283	-0.0031363703846765917	-0.017693043385212874	-0.0029473670699726763	0.0023349592100374793
12.74	-0.00015584972976316348	-2.3660901325544684e-05	0.003175010461091178	-0.00017871770884236954	-2.906338393676996e-05	0.0027928100454695215	0.025905820558668958	0.004488252294895797	0.0008000938280436918	-0.011455818168320982	-0.0019279693448806152	-0.0009703041478467703
12.75	0.00012681525624431636	2.466012777452037e-05	0.003202555177696566	-0.00024269869468119675	-4.021992178751849e-05	0.002767463101290067	0.028113693073560764	0.0047256659528488966	0.0033141376422400285	-0.0006286247307507464	-0.0001850768933567895	-0.002868642465724771
12.76	0.00035182373891765045	6.164838941296524e-05	0.0032228256695260673	-0.000186995793939957	-3.151852640694006e-05	0.002750104538861694	0.014680462126098248	0.0023178394359096065	0.0003376446244377325	0.011281722847242106	0.0018242773415818824	-0.0003000991758487234
12.770000000000001	0.0003949105332888732	6.691632782723146e-05	0.0032080779964985522	-3.6551849303654825e-05	-6.636324402715427e-06	0.0027617757349138513	-0.006263271764797298	-0.001273720449284127	-0.002997828386245045	0.017512329556407476	0.0029410071526750747	0.0024361029226865082
12.780000000000001	0.00024372117870022255	3.929828203077293e-05	0.0031771157135470616	0.0001323876799040961	2.1808133253551126e-05	0.0027880335931755257	-0.022340778327487376	-0.003944503827134929	-0.001961081494786188	0.014535547982111497	0.002466800190097718	0.001804222911303076
12.790000000000001	-2.193030423487093e-05	-6.831277708660065e-06	0.0031863021196469085	0.0002330918266113726	3.8908796751781604e-05	0.0027825941978491748	-0.029158993461023266	-0.004988281845799977	0.003032635167937376	0.00508253443212786	0.000860009085374211	-0.0022373143529323307
12.8	-0.00028703704585261996	-5.14108477026997e-05	0.003213731991534468	0.0002227636600452042	3.723570576935097e-05	0.0027631161505698144	-0.021152892949943054	-0.0034998376033224966	0.001680176742004625	-0.007192316679486538	-0.0011903390999386137	-0.001096479942273141
12.81	-0.0004055748172820475	-6.995504228758614e-05	0.003213553640940396	0.00010111592663069757	1.7123567963343472e-05	0.002764729731329661	-0.0015301241311206826	-5.8547345112124595e-05	-0.0016863349331511805	-0.016077123677316996	-0.0026696447273524744	0.0013631894369854375
12.82	-0.00031950044009054773	-5.3147135854952916e-05	0.0031873274648320524	-7.167518289085634e-05	-1.1531839706222014e-05	0.002785057018939527	0.01759176436881744	0.0031934952952327625	-0.0027812827639688725	-0.016844748952058466	-0.002823286619244512	0.002131143462076097
12.83	-8.554718634448395e-05	-1.1857958004361399e-05	0.0031807853283268204	-0.0002049297353773204	-3.399903522766759e-05	0.002788223418875691	0.02783531404465171	0.004841183820252781	0.0020497512921737837	-0.00899137798075329	-0.0015402412778072235	-0.001990298645748
12.84	0.00019739683543595766	3.667221210031105e-05	0.0032096750485678532	-0.00023898011021311966	-4.0205553194749576e-05	0.0027619628510796336	0.025932405258785464	0.004371621875405323	0.002547196646457428	0.0027132856190656665	0.00041096414755611467	-0.0022867174150326755
12.850000000000001	0.0003832428907893008	6.690656310486009e-05	0.003219542191328876	-0.0001536585404271568	-2.603250507847335e-05	0.002752359311076173	0.009469886021622778	0.0013938433860931636	-0.0007912479254574623	0.013589847833194738	0.0022825745892572835	0.0005230987352484329
12.860000000000001	0.0003717903691170436	6.267050703005262e-05	0.00319687493670052	9.902216480390491e-06	1.4314574315545788e-06	0.00277043405980318	-0.011351488737445787	-0.0021593326333249774	-0.0032559155558218728	0.017666975622452792	0.0029641127331865745	0.0027376847226406875
12.870000000000001	0.00018243867388791272	2.845469955686463e-05	0.003173565491889519	0.00016685975314491294	2.786000453739044e-05	0.0027920118163521786	-0.024860902890358565	-0.004421300280446022	-6.936812679469243e-05	0.012252569891993075	0.0020737847611389357	0.00041468158846819737
12.88	-9.61229289536806e-05	-2.0085909135553337e-05	0.0031969447642692167	0.0002408185523583465	4.042464478753943e-05	0.002776286634581052	-0.028596912444445653	-0.004903933891051856	0.003386624176575737	0.0018550417235792462	0.000336477486179908	-0.0024138723971478455
12.89	-0.00033469679352045637	-6.0123141847578287e-05	0.003220518099721667	0.00019740542669381648	3.324078352628095e-05	0.0027596240314269145	-0.016717038248049647	-0.002720009986776707	0.0007946093171556794	-0.010178860133123042	-0.001704490869314111	-0.0005679729342474271
12.9	-0.00040062110767377033	-6.950430767740203e-05	0.003210364522639662	5.427878955121103e-05	9.337688203240225e-06	0.0027665566099837995	0.004021056554209592	0.0008980599059413789	-0.0026072356036235867	-0.017182770029402217	-0.002872807541512115	0.0018228187138508091
12.91	-0.0002675819637795477	-4.489087347044429e-05	0.0031805299776863343	-0.00011624208025789004	-1.908553728232833e-05	0.0027877440230808	0.021040581774578494	0.0037473559613586103	-0.0022666424582898723	-0.015235970983605057	-0.00255283923269587	0.001557526925019626
12.92	-1.0279537063894097e-05	-4.137761760218902e-08	0.0031849577172593903	-0.0002259847684363893	-3.751884132289053e-05	0.002780803036335405	0.028925093919177296	0.0049812646229731375	0.0027824184977944624	-0.006178938796917549	-0.0010344469686955284	-0.002558626901344716
12.930000000000001	0.00026188560628209474	4.6432978478021086e-05	0.0032123293147357213	-0.00022748544050000115	-3.787495203536456e-05	0.0027571378785974736	0.02271316795156524	0.0038300239651893244	0.0018653764314878556	0.00606753581433837	0.001009713433220048	-0.0014991553032936112
12.940000000000001	0.00040082768223952266	6.918386510099204e-05	0.0032143134833491267	-0.00011479720753133307	-1.907564629609971e-05	0.002756454847691316	0.003827452762313821	0.0005298650554919079	-0.001506396407271148	0.015519539543343185	0.00257905837648679	0.001382646091161397
12.950000000000001	0.00033571723740674007	5.6882231651874205e-05	0.0031887088720907127	5.6697860322311854e-05	9.430323183007057e-06	0.002780016966282613	-0.015894593027513535	-0.002815721086268061	-0.002934465400286483	0.01721450265609575	0.0028504009276491935	0.002772660442143443
12.96	0.00011386189485931608	1.827943470474985e-05	0.003177837306507054	0.00019694566731545294	3.244468205097952e-05	0.0027925116940950637	-0.027072729682618653	-0.004659544913531715	0.0016948687309206287	0.009863850921644676	0.0016166928669410618	-0.001152761678538631
12.97	-0.00016989521429609258	-3.02043135146691e-05	0.003207862278846499	0.00024194865631959402	3.984419660588775e-05	0.0027694939247581195	-0.026917689311163503	-0.004567903259301661	0.002979535637808468	-0.0015153571058535561	-0.00023307903163769764	-0.002339208564107824
12.98	-0.00037213626979349886	-6.398509070142435e-05	0.0032225448909331605	0.00016703211556828228	2.7703941278290963e-05	0.002757031060803692	-0.01157522101886891	-0.0018847567523853784	-0.0003416773282979266	-0.012780613800060292	-0.0020954851941335376	7.080861812852104e-05
12.99	-0.00038229467252416123	-6.478882888247538e-05	0.0032024835979951433	7.603131867091159e-06	1.3176144602666312e-06	0.00276991797433599	0.00936751679834252	0.0016899909969055632	-0.0032615894760466453	-0.017738072470430407	-0.002964336225502513	0.0022512527527440264
13.0	-0.00020736223029316767	-3.425347263411793e-05	0.0031746253520283157	-0.0001549261254193133	-2.613180827993609e-05	0.0027893956047397167	0.02392580824480041	0.004152853361053027	-0.0009952277308865785	-0.013160243572293624	-0.002266740833308458	0.0005386939416722762
13.01	6.72088151770959e-05	1.3184614647894623e-05	0.003191211259775343	-0.0002391174713159767	-4.077304292211106e-05	0.0027738420563932146	0.028929199786329657	0.004930205334433849	0.00314534967389016	-0.0030559109964864825	-0.0005553158458814293	-0.0026219734116869086
13.020000000000001	0.0003172403809860872	5.532510075659472e-05	0.003215666513867395	-0.00020746699457211643	-3.550238767236952e-05	0.0027550854322284106	0.018541720434634774	0.0030476712029515805	0.001147367936108154	0.00915944810925988	0.001570791834094433	-0.0006945530784534092
13.030000000000001	0.0004040471471379884	6.868664821237469e-05	0.0032096474006408156	-7.146157310794193e-05	-1.2146263915110879e-05	0.0027622619395721447	-0.0018648458836100182	-0.00047590646004212853	-0.002191976228424725	0.016866842074496357	0.002911458396640546	0.0020029995668984476
13.040000000000001	0.0002889423777635322	4.7588610718538396e-05	0.003182492312466947	0.0001010107888981563	1.7740760316569266e-05	0.0027875644210462063	-0.019745391463262037	-0.003484930540062087	-0.0022973656836081293	0.015881480398336242	0.00277583909396396	0.0022632338283270796
13.05	4.015408449411822e-05	4.492380933409368e-06	0.0031855714540152025	0.00021930626063092288	3.8462381649337735e-05	0.002788010258901124	-0.028637309610316426	-0.004915833357287573	0.0028743580840199052	0.007190027496455027	0.001275842118042346	-0.0021771709617722686
13.06	-0.00023787261398052783	-4.294565316704613e-05	0.003216079660309338	0.0002323896999938791	4.0927173145742965e-05	0.0027638991525245032	-0.024161005186996563	-0.00406154465491012	0.002226658455537157	-0.004903275704533724	-0.0008621878945686458	-0.0018595676818157446
13.07	-0.0003965872822127002	-6.892081736621311e-05	0.0032203408867012675	0.00012888757264656998	2.291330351190711e-05	0.0027581587802507257	-0.006107264887836256	-0.0009030837200810072	-0.001446151809771723	-0.014892584886697651	-0.0025786595417470236	0.0007824554648151977
13.08	-0.0003524957950638006	-5.988808009097586e-05	0.0031923664934451947	-4.0638634993573896e-05	-6.713153885316731e-06	0.0027763431435999316	0.014191258721655041	0.002565452990027385	-0.003492568714734028	-0.01747500417664197	-0.003062431224866008	0.002418914740421643
13.09	-0.00014212480451843935	-2.270600211536672e-05	0.0031728854439871663	-0.0001874627513430398	-3.241956080987267e-05	0.002789205028568663	0.02635167569321642	0.004616416164468419	0.0008049261253667235	-0.010718013759303603	-0.0018856054337373568	-0.0008497031295699341
13.100000000000001	0.0001417945088695341	2.6606717022421613e-05	0.0031997457217103043	-0.00024268268402759488	-4.220356100404095e-05	0.0027670966248624085	0.027833973555431827	0.004771238857755132	0.0031868825029334477	0.0003282377771544775	4.3923070028189694e-05	-0.0024167663524559744
13.110000000000001	0.00036020883002084843	6.365643439379456e-05	0.0032191847872048585	-0.00017847483335382808	-3.1213333642600744e-05	0.0027539640014605025	0.013705924163120133	0.002272887399988346	0.00030948133163639956	0.011962362796906115	0.0020621572765141738	4.59247559088081e-05
13.120000000000001	0.00039236747541958897	6.807300554192034e-05	0.0032055672102513713	-2.374302054004551e-05	-4.575532745919522e-06	0.002767842971475003	-0.0073570637799302945	-0.0013815411713454025	-0.00270786381892959	0.01763872697830901	0.003039041902047611	0.0024815433952661468
13.13	0.00023285519471744602	3.945662674712825e-05	0.0031796534087177165	0.0001425639464941681	2.4019713167470982e-05	0.002791975028774239	-0.022890756994436285	-0.004037694968192801	-0.0012378766849555096	0.013955269949731959	0.0024113837644362097	0.001299970830132088
13.14	-3.637854205226476e-05	-7.56064005571348e-06	0.003193615158654213	0.00023602977782861327	4.0379182776728574e-05	0.0027813600481488036	-0.02913685324643436	-0.005042627636979623	0.003097391838263883	0.004188237469003634	0.000747847700271891	-0.002600748887767763
13.15	-0.000297317359264464	-5.236657516240973e-05	0.003218305721252527	0.0002158012417592444	3.7259290067112145e-05	0.0027597016091211166	-0.020364518410422815	-0.003458166149137472	0.0011495645332498404	-0.00813809273942575	-0.0013528170057608407	-0.0012047218227930444
13.16	-0.0004057331157056219	-7.042521255727016e-05	0.0032118484610563543	8.70426516127056e-05	1.5547538273946644e-05	0.0027610883916745132	-0.00040185274723511397	9.401535552035597e-06	-0.0023322435569824037	-0.01650310755252438	-0.0028123407598641607	0.0014586744395908978
13.17	-0.0003097039995500414	-5.299099772459497e-05	0.0031813047474621133	-8.633112593256418e-05	-1.429702910961004e-05	0.0027825850581670664	0.018340619245529478	0.0032255942342364545	-0.00286757468129825	-0.016483582373590825	-0.0028439928046049214	0.0021753698697277364
13.180000000000001	-7.036525377219763e-05	-1.1124862527741926e-05	0.0031779915538919863	-0.00021298131187542918	-3.6197128777659623e-05	0.0027852390608941848	0.028171227925630284	0.004923517122671298	0.0025412622743007864	-0.008173355253146088	-0.0014292120963236268	-0.001978313928758971
13.190000000000001	0.00021180249356967908	3.812210836341812e-05	0.0032105213171114704	-0.00023753037116592534	-4.096111086701932e-05	0.002761135493652595	0.025404041439055967	0.00440803945206968	0.00281329524277661	0.0037321541792636687	0.000568056063582581	-0.00192716462497475
13.200000000000001	0.0003885145587764147	6.85203198630646e-05	0.0032220243514458078	-0.0001434062574100093	-2.5404727362303223e-05	0.0027552649688126385	0.008285086280303342	0.0013887382189783158	-0.0007164528574948524	0.014230609867575596	0.0023837953103060753	0.0008414701037872757
13.21	0.0003654415354846128	6.36397574370751e-05	0.003199362451048254	2.3686975472585296e-05	2.8748117242288198e-06	0.0027753337813779806	-0.012380574799872	-0.0022610709698712506	-0.003286986172783229	0.017716757309707922	0.003029430527354509	0.0027885688534170115
13.22	0.0001683284253067376	2.827811796309887e-05	0.0031767007471257803	0.00017743883198395512	2.9505900111415087e-05	0.00279436278119316	-0.025456070478373716	-0.004514891694063005	6.62724574559426e-05	0.011673016543728475	0.0020606914463694513	-0.0001176414262362716
13.23	-0.00011328616649528983	-2.1008586901794453e-05	0.0031986996150573364	0.00024403309533770363	4.150228157097776e-05	0.0027748081500799777	-0.028458058045201042	-0.004924155275596453	0.002983026356358698	0.0009731297245701581	0.00022928132734839206	-0.0026165801165658684
13.24	-0.00034573223083600457	-6.0834093231447153e-05	0.003217223874295694	0.00019169261549655014	3.304267207683142e-05	0.0027576550018235117	-0.01571834490238919	-0.002652975409318345	0.0003029674878902316	-0.010985029184789694	-0.0018248589940328362	-0.0005037219590813353
13.25	-0.00039975153418528574	-6.92063941270459e-05	0.003203948619374772	4.287261345204717e-05	7.786815682804115e-06	0.00276600558485073	0.005214324355420524	0.0010237194274131543	-0.002683791642471446	-0.01750521110914498	-0.0030045254928053942	0.002002849697170242
13.26	-0.00025687419036842446	-4.34867663959796e-05	0.003176536397952088	-0.00012727803639366118	-2.1739752547880463e-05	0.0027880184124566094	0.021760486079220386	0.003850472127813191	-0.0016517270927370606	-0.014812795788453235	-0.002572004232635299	0.0014756231367213156
13.270000000000001	5.580800805677456e-06	2.468901139215321e-06	0.0031881922698319648	-0.00023106559224902526	-3.987150198082714e-05	0.0027797357175908407	0.02912731951899488	0.005047063663040552	0.003302408313339379	-0.005414982371508819	-0.0009726277297333625	-0.002565618368713789
13.280000000000001	0.0002747453140894818	4.8650269992796644e-05	0.003217896182793282	-0.0002236510877446978	-3.873799308500723e-05	0.002757405450465009	0.021943414461376404	0.003733309512457766	0.0018340745280179876	0.006960465364435746	0.0012249858101635435	-0.0012985380184860282
13.290000000000001	0.00040333617467945587	6.985913008879592e-05	0.0032174912961035226	-0.00010339269544654725	-1.7866890145065095e-05	0.0027586414688916395	0.0026445041697984585	0.0003555550226377685	-0.0018951753049091537	0.016034569069396598	0.0027847751233288703	0.001496599572875029
13.3	0.00032709769088051246	5.579591998961916e-05	0.003187802525170722	6.991492015725013e-05	1.2322707622120337e-05	0.002781986418984693	-0.01685263571372372	-0.0029884552045097643	-0.003242891981057247	0.01700337166319496	0.0029595295762877808	0.0025831347021320005
13.31	9.8108837283242e-05	1.5515849950638255e-05	0.003176644023879475	0.0002052710878424752	3.610293048824198e-05	0.002790672834079996	-0.027598508920552326	-0.004840320360236989	0.0017992764710799962	0.009243627814155594	0.0016227324915000943	-0.0015216380568729875
13.32	-0.00018648342627759597	-3.414888021907656e-05	0.0032059222093621556	0.00024232450448521012	4.253431236303812e-05	0.0027665380215922976	-0.0264961636119137	-0.004606241383447906	0.0028110538789960517	-0.002402163984767486	-0.0004390672893646967	-0.002279583404431726
13.33	-0.00038017910575205817	-6.723020755342507e-05	0.003219175253986325	0.00015923889948847082	2.7503893863294625e-05	0.002755821151673691	-0.010402643960184784	-0.0017055568414993574	-0.00038651770764245235	-0.013465714281106628	-0.002409251927166961	0.0002854042561130472
13.34	-0.00037801964918843895	-6.559139633199777e-05	0.0031998899128906854	-4.286818690372877e-06	-1.2733721822019412e-06	0.0027709779200450805	0.01054154216138249	0.001984928729587509	-0.003011042748569686	-0.017831235753990274	-0.0031087208217773867	0.0024193673853102576
13.350000000000001	-0.00019404303220518286	-3.224822298436279e-05	0.0031765658163070004	-0.0001646238886107015	-2.8884491753979435e-05	0.0027902743470141307	0.024615949697340184	0.00438003116435285	-0.00034443763753349443	-0.012697166102537545	-0.0021901444484368976	0.0003440092037914449
13.360000000000001	8.450835090858409e-05	1.6695545078331157e-05	0.0031968576737933406	-0.0002429013224194562	-4.241941363111492e-05	0.0027743404374136558	0.028888691523045067	0.005032704767994721	0.003140053140519781	-0.0023245136366477175	-0.0003929105165371459	-0.0024438586141450488
13.370000000000001	0.0003288810788415411	5.889824095352381e-05	0.00321868061882053	-0.00020346957976844792	-3.51695540631023e-05	0.0027579785314386556	0.01754183962092807	0.0029961432189898494	0.0007062001120026766	0.009895720192461134	0.001780009014040715	-0.0004812649928180915
13.38	0.0004037083863192536	7.086553720697395e-05	0.0032082329654958487	-6.17666974014995e-05	-1.029831405190622e-05	0.0027665844387773546	-0.0031044879852235286	-0.0006754606032907646	-0.002581342999490581	0.0172385476913945	0.0030098654837901815	0.0020484106129607187
13.39	0.0002779622088621173	4.7670798991296914e-05	0.00317885177834306	0.00011137900764454402	1.986688865313217e-05	0.002790430835258601	-0.020538956006150726	-0.003698035131760051	-0.0022400263503594953	0.015620000270569255	0.0027057060855549256	0.0018797304197579918
13.4	2.3823396707813882e-05	2.1958739299458607e-06	0.003184593137458627	0.00022544125858575166	3.9454200898841974e-05	0.0027853293769073274	-0.028877001600705842	-0.005145456725744727	0.003091379373708129	0.006662047937922468	0.0011202199180989727	-0.002611643903915429
13.41	-0.00025178613982529765	-4.6182922042841844e-05	0.003215677728702439	0.00023176007870320003	4.015885676042248e-05	0.0027593343724270788	-0.023412063802419225	-0.004048285742217941	0.0021769896639064847	-0.005624493792163894	-0.0010222976793021683	-0.0018174228893986762
13.42	-0.0003996990241243582	-7.091538632728815e-05	0.003219525696130064	0.00012196732787759504	2.042397896054531e-05	0.002755193392990444	-0.004817416655189912	-0.0006805394341470342	-0.001496656028018399	-0.01537761978545706	-0.002746914842851049	0.001034687315230091
13.430000000000001	-0.00034299136907592895	-5.9221611173302134e-05	0.0031917892826479654	-5.027286951052521e-05	-1.000079110697479e-05	0.002776035389119167	0.015239267469897934	0.0028597197144274527	-0.003337811039080548	-0.01749896252295815	-0.003052978903898017	0.002674507326649051
13.440000000000001	-0.0001250691811793258	-1.9339616316191433e-05	0.0031755955259009346	-0.00019519527174899324	-3.50078962792674e-05	0.002790117112048076	0.02690563192301174	0.004867682051389742	0.001120026268297567	-0.01043062444130237	-0.0017650325228602698	-0.0008100980652542071
13.450000000000001	0.0001600939766856078	3.165402953529074e-05	0.003201966645172475	-0.0002460768057196332	-4.331483309789698e-05	0.002770024670008416	0.0273999220397513	0.004825838298580925	0.002869933249035458	0.0009154758062848548	0.00020295943343934234	-0.0021340430156827467
13.46	0.0003695628460085045	6.749998180000067e-05	0.003217466855918877	-0.00017609389520650687	-3.055385768303134e-05	0.0027593318833573238	0.012443146219745266	0.001997608978006695	-8.967540902548892e-05	0.012469352922953153	0.002238968586203328	0.00018968904153421576
13.47	0.0003883117770605893	6.862914596685264e-05	0.0032007854543977515	-1.768775446313309e-05	-2.351705233665329e-06	0.002773153876330748	-0.008624595556903134	-0.0017188652051453167	-0.0028784307150346382	0.01786207743432275	0.00316067846510364	0.0023112945534710617
13.48	0.00021879942742199658	3.694521715533294e-05	0.003175865007675912	0.00014837208977914142	2.6785354493341838e-05	0.0027929612447340733	-0.023591739843136103	-0.004326754606827117	-0.0008113742277974709	0.013695150619019748	0.002392148653771986	0.0005808162958208216
13.49	-5.453380113423205e-05	-1.2359961528488945e-05	0.0031943622139091682	0.0002385008938351627	4.285869069949568e-05	0.0027762913747016527	-0.029108327234522082	-0.005164738503619949	0.0033692558351319716	0.0037283482307324273	0.000696142005836741	-0.002876688911094922
13.5	-0.00030922022054216073	-5.721145202619735e-05	0.0032200337811210656	0.0002130247696096076	3.871587450553697e-05	0.0027543453977025957	-0.01926102701773629	-0.003334502525998886	0.0011436059326032364	-0.008677669296031485	-0.0015287159388115824	-0.0010547591741903407
13.51	-0.00040466935797111155	-7.292260741133972e-05	0.0032131215107785173	8.007168301956133e-05	1.4908959383613058e-05	0.0027587463976089595	0.0009562828199845921	0.00034700689927534925	-0.0023877947950943796	-0.016760903730892902	-0.003022625401076591	0.0018584803683062531
13.520000000000001	-0.00029691063381029483	-5.195806049784577e-05	0.0031821537715466842	-9.386599141547997e-05	-1.6565226379889828e-05	0.002784023950494024	0.019240039282172064	0.0035786285870107962	-0.002842474070562008	-0.01632670538455909	-0.002964604027415026	0.002457298066639997
13.530000000000001	-5.153087991918957e-05	-7.109610332229338e-06	0.0031799689328466598	-0.0002177502088589845	-3.910451627369517e-05	0.0027874178487881534	0.028489591509167363	0.00513014870429562	0.002578128684080125	-0.00782213890443866	-0.0014456070921870315	-0.0019374913554001836
13.540000000000001	0.00022855265644419626	4.2630427399602435e-05	0.0032104372961979134	-0.0002375808310147566	-4.327743200612114e-05	0.002764673197517408	0.024664317598529106	0.004325599012729233	0.00246386615665728	0.004262402600785804	0.0007099063347428494	-0.0017822123449726588
13.55	0.0003942866162894165	7.113331174881429e-05	0.003218502341833959	-0.0001388071021712526	-2.590620249607497e-05	0.0027592832064326825	0.006955267570333847	0.0011084733895299545	-0.0010155135106672726	0.01460258241024979	0.002576288703937394	0.0008078808942377166
13.56	0.0003580436009689847	6.316326854061881e-05	0.003194585451008537	3.028136768438848e-05	4.165075723313961e-06	0.0027778470030961643	-0.013542731819153123	-0.0025701473862955364	-0.0032083686672994024	0.0176769967498643	0.003180629872024279	0.0024920291974202882
13.57	0.00015265761564301787	2.548510811668108e-05	0.003175686838176219	0.0001814678624784222	3.176905118868406e-05	0.0027922135138692115	-0.0260023925547611	-0.0046938596224304725	0.0006366702972589945	0.01130456571030879	0.0021036282353901798	-0.0007038590568836194
13.58	-0.00013025800897372786	-2.507745612005428e-05	0.003200937016936959	0.00024332455451065772	4.3608600141017434e-05	0.002769420674461596	-0.028038742903548738	-0.004935773048132725	0.003070765330293711	0.0004016332586616113	0.00014045692868417756	-0.0026289866723982936
13.59	-0.0003540483573817393	-6.382665481449395e-05	0.0032192232142257827	0.00018570442003133434	3.388557550253411e-05	0.002753665292304807	-0.01449477947503212	-0.002436846503403495	0.0001979095034358626	-0.011417401327969211	-0.001997487101156543	-0.0002330435504212591
13.600000000000001	-0.00039473777349378176	-6.931861019605253e-05	0.0032042788130200823	3.442686277885598e-05	7.173309814992576e-06	0.002765271011085242	0.006523282595598853	0.0013208061848168568	-0.002881075761673191	-0.017544590619763763	-0.003126354259535951	0.0023438197885989687
13.610000000000001	-0.0002416494174533476	-4.0845998475389716e-05	0.0031759781648997404	-0.00013406570670280898	-2.312505632817165e-05	0.0027897818249577756	0.02246108502326019	0.004084993889495327	-0.0015624957408938273	-0.014448605983820159	-0.0026319840092787167	0.00153430823375277
13.620000000000001	2.4711245319813323e-05	6.91438720795331e-06	0.0031890264915089644	-0.0002335279835749699	-4.1746554130888815e-05	0.0027814769579651774	0.02912663742679626	0.005157384580746867	0.003302101511870128	-0.004906302334897661	-0.0009844770636884205	-0.0024732040528626527
13.63	0.0002887492938528614	5.299286895096038e-05	0.003217572338242179	-0.00022076061202736986	-4.046126164887912e-05	0.0027603267717488775	0.02096652661575799	0.003564441005180891	0.001650364448867373	0.007479063965224829	0.0012635653981258454	-0.0012099817288968133
13.64	0.0004047280099201812	7.172416875629959e-05	0.003215982188464732	-9.678105756781179e-05	-1.847984202498573e-05	0.002761576423971337	0.0012277677060945683	3.363750331779187e-05	-0.0019211663783664545	0.0162455957881429	0.002934686897781816	0.001419428792727117
13.65	0.00031607461727006916	5.420250457640429e-05	0.0031870171142919135	7.689768175246676e-05	1.3112913303411135e-05	0.00278312543744241	-0.017776642059806676	-0.003316052382791659	-0.0030524146110016783	0.016813123985013244	0.003081943480196904	0.002299273396117931
13.66	8.082307796217588e-05	1.1449361270713982e-05	0.003178842609639673	0.00020880182704084447	3.7677519667049056e-05	0.002787907341184774	-0.02794221890771399	-0.005002620852389751	0.0020129659969471835	0.008804178354631436	0.0016676281394696973	-0.0018175760549793316
13.67	-0.00020214279216510032	-3.840279200704724e-05	0.0032076063313473432	0.00024037586993588695	4.4000244922352086e-05	0.0027638990414825984	-0.025811872054467316	-0.004472787308617534	0.0025757096929937915	-0.0029993133158923257	-0.0005122174455699646	-0.0020506990071161558
13.680000000000001	-0.0003854381028510641	-6.901688505472649e-05	0.0032178985276852612	0.00015246866244006553	2.8359405124108215e-05	0.0027560727408788535	-0.009100178039965401	-0.0013814425448749495	-0.0007256525353596797	-0.013790096466300686	-0.002494979145972496	0.000607542423444427
13.690000000000001	-0.000370253158000518	-6.422187217495673e-05	0.003196271110479537	-1.2675241184967993e-05	-1.5648363151362886e-06	0.002773838117789156	0.011695017354870765	0.0022411176964643466	-0.0031000585036622934	-0.017781419870795085	-0.003249037156758658	0.00259607568114283
13.700000000000001	-0.0001781767003766499	-2.8852789815479285e-05	0.003175117228550157	-0.0001698236485372548	-3.0368232812416367e-05	0.0027926250163951547	0.02508704170495576	0.004540459814978734	0.0001444930946419043	-0.012191436270004638	-0.0022453542558926393	1.2972968587752552e-05
13.71	0.0001016684062934565	2.1187393400610887e-05	0.003199283587544382	-0.0002427395488551236	-4.391898862219161e-05	0.0027736579518856	0.028552307757425135	0.00504384640152647	0.0033197510013070037	-0.0016992465548360113	-0.00036801770106947504	-0.0026163143604978926
13.72	0.00033807370626095075	6.213619692604412e-05	0.003221167016354583	-0.00019726935332950706	-3.6102740329617944e-05	0.0027563206931262548	0.016374717974225666	0.0027345886560917365	0.0005826311656656762	0.010397314263874498	0.0018433839244430745	-0.000512941517153693
13.73	0.0003997345784206617	7.09963230473016e-05	0.0032086435013592967	-5.220961441865856e-05	-9.920463992735348e-06	0.0027646556809696144	-0.004417966533448468	-0.0010099229215925225	-0.002806417826458106	0.017347133744706075	0.003159148088781347	0.002037419324007041
13.74	0.0002634077197069794	4.483533175761704e-05	0.003177850454939598	0.00011955234040384615	2.1312866013665726e-05	0.0027880359198393843	-0.02128529380230645	-0.003923477108480954	-0.00221091325631661	0.01523031122499407	0.002775836980339376	0.001724389853099389
13.75	4.4618292690063235e-06	-2.318609486148392e-06	0.0031842769575924253	0.00022851276323062393	4.127900277019768e-05	0.0027822187906764617	-0.02901607302711628	-0.005229324170722251	0.003040422327805985	0.006031773976947611	0.0011064667084703193	-0.0024680585066390827
13.76	-0.00026672344015419945	-5.055865008736452e-05	0.0032136735049031273	0.0002279717750941448	4.145339335718708e-05	0.0027596809634556053	-0.0224437557574324	-0.003942542892684868	0.0019765849691898815	-0.006292359273710418	-0.0011266887089326314	-0.0014100844410265309
13.770000000000001	-0.00040205669878160054	-7.34205231875651e-05	0.0032162485307530558	0.00011291327193658959	2.0636803223695113e-05	0.0027593279716773165	-0.0034144436276530407	-0.00040820714437533255	-0.0014833548111502966	-0.015698601468790797	-0.0028453726244393935	0.001368725692030498
13.780000000000001	-0.00033321077117076843	-5.8882594650198524e-05	0.0031903149006684475	-5.9518659019725017e-05	-1.1028768074883755e-05	0.002781812112370141	0.016207166275685237	0.0031503186601980556	-0.003012634350306882	-0.017200059740371202	-0.003156534124241461	0.002577928000831045
13.790000000000001	-0.00010875081771349865	-1.659924329361459e-05	0.0031790907045754907	-0.0001989721469332064	-3.655010866947599e-05	0.0027914776458820953	0.027284124750485184	0.0050544422863565705	0.0016094525321091206	-0.009738599424413463	-0.0017883439117797814	-0.0013888512873897452
13.8	0.00017535860436234942	3.536448099970544e-05	0.0032068383522934644	-0.00024200667393008756	-4.44885862336893e-05	0.002767706612616748	0.026799350210894277	0.004816778077750976	0.002671264564095911	0.0017536168981234872	0.00030305049873073067	-0.002315387976575525
13.81	0.0003747752009465494	7.039436329684506e-05	0.003218695867230072	-0.00016493290943950776	-3.0193284526986096e-05	0.0027561818627831734	0.011169831111279711	0.001855296983883021	-0.0005396642882398162	0.012952327851340135	0.002400833049202729	0.00020654995217908164
13.82	0.000380677699543534	6.944853580402913e-05	0.0031980672635202297	-4.647688501991418e-06	-5.050829095779173e-07	0.002770557419490314	-0.009793616828252175	-0.00197749644426288	-0.0031436684974883128	0.017714738667881088	0.003279139658067957	0.0023830301209993945
13.83	0.0002026497956183378	3.52928714529625e-05	0.003173426466985504	0.0001567492909786969	2.9260513537722317e-05	0.0027903973169299953	-0.024151825328370465	-0.0045597418861146625	-0.0004726003397612639	0.012972034676118752	0.0023944453037087546	0.0004711683983564623
13.84	-7.298571713192403e-05	-1.6231459048870643e-05	0.0031949927712526856	0.00023890496245428095	4.4345504535737594e-05	0.0027741604761942246	-0.0288800538392687	-0.005347791470882683	0.003524933057437018	0.0028314507162126258	0.0005006110361582659	-0.002632840302215352
13.850000000000001	-0.00032068464540016144	-6.163462865794472e-05	0.0032209569844553216	0.00020494765821375645	3.780921756717304e-05	0.0027554720754530476	-0.018154339565592103	-0.003270621611264855	0.0010827174478217616	-0.009382695455789248	-0.0017653591269580797	-0.0006962315021216718
13.860000000000001	-0.00040272327918690316	-7.530022080617018e-05	0.0032132306859571774	6.746186676006426e-05	1.1892742916767632e-05	0.0027626649853397336	0.0023528525144252345	0.0006355445387629668	-0.0024773447829500236	-0.01694722267184461	-0.0032009210887999334	0.0020111663807804683
13.870000000000001	-0.0002830210594320287	-5.1195660387117116e-05	0.0031825459210046286	-0.00010480921033999879	-2.0371412881597034e-05	0.0027874772402428196	0.02009968506876709	0.0039042820485516378	-0.002642669975600575	-0.01579053908914063	-0.002924535447428646	0.002176710586734182
13.88	-3.2003382932310507e-05	-3.3130575694743717e-06	0.003183040177393499	-0.0002215907525010471	-4.176537091101944e-05	0.002787071384623712	0.02871948315481395	0.005419795334381642	0.002644985177148806	-0.007012105636912831	-0.001240277507319133	-0.0021940389629434647
13.89	0.00024468238264065356	4.818454803846223e-05	0.0032118808462769295	-0.0002325450044521956	-4.311127353300838e-05	0.0027636976868158592	0.02379911575023883	0.004332393970357363	0.0021679838919123613	0.005123015026470126	0.0010409288496861803	-0.0017009238152444752
13.9	0.0003983223725667345	7.52042530306739e-05	0.003216706897716266	-0.00012729156660210562	-2.2701942154941152e-05	0.0027594384804931235	0.005512243486855768	0.0008197536801193285	-0.0012867739159819966	0.01500027446496163	0.002848715977679178	0.0009095378387204097
13.91	0.0003485737446408844	6.381587197427782e-05	0.003191446329255065	4.267100510072458e-05	9.214216597562436e-06	0.0027781635991393308	-0.01466088034577358	-0.0029182941460061036	-0.003125858178987708	0.017431852316706603	0.0032341200350989216	0.002390632360281667
13.92	0.00013504478498026744	2.26674118631553e-05	0.0031759013424480834	0.00018855947059497836	3.600289769110728e-05	0.002789770665732658	-0.026576869932118795	-0.005036414519644177	0.0011273324255536182	0.010622817613611692	0.001953075868555212	-0.0010151707021831022
13.930000000000001	-0.0001488092968970326	-3.0598526382838346e-05	0.0032036701256293928	0.00024252955083438408	4.5722770020999803e-05	0.002767029850848553	-0.027548500201560706	-0.005107220951050751	0.0030673099568336577	-0.00048754376167247976	-0.0001413879054275361	-0.0024126800358160666
13.940000000000001	-0.00036264745758791993	-6.934876005337851e-05	0.003220794556507041	0.00017676014424627503	3.281811734601137e-05	0.0027543058278756815	-0.013134045923713053	-0.0022629105534412264	2.417870287940366e-05	-0.012083936430737574	-0.0023273732186248532	0.00010926279295596516
13.950000000000001	-0.0003892493259644346	-7.202311656548197e-05	0.003204287244558339	2.1214771766629645e-05	3.3082922735996544e-06	0.002768412765980341	0.007846322098517409	0.0017192597147717332	-0.002975954588553064	-0.017673476292001833	-0.003348304548118609	0.0024840018741597567
13.96	-0.00022594779028346613	-3.934870908591212e-05	0.003176788273911217	-0.0001445845447986095	-2.809925833695771e-05	0.002792004370979107	0.023124407332614564	0.004486783757239321	-0.0012382475890320402	-0.013800040275161511	-0.0026154677401872364	0.0011401090587741525
13.97	4.434804201988419e-05	1.2609220295310692e-05	0.003192051001095033	-0.0002366436258991376	-4.5403749938953865e-05	0.0027799394498549015	0.029096251955998385	0.005504645329265193	0.0032401681348230146	-0.004031991268062754	-0.0007098532701900322	-0.0026283104806530256
13.98	0.0003025383736427119	6.060277762273578e-05	0.003217890636479552	-0.0002149359544337283	-4.085367140249335e-05	0.002758883244303519	0.019895005776541033	0.003587261241139648	0.001226330040630622	0.008269333281231122	0.0016206741534010916	-0.0010932223432254422
13.99	0.00040513841707898375	7.742667217680571e-05	0.0032122573678397535	-8.515746177808379e-05	-1.5532646107853095e-05	0.002761810378529881	-0.00021501911114202383	-0.0003610517212146399	-0.0022410199610920062	0.016561557680812647	0.0032354243499050717	0.0016032371298334662
14.0	0.00030376680927299727	5.5283461876442805e-05	0.0031823944825925756	8.826678344088274e-05	1.7975310348468434e-05	0.0027843585057410313	-0.018763201591123248	-0.0037966137853539107	-0.002806207634499797	0.016415794088066902	0.003122745142076412	0.0022385569969477124
14.01	6.181883700350673e-05	7.416935608804867e-06	0.0031796693887658216	0.00021401811151475772	4.1830021406241645e-05	0.002786830250365002	-0.028321567139310097	-0.00552602564902704	0.0025666085415083097	0.008063314648523721	0.001516133290177949	-0.0020086357022184092
14.020000000000001	-0.000219144455967084	-4.6592043033296216e-05	0.003211115604045723	0.00023712994251411215	4.586822821016916e-05	0.0027630331127376307	-0.025009892177399486	-0.004735276175378376	0.0026041656862561295	-0.00388379051562989	-0.0007985998354366612	-0.001872283066275036
14.030000000000001	-0.000390420219081175	-7.793027895132459e-05	0.003220276549848655	0.00014187349527931142	2.6694823904080217e-05	0.0027570011479289567	-0.007653430341093867	-0.0012304664415205568	-0.0009042070446273587	-0.014327665551593776	-0.0028514066450317857	0.0007603303664524246
14.040000000000001	-0.0003613294743457408	-6.934693766703742e-05	0.0031967774376147682	-2.5669883270666732e-05	-6.317741365683748e-06	0.002775973541816014	0.012931983792152059	0.002803982992807935	-0.0032362052959563517	-0.017684268690605694	-0.003478995714590628	0.0026407600765404283
14.05	-0.00016026386989255605	-2.772658002744952e-05	0.003175947042048233	-0.0001784127269724336	-3.6204714268240834e-05	0.002792861793017417	0.0257125538506848	0.005214575569518002	0.0003492850522460595	-0.011530245175924806	-0.0022633703323647943	-0.000354110143476967
14.06	0.00012173234364016723	2.8487914007685117e-05	0.00319981979903437	-0.00024312533218131518	-4.881322335828165e-05	0.002772484214337096	0.028212179720781865	0.005540158952397786	0.0030791902820691964	-0.0007165019743405291	-0.00011635084879023373	-0.0025518379871976847
14.07	0.00034922764512244046	7.218048583188045e-05	0.003218948992297122	-0.000188683392026011	-3.7703797193027304e-05	0.002756455662554482	0.01503583460585883	0.0027439887697309497	0.00028579681515270884	0.011116304686636571	0.0022375535286926593	-0.0003462927183847366
14.08	0.00039641669466327126	7.871830639895459e-05	0.003204851991254678	-3.933152195916433e-05	-7.748711900831802e-06	0.002766129469562341	-0.005874467332907863	-0.001466992977721898	-0.0028251326891884487	0.01747160251700681	0.0035039885003825375	0.002114855556040944
14.09	0.0002484499937302938	4.6622315785559264e-05	0.00317635697067558	0.0001295547442216791	2.6316973864596374e-05	0.002788790212535988	-0.02210420001055874	-0.004602315052197797	-0.0017231794553158692	0.014601586978016862	0.002957544541997036	0.0014471574067207334
14.100000000000001	-1.5785064505492147e-05	-7.18764097064303e-06	0.0031875148975717203	0.00023120502741386036	4.7236103610119134e-05	0.00278011438643262	-0.029103047270706027	-0.005832819776945394	0.0032127518153950855	0.00517930842403228	0.0011060283983432464	-0.0025447183772554175
14.110000000000001	-0.00028197427736368675	-5.967489792249043e-05	0.003216100253064149	0.0002218384482444676	4.568949564668453e-05	0.002758368641739298	-0.02141392700437737	-0.004123796684811888	0.0017246225181389103	-0.007093225798713648	-0.0014482474077767659	-0.001251613892275187
14.120000000000001	-0.00040382362647556764	-8.173085415880104e-05	0.0032152933042165926	0.00010108187491776012	2.0997803790936804e-05	0.00275965176979167	-0.001899147986727772	-9.626813303008122e-05	-0.0018307712399675325	-0.01600117499448519	-0.003278468390258543	0.0014669882921978868
14.13	-0.00032101894748134177	-6.249063935966416e-05	0.003186839831558568	-7.124770505855007e-05	-1.4215045936559315e-05	0.002782408885938402	0.0173289781421731	0.0036949022108160277	-0.0030584989493746832	-0.016851996904291327	-0.0034431934487592873	0.0025136482781741537
14.14	-8.903975351981009e-05	-1.4237292741782112e-05	0.003178296130198681	-0.00020477334608856617	-4.1580745764439506e-05	0.002789626882497333	0.02772553178521871	0.005663598463605174	0.002011000627644951	-0.009032863166167348	-0.0018756945836869367	-0.0016553677806683106
14.15	0.0001938957223048314	4.2707619459286556e-05	0.003208124326853552	-0.00023949259922117892	-4.923852192765448e-05	0.0027655654878702713	0.026057185368712904	0.005165103441343526	0.002746391040484296	0.0026457382151847874	0.0004681881791701014	-0.0021549826579222663
14.16	0.00038173283822532744	7.900149173906574e-05	0.0032197554561314208	-0.00015490695779304443	-3.255817567873181e-05	0.0027564520195120976	0.009725993638019891	0.0017330511825584037	-0.0006114712831544117	0.013501262045279244	0.0027065449972652413	0.00048405657415865363
14.17	0.0003733691132104438	7.481874960614009e-05	0.003198109459614295	8.288184066860806e-06	3.38069462855158e-07	0.0027733142966671195	-0.01106670316480975	-0.002482805530523244	-0.003202805998951363	0.017703380870545585	0.0035879740468360596	0.002553226535983277
14.180000000000001	0.0001861374581445727	3.524436090814984e-05	0.0031743789164216545	0.00016577963327548805	3.286654090335107e-05	0.0027928776161611677	-0.024763027969049566	-0.005104751352505175	-0.00021638007109680763	0.01233141281354004	0.0026188382788091377	0.00020290489548806226
14.190000000000001	-9.242009063859237e-05	-2.127702486649892e-05	0.0031962722623206327	0.000240849975220891	4.916181289845645e-05	0.0027747244010701403	-0.028697948166852203	-0.005728813122247935	0.00325749577841815	0.00200612361045841	0.0004807279409514815	-0.0026726332703410224
14.200000000000001	-0.0003329043524839835	-6.869937765499385e-05	0.00321900603088928	0.00019888269534248975	4.0947090054165086e-05	0.0027563546982950224	-0.016991023141476328	-0.0032832235343274326	0.0007686884585963543	-0.010064875370066638	-0.0020480817339601047	-0.0006316260070759992
14.21	-0.00040158096599297546	-8.090923279208439e-05	0.0032091494306937733	5.6479697256011696e-05	1.1811727508406949e-05	0.002763918248627341	0.0037248689790636727	0.0009375330141968938	-0.0025336195978146406	-0.017182605152119376	-0.0035082980317380974	0.001997408570873102
14.22	-0.00027081222332899456	-5.281526127050254e-05	0.003179909069616892	-0.0001149363582834156	-2.3224357601401378e-05	0.002787399947978712	0.020882105199382012	0.004368304601318424	-0.0022407818359208766	-0.015395733118817754	-0.0031492665223420437	0.0018463634811736133
14.23	-1.4443392427504865e-05	-1.8651198493195895e-07	0.003185122236801909	-0.00022617380351561792	-4.631855105595955e-05	0.0027833691603233388	0.02893033828331437	0.005871978036609315	0.0029110583860686157	-0.006305507514754737	-0.0013479447335410324	-0.0023223953121433265
14.24	0.00025893488812035465	5.4537325159946314e-05	0.003213770221884518	-0.00022925256052257746	-4.744914336267877e-05	0.0027613222414343136	0.022938032130965083	0.004512564169734912	0.0019264759602590248	0.005906490412124394	0.0011788804595914107	-0.001441379169961196
14.25	0.0004007475252329629	8.173776463610555e-05	0.0032156543061829107	-0.00011780289349593235	-2.4709892180057395e-05	0.00276027986140715	0.004139524371211416	0.0006694279946549015	-0.0015556674572462224	0.01539721008861177	0.0031674477139757248	0.0012389275389906474
14.260000000000002	0.00033863150891157883	6.744656690687746e-05	0.0031886539314062773	5.3375031748706166e-05	1.0471945906827207e-05	0.002781625900665381	-0.015663227909738453	-0.0033319884536100615	-0.0031252911449495377	0.017250511729638915	0.0035367632164140434	0.002522731250614636
14.270000000000001	0.00011848256576396757	2.162861105576871e-05	0.0031762014543316895	0.00019463447703238555	3.952350619929553e-05	0.0027917150129427707	-0.02696628367908581	-0.005544774300784309	0.0015921744852187023	0.009988276063736585	0.0020898302890383033	-0.001357868828853797
14.280000000000001	-0.00016552173611299306	-3.624810841632886e-05	0.0032061938867399267	0.00024116446228378705	4.9531736522900405e-05	0.002766919569753554	-0.027077465142573684	-0.005475252009564202	0.003077611262778432	-0.001335806362295396	-0.00022662126740414327	-0.002507610102950305
14.290000000000001	-0.00037036655638763975	-7.697675591464856e-05	0.0032220206368785195	0.00016797707995440316	3.485219618819208e-05	0.0027536510427286264	-0.011904287095298916	-0.0022828444305578732	-0.00021732902245484237	-0.012641664781427767	-0.0025741498044053743	5.8354453660134683e-05
14.3	-0.0003839902351399688	-7.808665489248873e-05	0.0032028144036927294	9.549179547948818e-06	2.616909544134778e-06	0.002767505431346788	0.009060758558184577	0.0020087673577618096	-0.0032238454723338304	-0.017701658944129048	-0.0036008725113325897	0.002428619690862919
14.31	-0.00021145259848761848	-4.139943023479109e-05	0.003174776545746256	-0.00015338623165107865	-3.057282554419214e-05	0.0027896802977146677	0.02378978069397495	0.004948596826379211	-0.0010645982445046205	-0.01327899914785748	-0.0027007011607352756	0.0009318966472307235
14.32	6.245926834268352e-05	1.488931962508336e-05	0.0031912806421139296	-0.0002391547523186974	-4.820552675875943e-05	0.0027775110220225937	0.029009146961425425	0.005904084071344514	0.0031921991145334003	-0.003286957415984782	-0.0007003850319669493	-0.002366267179236384
14.33	0.00031432071629411076	6.566984453883116e-05	0.003216318112772547	-0.00020991961089357288	-4.263000660624314e-05	0.002760021246296338	0.018813422086793208	0.0037223970304912585	0.0011862980832593355	0.008966834198380867	0.0017958798443109105	-0.0007168604442264378
14.34	0.00040450812683629953	8.263550562517462e-05	0.0032104100931796436	-7.506026532673754e-05	-1.5476635874087074e-05	0.0027658783197493752	-0.0015017403531944371	-0.0004717527551444075	-0.002223037632010133	0.016830017335321072	0.0033939161675255766	0.001772183246817748
14.350000000000001	0.0002922502453069393	5.823300532391771e-05	0.0031821737254435958	9.767595990555817e-05	1.9598731213267566e-05	0.0027884817177121044	-0.01953917596862246	-0.004131762679278444	-0.0024745540199756864	0.0160202939249256	0.0032630432386345568	0.0020120909468585827
14.360000000000001	4.480344937108878e-05	6.849253621493657e-06	0.003183570102425477	0.00021794245438957904	4.435756523469711e-05	0.002786506346363479	-0.028574172621085192	-0.0058676630598537526	0.0027737511659822723	0.00743066553460733	0.0015703678478618803	-0.002439595279198361
14.370000000000001	-0.00023398031925959565	-4.9834339968612694e-05	0.003214024540545212	0.000233442635109108	4.8197609382071374e-05	0.0027604683195327274	-0.024317280047384267	-0.004877061226018955	0.002269865643814351	-0.004691756171018515	-0.0008993594787943509	-0.0019460433110800922
14.38	-0.0003947249432343743	-8.132425585479484e-05	0.0032191703876148516	0.00013122394260707632	2.7772133794968016e-05	0.002754566043792142	-0.00636226732866219	-0.0011317875421431797	-0.0013217678848086952	-0.014818352300242903	-0.003005621981959432	0.0008544983904412445
14.39	-0.0003531078668746267	-7.116494533593098e-05	0.003192517369486378	-3.7995130579520136e-05	-6.560053698082849e-06	0.0027743285248525056	0.013967010444603963	0.003006910658307765	-0.0033823219395017843	-0.017496572345706476	-0.00357226680541353	0.0026654680341284386
14.4	-0.00014456462656153128	-2.731453098172454e-05	0.0031736366926389515	-0.00018584079564191398	-3.6946052573585346e-05	0.0027902958073738205	0.02620434795866422	0.005443074449353512	0.0007827562444930549	-0.010885745389075125	-0.0022626332017090596	-0.000499565477079981
14.41	0.00013881280569397195	3.093806640566028e-05	0.003200240185490605	-0.00024309444042837513	-4.897843624327927e-05	0.002770821506939207	0.027842629350646863	0.005656652127415759	0.0031484248502874224	8.173197127811944e-05	-3.8558530061043824e-05	-0.002244127815157931
14.42	0.00035828095995355593	7.482078989663597e-05	0.003219503001397119	-0.00018140285450532473	-3.7020913524981736e-05	0.0027584682794949546	0.013910430208671358	0.0026863437568305205	0.00031052648947079667	0.011716026294735518	0.0023237810717432208	3.460316798834679e-05
14.430000000000001	0.000392633075268651	7.998454401097095e-05	0.003205537586308026	-2.8306024679553695e-05	-6.321415290691536e-06	0.0027710618962412258	-0.007119105589060979	-0.0016582220203957812	-0.0027868911156265284	0.017586129179341853	0.003527856536181461	0.002278195251971596
14.440000000000001	0.00023486085629245685	4.6156648318718856e-05	0.0031781596872126295	0.0001387050677155074	2.7188518372777253e-05	0.0027927110010500435	-0.022744640165383433	-0.004780010688230658	-0.001427274949838241	0.014122312989672918	0.002835551231942402	0.0010456937503235824
14.450000000000001	-3.320482767326181e-05	-9.329210954950758e-06	0.003191620880898198	0.00023435646086842628	4.662233576981225e-05	0.002779618505051128	-0.02910907844433239	-0.0059669437256959805	0.003173144478331654	0.004443946128609025	0.0009368614816054459	-0.00281623613365715
14.46	-0.00029431867849248275	-6.202011840749043e-05	0.0032178825258241932	0.00021718391547233886	4.373317862449959e-05	0.002756398983662136	-0.020450863443654273	-0.004057928382894759	0.0013434938965711696	-0.007827861155876784	-0.0015119915376460324	-0.0013023955488502053
14.47	-0.00040408410890033995	-8.273080532421453e-05	0.0032132969948019817	9.066888718841177e-05	1.9050016144537654e-05	0.002757939754545334	-0.0005660031939459176	4.3709904329422935e-05	-0.002185806975133938	-0.016372739673002783	-0.0032195076499477995	0.0015660370754521824
14.48	-0.0003094249814298515	-6.202681629840149e-05	0.003183251691834248	-8.237657484211027e-05	-1.518317510075571e-05	0.002781489044556904	0.01825966490041507	0.0038221051579424327	-0.002959690893768671	-0.016580470864713995	-0.003306162933583343	0.002467420819051242
14.49	-7.073097632380825e-05	-1.2679331534092587e-05	0.003178075269992069	-0.00021113997683895337	-4.110229093507514e-05	0.002787359116504388	0.028164788859444127	0.00575150051500075	0.00234294722549812	-0.008436435704372617	-0.0017564679254534535	-0.0017256972443323354
14.5	0.000211657285777395	4.470438079513664e-05	0.0032090495461793104	-0.00023882351080742288	-4.729388816973232e-05	0.002765132762525136	0.02544984018264778	0.0051559017707761305	0.0026868316282414517	0.0034083532485766196	0.0006104142003638969	-0.001830104292785615
14.510000000000002	0.0003889424022459465	8.032789103405766e-05	0.003219616445265747	-0.00014735490457578254	-2.977074696019024e-05	0.002759259319302368	0.008323842970303618	0.001633052564683864	-0.0007531264191278442	0.014032218759911265	0.0027403759126265253	0.0007201507570190236
14.520000000000001	0.00036604696604946744	7.462832301267168e-05	0.0031971800899267245	1.8475264501699987e-05	2.977224317820369e-06	0.0027771474996988663	-0.012397094074328182	-0.0026312457259625856	-0.0031967619923176567	0.017678959321315618	0.0035222152195678457	0.0025064369449234896
14.530000000000001	0.0001689000769458102	3.365465740821393e-05	0.00317582825278004	0.00017323120917640822	3.413005675817407e-05	0.0027936617974486434	-0.025423091209184942	-0.005219768052272367	0.000218262985551115	0.011875287114684344	0.0024306817573517456	-0.0003589171079870665
14.540000000000001	-0.00011212497394392456	-2.3772918457606758e-05	0.003199684320129841	0.0002423257824433697	4.8812500232940065e-05	0.002771998363353508	-0.028358413250069103	-0.005747838709938336	0.0031733728740869437	0.0012572656770818832	0.0003417652241797268	-0.0027780223224334326
14.55	-0.00034378752302665624	-7.064847932675735e-05	0.0032200292774927563	0.0001927193532084307	3.9919780025825386e-05	0.002754178195057409	-0.01565283057394338	-0.003144817429790239	0.00045279531389999256	-0.010759612834274979	-0.0020794571143210616	-0.00047412756154479593
14.56	-0.00039738170337194314	-8.117577859912275e-05	0.003207177620809857	4.556583349676546e-05	1.0833241165551509e-05	0.0027635345507043877	0.0052147134154739766	0.0011164414095896063	-0.002771679767447769	-0.017411178213272798	-0.0034903980760332617	0.0021588007735333
14.57	-0.0002545319122522085	-5.153926582127826e-05	0.003177380253405198	-0.0001246587066376334	-2.381720730967833e-05	0.002787640711119118	0.021735434384203518	0.0044751522757238565	-0.001990728344244692	-0.014905887456997046	-0.003075492444101865	0.0017131233714786991
14.58	6.9837666464632e-06	1.8768037921821027e-06	0.003185882731260627	-0.00022983737297072255	-4.606526480909338e-05	0.0027814617065084145	0.028971230448028955	0.0059019996766574755	0.003085747371778777	-0.00559882398552383	-0.0012528858810144266	-0.0023961227898638094
14.59	0.0002746408021251137	5.61633453377645e-05	0.0032145482714912113	-0.00022480617155661963	-4.6450586531304446e-05	0.0027600897752183737	0.021815650319339786	0.0044055252246112085	0.0018495741647495132	0.0067001184888658945	0.001220392767254372	-0.0012616801120421144
14.600000000000001	0.0004022604344163156	8.180106051904779e-05	0.003215517466775204	-0.00010703157601741608	-2.3555548805900265e-05	0.0027607789902236155	0.0025913732170096313	0.000504029434359079	-0.0016625842644545103	0.015803768468964207	0.003152876606599839	0.0013887014802727367
14.610000000000001	0.00032607194716519837	6.609747965662348e-05	0.0031883496099658604	6.490581161116309e-05	1.1456033496994808e-05	0.0027827171031439097	-0.016786388812797513	-0.003427661325411117	-0.003024043107232292	0.01698628686235793	0.003516139677319783	0.002448050339912595
14.620000000000001	9.823378657822601e-05	1.9634351963946746e-05	0.0031786501624276827	0.00020124862850293663	4.0082825247405426e-05	0.0027901655371090034	-0.0274184647299972	-0.005565301672357227	0.001832345830539647	0.009415627669234976	0.002035078771366363	-0.0016403513766265656
14.63	-0.00018435550624298604	-3.773758296971412e-05	0.0032075345638047014	0.00024098702567437925	4.956161024213556e-05	0.0027653127971431317	-0.026320363293603124	-0.005362244509208051	0.0027313020968937063	-0.0021040676777270705	-0.0002841799738383361	-0.0022910048521171795
14.64	-0.00037714606697083613	-7.685784733118972e-05	0.003219506524541747	0.00016100881944490625	3.444117764585407e-05	0.0027545622156776883	-0.010400889203853032	-0.002098084478598447	-0.0005678862461332047	-0.01318098242939388	-0.002607682184882902	0.0003385850702720103
14.65	-0.00037550210957266913	-7.659656848783707e-05	0.0031985840879091483	-4.717881692736689e-07	1.774301148813376e-06	0.0027706438655259774	0.01044855643440843	0.00210455121835485	-0.0031614186940502166	-0.017709201682838172	-0.0036247532513699653	0.002562648680442651
14.66	-0.00019293401564346205	-3.983875988292139e-05	0.003174213869277084	-0.00016038150579654884	-3.1259723260924506e-05	0.0027914901211990722	0.024409145705223623	0.004925545422012338	-0.00040381998876400874	-0.012742655066612688	-0.002652558092737493	0.0004800015610905888
14.67	8.317068815041925e-05	1.5828985331660154e-05	0.003195504046302478	-0.00023995633511812123	-4.8368152520268816e-05	0.0027756189181311853	0.028662504338409032	0.005794097045547186	0.00336981461218246	-0.002521965670353736	-0.0006557017059521259	-0.002530546690036166
14.680000000000001	0.00032594004450277406	6.505936299137905e-05	0.0032199759687773087	-0.00020301447817061566	-4.221673825010543e-05	0.0027577932980447487	0.017458129043063073	0.0035614970216152862	0.0009472537010994685	0.009650594072250164	0.00182675722407693	-0.000649025491222425
14.690000000000001	0.00040085253548392374	8.058153884559964e-05	0.003211164377340404	-6.351454613634183e-05	-1.496459199681194e-05	0.0027646920463617786	-0.003023771808853037	-0.0005768463235750862	-0.0025078810810354006	0.01705472164551111	0.0034032056118051095	0.0018752303053943416
14.700000000000001	0.00027612122678253334	5.583210767197902e-05	0.003181145944095376	0.00010875080341116164	2.0052617290746947e-05	0.0027872727229491944	-0.020440231982866316	-0.0040835794666663336	-0.0024338265829272794	0.015658363683653725	0.003244982300538444	0.0018524577601024372
14.71	2.30988996440661e-05	5.304075501938735e-06	0.0031838087101570553	0.00022382181479197862	4.445984389910829e-05	0.0027834828465129417	-0.0287628220595431	-0.005735274085951861	0.002746097641730488	0.006766283233242593	0.0014978616801514977	-0.00238618629792769
14.72	-0.0002511782699331522	-4.966621028422772e-05	0.003211990790502783	0.0002317252705007623	4.7305278495771924e-05	0.0027598847582749587	-0.02328995655136149	-0.004702485363659678	0.0019761873288100607	-0.00545934626687156	-0.0009964164520537872	-0.0016278203479198256
14.73	-0.00039832391628598384	-7.971827051490327e-05	0.0032149726997640583	0.00012355400935527413	2.6235773317032404e-05	0.0027572916804024655	-0.0047963395444569805	-0.0010079624069766402	-0.0014429644681740333	-0.015208908930422003	-0.0030163845539289587	0.001140184458024509
14.74	-0.00034222683451311264	-6.910663962356651e-05	0.003189029181053276	-4.734607708962361e-05	-8.067828083282101e-06	0.0027783883616413576	0.0151492725798464	0.0029628023266417996	-0.003064200761780192	-0.017404925214609186	-0.0035134612085838215	0.002611956729593258
14.75	-0.0001257752724761339	-2.629581488751154e-05	0.003175877417763783	-0.00019161065576843932	-3.764193139113973e-05	0.002790854038863134	0.026701717434043197	0.005297425495754966	0.0014420087729874382	-0.010402757362297392	-0.002173837102123727	-0.0010285700987749306
14.760000000000002	0.00015739047706697868	2.9964981972156712e-05	0.0032054511269441685	-0.00024284938404949252	-4.8848564187373134e-05	0.002768452474900753	0.027249542307804617	0.00544615560623435	0.0031042638699390647	0.000824017689275657	7.921437051104759e-05	-0.0023378402584041114
14.770000000000001	0.00036615094402769503	7.207951525421939e-05	0.0032220536956279635	-0.0001740391008468284	-3.5948604703012485e-05	0.0027560821973909677	0.01245388550791002	0.0025554296246782745	-0.00010611662367160308	0.012341704055463823	0.0023875519733497484	9.599723147574802e-05
14.780000000000001	0.00038557465260177326	7.695051393708655e-05	0.003204156238185129	-1.6924146994511726e-05	-4.8571561316406585e-06	0.002769908917061529	-0.008489825044753185	-0.0015664894431539735	-0.003086977483991304	0.017711753726956353	0.0035740670450887017	0.0024008928646580678
14.790000000000001	0.00021752759688444738	4.4549771709070165e-05	0.003176256908367363	0.00014787979886306547	2.8942954398897832e-05	0.0027915350425272768	-0.023438299264831146	-0.00456952612716007	-0.0012092090158955528	0.013615521742259011	0.002813218261432319	0.0008379867046765786
14.8	-5.420255833251308e-05	-9.04903483741e-06	0.0031913552227043397	0.00023753676474081153	4.781609316641538e-05	0.0027774911571144248	-0.028970878309143622	-0.005752545187664647	0.0031121091376779147	0.0037307611826575874	0.0008311104745974641	-0.002705420982187686
14.81	-0.00030808337848308635	-5.969084708817472e-05	0.003216072265066698	0.00021262774182104096	4.337265658865599e-05	0.0027568440185723278	-0.019250039982487685	-0.0038720452568255697	0.0012072047323690824	-0.008568010256823905	-0.001669416664388263	-0.000946890572930405
14.82	-0.00040366108227988547	-7.944802114324558e-05	0.003210512370808039	8.080796802313028e-05	1.741345945701075e-05	0.0027613814463181533	0.0008981392627133537	6.854632518301585e-05	-0.0021974925139354685	-0.016635205118587185	-0.003307868790042923	0.0017539027624008795
14.83	-0.000296800907927887	-5.965311548778778e-05	0.0031818707599527434	-9.196374210353014e-05	-1.7374992341477975e-05	0.0027849300412887035	0.019121556378076297	0.0036419029689826383	-0.0026027524324637443	-0.016227031283694533	-0.003305678875653609	0.002240300742003922
14.84	-5.2486912222960586e-05	-1.2497547154705074e-05	0.003181554206214615	-0.00021539945919149607	-4.2576120558500256e-05	0.002786620290810701	0.02838477350752139	0.005535020191672914	0.002715487114320648	-0.007831494679636628	-0.0015916859458218907	-0.002073895189596663
14.850000000000001	0.00022673862547234686	4.252677047361572e-05	0.0032131304544447633	-0.00023556836416442064	-4.71956281484367e-05	0.0027628585745072686	0.024626720727325392	0.004888563522838997	0.0024938251360184485	0.00417082678016668	0.0007432252186216986	-0.001848488222671626
14.860000000000001	0.00039268606127890795	7.613663908549868e-05	0.0032208306997140337	-0.0001377722861027828	-2.849936867706449e-05	0.0027575278404184836	0.007016123394248131	0.001525676024028079	-0.0010990464273621689	0.014506791329945389	0.002804679566710407	0.000869039502884947
14.870000000000001	0.00035749527177065746	7.071522364013234e-05	0.0031957471208445493	3.023009749587619e-05	4.513462931718477e-06	0.0027770127841186694	-0.013411028676398436	-0.002492534924503073	-0.0033469336269312693	0.017596732983900198	0.003494678289064981	0.002597507980688389
14.88	0.00015288180064523967	3.186523233863883e-05	0.003175133412003129	0.00018097322462992405	3.484446161419718e-05	0.0027927141431103265	-0.02596221293737982	-0.004976991167619193	0.0004896058967263868	0.01126536339173983	0.0023262033941826433	-0.00053705413837342
14.89	-0.00012984207313026792	-2.2891124139153856e-05	0.003199687313647994	0.00024295019082200847	4.820791392144394e-05	0.002771326047320122	-0.028062244363025107	-0.005500154588491175	0.003068961878707118	0.0004175776199503554	0.00022361600759202008	-0.002558010049466949
14.9	-0.00035387603138504375	-6.76237545915606e-05	0.003218666387073547	0.00018577012354796397	3.8086508099591183e-05	0.0027556822565675365	-0.014527823915290011	-0.0030040720346299907	0.0003081953662410429	-0.011356879431473132	-0.0021383668716016767	-0.0002667970684151893
14.91	-0.0003949348116038859	-7.752196346905174e-05	0.003204924448757695	3.491620903628869e-05	8.762160074404427e-06	0.0027664079864783996	0.006491858577295066	0.0010562052015893858	-0.0027609240594483725	-0.017500723196366794	-0.0034683233930517137	0.0022088926549258103
14.92	-0.0002418634380230907	-4.9556480567698535e-05	0.0031773414874741884	-0.00013317052432672226	-2.5128459001878952e-05	0.0027894522270779697	0.02244438530315196	0.004234460514351878	-0.00155629133184648	-0.014433367229693184	-0.002964742550755182	0.0013968472471214439
14.930000000000001	2.4716631355598388e-05	1.4908643984115276e-06	0.0031898321137937406	-0.000232329817198588	-4.575778530727581e-05	0.002780329287264613	0.0291510890567859	0.0056341145481839175	0.003240757389942135	-0.004873018067178128	-0.001064880827644667	-0.0024861300343079614
14.940000000000001	0.00028865627902578586	5.334386717412331e-05	0.003217277158452239	-0.00021976829095857284	-4.428986455869744e-05	0.0027593511747557972	0.02092852824465312	0.004200997245391036	0.0015186030184727423	0.007400695046502644	0.0013681869591549453	-0.001167082085465907
14.950000000000001	0.0004042213128937024	7.764851156600841e-05	0.0032143261315515457	-9.680783045909286e-05	-2.0569603819341606e-05	0.00276113594729456	0.001204851931044236	0.0004525482215642383	-0.00203252333063989	0.016135691595770826	0.0031673687408855845	0.0014956751699888916
14.96	0.00031537009126574966	6.262103268681198e-05	0.0031850438211047795	7.560027926618596e-05	1.365122969596466e-05	0.002783346919440705	-0.017801389081390985	-0.0032515664675601	-0.0030221236712822683	0.016683375200803017	0.0033668282398009422	0.002326209355250525
14.97	8.008562963395023e-05	1.860121517812706e-05	0.0031780096343917816	0.0002066061795255461	4.043937486235462e-05	0.002788355358266937	-0.027918458981257697	-0.00532273206797215	0.0021733669175418116	0.00874636999153017	0.0018490458436211932	-0.0018194267188112317
14.98	-0.00020263155259863319	-3.600475180022197e-05	0.003208463009582028	0.00023839268009772673	4.791058315567985e-05	0.0027639600130412224	-0.025792602573877	-0.005056474899916803	0.0027379229286555724	-0.002928424159005243	-0.0004626356167369927	-0.0021079442593367583
14.99	-0.00038586845440125944	-7.301454651898916e-05	0.0032198289709077918	0.00015145002356000008	3.1524618200918955e-05	0.0027555628719484722	-0.009094575094489738	-0.0019708459787973983	-0.0006526884148824089	-0.013694330731775678	-0.0026578844903985773	0.0005608200502072973
