0.0	1.0961440583758347e-10	5.310106279116684e-11	0.0032248049552116406	-1.0271291489259989e-10	-5.860093445198655e-11	0.0027427470299609706	4.384576233503339e-06	2.1240425116466737e-06	-1.7423941843559075e-07	-4.108516595703995e-06	-2.344037378079462e-06	-3.048083605803926e-06
0.01	4.186574353421999e-07	5.21250166140558e-08	0.003224644182989348	-3.8434085246886264e-08	-5.046968340996961e-08	0.0027428776872362643	5.6807150638508625e-05	1.2923233247044537e-05	-2.629018390598191e-05	5.934065362657128e-06	2.3727180710568945e-06	8.208879353922569e-06
0.02	9.97010226627757e-07	9.407336600025561e-08	0.0032242616488745144	5.0003398393180553e-08	-6.26852074972147e-08	0.0027426694641765263	5.439412493044086e-05	-2.650422949357154e-05	-3.216581576216408e-05	1.1413265762374354e-05	7.370510825221737e-06	-5.100524014626695e-05
0.030000000000000002	1.2976846604831117e-06	5.210079397555751e-10	0.0032242040690418977	1.336148272103502e-07	6.165069587204275e-08	0.002742342290886915	2.8856887110496596e-05	-2.998734897861402e-05	2.6990336862277795e-05	-9.076710035373381e-06	2.0359996780752894e-05	-1.5165312486916608e-05
0.04	1.1573355722146206e-06	5.691857486161166e-09	0.003224628580455855	8.945715952759467e-08	2.4037510426129277e-09	0.002742237137231012	-4.591253009444554e-05	2.3963508834703844e-05	5.137708817442534e-05	3.4262942642806356e-06	-2.4146663898569074e-05	-9.945658830140688e-06
0.05	5.796557628635147e-07	6.246724826615054e-08	0.003224841441871309	2.9213539055591154e-08	-8.619115271657897e-08	0.0027423135550893162	-5.75538799146225e-05	1.266939906361302e-05	1.4871670114399455e-05	-1.1590679382343217e-05	-4.7555653332241624e-08	3.587455485553902e-05
0.060000000000000005	3.7539528533645447e-08	7.833743041567858e-08	0.0032248238138098905	-2.7014733108757093e-08	-4.836222290017095e-09	0.002742931874602157	-6.342551940577555e-05	-9.173096653395926e-06	-3.845750884001003e-05	6.138422687243476e-06	2.916552916949507e-05	5.9165683433223514e-05
0.07	-5.442831308576201e-07	-2.1519398169946697e-07	0.0032247467252894575	1.0983904071398471e-07	4.243167650405164e-07	0.002743186152130959	-3.400052482272804e-05	-5.4817831633182567e-05	1.1944705446072414e-05	1.5051207928259981e-05	2.4890701290836055e-05	-1.945700625056348e-05
0.08	-5.815822755689261e-07	-4.798521878846137e-07	0.003225046815437805	-5.309032547363014e-08	8.076898374309387e-07	0.0027427735594062887	2.4866693415874862e-05	-1.5749435545358268e-05	5.0815599479295374e-05	-2.195792399421466e-05	4.058569110844229e-05	-6.98690018912656e-05
0.09000000000000001	-5.638048158847352e-07	-5.073283982440376e-07	0.0032253639464404423	-2.392795532593905e-07	8.591824173258629e-07	0.002742353842078295	-7.811888168490367e-06	1.3941703044152655e-05	1.3164128927129433e-05	1.1114812190071894e-06	-2.888931974304904e-05	8.952214748120115e-06
0.1	-2.693674110593012e-07	-2.283222769624634e-07	0.003225132816728388	-2.555222999636326e-07	1.9745339565356535e-07	0.0027426177947513703	7.289788625592371e-05	3.665389280279055e-05	-3.831214137977151e-05	6.90882919370787e-06	-8.652336850160657e-05	2.636141151053708e-05
0.11	5.8420273823383e-07	2.432108608941081e-07	0.0032247224827606073	-1.7208123140006595e-07	-8.84319707348381e-07	0.0027429408432295354	0.00010058229558343572	3.737802274457412e-05	-2.6528064351912255e-05	1.7457575686563276e-05	-0.00010993020539895902	3.696883684787705e-05
0.12000000000000001	1.382954783120806e-06	7.299605615510331e-07	0.003224582327910752	8.73404817762088e-08	-1.586898924801925e-06	0.002743289109876958	4.055504981908528e-05	7.155376926507303e-05	-8.190130246257899e-06	3.781087857166802e-05	-7.457918176683098e-07	5.7140164612610345e-06
0.13	1.3517759084943322e-06	1.2740520317640914e-06	0.0032245334024718977	4.353792395416863e-07	-1.1805960329430725e-06	0.0027432009635425633	-3.625773280129257e-05	3.869035805815744e-05	1.6308144017964977e-05	4.311966930585218e-05	5.379799978081989e-05	-1.4839625396424854e-05
0.14	5.637420302177223e-07	1.5431647525172173e-06	0.0032246409839994236	6.365070585245137e-07	-5.740150956847005e-07	0.002742723545315454	-0.00012965279149966817	3.4409121949628574e-06	2.5106199320804565e-05	-1.4098726327177464e-05	5.9863224394145103e-05	-5.995278305946016e-05
0.15	-6.436143674068083e-07	1.4732887704553605e-06	0.003224868062947802	6.612081451177666e-07	6.882852679630696e-08	0.0027422848737455982	-0.00010142352370536077	-3.7367023402490676e-05	-2.6516720886013357e-06	-5.069808424586877e-06	5.0183915630560444e-05	-2.6377969639157373e-05
0.16	-1.414247793345386e-06	7.886048209616748e-07	0.003224591422737312	4.5172978100100965e-07	5.216505616334138e-07	0.0027422181040676046	-5.141026349688066e-05	-9.336177073763202e-05	-5.789172242949054e-05	-1.9800300375605787e-05	2.0705162212726564e-05	1.7738254463990198e-05
0.17	-1.9404822686428115e-06	-2.739007220355444e-07	0.003224452533960734	2.2066116642999925e-07	6.938338697526469e-07	0.0027424486809295165	-2.8557126582849902e-05	-0.00011717020365773363	1.585916199438041e-05	-1.4284296164643695e-05	-2.4312106807416217e-06	4.4177957266948144e-05
0.18000000000000002	-1.5986282388218375e-06	-1.3610215443976714e-06	0.0032246770904144468	2.9562826028673187e-07	3.9550091496154994e-07	0.0027429663963267348	9.531843905067725e-05	-7.914737152071729e-05	3.0318954042386447e-05	2.2281037255946428e-05	-3.638385449228887e-05	5.8203858541517317e-05
0.19	-5.721874447603613e-07	-1.5735680019579808e-06	0.0032251614447475706	1.0752812797050428e-07	1.1758542536860565e-07	0.002743388531917402	0.00012039169668269652	6.407850610403101e-06	5.1371249343081874e-05	-3.777695312034209e-05	-2.07269745059974e-05	2.933480381461626e-06
0.2	7.891103432028139e-07	-1.2659930279797821e-06	0.003225400835322455	-7.348213997926964e-08	-3.2654351262061203e-07	0.0027431937046821287	0.00012248063381653073	5.411923646250766e-05	-1.1321477709671786e-05	-4.264270882836293e-06	-4.6843871757762784e-05	-1.9085713831544928e-05
0.21000000000000002	1.6725040460292315e-06	-5.556810074356238e-07	0.0032252595948857746	1.4532167816180934e-07	-8.21679052412632e-07	0.0027427781875100418	3.912669118170204e-05	8.523562669847451e-05	-3.6126427255627714e-05	5.380406768803004e-05	-2.1854819438952116e-05	-5.214485261380534e-05
0.22	1.3398610245659145e-06	3.299555931492599e-07	0.003224632417567863	6.022061397335895e-07	-9.047434439660897e-07	0.002742482579292834	-8.841267394773081e-05	8.855868077515663e-05	-8.114994431219176e-05	2.143242363407294e-05	1.1453727201633127e-05	-2.0942762962441896e-05
0.23	2.791429624268739e-07	1.1485478207014307e-06	0.0032241898260957458	6.685413402529795e-07	-3.8591535292758375e-07	0.002742242597586408	-0.00012246826431706442	7.003635797628951e-05	-8.798696011704672e-06	-1.2301147383173736e-05	7.44629093116635e-05	-1.2335618940762532e-05
0.24000000000000002	-9.989310909392524e-07	1.4464645310240073e-06	0.003224334549797799	4.256177003925939e-07	4.623706566529833e-07	0.0027423233412248414	-0.00011480465760016185	3.9844774904857645e-07	1.7991289618423307e-05	-2.833279345476375e-05	9.726800775352406e-05	2.1845726703744274e-05
0.25	-1.944073749068609e-06	9.443092014858616e-07	0.003224773235219721	7.962015122053764e-08	1.182538161622054e-06	0.002742752004621615	-7.04862329136709e-05	-8.329066606250547e-05	5.713837565269243e-05	-4.23848797378674e-05	6.781462153115934e-05	3.494850447683503e-05
0.26	-2.102441667004647e-06	-3.18272695553593e-07	0.003225349053222768	-3.6918300926029496e-07	1.5197339691673272e-06	0.0027430209173013404	4.2007133185401556e-05	-0.00015346255042067273	5.614838197871756e-05	-4.3632949332439094e-05	1.1793762571697615e-05	2.7296502844049823e-05
0.27	-1.2347563109549254e-06	-1.62102681935703e-06	0.0032256758395188567	-8.308235549121931e-07	1.3280375131610665e-06	0.0027432981911901617	0.00010862087543362764	-0.00010373786548654044	-2.5673558202597117e-05	-3.10956870610025e-05	-6.350004764875916e-05	4.24840897584822e-05
0.28	1.2810561296705325e-07	-2.242128627017228e-06	0.0032251148723400616	-8.364271865405401e-07	1.6571303544100965e-07	0.0027434765683460073	0.00015472113004187728	-9.271985563927554e-06	-7.657081124310415e-05	1.967392193812742e-05	-0.00014757916531913282	-1.7183190430291058e-05
0.29000000000000004	1.4143796179674417e-06	-1.8784257155411955e-06	0.0032244346404833872	-3.678718072514815e-07	-1.241693067095289e-06	0.0027431318986694056	9.103905628729662e-05	9.09016829833237e-05	-5.2085086829745956e-05	6.312047116294416e-05	-0.00013325697552362686	-6.107288758468613e-05
0.3	1.950796305589971e-06	-4.883416195738019e-07	0.0032242615640972884	4.5463810726616953e-07	-2.0220092449596273e-06	0.0027424080477814216	-2.9242246323471525e-06	0.00014970327374500082	1.526049782266502e-05	7.085360372891526e-05	-4.559539113672606e-05	-5.686592066669335e-05
0.31	1.5313990152267162e-06	9.80101382468501e-07	0.0032244804478575853	1.1536040202297999e-06	-2.1149516111598516e-06	0.0027420818793632996	-8.220283656954076e-05	0.00011344756985343331	1.3385153389032991e-05	4.881582677582348e-05	5.236270353514746e-05	-1.0658175599659246e-05
0.32	3.5549660362901533e-07	1.8890896679173258e-06	0.0032247893301953767	1.5103470279725412e-06	-1.0516957159378243e-06	0.0027421787710493373	-0.00014502634623573992	2.9369428477501946e-05	5.461875325411692e-05	3.290023135178226e-05	0.00014179818038091862	3.0138999017675736e-05
0.33	-1.025301786409688e-06	1.6496628788545147e-06	0.003225309018745076	1.5168270806352086e-06	5.143191625264494e-07	0.0027426210261322875	-0.00010188510067851269	-6.934461422817053e-05	2.613193507205195e-05	-3.0246187414449724e-05	0.00013930693763894135	6.407630282789498e-05
0.34	-1.9775952086983904e-06	4.212581770293094e-07	0.0032254311028285677	8.596039902281131e-07	1.747216320706597e-06	0.0027430316404405265	-8.281196166245937e-05	-0.0001588847467428222	1.929282494158644e-05	-0.00011253053170469299	0.00010396955330375517	3.51120472000179e-05
0.35000000000000003	-2.20940115802813e-06	-1.1593631970400315e-06	0.0032255132528651678	-2.1799999616419962e-07	2.13060765612553e-06	0.002743426523027479	3.8831202600159646e-05	-0.00014459053884355484	-4.960472147411078e-06	-0.00011866955423059605	-5.083478080626058e-06	3.802308011542835e-05
0.36000000000000004	-1.24750990521898e-06	-2.31024261363679e-06	0.0032250252635226623	-1.4871024178291683e-06	1.5339377282747437e-06	0.0027436227788401536	0.000143712400076733	-7.923196695837944e-05	-6.816276524590769e-05	-0.00011081099124725381	-0.00012827959294467114	2.583092273037734e-05
0.37	3.36001075636493e-07	-2.5130359466340805e-06	0.0032244821781488102	-2.1623371717401254e-06	-9.574759733362652e-08	0.0027434104722277248	0.00016803828170593605	4.9230296900106755e-05	-2.0578603873156173e-05	-3.63454725595929e-05	-0.00020043349495017904	-6.889729912580353e-05
0.38	2.062650280405503e-06	-1.6201097876936702e-06	0.003224338086561233	-2.022976764603849e-06	-2.0786396919806964e-06	0.002742628775094328	0.0001549351160334465	0.00014058879993610691	3.412101153140454e-06	7.027243275665464e-05	-0.00017625023783397726	-8.002224344026648e-05
0.39	2.739718323486743e-06	1.6133905509383582e-07	0.003224498472037957	-9.820488788673225e-07	-2.929867544011828e-06	0.002741977701327065	7.626325055803387e-06	0.0002029223942439777	6.484624250285746e-06	0.00015241131332916277	-7.294956797637706e-06	-4.32661684222341e-05
0.4	2.121122882574234e-06	2.039843467420942e-06	0.003224516816523715	8.282211354969526e-07	-2.336558863454275e-06	0.002742049332664356	-0.00012063615033224931	0.00017357251180990385	-9.958731187452315e-06	0.00020100292550302362	0.00012771227110782682	4.6781218079725175e-05
0.41000000000000003	5.033081909969442e-07	3.1615260416019893e-06	0.003224736438677545	2.481804114846019e-06	-7.45585839905548e-07	0.002742693718103927	-0.00020494811998346692	4.3216627391455785e-05	6.0968615644003404e-05	0.00010132970923932674	0.00019766640822911033	8.438721381836281e-05
0.42000000000000004	-1.5588704312078456e-06	3.0303816111047027e-06	0.003225135256917944	2.8479867186008767e-06	1.2818810203303127e-06	0.0027434040369304757	-0.00018959304877624034	-6.585718580407539e-05	7.133841771087161e-06	-1.8029728626100193e-05	0.00017882958550243333	4.303649976802201e-05
0.43	-3.043535337181446e-06	1.777005897986202e-06	0.0032251275403774996	2.2168156634453317e-06	2.499658463083815e-06	0.002743500453436752	-8.41102446086444e-05	-0.0001898316009283491	5.911727321323484e-06	-0.00012373097351029984	6.009101805568096e-05	-1.820626932322966e-05
0.44	-3.1391394917885575e-06	-2.8864650695835845e-07	0.003225066100006152	4.005685689955229e-07	2.2692843901114902e-06	0.002743135123145267	5.661274944981934e-05	-0.00021348766896649241	-2.9199054396173756e-05	-0.00021192054521721756	-9.225411446198415e-05	-4.817326752421327e-05
0.45	-1.7910100466343348e-06	-2.1103316714882867e-06	0.003224752771071282	-1.725565741976238e-06	8.884406805497297e-07	0.0027428744424007	0.00018846860468905622	-0.0001376639621716762	-2.60942828770521e-05	-0.00018710999516318477	-0.0001655414335958602	-9.34172475420222e-06
0.46	3.55738419629802e-07	-2.9194972714350722e-06	0.0032244704775022002	-2.77263599189396e-06	-8.673531156455222e-07	0.002742776844316094	0.00023496012051182227	-1.21473359046806e-05	-1.6809798022141625e-05	-1.2644561068083633e-05	-0.00018559266596053522	-6.718271591509606e-06
0.47000000000000003	2.710249657253746e-06	-2.1697655979203597e-06	0.0032245583670409573	-2.1562430336759085e-06	-2.2954537309116077e-06	0.0027425822992152697	0.00019155445220070416	0.0001552248675269245	1.8769885438314556e-05	0.00014553803943348782	-7.685716860801382e-05	-3.167376568376596e-05
0.48000000000000004	3.997371539417648e-06	-2.0323082030133188e-07	0.0032246045743947916	-4.301519479524885e-07	-2.597271495256225e-06	0.0027422647415062296	3.64605663286291e-05	0.0002350486356914288	-2.502342983195521e-05	0.00017759870120044518	9.771203683433762e-06	-2.902627596397122e-05
0.49000000000000005	3.4118529247396277e-06	2.010827068110067e-06	0.0032244649311597524	1.3881829173458491e-06	-1.661152459838234e-06	0.002742090946661056	-0.0001344027981876982	0.0001914344821670787	7.155651597109823e-06	0.0001632830580349548	0.0001497178503246702	-9.216417232836449e-06
0.5	1.3400419305135238e-06	3.3070173051896632e-06	0.003224498208911275	2.7827631447469886e-06	-9.804859339734891e-08	0.00274228213893204	-0.00027792555839581206	5.4282688193743007e-05	1.1375781895173912e-05	0.00011041743922116306	0.00016204848542665065	4.7391155705241805e-05
0.51	-1.4720261591427767e-06	3.1602482148447803e-06	0.003224656408952003	3.072087762922576e-06	1.438454868046765e-06	0.0027427542973234567	-0.000283178555812406	-0.00010342783410877014	1.5476920195086926e-06	-4.901838998332181e-05	0.00011668601648804174	3.197341624356312e-05
0.52	-3.808003018618153e-06	1.3065959631769733e-06	0.0032248003637164006	1.8856835131878012e-06	2.129914266342196e-06	0.0027430555020361005	-0.0001722630521433755	-0.00024192774594698936	2.4216704193016453e-05	-0.00017830965990182267	2.298291556496516e-05	1.0959774186624e-05
0.53	-4.283152169269637e-06	-1.1796147730219682e-06	0.003224934511649643	-2.217362558447083e-07	1.7705199574230694e-06	0.002743121459390325	7.303168739949129e-05	-0.00021622086913269833	3.024797002233494e-05	-0.00023291601788705352	-9.448787330967142e-05	7.88065452228573e-06
0.54	-2.6290120186478243e-06	-3.202848418109495e-06	0.003225259610175209	-2.4331071074815553e-06	5.982805261351412e-07	0.002742910288299335	0.00025563647723760957	-0.00016453057807343566	4.7717490189616454e-05	-0.00019984130074373967	-0.00014244647711117905	-3.461477680337892e-05
0.55	5.699849196658021e-07	-4.0313309845884545e-06	0.0032255429254931666	-3.5275973476367766e-06	-9.249102769198207e-07	0.0027424155322295957	0.000367713223417728	2.3881210807002124e-05	-1.9411732753245414e-05	-2.2337703854473552e-05	-0.00013440178282352682	-1.8607781667229302e-05
0.56	4.100127983731808e-06	-3.1217942098439933e-06	0.0032249604914390204	-3.1810535025649176e-06	-1.8759245955926567e-06	0.00274224407103795	0.0003126744671034296	0.00017298404939521993	-0.00010302885609192131	9.483739713123041e-05	-6.14707118289654e-05	-5.087548002772882e-06
0.5700000000000001	6.1950202797730145e-06	-9.380903250715836e-07	0.0032236732331775353	-1.3661602382174284e-06	-1.932396135245387e-06	0.0027422529427310847	0.00010234519046860151	0.00027174388059431916	-0.000122261185278483	0.0002537883926287889	6.309103798319704e-05	-1.1493688280657793e-05
0.5800000000000001	5.7476389404603455e-06	1.870657128973232e-06	0.0032230256924590784	1.2202815286690075e-06	-9.525466995444377e-07	0.002742183484655404	-0.00016351146143687257	0.0002620882073709424	1.7282588104770596e-05	0.0002574499698448976	0.00012984661527156309	-1.1199515635803487e-05
0.5900000000000001	2.9739745199258407e-06	3.836480422777487e-06	0.00322366373728655	3.604431704660035e-06	3.476096855018119e-07	0.0027421368810987496	-0.00036607160587792453	0.0001199830980611925	9.907666457128133e-05	0.00017886891636830152	0.00010468367257330197	-1.3187512731119444e-05
0.6	-1.39586800157092e-06	4.199679984832141e-06	0.0032249727767845924	4.027984343510218e-06	1.1364237827483944e-06	0.0027422145009150115	-0.00046584700022585083	-7.172956918725105e-05	0.0001571266169037562	-6.773431567544657e-05	5.000578953938305e-05	3.0374815950613625e-05
0.61	-5.453865404403672e-06	2.66012702850846e-06	0.003226132381631249	2.344813818685487e-06	1.2973010169893874e-06	0.002742788354154257	-0.0003131691259241986	-0.00025594051196256286	4.7626850607776084e-05	-0.0002568258046396322	-2.0834037901711494e-05	7.932889222848983e-05
0.62	-7.328991157155366e-06	-3.314818262361457e-07	0.0032263208997997325	-5.118738812245995e-07	8.320937950612804e-07	0.0027435155392522286	-4.290737253362311e-05	-0.0003205536589361415	-3.48246445213517e-05	-0.0003054881537310504	-8.98721448012259e-05	5.475950888141944e-05
0.63	-5.968637326534471e-06	-3.1202636998717406e-06	0.003225613867658107	-3.2509029702917982e-06	-1.6021815815045063e-07	0.0027442124150459215	0.00030849188745887157	-0.00021879601878470328	-0.00011836508260978259	-0.00020037713375742363	-9.409928971011593e-05	5.7748398470453834e-05
0.64	-1.7087365914465559e-06	-4.414201646604672e-06	0.0032246232567863077	-4.3540453133045936e-06	-9.162305819691791e-07	0.0027442154317921562	0.000521623574819698	-2.4254113410073784e-05	-8.974604964113436e-05	-7.2163738741789424e-06	-5.7834843207421504e-05	-5.603792784901238e-05
0.65	3.535325087854298e-06	-3.87995216941188e-06	0.003224083928567425	-3.386470584186518e-06	-1.3635494402260698e-06	0.002743334442965853	0.0005007733413831014	0.00012503888187351083	4.380731073115053e-07	0.00019587803313147263	-5.1957303112530465e-06	-0.00010116826253138975
0.66	7.379850005653844e-06	-1.6561521422996853e-06	0.003224298362244606	-7.764365144505752e-07	-1.0520500238799577e-06	0.002742264340815036	0.00023722185087339182	0.00031092628316359755	4.966408698926845e-05	0.000304119784475851	6.61050932297235e-05	-0.00011191040215448074
0.67	8.08609712735896e-06	1.6135815972720693e-06	0.003224547959800985	2.2080285195594645e-06	-1.7236441053997779e-07	0.0027414575668682994	-0.00011821656150486843	0.00030790727158242035	1.562921287764377e-05	0.00028963322562857634	8.943618736971447e-05	-4.1245988918223314e-05
0.68	5.05389246399708e-06	4.033617725705873e-06	0.0032242698882786512	4.423022019176399e-06	5.129045400107533e-07	0.002741520858121512	-0.0004700911934836098	0.0001676578461260856	-3.249250334414681e-05	0.00012621991191111444	5.204797380389285e-05	6.308197414463265e-05
0.6900000000000001	-4.805924528271215e-07	4.54284216863247e-06	0.0032242640343937627	4.576464153460639e-06	9.740600359682305e-07	0.00274232818458934	-0.0005850694144127735	-6.698420882798394e-05	2.3004576249339074e-05	-8.587102425345592e-05	4.0363270945547444e-05	9.563388841834849e-05
0.7000000000000001	-6.085719891829638e-06	2.974788076073252e-06	0.003224603320677022	2.691595216467702e-06	1.2122398155005598e-06	0.002743299288079387	-0.00047684524596855444	-0.00024041327291248415	5.157043052632846e-05	-0.0002785491075497691	1.3986439554659282e-05	9.306711015523368e-05
0.7100000000000001	-9.239235409452683e-06	3.528215512267612e-08	0.0032250287279956985	-4.299562073731482e-07	1.1431906999914516e-06	0.0027439400228778696	-0.0001234455889286537	-0.00032836517072459056	4.070783791059391e-05	-0.00030969258899087276	-3.865481650203994e-05	1.3031171667621913e-05
0.7200000000000001	-8.220024093055207e-06	-2.9238544727833273e-06	0.00322545748201616	-3.33488172178365e-06	6.419158399325231e-07	0.002743787575306261	0.00031719744371925304	-0.00023148715100684345	5.106667831433465e-05	-0.00024499926695386074	-6.27645067069635e-05	-3.0838471360882555e-05
0.73	-3.4896401512183415e-06	-4.545454352411167e-06	0.0032255408712216637	-4.843056260347808e-06	-4.6052516675560676e-08	0.0027432910001450824	0.0005980615287809139	-7.936672055961894e-05	-2.5858129364249414e-05	-3.8504606457113914e-05	-8.903529599709438e-05	-3.121546229967078e-05
0.74	2.8897011654293584e-06	-4.304672664267432e-06	0.0032251017966525	-4.0370854488131055e-06	-9.715001353617156e-07	0.0027426903291456234	0.0006191250179792077	0.00010746861528515293	-5.271261574608623e-05	0.0001949798100675196	-6.673998417677301e-05	-8.887799196705012e-05
0.75	8.083501160389804e-06	-2.390067465646941e-06	0.0032244330854505256	-1.0523311181457908e-06	-1.303836363829009e-06	0.0027418589321032364	0.0003861913715760574	0.00026937205382238306	-7.537181415108716e-05	0.0003886511033836502	5.6523356077608534e-06	-6.544571562491272e-05
0.76	9.718400952340227e-06	8.521300216378761e-07	0.0032237292766748972	2.7530141811058785e-06	-1.096592709636869e-06	0.002741306201249531	-9.997096170051093e-05	0.00035171542507796307	-7.38939461699186e-05	0.00033782373633985916	4.210231215040051e-05	-1.7471461310779733e-05
0.77	6.675447174506828e-06	3.823468149727179e-06	0.0032232179502750314	4.928825517693496e-06	-6.104162777863048e-07	0.0027415228981121052	-0.0004904097931861963	0.00021385524192200228	-2.7640597918747628e-05	9.329557580148152e-05	6.755665423239923e-05	7.351070097870419e-05
0.78	7.319073923385866e-07	4.967465719572452e-06	0.00322326595510514	4.457171803893665e-06	3.752407489230049e-07	0.002742548036547223	-0.0006613010904289303	-1.5635263721834374e-05	5.7961459484409305e-05	-0.00016236359798356317	0.00011313816725193812	0.00013594298497091013
0.79	-5.537471770395465e-06	3.4420461585073937e-06	0.0032246383856133804	1.9477963785390086e-06	1.4472751076295057e-06	0.002743626788113561	-0.0005319361198300168	-0.00025673631444794726	0.00018490906116769537	-0.0003402139641892407	0.0001120754942112868	8.33219961387737e-05
0.8	-9.378648076352571e-06	4.11723276824505e-07	0.0032263572849414684	-1.7079814762915127e-06	2.059120121134676e-06	0.002744355534704238	-0.00017925939916938488	-0.0003389011190155106	0.00013217516272583205	-0.0003619627049936564	1.2478595685526494e-05	5.05519724785831e-05
0.81	-8.636550086482092e-06	-2.9025903529797877e-06	0.0032269611981610574	-4.81528507926256e-06	1.6204135947404262e-06	0.0027446163853968746	0.00030464098025257357	-0.0002990740790267734	-2.667518473498154e-05	-0.00022272574646572133	-9.766272312426076e-05	-2.9170888858773738e-05
0.8200000000000001	-3.6671699617573538e-06	-4.779242745442361e-06	0.003225986951802085	-5.987818858222797e-06	3.3981014901290326e-07	0.0027440019301793583	0.0006404911666062859	-9.901156978002141e-05	-0.00013937676223706467	-5.530625460273373e-06	-0.00014070740713083946	-8.134064495202185e-05
0.8300000000000001	3.1083403019544566e-06	-4.547069383159813e-06	0.0032245065362268392	-4.564811348571901e-06	-1.3101620493078372e-06	0.002742729178923178	0.0006733354449038509	0.00015526595608969857	-0.00015019976317639635	0.00026825975259677225	-0.00017036000191335754	-0.00014617076693391708
0.8400000000000001	8.665650121190493e-06	-2.0371047817622477e-06	0.0032233180889807158	-8.648781496818402e-07	-2.502671761745439e-06	0.002741335162642581	0.000384123939028195	0.00030781139415636126	-8.176219736940746e-05	0.0004376117076949298	-5.327750121507832e-05	-0.00013251506854632263
0.8500000000000001	1.0292279707771255e-05	1.3489934267807117e-06	0.003222993854443168	3.4723872406583304e-06	-2.3105599237885893e-06	0.002740781575430248	-7.807259052264388e-05	0.0003475498970115384	3.197325057390232e-05	0.00041322810154221276	0.00012623008074098512	8.698574277846557e-06
0.86	7.163614882452117e-06	4.22274148794244e-06	0.0032238395090929553	6.455004928932906e-06	-5.135467980559354e-07	0.0027412217245182725	-0.0005297343068158935	0.00021194962575176522	0.00011908656816443835	0.00018362106921233586	0.00019963547268958182	8.474839420093258e-05
0.87	5.439523326761012e-07	4.953997640654614e-06	0.0032252369001676546	6.579428391170966e-06	1.5895775546360481e-06	0.002742637741511928	-0.0007600561810864879	-5.695105473212995e-05	0.00013860362432984138	-0.00014244921835405609	0.00020021080481839854	0.0001781454832504675
0.88	-6.830151043738394e-06	3.288243732552831e-06	0.0032262443757624625	3.739571786515885e-06	3.149150715337815e-06	0.0027441980803175575	-0.0006325614828636065	-0.000288631136024256	6.561267119919866e-05	-0.00042271080673761115	8.584158562100351e-05	0.00014570436965815578
0.89	-1.1072213793865973e-05	-2.604010181608982e-07	0.003226370974589579	-1.13733161592409e-06	3.2302540434595963e-06	0.0027449660824947	-0.00017643969897098937	-0.000373962212369613	-4.909160843988548e-05	-0.0005153781587902554	-9.179227179506855e-05	1.2271447529451182e-05
0.9	-9.801155006889467e-06	-3.652572693606212e-06	0.003225732887817755	-5.697874290171327e-06	1.4422585706552283e-06	0.0027446175446288116	0.0004105786190596223	-0.0002986880034045363	-8.997166773004226e-05	-0.000350687857978419	-0.00027341732547788133	-6.379797086771065e-05
0.91	-3.5694365204493544e-06	-5.364238401649047e-06	0.00322465134352129	-7.5543786753934424e-06	-1.3400530953623311e-06	0.0027434835481901644	0.0007719961838895333	-2.2455739864544756e-05	-0.0001291045372096022	-3.335653014578166e-05	-0.00027153639469589534	-0.0001455282004273257
0.92	4.397476525415097e-06	-4.059348133383863e-06	0.0032237037371169075	-6.193724805243157e-06	-3.1343752157033406e-06	0.0027416905919139963	0.0007537521954903369	0.00027342497618150946	-7.027983941830396e-05	0.0002995234107073116	-9.918184528147624e-05	-0.00019548404095864023
0.93	1.0262125005676742e-05	-3.964942268810434e-07	0.003223482870924498	-1.967325525269524e-06	-3.431516419725998e-06	0.0027399895218277173	0.00038961328542723087	0.0004140003662591905	8.146493558327495e-06	0.0005012449879265717	3.574489947917162e-05	-0.00012754011788907162
0.9400000000000001	1.1335867377770422e-05	3.8075794898100157e-06	0.0032238828016307422	3.2291306317303634e-06	-2.0663329499246144e-06	0.0027396684706326815	-0.00017645747489695095	0.0003708180381670521	6.141796769977703e-05	0.0004883967003507832	0.0002113167766662158	7.430204307820318e-05
0.9500000000000001	7.099730524888868e-06	6.504247247655555e-06	0.003224324875937668	6.999669954868293e-06	1.953208061372571e-07	0.0027412378522318425	-0.0006656491572194956	0.00013645416384924674	2.9853166000973543e-05	0.0002397678653206162	0.00024209580765055443	0.0002144155744221907
0.9600000000000001	-1.058758767922615e-06	6.21839081259531e-06	0.003224775507416809	7.359521643244822e-06	2.354014230745907e-06	0.002743229192467293	-0.0008909020244737519	-0.00019000193715705644	5.8221319882395105e-05	-0.00015439343574053104	0.0001852370719253772	0.0001898951567755829
0.9700000000000001	-9.335854097498917e-06	3.040030371607692e-06	0.0032251891926237865	4.06347178098167e-06	3.7707308576756555e-06	0.002745006051567625	-0.0006714078509626567	-0.0004043112987531511	2.3144847764274573e-05	-0.000486088351109283	7.772232020944294e-05	0.00011428717185046433
0.9800000000000001	-1.3705674005814736e-05	-1.4280117188021005e-06	0.0032254639000050393	-1.3164728644764895e-06	3.6180964954668945e-06	0.0027454211098477134	-0.00011963396012719469	-0.0004605801070393856	1.75534118885951e-05	-0.0005271901153493678	-0.00010895287842896578	-4.263631479027807e-05
0.9900000000000001	-1.1745003342640965e-05	-5.382943994472817e-06	0.003225800320720049	-5.981072720965451e-06	1.8562238378320863e-06	0.0027442379998911188	0.0005118634297690144	-0.00029074381955377987	4.3747847096179266e-05	-0.00036501903516767195	-0.0002334108022317057	-0.00018355524040277848
1.0	-4.151589629083747e-06	-6.787542473885641e-06	0.003225763807983839	-7.745342094910238e-06	-6.566433785717029e-07	0.0027424123473654164	0.0009472364101288812	1.9981100172641328e-05	-6.612610368859747e-05	2.1248474790222777e-05	-0.0002703877989399595	-0.0001392057194247795
1.01	5.727505588834336e-06	-5.129862330410679e-06	0.0032245459380667403	-5.691473023706652e-06	-2.842845526082813e-06	0.002741437755902418	0.0009263744239954315	0.000313903849400133	-0.00016165537155207613	0.0003688542312038027	-0.0001485152883517439	-3.7463141679947603e-05
1.02	1.3112915414817791e-05	-8.276434229664231e-07	0.00322309843615981	-7.945267962699341e-07	-3.3980175320843352e-06	0.0027414224342991655	0.0004895958355426615	0.000524864793590098	-0.00011269579805580478	0.0005408870021398152	3.0519969878443065e-05	2.7107290675211338e-05
1.03	1.440583351645731e-05	4.140583437641668e-06	0.0032225656539129014	4.391449473749955e-06	-2.365837913658406e-06	0.0027422362558289335	-0.00022930552279061948	0.0004358534857252706	1.2274516746292252e-05	0.00045437995480058477	0.00017790248844354762	0.00012758175449027842
1.04	8.709974798102558e-06	7.378453322011036e-06	0.003223645868408845	7.441407749721819e-06	5.108612090544853e-08	0.002743410802613993	-0.0008617976388402028	0.00020130681822254137	0.00019326668387953098	0.00011246091683892006	0.00026502449027322647	7.463487371821178e-05
1.05	-1.2135209773049269e-06	7.4307393808950775e-06	0.0032258927760332153	6.397518072682943e-06	2.7354966189933517e-06	0.002743826315961837	-0.0010484394954533196	-0.00016759541379316508	0.00024151754728364685	-0.0002867156476913696	0.0002453464380205257	1.1579073496214276e-05
1.06	-1.0863638481435058e-05	4.084874996748324e-06	0.0032274619806361192	2.393806400029914e-06	4.122194225396769e-06	0.002743788280631678	-0.0008144339007674307	-0.0004931407643044233	4.0929776814272617e-05	-0.0004619046900940072	3.41723252146848e-05	-3.759728234684049e-05
1.07	-1.578277579657186e-05	-1.4559954741995125e-06	0.003226806090090569	-2.5025906228319126e-06	3.3769269719763413e-06	0.0027432503057704684	-0.00013082883107977774	-0.0005802606062764144	-0.00015079149503736432	-0.00047091649608685735	-0.00017841138249574743	-4.246962401103624e-05
1.08	-1.3106454178609733e-05	-6.443098619189472e-06	0.003224557642728069	-5.986057349657637e-06	9.108346104605029e-07	0.002742969763016564	0.0006486474457639932	-0.000377217447921023	-0.00025015691517638484	-0.0001865252393942769	-0.0003112064891031713	-2.2159331582769992e-05
1.09	-3.973107597790485e-06	-8.408594490022732e-06	0.0032227687683993077	-6.556223089319258e-06	-2.032041210254697e-06	0.0027426650878071613	0.0011138562892379115	4.140613943115093e-06	-9.529893882733492e-05	7.667138885465933e-05	-0.00023681648953107455	-4.72394362974495e-05
1.1	7.3056960242271244e-06	-6.260050618875655e-06	0.0032229460263190996	-4.461923961479316e-06	-3.785962987542786e-06	0.0027418059089633047	0.0010533438102789904	0.00040916897618139506	0.00011296520874232562	0.00033753502977253993	-9.398543645764791e-05	-0.00011197831620244542
1.11	1.529678331481009e-05	-9.985862460025398e-07	0.0032243532136958927	-1.90444870877634e-07	-3.938749079354987e-06	0.0027409384154603064	0.0005092047332607555	0.0006107719124216292	0.00015871328784139882	0.0004702395699650333	5.069331786213414e-05	-3.598571089215014e-05
1.12	1.6366945475311356e-05	4.755090113481882e-06	0.0032256354633117238	4.256880196365579e-06	-2.484621757640032e-06	0.0027411338351052404	-0.00030748661641997923	0.0004808002721205829	7.184182750331436e-05	0.0003683156384347942	0.00022804711734346035	7.461699842104116e-05
1.1300000000000001	9.645708638630126e-06	8.374227269794584e-06	0.0032259745138186603	6.666467061325848e-06	2.6381474257871655e-07	0.0027421053469132745	-0.000997178526396874	0.0002081505145160348	-2.9942707078264218e-05	0.00010427362702489346	0.0002887415747948861	0.00012793472504493095
1.1400000000000001	-2.0060010895698363e-06	8.25847800047392e-06	0.0032251940626172614	5.944893116033187e-06	2.9898128533324288e-06	0.002743747906942048	-0.0012225587825348114	-0.00022411059858041914	-9.661675547711763e-05	-0.00022605405308678966	0.00021392473063065864	0.00016724534639838976
1.1500000000000001	-1.3002443359186514e-05	4.251065362838888e-06	0.0032245561965435873	2.2189531002849334e-06	4.245311211190936e-06	0.002744926025879191	-0.0008806433399621177	-0.0005430808281340468	-3.428820679618039e-05	-0.0004627606742838468	2.5657167896152056e-06	8.033050951035173e-05
1.1600000000000001	-1.8041792694398934e-05	-1.9650334072544898e-06	0.003224585678250665	-2.557988286637466e-06	3.4412994565096785e-06	0.002744709005815499	-7.86266174077082e-05	-0.0006550136845483367	3.458554594928373e-05	-0.00046698109142846484	-0.00017566293766490727	-9.198591882197661e-05
1.1700000000000002	-1.4652832215904103e-05	-7.786606427663495e-06	0.0032252631341040568	-6.4304796513785836e-06	1.0221934772565867e-06	0.0027432680440121248	0.0007198170537331525	-0.00044891795638868815	7.594164637225063e-05	-0.00024962403377479627	-0.00029030002183129676	-0.00018695726572693828
1.1800000000000002	-4.4943134824336545e-06	-1.0293895206751836e-05	0.003225836087218118	-6.9920611637399716e-06	-2.1765160468571688e-06	0.002741398002814864	0.0012351529704694552	-4.206380904003263e-05	2.6353867602518352e-06	0.0001146237365512726	-0.0003057201275377616	-0.0001444699788531762
1.19	7.987641230048838e-06	-8.133588826933459e-06	0.003225302400750132	-4.239193938856205e-06	-4.59282995005014e-06	0.0027408332568945753	0.0011544227195398973	0.00044517281417962403	-0.00010080778743896408	0.00041115194921809405	-0.00016100282907566062	1.631656702083359e-05
1.2	1.691590216998869e-05	-1.8879143772648493e-06	0.0032240585622024705	6.06165568400814e-07	-5.180697966691972e-06	0.002741540220247256	0.00054165816793607	0.0007220629098014254	-0.00011279328315597427	0.0005262760817858794	5.504908867940575e-05	0.00012513391959451906
1.21	1.7864138092954976e-05	5.368704714873646e-06	0.0032232680589324527	5.42406573485863e-06	-3.2051635993046765e-06	0.0027428327293528617	-0.00038056716665091925	0.0006508006513074753	-5.795046016406803e-06	0.0004055260927991366	0.0003148873135552569	0.00015415872505895217
1.22	1.0269340186586977e-05	1.0350182137707227e-05	0.003223645954967096	8.204087777623723e-06	4.814551778320228e-07	0.0027442198487210435	-0.001092501450532629	0.00029296410771405924	9.92966015824677e-05	0.00011556612821369579	0.000388904075232932	0.00010492230531328063
1.23	-2.4349781198902777e-06	1.079007797428587e-05	0.0032248953930691907	7.131335743553345e-06	3.969561326034963e-06	0.0027446000081960266	-0.001335440018970334	-0.0002063129130324155	0.00013889269793012203	-0.0003132885947724973	0.00028370555582093884	-3.215418611379952e-05
1.24	-1.420120010862891e-05	6.096732845051341e-06	0.003226099106472076	2.8415897382609813e-06	5.632182975030377e-06	0.0027436794459178683	-0.0009200382179383359	-0.0006972417625526915	7.904610823025236e-05	-0.0005199297343115955	4.037879297341726e-05	-0.00012797214300059743
1.25	-1.9369121271145846e-05	-1.622279825834693e-06	0.0032263398564910586	-2.7611735911777346e-06	4.710452904176461e-06	0.002742330522265833	-3.950250806914243e-05	-0.0008043671441361342	-3.0296950311181746e-05	-0.0005579069350057945	-0.00022638239191981752	-0.00011899189443385024
1.26	-1.5229643555269113e-05	-8.59510248476751e-06	0.0032253627175005037	-7.223988587938317e-06	1.4658131627905853e-06	0.00274167780308709	0.0008492228635743089	-0.0005464627773990276	-0.00015268252502667677	-0.00030123331478222083	-0.0003830199241161789	-2.276495654705838e-05
1.27	-3.6989297073960588e-06	-1.1582346815621947e-05	0.0032236401460928373	-8.355559155860237e-06	-2.7431459543651823e-06	0.0027417390109857856	0.001369803174051546	-2.1547795311605647e-05	-0.00018429946726346088	0.00010609088232445728	-0.0004022778293279854	3.95934890455047e-05
1.28	1.0057715814638916e-05	-9.195207887002284e-06	0.0032224654372808212	-5.495116898190429e-06	-5.881824488196464e-06	0.0027423437937036605	0.0012477106063551843	0.0004915783420546301	-3.07031810479069e-05	0.00046265701280111325	-0.0002037685593249773	0.00010222814235627417
1.29	1.9389566628406268e-05	-2.316524486653788e-06	0.0032229195931369908	1.1411049243132528e-07	-6.534264424231307e-06	0.002743358836675224	0.0005371034291624049	0.000835874856234442	0.0001265442261352517	0.0006151028336007399	7.815384361674114e-05	0.00010514448305581109
1.3	1.9940352026714513e-05	6.188794356460121e-06	0.0032246881221183444	6.01559266895112e-06	-4.260829502628229e-06	0.0027441924058541132	-0.00044640532465052427	0.0007701584922955094	0.0002040562008808644	0.0004942145112519764	0.00038175183547114826	4.0351010097449265e-05
1.31	1.1156241395024363e-05	1.1729440805845463e-05	0.0032266055892793814	9.23195884173581e-06	2.698653102082858e-07	0.002744241466591839	-0.0012490199715564723	0.00031138549181505994	0.00016223258895879482	0.00012812806522016624	0.0005029843742113694	-3.967760083670516e-05
1.32	-3.1323564740319007e-06	1.1620474487132023e-05	0.0032274234073540755	8.115243858663315e-06	4.6882606741181415e-06	0.002743657502770912	-0.001487243112880263	-0.00032934472846933566	-2.35741043989583e-05	-0.00035115610082945734	0.0003451249397939037	-6.430006628802629e-05
1.33	-1.605935573396792e-05	5.700682512110372e-06	0.003226164751884662	2.7314551116317404e-06	6.679538139086511e-06	0.002742954499863916	-0.0009946286551616502	-0.0008047103549687841	-0.00021932658357664325	-0.0006769536358715765	7.374204747128982e-05	-7.171082330338165e-05
1.34	-2.15335390751629e-05	-2.891120249840477e-06	0.0032236938418933312	-4.479051473730131e-06	5.6519304359697846e-06	0.002742389566034972	-4.51658321857871e-05	-0.0008390429453021978	-0.0002448456992496079	-0.0006743218316201635	-0.00028593271868883395	-4.281405103636666e-05
1.35	-1.677851211087084e-05	-1.0178748383608568e-05	0.003221980621540618	-9.517505711148993e-06	1.7693600395035896e-06	0.002742115474789704	0.0009606297921167763	-0.0005663429405987772	-7.54999951322436e-05	-0.0002885300729321589	-0.0004629460189509599	-1.9515746844767936e-05
1.36	-3.8940218589732965e-06	-1.3127737204728093e-05	0.0032224622830799585	-1.0033329659016941e-05	-3.0744041685011174e-06	0.0027420446354500423	0.0014994836171467133	-8.530298558180909e-06	0.00015636852315920632	0.00019447599767951154	-0.0004524468072911467	-3.988105174438089e-06
1.37	1.0996092814410879e-05	-1.0062751445332035e-05	0.003224778730826862	-6.057930397927276e-06	-6.7742540967431825e-06	0.002742043120510718	0.001369407219348245	0.0005811919545721849	0.00027938340749018636	0.0005800759858459805	-0.0002358897655768075	2.0635279511612584e-05
1.3800000000000001	2.1340944385755943e-05	-2.12044608925682e-06	0.003226979542139374	1.2716345139965514e-06	-7.524681606344758e-06	0.0027426206539031897	0.0005946036339482885	0.0009246192208709635	0.00014406157701738292	0.0008054110952679652	0.00011033779915709946	9.117071655059147e-05
1.3900000000000001	2.1750490173728992e-05	7.229296806449142e-06	0.0032270161053224488	8.348626860816951e-06	-4.81516226289976e-06	0.002743762777023995	-0.0005272861281500851	0.0008626026298580359	-0.00011640405564435817	0.000559598066874185	0.00041325124032238195	0.0001503169895672615
1.4000000000000001	1.1547701597084193e-05	1.364569232425226e-05	0.0032253033917049177	1.1415174886464434e-05	4.214776373103507e-07	0.0027450245181878724	-0.0014325287802041218	0.00033489409801257226	-0.0001942926894134353	4.773322015879908e-05	0.0005879789986246209	9.285756002673024e-05
1.4100000000000001	-4.535366183170355e-06	1.3705447274512539e-05	0.003223903649742588	8.950913950485714e-06	5.9210076805214645e-06	0.0027448167050916385	-0.0016804973802272665	-0.0003308215500296653	-9.147969482545669e-05	-0.0005005621505685077	0.0004558746030330111	-0.00013785251565743404
1.4200000000000002	-1.902218359601514e-05	7.210707100760649e-06	0.003223555031208012	1.9701762415018483e-06	8.765451904484514e-06	0.0027428904635845384	-0.001095037447501377	-0.000893488955241919	1.4030042233430608e-05	-0.0008353992671260357	8.367724481065805e-05	-0.00022405953153536746
1.4300000000000002	-2.46101359600448e-05	-2.9530924662238176e-06	0.0032238005219756005	-6.465440368988817e-06	7.499950052172892e-06	0.002741064091571128	2.9189546243344775e-05	-0.001055778751238837	4.661869361898403e-05	-0.0007897235797827846	-0.0003270049019090698	-0.00011921287007836455
1.4400000000000002	-1.8409830083339138e-05	-1.1947089451467014e-05	0.003224341496883342	-1.2349895026523408e-05	2.689454558976453e-06	0.002740502860475667	0.001170890685864392	-0.0006885434802820637	2.978574326968493e-05	-0.00034250456786437763	-0.0005876274900453125	1.4983804305818311e-05
1.4500000000000002	-2.9797349229062404e-06	-1.5762259011783107e-05	0.003224579163185172	-1.2516797124501382e-05	-3.4017722778260137e-06	0.002741451190042208	0.001801777011494233	-2.5231066619550923e-05	1.169509257784621e-05	0.00031279627759239943	-0.0005748480406987949	0.0001329968362882723
1.46	1.4780073244248099e-05	-1.196091870058742e-05	0.0032247232048350826	-6.648933772611587e-06	-8.00247420148156e-06	0.002743248941881913	0.0015844299698642885	0.000752170652727474	3.5711665406464055e-06	0.0008263432209949465	-0.00030829763560609593	0.00018566456596680447
1.47	2.599527116098153e-05	-1.8211522611709602e-06	0.003225064433048914	2.8321765532582745e-06	-9.008439012261984e-06	0.002745073985846059	0.0005747177782193838	0.0011914006454935466	4.4008112653185055e-05	0.000982582436158927	0.00012707409262509962	0.00015488388864844533
1.48	2.5078937108686835e-05	9.833545452731893e-06	0.003225478282477886	1.1431748621656757e-05	-5.672139798504789e-06	0.00274556816346382	-0.0007636691893977242	0.0010347075224241048	2.1687262453945598e-05	0.0006741464273818935	0.0005228067826579135	-5.79316917045e-05
1.49	1.2063690197724817e-05	1.7211647501573008e-05	0.003225439536755862	1.4881203627069256e-05	5.545548953179563e-07	0.002744160079569598	-0.0017267587322229096	0.00037506573074075935	1.3437318381438635e-06	4.574509778801834e-06	0.0006955973066371455	-0.00019295992362127596
1.5	-7.150082807622502e-06	1.6560890492885408e-05	0.0032251928264241583	1.1184375188184979e-05	7.0304924652163025e-06	0.002742060407304197	-0.0019603174845352614	-0.0005134636822405875	-5.305677717548114e-05	-0.0007280496523986012	0.0005487371777606584	-0.00019532237717163921
1.51	-2.3798119164669067e-05	7.810880167087649e-06	0.0032245598817965287	1.7748422402995435e-06	1.0641529459120656e-05	0.0027408025083622985	-0.0012136492540300008	-0.0011927683546035558	-7.763400315501639e-05	-0.0010589876244035648	0.0001266022831537723	-5.566797465394075e-05
1.52	-2.9435054219460968e-05	-5.1859234582298635e-06	0.003223605392070356	-8.637982992817335e-06	9.471231948438007e-06	0.002740913899080345	0.00010647890261164934	-0.0013394323512787047	-8.931300433263053e-05	-0.0009253052889034154	-0.00037183499929149095	7.416113288175003e-05
1.53	-2.1428997674437956e-05	-1.638029931740807e-05	0.003223077309647892	-1.5053543046934218e-05	3.7950769349748518e-06	0.002742307665664965	0.0014590490030118454	-0.0008007513317141007	1.0545986331307595e-06	-0.000292560959058688	-0.0007263630830459768	0.00019115003450846153
1.54	-2.649312784703391e-06	-2.008189537623311e-05	0.003223615645381349	-1.439824458065242e-05	-4.108753327203766e-06	0.002744115490808926	0.0021378375468782576	9.205999959756856e-05	0.00011855763063352778	0.00043946832208450093	-0.0007589715003915329	0.00013113467376310844
1.55	1.811341340848531e-05	-1.451714743413693e-05	0.0032253751057140473	-6.9798199591194365e-06	-9.963019777401069e-06	0.002744924333554045	0.001842704763953935	0.0009842920548165089	0.00020058365106407228	0.000981964673033662	-0.0003776144719636107	2.305712629528843e-05
1.56	3.0766620333569326e-05	-1.6929615916207223e-06	0.0032268263135552494	3.804910326031454e-06	-1.0983055381381443e-05	0.0027445898911156986	0.0005870409898484057	0.001450795157194069	6.727557752669363e-05	0.0010930304950635627	0.00017880294880131742	-6.121431318589277e-05
1.57	2.8915806125612087e-05	1.2269631563797944e-05	0.003226803547167079	1.3115405934318038e-05	-6.737068707154956e-06	0.0027438022715685797	-0.0009710011204958282	0.0012436783550704084	-6.0837127724953525e-05	0.0006856132131177968	0.0006276471301933704	-9.569276044297627e-05
1.58	1.2825553660493525e-05	2.1290111508744815e-05	0.0032253369449592134	1.621219121064914e-05	8.688216565553236e-07	0.0027427220092836034	-0.0020942650282266806	0.00046939196381163656	-0.00017935562085810713	-6.269695604899778e-05	0.0008337421629543806	-0.00011556679401030143
1.59	-9.84991969746488e-06	2.0620415791479987e-05	0.0032235638219903356	1.187856356518532e-05	8.266386719951208e-06	0.00274169815641718	-0.00224277820686316	-0.0005831630032114739	-0.0001644308436482521	-0.0007699119053954066	0.0005989840693119787	-8.264928653421422e-05
1.6	-2.8339867065622247e-05	1.0318625656053586e-05	0.003222588766175629	1.8752836206586017e-06	1.1826499263236732e-05	0.0027413433322034378	-0.001300195428503124	-0.0013887013379164745	-2.262302812894424e-05	-0.0011453241187994053	8.443836541404869e-05	2.9741611532266404e-05
1.61	-3.379203508553314e-05	-5.17710102246654e-06	0.003222996320512093	-9.258302589636117e-06	9.71396310730063e-06	0.0027417908723699753	0.00023515254013070077	-0.0015709258070796745	0.00010442640653283386	-0.000985424115318135	-0.0004838794091587408	6.388349907771807e-05
1.62	-2.3591739989214915e-05	-1.8592316736089228e-05	0.003224331468328731	-1.6188519629854734e-05	2.6155956214283464e-06	0.0027426220109554086	0.0017294684129650411	-0.0009874186740353639	0.00013656922684003594	-0.00037600639855847053	-0.000879332709817873	9.253665966004089e-05
1.6300000000000001	-1.7905733029397439e-06	-2.346318874241393e-05	0.00322579290007844	-1.5956797830368466e-05	-6.3584536824788714e-06	0.002743561092896746	0.002475235082277431	7.472211922465427e-05	0.00011607035432582853	0.000426959329758649	-0.0008114051186700442	7.573282492144998e-05
1.6400000000000001	2.194520712409457e-05	-1.734596572974967e-05	0.003226285895985359	-7.895340115025634e-06	-1.2556026823619138e-05	0.0027443134291033782	0.002052039231634655	0.001130782014531173	-1.4174308971764138e-05	0.0011285193740880927	-0.0003425830087684527	7.769479138172505e-05
1.6500000000000001	3.5855406926409745e-05	-2.615204021943389e-06	0.0032256435461254424	4.5492092022440706e-06	-1.27353145272452e-05	0.0027446676892093794	0.0006059646716282413	0.001685364823207407	-9.602327296685868e-05	0.0012502481490681725	0.00032607425194285843	-1.8834850796710057e-05
1.6600000000000001	3.309952149715797e-05	1.3770651738707047e-05	0.0032246273820681695	1.5195620995765502e-05	-6.966698087323365e-06	0.0027440663025241237	-0.00115476809823528	0.00145023966183372	-0.00010290378492796651	0.0007799057478711145	0.0007780120355784589	-0.00010388359417067007
1.6700000000000002	1.4441388899672522e-05	2.4031979792973575e-05	0.0032237786510946405	1.893368010462354e-05	2.251313249488645e-06	0.002742869449416254	-0.0024497105134206527	0.0005266596138611971	-6.806478736155182e-05	-8.62185671415078e-05	0.0009836460601796314	-0.00010948640904322667
1.6800000000000002	-1.189020774622452e-05	2.3042799730474854e-05	0.0032234988540027066	1.3532103752542895e-05	1.0945019817252163e-05	0.0027418473516747665	-0.0025951267292279824	-0.0007018983062166121	1.3541540449557153e-05	-0.0009489257644640204	0.0006707898840273005	-7.605813870255158e-05
1.6900000000000002	-3.316567255104458e-05	1.0830843313156665e-05	0.0032237244887384675	1.5920809633084488e-06	1.445168262004248e-05	0.0027414947782714795	-0.001480756064058156	-0.001605095913093043	3.730578858299855e-05	-0.001328440720142537	1.3579516360941587e-05	1.7676177757814387e-05
1.7000000000000002	-3.91628502383588e-05	-7.028406609044848e-06	0.00322419452007746	-1.1067699852723631e-05	1.1019818735576752e-05	0.002742093166437386	0.00036625202304930743	-0.0018072778622366943	5.1713285955752625e-05	-0.0011036385314255914	-0.0006784027771112172	9.640808995676884e-05
1.7100000000000002	-2.6236326946135263e-05	-2.2369164909430745e-05	0.0032247304728723865	-1.893133485177333e-05	1.8260903669694349e-06	0.002743519314738059	0.0021142049274542945	-0.0011394439995925714	6.217728175658421e-05	-0.00038489146781461945	-0.001078612337625173	0.00015156567155297004
1.72	-2.0556271105512333e-07	-2.779174411572331e-05	0.003225293966098895	-1.808765539617281e-05	-8.603318657685141e-06	0.0027445668285412117	0.002880607127233482	0.0001125682110601421	5.0181416088283355e-05	0.0005590838489678867	-0.000936806510086084	7.156076573817503e-05
1.73	2.6714949082738952e-05	-1.992036568121351e-05	0.003225494876030877	-8.531846178825348e-06	-1.5272769516520633e-05	0.0027447905018329753	0.002269651058782782	0.0013712179326491095	-2.3659354172521865e-05	0.001276325349984613	-0.00033803569052350235	-1.0641832207151009e-05
1.74	4.150376427200371e-05	-2.448204448626467e-06	0.003225100267526126	5.0847825631817465e-06	-1.4793946627408695e-05	0.002744292104045273	0.0005665235254865047	0.002004474321891688	-5.2793050739528174e-05	0.0013466317217644321	0.00042769321891052777	-6.4814087404001e-05
1.75	3.7111755833756644e-05	1.71149295855009e-05	0.0032244842967816476	1.6765205078241386e-05	-7.09424329129869e-06	0.0027432290880255953	-0.0014098759298193896	0.001742840693816398	-7.427850966037351e-05	0.0008574570204136501	0.0010245829576714769	-0.00012380823091427714
1.76	1.4924473414828133e-05	2.9214062006712314e-05	0.003223643246577818	2.0711119730397613e-05	4.106804466697734e-06	0.0027419655317219203	-0.0028288739570635434	0.0005609874395452088	-6.856643728608052e-05	-0.00010285374508789966	0.0011194657980653706	-0.00012667818929746482
1.77	-1.4821844841880462e-05	2.742221269162873e-05	0.0032232076092406983	1.4667165443093348e-05	1.3541089230824567e-05	0.0027411082850194194	-0.002899114483045076	-0.0009307744666586043	6.665516710923873e-06	-0.0010605504239378759	0.0007032795606774284	-3.349645833338484e-05
1.78	-3.81934296342143e-05	1.1940015814420536e-05	0.0032233904971656993	1.1725851172653046e-06	1.7051750723174665e-05	0.0027412211854619855	-0.0015768119349415593	-0.0019987078559788444	3.261262797232468e-05	-0.0015184686867710238	-5.317761574293705e-05	6.866639472001372e-05
1.79	-4.3845692324739514e-05	-9.67554504623117e-06	0.003223827023352813	-1.3381579712665936e-05	1.2440858434833386e-05	0.0027425844606348507	0.000501651429622524	-0.002137563300873297	3.772166362504968e-05	-0.0012743456524415846	-0.0008118322660287643	0.00016567151086895008
1.8	-2.8827397946668636e-05	-2.740020554677348e-05	0.003224327599969524	-2.2088225846389515e-05	1.965713844533034e-06	0.002744322558981471	0.0023987529660376224	-0.0012739756893816658	5.3736865316934584e-05	-0.00038861190751557974	-0.0011851271520736545	0.00014171750213077007
1.81	6.289003315778692e-07	-3.3036308446551185e-05	0.0032252638341047895	-2.0650366662105213e-05	-9.656753147672551e-06	0.0027450085860064653	0.003243059353161602	0.00022467708192408517	0.00010199522001198879	0.0006838372609621367	-0.0010215222882042421	1.4836279952386684e-06
1.82	3.089229906878769e-05	-2.3111651082429584e-05	0.0032261301064479323	-9.30882470849896e-06	-1.6880840726784422e-05	0.0027446624654422934	0.002554082014839208	0.0016792653762072256	5.272939561948068e-05	0.0014808827041855907	-0.0003491387537701123	-6.534976784511807e-05
1.83	4.733961682220787e-05	-1.756839995658222e-06	0.003225935226829323	6.771067018469174e-06	-1.588177864772117e-05	0.002743769709046926	0.0005844854729532058	0.0023972856936096665	-9.412624947726312e-05	0.0015796106838196712	0.0005314413795074473	-0.0001050902569715685
1.84	4.147411575559134e-05	2.0965890822773745e-05	0.003224546139174527	1.9912890469460228e-05	-7.030623555052854e-06	0.002742847484927068	-0.0017204956482554773	0.001960361953488767	-0.00017114658862821968	0.0009311311650035625	0.001141433327250837	-8.76276101497912e-05
1.85	1.5391300392716285e-05	3.4291902562536774e-05	0.0032227936270474546	2.387674753004236e-05	5.533102822482129e-06	0.002742417412998596	-0.003280474902129079	0.0005773213050641882	-0.00016148377194805105	-0.00019891231142887873	0.0012560017543676518	-1.850651510104155e-05
1.86	-1.9129015877367013e-05	3.148649220452883e-05	0.0032221720564107556	1.63636696452522e-05	1.5818326945668198e-05	0.0027422385685423743	-0.0033090135342325015	-0.0011459296220333293	2.4286124524058922e-05	-0.0012444791952188712	0.0007215488931964172	-1.6003730149815337e-05
1.87	-4.541561618540583e-05	1.3228599151873939e-05	0.0032230671034350717	7.371117042631294e-07	1.8827673891477117e-05	0.0027421458178810364	-0.0017323889032440662	-0.0023747394445592074	0.00014561442522876506	-0.0017415146892126125	-0.00015518154452574636	-1.6925025888732498e-05
1.8800000000000001	-5.0617395892425836e-05	-1.2056121709969337e-05	0.0032243556642394854	-1.570511175621682e-05	1.2821104267831251e-05	0.0027423416307167784	0.0007302374723331566	-0.002470040962312048	8.83974594630467e-05	-0.0014241942794781654	-0.0009735926430486402	7.650151034979044e-05
1.8900000000000001	-3.155486128226273e-05	-3.225056385681117e-05	0.0032249828152661505	-2.5473396733964255e-05	6.369302970597996e-07	0.0027431772638758047	0.002939279534343059	-0.001401084755153137	5.257123367446207e-05	-0.0004432955184451204	-0.0013536135562687423	8.859451254755273e-05
1.9000000000000001	3.4573133620059257e-06	-3.763328883298681e-05	0.0032252355346191605	-2.3497728550192264e-05	-1.2165157848516257e-05	0.0027437903435278306	0.0037837206269329677	0.0003762802259690379	-2.516164484261629e-06	0.00081287977748459	-0.0011172973319428302	3.9408586929453274e-05
1.9100000000000001	3.795471524721274e-05	-2.511228939867606e-05	0.0032247018946580264	-1.0157389167141585e-05	-1.9722396970754627e-05	0.0027441349177500323	0.0028212899696399515	0.0020430137881413484	-9.136101477192253e-05	0.001745209838383778	-0.0003187415732155834	5.416089877539986e-05
1.9200000000000002	5.527823343730318e-05	1.0338768993976853e-07	0.0032235890848615785	8.490249206397634e-06	-1.7964916363779385e-05	0.002744727769385564	0.00048694206020171896	0.0027978808399137184	-9.927539195555314e-05	0.0018573506673431018	0.0006437707544197288	4.8649980101456226e-05
1.9300000000000002	4.674400734269503e-05	2.6272715517216235e-05	0.003222918289796467	2.368103132860153e-05	-7.719450489123219e-06	0.0027448093297806637	-0.0021352437281326937	0.0022151201050026577	-5.7974830185563685e-06	0.0010719319706481263	0.0013300409275560528	-4.057832229517194e-05
1.9400000000000002	1.5568113242578215e-05	4.0618260063404076e-05	0.0032235104371087274	2.789566655236206e-05	6.524549601377239e-06	0.002743860574954084	-0.003849070375779407	0.0005341585144035828	0.0001362145320479165	-0.0002536039936222006	0.0014212836283444262	-0.00015638220938484106
1.9500000000000002	-2.409307258653909e-05	3.604800385795958e-05	0.003224920722871098	1.8897396322091528e-05	1.8344861046821435e-05	0.0027424278101563673	-0.0037710867218631755	-0.0014276706990538001	0.0001432062182046738	-0.0014747838778942314	0.000835429852017943	-9.495786760849967e-05
1.9600000000000002	-5.390095054060396e-05	1.4033434774722373e-05	0.003225449320689075	6.372613800685924e-07	2.1730989823809732e-05	0.0027422278049115843	-0.0019205436532147185	-0.0027945326610203415	-5.093186268511734e-05	-0.002017888989215756	-0.0001875299128454494	4.2258368393671174e-05
1.9700000000000002	-5.895614170148451e-05	-1.5640873765901656e-05	0.0032241352465279846	-1.8465860737806097e-05	1.4790373247236721e-05	0.0027431654055374427	0.0009750247241424353	-0.0028977239607073687	-0.00014631772566325968	-0.0016375487748379993	-0.001140881246767459	0.00016767891937211695
1.9800000000000002	-3.5652227489097794e-05	-3.875467431328074e-05	0.0032229446100113324	-2.925883314825865e-05	6.105817853131392e-07	0.0027446233159892715	0.003479235138200223	-0.0015640337068063917	-5.886722337173857e-05	-0.0004338202675923603	-0.0015772989559065032	0.00011171283969520472
1.99	5.0277621335696205e-06	-4.4125115656061966e-05	0.0032231380687127833	-2.6777760294267042e-05	-1.4141051394062375e-05	0.0027450615855753404	0.004340916387006274	0.0005561425379875492	7.780536409406927e-05	0.000942842256116968	-0.0012519093361978385	-2.17959783960972e-05
2.0	4.4467826902830476e-05	-2.8226010004687952e-05	0.0032243923858365628	-1.1635632282100357e-05	-2.2248268524121403e-05	0.0027441023348524695	0.003211337895750946	0.002500781500590971	0.00013549835969100485	0.00196953678919392	-0.0003148278595214731	-0.00012587773560720174
2.0100000000000002	6.406636940235424e-05	1.4508326638683497e-06	0.0032252158763127472	9.456134077044696e-06	-1.967041320478475e-05	0.0027432652992574916	0.0005375917953319141	0.0032071428732101995	5.499495571012113e-06	0.0020882994147069433	0.0008212892235686197	-5.075260986814074e-05
2.02	5.39269273424645e-05	3.094079131365826e-05	0.003224493657531704	2.684756866331212e-05	-7.477045058273209e-06	0.002743270151312758	-0.0025196627142179116	0.0024629055544513833	-0.00015942208968427318	0.0012365251666049072	0.0015163091887723987	3.880774328559069e-05
2.0300000000000002	1.7505636256192327e-05	4.6695287821671796e-05	0.0032229481534795635	3.1828576644262716e-05	8.353676480063521e-06	0.002743424798164885	-0.0044697215545266246	0.0005305751653309048	-0.0001255932663073952	-0.00025498838323677905	0.0015259615458320045	-1.615210442458053e-05
2.04	-2.8386856869490573e-05	4.052580370275191e-05	0.003222397643632614	2.1776785307753504e-05	2.0829710004328595e-05	0.002743097420340429	-0.004330745971857898	-0.001722957473978135	-3.6818110907355103e-06	-0.0016654418228036873	0.0008731980558443641	-2.4754131964935572e-05
2.0500000000000003	-6.22247261278876e-05	1.464077689816687e-05	0.0032225870692575327	1.0629286651255133e-06	2.414701163581496e-05	0.0027432415499239323	-0.0021144269859751153	-0.003253565631579972	4.3122292890784825e-05	-0.0023392885132789486	-0.00025929993724891704	4.065932694368506e-05
2.06	-6.709391704750289e-05	-1.92506624144049e-05	0.0032230299677645322	-2.0718501071085354e-05	1.588679600172239e-05	0.0027439672942801566	0.0011751470754974114	-0.0032298130692510795	4.142853194938969e-05	-0.0018333285233534235	-0.0013546443496386556	0.00011427716599718649
2.0700000000000003	-4.025747608764497e-05	-4.481823703721867e-05	0.00322379453746586	-3.2751422024233856e-05	-6.038119627116604e-07	0.0027449073299239376	0.003993434616088425	-0.0016879298321616216	0.0001215670362608676	-0.00045656395699662523	-0.0017961794030009496	7.871143809098468e-05
2.08	6.7255169301947604e-06	-4.9648825714427615e-05	0.003225143118467892	-2.9112686497118092e-05	-1.713695701631844e-05	0.0027450987187823935	0.0050418141960599855	0.0007724175982910171	0.00012469524640982963	0.0011356295178119524	-0.0013710094257648384	-3.570261891217131e-05
2.0900000000000003	5.201674125456305e-05	-3.049851720075702e-05	0.003225968586017168	-1.147081860044551e-05	-2.5791229261960356e-05	0.0027445645889093385	0.0036368110442251966	0.002907898234217155	1.5141027433719645e-05	0.0022487503294634946	-0.0002769281236982671	-5.933406393784804e-05
2.1	7.354459982263661e-05	4.213606522831146e-06	0.0032249055191007087	1.2323603016962546e-05	-2.2287713688890435e-05	0.0027440811712889836	0.0004747125330730859	0.003755841959087679	-0.0002016339052779096	0.0023072070570843996	0.0009519483159291533	-3.511280240842957e-05
2.1100000000000003	6.0345146391619034e-05	3.8389022574164503e-05	0.0032229588177267116	3.118644614932286e-05	-8.383142164165442e-06	0.0027435967389564265	-0.003022400859645127	0.002768773836904279	-0.00017462154736016573	0.001288608808248976	0.0017301373702324765	-5.072967596975834e-05
2.12	1.747551718217099e-05	5.516154685748695e-05	0.0032218344666016317	3.570940331553239e-05	9.417698553541341e-06	0.0027431236095865766	-0.005186790040237827	0.00041288611877837164	-3.213606874302283e-05	-0.00042359018484490924	0.0017089837050221503	-5.110980240078906e-05
2.13	-3.490565375800248e-05	4.5987325472991974e-05	0.0032222416142299085	2.332798469422983e-05	2.312920569069971e-05	0.0027427210169942958	-0.004885505345064455	-0.0021688775799233563	0.0001126590102997363	-0.0019518139222898124	0.0008861418729715693	1.1717139304903257e-05
2.14	-7.245864602409194e-05	1.481824864126835e-05	0.0032234997889688706	-1.1070320300606442e-07	2.61417379302512e-05	0.002743373334130024	-0.0022695636301056075	-0.0038240435391037205	0.00011736540512511583	-0.0025839797058508987	-0.000333743461785032	0.00014650469660374302
2.15	-7.633661346197093e-05	-2.4321198909060274e-05	0.0032242488016070085	-2.418967948352149e-05	1.686249934616987e-05	0.0027451575246965777	0.001532787887596589	-0.0036736079327066248	4.352572803918774e-05	-0.0020282140909770024	-0.0014549717447311097	0.0001951759725336584
2.16	-4.3830056037988905e-05	-5.292238436130609e-05	0.003224572100566232	-3.730238258459609e-05	-7.450562191382238e-07	0.0027465322758831903	0.004719468356505798	-0.0017654049215595187	4.718105450327589e-05	-0.00048448789827159336	-0.0019162189884581202	4.2123502707625544e-05
2.17	1.0395704949797336e-05	-5.6897925779300416e-05	0.0032249955481454657	-3.303797553606146e-05	-1.835931731268484e-05	0.002746108841447334	0.005696382254871413	0.0010274849915003338	3.6479446938829487e-05	0.0013166147089417445	-0.001469628382382197	-0.0001291945140834174
2.18	6.126797027653149e-05	-3.353952029872259e-05	0.00322484962683975	-1.2821189861440632e-05	-2.7762429657974356e-05	0.002744418190427609	0.00406661260167225	0.003469265544403996	-8.849467056155523e-05	0.002556890737736823	-0.00033603462962733787	-0.00016817629530339886
2.19	8.48168641590402e-05	6.873614420990699e-06	0.0032234021440525774	1.4138547934128658e-05	-2.439670706453476e-05	0.0027432435417652713	0.00041138976910618164	0.004292517914314341	-0.00019803133634559676	0.002607169047021923	0.0009886364559752426	-4.880479993140709e-05
2.2	6.851352542285347e-05	4.510989770815105e-05	0.003221383734445204	3.516421016467176e-05	-9.41301246788642e-06	0.002743230423113252	-0.0035718858832846576	0.0030406679041640686	-0.00017267149752714752	0.0014076945000541493	0.001895257326689422	1.4446396919458984e-05
2.21	1.880128921883965e-05	6.287449865894673e-05	0.003220639161781276	4.0053154679831786e-05	1.0478338635399756e-05	0.0027433946962528996	-0.00595617677685294	0.00034408558820525116	1.6242990076827636e-05	-0.0004652036685531105	0.001917895418718575	9.992729427483708e-06
2.22	-4.122032730786239e-05	5.097492445292991e-05	0.003221849894474477	2.613847176983117e-05	2.609909736775687e-05	0.00274341973274474	-0.005541451627824758	-0.0026320357267990853	0.0002059831295940249	-0.00219906722033011	0.0010583975931673752	1.0513400514660751e-05
2.23	-8.30544131876135e-05	1.4266671822317567e-05	0.0032239327000627496	-7.761622425832693e-07	2.966059406955593e-05	0.0027442909178396423	-0.0024573119680884256	-0.0044194101657735055	0.00019755945927214084	-0.0029455465704192425	-0.0003847841510614605	0.00017415273684939873
2.24	-8.627584914110378e-05	-3.0221475153674308e-05	0.0032249248091156014	-2.8134152854206877e-05	1.8987128915614145e-05	0.0027464724176794442	0.0018552405863289394	-0.0041234347678187925	2.8492952791695867e-05	-0.002309857319705328	-0.0016707455377305762	0.00021316191161328333
2.25	-4.832201127330196e-05	-6.137776976961345e-05	0.0032246764416543924	-4.313743195436219e-05	-1.4417820682838897e-06	0.0027476695309756154	0.005421081199730804	-0.001863691804611601	-3.8169268998049e-05	-0.0005449823501793419	-0.0022304327214453705	1.718238939379224e-05
2.2600000000000002	1.3629805309100982e-05	-6.419254255552759e-05	0.0032241806871267137	-3.800668540290738e-05	-2.1940193857861418e-05	0.002746572455656035	0.006471892097583312	0.001335352071922622	-4.808346390085664e-05	0.0015552881016336344	-0.0017188886904400688	-0.0002097935543703524
2.27	7.078977957618261e-05	-3.641413597543671e-05	0.0032235718602438477	-1.4276699118196367e-05	-3.294981249857801e-05	0.0027443770333106473	0.0044743810817840365	0.004005992054786404	-0.00010473960621540806	0.002997527119460591	-0.00037950243356683607	-0.00021779846118184218
2.2800000000000002	9.559266884002705e-05	9.665202005443902e-06	0.003222078566901122	1.7252650762764744e-05	-2.865485539849537e-05	0.0027429946560947323	0.00026630684745183024	0.004857778721988648	-0.00017597038442918587	0.0030429489560183888	0.0012282965578826084	-2.304685338817455e-05
2.29	7.508166373449108e-05	5.293543131727427e-05	0.0032205155564837044	4.1479194612365604e-05	-1.0285536491424853e-05	0.0027432329271013796	-0.00419276786279926	0.0034285535806675435	-0.00010505008819461621	0.0015937015803996653	0.002298857358428776	6.27425941668112e-05
2.3000000000000003	1.7890581921348385e-05	7.237121334030933e-05	0.003220491216671409	4.660577158561328e-05	1.3448701471095778e-05	0.002744044075652107	-0.006781599246399844	0.0002871096701441771	0.00015278600440822874	-0.0006135468055476306	0.0022579963086836645	7.064622940174523e-05
2.31	-4.998555109225293e-05	5.8092685716162995e-05	0.003222856238763518	2.9774927374434972e-05	3.130920715495402e-05	0.0027447750222461724	-0.006208828472457719	-0.0030653926688033475	0.0002767601493686148	-0.0026305282172867195	0.0011703418574582913	0.00010155230258085666
2.3200000000000003	-9.638533909085776e-05	1.57855176416357e-05	0.0032246420209898936	-1.9885399950471776e-06	3.470153525509766e-05	0.0027462151931634867	-0.002650312969924528	-0.005072815896715045	5.863785573807879e-05	-0.003460939582602023	-0.0005041022604013375	0.00019682496555005615
2.33	-9.811071963487473e-05	-3.528841429993721e-05	0.003224103251231334	-3.380934043479954e-05	2.1805486893931987e-05	0.0027480441308681317	0.0023282886338033553	-0.004702460623776856	-0.0001508193880789612	-0.0026358532147811526	-0.00199226999327253	0.0001388016286033889
2.3400000000000003	-5.31935421645552e-05	-7.098261248606926e-05	0.0032226357924566387	-5.044933800658677e-05	-1.9802143196190973e-06	0.002748396404749636	0.006325218343623381	-0.0021105588155889473	-0.00010305462869261345	-0.0005431844667479451	-0.0025559620222261638	-8.138994397579853e-05
2.35	1.850931833503247e-05	-7.367892180212945e-05	0.0032224869644944085	-4.338373260437935e-05	-2.539140589315011e-05	0.00274622780224884	0.007438991758891388	0.001616942681093762	5.3471636295180747e-05	0.0018953817204761317	-0.0019278293775574192	-0.00033709144549229234
2.3600000000000003	8.372000818832147e-05	-4.109646422394603e-05	0.0032228734314173413	-1.5278518133310086e-05	-3.749496128225972e-05	0.0027430468891892807	0.0050410931359659	0.0046624108096285505	-4.105513830836825e-05	0.0034862678776039985	-0.0003966981966361266	-0.00022713702192357318
2.37	0.00011058413689487728	1.2127960185036863e-05	0.0032216247552037574	2.095679009859729e-05	-3.2130306821951884e-05	0.0027422220131752017	8.22476569557621e-05	0.0055441211227844405	-0.00020172016098203888	0.0034450845116712394	0.0014429281839835925	6.99780622617023e-05
2.38	8.490157084075241e-05	6.083536532030832e-05	0.003219537973395319	4.797431860818262e-05	-1.108630519520742e-05	0.0027439801152381077	-0.005019185018709147	0.003782461954414447	-0.00012204868173256217	0.0017484564156913522	0.002590098401731739	0.0002483565694535893
2.39	1.7650188002087502e-05	8.205218046391804e-05	0.003219771398110908	5.283475021585794e-05	1.537429306559056e-05	0.0027461827039906798	-0.007861031443170494	0.00023689509911528053	0.00018423744858311154	-0.0008207944770440992	0.002477098004961957	0.00014529374580648122
2.4	-6.0045585485312046e-05	6.47741202188324e-05	0.003222732397480085	3.292001635997112e-05	3.456490694556207e-05	0.002747018364306963	-0.0070207216807979	-0.00358501689333696	0.00035593802354891405	-0.0030178245844903664	0.001225552261052509	6.441804097960086e-05
2.41	-0.00011093601050379777	1.6065684966216223e-05	0.003225328395841114	-3.2147286557971645e-06	3.771902889823072e-05	0.0027478332330575124	-0.00272197295315568	-0.0057681721504985635	0.00011412270969731195	-0.003891202925099117	-0.0006330880004335851	9.636002203969306e-05
2.42	-0.00010990137812159224	-4.152718755037977e-05	0.003224699053398536	-3.8630972031768215e-05	2.2734478427232696e-05	0.0027486720036931766	0.0029306568656396735	-0.005269381342584476	-0.00022100981576961954	-0.002909834221913641	-0.002231961542128459	5.2420823697035516e-05
2.43	-5.642062592108254e-05	-8.070038672185949e-05	0.0032220008388618533	-5.649108505087782e-05	-3.346017345612476e-06	0.002748362546664624	0.00735227390516877	-0.002221262766483442	-0.00025329743165092327	-0.0004929763184139768	-0.002760020525166946	-0.0001290042854132043
2.44	2.5693863280678143e-05	-8.203005470417042e-05	0.0032203915899285535	-4.7761651670690405e-05	-2.808449601423155e-05	0.002746092406570669	0.008414152633345079	0.0019651043688923716	-5.041949164651625e-05	0.0021769680520705268	-0.0019997618612000337	-0.00029582207612831394
2.45	9.808800151561707e-05	-4.425240343935654e-05	0.0032202271731582082	-1.6138223324990032e-05	-4.0029371251684626e-05	0.002743632900675805	0.005455862741520055	0.005305720549781889	-3.2337887685114006e-05	0.003899237314263145	-0.0003102818571005566	-0.00012925762631090264
2.46	0.000125640786172061	1.572984371344895e-05	0.0032194790222219954	2.4151983809680873e-05	-3.330473431122826e-05	0.0027439569941588144	-0.0002104838356928033	0.006207145578420197	-0.00011217721123094056	0.003831978898161361	0.0015945338607669733	0.00017106869818176674
2.47	9.381611890538642e-05	6.961656199648055e-05	0.0032190210439570826	5.4111266699970686e-05	-1.047355357889832e-05	0.002746206031115571	-0.005908447259720818	0.0041251139501412085	6.060022102631385e-05	0.0018903477153947334	0.0027846221483021475	0.0002363336281918678
2.48	1.630340565617494e-05	9.179960017812559e-05	0.0032210736514877796	5.891101048987453e-05	1.8054684895847423e-05	0.0027479519337649484	-0.008963897921720454	0.00012678083202997796	0.00034202084745446355	-0.0009832077442075019	0.002657582396304502	8.073449988640158e-05
2.49	-7.125720575770005e-05	7.106967383746459e-05	0.0032245734262005494	3.593758937850721e-05	3.8573782506140774e-05	0.002748042612001447	-0.007832061152287764	-0.004119125240493482	0.00028045828080122497	-0.003449777010830757	0.0012644887183630065	-1.6110053600322785e-05
2.5	-0.0001270297747433304	1.594770666468552e-05	0.003225157616692939	-4.8004870800819705e-06	4.126123064650646e-05	0.002748366055037691	-0.002844686608754136	-0.006454143750419122	-0.00019550087725980956	-0.004401524404017498	-0.000748549792892635	7.29120864551277e-05
2.5100000000000002	-0.00012329509541939238	-4.7904516187503244e-05	0.003221703355167176	-4.488883241285979e-05	2.4346482587869474e-05	0.002749444251837395	0.0035701310245087195	-0.005822240105609116	-0.000434854457050421	-0.0032733607964993616	-0.002492453161294174	8.682836086004146e-05
2.52	-6.092728532425534e-05	-9.09594246533499e-05	0.0032183254741171975	-6.463237101837766e-05	-4.621905007359059e-06	0.0027493301127489303	0.008429507670677027	-0.002411756377366022	-0.0001679097178525751	-0.0005051281001172636	-0.00305802963455539	-0.00014521378087383645
2.5300000000000002	3.27481247297262e-05	-9.199839050938024e-05	0.0032186831821863745	-5.360806941534866e-05	-3.18273617077428e-05	0.0027466179704245352	0.009528147108752376	0.002246714282832291	0.00021423693039309872	0.0026183888851462403	-0.0021618311080522363	-0.00032014935207677685
2.54	0.0001139776340392918	-4.914567583694609e-05	0.003221023258756164	-1.620476037473738e-05	-4.487457606185435e-05	0.002744071668172029	0.0060175034322923785	0.005981288540364555	0.00018767275343725814	0.0045796162705463725	-0.0002971915058744128	-0.00012919811349168729
2.5500000000000003	0.00014267892792964684	1.8120559149018085e-05	0.0032217179333005335	3.077137073964358e-05	-3.702879927273307e-05	0.0027447508579369895	-0.0005403596114341136	0.006916501027531228	-7.370503300635394e-05	0.00442390611726049	0.0018011588737202417	0.0002466414053471294
2.56	0.00010362954654237475	7.837196446137525e-05	0.0032205519360036234	6.458250227301693e-05	-1.1444773566314347e-05	0.0027479599120579195	-0.006963244635390453	0.004623786277707515	-0.0001033577044425549	0.0020474243748399294	0.003086821124125781	0.00030833517484164417
2.5700000000000003	1.3745407717107519e-05	0.00010311114610775318	0.0032206780645474033	6.820977195426348e-05	1.9881883669709168e-05	0.002750099650308858	-0.010274022382818321	9.89066928236192e-05	0.00013675136547600445	-0.0013521063893562758	0.002939144221353157	9.543041827735809e-05
2.58	-8.548522149670773e-05	7.949306216209873e-05	0.003222209440205675	3.9351963384823416e-05	4.269273996173793e-05	0.0027500423506131282	-0.008731640805708665	-0.00465217774354035	0.00010081780213516047	-0.004207195138681501	0.0014225915276154342	-5.698539485868011e-05
2.5900000000000003	-0.0001464748238568883	1.749605974807558e-05	0.003222119597586905	-9.347988458376011e-06	4.574939201901933e-05	0.002749471976874973	-0.0029154804421526173	-0.0072579451826659085	-0.0001514226353286162	-0.005152918098494634	-0.0008368851936132768	-8.33376986604156e-06
2.6	-0.00013880508390883378	-5.4230527783187394e-05	0.003219706085237514	-5.505554944165438e-05	2.7175657569052997e-05	0.0027496775156028697	0.004412765127573347	-0.006503194111628524	-0.00024957533730046076	-0.0035836471824927355	-0.0027288793033573336	-3.834385169695577e-06
2.6100000000000003	-6.457055348244003e-05	-0.00010228090415979791	0.0032184387156613337	-7.513716939804558e-05	-4.7189802391600884e-06	0.002748796632191803	0.009845298751964202	-0.0026701227156089007	4.6404925969876443e-05	-0.0002609523278589954	-0.0033677550748796962	-0.00020003638613065448
2.62	4.271960912107726e-05	-0.00010276652184726315	0.0032204355399204393	-5.9838831923889795e-05	-3.506051378893854e-05	0.002746350857470233	0.010742616349540436	0.002583536740080566	0.0002721340217494565	0.0032125130735525687	-0.0024471790712349093	-0.00023744016313926295
2.6300000000000003	0.00013250474357591867	-5.417642675960636e-05	0.003221875119355555	-1.5371630017628676e-05	-4.9727849600428e-05	0.00274537972528525	0.006433282458317037	0.0067832028154128365	-2.6242748680318625e-05	0.005332554507185945	-0.0003472445647875745	0.00010477092598668308
2.64	0.00016062436413869944	2.1993026530057205e-05	0.0032199033308873267	3.821469952064759e-05	-4.105202416990205e-05	0.0027483465475563666	-0.0010620288374938124	0.007821417591989989	-0.00031493400351009874	0.004940529853010592	0.002003091108857415	0.0004571189133641362
2.65	0.00011237370667095338	8.972756840601024e-05	0.0032172112899419053	7.529207458480453e-05	-1.2628493389133294e-05	0.0027526285263384065	-0.008213179896002128	0.005154141805323848	-0.00013359585052680258	0.0021441538038412112	0.0034490302098930063	0.0002854427898667079
2.66	8.813654791662769e-06	0.00011673179262775875	0.0032183327632932697	7.719389570455885e-05	2.2427682664303254e-05	0.002753005289534071	-0.011687302522432596	-1.2649142592965586e-05	0.0003473515358515428	-0.0017921666774717445	0.00326565966831519	-0.0002157899577095
2.67	-0.0001026246099937937	8.891872095748266e-05	0.003222232522490746	4.238136610326067e-05	4.758245390641954e-05	0.002750036060847499	-0.009644275635242077	-0.00533187415841256	0.00031148789611682917	-0.004929544010545962	0.0015552002086081029	-0.00029162740268139943
2.68	-0.00016780825943968035	1.7987858034940176e-05	0.0032228947221954875	-1.397106447564863e-05	5.1087798321442644e-05	0.002748455298182146	-0.0028072322457496244	-0.008282148811658882	-0.0002187168533520338	-0.005871025073727293	-0.000899257015208517	1.0938514236520129e-05
2.69	-0.00015371911509427983	-6.308380011887013e-05	0.0032191700832263194	-6.552091809052019e-05	3.0479953387600746e-05	0.002749849603056465	0.005526239702668231	-0.007263883758412781	-0.00041941154602236893	-0.003974887839980668	-0.003044500850521264	0.0001850339475005585
2.7	-6.543888760593066e-05	-0.0001157873785317225	0.003216200273810436	-8.67744045153563e-05	-5.1114463552685505e-06	0.002750775729737311	0.011447029975334654	-0.0028367569506916384	-8.739327333553993e-05	-0.00011409684848998457	-0.003775299034619334	-3.341039270948694e-05
2.71	5.718552694984994e-05	-0.00011502578778502907	0.0032172512633342567	-6.728813417207307e-05	-3.901162953521997e-05	0.002749295289275585	0.012078128983778849	0.0030178056357125804	0.0002454760198554204	0.0038853095319350156	-0.0027400946025988543	-0.0001695498772710475
2.72	0.00015596503748796048	-5.9221200940896884e-05	0.0032190917388231245	-1.4838300392845709e-05	-5.534981686073389e-05	0.0027489234703100616	0.006812297136774671	0.007673232378401114	6.453371622209056e-05	0.006165003660272633	-0.00037134631893585835	0.0001430584481457766
2.73	0.00018195934736130583	2.6090019059934887e-05	0.003218118054387311	4.6487508900339706e-05	-4.564323239032489e-05	0.002751623472211061	-0.001839830038659171	0.00868836731821082	-0.00017412766838957185	0.0055483635393794835	0.0022574128183757785	0.00034155836140625486
2.74	0.00012139224219096958	0.00010118907237421423	0.0032170570819694475	8.670494186486891e-05	-1.3860594793552911e-05	0.0027542416196578547	-0.009796919455796256	0.005714792429627477	3.376342201596028e-05	0.002133385602150401	0.0038213770947332676	8.617146703386977e-05
2.75	8.527238064336444e-07	0.00013093152953500315	0.0032193744492939698	8.57958089346947e-05	2.48001283728844e-05	0.002752945756449959	-0.013337797066581735	-6.951541914877573e-05	0.0003596431090122451	-0.002310047106765638	0.0035905398896184594	-0.0003160541790754548
2.7600000000000002	-0.00012397763032171108	9.899204783330024e-05	0.003221856757933712	4.3915013569757394e-05	5.249835878508123e-05	0.002750134099358885	-0.010555862208190346	-0.006100535677971979	5.8056268838476526e-05	-0.005771529617465063	0.0017172985685994695	-0.00017054190775031992
2.77	-0.00019210348264851233	1.9017491874733334e-05	0.0032195819316755444	-2.051946074570464e-05	5.642905913495065e-05	0.002750612584909971	-0.0024735632516277493	-0.009259582778765105	-0.0004836621421451576	-0.006593951535394379	-0.0009934153263046095	0.00023600092732908675
2.7800000000000002	-0.0001691059571985492	-7.153430794764264e-05	0.003214196387074597	-7.68595126307934e-05	3.3907763740362476e-05	0.0027536526451740636	0.006873696365333918	-0.008120712989099933	-0.00044890430159593033	-0.004196863483251971	-0.0033346488581906856	0.00025953872641059793
2.79	-6.47270289974682e-05	-0.00013048001845242745	0.003213068285184521	-9.750867429135356e-05	-4.979697049749265e-06	0.002753854208609703	0.013170177955345861	-0.0031726730441786815	0.00023990021676232728	0.00025739606698538454	-0.004126148889016531	-0.0002053841615182536
2.8000000000000003	7.367150534621546e-05	-0.00012965453822959665	0.0032173184279747262	-7.201789445810452e-05	-4.229050208659688e-05	0.002750832297999709	0.013378079083019896	0.0033745240181809913	0.0004796162587983159	0.00465652343779516	-0.003029136167517986	-0.0002972480711126586
2.81	0.00018013714022125036	-6.743247996300912e-05	0.0032200812991920076	-1.1505581612992574e-05	-6.07231281029326e-05	0.002749730734794401	0.006970594818044366	0.008591596939458173	-6.883118986069752e-06	0.006963230004511719	-0.000496006699602108	0.0001377506434599818
2.8200000000000003	0.00020113724427224083	2.8421197483213198e-05	0.003217497670180365	5.636277807137184e-05	-5.106161514566913e-05	0.0027532778220555327	-0.002939738603042497	0.009778304461532954	-0.0004223599806514134	0.006033881381585365	0.0023692927641027007	0.00048075045076242874
2.83	0.0001255298962501581	0.0001127982416708873	0.0032142818536071236	9.885763215803973e-05	-1.7165204262679226e-05	0.0027568569806981293	-0.011579216075321436	0.006404913616921923	-0.00012357374465611195	0.002106194363745304	0.004118195420888996	0.00011861230212545253
2.8400000000000003	-1.2491169973556493e-05	0.00014616994219951275	0.003215674059848802	9.508244347716064e-05	2.489244816732105e-05	0.002755387406437177	-0.014919170523828592	-6.0413684161903555e-05	0.00031865147133353203	-0.0028508147458047015	0.00393984905464922	-0.0003485027122463832
2.85	-0.0001485807476257324	0.00011068829936509143	0.0032181858216688937	4.5652285539842655e-05	5.5815077527490063e-05	0.002752328068433211	-0.011105930514030783	-0.006762334678127396	5.541338407686909e-05	-0.006642504201807239	0.0019779209807425117	-0.0001518626078982989
2.8600000000000003	-0.0002157945348360967	2.155726775208665e-05	0.0032159808842627843	-2.727345693762408e-05	6.107368195564e-05	0.002753055489048665	-0.0017492214797266811	-0.01033175460099325	-0.0004571004466264872	-0.007339759299102202	-0.0009738984245784654	0.0002773069633404674
2.87	-0.00018043409887038807	-7.948752488111725e-05	0.003211738202888656	-8.884423848734385e-05	3.742299056941805e-05	0.002755890984094176	0.008553768689058116	-0.009067646435884374	-0.00023801261390812235	-0.00444172051586433	-0.003558272723474082	0.00015919929709438366
2.8800000000000003	-5.774493959951219e-05	-0.00014532269674547805	0.003212891699979112	-0.00010884891009391922	-4.195419847805148e-06	0.002755144253349581	0.015004204061549113	-0.003559107296166896	0.0004326419138795424	0.0006302225240684014	-0.00440889982823224	-0.0002776911834569409
2.89	9.606382237767577e-05	-0.000143964733439453	0.0032180024183429143	-7.702776618471481e-05	-4.418165044829079e-05	0.0027522428147092924	0.014463021686637345	0.0038688758271712928	0.00039309260417766395	0.005499788727098403	-0.0032464598182001614	-0.00018180508852554174
2.9000000000000004	0.00020678026227659676	-7.377359133398967e-05	0.003218382366797646	-6.9838202118318834e-06	-6.43073833384913e-05	0.0027530533311106798	0.006716142317152921	0.009606357489300698	-0.0003024499776145719	0.007932092979629228	-0.0006070879500609918	0.00036162864264036563
2.91	0.0002193881999872446	3.3003044012126364e-05	0.003213036212753224	6.863960715278817e-05	-5.4832571740030814e-05	0.0027580780063242998	-0.004300992704831307	0.010889050819917393	-0.0005860892303524328	0.006527238511491847	0.0024516176764876256	0.0005130286706623754
2.92	0.00012726247508156537	0.00012703246940997995	0.003210285506494631	0.00011267404089552911	-1.9479112515572063e-05	0.0027605021324691027	-0.013427653316345585	0.007165434363072889	0.0001432373112444597	0.0018970439439705347	0.004327607124520821	-0.00010758463021831371
2.93	-2.8650157003809867e-05	0.00016417178793659519	0.003214777682129077	0.00010370450192845031	2.5062812981144483e-05	0.00275643712589588	-0.01644911426504363	-9.914271948866458e-05	0.0005643533086093433	-0.003641277746645175	0.004256021376549617	-0.0005545536832320581
2.94	-0.0001746233633391617	0.00012405543468834614	0.003218297536163103	4.496147828040773e-05	5.9166267110877066e-05	0.0027525342306512733	-0.011435627176867446	-0.007642272819362152	-8.43949219050545e-06	-0.007634614923552334	0.0022319600640327447	-0.00010368726076474634
2.95	-0.00023822614029111582	2.3677730775098482e-05	0.003214590653278369	-3.723529880534029e-05	6.61025159412093e-05	0.0027545912192149897	-0.000735657479979392	-0.011592815786580559	-0.0006247338998677612	-0.008121030338904635	-0.000941756872784597	0.00045499060089146067
2.96	-0.00018780612998916128	-8.956062578427254e-05	0.0032091097864657882	-0.00010334896831486086	4.1576444491108033e-05	0.0027589115693698115	0.010417334684273945	-0.01014620400716896	-0.000279930848915266	-0.004538529789993435	-0.0037344372081104214	0.00024785977186555
2.97	-4.585851623370071e-05	-0.00016363915249500985	0.0032106910475645165	-0.0001206161090258335	-2.4176642197429932e-06	0.002758434583893944	0.016867456515323363	-0.004015915196704883	0.0005076695393151733	0.001202115006523771	-0.004718307905605371	-0.0003035160113517507
2.98	0.00012230714135599794	-0.00016229576735407808	0.003215674040511487	-8.074402324086637e-05	-4.5912607103051855e-05	0.0027554433659781946	0.015301578882277012	0.004354536470932449	0.00030975339809892976	0.006479134122205398	-0.003630685826842305	-0.00013560647439985024
2.99	0.00023430486357274861	-8.256003631909133e-05	0.003215099657991601	-8.76198015254651e-07	-6.926502652703345e-05	0.002757236838885181	0.0060946189751500835	0.01089969757032905	-0.00042092429794782406	0.00885189302106559	-0.0008070665553916083	0.0004747339251326284
3.0	0.00023456377815606497	3.8156431027934677e-05	0.00320954856159342	8.14418730674321e-05	-6.049502098475243e-05	0.0027624044586907646	-0.006036479885435725	0.012266752803757726	-0.0004944024676921394	0.006870287419148454	0.002491144835373236	0.0003938096480000996
3.0100000000000002	0.0001228324074093262	0.00014363645870280785	0.0032088756798337053	0.00012506526848527744	-2.3271737425467157e-05	0.0027625564333442947	-0.015470917574433604	0.00797140620216969	0.00041092884786471357	0.0015226636270864095	0.0046206380818727315	-0.0003740441491631563
3.02	-5.0991730045307e-05	0.0001841611396985093	0.003214746076413334	0.00010957666365889978	2.4953813597830667e-05	0.0027568965355914523	-0.01784798885261338	-0.0002798140217804869	0.0005239196317328947	-0.0045302803102499675	0.004678924425290681	-0.0005838268906031894
3.0300000000000002	-0.00020414143864936932	0.00013729679977172714	0.003215933073439005	4.09239914929304e-05	6.326817962173442e-05	0.002754446765635845	-0.01142042901203516	-0.00869996110099698	-0.0003512018610458417	-0.00865568421306082	0.002663338887407701	0.00016781633534618812
3.04	-0.00026035051319476014	2.3803495260167863e-05	0.0032090350170125097	-4.958291627626066e-05	7.319488546424108e-05	0.0027591555334677584	0.0006287315403686772	-0.013010636108050306	-0.0008400775812903384	-0.008647706613858793	-0.0007929234758434548	0.0006503063025550786
3.0500000000000003	-0.00019286180547273553	-0.00010305347974869645	0.0032036993869743635	-0.0001173127474652625	4.88178835476517e-05	0.0027636176298279063	0.012345639259044253	-0.011356166585076122	-5.6100746880480376e-05	-0.004315907563466663	-0.0038670880538463287	7.72308922258515e-05
3.06	-3.1676940873645866e-05	-0.0001853517553681085	0.0032082746045726373	-0.0001292219875673815	2.3135958432608205e-06	0.0027607432234638615	0.01858365051752296	-0.0043716912824520796	0.0007976076631576749	0.002023272869359726	-0.005104234490375408	-0.0004968579189996496
3.0700000000000003	0.00014885761542675002	-0.000181690104100887	0.0032151857203960937	-7.946519278164556e-05	-4.607887859427768e-05	0.002757288433030184	0.015944413371117728	0.005130906620226434	0.0003623326135171314	0.007546938951942263	-0.004195583467602746	-3.930676156916543e-05
3.08	0.00025966123278846814	-9.056209675727253e-05	0.0032138190513919616	1.0151763714453647e-05	-7.46980914324367e-05	0.0027608740958968135	0.005268022919443873	0.01232401518957327	-0.000579977549543673	0.009623251208759238	-0.0012608028964728618	0.0006784225691788872
3.0900000000000003	0.00024605772777107885	4.493841677561842e-05	0.003207153694094535	9.65644861647603e-05	-6.864858956748279e-05	0.0027673685305403943	-0.007867676924637882	0.013703574152604722	-0.0005118060718663223	0.006879528684997681	0.002420274011317768	0.00041730718720573963
3.1	0.000114280417676649	0.00016241496800183764	0.0032067269679959946	0.00013671531342455167	-3.054606454096949e-05	0.002766379141596701	-0.01748087917498598	0.008844457423984837	0.0004187570140330919	0.0008507154720775177	0.004880589939080186	-0.0005793886664969872
3.1100000000000003	-7.595109473016526e-05	0.0002064112786242507	0.0032118211350624245	0.00011226287056068419	2.1832405913089142e-05	0.0027595106813771706	-0.01895513907049039	-0.00048336748272707176	0.0003769802482363935	-0.005557572009473152	0.005218228987165728	-0.0005826579912272468
3.12	-0.00023222881787461958	0.00015224218768916767	0.00321123507748443	3.324746659910883e-05	6.608245187460908e-05	0.0027578146693990977	-0.0109504094991119	-0.009902359650861128	-0.0005068683191393138	-0.009607572878295128	0.003230254676963852	0.0002932110782005372
3.1300000000000003	-0.00027697360787705053	2.4324451654368232e-05	0.0032039484962828376	-6.398816463619419e-05	8.03621103635849e-05	0.002763340027756687	0.0023439260927533433	-0.014617226482559273	-0.0007179725284878082	-0.00897591406317217	-0.0005129487394963084	0.0006240660485116469
3.14	-0.00018953560848976894	-0.00011783119906605847	0.003201537764127993	-0.0001308534494808469	5.683658374466391e-05	0.0027666794708384153	0.014478705092498143	-0.012683679550535015	0.0003692281812407644	-0.0038566290603370326	-0.003972685803006998	-6.607566018074813e-05
3.1500000000000004	-9.037111211634235e-06	-0.0002090388250514756	0.003209426409632214	-0.00013554063176459907	7.115160761507068e-06	0.002762977497555598	0.020124417835746474	-0.004696057349786485	0.0009336169756330134	0.0029731537713884783	-0.0056157759411127805	-0.0004890291682169481
3.16	0.0001795584925105851	-0.00020194135831308306	0.0032150503875369866	-7.552206693139703e-05	-4.7303723789146135e-05	0.0027610330523245084	0.01588854628835549	0.006098196996391521	3.4396593224472184e-05	0.008587101576003543	-0.004860925861706539	0.00018535730877831583
3.1700000000000004	0.00028193911819936803	-9.68318615236772e-05	0.0032095480158976	2.2543253300328392e-05	-8.181006003695343e-05	0.0027665281015526416	0.0037106080229712983	0.014022060697076255	-0.000950075002828537	0.010200841010060182	-0.001703234035303431	0.0007652148231652927
3.18	0.00024906883205499047	5.6266796793051474e-05	0.0032016006643154926	0.000110727113509794	-7.808263447850442e-05	0.0027720148687087063	-0.00998695426457689	0.015392565613265597	-0.0003567318869753591	0.006679451752803257	0.0023781060201187652	8.497237291236302e-05
3.19	9.679953166755396e-05	0.00018751190500437557	0.0032040224729633017	0.00014573594670359475	-3.863315083308438e-05	0.00276751203286424	-0.019307741180109424	0.009759966815417185	0.0006945668864831774	5.249073060297156e-05	0.005251293993491002	-0.0008489807825065953
3.2	-0.0001058770814422784	0.00023350101020609535	0.0032100387010319076	0.00011149781632551267	1.964781647124382e-05	0.0027599461826740973	-0.0194668473583873	-0.0010881708872354774	0.0002493390902565465	-0.006636474819387364	0.005970046677406	-0.00041560371822695145
3.21	-0.0002591250395461061	0.00016676401785462519	0.0032070768003649125	2.258548027196731e-05	7.133324462068366e-05	0.00276095187013264	-0.00984241805968234	-0.01167099508676871	-0.0007581414664806416	-0.010397208199676529	0.0038813814232327264	0.0006192332158565696
3.22	-0.00028713994817717876	1.9353468172654947e-05	0.003198890509093889	-7.859570869927445e-05	9.02327621897563e-05	0.0027692508203296293	0.004393818467313172	-0.016641358384494858	-0.0005965170898619566	-0.00893719540648725	-0.0002801934660584497	0.0007813051344718216
3.23	-0.00017848989339515396	-0.0001408609250219017	0.0031995524094911155	-0.0001410922946881271	6.69731918839172e-05	0.0027720391186580973	0.016523471517837146	-0.014160255785305505	0.0007326951205388588	-0.003066853774941018	-0.004158888259488136	-0.00029227640550760504
3.24	1.816961072822074e-05	-0.000239603199662603	0.0032090434003804263	-0.00013614570570375504	1.2952525059582657e-05	0.0027665189590832407	0.021164541395515987	-0.004654757080781391	0.0008580020914672996	0.004037517435637584	-0.006292016658543836	-0.0005412790641944257
3.25	0.0002084953844471548	-0.00022426386127526114	0.0032117511351147	-6.596073788464725e-05	-4.9668341187011186e-05	0.002765140717581952	0.015215057499143887	0.007629112390115606	-0.0004224420543433356	0.009482653329112889	-0.005680533014136822	0.00033323074934382566
3.2600000000000002	0.000297617643600381	-9.985860917354454e-05	0.003202793820582996	3.782971696623736e-05	-9.097028137801493e-05	0.0027713182659336675	0.001924084316902093	0.016163593681754962	-0.0010912970600345283	0.010377656067618968	-0.0021829436521140625	0.0007069272353426777
3.27	0.00024517735149832005	7.372994169006586e-05	0.0031964030126681794	0.00012345920386611325	-8.962347231257328e-05	0.002774543735878816	-0.011978494248511903	0.017197975265364887	3.7554829027440745e-05	0.005999869775644495	0.0023997461073842347	-0.0002204858760759525
3.2800000000000002	7.51564438167737e-05	0.00021760826447006702	0.0032025491104834746	0.00014911101741250135	-4.7005645535633806e-05	0.002768167896600239	-0.020683187792552977	0.010285432033005243	0.0009057145250494258	-0.001041637412217091	0.005817343618329171	-0.0008404555892561325
3.29	-0.0001342434026524197	0.00026029361429499626	0.003208402945244386	0.00010398239176403237	1.896247620760663e-05	0.002762888779058684	-0.019329699914233608	-0.0022192506575900365	9.436207464128037e-05	-0.007673691561921875	0.006851029031192706	-6.22807309529162e-05
3.3000000000000003	-0.0002783912384085314	0.00017643041041766447	0.003203506368364587	7.890189744878754e-06	7.904137512666541e-05	0.002767397470842493	-0.00828628458752712	-0.013808544148922441	-0.0009437362721545879	-0.010752667957960826	0.004572312432685026	0.0008465222810485654
3.31	-0.00028815980087055685	7.039448562668819e-06	0.0031951626088575	-9.272953786949214e-05	0.00010243534957246289	0.0027753661285194976	0.006320325162860106	-0.018727378969586192	-0.0003866296158076426	-0.0084758872059251	-9.890744118834884e-05	0.00044905853423721687
3.3200000000000003	-0.00016141487149789278	-0.00016993658667360407	0.003198782420509896	-0.00014751241224738787	7.811472160513524e-05	0.0027738448592902927	0.018106682070313625	-0.015234287138492323	0.000978299508120186	-0.002085773116503262	-0.004578063859623175	-0.0006521550323063412
3.33	4.552090865284424e-05	-0.0002707529066520594	0.0032080078085868348	-0.00013174482618186594	1.6873269803951488e-05	0.002767322379099425	0.021483248019612967	-0.003942212895769443	0.0005690067126790311	0.005124285693025722	-0.00725368327322689	-0.0003955923518140982
3.3400000000000003	0.000231383414815958	-0.0002408001051399568	0.0032069110217953505	-5.2503008525680896e-05	-5.5253015019709104e-05	0.002768281511229907	0.014066740957769712	0.009672001839731145	-0.0007713047836978305	0.01005938898658765	-0.006559855924873548	0.0005583171362981547
3.35	0.00030429271693124685	-9.380134058850392e-05	0.0031965052885227527	5.2787659648023536e-05	-0.0001028736237599872	0.002775646431579461	1.2454804273813035e-05	0.01845170485579218	-0.0009643823075569538	0.01003353620694013	-0.0025176370588510587	0.0006530518379181457
3.3600000000000003	0.00023269735574675806	0.00010016592518142445	0.0031938140572229535	0.00013075360220921674	-0.00010190304076867026	0.002776790975105324	-0.013792328644910276	0.018844847918201697	0.000522036557070775	0.004948611696062387	0.0026489327487487597	-0.00052106786574099
3.37	4.860868342522936e-05	0.000252450278794561	0.003202974430446613	0.0001451991655507184	-5.364111141329128e-05	0.0027687781437637352	-0.021525677926158532	0.010181836086216058	0.0009516494944297925	-0.0021686565401862192	0.006714913782715287	-0.0007771840081498722
3.3800000000000003	-0.00016121873457304155	0.00028463038431152414	0.0032067605695115975	9.056200437151344e-05	2.2580527601349546e-05	0.002765739049161484	-0.018534968896396126	-0.004088133231540831	-0.0002985061000236196	-0.008340133878398385	0.007907523913712786	0.0002600719493780518
3.39	-0.0002915076370743539	0.0001779013438630085	0.003198324321251307	-8.577201147142661e-06	9.109911718128196e-05	0.0027729628500177	-0.00645941984689305	-0.016297321544608903	-0.0011234393358706453	-0.010596385929938069	0.005175337021883541	0.0010013799845202387
3.4000000000000004	-0.0002821110683698946	-1.4743984323107453e-05	0.0031912930759942985	-0.00010313087581160305	0.00011694781366119544	0.0027799003400921386	0.00819683865146778	-0.020756837394652592	2.8054500176485102e-05	-0.007463729898801861	-0.0001826618444592502	0.00014410561267171835
3.41	-0.00013937450137544813	-0.0002055225199523917	0.0031985590744396937	-0.00014629518579859982	8.846508809677947e-05	0.0027756133601078807	0.01928816853085588	-0.015806034446293023	0.0011214234655564884	-0.0008789162542480624	-0.005346156965262966	-0.0007780265557886127
3.4200000000000004	7.247972253677318e-05	-0.0003019101409717258	0.0032065155893233684	-0.00011994088593563851	1.7002366465652767e-05	0.002770008856837205	0.021204604279590856	-0.002519151190900832	0.00022102462003272693	0.00600424595311257	-0.00841202793751868	-0.00017840777372533218
3.43	0.0002482722174231453	-0.0002508975915589059	0.0032018083434457376	-3.5445496652469554e-05	-6.620466189741763e-05	0.0027732431728042834	0.012447125022550954	0.012228260893363431	-0.0010426238155555009	0.01018000526422407	-0.007461192314786336	0.000734861515458825
3.44	0.00030284016147486047	-7.832946233259667e-05	0.0031914517738050882	6.64825633239872e-05	-0.00011913292536198604	0.0027800885054337647	-0.0018450555737887719	0.020844730612221567	-0.0006355479615936675	0.009241004013223713	-0.0026795770874878497	0.0003417115698625658
3.45	0.00021464339646919256	0.0001345360527588808	0.003193515333091547	0.00013401817228718407	-0.00011638126239268094	0.002777124015257276	-0.015206415160581533	0.0200576114223931	0.0009429779433043618	0.003803149859879148	0.0031676759535156423	-0.000835710944000742
3.46	2.1740529214763424e-05	0.00028860153384024424	0.0032033085235934123	0.00013746342020415494	-5.909162813396987e-05	0.002768667374937744	-0.021708831908091204	0.0092641291857685	0.0006719668391564771	-0.0031688603568719035	0.007918763343046246	-0.0005728196611757425
3.47	-0.00018239716840901514	0.000302446222092468	0.003202977789394298	7.512750076143628e-05	2.968725192920844e-05	0.0027687379689418637	-0.017286863611536245	-0.006620684746655234	-0.000731725004770226	-0.008808782957356105	0.009066150403941082	0.000592881239634837
3.48	-0.00029588941114676206	0.00016856480124979376	0.0031923572025079144	-2.3950526293567855e-05	0.00010658658470371941	0.002778029298459161	-0.0045605337847404075	-0.018940389016997964	-0.0010399260551303877	-0.010129772969672846	0.005597735633198662	0.0009854898739979881
3.49	-0.00026868273628852815	-4.6999057183281055e-05	0.0031891309960322147	-0.00010963339720185768	0.0001326708971360939	0.002782292481063552	0.009754292218247104	-0.02253723486801704	0.0005792199503253007	-0.00629294024660417	-0.0005283319827699268	-0.0002790439944125061
3.5	-0.00011394529527954449	-0.0002466719875739358	0.0031997671271754955	-0.00014103635420345182	9.69398677405537e-05	0.002775449648052321	0.019963695168073992	-0.01555646911156958	0.0011420026323043272	0.0001991889177305331	-0.006426457907469858	-0.0007646341035775652
3.5100000000000002	9.750279816215215e-05	-0.00032928319711213297	0.0032054220982165585	-0.00010624190395331925	1.3028174999175083e-05	0.0027718838544968766	0.020421878752495893	-0.00016343667937980392	-0.00019779701695332705	0.006533123275623328	-0.009662923929005722	0.0001594812766405488
3.52	0.0002598590711711837	-0.00025012317936086025	0.003196950105866138	-2.036856844600813e-05	-8.019953623606617e-05	0.002778073316708698	0.010708370195992004	0.015217946523014315	-0.001235938505376298	0.009926329734194795	-0.008123317237376106	0.0009113275886669457
3.5300000000000002	0.00029664300113610426	-5.0453236033089205e-05	0.0031879077685092773	7.47372534777396e-05	-0.0001356803438095138	0.002784278768954631	-0.0035227869565428818	0.02314844852341325	-0.0002295303871950699	0.008207310971867748	-0.002507171021874588	4.77603389082519e-05
3.54	0.0001941288772311044	0.00017797522689782147	0.0031935053284433907	0.00013073148253662945	-0.0001274385088827628	0.002778514273230354	-0.016283320794723333	0.020607458714696904	0.001061391102339391	0.002683650195526563	0.004118292083523036	-0.0009260981946892271
3.5500000000000003	-3.1553725380393485e-06	0.00032535467956902126	0.0032018467023216665	0.0001246471688338362	-5.808979326546444e-05	0.0027714029207968707	-0.02144921755365449	0.007411459251355137	0.00031807416733583654	-0.0038530680140984918	0.009231235019638614	-0.00027327052806010887
3.56	-0.0001978616044415402	0.0003128855591117426	0.0031976929273345583	5.9372164523156255e-05	4.2340011266639265e-05	0.0027745282942162526	-0.0158200026659088	-0.009756398429869948	-0.0010007614842686547	-0.008696668422073565	0.009958138603863994	0.000803292194050628
3.5700000000000003	-0.0002949048677242373	0.00014851657612816296	0.0031875079168163225	-3.46429935538232e-05	0.0001237507559102778	0.002783114344127037	-0.0029452233622816537	-0.021687941226474307	-0.0006330626552678646	-0.009205053514823465	0.00556117873704098	0.000614998256853524
3.58	-0.0002535202977116013	-8.827623755582516e-05	0.003190167010308958	-0.00010913779645075673	0.00014566503375342124	0.002782345753795717	0.01097189722223908	-0.023867694154043613	0.00106771041141432	-0.005134338757569512	-0.0012964571788938847	-0.0007180805289371745
3.5900000000000003	-9.050634346975596e-05	-0.0002887895825077737	0.0032018616413179725	-0.00013088157069939723	9.88366108968083e-05	0.0027744953097295264	0.020262323278008212	-0.014317280525800039	0.0008512616943076643	0.000965508612357866	-0.007780988972317991	-0.0005855398854639976
3.6	0.00011714804151653194	-0.00034829475239441096	0.003202638380622262	-9.096522117982277e-05	1.7806831170504878e-06	0.002774344815039505	0.019394696856783113	0.00294305902377388	-0.0007587251351729269	0.0067112524522297	-0.010804841950061386	0.0005777345294080489
3.6100000000000003	0.0002655245362075006	-0.00023632796047469762	0.003190447781067086	-7.596528682106678e-06	-9.872114156992956e-05	0.002782931307043491	0.009122071743316942	0.018370759189787773	-0.0013188901110672221	0.009240660381518374	-0.008386896663598918	0.0009081421937172909
3.62	0.00028795538106147887	-1.0727626388656612e-05	0.003184321800252729	7.710673652023842e-05	-0.00015184415634860783	0.002786511365701997	-0.004757230639793657	0.025043344620791844	0.00031432073758725753	0.006956881218012564	-0.0018924366530675364	-0.00037787273278275886
3.6300000000000003	0.00017559908916089446	0.0002254583665531947	0.003193405188188472	0.00012182450561379977	-0.00013399466266060173	0.0027783364229558277	-0.016890350530604278	0.020083457453542435	0.0011175386066093556	0.0017358794488462309	0.005403077839194763	-0.0009010730754199262
3.64	-2.2520204758313143e-05	0.00035468476071570605	0.003199634073690003	0.000109501206828323	-5.092576454897816e-05	0.0027736241859539915	-0.02096997674782832	0.004515920231687072	-3.728902926419034e-05	-0.004134860855139393	0.010558843016479623	9.163449657947807e-05
3.6500000000000004	-0.00020789696931050773	0.00030832086091857276	0.003193219948561636	4.521370120541322e-05	5.956586717970849e-05	0.002779796493226343	-0.01455405841447443	-0.013261312739816584	-0.0010391084528284685	-0.0081892693583966	0.010555826480954397	0.0009938950559856034
3.66	-0.00029217994059654715	0.00011311632080656323	0.0031853748202694794	-3.998669980651758e-05	0.00014172698350975785	0.002787569370703597	-0.0017654239062848266	-0.024173809626319532	-0.00013707141105997144	-0.008033219432346465	0.005192138304352152	0.00025239981314103865
3.6700000000000004	-0.00024028767766083245	-0.0001389841714725651	0.0031921660680375367	-0.00010247792780900275	0.00015625265445486666	0.002783539247211578	0.011847277763051499	-0.024196806080975325	0.0011844925645667255	-0.004065401883523193	-0.0024183470589951134	-0.0008218662521883969
3.68	-7.215006207813702e-05	-0.00032809873662159844	0.003201051765181432	-0.00011610836604160606	9.562321062444009e-05	0.0027769850423669277	0.020303264175560824	-0.011813834272030126	0.0003018412345932846	0.0014676473063258396	-0.009268668695662171	-0.0002741918331684757
3.6900000000000004	0.00013036841727556838	-0.00035449173183988065	0.0031963730174821635	-7.527415879592301e-05	-1.4112728621667163e-05	0.00277977668237391	0.018414670279161945	0.006666883949422578	-0.0011319197253242931	0.006415447451828576	-0.011733707306442163	0.0007602174012113468
3.7	0.0002671422670623268	-0.00020810129047323615	0.003184256691222103	1.2619563356858488e-06	-0.00011810758910523128	0.0027879579091255927	0.007968453797671924	0.02129587517247226	-0.0008599785132386458	0.008148371955659324	-0.008135506309055095	0.0005633353095023958
3.71	0.0002793605532019885	3.848658415689768e-05	0.003184758905594754	7.337390539794386e-05	-0.0001643043669516562	0.002786269558710528	-0.005670290256985889	0.02616147727217401	0.0009298379010598767	0.005742681978298036	-0.0008191437277794163	-0.0008557188857118811
3.72	0.00015932984217307937	0.0002721583702840954	0.0031959432601346696	0.00010914182625976805	-0.00013264149282769024	0.002776762050687318	-0.017406510134321845	0.018396406492501797	0.000897977824715349	0.0011467270961920322	0.006985510732436546	-0.0007164449704531852
3.73	-3.902243606283359e-05	0.0003728800967521458	0.003198112746415471	9.418106273378262e-05	-3.482388051575155e-05	0.00277567683804305	-0.020479968626157134	0.0008283889443942101	-0.0005170007949243068	-0.004040193880316046	0.011758184616548603	0.0005163317418881283
3.74	-0.00021587303910161864	0.0002893272859610415	0.0031882992541599465	3.451072946725606e-05	8.244596026320667e-05	0.002784458771554779	-0.013461700653757293	-0.01666405359088645	-0.0011054472963036056	-0.007353951759956179	0.010614025783416659	0.001018564213445683
3.75	-0.0002896006472674266	6.777946237075109e-05	0.003183653663077802	-3.962154583950883e-05	0.00015904682983956413	0.0027895337386218346	-0.0007846784096894474	-0.025947767176681517	0.00041797319049622093	-0.006775707337751853	0.004141782607817046	-0.00017688647490651376
3.7600000000000002	-0.0002283778815226796	-0.00019015972400819974	0.0031933127668003344	-9.1440123382707e-05	0.00015973853562652735	0.002782991059798835	0.012653325420503422	-0.023382610039688695	0.0011131743690050609	-0.003293951063071485	-0.00408368748432808	-0.00080075305989268
3.77	-5.593735631529515e-05	-0.00035778911051191344	0.0031989859264540837	-0.000100787104009427	8.26943460969823e-05	0.002778692334825742	0.02030406584579862	-0.008567995570458863	-0.00017289140408173706	0.0015166400493084084	-0.010692493409964393	5.2198914965795055e-05
3.7800000000000002	0.0001422814540427753	-0.0003478248976893612	0.0031909773747198296	-6.280458503509957e-05	-3.680571631984244e-05	0.0027839562729283277	0.017666920743288028	0.01031867133851908	-0.001212678639638915	0.005764466645907298	-0.012166048201228073	0.0008294172265775835
3.79	0.0002704966143979641	-0.0001705886771645556	0.003181546747472309	4.25913151209151e-06	-0.00013873560791892838	0.0027901713970765025	0.007104391090748752	0.023652682862707268	-0.0002800979410342189	0.006975126698649013	-0.007337319037384603	9.630156458327539e-05
3.8000000000000003	0.0002739818251593699	8.96537577690423e-05	0.0031876363765971833	6.523108314674033e-05	-0.00017324687659896258	0.0027846568956951243	-0.006610376966239361	0.026290927328516556	0.0012123995837891885	0.004835786740032348	0.0006885265256300275	-0.0009858024086399366
3.81	0.00014617934441328448	0.00031008975711228583	0.0031976066988074615	9.51536917436114e-05	-0.00012464362760340134	0.0027768379964926765	-0.017883328064098723	0.015747359008613453	0.0004894177260642481	0.0009085491637333544	0.008685864941469265	-0.0003415369794012044
3.8200000000000003	-5.263196358270774e-05	0.00037684698068289797	0.0031950624396216336	8.12381134570224e-05	-1.3439007602125551e-05	0.002779431318985091	-0.020108414792662156	-0.002930451551598251	-0.0009388661340662654	-0.003608913163524138	0.012582099501808804	0.0008100976048483729
3.83	-0.00022348791155461626	0.00025931874446461834	0.0031843528783507846	2.8891015047912967e-05	0.00010538686535000272	0.002789017613586465	-0.012741955954973416	-0.01943240824858735	-0.0008335632186171276	-0.006372825482055146	0.010088951107037511	0.0008053583176666376
3.8400000000000003	-0.0002897351706404139	1.8648103620409855e-05	0.003184360384630538	-3.432969639774941e-05	0.00017206907797038767	0.002790190648662065	1.3096690245401768e-05	-0.026889962992106813	0.0008461321440832183	-0.005730022109602667	0.002771310507568588	-0.0005786553289053818
3.85	-0.00022010009946491147	-0.00023513684127585371	0.0031947367402959926	-7.886210056561091e-05	0.0001564857511257135	0.0027826366845998623	0.01344555214879969	-0.021560724273007908	0.0008196709820499534	-0.002910093846598801	-0.005839887041577069	-0.0006358022123473081
3.8600000000000003	-4.293845167955818e-05	-0.0003738641759437549	0.0031961928931524197	-8.74630730927817e-05	6.405198598321441e-05	0.002780741298478701	0.020411750633923715	-0.004973742207184469	-0.0005638196356003847	0.001278971036902396	-0.011874884550824246	0.0003017126999402378
3.87	0.00015338414153303926	-0.00032795796134729976	0.0031862287407030928	-5.4903562822752995e-05	-6.118048208002588e-05	0.0027868820533796692	0.01722237711276379	0.013600990489326266	-0.0011054645008439774	0.004971569097629508	-0.012024520497370733	0.0007124526126137314
3.8800000000000003	0.0002760134586552974	-0.00012602027112295277	0.0031813929367498113	2.494119418170712e-06	-0.00015513584447454692	0.002789644914356637	0.006431702098390023	0.025225718502981925	0.00037424774226781153	0.005939789552305608	-0.006037636080904842	-0.00033430458274213884
3.89	0.0002707400735918641	0.0001382912593908707	0.003191077351048556	5.534977411122208e-05	-0.00017364466218097586	0.0027824149223131347	-0.007636209030535289	0.025393819031577232	0.001159683448776624	0.00432313577604404	0.0025098902205081238	-0.0008183704519052997
3.9000000000000004	0.00013406328535988564	0.0003372361595732195	0.0031979330385328926	8.301462926935741e-05	-0.00010811107108058603	0.0027780745585578985	-0.018525018400736053	0.01254139570092179	4.6920546914384404e-05	0.0009861901562224398	0.010103965570559413	0.00010616057137535571
3.91	-6.764366389737074e-05	0.00036832530808474415	0.0031914433531694143	7.29255179697513e-05	1.1798633372507946e-05	0.002784152771319389	-0.020038745117715626	-0.006467543575603444	-0.0011472525452669534	-0.0029627349510177956	0.01284861058365435	0.0009457521351323746
3.9200000000000004	-0.00023523047323740535	0.00022181839904518395	0.0031819143757788656	2.9045871901847844e-05	0.00012618550328871166	0.0027918203523535994	-0.01225059942106519	-0.02159716765150195	-0.0003859418896001922	-0.005349521890786651	0.009008282939775231	0.00028135079178428964
3.93	-0.00029465168250374573	-3.070539551486921e-05	0.0031860062881846943	-2.5165867967964084e-05	0.00017847804440905478	0.0027879598866331966	0.0009996978779154716	-0.026914473177161946	0.0009564323513543054	-0.005128550133605701	0.0010508997849512792	-0.0008567052682426648
3.9400000000000004	-0.0002135715811995436	-0.00027134925937457135	0.003194324894524159	-6.707295983233023e-05	0.00014486649057891119	0.002780590436605011	0.014563566171280129	-0.019002843717231502	0.00043147080608952053	-0.002935765659059592	-0.0075179337932455605	-0.00040750797488431497
3.95	-2.8077535346337667e-05	-0.00037743203377513056	0.0031919300380303735	-7.87296115682397e-05	3.998157489128942e-05	0.0027819686194441528	0.020878279936561567	-0.0013431970288385264	-0.0008301104941114801	0.0007233402477110991	-0.01257060388540562	0.0006293836960590772
3.9600000000000004	0.00016903901737856246	-0.0002988988036064262	0.003182629368830463	-5.321812524685716e-05	-8.475399464771623e-05	0.0027895888810985075	0.01698274445445555	0.016195838545851965	-0.0006945191856745184	0.004123382494814379	-0.011238909469172675	0.0005966240842875521
3.97	0.00028683915854994286	-7.93234312906659e-05	0.0031836902985425356	-4.474904233699779e-06	-0.00016616623879659782	0.0027894282855024607	0.005646562771067775	0.02604703580440539	0.0008825078720723053	0.005193352313463	-0.004472174145158473	-0.000601888750111541
3.98	0.00027033598955921817	0.00018091435849967847	0.0031942379358086076	4.436571026310946e-05	-0.00016758183568940378	0.0027817557995374687	-0.008944632626834715	0.02370271689363511	0.000862377026027824	0.004257220141218401	0.004253407973427134	-0.0006140000140553671
3.99	0.0001221602938328989	0.00035264765347358214	0.0031961361360418462	7.412363455933935e-05	-8.711122905801782e-05	0.002780465775736333	-0.019376289780571855	0.009142448902088318	-0.0005408989299786637	0.0014239861722637733	0.011176882899105501	0.0003941975685127581
4.0	-8.400463597872055e-05	0.00034970572853440296	0.003186261765571779	6.971735031104654e-05	3.71568193521653e-05	0.002787601165090375	-0.020101815960674643	-0.00951109713776461	-0.0011443905577087792	-0.002303723966712525	0.012533851700853508	0.0008396570555350316
4.01	-0.00024934826893723835	0.00018025121818162872	0.0031801620491019277	3.3011602496358e-05	0.00014190534603939614	0.002791628079587118	-0.011746498153750267	-0.023011689458515852	0.00018854063046281442	-0.00463674684046152	0.007525930748047728	-0.00022726135051943065
4.0200000000000005	-0.00029989724563522985	-7.609526037995272e-05	0.00318815488066895	-1.627124748782442e-05	0.0001771415724314363	0.0027847724722456224	0.0022383037020590386	-0.02612264612538634	0.0010761975426800347	-0.00491211972053784	-0.0007893268493478199	-0.0008350195029996973
4.03	-0.00020579070137175524	-0.00029715175406560515	0.003195165147325525	-5.857085194896028e-05	0.00012679646190283286	0.00277980292214916	0.015783879752839413	-0.016061983191058327	0.0001115210984414742	-0.0032097967321252415	-0.008903925171548019	-2.251548158197183e-05
4.04	-1.1597843263731227e-05	-0.00037030578781614004	0.0031902954627388105	-7.483949736671812e-05	1.3554486673285955e-05	0.0027844986530791887	0.021336016115190485	0.0019423454336269933	-0.0009377815724970164	0.00013668974388487281	-0.012771449694710784	0.0008524660902479485
4.05	0.0001864469886023353	-0.0002648594057682359	0.0031823995496375068	-5.598476727899772e-05	-0.0001061764000657895	0.00279176162127898	0.016742990901133507	0.01814660322789415	-0.00030432952464028856	0.0034197166281455136	-0.01011893446903416	0.00033182352760211106
4.0600000000000005	0.00029837618311288487	-3.47953853543108e-05	0.003186786161487801	-1.2878794609508918e-05	-0.00017286272991532233	0.0027886685695631985	0.004642071138690703	0.026095026346630357	0.0009683239171847398	0.004918332998808164	-0.002737672997603508	-0.0007940624183458284
4.07	0.0002689030524500679	0.00021427903772906854	0.003194991213704217	3.611553253362231e-05	-0.0001563003843603212	0.002781344700663198	-0.01039170838181115	0.021476569171254914	0.0003770827132106897	0.004525391962203948	0.005936667268894054	-0.0004150684557956275
4.08	0.0001077990274399316	0.00035723156802790673	0.0031921965868177454	7.038549255054793e-05	-6.301158308096757e-05	0.0027822378543079706	-0.02035800760683317	0.0058985855394534615	-0.0008630187989375659	0.0019890218490570977	0.011912897152769076	0.0005718544546880037
4.09	-0.0001037356935658979	0.0003251780115507513	0.003181910197785107	7.202571526150385e-05	6.153134981432226e-05	0.002789512494635879	-0.020206338151288274	-0.011861197464139692	-0.0008249624135432848	-0.0016501981690677171	0.011844669940153927	0.0006202493234170768
4.1000000000000005	-0.00026662538953165855	0.00014006522020513292	0.003181356621478985	4.151215134406916e-05	0.00015364577618885863	0.002789924661011398	-0.011116837755466482	-0.023761907229867336	0.0007180811968010542	-0.004161212199253941	0.005913077612691786	-0.0005470852250549967
4.11	-0.0003059770073287392	-0.00011353508308878922	0.0031913564822044333	-6.455182887169276e-06	0.00017114649191200408	0.0027829355360275017	0.003756527328652507	-0.024763113867690898	0.0009221715669761954	-0.005134286824640367	-0.002570628973329879	-0.0005954346177590446
4.12	-0.0001963830884879042	-0.0003118549095701868	0.003195098396867832	-5.355659134869038e-05	0.00010530453773066331	0.0027811761907349723	0.01719854025416307	-0.013126254618787556	-0.0002610362290614335	-0.003854702020589061	-0.010048284170071854	0.00031140411857931807
4.13	7.793711604216963e-06	-0.00035534751144063404	0.003187823070843355	-7.677086243132813e-05	-1.2813497704214956e-05	0.002787337576342892	0.021850669939209713	0.0046334496053959985	-0.0009425607188357094	-0.0005429855372312503	-0.01251021500373998	0.0007284196504286302
4.140000000000001	0.0002069623335143284	-0.00022948864835085523	0.0031826105494349053	-6.382697800744584e-05	-0.00012282703541265246	0.002791054372938281	0.01649122849201347	0.01951932934791869	0.00012273848091625346	0.0029266879390116092	-0.008567666945697893	-0.00018317916386305022
4.15	0.00031128410941879845	5.76286238635711e-06	0.0031887934839058443	-2.2942636265899632e-05	-0.00017152448342686553	0.002785139806956551	0.003353250460996863	0.02561052760282024	0.0008122699251222099	0.005022753052303205	-0.0008232164529641584	-0.0007330415084661115
4.16	0.0002659168396618679	0.0002395566102147481	0.0031932567595021806	3.0458574530681157e-05	-0.00013731375903937098	0.0027810391588494847	-0.012072872318460794	0.019034741726532065	-6.388247339879022e-05	0.005192401280174161	0.0073831715004477935	2.4393612711330005e-05
4.17	9.076673400556933e-05	0.0003543049425689355	0.003187433462364786	7.173075534106177e-05	-3.580075506189375e-05	0.0027853661002344315	-0.021347159164793534	0.0030196997851368265	-0.0009216422176483103	0.002660264488478879	0.012021771536127554	0.0007061410393833909
4.180000000000001	-0.00012598130836335243	0.0002981137222538451	0.0031802265344790387	7.91318047481362e-05	8.216214362901943e-05	0.002791390903348949	-0.020315412976794168	-0.013667926742285282	-0.00018041393702831235	-0.0012034934556013103	0.010511143337818968	0.00022681302952877106
4.19	-0.0002853384207018216	0.00010195641763947243	0.00318597907109655	5.068612570803477e-05	0.00015765094498273828	0.0027879047844477987	-0.010174482904796897	-0.024064388120851626	0.001133325972019815	-0.004300761866588812	0.004046911053652606	-0.0007698715927654878
4.2	-0.00031000150190664153	-0.00014450729812646608	0.0031959546230560802	-1.9600537389397206e-06	0.0001570664140247486	0.002781187828164931	0.005565001067630123	-0.023027410289580066	0.0005743979256792742	-0.005833085740759248	-0.004216341069780563	-0.0003794002294392548
4.21	-0.00018306416977923796	-0.0003190290012841099	0.0031947589144507346	-5.641860888861374e-05	7.982259328639921e-05	0.002782133564576277	0.018664278425241102	-0.01037940665486605	-0.0007471946759490277	-0.004546976748472455	-0.010595051527936555	0.0005399241070891998
4.220000000000001	3.141083203563751e-05	-0.000336825507971311	0.003184999103786054	-8.485079108153919e-05	-3.687516934506466e-05	0.0027893006622835156	0.02243260126353742	0.006788254786581956	-0.0009047011256999812	-0.0008718268298630254	-0.0116650820669287	0.0006564894412491403
4.23	0.00023137118021268109	-0.00019583992210114157	0.00318223859643458	-7.335581589380428e-05	-0.0001333950402223015	0.002790798696212153	0.016022003894364017	0.020336692295262766	0.0004325730406309376	0.0030483096913638363	-0.006904680986674192	-0.00037520406893357767
4.24	0.00032456168792051375	3.911019081261171e-05	0.003189512622488825	-2.8072307316016193e-05	-0.00016484849081846827	0.0027848426713534265	0.0016646799563839272	0.024683023522402304	0.0007199852394765768	0.005697246426799378	0.0008881568536631603	-0.0005684656697996124
4.25	0.0002601559645974629	0.000255724614544371	0.0031921142312282	3.244804063992231e-05	-0.0001166024293302715	0.002782832568037026	-0.013952050807043722	0.016705522434017704	-0.00025804193669262963	0.00586217819697081	0.008352102028596677	0.00020621957583191386
4.26	6.989731287447177e-05	0.0003460335925741579	0.0031857728274887315	7.912966797390933e-05	-1.1653300524616504e-05	0.0027876631776596835	-0.02242119457183487	0.0007353610154587759	-0.0007789392367735192	0.003033063116690341	0.01170432677964421	0.0005963981280125465
4.2700000000000005	-0.0001524086334359373	0.0002719382907628729	0.0031823739372223393	8.823498870685111e-05	9.734864438575738e-05	0.0027906689591744266	-0.020315888966475442	-0.014920867226858028	0.0002835122883529093	-0.001256124379746669	0.009130732854822937	-0.00017570336679114963
4.28	-0.0003049877499602808	6.969874003409449e-05	0.0031898040926512925	5.626903032746816e-05	0.00015724476628364877	0.002784972788600033	-0.008806625041985953	-0.02393007574766718	0.0009439388737917541	-0.004944269191761531	0.0024017794890804135	-0.0007312737615546665
4.29	-0.00031104402652057264	-0.0001671306671064633	0.0031956249018369257	-4.132817713259298e-06	0.00014125768928233013	0.0027805156954901623	0.0076804688953895075	-0.021314944541171783	7.219322077298224e-05	-0.006624580796253193	-0.005474584416452925	-4.642660010353004e-05
4.3	-0.0001647744474162683	-0.0003208267913501278	0.0031906867093818994	-6.494618839034165e-05	5.636088589681018e-05	0.0027843524477836512	0.020211380273364728	-0.008179031692070323	-0.0009229132560008591	-0.004993187790517256	-0.010756521916006257	0.0007022701503733293
4.3100000000000005	5.9319427760329144e-05	-0.00031933138343332395	0.003182394979706641	-9.524061832942499e-05	-5.5284846151526756e-05	0.0027907692076312176	0.022816849927799594	0.008312407923460411	-0.000456511617455185	-0.0008393932487143904	-0.010542284778506454	0.0003422386904225395
4.32	0.0002567582254161982	-0.00016805070443861648	0.003184214748641454	-8.111560098766523e-05	-0.00013719612207789154	0.0027888797389562093	0.015049697332046807	0.020811205260740068	0.0007255660590315127	0.0035403299577756444	-0.005244773427881866	-0.0005908408905601687
4.33	0.00033364794995167674	6.46208574022453e-05	0.003191768998580309	-2.8552622624040365e-05	-0.0001526525649121086	0.0027830422995443983	-0.0004567563756833424	0.023681681671172038	0.0005318261812986865	0.006588148738805214	0.0023073747154627113	-0.00038513204863990585
4.34	0.00024782171295278406	0.0002649920612282015	0.0031919387647857842	4.025092504548343e-05	-9.416599077921296e-05	0.002783100087406074	-0.01590237832817016	0.014654658059919628	-0.00046906275917487354	0.0065706396733383405	0.008871044409298201	0.00039331220598160926
4.3500000000000005	4.319745057733622e-05	0.00033504718899571366	0.0031855019155464077	9.120451427261495e-05	9.70258835319191e-06	0.0027885960071285187	-0.023273046584444713	-0.001093879069523564	-0.0005620156116335971	0.0031431370923834688	0.0109569733459849	0.0005057138028815226
4.36	-0.00018159236282690598	0.00024686592550114016	0.0031851239411175092	9.842418832899929e-05	0.00010623666290091808	0.0027896442754667787	-0.01992572799146487	-0.01588225410557756	0.0005198355697627444	-0.0017205380352507877	0.007569356683457549	-0.00034715708313150245
4.37	-0.0003222779537903899	4.107684199288861e-05	0.0031924552404593025	5.925957544290729e-05	0.00015020286887686306	0.002784481650714425	-0.006908550906388113	-0.023585307832841587	0.0006645640452162981	-0.005897513981210067	0.0008703344379077412	-0.00047815774905263957
4.38	-0.00030661797116661097	-0.00018503936897081868	0.003194295998415771	-1.0667320147181212e-05	0.00012194503932480804	0.0027829274795225087	0.009882964288945077	-0.019636679144517274	-0.00038867607422285076	-0.007490219265188208	-0.006298395435454189	0.00024206763568550984
4.390000000000001	-0.00014202778031244354	-0.00031928115217320886	0.0031865127923260696	-7.745815226478848e-05	3.426373954488329e-05	0.0027880888755672495	0.021558118836969054	-0.006191754838881269	-0.0009206600782744179	-0.0052550768636040026	-0.010444856711102405	0.0006246353613141186
4.4	8.9569952246251e-05	-0.00030117984500178485	0.003181455762760268	-0.00010718761546625274	-6.843885369499394e-05	0.0027913713681492476	0.022936593147363633	0.009608956302132451	8.84335355148184e-05	-0.00048558896460851493	-0.009200838380177203	-9.976238402029897e-05
4.41	0.0002808792099637114	-0.00014152858462306898	0.003187650146657762	-8.662196336862912e-05	-0.00013564021837908513	0.002786543590087742	0.013673356512494147	0.021105966271112397	0.0008929871740725818	0.004469222859227694	-0.0037467300213111635	-0.0006758607587423517
4.42	0.0003379586890193812	8.697002539093342e-05	0.0031940092130171905	-2.361942191666326e-05	-0.00013754038680207574	0.002781863906247722	-0.0027878660150078395	0.02257473090705417	0.00019861480938044646	0.007629516437305083	0.003392367432020864	-0.0001288200333235109
4.430000000000001	0.00022994309671920725	0.00027168539566006507	0.0031911560641006585	5.33487925933129e-05	-7.303273361045818e-05	0.002784451865434543	-0.017803593601344196	0.012822258993917153	-0.0006691074524132972	0.007059432992582658	0.008962886273651728	0.0005514481690601485
4.44	1.2296346923344346e-05	0.00032471180124694763	0.0031846920973328907	0.0001054559604971582	2.6358004839443435e-05	0.0027895801290605668	-0.02393024806523643	-0.0025585634619593066	-0.0003742928112281012	0.0029133629781335013	0.010002803922777208	0.0002872517993762441
4.45	-0.00021195659318271845	0.00022522073349492337	0.0031862424532076803	0.00010757859405364218	0.00011073507046803382	0.002788170914402224	-0.01907809326163115	-0.016633438080343798	0.0005809737228744728	-0.002512645700279012	0.006216926103316051	-0.000501899513939707
4.46	-0.00033719002128200466	1.761953583491672e-05	0.0031917995952513508	5.8274756558436685e-05	0.00014134817358429753	0.002783260059019001	-0.004773944689442527	-0.023117034724066003	0.000329972262282782	-0.006982241262074956	-0.00033085924186170566	-0.00030912765302826587
4.470000000000001	-0.00029850942211484825	-0.00019809008164544387	0.003190807920645655	-2.1191400462113216e-05	0.00010416684897314209	0.0027838703501779113	0.012134584961785561	-0.018154526010155776	-0.0005119392478378116	-0.008225336210871353	-0.00680736687838772	0.00041834649105781366
4.48	-0.00011598178182878121	-0.00031637477634792726	0.00318459020806295	-9.179603964556876e-05	1.6682979695102737e-05	0.0027893697980476235	0.02277611417322003	-0.0046217021876105956	-0.0004906729689836864	-0.005271294996436353	-0.009897678320470721	0.0004975498540578312
4.49	0.00012088456696792785	-0.00028510408378631556	0.003184749842765634	-0.00011834623885589113	-7.64605422642301e-05	0.002790453011544117	0.022769107896755205	0.01065460508338422	0.0005390812510746346	0.0001393529799693304	-0.007964662109946353	-0.0003391921908684554
4.5	0.0003026386229186533	-0.0001186194105278153	0.0031921346073113845	-8.884984815955964e-05	-0.00013095252744769743	0.0027846663329883507	0.011936142926988962	0.021327586105333383	0.000708029113399122	0.005605890412178502	-0.0025505554303748776	-0.0005979484971785316
4.51	0.0003382151669536205	0.00010585469396473627	0.0031946500908640652	-1.4841541815535918e-05	-0.00012314344512870764	0.0027819447325900483	-0.00515380463582598	0.02159730276033549	-0.00028104439892537184	0.008587254573641123	0.004076305440678899	0.00010021655084162346
4.5200000000000005	0.00020926248810456904	0.0002773834319939241	0.0031877768249958163	6.854664778725274e-05	-5.598700708184731e-05	0.0027859492609219063	-0.019445161751097242	0.01130920835327214	-0.0009033151554775205	0.007322125342885646	0.008769911114581317	0.0005634525338570456
4.53	-1.851933498358101e-05	0.00031600481316131795	0.0031816044352018474	0.00011876949143201353	3.7075187559811676e-05	0.0027893757478001427	-0.024299099261588953	-0.003839682836727665	-0.00011906427171722406	0.0023552556763809422	0.009022034378150925	1.6814764794623755e-05
4.54	-0.0002389247310697088	0.00020624833729246744	0.0031856535984164966	0.00011257563787221296	0.00011008543345304726	0.002785999140005862	-0.017917568584084304	-0.017311058970623537	0.0007233891878755266	-0.00358845174659036	0.005038524676660313	-0.0005280472287052834
4.55	-0.00034599003789131635	-2.8070731866435076e-06	0.0031916048857324043	5.1697177431433366e-05	0.0001303832933903898	0.0027822832533457983	-0.0024800938103209267	-0.02269040582465161	0.00028710660147911367	-0.008091791944929263	-0.0011844510220680386	-0.00012430612014400537
4.5600000000000005	-0.0002844509578087538	-0.00020955765943817992	0.003190037977337188	-3.59020198889321e-05	8.817115582201006e-05	0.0027842374293821064	0.014184815175527145	-0.01690511676062359	-0.0005036876135989703	-0.008645556604352827	-0.006910714387432253	0.0004521823529255293
4.57	-8.690485540587022e-05	-0.00031470161102300625	0.00318534006237751	-0.00010660515860703625	3.7482539631759293e-06	0.00278869302041545	0.023664803808153403	-0.003342711869483447	-0.000218150495210472	-0.004864682046691593	-0.009171745843334562	0.0002742375040679182
4.58	0.00015222720707454968	-0.0002718533630224534	0.0031877778462259024	-0.0001258503152187099	-8.033404355256563e-05	0.0027877682604330206	0.022239208973513242	0.011656445674188142	0.0006209434825212249	0.001157088846601168	-0.006962754049708794	-0.00040691808141860654
4.59	0.00032074676531236395	-9.886156137091393e-05	0.0031934509345970825	-8.446246030712823e-05	-0.00012506914905726054	0.002783655941753785	0.00992087117192473	0.021479223051482088	0.0002956070992909056	0.006825881002072231	-0.0016259358338275368	-0.00026284408142123193
4.6000000000000005	0.0003333762566854988	0.00012189793402450049	0.0031920640005638538	-9.794902914966201e-08	-0.00010997789887016372	0.0027840168813291826	-0.007472823575929066	0.020763773772202523	-0.0005608928904410016	0.009319246240225317	0.004518501397732678	0.00035867538475118797
4.61	0.00018516298637463036	0.00028263109893042834	0.003184850102874492	8.604026394367738e-05	-4.2044875147920914e-05	0.0027886940732723283	-0.020841891418766696	0.010127440578414455	-0.0006630720632659353	0.007110099963790433	0.008456166242367363	0.00040791347757286573
4.62	-5.0260299521608426e-05	0.00030980829396486277	0.0031830451412893177	0.00013031668402183153	4.404816459886392e-05	0.002789523807419207	-0.024384051061814998	-0.004913278476405342	0.0003433694493327145	0.0014157913098785814	0.008060094537772367	-0.00028394385694923335
4.63	-0.0002637634556214744	0.00019077867168427968	0.0031891659196235395	0.00011231856095758796	0.00010734813011052323	0.002784826985076747	-0.016446302039936554	-0.017982757288647146	0.0006565209581414869	-0.0048948613927658246	0.004127241102690584	-0.0005076771464844839
4.640000000000001	-0.00035023031171588334	-2.067791853597629e-05	0.0031924544008471545	3.9258546351570765e-05	0.00011983210467171825	0.0027824136095655526	-0.00010180550200209772	-0.022434160773827067	-7.400445009817553e-05	-0.009115678814481538	-0.0017504823277348894	8.841949864214589e-05
4.65	-0.00026624337025073187	-0.00022075490035326266	0.0031883526732807512	-5.465715116019618e-05	7.496629595469098e-05	0.0027856926903872953	0.01608876877000722	-0.015930258350401138	-0.0005882126708596444	-0.008831578406520017	-0.006880301158510079	0.00046303902962406275
4.66	-5.577214256812714e-05	-0.00031502874972823215	0.0031844754499897976	-0.00012222619747668552	-5.479977295707072e-06	0.0027888259556098716	0.024302784803437092	-0.002222031402472806	-1.292187690443017e-05	-0.004102412495151635	-0.008494341367578685	2.2100150161876933e-05
4.67	0.00018201308603768242	-0.00026081768367046073	0.003188126489852999	-0.0001305786290019107	-8.136137534433432e-05	0.002785990991290924	0.021270458897927773	0.012717432751329503	0.0005617244341258183	0.0024917005957536846	-0.00610036800985021	-0.00046927050229491723
4.680000000000001	0.00033383889144793347	-8.06207234283007e-05	0.0031921397054087393	-7.586015948646403e-05	-0.0001181879630741659	0.0027827506808137557	0.007709723362261926	0.021778154462995445	9.942750872951058e-05	0.00804331101866166	-0.0009681969088866914	-8.727993860829202e-05
4.69	0.0003232549063055012	0.00013806788787171874	0.003189366966876739	1.7220341325497127e-05	-9.886201423150132e-05	0.0027848683707324515	-0.00967029578596512	0.020070479008014144	-0.0005564920989906967	0.009758964569231839	0.004675901401821489	0.00043029434972331477
4.7	0.00015774259118153907	0.0002889548234614848	0.0031842939770205785	0.00010251235317639351	-3.2505044154033567e-05	0.002788846391442612	-0.022021383773498864	0.008947115675227331	-0.00023974307558933145	0.0065645854242983035	0.007986614790750437	0.00021515171935505416
4.71	-8.268578449774797e-05	0.00030372176283544766	0.0031862872732404605	0.0001381471928390094	4.769074951343322e-05	0.0027877155618072254	-0.024117574972368147	-0.006173114040854222	0.000559583737623561	0.0002816158539482262	0.007387554248185237	-0.000389092979604187
4.720000000000001	-0.0002854282637860838	0.00017402215494038593	0.003191910902087923	0.00010713690263223421	0.00010427650398780639	0.002783808482616343	-0.014620128225960718	-0.018708169190777717	0.00036275189428767914	-0.006238354276379346	0.003497639227692078	-0.0002437704232465475
4.73	-0.00034965968536278957	-3.974223313190661e-05	0.003191516000686209	2.304107857189521e-05	0.0001116174682601489	0.002784292198673768	0.0023110833532786887	-0.022190946665006313	-0.00042619506606183155	-0.009860846951138404	-0.002106082564195575	0.00032533078565064874
4.74	-0.00024436515784031457	-0.00023318587733728275	0.003185934076214467	-7.323886176207155e-05	6.583539694474786e-05	0.0027888810567025923	0.017762406053479868	-0.014955867459970622	-0.0005092787965305574	-0.008560350123233789	-0.006657912148918814	0.0004286204521861339
4.75	-2.3479083389349997e-05	-0.00031627746301248486	0.0031843515981369824	-0.00013379314696103262	-9.915146860913693e-06	0.002789954742715767	0.024688666772684317	-0.0009871018119526967	0.0002389087667529417	-0.003067385665084353	-0.007830795826893968	-0.0002591240491944463
4.76	0.00021032762864229106	-0.00025019993192381177	0.0031891171789457497	-0.00013002351832501927	-7.914287948220898e-05	0.002785733556748534	0.02006855603439014	0.013747936437780732	0.0005250323275617456	0.00381260881281414	-0.005490272538375564	-0.0004502517753005318
4.7700000000000005	0.0003435274098687904	-6.31802116654384e-05	0.003191692866461629	-6.312578397227371e-05	-0.0001111041687597981	0.002783209227185314	0.005411334775915463	0.0220115122367762	-0.00011621506134622672	0.009034695824953039	-0.0006084134944227069	3.7048198757589375e-05
4.78	0.0003100292692001363	0.00015331431537322327	0.0031877194842044017	3.563926034497343e-05	-9.046103589260405e-05	0.0027863062831310894	-0.011735696024918278	0.01946451110864879	-0.0005684566362078145	0.009834007610899212	0.004573745780765641	0.0004690948850045243
4.79	0.00012893573399532171	0.00029605536076386934	0.0031839814557804644	0.00011699078339645112	-2.7377070724590676e-05	0.00278964502801694	-0.022990800934485606	0.00798432413813083	-3.691283937658853e-05	0.00572415764789017	0.00748073882852031	7.417355853159512e-05
4.8	-0.00011402783995175645	0.0002999819501490185	0.0031874162094112255	0.0001415494084465446	4.701153115993433e-05	0.002787608838322035	-0.02358568544204131	-0.0073171761838528235	0.0005649686958094256	-0.0010144357795958529	0.006823801297149085	-0.000381371968117492
4.8100000000000005	-0.00030361664971875887	0.00016011055714810468	0.0031918076671981726	9.799423177034116e-05	9.89662084252936e-05	0.0027845017567078327	-0.012643961748287354	-0.019487695786496582	0.00016125157061960913	-0.007365445917002277	0.0031285094661674326	-0.000124072131500668
4.82	-0.00034578220211769556	-5.6931604916755604e-05	0.0031898676054876044	5.966736648255352e-06	0.0001041552462250976	0.002785723085284299	0.00452106628566699	-0.02204508077113998	-0.0004889159116244247	-0.010213722499780819	-0.002150314384458812	0.0003125720153763143
4.83	-0.0002219670204765465	-0.0002453755917154499	0.0031850539863150632	-8.9143815733504e-05	5.95599368615346e-05	0.002788593416677328	0.019149979518903012	-0.014118349305078888	-0.00028590225593134674	-0.007951848551959502	-0.006384551351687745	0.00015456805381629303
4.84	7.201284056590423e-06	-0.0003178166381662906	0.003185965825359051	-0.0001403307026205617	-1.2311473646492896e-05	0.0027871368670544256	0.024812114955986175	0.0002692555704553267	0.0004549871040812726	-0.0018983270442864627	-0.007417881003038248	-0.00040228516863254115
4.8500000000000005	0.00023408831189567625	-0.00023921859590010815	0.003191276722470847	-0.00012379303144124544	-7.769651204655482e-05	0.002783007178861555	0.01861545035137028	0.01489425664186418	0.0004024977896772073	0.005105039890676601	-0.0051388361117182865	-0.000293694294706869
4.86	0.00034760498535048214	-4.453706943171158e-05	0.003191710865215685	-4.657007947764674e-05	-0.00010675255369407634	0.0027830778384045417	0.003115948302905054	0.022361417052126447	-0.0003160900443329892	0.009701734893805377	-0.0004062652597318423	0.00032117037744708136
4.87	0.0002924908058536801	0.0001709393849939522	0.0031867669104429304	5.408671539778894e-05	-8.49677048063606e-05	0.0027876965242097087	-0.013578323226758572	0.018974249629869953	-0.0005060896545169201	0.009538440953264827	0.004555740257534823	0.0004964171522184933
4.88	9.842947784796012e-05	0.0003053489072919215	0.003184698176461727	0.00012801700230933202	-2.3614565177637412e-05	0.0027902346314825294	-0.023649547687542828	0.006808701138443246	0.0001613844984530323	0.004642393247158749	0.007175658058221503	-5.567762389316278e-05
4.890000000000001	-0.0001431396094008578	0.0002955865770950086	0.0031886280929145586	0.00013990932508685017	4.74101452308961e-05	0.00278728401352655	-0.022651594919442068	-0.008763032201952656	0.0004776726883705931	-0.0023506186861040283	0.006498751844571115	-0.0003919125883550545
4.9	-0.00031664509545697246	0.00014339822391673854	0.0031913748792435736	8.425867286417709e-05	9.651687665910121e-05	0.0027848668494947467	-0.010509913853712919	-0.020385511609693364	-3.673907824138979e-05	-0.008318424511469687	0.0028874949767413722	-3.2127676090573906e-05
4.91	-0.0003364354350225167	-7.783828651635549e-05	0.00318843285362146	-1.329562519612955e-05	0.00010030847629966735	0.002786394443351551	0.006663433537138542	-0.021951562220352376	-0.00043293052004460573	-0.010316104964271286	-0.0021789030106140308	0.00026607986259185256
4.92	-0.00019557164244175094	-0.000260928843723059	0.0031852409855405517	-0.0001044367886199099	5.6460185720365497e-05	0.002787917869629934	0.020321068632664377	-0.013202564048822278	-3.540648356999597e-05	-0.0071063490928554565	-0.006177949261287733	-3.87233376731781e-05
4.930000000000001	3.829559206358953e-05	-0.00032094207388695033	0.0031877482186908443	-0.00014446093944033112	-1.3009171492202675e-05	0.0027855569624737975	0.02453071332323611	0.0017702561910766246	0.0004270978328995086	-0.0005975254820356188	-0.00718100256464093	-0.0003510465954725786
4.94	0.00025466271372546416	-0.00022720663350161822	0.0031910156663091734	-0.00011503101622546436	-7.656231473545542e-05	0.002783286708147117	0.016854328567862658	0.016212097349970242	0.0001055077885350788	0.006263305614701821	-0.004999254179082623	-3.922267984191221e-05
4.95	0.00034727257872324037	-2.3713399042116033e-05	0.0031891812402297113	-2.898784728719511e-05	-0.00010460658704441614	0.0027852493893129188	0.0009301102225603723	0.022722443082255045	-0.0004027456721144449	0.010189698035601298	-0.00034230148568790904	0.0003787892744218496
4.96	0.0002729444478503845	0.0001901046867847318	0.0031852343247201786	7.135300125171846e-05	-8.297433252217498e-05	0.0027890459054744515	-0.015136322830296615	0.018320992040365813	-0.00023534679992145643	0.00899943389164473	0.004475493175705174	0.000253412216812631
4.970000000000001	6.900717490750868e-05	0.00031415262190161446	0.0031862009466624578	0.0001360579111788416	-2.2824765021094274e-05	0.0027888346599439246	-0.023992601859018668	0.005450011621391214	0.00042180819426454615	0.003454109901872632	0.007046763936011414	-0.00027584209013600147
4.98	-0.0001689087338393791	0.0002892508592427824	0.0031910639424844777	0.0001349441020459892	4.740724449740765e-05	0.0027854450193540827	-0.021545713102586208	-0.010316772351418492	0.0003904887710823206	-0.0036684372089057756	0.006479077131697144	-0.0002627320034741903
4.99	-0.0003254680180979063	0.00012455400236042043	0.003191641991301238	6.828114774174861e-05	9.617576634958624e-05	0.0027847048759742227	-0.008418026796550543	-0.02118579428761874	-0.0002561135226711813	-0.009094024873143616	0.0028441152616809086	0.00012648140895040418
5.0	-0.0003243355363143981	-9.932641813749589e-05	0.003187176922450832	-3.1899625163938955e-05	9.931844412182462e-05	0.0027869964727285233	0.008556388811182354	-0.021731760086089576	-0.00047406081459456574	-0.010057943812159442	-0.002239417763713096	0.0002604551215848206
5.010000000000001	-0.00016903895583588626	-0.00027565077609037	0.003184640735955441	-0.00011604806076309474	5.5281153627468116e-05	0.0027876889788761377	0.021238921191805385	-0.01211856599886003	3.5991948038921375e-05	-0.006075115813658906	-0.006164943491470758	-0.0001485734120888159
5.0200000000000005	6.735232158705076e-05	-0.0003217710314663668	0.0031873269343549123	-0.00014384864625158368	-1.3998549311269753e-05	0.0027850128055309006	0.024056372329539406	0.0033515550627622086	0.0003908006283518431	0.0007362535597077668	-0.007179424422104133	-0.00026711016854040953
5.03	0.0002719553907809099	-0.00021307632140450986	0.0031896058390063096	-0.00010230198012249114	-7.714117717965375e-05	0.0027838858871084473	0.015087013916761953	0.01747782663168539	1.3949872883072466e-05	0.007247988837480292	-0.004945900314482787	6.182405151204136e-05
5.04	0.0003447138475168368	-1.7329077618955572e-06	0.003187736642628951	-1.0793420349244153e-05	-0.00010426072274070757	0.002786207025987485	-0.0010991010463879346	0.02298944927043257	-0.0003138443547796271	0.010250397656613862	-0.0002450389640710562	0.0003434364481592467
5.05	0.00025260084004359134	0.00020950575500110996	0.003186060855500241	8.55835521939973e-05	-8.189657590019607e-05	0.0027888999856491045	-0.016532762726251985	0.017563886132098052	5.075645410959845e-05	0.008177758610258518	0.004507154596992766	0.00010535604102857054
5.0600000000000005	3.998654756017584e-05	0.00032178427192864294	0.0031889822512505698	0.00013982663276091106	-2.1348204314764593e-05	0.002787879244576767	-0.024241519344125884	0.003935443053950068	0.00045035025790919056	0.002224971315976824	0.007131329039464092	-0.00026687444218507535
5.07	-0.00019280177249737755	0.0002804752563944352	0.0031923746760212173	0.00012645059707888762	4.9810226971350486e-05	0.0027852297046244566	-0.020303902562679013	-0.011892564104824236	0.00011441771296870053	-0.0048214888827963305	0.006520587870075725	-0.00016597028135664554
5.08	-0.00033212533479269314	0.00010367949047992735	0.0031903315040163658	5.112571954976425e-05	9.823024278890858e-05	0.0027854554127648297	-0.006413953275327441	-0.021933156632138583	-0.0004668886914879267	-0.009599595799137777	0.0027444854700737244	0.0001816370837017061
5.09	-0.0003113231166398857	-0.00012220707333654996	0.003185466442942945	-4.912006834180169e-05	0.000100053568562085	0.0027875628002020335	0.010329581137447042	-0.021372516724917606	-0.00038818814278731813	-0.009562775722677786	-0.002424555538481044	0.00015178672400953104
5.1000000000000005	-0.0001424999783489712	-0.0002902413664972224	0.003184633236876375	-0.00012446353796204007	5.4358284529016745e-05	0.0027872330439890768	0.02206366043578893	-0.010831297143811834	0.00024568627219035815	-0.0049067221251192575	-0.006325455313373401	-0.00020650422434119635
5.11	9.510572375260744e-05	-0.0003208644971728765	0.0031882629489130556	-0.00013986386811122497	-1.6580728708308207e-05	0.002784963476192665	0.02340683449094118	0.005057346853103171	0.00035059052004494224	0.0019872579032003193	-0.007316244999726785	-0.00016107487998836347
5.12	0.00028682590279577915	-0.00019695645606054578	0.0031897294900254634	-8.753232299547785e-05	-8.015284560443087e-05	0.0027851469119243226	0.013295857897919454	0.018663080678508352	-9.281525537041222e-05	0.008038004487271003	-0.004880602265581356	0.00022574314154632583
5.13	0.0003396695095441215	2.1330774441836405e-05	0.0031874446317352173	7.30147951099176e-06	-0.00010575260520021023	0.002788253346199066	-0.00309922517224383	0.02314322442061409	-0.0002548815363993393	0.010084263765246983	-2.4921287599555788e-05	0.00030679693479901936
5.140000000000001	0.00023083217041234267	0.00022902623527075994	0.0031868251238966394	9.758588711882281e-05	-8.080833386945154e-05	0.002789252864510795	-0.017795350169119886	0.016703442787942627	0.00018366363176134322	0.007231957472347238	0.004772460800790741	-0.00014895252289485268
5.15	1.1630694654113113e-05	0.00032890063619534665	0.0031900847659856154	0.0001402723897032496	-1.7895133652664644e-05	0.002786163345782396	-0.02421883230936699	0.0023552501654841916	0.0003587199943702119	0.0009738065237123348	0.0073355201515841115	-0.00039738661415329024
5.16	-0.00021371520123601408	0.0002709377594759682	0.003191786246911692	0.00011540089573042371	5.447753853681678e-05	0.00278347783941545	-0.01889340916858097	-0.013457129716361368	-8.129496624198819e-05	-0.005767611016394445	0.006542471630663814	-9.037023905393281e-05
5.17	-0.00033524641426930217	8.197819504474276e-05	0.0031883713268376634	3.4438472526111804e-05	0.00010195045770945137	0.0027846578494298735	-0.004429207381391188	-0.022684579102300755	-0.00053229363726498	-0.009724639946986153	0.002527176518496106	0.000282797250434642
5.180000000000001	-0.00029624619172616544	-0.0001456623984880657	0.003184145742401313	-6.263503686127152e-05	0.00010090847725680507	0.0027872259437516883	0.011882824886843195	-0.02096861176076121	-0.0002085518101922259	-0.00887028929313151	-0.002713604685313546	0.0001480630714072943
5.19	-0.00011654807358291096	-0.0003045980130600261	0.0031853935199434046	-0.000128720877329964	5.21949646774054e-05	0.0027868394877811117	0.022613277186729033	-0.009461546221662655	0.00038655253351817194	-0.003812117454385525	-0.006626256901015405	-0.00016675667594313399
5.2	0.00011953685464171105	-0.0003185495415998172	0.0031895028065411033	-0.00013296014387913292	-2.148737980756851e-05	0.0027854263630261965	0.022587826854843892	0.006860160952779019	0.0003119472330038367	0.00302130693221631	-0.007514304814647456	-4.920614295339891e-05
5.21	0.00029768469793287484	-0.00017870380258976396	0.0031903096071499676	-7.295674536124161e-05	-8.592691009471329e-05	0.0027865824358250537	0.011523032715126535	0.019886333428008614	-0.0001327529574764526	0.008462980324075912	-0.004832852778917409	0.0002702227172347251
5.220000000000001	0.00033194731714104587	4.6457831907766096e-05	0.0031883511869632546	2.2222552810180965e-05	-0.00010972713849120432	0.0027891145350719135	-0.004878234096201601	0.02327415361845905	-0.0001594138174969117	0.00972959491270211	0.00025424176495236875	0.00017506317280085011
5.23	0.00020829540574212672	0.00024974218033968173	0.0031882786957426563	0.00010576770668816071	-8.14987021582323e-05	0.002788756813541726	-0.01887288880568498	0.015695006663137032	0.00014604446047158996	0.006283256229602019	0.00515018712734405	-0.0002478666559456084
5.24	-1.5110993452273602e-05	0.0003346636467396741	0.003189950508062022	0.0001381681192502225	-1.4627119373486321e-05	0.0027856457173688204	-0.023923820604897186	0.000492521364053461	8.428211211634085e-05	-8.33384329508977e-05	0.007674747775775819	-0.00029881891250670194
5.25	-0.0002310760363516233	0.00025805756143873064	0.003188902985871834	0.00010415416361718243	6.0214911697092986e-05	0.002784204518190569	-0.017425357447895338	-0.015135106975754141	-0.0003064410139299173	-0.006452730200332814	0.006649869962227158	6.226510071877662e-05
5.260000000000001	-0.0003351783918588324	5.753071997572923e-05	0.003184600389949971	1.9900284041930885e-05	0.0001070470519860421	0.002785839962443808	-0.0025829685753579797	-0.023292770656335043	-0.000423329779564459	-0.009643498542826768	0.0023222451340926403	0.00020661375541927888
5.2700000000000005	-0.00027942881886953264	-0.00017023309281355556	0.0031826298187153895	-7.280890016085322e-05	0.00010294154722009342	0.0027869069777014853	0.013255381342749251	-0.02040488370686829	7.656574565894825e-05	-0.008111381334313845	-0.0031051966764608827	-3.6640862747883986e-05
5.28	-9.088819099804786e-05	-0.00031783212756540533	0.0031858442433523528	-0.00012975685574207867	4.9925769303805786e-05	0.002785284843095877	0.02290106654606698	-0.007839822497035777	0.00047863387624406256	-0.002811240851540778	-0.007079588032315936	-0.00019518344452852334
5.29	0.00014144285022215527	-0.0003134083113492325	0.0031898954575907495	-0.0001244295481060333	-2.7720089941811864e-05	0.0027845244087940793	0.021581829554202295	0.008716522760840588	0.0002466636933308721	0.0038446740772468523	-0.0078043164095262605	8.350179211236901e-05
5.3	0.0003050454090553229	-0.0001581868761594197	0.0031902074288082975	-5.922180760678978e-05	-9.343745618669978e-05	0.002786949797923043	0.009776353581168986	0.020992158711929335	-0.00013198156602912018	0.008641479770852506	-0.004757365758128526	0.00034598635327716127
5.3100000000000005	0.00032217930913266735	7.250176557554114e-05	0.0031887297144563937	3.405041786639356e-05	-0.00011463609273450106	0.0027896842208307397	-0.006460220313163507	0.02324344648424796	-6.897027259819145e-05	0.009223724985701377	0.0006692856965816233	0.00011809085384815901
5.32	0.00018591328042679394	0.00026935099027780514	0.0031890794663721575	0.00011011813090581839	-8.108099725546641e-05	0.002788859309776744	-0.019686427392631975	0.014484933010142415	0.00010726029679987646	0.005390273592249711	0.005755617590773026	-0.00024004267912030298
5.33	-4.0034023188991644e-05	0.0003380644114857729	0.003189811350099855	0.0001333267459739304	-8.351864728643193e-06	0.0027863365046161648	-0.0235726847546979	-0.0013716996281405679	-6.687809014070212e-05	-0.0009735592951787354	0.008191846197494478	-0.00019149530492636722
5.34	-0.00024663832460311346	0.00024374970495610204	0.0031873009465933884	9.221151043075627e-05	6.949688657784091e-05	0.0027857590680595203	-0.016002366776039556	-0.016664196565345967	-0.0003468313971146032	-0.006879764094621495	0.006696028452612554	7.174756069509169e-05
5.3500000000000005	-0.00033449950442020524	3.2645565066738263e-05	0.003184453409324065	7.043478370623564e-06	0.00011455284316496887	0.0027867757531934586	-0.0008751438291211698	-0.023768404976730714	-0.00013457826842447378	-0.009430875889220404	0.0019207987835168196	4.712217480085736e-05
5.36	-0.00026297025499477086	-0.00019400740008604318	0.003185470850371961	-8.055769709407273e-05	0.00010515112673608491	0.002786072308900149	0.014594659741344999	-0.019706846054138007	0.00032276010251765247	-0.007390615628257932	-0.0037412929996314148	-0.00018555855665784964
5.37	-6.572659465394113e-05	-0.0003289320552029045	0.00318939935029674	-0.00012917642993610592	4.544623854386965e-05	0.002784233349705375	0.023216698833265707	-0.006101079859283318	0.0003604956764678895	-0.0019338408427394206	-0.007705040394681875	-0.00011424021982285179
5.38	0.000162900050272458	-0.0003051460085158145	0.003190833695256182	-0.00011584103637095925	-3.698916339217875e-05	0.002784987689556392	0.020561548555556863	0.010644737881356298	-0.00011438844123316043	0.004517128745927286	-0.00809493320821778	0.0002411405291048657
5.390000000000001	0.00031214472122942616	-0.0001339913900037741	0.003188382383527854	-4.6719001897486364e-05	-0.0001025049238164636	0.0027882244974405685	0.008089535588455566	0.022108352176389616	-0.00030155446744102083	0.008719807276284405	-0.0044494348172845035	0.00029867541236070817
5.4	0.00031254414732899644	0.00010095677992541535	0.003186472798220307	4.4016242029779634e-05	-0.00011903040560283199	0.00278950279662327	-0.007989604597148757	0.022973548881908695	-4.900122151988597e-05	0.008645811124611822	0.0012719551907747467	-6.948691747940063e-05
5.41	0.00016464173447899033	0.0002887435429745666	0.0031875143073660456	0.00011266875045182349	-7.896486192758617e-05	0.002787476826697948	-0.020377952282883763	0.012990217369329175	0.0002124302112299066	0.004531841290255847	0.006428206503032255	-0.0002766741585272681
5.42	-6.246098734624961e-05	0.0003384697514723177	0.0031887983148893083	0.0001274875199830285	-7.30828343991868e-07	0.002785659740333908	-0.023098981449361282	-0.0035009388239849843	7.5634704142810075e-06	-0.0016875367812946005	0.008578668759288309	-4.096433207707815e-05
5.430000000000001	-0.0002592787147496759	0.00022485031555585447	0.003187683963539212	8.125991803494963e-05	7.864981726219409e-05	0.0027864380976525987	-0.014604168919505375	-0.01824309131639677	-0.0001901133716794839	-0.007165935950923575	0.006612750264855149	0.00018379197701832973
5.44	-0.0003316543176392621	3.828813409252818e-06	0.003186589483995764	-3.813141704082304e-06	0.00012055998357757934	0.002787742740447691	0.0007004834707022879	-0.02411537563496556	3.0272712123479503e-05	-0.009102907114480195	0.0014373780496802744	5.332286291100585e-05
5.45	-0.00024629095253539206	-0.00021925611932698135	0.0031884178029009612	-8.630551326445144e-05	0.00010482185918517128	0.002786944032262091	0.015715710128104778	-0.018639433291454083	0.00030054993096552575	-0.006717391452450613	-0.004444743540516456	-0.0001593007335836434
5.46	-4.2401285508079306e-05	-0.00033764822438738185	0.0031907593062498163	-0.00012741156139022913	3.8598791578411426e-05	0.002785504342413391	0.023311802656720424	-0.004012314581931812	8.686651482540276e-05	-0.0011792184626062024	-0.008275457017779153	-8.38402609837023e-05
5.470000000000001	0.00018150027571677742	-0.00029302211262085105	0.003189377698797452	-0.00010729760440446639	-4.754009169559538e-05	0.0027860810759920045	0.019586977979985737	0.012542877960677672	-0.00034444440552938656	0.005036577823609435	-0.008182562078145423	0.0001911748120847992
5.48	0.0003175807497969092	-0.00010778495679539522	0.00318580662584244	-3.535997977852152e-05	-0.0001114613751689893	0.002788318272554674	0.006540778967953748	0.02295251466572364	-0.0002646880639180303	0.008720776037312196	-0.004058962673285806	0.00017623061841466741
5.49	0.0003022932320830947	0.0001291049889818036	0.003185295116997185	5.2820613146978705e-05	-0.00012210488526360038	0.0027885366263227496	-0.009483464397253314	0.022468413886908973	0.0001721014417997041	0.008167549028856637	0.0020049856258762522	-0.00014500566494017445
5.5	0.0001427207115862352	0.00030513337029098165	0.0031879699588402356	0.00011509593953455254	-7.450687474982663e-05	0.0027866101875951253	-0.021132012179578417	0.011212029048665079	0.00028189344939458753	0.0038058149525437446	0.007127450621176843	-0.0001902729853809849
5.510000000000001	-8.563139533411055e-05	0.00033452775563800913	0.00318936710148653	0.000122380453802478	9.127308451348997e-06	0.002785750593172229	-0.022576727657109285	-0.005585527458586353	-5.349058164531043e-05	-0.002421536390840669	0.008914876675199787	3.703668672503423e-05
5.5200000000000005	-0.00027202225894859197	0.00020290956352068363	0.003187779879047205	7.067948441856362e-05	8.92022941052874e-05	0.0027869812919569894	-0.013162412386305899	-0.019606804287360387	-0.00019047046308850045	-0.007468661479004954	0.006416729168176582	0.00015978434709124247
5.53	-0.0003283813749824577	-2.567101654215302e-05	0.00318669565324264	-1.4472905211171176e-05	0.00012690643713536809	0.002787728429136725	0.002341568784065915	-0.024250404005406415	4.420297277594822e-05	-0.008856621386439084	0.0008192601009728334	-3.489981858744639e-05
5.54	-0.00022844889284645908	-0.00024281917178943537	0.0031880086312233683	-9.186984618235182e-05	0.00010384239121699535	0.0027863889246011377	0.01683861297886611	-0.017353640364201253	0.00018052741049441595	-0.006002897926061801	-0.005228943146474211	-0.00018773422317260412
5.55	-1.8619164431463677e-05	-0.00034368597874303805	0.003188835756701078	-0.00012512711370516022	3.064134560740974e-05	0.002785388081126587	0.02335460610195531	-0.0019500389413011619	-6.469603550793182e-05	-0.0003601582899065332	-0.008791464070695492	4.445902628605128e-05
5.5600000000000005	0.0002000048759957169	-0.00027849730696394146	0.0031867768565686924	-9.836075752940616e-05	-5.810079046920804e-05	0.002786939439443055	0.0185284774084004	0.014406480299757845	-0.0002525765465972525	0.005476149538525585	-0.008183100843384208	0.0002355582142469402
5.57	0.00032251249218788014	-7.967681040854126e-05	0.0031853158090433525	-2.474135300100833e-05	-0.00011918791437981492	0.0027887105945379013	0.005001815293113935	0.023722946284269585	3.533963291036862e-05	0.008584648369102627	-0.0035338239155673834	5.277063727578199e-05
5.58	0.0002917745035827945	0.00015770729896286744	0.003187403823977487	5.949830620638537e-05	-0.00012303236573048485	0.0027878646743750004	-0.010918401529363395	0.02180097782092789	0.0003195617229685187	0.007598898151480628	0.0027935870732980804	-0.00015638306856500584
5.59	0.00012114324773885865	0.0003201305384102132	0.0031900887498332972	0.00011508201324880562	-6.7804316752659e-05	0.002786602142217643	-0.021748488107604755	0.009291915103269634	0.00015928152621290265	0.0030729189202728176	0.007823705808286802	-4.1492132343759095e-05
5.6000000000000005	-0.00010754069115972272	0.0003282259225868092	0.003189509561856837	0.00011580409191729777	2.09204343231199e-05	0.002787101994311707	-0.022043541626035598	-0.00774748897153448	-0.00023783660003454094	-0.0029386784242098327	0.009183415585992862	0.00012556036227366515
5.61	-0.0002839470434711531	0.00017848354583098664	0.003186679798190914	6.12655667866609e-05	0.00010016268750822065	0.0027883267499985895	-0.011788280023014484	-0.020927377168806972	-0.0002463629283828862	-0.00749101954632344	0.005971293376620939	4.857792187181334e-05
5.62	-0.0003248269452806214	-5.6713307508610654e-05	0.0031858359524621757	-2.191721268363879e-05	0.00013084266968694716	0.0027875163983532127	0.003928096692304787	-0.024148878582369596	0.00010472372426427013	-0.008443594802772299	-8.526734693883776e-05	-0.0002190717174547972
5.63	-0.00021088659576351215	-0.00026518689929224017	0.0031874224577441734	-9.414636924245992e-05	9.860440641936403e-05	0.002785275124880422	0.01794115937874386	-0.015765047908946766	0.00012764651156135174	-0.0053952961939405355	-0.006119209066286833	-0.00017558988899952214
5.640000000000001	4.764486763385911e-06	-0.0003459478300626684	0.0031876627229217424	-0.00012144417563177293	1.7985043305006582e-05	0.0027849083156152483	0.023312444589869776	0.00029789839935729474	-9.578832551804711e-05	0.000168633464707217	-0.00930752792260265	0.00010771099481152092
5.65	0.00021727459051698903	-0.0002601359819766753	0.0031864171728707294	-9.065781507634193e-05	-7.215389402942292e-05	0.002786828207069337	0.017417825846348933	0.016105162595766193	-7.429862591881842e-05	0.0057195293650767086	-0.00794713430023902	0.00023790102295210435
5.66	0.0003259089991911396	-4.9926626330553586e-05	0.003186940099637207	-1.6697081692385068e-05	-0.00012764916890929147	0.002788190576712977	0.003396397176260438	0.024182332459336292	0.00021249161739608744	0.00842450993047987	-0.002699013868700154	-3.1114954722022828e-06
5.67	0.00027911197583755726	0.00018489397316468961	0.0031896041996143146	6.457157774313407e-05	-0.00012185190204365446	0.0027874330926567774	-0.012390675388330412	0.020791306333652972	0.0002505085138929834	0.007174946959053075	0.003809424373319531	-0.00011550269561563305
5.680000000000001	9.77823093868836e-05	0.000331191587252125	0.003190470594491266	0.00011495638065820191	-5.72120958932968e-05	0.0027870271466213974	-0.022313255226999125	0.007195858562197624	-0.00010668598230770566	0.002483150097554695	0.008577586167186561	8.234016367175726e-05
5.69	-0.00013054838745765596	0.00031757197112546	0.0031875968632982085	0.00011020630145650384	3.571130470701334e-05	0.0027883474846599012	-0.021376087359928738	-0.009771342937227869	-0.0003862228119501917	-0.003367685476547945	0.009229430700397374	0.00015705454059462004
5.7	-0.00029581499080783284	0.00015196333305655425	0.0031845956213230916	5.3316288218286046e-05	0.00011188047486775676	0.00278914406297751	-0.010349779236322701	-0.021949927135035862	-0.00013768175520238664	-0.007528652491345905	0.005352032043348271	-2.9886865357946092e-05
5.71	-0.0003206064947636666	-8.646925578026153e-05	0.003185317814268956	-2.8086684023888114e-05	0.00013409459178743575	0.00278763566776569	0.005623435646469291	-0.023742382085907385	0.00026403032197055303	-0.008077388224976872	-0.0010707665950204525	-0.0002502057439686338
5.720000000000001	-0.00019196055358105933	-0.00028399288380475605	0.003187806569579111	-9.563143753881755e-05	9.200344196130979e-05	0.002785447539028923	0.019037724398919705	-0.014071316491918737	0.0001520142273477691	-0.004872956063590465	-0.007000242421256035	-9.92650944247262e-05
5.73	2.8986558694930692e-05	-0.0003445309910439655	0.0031878819656912505	-0.00011759576660339454	5.5629533057941665e-06	0.00278603024394759	0.023258555425287663	0.0024608164345003673	-0.00012537452601590153	0.0006518357078806533	-0.009578029825930786	0.0001917706094188764
5.74	0.00023548320492686146	-0.00023948820226904257	0.0031866100629691168	-8.363949206272789e-05	-8.367251904036094e-05	0.0027879865943213756	0.016327301013228553	0.017654790592321754	-7.184907820329208e-05	0.005837778798368382	-0.007505541726940916	0.00016212247357616177
5.75	0.0003300093443812576	-2.009812301333795e-05	0.0031872353682159513	-1.04237091033209e-05	-0.0001324492081924166	0.002788264022065354	0.0017761282522512358	0.024429999907939103	0.00018009440435257475	0.008216814801253698	-0.0018527210042298872	-9.138496106532096e-05
5.760000000000001	0.00026746993896882814	0.00020956296024898717	0.003188754893527739	6.768153288997838e-05	-0.00011770815203578272	0.0027871940297321254	-0.013804279854178451	0.019547542147034667	8.111566730539653e-05	0.006759912544456868	0.004701313373294116	-9.181086974963295e-05
5.7700000000000005	7.615711330206312e-05	0.00033844805042496833	0.003188281182150687	0.00011373602652338175	-4.579070977096278e-05	0.0027872527658153326	-0.022811682999670922	0.0051349148950168184	-0.00017653463968393782	0.002079562888141347	0.009059743848798943	9.250624594454338e-05
5.78	-0.0001513410294261015	0.0003043243962942714	0.003185977778637895	0.00010559256057679122	4.860387833164515e-05	0.002788307621326396	-0.02078393572392443	-0.011619894514122183	-0.00020085663065078213	-0.0036449202895461183	0.009002620841965027	9.239301262452532e-05
5.79	-0.0003062345770681614	0.00012512728505319537	0.0031854352634586515	4.727263318338191e-05	0.0001190810198335297	0.0027882374273046056	-0.008938926745278988	-0.022746737312772703	0.0001261928810517151	-0.007540959312346333	0.0045144146619911325	-0.000127374668240541
5.800000000000001	-0.0003155328778349087	-0.00011412400259995978	0.0031875378491182517	-3.323354688712661e-05	0.00013194829379246917	0.002786271816299002	0.007223477590684832	-0.023084879856480448	0.00024073382662467604	-0.007916424587047973	-0.0020534086792810703	-0.0002232365054056355
5.8100000000000005	-0.00017305062799640133	-0.000298588825050906	0.003188987544124821	-9.822285958031671e-05	8.123295479018665e-05	0.002784906740947841	0.02005720791297199	-0.012241615698605582	9.20694545123949e-06	-0.004544614420780933	-0.0076868573047997385	-1.875015403904321e-06
5.82	5.2595611250294406e-05	-0.00033894422148122197	0.003187901868936342	-0.00011654629923590758	-9.495321816154457e-06	0.0027861936525731303	0.023173485690873227	0.004473714909822569	-0.00018971910685206333	0.0010606136217578555	-0.009654393847910735	0.00021904617786709025
5.83	0.0002529834688165025	-0.00021685290937160145	0.0031864771996843616	-7.879151529973195e-05	-9.557533683583215e-05	0.0027879544256289904	0.015249127406245892	0.018933651152039693	-2.318334897188919e-05	0.0061819995038967955	-0.006849107515489757	9.192444994048616e-05
5.84	0.0003327947714308798	9.227776839927445e-06	0.0031875351370013755	-3.574250275847524e-06	-0.00013541600782105386	0.0027877375785350053	2.7426974068254744e-05	0.024410088043135585	0.00017256759435546035	0.008257272419540575	-0.0007980986096205012	-0.00010140825198609513
5.8500000000000005	0.0002528995734183043	0.00023146063812907463	0.003188388889162708	7.34380276846423e-05	-0.00011027151222622011	0.002786836283712418	-0.015353296855425774	0.018137521098744017	-1.013008535640448e-05	0.006477270584077217	0.005624274574976893	-2.8183313791965384e-05
5.86	5.105076136692982e-05	0.00034188818757346066	0.0031871276365891613	0.00011568281534479832	-3.181996841661001e-05	0.0027874889619484812	-0.023297900558861086	0.003039177070573137	-0.00019383570374811943	0.0016046623160473378	0.009396958613519383	0.0001300630562173614
5.87	-0.00017511151260788592	0.0002881243236540277	0.0031853725539606266	0.0001026941438591478	6.199247585199767e-05	0.0027885580949121675	-0.020053952786852385	-0.013305972374863351	-9.323644105133211e-05	-0.004078979781970177	0.008569207730109366	4.422050660792555e-05
5.88	-0.00031805669555899754	9.725412587613139e-05	0.00318589863029634	4.105419343792289e-05	0.00012573469499751336	0.0027878449673302114	-0.007352564268117284	-0.023309485412997207	0.00018889119424611865	-0.007723383309323689	0.003630726232970026	-0.0001440420563990775
5.890000000000001	-0.0003093703751318189	-0.0001406118706809826	0.0031881428323135117	-3.970891557554136e-05	0.0001287491008614741	0.002786274572305034	0.00902497782619633	-0.022248652808064217	0.00018648021782192127	-0.007773053819302077	-0.003040489569826177	-0.000125942801731344
5.9	-0.0001518978575139835	-0.0003109864924020758	0.003188928945864779	-0.00010192331248231306	6.971565439350945e-05	0.0027861174472520226	0.021132506389514447	-0.010354803687182633	-6.875897451536255e-05	-0.004147216557947966	-0.008267100732059218	0.00010227420520690411
5.91	7.833354479583416e-05	-0.000331395643454457	0.0031873639263285186	-0.00011559138443658943	-2.324561983900496e-05	0.00278777842004702	0.02298292306194113	0.0063819524068370785	-0.00016301727456003796	0.0015240384908025352	-0.009518105667091539	0.00017823989366386745
5.92	0.00027087960169527175	-0.00019357341997359239	0.003186702473631627	-7.410437646283102e-05	-0.00010491928186502247	0.002788678324452284	0.013961007243830266	0.02002612192789955	5.682768375110758e-05	0.006408315117757249	-0.006133917141661618	-2.6762364117858344e-05
5.930000000000001	0.0003342111850226346	3.729151771533281e-05	0.003187997280590774	2.231876964253998e-06	-0.0001361912892387069	0.0027878225741167655	-0.0018195775482776864	0.024215205671846592	0.0001366774036517024	0.008260035948481232	0.00015670213075239664	-9.527244412785989e-05
5.94	0.00023691962571810375	0.000250550648468853	0.003188329264549526	7.789338304248447e-05	-0.00010183475216272912	0.002787318508950991	-0.0167950160282086	0.01664809759179626	-0.00010846634176559247	0.0062269645838901235	0.006410279093802446	2.3173695531947514e-05
5.95	2.5861834426774376e-05	0.0003429969109116499	0.0031863081891335223	0.00011661019579782951	-1.8411803713243467e-05	0.0027881530705171987	-0.02362856493944764	0.0010557064602790506	-0.00023367343315212655	0.001176259135935453	0.00955787018770017	0.00013766881971634656
5.96	-0.00019740128682599152	0.0002711092707402158	0.003185011575205692	9.956955751030575e-05	7.3379250269956e-05	0.002789152449330978	-0.01917052496792599	-0.014833649374644863	3.368957675063736e-05	-0.004448436216004184	0.008000005534777902	1.1211010256375359e-05
5.970000000000001	-0.00032694473033229325	6.994195060750238e-05	0.00318674407356259	3.5163979958561e-05	0.00012906282745103135	0.0027882442409605155	-0.005628225314462347	-0.023723667138291323	0.00024937437033919926	-0.007891950444662359	0.0026986632113788294	-0.00017018868749321033
5.98	-0.00030009848328840555	-0.00016484512068091293	0.003188749863082674	-4.6144928905822396e-05	0.00012286860899050515	0.00278641678293525	0.010794269327727023	-0.021231228002771156	0.0001008718026880234	-0.00767834336850927	-0.0038874587673669928	-0.00013777617794818122
5.99	-0.0001288332989842629	-0.00031988521354162834	0.003188135664971243	-0.00010605867946386342	5.749309805953324e-05	0.002785875492223492	0.021991058151494384	-0.008474225592285037	-0.0001941069084680928	-0.0037838384089542627	-0.008652151699803231	4.26246829256769e-05
6.0	0.00010373492424666536	-0.0003209835800551695	0.0031859430393560368	-0.00011537939198744444	-3.579358831369139e-05	0.002786640273863287	0.02259104594638369	0.008240835997277691	-0.00018083163066521068	0.0019719215004211765	-0.009191371795848375	3.979315659604742e-05
6.010000000000001	0.00028705656600262546	-0.00016862292671709092	0.003185674101359229	-6.981060396984373e-05	-0.00011133419770788854	0.002786565309601882	0.012509566119306962	0.020976305792891795	0.00012199703153378844	0.006759947332180022	-0.00529340277710066	-6.259328421768093e-05
6.0200000000000005	0.00033316985039187467	6.461817313953253e-05	0.003187291902359722	9.053944920840027e-06	-0.00013340869400336807	0.0027859737184423674	-0.0036993655754439317	0.023718498377373012	0.00015731764298863372	0.008358145309508866	0.001056721078108213	9.558437499899783e-06
6.03	0.00021880298660072547	0.00026673149823198684	0.0031879429109241803	8.41296600938003e-05	-9.144447902076151e-05	0.0027868132925083383	-0.018206917542070003	0.01496706654193868	-4.2250480985420055e-05	0.006021283897267453	0.006983941546566388	0.00017674389131811966
6.04	-8.368759220363825e-07	0.0003399935064661846	0.0031869608590126826	0.0001192979083938411	-5.357546823073703e-06	0.002788841065674815	-0.02386302110377569	-0.0008728836267336022	-0.00010154682856006867	0.0007147041849864184	0.009485382226743604	0.00017483987964867385
6.050000000000001	-0.00022018269102677898	0.00025087528073273004	0.0031866711939020917	9.76540045332328e-05	8.276686706775626e-05	0.0027897121793333804	-0.018184088588621087	-0.016175019046579392	7.332754085616268e-05	-0.004853588303758198	0.007391583333902971	-8.191565925005997e-06
6.0600000000000005	-0.00033473072018609114	4.21001899090527e-05	0.00318794049569686	2.986195834020264e-05	0.00013056268745219372	0.0027887010071544808	-0.003756071672583644	-0.0238576769171715	0.000144531582083956	-0.008198337655133815	0.0017911288127202068	-0.00013501247558169092
6.07	-0.00028856891713477715	-0.00018710142351920976	0.0031883420483401034	-5.286977904768311e-05	0.00011533021854375267	0.002787642502647437	0.012614865148322893	-0.020035207767026837	-7.079460971722763e-05	-0.007656770081609415	-0.004688632081711061	-4.1255624037802624e-05
6.08	-0.00010343305743448631	-0.0003257589449335921	0.003187023781144617	-0.00011057136264005988	4.431740944615113e-05	0.0027877910547925884	0.022828861746191694	-0.0065676121549868875	-0.0001413903065579244	-0.0034159624761043845	-0.008907424911470504	2.7767782623347175e-05
6.09	0.00013118162829072618	-0.0003083600356995755	0.003186311272305092	-0.00011538039652869795	-4.800390756424589e-05	0.0027876938133018577	0.022164530014987784	0.009885110990000634	2.3460153899248972e-05	0.00250863913166941	-0.008779705780180204	-6.46238911163688e-05
6.1000000000000005	0.000303687901237236	-0.0001438138426288006	0.003187573108880965	-6.476967757323702e-05	-0.00011690398985283852	0.0027864946525912476	0.010879593639005395	0.021664286533228494	0.00016976683022640074	0.007192333271151155	-0.004428981982461285	-0.00013497105586001828
6.11	0.00033052663621739966	8.982803940809775e-05	0.0031886490428279326	1.726216557999218e-05	-0.00012974695145439363	0.0027859398654532354	-0.005745911968118205	0.023090760908862744	-9.718612576551707e-06	0.008527939954097247	0.0020036169435284105	3.5347485206899336e-05
6.12	0.00019842069163759763	0.00028022127462009087	0.00318742688391196	9.149544859316002e-05	-8.005253472846905e-05	0.0027869722413130156	-0.019573698868740975	0.013403514980607174	-0.0002171551265670354	0.0057029117679807395	0.007470277026444982	0.00014798440155798368
6.13	-2.887997217072406e-05	0.0003362304522312896	0.003185346267160715	0.0001219996169029702	7.837250203290249e-06	0.002788379864538499	-0.02396738859465068	-0.0026485832624845544	-0.00013240080189848912	0.00015742010183712423	0.00932329112755569	0.00010486520994395914
6.140000000000001	-0.00024221378067564446	0.00023142431154502043	0.0031854362836631193	9.439377371973226e-05	9.145354732664292e-05	0.002788483248983715	-0.016927847241316834	-0.017449592593591693	0.00014077149176968702	-0.005454821222854792	0.006691582601012854	-8.849992942304864e-05
6.15	-0.0003397389653935571	1.558690020801729e-05	0.0031872254773644437	2.167198610615242e-05	0.00013096792189655934	0.0027873960203933135	-0.001729642902175271	-0.023904263116035197	0.00017285451577891788	-0.008493099726347876	0.0008818043526912169	-7.133774696507113e-05
6.16	-0.0002739268611617364	-0.00020768879591929638	0.003188164578401768	-6.163268083219552e-05	0.00010767963615012515	0.0027873079289715045	0.014365891046695238	-0.018841554515110947	2.681463501346485e-05	-0.00749003949504443	-0.005344543800164842	5.3707655328269446e-05
6.17	-7.633365140327071e-05	-0.0003310675592813125	0.0031879132628737246	-0.0001158462522065064	3.2872606347096366e-05	0.002787832015880797	0.023478166266117758	-0.004811272610446336	-3.701484299649723e-05	-0.0028744920931147422	-0.008993240736129282	2.8134898095372293e-05
6.180000000000001	0.00015737219558405847	-0.00029627609405489977	0.0031878942145685623	-0.00011457778142937054	-5.7261044107808666e-05	0.0027874861372935594	0.02130580795306971	0.011474237462669894	2.6769942529185217e-05	0.0031104234980211614	-0.008278460201732344	-8.905612754124869e-05
6.19	0.00031550347277768486	-0.00011988800701463621	0.003188454910754364	-5.8281648238325905e-05	-0.00011961006558826189	0.002786457919243691	0.009005536333314258	0.022354166468666427	2.5987820936874435e-05	0.007683785060003494	-0.0036736070375241224	-0.00010520849850770091
6.2	0.00032230581443017754	0.00011442294400700257	0.003188072521250099	2.6645729289195053e-05	-0.00012445830045048833	0.0027859142926703094	-0.007717773095806028	0.02251837985714367	-0.00011465973861748091	0.008595075697780136	0.0027427764864800352	1.904586019601869e-05
6.21	0.00017389829978046558	0.00029363186684361326	0.003186292512855582	9.945833986085545e-05	-6.959910391248536e-05	0.002786562845825447	-0.020682178316307944	0.011802114963260836	-0.00019743738621104054	0.005322129310227478	0.0077955077387859084	0.00010737703937023721
6.220000000000001	-5.7732055894607616e-05	0.00033189599611623157	0.0031849776545116956	0.00012456220164054938	1.8380149103378827e-05	0.0027873488913338373	-0.023727482434198224	-0.004463971398435458	-2.8944202196121147e-05	-0.0005117624419809581	0.009078015126965613	2.1548556735605735e-05
6.23	-0.0002620930260246131	0.00021150334381204216	0.0031860322218787464	9.04435478550387e-05	9.711152267948856e-05	0.0027871209093569566	-0.015439556032580634	-0.018625730135188936	0.00021559366191678785	-0.006002073738188152	0.006019757485124009	-4.583527497302727e-05
6.24	-0.00034105551607078	-1.0441936466089253e-05	0.0031882026266457702	1.3287553924543393e-05	0.00012915197614783022	0.002787104934552812	0.0003551089157066032	-0.023895710383870564	0.00018051896180265386	-0.008798918102054005	0.00013054087857266284	5.036276633725218e-05
6.25	-0.0002557647581124526	-0.00022723636741741194	0.0031887997504167955	-7.077180721076546e-05	9.941222499313587e-05	0.002788185038887432	0.01595414337896638	-0.01764625420665534	-1.3166484677358168e-05	-0.007297372222659297	-0.005849800297787854	0.00012226617565822868
6.260000000000001	-4.807655550927084e-05	-0.000334729592971723	0.003188216020639904	-0.00012085080750918515	2.1953314004482837e-05	0.002789331253572655	0.023840979765545986	-0.0029643324449555213	-9.315006372207768e-05	-0.002279769644210294	-0.008995232364297735	6.510269440048376e-05
6.2700000000000005	0.00018250143224860332	-0.0002818152113004753	0.003187572515509426	-0.00011276468090651553	-6.567849860627479e-05	0.002789112115571378	0.020326352915884426	0.013116265913216034	-1.986913183044567e-05	0.003801756854963859	-0.007816278490211612	-9.191622229962584e-05
6.28	0.00032587806084050455	-9.373455374991167e-05	0.0031873307144696266	-5.082516304599849e-05	-0.00012157449492219662	0.0027879655041252926	0.007124145775916462	0.022943449308017363	-4.271006246053237e-05	0.008063439679657603	-0.002885231003479637	-0.00011371117860193261
6.29	0.0003130449583425972	0.00013976933828310773	0.0031864307503321706	3.572303737609986e-05	-0.00011913605327929622	0.0027870000849208316	-0.009592461888905996	0.021768531369003818	-0.00010001563872012342	0.008517847467405207	0.0033711323581995085	-6.603390170480233e-05
6.300000000000001	0.0001500899387269799	0.00030622464783064304	0.0031854852359276356	0.00010555313086637122	-5.9743100471396394e-05	0.002786959400794987	-0.021650103031803324	0.010110988848414411	-3.552480605469007e-05	0.004832303151796294	0.007992106133629282	2.9173859789957065e-05
6.3100000000000005	-8.457465165675928e-05	0.0003260060875840152	0.003186141930896513	0.00012449263639640056	2.7844259772833452e-05	0.00278698089720413	-0.023327650892551236	-0.0063099727059403934	0.00014268494781180822	-0.0011927419161754868	0.008801685608422021	-2.0627904463427782e-05
6.32	-0.0002786185248748096	0.0001899959912233608	0.003188135175891369	8.373968739318371e-05	0.00010198856699177624	0.0027867442272814843	-0.013860016876288826	-0.01975551108806997	0.00019061132027471125	-0.006618521228741589	0.00542017257941386	-1.7952541948262387e-05
6.33	-0.00033902736094974925	-3.7086747750996684e-05	0.0031891098585759806	2.426233672056804e-06	0.000127415725462166	0.0027871654054579162	0.0022771801441242396	-0.023756192542947755	-3.6923634592440586e-05	-0.00896774537007219	-0.0005668723165015817	0.00010088679178368642
6.340000000000001	-0.00023669594364635697	-0.0002461919933858176	0.0031879607005287844	-8.058711830869984e-05	9.166481425493166e-05	0.0027884932824282244	0.017325849278929543	-0.016302305428561478	-0.00017255018585022225	-0.006930998789062007	-0.006283171606338665	0.00015125964887334318
6.3500000000000005	-2.0931433990429785e-05	-0.0003369614680154634	0.003186032194523896	-0.00012488501572630048	1.1963547221675797e-05	0.002789568748320899	0.024028590222157257	-0.0011104114720479543	-0.0001436772970026156	-0.0015572870007136811	-0.008962164488485053	5.049677006192243e-05
6.36	0.00020520434552385338	-0.0002665189050961995	0.0031856915446451034	-0.00010925985231460047	-7.286832483004892e-05	0.0027893495207659946	0.01930417726471684	0.014607833655257968	6.134100046225286e-05	0.004517542875217142	-0.007314333375032653	-9.686290600679072e-05
6.37	0.00033343973939859193	-6.83463706894296e-05	0.003186787901119719	-4.1532461470665915e-05	-0.00012271224854552512	0.0027881280311875725	0.005242415177296027	0.023353683088540415	0.0001345280499416967	0.008466940806469193	-0.002231206791158781	-0.00013560209562208067
6.38	0.0003011923619051287	0.00016257438216807105	0.0031876512068251418	4.6562637001730246e-05	-0.00011378362517058505	0.0027872499271553064	-0.01139024769585178	0.020861355404325002	2.77566944100217e-05	0.008384652708416838	0.003978260852945746	-2.963896850161588e-05
6.390000000000001	0.00012431217630218353	0.00031496529099668856	0.003187614660087327	0.00011260340621429933	-5.0140529879112705e-05	0.002786962132594629	-0.02250818526386372	0.008332509513352168	-2.812275779764947e-06	0.004247399340340129	0.008247445459986229	-4.9116198033453495e-05
6.4	-0.00011232489480430872	0.00031631897919400225	0.003187928210828877	0.00012469118388779794	3.7629669090212145e-05	0.0027865042301362117	-0.02285570318527404	-0.008105613300284127	3.7277858325331073e-05	-0.001942251996767266	0.008568823724823735	-2.9743811346898893e-05
6.41	-0.00029539179836652723	0.00016575757395228229	0.0031880151474432956	7.693450360648525e-05	0.00010733421387719564	0.0027865994050148167	-0.012221462202148392	-0.02072154138479325	-1.6218556998133363e-05	-0.0072269206466752615	0.00479835901283846	6.65209072304793e-05
6.42	-0.00033648125075430867	-6.446570131591314e-05	0.0031873120728759773	-8.081825107566599e-06	0.00012551188709362742	0.002787356312620666	0.004329767072312002	-0.023364823217556705	-0.00010325356161652479	-0.009044205840797598	-0.0013049269070100253	0.00010167750229425943
6.430000000000001	-0.00021609590178182917	-0.00026358401052652337	0.0031860600794264013	-8.94457939209098e-05	8.338269853385365e-05	0.0027886884734602568	0.018692621453975527	-0.014786424310532039	-0.00012500490001848754	-0.006549774029159441	-0.006751502086598441	0.00014329882007977013
6.44	7.185663534554749e-06	-0.000336452152951482	0.003185576639234238	-0.00012805791925390032	1.6446876117880995e-06	0.002789468421391161	0.024113443862801405	0.000801181926634716	3.24278731847402e-05	-0.0008486509570083832	-0.00892207420443045	1.0416405117851284e-06
6.45	0.00022749587906880042	-0.00024871568692638323	0.003186672919474481	-0.00010529446523139404	-8.035267211743436e-05	0.0027884892518417336	0.018075449346894926	0.016027302372548763	0.00015524373288010657	0.005214654940896901	-0.006820228453091331	-0.0001401792069928773
6.46	0.00033912414296321836	-4.17660757858863e-05	0.003187698897760515	-3.218272484986688e-05	-0.00012368967199484463	0.0027872566918688236	0.0032888147119146897	0.023601303937937492	2.9293773030145747e-05	0.00882783278366358	-0.0014897913260455266	-7.957428858053388e-05
6.470000000000001	0.0002877059723636933	0.00018485132002065918	0.0031873104491037863	5.680834702298208e-05	-0.00010789396539479349	0.002786903763154537	-0.013138108281692392	0.01980095085234804	-9.116841309001763e-05	0.008211886376186651	0.004516641736552445	1.5102771050181304e-05
6.48	9.809275548032495e-05	0.0003224600824506725	0.0031866665033147144	0.00011865520501490782	-4.060846052840665e-05	0.0027871020680025524	-0.023191298290095433	0.006570604166601317	-2.211769939904504e-05	0.003664435124081126	0.008349871805709598	-1.5373515253723294e-05
6.49	-0.00013850802375874876	0.00030578060707105214	0.0031869762182872106	0.0001240891814294522	4.575977675092229e-05	0.0027867891871418667	-0.022162234961734546	-0.00978494261814512	7.567701088268111e-05	-0.002643554000096407	0.008192864622449487	-4.234003281191351e-05
6.5	-0.000308851252422374	0.00014224135710089113	0.003187269295467276	6.991906614453697e-05	0.00011019027587396948	0.0027866391080275466	-0.010457346622619646	-0.021536933978242453	-1.5113255794184141e-05	-0.007753794618684888	0.004151419022918298	2.5902096618282253e-05
6.510000000000001	-0.00033045785783212606	-8.960753662677363e-05	0.0031866843309582725	-1.827175535295485e-05	0.00012183242607607924	0.0027874307850870497	0.006293085411768068	-0.022862447744989262	-0.00010336600057998056	-0.009123736567238416	-0.0019066605091252308	0.00010878102043834533
6.5200000000000005	-0.00019347651216554366	-0.00027797977264670804	0.003185988105791424	-9.759846996954791e-05	7.522026228618295e-05	0.0027883673475479808	0.019927940614224857	-0.013255126694198111	4.548116180089121e-06	-0.006064581638834863	-0.007020238938544415	6.299040651152529e-05
6.53	3.602359552232108e-05	-0.00033329652157752625	0.0031866645270749155	-0.00012983908103552616	-6.882000061700515e-06	0.002788629168904746	0.024056641707460028	0.002651287407657386	0.00013530641786077018	-8.806289812069668e-05	-0.00871791560542184	-4.922417786866191e-05
6.54	0.0002486520224868136	-0.0002291944811796955	0.0031882089034241255	-9.936407443282723e-05	-8.523323639877542e-05	0.0027879068341601036	0.016640070082041932	0.017314037063850797	0.0001395993699559353	0.0059143516368049135	-0.00629881275125418	-9.157090684419481e-05
6.550000000000001	0.00034172887625365115	-1.5146595373867081e-05	0.0031888561272152673	-2.097733470740184e-05	-0.00012249652661173294	0.002787540922412736	0.001165713662874594	0.02370156704604897	-1.9466988127299222e-05	0.009095892515712342	-0.0008548410537408572	6.372706427960211e-06
6.5600000000000005	0.0002704557553789901	0.0002060234733634071	0.0031878325449268205	6.794536792224129e-05	-0.0001009604269327183	0.00278758046153357	-0.01482217755127873	0.018668351699495236	-0.000124065784592411	0.00790368643071528	0.004975943751823533	-3.380525644871982e-05
6.57	6.969696046661654e-05	0.0003282405882751234	0.003186840065215166	0.00012433199759665962	-3.114148340750474e-05	0.002786853597962193	-0.023652028367951747	0.004785790767951893	-5.119859935582581e-05	0.002891321066498806	0.008410910861952434	-0.00011420404669434519
6.58	-0.00016468481406927514	0.0002936662950851602	0.0031867905404457195	0.00012115573715219886	5.363413238240925e-05	0.002785534234746684	-0.021252121062889942	-0.011430034128855697	6.865598500026065e-06	-0.0035077414931046678	0.007839759601071557	-0.0001145751889740014
6.590000000000001	-0.00032021040210727844	0.00011783848427364747	0.003186684987547545	5.965962687499672e-05	0.00011288510081286805	0.0027853205357486754	-0.008515713800600231	-0.02225340449886982	-3.051817042544923e-05	-0.008272380086870002	0.0035110328912345604	7.324568744738428e-05
6.6000000000000005	-0.0003213109176775741	-0.00011470495123845663	0.003186119703603309	-3.0847757284185444e-05	0.00011815655752499856	0.002786727119354576	0.00830290148613526	-0.022281599793270455	-5.479809817177382e-05	-0.009041525011633165	-0.002517625471013677	0.0001723264473839558
6.61	-0.00016824506051514734	-0.0002917661210301656	0.003185999972060132	-0.00010649343103204351	6.677877111224176e-05	0.00278880725849066	0.021018503824759244	-0.011686681206079047	4.298897141127843e-05	-0.005452995746745295	-0.007332786626772353	0.0001836531394118759
6.62	6.544446944259849e-05	-0.0003295247808716813	0.0031871895255407632	-0.0001308528122972499	-1.631793081905579e-05	0.002789957024706929	0.023756264968981818	0.004472906945478632	0.00017792746328493844	0.0007615365270670109	-0.00860305625291584	3.7744567269178635e-05
6.63	0.00026820484050802556	-0.00020942361614722035	0.003188652403177283	-9.238942782250367e-05	-9.161572566060675e-05	0.0027898747755551157	0.015072501733073054	0.018543577532133516	6.52363579327372e-05	0.006605000673338737	-0.005821330857818084	-6.450542767625374e-05
6.640000000000001	0.0003421518894902534	1.1134209501877068e-05	0.0031886077054834785	-9.521337084663116e-06	-0.00012321607200115875	0.0027891509261494165	-0.0009083752696872294	0.023707712102149586	-7.968846443689377e-05	0.009258546209863735	-0.00023515963542129333	-8.718482698272314e-05
6.65	0.0002519364570702912	0.00022618071443794943	0.003187355420695952	7.785137439934295e-05	-9.585810963500647e-05	0.002788018721935848	-0.016341123164176775	0.017479966802366582	-0.00011600991561577635	0.0074626862429832555	0.005472643457169419	-0.00015991720346122325
6.66	4.139760149694619e-05	0.0003329217712153829	0.0031866658952770886	0.0001277252356836607	-2.2634177673272888e-05	0.002786112257913926	-0.02401927878194285	0.0029666300566391	1.4451238720180958e-05	0.0020910327189296828	0.008578474772154975	-0.00017556448146454473
6.67	-0.00018913743202400414	0.00028034385526637797	0.0031869860068465213	0.00011639915186375126	6.178840427966042e-05	0.0027849494755528177	-0.020142096992007225	-0.013042181122894245	2.472500860213838e-05	-0.004266598229538355	0.007596010098114592	-2.696482571350733e-05
6.680000000000001	-0.00032869480458936386	9.318964619268707e-05	0.0031869555163858455	4.920648644606413e-05	0.00011701356552118115	0.0027855226857795524	-0.006576232995171425	-0.02282850689442533	-5.414705282422401e-05	-0.008635287248080372	0.002972588334406888	0.000145874086757111
6.69	-0.00031018839550677016	-0.00013884286159059788	0.0031862127869104182	-4.208623656097086e-05	0.00011650753163150661	0.002787584779808555	0.010108979071238965	-0.021645082442437326	-6.0957547045894084e-05	-0.008850834179470694	-0.0030735111356123375	0.00022961844926305157
6.7	-0.00014331900209259437	-0.00030440914326897275	0.003186195952502416	-0.00011317998821503569	6.0408936945345265e-05	0.002789586381204813	0.021880867513535476	-0.010113952169537888	6.390886358655837e-05	-0.004784504582545379	-0.00768398043362906	0.00013669405476908475
6.71	9.227775826702183e-05	-0.00032477798898313307	0.003187134769384222	-0.00012989478909505075	-2.4393893247835733e-05	0.0027898599155927357	0.02326172486308208	0.006213601165552766	8.821119578213544e-05	0.0015692854417952923	-0.008574150605275908	-4.1674137382502294e-05
6.720000000000001	0.0002837079102620839	-0.00018964684488761925	0.0031880514823059538	-8.453019953780986e-05	-9.728174450455035e-05	0.0027891517665018153	0.013420352281052242	0.019663862209705382	4.654933882802562e-05	0.007143707987007196	-0.005402055493354599	-7.626620056089364e-05
6.73	0.00033880140055381056	3.630695033378668e-05	0.0031879520804323305	1.3753415323089151e-06	-0.00012358798554234116	0.0027882940960019553	-0.00284410440932899	0.02362518962061644	-6.466283514563959e-05	0.009330202531274208	0.0003725651750952908	-6.596122422169399e-05
6.74	0.0002313070578728972	0.0002447726425437824	0.0031872941597418133	8.674263692670484e-05	-9.070654501392197e-05	0.002787293647211411	-0.017714636498937106	0.01634345732201947	-3.4249983693948363e-05	0.00700865982710315	0.005956251349954975	-0.0001383313652668153
6.75	1.3042645566206459e-05	0.00033659271148484666	0.0031872821147956613	0.00013025378348032805	-1.4462919672732864e-05	0.0027860357828354497	-0.024119639326570585	0.0012277133482560443	3.1588773557175336e-05	0.0013548770623641507	0.0086875351546211	-0.00011541704934686826
6.760000000000001	-0.00021166879052619928	0.00026693524070544873	0.0031872330387092414	0.00011144029363713955	6.910733459431265e-05	0.0027853273003434404	-0.018927600831840707	-0.014586070400330484	-8.920081996070547e-05	-0.004956419118096344	0.007319201255353724	3.571115362132813e-05
6.7700000000000005	-0.0003347029533769541	6.840865424238545e-05	0.003186019352999911	3.8842747983768116e-05	0.00011992337983973572	0.0027864949736193445	-0.004668267487502847	-0.023431928168908614	-0.00012128239589682878	-0.008947325143712081	0.002396449760413529	0.00019367146969720845
6.78	-0.00029741380900070503	-0.00016316247730488752	0.003185081903001611	-5.255863808189833e-05	0.00011291403439974866	0.0027887433077689234	0.011764259458265407	-0.020944617335018807	-3.8164020978225277e-05	-0.008532476914406752	-0.003713261192547342	0.0001992778800062145
6.79	-0.00011825819999984235	-0.0003168364811817385	0.003185695022161637	-0.00011816045409366114	5.202024190064248e-05	0.0027899600042491	0.0225932591409409	-0.008493026764581968	0.00015736055764187164	-0.004043684115060619	-0.007951138145489207	4.2102199735630085e-05
6.800000000000001	0.00011771520400933832	-0.00031890318492114745	0.0031876918116923395	-0.00012676304696117158	-3.334746088222713e-05	0.0027897346201777476	0.022621364880003818	0.008118905211294226	0.00020060970045010152	0.002388295412833262	-0.008426421997389376	-7.694820100845586e-05
6.8100000000000005	0.00029739273231088576	-0.00016747520474070452	0.0031890425703652724	-7.432431784155741e-05	-0.00010267212124625308	0.0027889316402859854	0.01178903275322931	0.02090446080577241	2.4091930710165058e-05	0.007651066824139252	-0.004874416183325398	-9.448057364758794e-05
6.82	0.00033416576053475907	6.450974711218283e-05	0.003188660509190815	1.400477112333202e-05	-0.00012286580934173786	0.002788013157396736	-0.004736931462253457	0.023553626675444864	-9.61343651640714e-05	0.00925230502972152	0.0010084058373429103	-9.929899344224004e-05
6.83	0.00021052409507490657	0.0002654275752289002	0.003187550212145175	9.580506071011611e-05	-8.413945576482652e-05	0.002787090055635757	-0.01894602577690857	0.014942704290733229	-9.952791095044645e-05	0.006407177333329428	0.006422554863864585	-9.303699357050917e-05
6.840000000000001	-1.4071149732428597e-05	0.000339110324963386	0.0031866734041556552	0.00013190032687944992	-4.77029681954158e-06	0.0027862421267055167	-0.024091423160566734	-0.0008244065358525962	-9.065590900834717e-05	0.0004866808034664821	0.008789662144073155	-5.801202946394061e-05
6.8500000000000005	-0.0002319496622196453	0.0002502000230447402	0.0031858164158938855	0.00010471424159413168	7.7016064242194e-05	0.002786532895519466	-0.017670326523773608	-0.016203649996134904	-7.222167765256705e-05	-0.005699645513113357	0.006914545988403803	9.390420041235112e-05
6.86	-0.000338336870267429	4.128476175554847e-05	0.0031850996358114233	2.7129543868346345e-05	0.00012186689473970316	0.0027877799815276562	-0.0027521356353578464	-0.02378795103740433	-3.3523033493568756e-05	-0.009134270824480973	0.001676409377069223	0.0001517432045466961
6.87	-0.0002826294648401125	-0.00018710388014350096	0.0031854054571261886	-6.300568267171469e-05	0.00010839593468524094	0.0027890392198079935	0.01342461336727896	-0.019987689474766764	0.00011222103481190794	-0.00814541727962144	-0.004257576085782641	9.652963831350514e-05
6.88	-9.146635076132773e-05	-0.00032619324407783944	0.003187276047067882	-0.00012246487742835173	4.3573171656600424e-05	0.002789158071742276	0.02320169467603585	-0.006673488476649605	0.00022301491495468385	-0.003230757424233892	-0.008186617686643922	-7.0925286198303e-05
6.890000000000001	0.00014370799283254732	-0.00030925018234782863	0.003189170307465612	-0.0001228711696400524	-4.188373842020179e-05	0.0027879493914975827	0.021855792938498885	0.009920045681151936	0.00012982561027901005	0.0031583958179756577	-0.008210957118583767	-0.00012189302263190128
6.9	0.000309855490218149	-0.0001437534925965559	0.0031893157234819734	-6.400448500404394e-05	-0.00010746678781249787	0.002787035909523392	0.009984919608677648	0.021789079307650047	-8.925769430352666e-05	0.008131543348212965	-0.004373627757937599	-3.332146852918655e-05
6.91	0.00032720566319178606	9.095748435118652e-05	0.0031877799013054976	2.6196014114391457e-05	-0.00012193814402226429	0.002787008544380811	-0.00663565661035561	0.02320419448803739	-0.00020210828960273868	0.009149721737611987	0.0015971465743714018	1.584739456443854e-05
6.92	0.000187868027680084	0.00028249848035562757	0.003185917442492548	0.00010380129871213805	-7.81100385194702e-05	0.002786980352731481	-0.020057009801282707	0.013480970001861154	-0.0001509185905375679	0.005737523811675015	0.006807568758999192	-1.1924119339829861e-05
6.930000000000001	-4.178984433837995e-05	0.00033865329793260606	0.0031846941466224924	0.00013162290628966232	3.2525826295477885e-06	0.0027870168299795974	-0.02393826466113202	-0.0027247844944714686	-7.306655967854897e-05	-0.00037980078266226997	0.008792943229430557	5.8826418591509954e-05
6.94	-0.00025202120279943356	0.00023238474160563658	0.0031847316492542434	9.649567103380169e-05	8.329988678223928e-05	0.002788035853406817	-0.01633072455205555	-0.01761627513066927	5.635191142898277e-05	-0.0063315077691537	0.0065398150583521365	0.00013395743469848956
6.95	-0.0003415562282809907	1.4725759420614493e-05	0.003185869174826246	1.53783066683614e-05	0.00012367738126929626	0.0027893313261992594	-0.000825021066114411	-0.024060186552631518	0.00014272596544857987	-0.009196274203625635	0.0011923303449088466	8.712034326601726e-05
6.96	-0.0002675541839964556	-0.00020978768400418274	0.003187646950780609	-7.277140118236334e-05	0.00010506756944379869	0.002789732285046324	0.015022590151201201	-0.018943409738333788	0.0001942410461109785	-0.007689602142794424	-0.004736842757167027	-1.410415491048275e-05
6.970000000000001	-6.526796318929691e-05	-0.00033357903876203506	0.0031894380816227903	-0.00012592855281010567	3.635870956679415e-05	0.0027889047478984433	0.023747064907628738	-0.004767399950024099	0.00012695753206355982	-0.0025127838617539	-0.008425156239556324	-0.00012256434701640305
6.98	0.00016842390205990356	-0.0002970419012420479	0.0031895893985460586	-0.00011825568009396184	-4.9951540269967304e-05	0.002787854712462462	0.02102990777621422	0.011778924162119248	-0.00011826234260634129	0.003970482759527713	-0.008099361305523368	-8.630360788237626e-05
6.99	0.0003209103337912022	-0.00011750027195348444	0.003187361689876603	-5.3293739409556105e-05	-0.00011244247614086834	0.0027871996797780053	0.00817902453459086	0.022602245910587727	-0.0002888537640562396	0.00848469378201936	-0.003865984694756254	-5.886571704320992e-05
7.0	0.0003190516808695781	0.0001182245335114403	0.003184845188012015	3.7313036409531585e-05	-0.00012118178562809149	0.002786844126276051	-0.008512362584659415	0.022572966828034505	-0.00016930902516367475	0.00888117158281155	0.0021947242259459203	-1.9020882226973493e-05
7.010000000000001	0.0001646134007283407	0.0002976184135245559	0.0031843639733129757	0.0001096342707816197	-7.200203024135671e-05	0.0027869312249514827	-0.02111568425261438	0.011802986281470515	6.658994282196997e-05	0.004978695144491682	0.007237056086735553	1.7444111834509695e-05
7.0200000000000005	-6.884698716462161e-05	0.0003347351305484848	0.003185760754874584	0.00012938450905742297	1.1687873218049936e-05	0.002787389992273002	-0.023604867754754934	-0.00470782793248738	0.0001869555944131768	-0.001223491138972468	0.00881803803488427	9.778476210497826e-05
7.03	-0.00026918350240777173	0.00021112484544465984	0.0031874602946543778	8.712412209732775e-05	8.994438188624102e-05	0.002788779058586169	-0.014781462038084014	-0.018979542570643906	0.00012460978822795963	-0.00687326835715874	0.006196282398036522	0.00016638450990009613
7.04	-0.0003403481280582832	-1.3542831548379101e-05	0.0031883983548339936	3.1888519098830496e-06	0.0001253789608371718	0.0027898318689213155	0.0011268653793695125	-0.024080178796554302	5.736568819509653e-05	-0.00920023573732973	0.0006091853592023237	3.880435018078701e-05
7.050000000000001	-0.0002484911134426872	-0.00023148560563714292	0.0031884117164394273	-8.227783998043944e-05	0.00010087059926691673	0.0027895352800333213	0.016471867386491756	-0.017702663700838096	-3.150563241374363e-05	-0.007191105024132089	-0.005324127001582133	-0.00011478233005852398
7.0600000000000005	-3.758344774200815e-05	-0.00033866251880081073	0.003187719160215461	-0.00012836297954618736	2.800565144553072e-05	0.0027881484143987955	0.0239380454974994	-0.0028090990857682937	-0.00011472108558279698	-0.0016745290073135206	-0.008636080881314586	-0.00015093116971167452
7.07	0.00019134074746942332	-0.0002829438588424222	0.003186049850694803	-0.00011308206544359013	-5.840568119578129e-05	0.0027870495574179423	0.019916031132469147	0.013468047605171063	-0.0001861714260312103	0.0046197351912744666	-0.007904924277881756	-6.763846078352537e-05
7.08	0.0003283485422733459	-9.135099295560454e-05	0.003184469605231675	-4.36829138913889e-05	-0.00011703762782949046	0.002786681976451899	0.006335140020881426	0.023224793024111016	-0.00010557085310501342	0.008682518946926843	-0.0033404482029681655	2.630400521767713e-06
7.090000000000001	0.0003079684472520535	0.0001437991923546146	0.0031841557847401875	4.636380302643665e-05	-0.0001195547026672886	0.002786923765675186	-0.010235603938486179	0.02184367330597757	7.12039900738561e-05	0.00857577431967956	0.002845037184693005	5.867615570508953e-05
7.1000000000000005	0.00014009511249091447	0.00031002000349298156	0.0031856769040773778	0.00011375705433641631	-6.478615309217434e-05	0.00278752619491961	-0.021949176092079876	0.010010392342737054	0.0001922352969520758	0.004360756673924519	0.007665317666444276	6.270761029774387e-05
7.11	-9.510673385441949e-05	0.00032767669745115255	0.0031876490852195036	0.00012656820051718944	2.142443353392635e-05	0.0027882916171418654	-0.023104800618934853	-0.0066196511790347036	0.0001926002410250794	-0.0019034664545765556	0.00886559608266137	9.765040458082776e-05
7.12	-0.00028464013883616046	0.00018825334062418745	0.003188770840971797	7.854938286011354e-05	9.773749187273645e-05	0.0027889910771600975	-0.013164011783983683	-0.02005828525807362	4.8046650492724315e-05	-0.007280087147636038	0.005757733710412145	3.484037679682944e-05
7.130000000000001	-0.0003376355375526413	-4.131799787749317e-05	0.0031885935532141277	-7.236227784433388e-06	0.00012728132835396932	0.002788859501028463	0.0030248309228513535	-0.02391682162796295	-6.330722974522534e-05	-0.009146301529285191	-0.00012505917546160562	-7.26000939153769e-05
7.140000000000001	-0.0002289900409626054	-0.00025109843468301517	0.0031876533278733486	-8.949273922675864e-05	9.558443627454686e-05	0.0027878126036699224	0.01781791630590791	-0.016260838388613023	-0.0001375607505222599	-0.00661534992615917	-0.005953006750242164	-0.00013164442142950562
7.15	-1.0057163686413872e-05	-0.00034011495894947254	0.003186339731263304	-0.00012894458076307593	1.7891513389894502e-05	0.0027867999881627113	0.024110559138243365	-0.0008127209518663215	-0.00013467579049379968	-0.0009243043540978667	-0.008909008737398404	-8.153657621578879e-05
7.16	0.00021382042661400292	-0.0002660778932504249	0.0031850004649759634	-0.00010639033583321951	-6.822170557461201e-05	0.0027865543906589194	0.018778072333184733	0.015000326442269549	-0.00010386206726950498	0.005233378506641922	-0.007597024923696622	3.1806729972084014e-05
7.17	0.000334862650360965	-6.444344267192091e-05	0.0031848381727067193	-3.2628914832856537e-05	-0.0001215025481626357	0.0027872911867622982	0.004406503127940077	0.023634961980601613	7.21536192579933e-05	0.008884834260382165	-0.0026190860694323575	0.00011488974270966505
7.180000000000001	0.00029494834482822853	0.00016831298259479912	0.0031862979248040517	5.6908915097208185e-05	-0.00011623897547572225	0.002788448503910962	-0.012033875120315993	0.02096746525866407	0.0002075665632050959	0.008245999256270084	0.0036060151429151603	0.00011123436852013479
7.19	0.00011365943073716701	0.00032084420656731017	0.0031882832278591396	0.00011906248582723041	-5.5570003784858594e-05	0.0027893469219885036	-0.022723508726140883	0.008238674847220854	0.0001817664918293415	0.0036521012558369905	0.008040079843534128	6.470932201849228e-05
7.2	-0.00012262920094350592	0.0003194156924240182	0.0031892393971825164	0.00012390641243170306	3.1713874583492e-05	0.0027897992308640067	-0.022529602807238036	-0.008493322208732435	-2.0302023374082363e-05	-0.0026835170247389148	0.008709622606231758	3.6121395175348494e-05
7.21	-0.00029997659956803446	0.00016473468905016083	0.003188042976303286	6.971567741311092e-05	0.00010430324192332417	0.0027899095879363733	-0.011451545778060375	-0.021139202563368816	-0.00016560312608436838	-0.007705369626319608	0.005197928115203906	-1.9528386300450954e-05
7.220000000000001	-0.0003332106989828674	-6.910455639945371e-05	0.0031862219605945765	-1.753768353359766e-05	0.00012700127462435032	0.0027893459920261387	0.005071770596270092	-0.023654586402591295	-0.0001519515571980613	-0.00901792909551271	-0.0008484117992128925	-0.00010510758037779153
7.23	-0.0002069331993235796	-0.00026999789195091093	0.0031853108503104395	-9.599253298344614e-05	8.861739767206705e-05	0.002787886133136927	0.019150774353685895	-0.014826615490130618	-4.8825963349228284e-05	-0.006026593642309142	-0.006476338453210501	-0.00017425865158195622
7.24	1.8851558004322984e-05	-0.00034155603030640845	0.003185160844823729	-0.0001284569478166121	7.995967879837609e-06	0.0027865567023054945	0.024080603495902658	0.0011258891744945472	-2.719731257671008e-06	-0.00019594511854406556	-0.009003041133205544	-8.636749623055873e-05
7.25	0.00023550064720734602	-0.00024917300213017185	0.0031853427159061493	-9.920869052684582e-05	-7.656847721532546e-05	0.0027863862104649697	0.01740284575793328	0.016574330172569884	4.350906234347963e-05	0.005795681012774951	-0.007197581368390654	2.9375880781142532e-05
7.260000000000001	0.00033884000624925353	-3.7224468106304e-05	0.003186107722401302	-2.2005839027144664e-05	-0.00012422440766910543	0.002787079296312522	0.002400747645632739	0.02401611858830459	0.00010349229028720339	0.008983005584499385	-0.0019340742707762099	7.044587683108092e-05
7.2700000000000005	0.00027975048111323546	0.00019237576694989476	0.0031872107168036843	6.551350444225375e-05	-0.00011210113483736339	0.0027878658855167537	-0.013721127330048974	0.019971805162292765	0.00013382240572984322	0.007805983978116036	0.0042397226499492026	6.570078051458994e-05
7.28	8.643562193105075e-05	0.0003296915919531056	0.0031880971501937407	0.00012142643056608174	-4.605453657556845e-05	0.0027884289743148705	-0.023311733930083504	0.006335525428727101	4.331860045383145e-05	0.0029063642101465124	0.008427954403728243	4.170684308719511e-05
7.29	-0.00014836134662500586	0.0003087619777426665	0.003187909399898282	0.00011937124275368172	4.2583292696710485e-05	0.0027887787105525226	-0.02165981026071577	-0.010347365409942435	-6.905071201553155e-05	-0.003324931338737092	0.008533992023063063	3.259193620744083e-05
7.300000000000001	-0.00031166087512678344	0.00013954612790444314	0.003186906207060374	6.02330377915787e-05	0.00011083898369314002	0.0027889888133889556	-0.009641690652221353	-0.022061241316649032	-0.00011021657400433525	-0.008000439431544567	0.004551559448730864	2.3559951896127957e-05
7.3100000000000005	-0.00032563353210432315	-9.676295469850898e-05	0.003185904835163529	-2.7554873924160815e-05	0.00012609856491783736	0.002788755461581754	0.006944780805081324	-0.02322045420722931	-7.142491442206927e-05	-0.008822554188309231	-0.0016288289809211192	-6.660684120586007e-05
7.32	-0.00018366069197512828	-0.00028713559727704916	0.003185798239828921	-0.00010193137390429481	8.091980035819433e-05	0.0027879203921541097	0.02023641886244511	-0.013237953994165424	2.9708098004969677e-05	-0.005425237202763775	-0.00702278610472613	-0.00010749576230829044
7.33	4.6281292478569765e-05	-0.00033955985047226647	0.0031862408870868436	-0.00012744122997702213	-3.0402293494969472e-06	0.002787217062391673	0.023782625806525088	0.003204814037330239	3.504794616512638e-05	0.0005485221603922036	-0.009061015152852975	-4.201360266625667e-05
7.340000000000001	0.00025378215619178214	-0.0002287744180440913	0.003186430308215933	-9.200499201354556e-05	-8.542816796966531e-05	0.002787274060338271	0.01594062935721284	0.018045300256071015	1.8889234489278307e-05	0.00625306164814532	-0.006708408661606307	5.157622704074319e-05
7.3500000000000005	0.00033933426215663885	-8.271525691797062e-06	0.0031866629704624355	-1.254278586395109e-05	-0.00012668935477974872	0.002787636393772891	0.00045766708582377195	0.024204517173239255	9.077248485296834e-06	0.008967063965658486	-0.0012023037824360704	6.852277314793181e-07
7.36	0.0002624047131916685	0.00021605899209819698	0.003186861336006533	7.286355027520094e-05	-0.00010752473562364376	0.002787654562966703	-0.015187408643343041	0.018776343123200423	2.3457996130160284e-05	0.007388038239922553	0.004902307154093108	1.4358017245212203e-05
7.37	5.9874720880448024e-05	0.00033667817948352204	0.003186715161387044	0.0001235777204033886	-3.675892001362456e-05	0.0027880937302452737	-0.023631062028619247	0.004348332637938476	-4.6636216681834095e-05	0.0023134234837466905	0.00867903383666693	8.381329161777723e-05
7.380000000000001	-0.00017164129728802158	0.0002958596457422158	0.0031860621716929883	0.00011517931820204517	5.155055491438343e-05	0.0027890689237646538	-0.020708749003887274	-0.012151302412715668	-7.97966460185073e-05	-0.003912861894479189	0.008254058400017104	9.296513483191922e-05
7.390000000000001	-0.00032094240845692335	0.00011334418785509311	0.0031857036793454495	5.177354698139081e-05	0.00011505202421020015	0.0027897723489328373	-0.007878178462421087	-0.02281913401493797	1.1789575343694699e-05	-0.008214687944055688	0.003908657860295182	2.745730348796272e-05
7.4	-0.0003167448556023254	-0.00012348563148248075	0.003186345669898948	-3.596623596973195e-05	0.00012350722586594001	0.00278921672797538	0.00869660683268879	-0.0225735894622398	0.00010570259330731829	-0.008590528849731393	-0.0022842761381019917	-0.00011862231241340484
7.41	-0.000160898394684461	-0.0003016293167994519	0.003187155705422523	-0.00010631164200470242	7.280938418421724e-05	0.0027879558217965344	0.02116034323041159	-0.01149860830429807	3.7851944127546095e-05	-0.0048890752156343425	-0.007447646612311412	-0.00012006536447333375
7.42	7.17685984810957e-05	-0.00033469062190857396	0.0031871704475433336	-0.00012580495601654198	-1.3256897245123703e-05	0.0027871090521345374	0.02341191653719456	0.005156919206930375	-8.220028294559827e-06	0.0011531206096088485	-0.009050043757537186	-3.164607676503432e-05
7.430000000000001	0.000269658746988308	-0.00020723417179000677	0.0031869935822473622	-8.510941157889458e-05	-9.345964054132902e-05	0.0027873014951342867	0.014501078047917195	0.019293805807777495	-2.800793276417442e-05	0.006663840731640331	-0.006288279182547825	3.488239413110912e-05
7.44	0.00033836923681169	1.9877341282478257e-05	0.0031867769575426195	-3.4454304705223198e-06	-0.00012893549798456764	0.002787768014694788	-0.0013442149794290854	0.02421679437594096	-2.28998097661468e-05	0.008973493075733916	-0.00047073630046013423	4.379667157018332e-05
7.45	0.00024509917857806226	0.00023773030402904848	0.003186548523280621	7.986567003442407e-05	-0.00010213477705664523	0.002788218982335844	-0.01655681402707976	0.017534732896731877	-4.0165162772525174e-05	0.006974680167447925	0.005597052520419185	4.946387750088991e-05
7.46	3.4094850702937865e-05	0.00034161206856474935	0.0031860605202577606	0.0001249373617603957	-2.6158094489244865e-05	0.002788784475967196	-0.02387171526912	0.0023752398490927457	-7.620846688790971e-05	0.0016364857293812807	0.008999581190235709	6.821057768717112e-05
7.470000000000001	-0.00019327874333785076	0.0002815474096560062	0.003185574898413949	0.00011006382248783064	6.277224744701199e-05	0.0027894393136594343	-0.019715603858229725	-0.01387932197741509	-1.2504473589573114e-05	-0.004460697466761256	0.008033035111900186	2.9628773286869306e-05
7.48	-0.000328547987207846	8.681283348772436e-05	0.003185970831294087	4.2811542476360084e-05	0.00012125727982171535	0.002789373264462198	-0.006174826759346783	-0.023449055138786087	9.416572916811418e-05	-0.00842075106370158	0.0031749011592823724	-5.890412743568273e-05
7.49	-0.00030656745154196625	-0.00014957836481689098	0.003187060456963642	-4.460576858523845e-05	0.00012136664664338325	0.0027884592191002966	0.010408051376460168	-0.021845178744703563	9.78410589373498e-05	-0.008329022357081675	-0.0031306602874098806	-0.00010920424208450777
7.5	-0.00013736348843032894	-0.00031437076318971424	0.0031876956947688457	-0.00011038959068699018	6.319161158228241e-05	0.0027876988144414443	0.021963922222847678	-0.00972492092178064	7.95631825929537e-06	-0.004292590932017746	-0.00800830463446511	-2.873375332273922e-05
7.510000000000001	9.73191390634461e-05	-0.00032793343891221254	0.0031872264035781163	-0.00012337358360460122	-2.5600196238853156e-05	0.0027875829609777486	0.02299393715176823	0.0071143098486037	-8.283170341339903e-05	0.0018145631451363772	-0.008998361193008658	6.259717054783204e-06
7.5200000000000005	0.0002854375272706691	-0.0001840658179006391	0.0031866049237364797	-7.703678549101526e-05	-0.00010202809702648368	0.002787556149320122	0.013023231407785075	0.02045057537509056	-4.729818930659199e-05	0.007054353343987614	-0.005659893255409339	-3.0005642317214253e-05
7.53	0.00033669457243305307	4.7880046520542974e-05	0.0031863830328156865	6.410579502386696e-06	-0.0001295007728675176	0.0027873228298508934	-0.003220447839346354	0.023989772199784137	3.5013799876580493e-06	0.008912347186748088	0.00040518043280443725	-2.076191143665224e-05
7.54	0.00022640290386874673	0.0002567528934856904	0.003186219643533512	8.677717859185845e-05	-9.485846458090358e-05	0.0027872038002364767	-0.01790368030150651	0.01604193223701049	-2.699256350166014e-05	0.006487387012555125	0.006222656672815817	1.4370999223343726e-05
7.550000000000001	7.614020584076827e-06	0.00034238228657761257	0.0031861796258465845	0.0001256863388609941	-1.4962186303783883e-05	0.002787681969791705	-0.024010599152930856	0.00037854660938031986	-1.3024021421367817e-05	0.0009814324073859633	0.009077399624112376	8.380161055502985e-05
7.5600000000000005	-0.0002147241010036403	0.00026404267368260875	0.0031861822296198952	0.0001045480741198589	7.199936878247714e-05	0.0027885080702586733	-0.018574034877733805	-0.015403720811842962	2.8929572511294293e-05	-0.005018577534727859	0.007572277852438695	5.9630337287510974e-05
7.57	-0.0003341075171660077	5.9348532662568955e-05	0.00318688084216397	3.3529900713239206e-05	0.00012419088656548424	0.002788812880557768	-0.004276014202536946	-0.02384444741891169	9.175218213498075e-05	-0.008600449422160164	0.0024278225826246005	2.1840174444393088e-05
7.58	-0.0002933554305761214	-0.00017395840838001109	0.0031876864480590195	-5.338114130164249e-05	0.00011667268990681871	0.002788751601659521	0.012090300706802693	-0.02086253695444394	6.848473538347123e-05	-0.008088949102255542	-0.003852075050865822	-1.5227046390541783e-05
7.590000000000001	-0.00011200733279202927	-0.0003238260659601656	0.0031879746082044864	-0.00011496850719769602	5.3356842495949255e-05	0.002788445133191351	0.022660293406564613	-0.007834606382463484	-3.75585781141115e-05	-0.0036895548159901668	-0.008285801164695844	-4.594450764158541e-06
7.6000000000000005	0.00012301060326923383	-0.00031804352242239246	0.0031871115026185833	-0.00012106774016870878	-3.570739868941369e-05	0.0027885859306295718	0.02236416825980412	0.008936684155665814	-0.00011830703628758961	0.0025114997305460732	-0.008771644282559532	5.628142182260796e-06
7.61	0.00029907618626538897	-0.0001596373888483347	0.003186118775343906	-6.904775000774744e-05	-0.00010784044492931584	0.002788356121966966	0.01138461811448542	0.021419863792516935	-6.556113692361848e-05	0.0074543937768188325	-0.005034735520989329	-4.2839827619822115e-05
7.62	0.0003320599433536006	7.561890137030624e-05	0.0031856533586728923	1.5947196226986945e-05	-0.00012821079116636286	0.0027877537280845935	-0.0050735475386719745	0.023662598469786227	-4.890113154225813e-05	0.008848464794541534	0.0011294452928404665	-7.219971631031651e-05
7.630000000000001	0.0002058746656158641	0.00027486797879620965	0.0031852738325175247	9.336472778079321e-05	-8.701198695606144e-05	0.002787409506713429	-0.01910994594131401	0.014501102258650157	-1.747404372638339e-05	0.005981342785697133	0.006742821565558396	-8.686753586908935e-06
7.640000000000001	-1.8796565873997997e-05	0.0003422342611597371	0.0031852195194732764	0.00012604610898749757	-4.211572517321606e-06	0.0027877055186984988	-0.023978309882733397	-0.0016106356159167115	2.005340663661608e-05	0.000262842640528138	0.009122832295388423	3.900043120933259e-05
7.65	-0.00023481846893217846	0.00024532844494067394	0.003185541030693718	9.826515222519176e-05	8.056427375603177e-05	0.0027879430324862487	-0.017416055829113288	-0.01698807324756988	5.22701159321088e-05	-0.00557520546274906	0.007128804903142061	1.4088787973718574e-05
7.66	-0.0003388950940866797	3.0492658788265122e-05	0.003186575823448687	2.3765424493593464e-05	0.00012649801345091422	0.002788160701381242	-0.0025080729089900864	-0.024184001988494422	0.00011131319636794848	-0.008726760385769496	0.0016784236007457054	4.1236817015890925e-05
7.67	-0.0002805646715741948	-0.00019913713920643422	0.0031873559244893156	-6.207696909819441e-05	0.00011153583801523134	0.002788861513572124	0.013704381821502506	-0.01980049826276613	4.356305520842085e-05	-0.0077280160527974625	-0.00454666562165539	9.328756190556192e-05
7.680000000000001	-8.723894160023186e-05	-0.0003331372457564287	0.003187317785980928	-0.00011815213130646439	4.2754228414226455e-05	0.0027899110149529607	0.023332212230075516	-0.005876563458042727	-5.780330205966715e-05	-0.003005606367514435	-0.00860857105467374	6.252428497425672e-05
7.69	0.00014793890852378037	-0.00030741594560734255	0.003186765381524632	-0.00011768156901355074	-4.644851273252022e-05	0.002790010067338388	0.021744097817196884	0.010815765945743272	-1.9579576545599697e-05	0.0030834903344316654	-0.00851101935774209	-5.1831205205669594e-05
7.7	0.0003124873290064662	-0.0001344989145706461	0.003187150769765938	-6.131049315402741e-05	-0.00011340515772805904	0.0027890527992759486	0.009775571039414848	0.022321058447653676	5.188489020533567e-05	0.007709153575565849	-0.004332735594453398	-0.0001306407475544898
7.71	0.00032719491543864725	0.000102777023016843	0.0031874679970718086	2.4422830539372456e-05	-0.0001259989001214901	0.0027879441092261946	-0.006950290634414325	0.02312176958958742	2.5361926375825785e-06	0.008689912318896084	0.0019213234023351526	-7.514408558724558e-05
7.720000000000001	0.00018477336407565206	0.000290281961840439	0.0031871499530228714	9.84913566244311e-05	-7.796792008067005e-05	0.0027875780431061243	-0.02032270496320303	0.012786681719093872	-0.00010239789372976984	0.005490696446528132	0.007257881077502016	6.6491694013723905e-06
7.73	-4.6054878243275254e-05	0.00033795251641720157	0.0031859832840050086	0.00012513491361942593	7.396635875557406e-06	0.00278759031628969	-0.02390900600110557	-0.003637726517351681	-9.756200626210219e-05	-0.00038214941296785363	0.009096228988255326	-1.2320953188577405e-06
7.74	-0.00025482532390281947	0.00022349673175467273	0.0031855930571483477	9.160502196660318e-05	8.921628517625711e-05	0.0027875665661819013	-0.01608190489841426	-0.018286408075664576	2.586024422733315e-05	-0.006021630879304287	0.006557778250104712	1.064759692777042e-06
7.75	-0.0003413565860789536	1.932940062485706e-06	0.003186096556190679	1.4261285858055608e-05	0.0001282072806365828	0.0027876219683517015	-0.0005022637851634851	-0.02417307326778823	7.024423962907597e-05	-0.008774156342288177	0.0009033960938163244	2.495842653219437e-05
7.760000000000001	-0.0002638828779437626	-0.00022030453807943607	0.0031866954299086016	-7.005186085259686e-05	0.00010593564103497424	0.002788129748991051	0.015354683640866677	-0.018410033840943474	4.214390373681793e-05	-0.007367808547944969	-0.005177162644088069	6.045106692818013e-05
7.7700000000000005	-5.966568940702765e-05	-0.00033645310933318575	0.0031870265506498837	-0.00012074541981267991	3.277415617135082e-05	0.0027890490722351988	0.023790230353237053	-0.0038507374755211454	4.7776519164077334e-05	-0.0023499370581369938	-0.008846027212455875	0.00010431380728616103
7.78	0.0001731863736791429	-0.00029124523144880915	0.003187303782675752	-0.00011347989625821791	-5.624077921211433e-05	0.0027895616019432802	0.020819410873010084	0.012528066451150548	8.366782998937463e-06	0.003723476903136409	-0.008207671506164978	-2.3838129840786644e-06
7.79	0.0003231037693644114	-0.00010615403654834976	0.0031874191053804426	-5.223315127022319e-05	-0.00011809602777074819	0.002789096597242905	0.007899974021704023	0.02293082349218577	-2.2031323674006444e-05	0.00801912990964064	-0.0036669349786732706	-7.888630070275956e-05
7.800000000000001	0.00031796186239194655	0.00012985056384925164	0.003186749234394453	3.417719436822132e-05	-0.0001233472805252959	0.0027883623122478937	-0.008907169027383768	0.02226552509118498	-9.621755243163302e-05	0.008514122416818601	0.0026461714281751834	-4.526745320734005e-05
7.8100000000000005	0.00015968097465193673	0.00030307327905608646	0.003185763948518503	0.0001042699266800489	-6.937497109773498e-05	0.0027880563717056963	-0.02139028651671154	0.010929300539860807	-8.568786060020553e-05	0.00489318306721672	0.007673998343989323	-1.1835402918437517e-05
7.82	-7.501308654238175e-05	0.0003308433416555463	0.0031850932350305306	0.00012445982769272734	1.7564467024017986e-05	0.00278780308629978	-0.023573917701367755	-0.005608062681498555	-2.5811865335225476e-05	-0.0010491356033010737	0.00897102742422059	-2.2932773862140696e-05
7.83	-0.00027376256205121626	0.000200181325768925	0.003185515986303299	8.499804188460798e-05	9.571680602273188e-05	0.0027875692857520394	-0.014505334275890689	-0.019445712141168178	7.356874591319827e-05	-0.00649228460631888	0.005990563905946229	-1.2892696924831875e-05
7.840000000000001	-0.00034154565910952706	-2.667519489383561e-05	0.0031864282541505537	4.8691004293544006e-06	0.00012791558557435052	0.002787692102684859	0.0015482791191604103	-0.02397239185694576	7.154064115284595e-05	-0.008867406160104665	0.00017149560243160606	4.561000602467104e-05
7.8500000000000005	-0.00024526707589709733	-0.00024043864902039859	0.0031868507566423726	-7.791168068035512e-05	9.879693412787207e-05	0.0027883638659605024	0.01688688413605982	-0.016978958732207783	1.3671964160360237e-05	-0.006992796579258945	-0.005757813949832536	6.493326197412124e-05
7.86	-3.1311208264469864e-05	-0.0003387514148972966	0.0031867767256272086	-0.00012353012821816688	2.2187508266727557e-05	0.002788887842198667	0.024103320426736224	-0.0018682158861099078	-2.043960385024022e-05	-0.0017272606711619192	-0.008910598710729585	3.1860790816795204e-05
7.87	0.00019762712622789649	-0.00027505764580788557	0.0031867710881778566	-0.00010985373380823322	-6.500861313035111e-05	0.0027886349593193834	0.019773297779326834	0.014085014747560994	3.593806531693551e-06	0.004338909165032963	-0.0077928946492421495	-8.256785073407933e-05
7.880000000000001	0.00033201777259000585	-7.951119500571408e-05	0.0031870541379360176	-4.335977870580483e-05	-0.00012105020319302278	0.00278771605606603	0.005961691813321929	0.02337772096563282	9.293259750508734e-06	0.008388478793754522	-0.002940290083284082	-0.00011202212796734316
7.890000000000001	0.00030690083688260925	0.00015442559562175656	0.0031866583357145757	4.423567620113757e-05	-0.00011875022960032955	0.002786919414582608	-0.010767109467083395	0.021430081533451224	-9.786125281372386e-05	0.008391106253104597	0.0033764206901377596	-2.435041711846601e-05
7.9	0.00013443876979370671	0.0003139098314167998	0.0031854229221343717	0.00011070843836363985	-5.905497648205436e-05	0.00278724378631286	-0.02226231553212853	0.00914190304622689	-9.856290952864663e-05	0.004356451658271712	0.008050622720934982	8.55532157486529e-05
7.91	-0.00010248533087136688	0.0003225679324744648	0.003185111263767575	0.00012419947945649737	2.8783789682795678e-05	0.0027880817528705792	-0.023124819050538873	-0.0074736529614788235	5.1167511961856616e-05	-0.0017420858460057676	0.008776881338312297	7.54979644188104e-05
7.920000000000001	-0.00029047835383912585	0.00017687299372627665	0.0031859811264823186	7.848429521975376e-05	0.00010215548951382848	0.002788648432331387	-0.012890368341581544	-0.02048384819445678	0.00010556118878066067	-0.007039028139841505	0.005286609171015293	3.4413307860412724e-05
7.930000000000001	-0.0003392888637550848	-5.3581246140093565e-05	0.003186896595174909	-4.965450170778734e-06	0.00012633353495883785	0.0027890267534565727	0.0035559492567912546	-0.02367269078132313	6.22803065348936e-05	-0.008958751815204401	-0.0006674636940476703	2.8547847909382067e-05
7.94	-0.0002251873016377731	-0.00025799545380181753	0.0031872065213607616	-8.606989027173084e-05	8.999865848291631e-05	0.0027892526144833968	0.018273343829160377	-0.015497797352319468	7.320648411123452e-06	-0.006558532821723492	-0.006291985522657217	5.419556102430779e-06
7.95	-3.3179369598205195e-06	-0.000338494015332637	0.003187070647707597	-0.00012569610826064658	1.078130202197791e-05	0.002789011355711278	0.02422917378314652	5.916737243687019e-05	-2.1007505441057566e-05	-0.0010292836020556978	-0.008898600858341004	-6.638428398413722e-05
7.96	0.00022035360276737186	-0.0002567883869898203	0.0031869543813199566	-0.00010496950781746941	-7.348481642971872e-05	0.0027878445727626613	0.018611458651084847	0.015602789673696358	-1.254298970862479e-07	0.004990623819652826	-0.007226686006511961	-0.00015500604053500728
7.970000000000001	0.00033846769353774466	-5.198665417702054e-05	0.0031867377805170584	-3.352111111376687e-05	-0.0001223051907149176	0.0027867307140674374	0.004000921369319799	0.023626012252361422	-6.2189532516263e-05	0.008681630331514726	-0.0021201720710056437	-6.432238804865031e-05
7.98	0.0002938614178724215	0.000177189877195982	0.0031857001190365533	5.434804899797892e-05	-0.00011265276942422772	0.002786696008951271	-0.012542642350830491	0.020311063709976204	-0.00011844397800800073	0.00816370395984009	0.00399551706848835	4.342204984427321e-05
7.99	0.00010840084133250336	0.00032139047676978214	0.0031849011255704242	0.0001161793866670409	-4.912844446537085e-05	0.002787471229798735	-0.023014744119018733	0.0073267261285335445	-2.4101607157331812e-05	0.0036961854099378374	0.008187793723076372	9.629751088938679e-05
8.0	-0.00012886955793762513	0.0003117472418801037	0.0031854455990151303	0.00012235583265084112	3.778056130259628e-05	0.002788222747981075	-0.022469175674032515	-0.009170292811815695	0.00011781619123337034	-0.0025199638917690658	0.008450658741469974	6.0024178614169306e-05
8.01	-0.00030439631305203565	0.0001527579345630175	0.003187088209698257	6.991083662458433e-05	0.00010632074684665925	0.0027888331020758895	-0.011177255815425847	-0.021301272744785237	0.00016315873588872344	-0.00752597865087951	0.004675894178746908	5.8627569504071444e-05
8.02	-0.00033411287578601594	-7.959481378956762e-05	0.0031883845078173405	-1.592243023504324e-05	0.00012373545220553244	0.002789593070319397	0.0055037285895838785	-0.023191411658308708	7.000888206291537e-05	-0.00891918419875619	-0.0013414688734785293	9.105409345953403e-05
8.030000000000001	-0.0002032894040861708	-0.0002733758686490668	0.0031882644432757313	-9.38828000833135e-05	8.189774333862723e-05	0.0027901209012536074	0.019551522601517664	-0.013956102743169194	-8.014962410959242e-05	-0.006017977804041279	-0.0066608631249713435	1.2954933659299245e-05
8.040000000000001	2.4991775785541135e-05	-0.00033638766341917615	0.0031873671259829207	-0.0001267596372621936	1.173918856121678e-06	0.0027892847821844417	0.02422368025571497	0.001875731985446367	-9.057415902591367e-05	-0.0002910599426190096	-0.008808582740663894	-0.00015258003654025512
8.05	0.0002418026216274053	-0.00023888259757526924	0.0031866071403181253	-9.906934693561786e-05	-8.00426661350785e-05	0.0027877222189792205	0.01731365352072784	0.016814329551625644	-9.603966043630237e-05	0.00559984503307067	-0.006754695916817766	-0.00015461006885631907
8.06	0.00034264306627255846	-2.70651779706007e-05	0.003185648118582112	-2.3710267016973702e-05	-0.00012301012763695776	0.002786688630169522	0.0019941768620165157	0.023776402361743755	-8.25669100784164e-05	0.008812997413341225	-0.0014724207802486796	-5.61696010639455e-05
8.07	0.000278792425123078	0.00019778797534663586	0.003185315983068288	6.318718507569842e-05	-0.00010714698485890348	0.002786824763939101	-0.014216347554205309	0.019298237452217624	2.8607531739277886e-05	0.007812849106148564	0.004498272462403374	6.163911010560669e-05
8.08	8.150133698501443e-05	0.0003275576897354153	0.0031860610171889478	0.00011994248696690773	-4.0231187569033515e-05	0.0027874915962386093	-0.023580079583231425	0.005596034506940305	0.0001495452431626909	0.0030492609190723267	0.00833535042466211	6.756994050015631e-05
8.09	-0.00015474354392815828	0.0003008631683780245	0.0031879432710153767	0.00011916189470175358	4.5818299769252065e-05	0.0027881590105854038	-0.021672178722227813	-0.010738665322141483	0.00017091629329781959	-0.0031984776449989977	0.008157773483158572	6.838156200788625e-05
8.1	-0.00031667424338705343	0.00013015965496018962	0.0031888562216616017	6.113225166339312e-05	0.00010998619432955131	0.002788706807251526	-0.00935885443440712	-0.021977245300983564	6.533484758820875e-06	-0.007937190855593839	0.004116603423716634	6.912597839688578e-05
8.110000000000001	-0.00032652584184541454	-0.00010321291622603706	0.003187968281343454	-2.679421015051576e-05	0.00012167129114658871	0.0027894178645348966	0.00744878545998634	-0.02272306797367314	-0.00015535984627415225	-0.008909043310842786	-0.0018622397292492414	4.9894941689186624e-05
8.120000000000001	-0.0001799121342543838	-0.0002872160497244282	0.003186142303084326	-0.00010215135519975114	7.513820365746353e-05	0.0027895177640262715	0.020620129835628394	-0.012543546025896943	-0.00016863869224859957	-0.005511294612875319	-0.007020169932603173	-4.7892366086141526e-05
8.13	5.255880465509261e-05	-0.000333697559158097	0.003185019355653663	-0.0001282119866787658	-7.035985956648763e-06	0.0027885027092370645	0.02394118737525528	0.0036173314434314483	-5.2832671002926025e-05	0.000510634816794138	-0.008721904551113777	-0.00015114073539702525
8.14	0.00026001953614818233	-0.0002206516621215308	0.0031849813598486066	-9.262680733225322e-05	-8.555904997935637e-05	0.002786802019551707	0.015819077430815526	0.018067346019887118	3.830832416936985e-05	0.00628091703155314	-0.006319411643366974	-0.0001679980557680976
8.15	0.0003426834957211222	-1.8844949474838438e-06	0.003185478686871148	-1.2633444947628884e-05	-0.00012328781904878753	0.0027854994466145005	2.592782671240453e-05	0.023858824759686714	7.312224295386306e-05	0.009052701003921264	-0.000897273400241227	-7.769038178652081e-05
8.16	0.000260655250702969	0.0002176647823508501	0.0031864415421374113	7.367782392123821e-05	-0.0001019367370503314	0.002785325504264558	-0.015736205816090656	0.018223856798940077	0.00015091839714887777	0.00749843462751309	0.004980829976680483	4.139193312279707e-05
8.17	5.3422811651829444e-05	0.00033307367038560133	0.0031879977193254964	0.00012486596944223115	-3.170128596601795e-05	0.0027859450438551783	-0.02395878108969649	0.003898109759586187	0.00012884587281330364	0.002312393097109619	0.008483480991772598	8.329257602137887e-05
8.18	-0.0001793265138413441	0.0002887733610170956	0.003188819816778707	0.00011591667087680634	5.405376675471141e-05	0.0027870961240159596	-0.020628241083393877	-0.012379143450023252	-2.603956178039887e-05	-0.004027923693384019	0.007951910849250933	0.00015169346681841584
8.190000000000001	-0.0003255539935869802	0.00010573273278028999	0.003187655076806267	5.093190773765276e-05	0.00011435540734916368	0.0027889860581486615	-0.0073938434117613635	-0.022664950034533587	-0.00017445426752000395	-0.008411760297246086	0.0036064873816540406	0.0002007166306234715
8.200000000000001	-0.0003154281007809191	-0.00012797684168659674	0.0031859077275928926	-3.838958971671975e-05	0.00012027931604218196	0.0027905556320812178	0.00932668153243953	-0.022108259061340153	-0.00015376609753742565	-0.008697516533539585	-0.002473340778201904	9.465884389741002e-05
8.21	-0.0001542077828794801	-0.00030045075224949643	0.003185141969445581	-0.00010908838234583332	6.915679183338971e-05	0.002790480400933694	0.02156272891847419	-0.010951901963721828	-3.2422797362526865e-07	-0.004831379809179243	-0.007331828187025152	-0.0001131823944579261
8.22	8.117229826372958e-05	-0.0003293384499536598	0.003185717165196851	-0.00012728272552095169	-1.4573416863486822e-05	0.002788621496516336	0.023522096599758718	0.005434215813595026	7.959383666506796e-05	0.0013335471571486767	-0.00872285385780036	-0.00021129604890674782
8.23	0.000277837187284664	-0.00020037251985073994	0.003186205570756701	-8.446575022790906e-05	-9.117580173075697e-05	0.002786602244099482	0.014134053120154031	0.019270477938316048	1.094774161882274e-05	0.0069013694166245665	-0.005971724404200119	-0.00018370689070072455
8.24	0.00034106788346172947	2.4695484692577334e-05	0.0031862681768590347	-5.196130032651953e-07	-0.00012418200428971303	0.002785889825682135	-0.002034899250777932	0.023854088814395075	2.4991979879479168e-05	0.009152757014217059	-0.00034529489983722123	5.687592427992166e-06
8.25	0.00024070623757755706	0.00023794622079660377	0.003186898613438808	8.377771470971553e-05	-9.752036439095877e-05	0.002786261931181806	-0.017193478767973596	0.017007140918171893	0.00012149321201284159	0.006976576442639017	0.005448718983614498	6.523804720529127e-05
8.26	2.5115755108909865e-05	0.0003372388247714457	0.0031879490700068114	0.00012785423928208498	-2.3996748195538675e-05	0.00278747690172896	-0.024086557325533196	0.002008059031999726	6.487271595539214e-05	0.0014713172211886128	0.0086448070990752	0.00015018916352822122
8.27	-0.0002021918460447616	0.0002746227503870456	0.0031879495089354123	0.00011055321347991065	6.128787896526171e-05	0.002789062008352267	-0.019455700016594708	-0.013991827269289672	-0.00010037688263995696	-0.004788774766812274	0.007709757387374382	0.00014916491041044768
8.280000000000001	-0.0003322373632923049	8.032029109992904e-05	0.0031866163491995224	3.99767150982224e-05	0.00011751047170273746	0.0027900116042977384	-0.005466673412959438	-0.023240347196036414	-0.00014162109131589991	-0.008720104579285357	0.0030509490543097475	2.2628113956499193e-05
8.290000000000001	-0.0003030441055136179	-0.00015249395874515411	0.003185562444931217	-4.9433787357467005e-05	0.00011766629717567255	0.002789677472173448	0.011055718012475754	-0.021378731176406242	-6.027531863415189e-05	-0.008418022186271279	-0.003045713622944139	-0.00010484181948026866
8.3	-0.0001290172775732051	-0.0003126057916820343	0.0031856188537093167	-0.0001148284487527218	6.166940349419721e-05	0.0027882464456237565	0.02230985654307171	-0.009310299284931146	3.490518518168713e-05	-0.0041240963230728764	-0.007682193845884108	-0.00015854314510704083
8.31	0.00010686785760992384	-0.000323270968244805	0.003186054785154772	-0.000125416962135823	-2.3682573789246044e-05	0.0027868579730739754	0.02288895937658902	0.007278389349669576	3.221412177114025e-05	0.002114618665296566	-0.008686179316610242	-7.880595933192419e-05
8.32	0.00029130255767463863	-0.0001788732330400805	0.0031863375863493983	-7.600839924805297e-05	-9.797934751933951e-05	0.002786892577913857	0.012463687897908242	0.02038802058465909	2.508983575100638e-05	0.007357256588977063	-0.005551907238692636	6.610439959403672e-05
8.33	0.00033594038572900013	5.112040721986921e-05	0.003186744973256165	9.808757478938702e-06	-0.0001253216925122559	0.0027876772429341447	-0.0038819015470589737	0.023679572237265068	8.45980395798217e-05	0.00907566930146575	0.00028431793862598696	8.452592138840634e-05
8.34	0.0002198180621668773	0.00025663834859763335	0.003187565626575121	9.082563503518595e-05	-9.272621659669096e-05	0.002788416100631138	-0.018384080494688863	0.015660000647187883	7.243649840399505e-05	0.006444119730447791	0.0059821105487256575	6.959451891392997e-05
8.35	-1.966596004346128e-06	0.00033905350539527556	0.003187917166581888	0.0001283517011485058	-1.532522899584034e-05	0.0027888146852961186	-0.024110733831382347	0.00012893575418046363	-1.5312089350299168e-05	0.0007257726662520524	0.008837650696623648	4.478072728657114e-05
8.360000000000001	-0.0002229168880821027	0.0002589851867116128	0.003187224879306294	0.00010405513367983961	6.958933846247048e-05	0.002789251258492669	-0.018209683804536383	-0.015488140579043654	-0.00010627946218629544	-0.005382617491634185	0.0074292095491209215	2.670529282933031e-05
8.370000000000001	-0.00033660415165837076	5.4409771104861645e-05	0.003186248102803834	2.9703760177710557e-05	0.00012121540283123526	0.0027894996121372423	-0.003594468743344142	-0.023710778274344278	-8.862154686802693e-05	-0.008858262649337551	0.002457649118822391	-1.4300943679395398e-05
8.38	-0.00028911464255874735	-0.0001765081328370173	0.0031857348393253895	-5.860811213931139e-05	0.00011484996963531979	0.0027889912054843862	0.012684127841144742	-0.020540738629864694	-9.628435010470533e-06	-0.00806276152658558	-0.0036916974975593746	-8.767845714593258e-05
8.39	-0.00010345826495025535	-0.00032307292682205317	0.0031858815879825426	-0.00011855779876770357	5.3523691062826113e-05	0.0027881418873707286	0.022910613954536387	-0.0075291445262663246	1.2703357762555e-05	-0.003410157166015056	-0.008075437185099971	-6.213791501830961e-05
8.4	0.00013171632886733634	-0.0003147482387157632	0.0031860475932554565	-0.00012170095035171931	-3.369415908032906e-05	0.0027877316913487984	0.02215842280810184	0.009114319351837135	3.649666590183402e-05	0.0028228947942208317	-0.00862901360603826	-1.8256929464012015e-05
8.41	0.00030340387933090344	-0.00015560941748322854	0.0031862944109917733	-6.651393880890014e-05	-0.00010489009281837822	0.002787676126986713	0.010745466820605945	0.021382997885294096	8.342180771160045e-06	0.007757881742043844	-0.004977743928970484	-1.1677865468796868e-05
8.42	0.00032965274795208915	7.803757998807761e-05	0.003187126253100642	2.071409772059421e-05	-0.00012549962223987353	0.002787242390129314	-0.005738345112597145	0.02339222877939889	0.00014716515586245675	0.008944638002772605	0.0010215470056963748	-7.924096497094567e-05
8.43	0.00019778112600161583	0.0002744329562589845	0.0031884844739077586	9.79254113606082e-05	-8.575640361542644e-05	0.0027864197064545854	-0.019513605224188064	0.01423294872233307	9.280090784455292e-05	0.005870469681821784	0.006619808773033949	-6.914682785706508e-05
8.440000000000001	-2.9026558172319084e-05	0.00033895657864385675	0.003188853195716493	0.000128316788905836	-4.236977531556671e-06	0.0027863792421960985	-0.02394585886545111	-0.0018516311764065331	-2.805801574770947e-05	-6.772581607343363e-05	0.009001636462173824	8.237212207256936e-05
8.450000000000001	-0.0002418281007414005	0.00024024682308355263	0.003187808670717819	9.67461956818453e-05	7.987131265652118e-05	0.0027878092257605635	-0.016832351170634655	-0.01704568309940943	-0.00016320245149399729	-0.0059747555292269374	0.007112619708180241	0.0001844834042436909
8.46	-0.00033858364564728454	2.6076096211829223e-05	0.0031863336149387145	1.8937429728951996e-05	0.00012610371015142063	0.0027893368493859816	-0.0017259535911746996	-0.02398272593266872	-0.00010700395068163074	-0.008937726568584383	0.0017184286959134778	0.00011869156187988108
8.47	-0.00027341184192461774	-0.00020074463137067754	0.0031859207171893176	-6.735922899419739e-05	0.0001117301185003259	0.0027901527080665127	0.014198513218781534	-0.01948020990398692	-1.522843677884677e-05	-0.007598486178318607	-0.004458980453878257	4.088522737187455e-05
8.48	-7.73474629867757e-05	-0.0003314936064000544	0.0031858165267092385	-0.00012094883323515276	4.43432659029336e-05	0.0027900830820503314	0.023360922701313805	-0.00558691644795682	4.300103331958863e-06	-0.0026832068275834337	-0.008470180120672969	-2.8297984283317063e-05
8.49	0.00015556039712824726	-0.000303570010359373	0.003185878521214837	-0.00011668083601169446	-4.388397518125718e-05	0.0027891802634559715	0.021273348120108528	0.01093942518741377	2.2412086290465494e-05	0.0034912881871506773	-0.008446873218755882	-0.00013180712562139708
8.5	0.0003137570303365653	-0.00013036019918607052	0.0031862787281634873	-5.6733363018371874e-05	-0.00011065988543838435	0.0027876423150489426	0.009060986084696057	0.022239423578643842	6.933051209960167e-05	0.007992812914762457	-0.004349779095346604	-0.00015953110223238212
8.51	0.0003219458682733187	0.00010508382900216392	0.003186994916917455	3.0187701069128322e-05	-0.00012406599421666491	0.0027861291393416502	-0.007500677857487079	0.02287727387834085	7.077875089282983e-05	0.008699316234744472	0.0017889220131963185	-0.00014493868319101543
8.52	0.00017573060090591904	0.0002901539544517126	0.0031874937801960037	0.00010286908649424912	-7.760747272918901e-05	0.002785172827985809	-0.020520448964893714	0.012567014889650563	3.0021581485630787e-05	0.005252517935089358	0.007105188529714909	-5.2254245365161746e-05
8.530000000000001	-5.521405903794973e-05	0.00033617042134888347	0.0031872241639845506	0.00012632530960790195	6.511441554207892e-06	0.002785490492195787	-0.02370468296753354	-0.003766383936356348	-6.789383178808307e-05	-0.000746235975718452	0.008991992217309955	0.0001115996079941589
8.540000000000001	-0.0002597249414807997	0.00022047218583158212	0.003186273661281512	8.909075240241068e-05	8.779691619806717e-05	0.002787155975580266	-0.015462005116713065	-0.018383992196173073	-8.365452441365601e-05	-0.006392409536784938	0.006582474986763928	0.00022431499620778896
8.55	-0.0003397451733570896	-1.2201506762750706e-06	0.0031859183857495406	9.458591661040473e-06	0.00012716618302639553	0.002789437722821026	0.00010724198992729268	-0.024110547298923757	9.323766494005242e-06	-0.008886550376488804	0.00097550752737388	0.00018578006173762196
8.56	-0.0002573843076992291	-0.00022262460431936683	0.003186305775404547	-7.434565380923656e-05	0.00010575998896727975	0.0027905372852184045	0.0156733908088591	-0.018308550137879367	6.755699593207328e-05	-0.007158411737658545	-0.005075851456583169	3.723813774335044e-05
8.57	-5.170976743829161e-05	-0.00033726185419953646	0.003186880905648162	-0.0001222934211105778	3.372912273072754e-05	0.0027902221002022564	0.023749710286293444	-0.0036721643647462158	4.985287647069237e-05	-0.00203004816493209	-0.008707240488633028	-7.39864642920146e-05
8.58	0.00017879376857365172	-0.0002903588314288617	0.003187036807645781	-0.00011178356220092402	-5.441168485604589e-05	0.002789030027585194	0.020408352681212293	0.012655858561072921	-4.917874535421449e-06	0.0040453230380886164	-0.008164938859970508	-0.00014957085990822543
8.59	0.0003233975301955757	-0.00010471040079542668	0.0031869549439730964	-4.785566926099516e-05	-0.00011653442915975793	0.002787538483340069	0.00729087867493159	0.02291846772216178	-1.2558349892461449e-05	0.008210150283356634	-0.003718339451646399	-0.00015135743778374412
8.6	0.00031297380311916934	0.00013098012816285427	0.00318707518985126	3.909906108870598e-05	-0.00012268169871046508	0.0027865999049375145	-0.009272108644154177	0.022257101183198777	1.6476244547759365e-05	0.00845933747162382	0.0025154127089543413	-4.61156365948189e-05
8.610000000000001	0.00015273069221218778	0.00030404862140225974	0.0031871510841650534	0.00010749355628505552	-6.999683801559767e-05	0.002786706584666816	-0.021432673494090504	0.010899097631748612	-1.1090409804865434e-05	0.004646496460291761	0.0075542232496593215	7.469637774968536e-05
8.620000000000001	-8.075046075797158e-05	0.00033115901319639437	0.0031868169982699496	0.0001244289602684072	1.626020737361196e-05	0.002788079312862165	-0.023294859617076363	-0.0056974645552075355	-6.004586773634532e-05	-0.0014144777425259812	0.00895817077723674	0.0001844787683475274
8.63	-0.00027540708209777717	0.00019960053709323618	0.0031861427440693655	8.157714568759123e-05	9.468063199682772e-05	0.0027897033333585354	-0.014004071689262161	-0.01951452454809825	-5.2998000645932983e-05	-0.006778479969848176	0.006056695958171928	0.00013567852143620457
8.64	-0.00033835326665170804	-2.7634006667464425e-05	0.0031860483518303347	-1.284996366871238e-09	0.0001278145874755774	0.0027903848821297086	0.001941838005307718	-0.024017772368375507	4.990970119488155e-05	-0.008865531376456329	0.0002815012645425839	-2.882401153521579e-05
8.65	-0.00023959842014373409	-0.00024188355007716855	0.003186878260206846	-8.13580672398313e-05	9.994213425491578e-05	0.002789326736853949	0.01699384980301839	-0.01700742014351979	7.640542799680962e-05	-0.006718580795746403	-0.00562581172613567	-0.00016704207067679762
8.66	-2.5780623453518853e-05	-0.00034010160967738224	0.0031873510843285816	-0.0001234535665972574	2.4004944059619313e-05	0.002787696804458041	0.02394942257311869	-0.0018219821669425635	1.2612401934374927e-05	-0.0013560975038783229	-0.008890519077602924	-0.00014418872461261956
8.67	0.00020050509772284237	-0.00027536801189520017	0.003187233687710533	-0.00010645163700690113	-6.356408787866512e-05	0.0027863515899572036	0.01941122953978008	0.014226132101383593	-5.4502135960339274e-05	0.004670705122822973	-0.007902512119089839	-0.00010001728073273989
8.68	0.00033079454230741456	-7.884124090207751e-05	0.0031867232599130293	-3.798079164316439e-05	-0.00012088862505261893	0.0027858590843496613	0.0055347423087285475	0.023423441394772548	-3.469199200939353e-05	0.008456127006726476	-0.0030991782301781037	-7.579260980019953e-06
8.690000000000001	0.00030247717919895504	0.00015527793842911724	0.003186777166143343	4.892874994124874e-05	-0.0001204141798869882	0.0027862596362031827	-0.010999276422541475	0.021431855641030402	2.1898159462086655e-05	0.008191402633694993	0.0032085712956789764	7.857275371387088e-05
8.700000000000001	0.0001285027316060059	0.00031492252588172107	0.0031868526270351365	0.0001126733683392127	-6.20789123534691e-05	0.0027874162994716897	-0.02232194767998991	0.009139387344781695	1.590007210465192e-06	0.004031646501151757	0.007988751052678334	0.0001427410122803271
8.71	-0.00010728621330249584	0.0003234529392164573	0.0031866902608990665	0.00012255065831155105	2.595897618644605e-05	0.002789239498165685	-0.02284968126440817	-0.007515719157814268	-3.301290322443363e-05	-0.0021260587202973696	0.00889058691780128	0.00019160409445716527
8.72	-0.0002916278450919489	0.0001770777213746523	0.0031863248374081063	7.382346694205975e-05	0.00010125612955330203	0.0027908193287083634	-0.01248952800920172	-0.020543468540461983	-1.1323684523498409e-05	-0.007220577396137573	0.005557816220476213	9.206269782461951e-05
8.73	-0.0003363633533533993	-5.388378935686313e-05	0.003186482817674178	-9.94593949280431e-06	0.00012810719750154856	0.0027908883021374336	0.0038973356476555317	-0.023737438203733894	3.9025845897712505e-05	-0.008857852479985837	-0.0003964699133302959	-7.759239121801591e-05
8.74	-0.00022015768653273663	-0.00025941360208216153	0.003186726450835583	-8.879677625872964e-05	9.35593667882417e-05	0.002789310935054472	0.018388658133896008	-0.015630723222976237	2.419344692102791e-06	-0.006262970782650727	-0.006205605358457482	-0.00021373733094754045
8.75	1.491574496429445e-06	-0.0003410183360367187	0.003186668326004982	-0.00012509214532590145	1.424335172261746e-05	0.002787147780762414	0.02406932512361847	2.3614756251117672e-05	5.7250937420539314e-06	-0.000694763732802219	-0.009000945632520754	-0.00020248549006212472
8.76	0.0002222683277831406	-0.00025903071753445524	0.0031865644509446443	-0.00010147105554118452	-7.191482242159764e-05	0.0027857316310191896	0.01822826082088902	0.01568511194801543	-2.5563181402340143e-05	0.005220691115276224	-0.007511636617944501	-7.553187393294873e-05
8.77	0.000336159677366364	-5.28873928536243e-05	0.0031865917764684628	-2.9019285074860535e-05	-0.00012349268244440253	0.002785527768877376	0.003600202678857407	0.023806477150698332	9.97103103383604e-06	0.008646337544900679	-0.0023961551877073627	1.8553772701678958e-05
8.780000000000001	0.0002886187729292918	0.00017890976561451524	0.0031868193443565377	5.7513825482621525e-05	-0.00011571171885421043	0.002786342752658479	-0.01271969294728389	0.020577466538478625	4.368103684556516e-05	0.007926291927498745	0.0039025462963719402	0.00013568825440431564
8.790000000000001	0.0001024390571782574	0.00032513052349052445	0.0031872741852205073	0.00011683499523437862	-5.1733195653712464e-05	0.0027881003522929083	-0.022947109118891314	0.0074212776479732016	3.116850292998379e-05	0.003444142466847763	0.00834673686493153	0.00021052951142550778
8.8	-0.00013295375711056863	0.0003152909562446024	0.0031873867792941014	0.00012025591747514492	3.728104808823612e-05	0.0027901262230612153	-0.022138164400979557	-0.009303366471093723	-2.470352447228518e-05	-0.0027847648941975254	0.008696732308006307	0.00019702034754970105
8.81	-0.0003043769734101753	0.00015449679277662197	0.0031868837768831773	6.590555782934862e-05	0.00010807667205276099	0.0027912947622229256	-0.010711718520591483	-0.021502227278513	-4.1896178327959394e-05	-0.007616149714069851	0.00486373278670313	2.5078933522573953e-05
8.82	-0.00033008893738768085	-8.017707033200334e-05	0.0031864571367866378	-1.9532876490819335e-05	0.0001268756659302738	0.0027905502419915285	0.0057912320674891665	-0.023467823620997197	-4.215976984744086e-05	-0.00875641584617595	-0.0012686160482224956	-0.0001366941911831439
8.83	-0.00019796731343910227	-0.00027681464904734496	0.0031862918357868737	-9.509851048980225e-05	8.479441642418181e-05	0.0027886558303266747	0.019525576047979724	-0.014176341609135251	-9.483426264361933e-07	-0.005722548571976434	-0.0068055511219879345	-0.00019675285284324193
8.84	2.8639000300909804e-05	-0.00034082706174455834	0.0031862557668309545	-0.00012500323630326544	1.9012196878422015e-06	0.0027867386330974074	0.023883772842279646	0.0019401978424162564	-1.815941556396536e-05	4.7596138714912505e-06	-0.009070940743268379	-0.00015685807850175326
8.85	0.00024115151157040013	-0.00024159739699475705	0.0031862725799743827	-9.525192460448851e-05	-8.206408248671798e-05	0.0027854156117480618	0.01683430263986252	0.01708090144051318	1.7646640874612646e-05	0.005709042479152377	-0.007017924867072532	-8.587886465497108e-05
8.860000000000001	0.00033796461577917104	-2.636199672736984e-05	0.0031866119173069953	-1.968582598294609e-05	-0.00012675257832887662	0.0027852223828194246	0.0017018432002948861	0.024107977242732802	3.161561026680095e-05	0.008730317289505038	-0.0015421124558066565	3.326195113162665e-05
8.870000000000001	0.00027261434916095613	0.00020140700674873522	0.0031870292995447476	6.545596604113897e-05	-0.00011069740364981895	0.0027861968710731727	-0.014237044909260308	0.01954061945422807	3.6645457416847305e-05	0.0075661897451412535	0.004630740160163244	0.0001645359331326672
8.88	7.640870002743842e-05	0.0003326900831080787	0.0031869411860360915	0.00011933870076877469	-4.1572445935529586e-05	0.002788308961373452	-0.023346399868825408	0.005606741243563251	-4.31766830619464e-05	0.0027769650654963607	0.008623943696821755	0.0002601110462679556
8.89	-0.0001563395312413103	0.00030439752149141047	0.0031864733879709986	0.0001162446058115909	4.755050393108061e-05	0.0027906081925341357	-0.021253481091994014	-0.01099986759183136	-3.970998733679301e-05	-0.0033644663665453297	0.008452860682977877	0.00017939251450833866
8.9	-0.0003142457312279836	0.00013040294038917563	0.0031862286770937736	5.781844719406824e-05	0.00011353489097129475	0.002791319579088606	-0.009009661416769	-0.02235480860249571	1.838859780385701e-05	-0.007847089324983741	0.004213943128922498	-3.896702095584607e-05
8.91	-0.00032175500228742856	-0.00010604511387472396	0.003186866795754006	-2.7975980548709644e-05	0.00012505840493417248	0.0027899492020856975	0.007568360382507198	-0.022974147966070436	9.274878525131882e-05	-0.008610162315483297	-0.0020037675156153786	-0.00020066304277234723
8.92	-0.0001751174036982958	-0.0002917874425767877	0.0031874287688136273	-0.00010039420222260464	7.672075813024097e-05	0.0027878562731348928	0.020509417537035786	-0.012588904668177886	1.818464932499825e-05	-0.005258723994041118	-0.007258978349752474	-0.0001950144474965606
8.93	5.5374593779502274e-05	-0.00033738190003541104	0.0031872673353006793	-0.00012458876498998972	-8.590675427375394e-06	0.002786227597038184	0.023654716388932732	0.003863363748157321	-6.366887667326503e-05	0.0006175804405271646	-0.009062500665692034	-0.00011212325529021435
8.940000000000001	0.00025922945100825644	-0.00022107165367428146	0.003186440519987569	-8.921155409141218e-05	-8.997386057621778e-05	0.0027856721142601243	0.015425371923721624	0.01842845585458391	-0.00010166298396838243	0.00617199556595146	-0.0065041564976913106	1.7902191662340742e-05
8.950000000000001	0.00033894251567396307	1.2064931974186037e-06	0.0031857077253946296	-1.100242929850135e-05	-0.00012804610810246485	0.0027862899663148298	-0.00012770539682420472	0.024160143331167488	-1.301706986566321e-05	0.00882155487944578	-0.0007819943675656173	0.00011666825395260577
8.96	0.00025639169035313015	0.00022315759472641908	0.0031858588866753236	7.248152826909597e-05	-0.00010433659331468946	0.0027877306852317997	-0.015683505818776818	0.018367510960222093	5.4312317636076734e-05	0.007180890796414802	0.00531058905956665	0.00016337802087717655
8.97	5.107957449261146e-05	0.0003383214475309962	0.003186507728421508	0.00012104617599002958	-3.056776200585263e-05	0.002789290851599231	-0.023658681368593896	0.0036724385834056242	5.2606851205207784e-05	0.0021159382016483043	0.008844074890613566	0.00014377377929415807
8.98	-0.00017843786970207746	0.0002909276141687342	0.0031868823397608425	0.0001114093421864786	5.795814327733378e-05	0.0027902257042059387	-0.020321328123342874	-0.012752844071137947	3.5145158494921265e-05	-0.0039540341431394	0.008095025110828477	4.1729088230583924e-05
8.99	-0.0003225819050147839	0.00010418585840217147	0.0031874462880127756	4.847185983703069e-05	0.00011869290308699194	0.0027898634035427314	-0.007304044662678845	-0.02302269911790655	5.4950440520779543e-05	-0.008107264963579854	0.0035484932738643277	-0.00012606537514916547
9.0	-0.00031245445536347613	-0.00013242832591914115	0.003187626738398147	-3.7799910073715717e-05	0.0001228370406765857	0.002788318910385444	0.009261584452764711	-0.02231435136558336	-3.168661450573121e-05	-0.008422093972668878	-0.0027464935744424697	-0.00015272833179424828
9.01	-0.00015252357483264	-0.0003056747691508685	0.003186949095805973	-0.00010639946299914149	6.807062727875303e-05	0.0027869441740023754	0.021396974742395262	-0.010883008652180651	-7.898214500965276e-05	-0.004695545563305959	-0.007737511264844346	-8.955341295630449e-05
9.02	8.033705108833303e-05	-0.000331926997405275	0.003185922070980296	-0.00012423798727284092	-1.9437126056375235e-05	0.002786531568127522	0.023230961170251748	0.0058342158332986135	-0.00011861061638293045	0.0012656161842069043	-0.009026768590273111	-1.3764486140310518e-06
9.030000000000001	0.0002744514046318134	-0.0001985897655368668	0.0031853401261269947	-8.274975171127588e-05	-9.792130654792112e-05	0.0027871125706274967	0.013979825022803044	0.01968892605055938	1.2101416756235121e-06	0.006680388904317522	-0.005993105869320406	9.428971465415068e-05
9.040000000000001	0.00033722096073118097	3.0004873176400714e-05	0.003185809837798808	-1.8584853184455073e-06	-0.00012965854939555907	0.0027881113690630577	-0.0019370746948319108	0.024100949816523685	9.313859904063296e-05	0.008822106834729858	-9.767992641477287e-05	9.195724922443459e-05
9.05	0.0002384960012153377	0.00024414875451691896	0.003186839558528845	7.980424967048468e-05	-9.93464311546793e-05	0.002788863647449129	-0.016981930103999152	0.016922259913438615	8.937305608777258e-05	0.0068058124143988855	0.005905276658646899	4.298008021354065e-05
9.06	2.5282282119308972e-05	0.0003410254008419413	0.003187489732099336	0.00012325564745642456	-2.1215693689994054e-05	0.002789227151404015	-0.023846011328784632	0.0016586608695239593	5.093156623535487e-05	0.001527760016484386	0.009048351389234828	2.3356097944253068e-05
9.07	-0.0001997675863903842	0.00027454541044678795	0.003187665759778137	0.00010776917391304381	6.692722714671378e-05	0.002789110154722131	-0.01929546131569434	-0.014403831715491542	-8.031688005773461e-06	-0.004487441346299209	0.007839313446636863	-7.262353771670909e-05
9.08	-0.0003293368885714668	7.644108982541234e-05	0.003187651032972112	4.074402546982901e-05	0.0001228743019409368	0.0027877894687575473	-0.005550497306793456	-0.02356708817090018	-1.3153192635743436e-05	-0.008342758817748154	0.00288060857959155	-0.00014661317647968606
9.09	-0.00030114929370920324	-0.00015807453927143726	0.0031873650422859874	-4.5839279131518e-05	0.00011963825861215332	0.0027864582513648737	0.010951913599831166	-0.021369543948076136	-5.3523209195741204e-05	-0.008261933038598198	-0.0035072945580679462	-9.778133712989935e-05
9.1	-0.00012832365336947873	-0.0003162664736851632	0.003186543607109639	-0.00011082107198390128	5.8436430715853026e-05	0.0027861281892378803	0.02215044886068697	-0.008942874576096991	-0.00010719727821406744	-0.004171720042001013	-0.008211957400583574	1.2356371870320471e-05
9.110000000000001	0.00010587840606084194	-0.00032252863058605363	0.003185647344761179	-0.00012258073763350718	-3.0983297309456274e-05	0.0027866083712627253	0.022724085771344684	0.007725861443922975	-5.748810993924132e-05	0.0019321823690374752	-0.00892473669869687	0.0001068876246270376
9.120000000000001	0.0002895000838679779	-0.00017443898505361202	0.0031856752984115552	-7.56622813396186e-05	-0.0001055856824545744	0.0027877405890756653	0.012460404642769988	0.02066194103640937	6.958138500917337e-05	0.007053805411539113	-0.005369921134984506	9.559650676126389e-05
9.13	0.00033471875786220573	5.730291843267968e-05	0.0031866887185969324	7.361780161891383e-06	-0.00012953794512695718	0.0027885353586465994	-0.0037908350637626876	0.02375026368377687	0.00011447100520008385	0.008855225412076024	0.0007568665366867582	7.158706729222331e-05
9.14	0.00021954486281517668	0.00026185961497345657	0.003187370786490088	8.702767799980938e-05	-9.18751570423574e-05	0.0027894467913487	-0.018264999866424592	0.015427636169164354	1.1406906422497722e-05	0.006393018821725326	0.006459767370213026	0.00010332247710244024
9.15	-7.532148721335214e-07	0.0003407355215120588	0.0031874078966747823	0.00012478521540113378	-1.0661375904318337e-05	0.0027901966490840994	-0.02393758936654456	-0.00029803961321388174	1.9342684934455726e-05	0.000812192068124558	0.009112620589133952	3.140024250172552e-05
9.16	-0.00022067647728654595	0.00025643462310554534	0.003187650485202811	0.00010243605523942619	7.544043498969828e-05	0.002789810613535362	-0.01818926387999006	-0.01586112127665143	2.5388140792570438e-05	-0.005077769798407356	0.007379418614158032	-0.00010739767245106234
9.17	-0.0003350787640708727	4.907538238308037e-05	0.0031877553875865354	3.1059320823027726e-05	0.0001252955712770195	0.002788211751115908	-0.003708141868458225	-0.02388985859247292	-3.14130390945863e-05	-0.008603810090356979	0.00217153658310477	-0.0001946755141179344
9.18	-0.0002887935979204418	-0.00018213083780803353	0.0031869417898040247	-5.55479875603668e-05	0.00011503507220530422	0.0027866292584308094	0.012593334895801863	-0.020385439351625838	-0.0001257549087711658	-0.00800646033969448	-0.0041341000073269974	-9.601251004644697e-05
9.190000000000001	-0.00010364580466241865	-0.0003255905389961837	0.003185600447047627	-0.00011593086868749274	4.929836045291803e-05	0.0027863188267968557	0.022873054784561874	-0.007104933072717211	-0.00011485375644735466	-0.003555896010935812	-0.008452533299375242	4.317061923756314e-05
9.200000000000001	0.0001312121703468199	-0.0003128073137811368	0.003185148367276851	-0.0001210421037077621	-4.028643848986619e-05	0.0027871077475914423	0.022128627916261422	0.009543169136554104	1.7373220095317027e-05	0.0026058175755685094	-0.008694100934311264	9.005655313109047e-05
9.21	0.00030317240641544605	-0.00015021075478387257	0.003186124141488941	-6.837425875047906e-05	-0.00011071637313579506	0.0027879351867042147	0.010807694879776843	0.021625241309714896	0.0001697938312047299	0.007493539348829907	-0.004781176432838337	8.284819489958633e-05
9.22	0.0003295800570790416	8.441663970983433e-05	0.003187611303650651	1.6653484738307153e-05	-0.0001278582439322242	0.0027889155395820365	-0.0057397378303215806	0.02332533599409655	0.00011921536491178466	0.008815593871875235	0.0014906556103297082	0.00010396382316664362
9.23	0.00019784783591276643	0.0002786221316129939	0.003188314840222589	9.369541251926089e-05	-8.343027844522408e-05	0.002789927271723596	-0.01950376447580433	0.01387952753984366	3.2726191679191106e-05	0.005934568590241827	0.007020384700855102	8.351793820359966e-05
9.24	-2.891333732433568e-05	0.00033937340760188694	0.0031881453292054015	0.00012553672536350392	9.286619416263127e-07	0.002790498539247872	-0.02393163498520389	-0.002234835729744855	-6.224641752727258e-05	0.00016048572239989035	0.009145588404523751	2.3805656945065547e-05
9.25	-0.00024199890451216544	0.00023756081622705022	0.00318727615598833	9.691914685492871e-05	8.4794009698839e-05	0.0027899191918310776	-0.016896709580509636	-0.017268848844662933	-0.00010905934673740489	-0.005634048854080911	0.006922764029262587	-0.00015035022879694823
9.26	-0.0003393470404844725	2.1837504925499135e-05	0.0031862536720304777	2.1809222525441322e-05	0.00012791472743944483	0.002788121789540395	-0.0017316849878340403	-0.02406188652669568	-0.00010471543575365765	-0.00876538839161375	0.0013874462861073336	-0.00019093310632296295
9.27	-0.00027361771903402214	-0.00020451509609847057	0.0031852374889016323	-6.412270269210118e-05	0.00010992163109353642	0.0027867861513770067	0.014319995712905742	-0.01927104898472813	-0.00010692733807546857	-0.007695840862755203	-0.004850335102115094	-7.325006262903571e-05
9.280000000000001	-7.649818623673884e-05	-0.0003323458310697952	0.0031845935368493483	-0.0001193426465768108	3.893954476575305e-05	0.0027867295807118965	0.023448770405260014	-0.005240325310302629	-1.7199554604424156e-05	-0.0028720889968026214	-0.00874406149288773	4.1867836371384765e-05
9.290000000000001	0.00015715727918127998	-0.00030112204697005986	0.003185210814524325	-0.00011695869599891145	-5.045914711605864e-05	0.002787245904606903	0.021331447777594884	0.011253831714734814	0.00013974632465690626	0.0033082230299959514	-0.008402949733439271	6.478678863636032e-05
9.3	0.0003154122703436605	-0.00012547032074954523	0.003186940364826187	-5.829444062674922e-05	-0.00011556923873456318	0.002788025897366588	0.008991112177760946	0.02240195199836447	0.00017871969106332864	0.007901542320425708	-0.004067997542766156	8.247963022456089e-05
9.31	0.0003224212515486131	0.00011055569347500478	0.0031884510994505625	2.8529894856624846e-05	-0.00012518130032103028	0.002788758726536426	-0.0076595378032470575	0.02282204573356745	0.00010200128517844935	0.008725968607171312	0.002229522650494284	3.117147588045973e-05
9.32	0.00017481463992187552	0.0002935393113300558	0.00318860916042342	0.00010193127824867497	-7.469746433988603e-05	0.002788907808779241	-0.020613253193265943	0.012230425110235962	-5.713992413319002e-05	0.005337558838140346	0.007439949307024051	-9.541063351780375e-06
9.33	-5.6327462097355075e-05	0.00033541897946934155	0.003187581575118477	0.00012668076312900611	1.1391535680314693e-05	0.002788575878961698	-0.023672086283706067	-0.004213029631164668	-0.00013643333831154424	-0.0005850084460064125	0.009066183421562214	-5.453129292208057e-05
9.34	-0.00026066722799994777	0.00021650922694682744	0.0031862153677692973	9.116690403179825e-05	9.198395433636937e-05	0.00278756200553472	-0.015472335396668781	-0.01859460739915303	-0.00010631752684333311	-0.0062354745521047755	0.006347487931903066	-0.00010238135321020184
9.35	-0.000340021952734043	-6.375152998769626e-06	0.0031855013371470267	1.2159526887238546e-05	0.00012820325861955914	0.002786998033133517	0.000266385772429316	-0.024096268626440792	-3.654700620475128e-05	-0.008894880871184086	0.0005924593345370443	1.199522872360244e-07
9.360000000000001	-0.00025610968865429865	-0.00022632260256234094	0.0031852266487692586	-7.247763287789923e-05	0.00010296568067169696	0.0027876466016759846	0.015812002680106133	-0.018054760235189975	2.0252667069012173e-06	-0.007291064274393732	-0.005433467998743303	0.00013067798894020224
9.370000000000001	-4.948197854986048e-05	-0.00033795559799194375	0.0031854377532790543	-0.00012188285221817274	2.8615879920549902e-05	0.00278897904402237	0.023771512592653008	-0.0033498867519498625	7.176530668152691e-05	-0.002184721630216397	-0.008814832068103282	0.00013489394195313154
9.38	0.00018093473252207693	-0.0002878029775659612	0.0031866881656275703	-0.0001129051014044994	-5.8806200718901975e-05	0.002789693364462462	0.020369111145146716	0.012965111032817441	0.00016183180837236173	0.0038898457771663056	-0.00796689012019668	9.020490681266221e-06
9.39	0.00032481293360360453	-9.972756726381103e-05	0.0031880224935197385	-5.02372673341917e-05	-0.00011789097620864121	0.0027892290039253083	0.007184982552404627	0.023086239957605288	7.88622195933054e-05	0.00812176389518944	-0.0033301689283181265	-6.706102028282575e-05
9.4	0.0003130295076262116	0.0001362557617609803	0.003188050998151729	3.655809333150367e-05	-0.0001201396666587679	0.0027882947764988624	-0.009452964419843283	0.022122445997735954	-6.8928566509586e-05	0.008500357216656708	0.002893248397396556	-9.993663533492371e-05
9.41	0.0001511763726735102	0.00030668948483401735	0.0031865963287430075	0.00010599272962826115	-6.467089844879133e-05	0.0027873610204414293	-0.02155473206921361	0.010541862795619113	-0.00017869377929373068	0.004786584114219084	0.0077175779267770975	-9.474308656689861e-05
9.42	-8.286917019268858e-05	0.0003299084860565754	0.0031847996019395753	0.0001243495612340517	2.1725298886283104e-05	0.002786643535828274	-0.023299112733785737	-0.006068255008515265	-0.00013380120450060914	-0.0012801643717920254	0.008831228415089447	-4.4104411502385765e-05
9.43	-0.00027733917131539257	0.00019498122986426458	0.00318453476105015	8.269308970829868e-05	9.734467052699928e-05	0.0027866470362291314	-0.01394316509597346	-0.01979484080769457	6.638552848854203e-05	-0.006696714586740534	0.0056830381192675234	2.8525844410117687e-05
9.440000000000001	-0.00033897433948280935	-3.3662320593398864e-05	0.0031858966642660633	1.204426703494725e-06	0.00012654730659311127	0.00278724147793258	0.002135900899703815	-0.02400720212705649	0.0001796250453674069	-0.008927199105929876	-9.07518248607749e-05	8.290297333689342e-05
9.450000000000001	-0.00023819787720199227	-0.0002458927854615716	0.0031877248893497885	-8.133465089834967e-05	9.541320159220219e-05	0.002788511498165957	0.01717292917854524	-0.016664312445442045	0.00015791631581976256	-0.006885002777215178	-0.00587275559119487	0.0001581394243864445
9.46	-2.3547456536686276e-05	-0.00033978430569323726	0.0031887100172531477	-0.00012496779185152548	1.8476010640815744e-05	0.002789643996016978	0.02398325446300767	-0.0013279985645413346	1.8282134379108686e-05	-0.0014742820706326858	-0.00887117505496026	7.734812330632287e-05
9.47	0.00020233127342631703	-0.0002706238435471072	0.0031884609737137045	-0.00010829983597363252	-6.753912116508172e-05	0.0027895986962655295	0.019295409781798854	0.014585215364166251	-6.559541378476001e-05	0.004665880786480708	-0.007567430794159479	-8.602342588154948e-05
9.48	0.00033119141787061517	-7.174671235273679e-05	0.0031873756018706515	-3.9450193388982315e-05	-0.00012111433085320607	0.002788216792947287	0.005403284378002833	0.02351586557332091	-0.00015527418137820407	0.008515300178112842	-0.002679616595603466	-0.0001567910922860109
9.49	0.00030138519132075724	0.00016149209194669316	0.0031857959170219887	4.832503841248235e-05	-0.00011651713230679988	0.0027867992073806976	-0.01108294261220204	0.021182145818744214	-0.00012851346884591974	0.008282109873803761	0.0035496685765701295	-9.099058048548391e-05
9.5	0.00012708544138355916	0.00031726340053484523	0.0031849732042154725	0.00011315725488911234	-5.591373341450886e-05	0.0027865546805612568	-0.022307580223701627	0.008665952438947794	-3.554222826637941e-05	0.004121658107783599	0.008050836438397102	4.7399537548074844e-05
9.51	-0.00010841015055714908	0.00032101559607188425	0.00318540543723494	0.00012379647957568176	3.142689696936784e-05	0.002787199603431758	-0.022820479742418878	-0.007950473029281209	0.00011255858337625155	-0.0020697541532168455	0.008674659172629313	6.430889389436605e-05
9.52	-0.0002920511031810366	0.00017104347220490344	0.0031867125789037795	7.516101455505831e-05	0.00010351913345005259	0.0027878692752471993	-0.01236846747215689	-0.020803842922951454	0.00013453863711192752	-0.007276581806659071	0.005147571091393458	6.174294346301205e-05
9.530000000000001	-0.00033579495884416367	-6.104579954376771e-05	0.003188087654989111	-9.763915892407427e-06	0.00012583917386380802	0.0027883284568119343	0.003986674094028081	-0.02365900612497603	8.626150289321575e-05	-0.008981241889380863	-0.000861850603274521	3.5113986073552903e-05
9.540000000000001	-0.0002183415799535243	-0.00026400399358529673	0.0031884276638895386	-9.014248262449021e-05	8.777341276016814e-05	0.002788534569158254	0.018501597482242116	-0.015189646073486666	-2.2866981045115446e-05	-0.006407190937639862	-0.006436922753432415	2.4861820539900174e-05
9.55	4.0213009552673415e-06	-0.00034025672726576464	0.0031878464585734572	-0.0001275186761930934	7.5554384896842975e-06	0.0027883711139135453	0.02408225664736438	0.0005915616194133648	-8.819861746301095e-05	-0.0007317694203111908	-0.00891897109586713	-4.235950177642263e-05
9.56	0.0002243085975345003	-0.00025322570848934303	0.0031868633703371466	-0.00010364560054696487	-7.624544832340566e-05	0.002787830248379325	0.018120406474507467	0.016069177338340544	-9.826123368305416e-05	0.0052995261192340685	-0.007132702669120413	-6.150570235006853e-05
9.57	0.0003369298775870865	-4.50587233119173e-05	0.003185937145871962	-3.000368684572643e-05	-0.00012349201990513375	0.002787399574493825	0.0034619376987211382	0.023818267556206224	-7.83360510838336e-05	0.008792905925722521	-0.0019160361269551125	-3.002671519941099e-05
9.58	0.0002878461115771111	0.00018462668797707363	0.00318509972747397	5.8060987948689305e-05	-0.00011180804420812838	0.0027872705725145285	-0.012845396854661144	0.020175625771085018	-3.311718217326579e-05	0.00808459339041552	0.004178177767194769	7.575507909985969e-06
9.59	0.00010073087533377724	0.00032564208374858436	0.0031852967653858764	0.0001183277564820275	-4.674609144250557e-05	0.002787616599353379	-0.022983976318439774	0.00687757916365833	5.015358645166395e-05	0.00346708770860698	0.008298459312338434	4.163330271111631e-05
9.6	-0.00013440505187509895	0.00031081597690598643	0.0031862730582821646	0.0001220799531733652	4.079980393291498e-05	0.0027879665801287907	-0.022068028023404438	-0.00970613587681421	0.0001353686683599091	-0.0027670283632310632	0.008487185007889992	3.081204466046852e-06
9.610000000000001	-0.0003045957022340673	0.0001470865857957328	0.003187667273184925	6.743411677416108e-05	0.00010900913306777106	0.002787860241636974	-0.010568492089581532	-0.02167528282972794	0.00012386714748528917	-0.007707462642258049	0.004584736136503879	-3.4094348295401366e-05
9.620000000000001	-0.00032878334624536677	-8.73609435889594e-05	0.003188453528499087	-1.96376874322532e-05	0.0001248468617479767	0.0027874892796792114	0.005927870805525379	-0.023232174837992125	2.704905475068591e-05	-0.008944594746003261	-0.0015607647724072565	-4.219288644114498e-05
9.63	-0.00019541778809171128	-0.0002795908208583572	0.0031880458134341226	-9.714341486129175e-05	8.048662114067556e-05	0.002787452771716553	0.0196164234811788	-0.013601540401208312	-8.857172083498766e-05	-0.005895626251108695	-0.00691937246693307	4.393937377357165e-05
9.64	3.1730812609021504e-05	-0.00033770340751795467	0.0031869493653702125	-0.0001280921671071909	-2.3841998627207485e-06	0.0027880107668240197	0.023906540595375978	0.002461481983663855	-0.00011603404951410776	-4.8622723545988385e-05	-0.008965706279250318	5.52255201967605e-05
9.65	0.00024379539842190738	-0.00023404759565980526	0.003185729855963879	-9.764099636739188e-05	-8.41492446527813e-05	0.0027882801301633386	0.016736634166158313	0.01738277223768905	-0.00010513751749155248	0.0058622782338042445	-0.006697945615152281	-4.641899871519177e-06
9.66	0.00033931127759001507	-1.8065436121580673e-05	0.0031853548719560153	-2.043765467837566e-05	-0.00012563050926975904	0.002788190305839771	0.0015458080436876187	0.02397702585792955	2.7673906140419968e-06	0.008921186740277625	-0.0012414366856352004	-3.291018161421803e-05
9.67	0.0002721483510464599	0.00020672246718923232	0.003185546738582793	6.643288193037189e-05	-0.00010704903803947073	0.0027880656790248526	-0.014408271534555131	0.01910076124267248	6.291709331137587e-05	0.007725352280117782	0.004816390311451877	-9.952335630693088e-06
9.68	7.450379778809842e-05	0.0003327747361435954	0.0031866245299290996	0.00012141695942174415	-3.7131455970419266e-05	0.002788153845028556	-0.023479714273105707	0.005043040504850141	0.00012738738338526312	0.002814800069030514	0.008589585229251951	7.2234384311272814e-06
9.690000000000001	-0.0001590001865066562	0.00029916102260478083	0.003188017362243167	0.0001182839107607319	5.0655488880138116e-05	0.0027882830902645414	-0.021261842310996957	-0.011477850250937588	0.0001498874350796437	-0.0034432202490091244	0.008227428334666612	9.822442375603656e-06
9.700000000000001	-0.0003162353644597164	0.00012183147272495569	0.0031890452490588197	5.827435415916282e-05	0.00011413608910610068	0.0027880876683232855	-0.008838460414482241	-0.022475358548838652	1.8101748246905677e-05	-0.008053251488242057	0.003950695323008418	-4.168986956773737e-05
9.71	-0.00032145277084539496	-0.0001138617004795028	0.003188518051703808	-3.0015315728683127e-05	0.00012304314194955008	0.002787645076569398	0.00782964211801521	-0.02268026425863457	-0.0001262861190715421	-0.008824732042863425	-0.0022188854555841965	-4.187907248804162e-05
9.72	-0.00017239557409950323	-0.00029470440751067187	0.0031869151742993495	-0.00010388874580859336	7.330405631079031e-05	0.0027873619111484973	0.020712670113358086	-0.011982352891767838	-0.00016587959516794424	-0.0053292485296975	-0.0073393227653374615	-1.8968473366960872e-05
9.73	5.897394275560165e-05	-0.0003339495717649191	0.0031855447436609174	-0.00012810064759703798	-1.1756442873573816e-05	0.0027874031636387	0.023642886329049196	0.004452785507217848	-8.936893374966585e-05	0.0007153999047472289	-0.008950275607943821	4.2596964803590356e-05
9.74	0.0002621767022635007	-0.00021323031925371197	0.003185332410780757	-9.083648472111288e-05	-9.08168787939079e-05	0.0027878864999773987	0.015300286993990631	0.01869257048967459	3.970190238429577e-05	0.006435551780511873	-0.006210978731743728	4.660030329397936e-05
9.75	0.00033999981866635124	9.547832454098842e-06	0.0031862983127320466	-1.0081384148784484e-05	-0.00012600757785250475	0.002788170615743156	-0.00038645386582721514	0.02399476510227588	0.00010277843733058387	0.009021682637414239	-0.0005506361357827863	9.258694940399255e-06
9.76	0.0002546366405866447	0.0002277949446938669	0.0031872546281118677	7.548851873949894e-05	-0.00010094304201355976	0.0027880771807014923	-0.015958028669066263	0.01782404772344942	7.79666246228614e-05	0.007346773685528697	0.005360112386224493	-1.517969328679036e-05
9.770000000000001	4.6723306060784145e-05	0.0003369336099963585	0.0031878758154577176	0.0001248963703916195	-2.7507884940712078e-05	0.0027880229331972164	-0.02385726417955005	0.003102521419764153	2.8916304459918362e-05	0.002122742313132873	0.008710232669078765	1.811218178819908e-06
9.780000000000001	-0.00018356583791368959	0.00028446152990369825	0.003187858618689043	0.00011450601292136331	5.891514367698911e-05	0.002787721506525997	-0.020264157759893545	-0.013136163830291786	-2.4109447553058235e-05	-0.004122576510452893	0.007867795163809085	-4.5206723223356454e-05
9.790000000000001	-0.00032571868085474	9.54768581568264e-05	0.0031873011395500248	4.9020570365878315e-05	0.00011704620455514804	0.002787325436840315	-0.0069721611639058595	-0.023071811509289903	-9.444082484877637e-05	-0.008433471197748373	0.003259863199004005	-2.9785395984363555e-05
9.8	-0.00031169480996154206	-0.00013941407323740773	0.0031860980955769514	-4.0387331286984266e-05	0.00011876915730779285	0.002787334638259521	0.009644402664120035	-0.02192359263123012	-0.00011117414783222509	-0.008679222659275716	-0.002910884644852916	2.5102480954588863e-05
9.81	-0.00014837156557157154	-0.00030752399629551243	0.0031853658503296187	-0.00011055216395494822	6.355617110210174e-05	0.002787870759602054	0.021643779970218553	-0.010277687239000606	-2.4508289327238023e-05	-0.004743580330746013	-0.0076703247185170185	6.302471201742578e-05
9.82	8.58597265134914e-05	-0.00032830167407218335	0.0031856149342863157	-0.00012745996047524858	-2.1847676685612596e-05	0.0027883789162862537	0.023249330806091605	0.0063036384174848204	7.378390304641844e-05	0.001495522765448201	-0.00869505959119205	3.250784709764398e-05
9.83	0.00027885500468232576	-0.00019157539048393485	0.003186862442716758	-8.310737589232576e-05	-9.669242206173063e-05	0.0027884916988749407	0.013730236865128254	0.019896639444824126	0.0001460699711069225	0.006998388460196558	-0.005628185481313297	6.145616045766202e-06
9.84	0.0003380415742425154	3.714734373788635e-05	0.003188304610871214	1.2849620937127986e-06	-0.00012516009073219945	0.0027884575597249823	-0.002394860144794352	0.023930274683103724	0.00012665599398758372	0.009152990318896444	0.0001666557439186744	-3.989204016701922e-06
9.85	0.00023481708003480567	0.0002479844724094454	0.0031889376408556877	8.534545939427509e-05	-9.357237786617715e-05	0.0027883683407431293	-0.017379324635549052	0.016480458268354283	6.994113672714737e-07	0.006926126843125386	0.005895460361734981	-2.967556897954482e-05
9.860000000000001	1.8507884296594098e-05	0.00034000491871979244	0.003188174864261651	0.0001283191646133631	-1.6785008511037472e-05	0.002788057936616551	-0.02404479071991721	0.0011452675712796732	-0.00012612684642714363	0.0013210999161847867	0.00881949753578062	-4.1581850721691145e-05
9.870000000000001	-0.00020690975446134647	0.00026897600972745623	0.0031866587553550586	0.00010965918527257146	6.832918461584887e-05	0.0027878192579063816	-0.01913981705477647	-0.014738554235412777	-0.00014366194670178725	-0.0048885021385964905	0.007468645366203153	-2.6732113327218628e-06
9.88	-0.00033310579236548154	6.903387152655593e-05	0.0031854153466186	3.8641162824904504e-05	0.00012057439903558524	0.0027878315188657413	-0.005043982223158825	-0.023560373008993496	-0.00010348655654134371	-0.008746484523630464	0.0025314196631318147	-1.0203514551402924e-06
9.89	-0.00029962595026683525	-0.00016412968977942694	0.0031847298512271806	-5.0944650417189554e-05	0.00011490787629380461	0.002787947156392369	0.011485545942511725	-0.02110327766786734	-1.612456358853486e-05	-0.008413883559325678	-0.0036106041410056567	4.4211784486446514e-05
9.9	-0.00012219979231744226	-0.0003189437141314061	0.0031854866567339857	-0.00011612841174425719	5.4554008928122943e-05	0.0027882775526450964	0.022513048839726903	-0.008554496244121723	0.00014245199010541184	-0.004043053650278001	-0.00797860069709636	4.264513438376061e-05
9.91	0.00011412028963513956	-0.00032099438856802184	0.0031872003533914887	-0.00012531813583129442	-3.180165777721237e-05	0.002788562132834384	0.022751936633603632	0.008168036669197368	0.0001661066160216739	0.0022632531570397907	-0.008550467339213302	3.130826337399275e-05
9.92	0.0002955555571806853	-0.00016914063440092328	0.003188383934048731	-7.416583214451614e-05	-0.0001028792930547765	0.00278862397279013	0.01201743932845393	0.020946427358028277	4.0370849156489815e-05	0.007529587726142677	-0.005048001191462791	7.616457664939993e-06
9.93	0.0003351397100974649	6.398246125171007e-05	0.0031881203049780346	1.2951737259139887e-05	-0.00012446300521184406	0.002788504220359204	-0.004425879556716668	0.02372161325977433	-8.250624486913625e-05	0.009152598408641202	0.0009141010045683875	-2.3417428806480974e-05
9.940000000000001	0.00021403326021451378	0.00026645381132753266	0.0031870183822559762	9.41709106784058e-05	-8.63021024857186e-05	0.002788042031337614	-0.01877491586085589	0.015110070746752264	-0.00012306264501385917	0.00639576764141037	0.00641673742981141	-5.4571780685627604e-05
9.950000000000001	-9.94875815077218e-06	0.00034124436174079594	0.003185827157018458	0.00013056528215282413	-6.52435676452036e-06	0.0027875062214668075	-0.02412642572081438	-0.0007772181114407187	-0.0001092263604203057	0.0005748537182113099	0.008874104370875815	-3.855002395263974e-05
9.96	-0.00022922691491791356	0.00025212057397901036	0.003185105000717609	0.00010453663978999586	7.66741676171373e-05	0.0027874862323250572	-0.01790673121596193	-0.016304325866983528	-4.1766827380206495e-05	-0.005524443096030978	0.007055584684883419	3.223003705329337e-05
9.97	-0.0003391838631896137	4.190279412549399e-05	0.003185015526812977	2.8921027415628686e-05	0.00012337973895153298	0.002788170394548301	-0.0031343277654741	-0.023960445562163854	2.9585215203169194e-05	-0.008959165946043991	0.001896946809102295	9.454554336277929e-05
9.98	-0.0002870371940771178	-0.00018819706575112953	0.0031856562790724616	-6.025336826171298e-05	0.00011138694668607654	0.0027891533313333795	0.013150205791871043	-0.02013937027769836	9.1785198443264e-05	-0.008136969005914511	-0.004192587429676215	6.235162444437434e-05
9.99	-9.74105327058043e-05	-0.00032798172499240224	0.003186927776184304	-0.00012049331462488845	4.631234045561993e-05	0.0027895475107567306	0.02318592338059257	-0.006655266278892401	0.0001468453770372143	-0.0034127777542935786	-0.008288174512929847	-9.737005060455058e-06
10.0	0.00013875713060319087	-0.0003103806907446916	0.0031880597893867587	-0.00012300592157003622	-4.0740767886726264e-05	0.00278912437734387	0.02207416382283686	0.010054275446003218	7.251294008096038e-05	0.0029388456649478423	-0.008407557828807356	-7.611970849652563e-05
10.01	0.0003081838271472809	-0.00014369196264539852	0.00318823401195068	-6.66036363392266e-05	-0.00010814010524071467	0.0027884378292740305	0.010389071707678976	0.02187531992413182	-5.9311486847165665e-05	0.007863361489433389	-0.004503953542954275	-4.637979470402077e-05
10.020000000000001	0.00032957870340003854	9.142733879725973e-05	0.0031870514115424314	2.173275607055003e-05	-0.0001236926636975212	0.002787769474830968	-0.0062857038399206575	0.02317438153365202	-0.00013039641633579748	0.009056248752635459	0.0015306178654339155	-6.595135458285266e-05
10.030000000000001	0.0001928966036022844	0.0002824395525786958	0.0031856961407130723	9.980645967094183e-05	-7.986261188452284e-05	0.002787218847442465	-0.019904159977176147	0.01340927320810035	-0.0001440411477453512	0.005915052191156665	0.006841815318283179	-2.7167835842247113e-05
10.040000000000001	-3.621860831071092e-05	0.0003376799988901634	0.0031845322082229787	0.00013025798019068212	2.2697942063027654e-06	0.0027870821273136732	-0.02400550897087309	-0.0027978035647732344	-6.394450995126083e-05	-7.554647130213971e-05	0.00887873213488098	4.959890519300842e-06
10.05	-0.0002480424920609194	0.0002310785311498177	0.0031846505910723584	9.811396517176251e-05	8.322671223331512e-05	0.0027870698200614394	-0.016583544381048098	-0.017624867261618517	0.00010447611068488616	-0.0060655836190034226	0.0066426468734203745	-6.875741678801254e-06
10.06	-0.0003411983916716934	1.3625828437287404e-05	0.0031859163218363865	1.8940577176496797e-05	0.00012416476980695707	0.002787260420502276	-0.0012299520745760347	-0.0240470533008637	0.00012351959922224557	-0.009098743510375578	0.0012052085039738999	5.3065251918527327e-05
10.07	-0.0002705474618398392	-0.00021048452551707488	0.003187065243656444	-6.929678747186801e-05	0.00010547620523011587	0.0027879421000679312	0.014768691623826524	-0.018872843212701548	9.893850306851205e-05	-0.007775693402956325	-0.004769660869298156	7.096077162855375e-05
10.08	-6.998671625458455e-05	-0.00033348436501735466	0.00318784128240302	-0.00012406181476812248	3.6406609010160454e-05	0.002788781932559842	0.023673782781137496	-0.0047017816148009536	5.645944130689337e-05	-0.0027238670764662357	-0.008463444177775573	8.329368127411014e-05
10.09	0.00016439397891491344	-0.0002966593803493821	0.0031877732945583322	-0.00011925839381877543	-4.99967135350133e-05	0.0027894076148164385	0.021226512628501462	0.011731557551615637	-6.399810867954863e-05	0.0036281404030779857	-0.008104039894255222	4.97042157263358e-05
10.1	0.0003199263896201577	-0.00011776461005725759	0.003186980859481531	-5.740658693975527e-05	-0.00011245135699012593	0.0027895339059274067	0.008559861951978612	0.022547745061843098	-0.00010310459588713576	0.008233747742956979	-0.003857982519901277	-2.776307518680655e-05
10.110000000000001	0.00032185750067271264	0.00011752117756031605	0.0031857299073451565	3.184619463866979e-05	-0.00012098708709120632	0.0027889923996086367	-0.008157899761596003	0.022558632930339856	-0.0001259369369933202	0.008873357640273936	0.00218643815401445	-6.404396639895439e-05
10.120000000000001	0.0001697909789098269	0.000296613192584491	0.0031848617445987227	0.00010545396229709653	-7.173223860979154e-05	0.002788108863746334	-0.020981442386227754	0.011748704009662641	-1.2752308989959637e-05	0.005260133598317951	0.00724072038150071	-9.834762030265836e-05
10.13	-6.365453265958907e-05	0.0003332468426068497	0.0031855772274729972	0.00012867391659981156	1.2115052158180702e-05	0.0027873791819259743	-0.02375877336503553	-0.004689829903459482	0.0001131462608161442	-0.0008069173536277556	0.008798481103450505	-3.61748585261146e-05
10.14	-0.0002664450372755689	0.0002103653915041812	0.003186923973193911	9.020523318519921e-05	9.011821114297338e-05	0.0027872798279212083	-0.015099933436681388	-0.018854574791607768	0.00012926679598203075	-0.006554688070574083	0.0061229956403359345	2.5120926415592595e-05
10.15	-0.0003411165100796121	-1.3366802887832225e-05	0.0031878691829992003	8.403852284036097e-06	0.00012477893183826828	0.0027878576894599604	0.0007863047932664229	-0.023994133792748357	3.234223719795617e-05	-0.009123666302212457	0.0004978787784161022	9.953845722472437e-05
10.16	-0.0002521615622048796	-0.0002302622953362817	0.0031876520069590427	-7.725912455875196e-05	9.936406450498765e-05	0.002788913549506342	0.01625906525300769	-0.017595337316900498	-6.939289807112452e-05	-0.00728585472627247	-0.005363248251644582	9.094757082313042e-05
10.17	-4.231173348853724e-05	-0.0003369545049790651	0.003186823361106983	-0.00012569653571663862	2.644679121524551e-05	0.0027894111891620167	0.023943396443277132	-0.0028794521071790367	-8.663231969130647e-05	-0.002010262821873986	-0.00863301048471424	-1.9298198877197182e-05
10.18	0.00018784189153331072	-0.000282804333012578	0.0031860509332220944	-0.00011419694230226363	-5.9114989690601794e-05	0.002788866955884509	0.02013560436581667	0.013268811401388836	-6.407262647452184e-05	0.0041925508955159745	-0.007784797107068182	-8.577532467223506e-05
10.190000000000001	0.00032743797173221653	-9.33057837221603e-05	0.0031855598721650053	-4.871281744173071e-05	-0.00011669470490530514	0.0027877310176711427	0.006621587285867791	0.023040020427134867	-1.5878552446991066e-05	0.008382286617692362	-0.003248489857679932	-0.00012064650648825595
10.200000000000001	0.00030993714242044326	0.0001404542807038608	0.003185506460497409	3.983430904888443e-05	-0.00011865285022193684	0.002786699057449657	-0.00997679495098804	0.021774352704678968	3.1435321900130584e-06	0.00858771660701875	0.002884456684706326	-7.64357855878635e-05
10.21	0.0001439444425202776	0.0003069007942289657	0.003186259476848274	0.0001093037918587418	-6.409147046260918e-05	0.0027864066132923413	-0.02181461705062021	0.010102858301844205	0.00015110977368439503	0.004701891627038053	0.007608263318886784	-1.2077167616102674e-05
10.22	-9.10398705207118e-05	0.00032635109921621695	0.0031876838090689383	0.0001263218475126175	2.1225305703869717e-05	0.0027865619092709176	-0.023207121434711157	-0.006396323703102595	0.0001326577463638696	-0.0014575416546242876	0.008751787450388761	1.651743368268468e-05
10.23	-0.0002823079535181419	0.00018919679176994706	0.0031883033104191244	8.22810341288478e-05	9.66019784240506e-05	0.0027869252422195096	-0.013436079774111818	-0.01988401959651491	8.387958651324613e-06	-0.006962917780148164	0.00568699682634159	7.242853516860478e-05
10.24	-0.0003377015069630826	-3.873997548616724e-05	0.0031878457522412384	-1.4476089241148027e-06	0.00012561881286559027	0.0027878184460493082	0.00278201029591835	-0.023758918657591114	-8.55989038201774e-05	-0.00908232542370365	-0.00012231580848470782	0.00010154472679896803
10.25	-0.00023107260042008165	-0.00024750794782988283	0.003186914398012252	-8.443858342999707e-05	9.450708258783663e-05	0.0027886660082533576	0.01763874847074934	-0.016260365569066217	-0.00010008627507994987	-0.006817743582338581	-0.005841180860593117	7.928662792378336e-05
10.26	-1.3616210088091815e-05	-0.0003376841736191758	0.0031862222042586567	-0.0001269434508070482	1.818764601397151e-05	0.0027889226767589103	0.024026032333294402	-0.001029847969980772	-4.679359855389896e-05	-0.001315817682936717	-0.008789597902237727	-3.580388343256968e-05
10.270000000000001	0.00021046644080753083	-0.00026600332818600106	0.003186094860101048	-0.0001085313851843178	-6.688769150181021e-05	0.002788371581031419	0.01892502972839737	0.014736581857529529	2.925183951002229e-05	0.004841381367219376	-0.007518374744860691	-6.591886678629484e-05
10.280000000000001	0.00033390508298472	-6.660590614495206e-05	0.0031862983293121966	-3.8123954435480594e-05	-0.00012020305042785754	0.002787737670439628	0.0046923458692297235	0.023460321102586078	-2.072866308523596e-05	0.008645964305399293	-0.002685560205677197	-6.538375172737991e-05
10.290000000000001	0.00029683136521258327	0.00016484943488111236	0.0031862749647363076	5.0350397987157266e-05	-0.00011595678763403533	0.002787195802803229	-0.011794420099842448	0.020876851263681433	3.905533766670773e-06	0.008303851946283886	0.003514038688424065	-5.3961191806049885e-05
10.3	0.00011736620227223249	0.0003173094933705364	0.0031866659161568778	0.00011448393757661786	-5.5715449456915524e-05	0.0027868712123688103	-0.022581032261435423	0.00833697174659371	5.996167430953696e-05	0.0039972742590924475	0.008025016892443304	-1.347723163490399e-05
10.31	-0.00011807313704351532	0.00031794436109138435	0.003187184800521863	0.00012358553567838455	3.1487654126431276e-05	0.002786911239173455	-0.022531363430472538	-0.008233066108813365	4.409965993426355e-05	-0.002254158402648506	0.008682174317074529	2.6880062082996472e-05
10.32	-0.0002965572910848646	0.00016605834778020843	0.003187283679909572	7.330402804120091e-05	0.0001038887766855501	0.002787393484667961	-0.011656876409584222	-0.0208622369749113	-2.0737247465725752e-05	-0.007394495561489965	0.005165864104164935	6.191894201345206e-05
10.33	-0.00033247052914439455	-6.543671030349826e-05	0.003186780447155968	-1.2289111036914059e-05	0.00012648011127996538	0.0027882419417357366	0.004765277189910123	-0.023486525962788423	-8.20157720718237e-05	-0.00900793986136305	-0.0008528370042268288	9.959962206911048e-05
10.34	-0.00020904526604915437	-0.000265609020536445	0.003186109649997571	-9.208049651943987e-05	8.859755220431287e-05	0.0027890336685751404	0.01888288753393939	-0.014858098918983624	-3.8855285135202524e-05	-0.006270434766529503	-0.006420482953129	7.213015207810402e-05
10.35	1.4704321670504744e-05	-0.0003387115301437928	0.003185923605670111	-0.00012749676737233343	8.580397258516316e-06	0.0027894670979361864	0.023973975111349174	0.0008708019060666274	2.7609924688142784e-07	-0.0005183137713944059	-0.008914774389124584	2.186104944877428e-05
10.360000000000001	0.00023147460133336793	-0.0002494825496154885	0.0031862379092281803	-0.00010179997750554957	-7.53457920557372e-05	0.00278964087918311	0.01755770439705618	0.016236742096807897	3.464899250108782e-05	0.005447502094299738	-0.007168833428860282	6.53166243306999e-06
10.370000000000001	0.0003371701117487514	-4.0354289137795704e-05	0.0031867465922804433	-2.7441906263530004e-05	-0.0001231726662009285	0.0027895279457548034	0.002721493619552788	0.023827307865534112	5.937392791852513e-05	0.008807506925559589	-0.0019913503663560217	-3.6760449461467394e-05
10.38	0.0002813718593264505	0.0001881262483983776	0.003187206506185122	5.984241801616987e-05	-0.00011197574562131393	0.0027886868389453224	-0.013400682586878397	0.019972720065985095	2.5225673340947727e-05	0.00796422817760574	0.004148752498182123	-0.00012608387964313782
10.39	9.076854355173373e-05	0.0003265406174801457	0.003187446931866453	0.00011873562854977554	-4.6775620884231735e-05	0.002787206404380522	-0.02312735503846266	0.006548224936790368	6.14113327947558e-06	0.003308239243929046	0.008318040122846714	-0.00013517429265060398
10.4	-0.00014330573715326238	0.00030825065869740937	0.0031870400901631716	0.00012046952963866728	4.09829029304425e-05	0.0027861428291088204	-0.021710045046855645	-0.01008196102963162	-9.110560964359432e-05	-0.0029783493059907466	0.008470837824001957	-5.562609206147947e-05
10.41	-0.00030865375622180885	0.00014163337746875106	0.0031859975498379663	6.428212986046196e-05	0.0001091905682673951	0.002786057640512784	-0.009958683002962744	-0.021831412682621523	-6.574827565886988e-05	-0.007786114109813054	0.004568920719350459	2.0357433336345555e-05
10.42	-0.00032631116046301665	-9.282764828446212e-05	0.0031855733209652623	-2.301871630050191e-05	0.00012495059366171088	0.002786614048223931	0.006590252729845146	-0.023082869437802054	-4.369751750177305e-05	-0.008916505036683032	-0.0015344212992545326	8.772153595655933e-05
10.43	-0.00018738690346336334	-0.0002828395975229965	0.0031857193693866684	-9.9388740493589e-05	8.092438542858653e-05	0.0027877185371826436	0.020012673185516906	-0.013311488621905954	7.818583425066455e-05	-0.00569878732480543	-0.006885880327926659	0.00012823531030551783
10.440000000000001	4.120422526590271e-05	-0.00033753312055931497	0.0031866107819223002	-0.00012790907211616674	-1.6615576052828505e-06	0.0027889226800331735	0.023783395866920253	0.0028255658221206692	0.00010223264759014556	0.00022859687814513475	-0.008923482940603718	9.617732930355216e-05
10.450000000000001	0.00024971433352152285	-0.00023075199489811668	0.003187467859540479	-9.519363840339639e-05	-8.317948038353544e-05	0.002789803288776621	0.016177316950249862	0.01761417516160361	3.26515123008803e-05	0.006045618670957196	-0.006685749220626361	6.545468006204402e-05
10.46	0.0003384518713564784	-1.3767500021198104e-05	0.0031877471434903506	-1.7089303269980765e-05	-0.00012445495546817466	0.0027899305043530866	0.0008582709509628874	0.0239857001318761	2.540021065281303e-05	0.008927095065003755	-0.0012051962891627846	-6.868915239018541e-05
10.47	0.00026511161951026937	0.00020997641359953202	0.0031876886798455494	6.870990583785334e-05	-0.00010562058552093859	0.002788977339599373	-0.01489058821875057	0.018889852939010517	-3.2015747519164695e-05	0.0075281359454230715	0.004808799146110484	-0.00012248438322255985
10.48	6.49580540131694e-05	0.00033323256057824115	0.003187245432057476	0.00012098534242223305	-3.62754428428967e-05	0.002787644837247515	-0.023479602635834016	0.004713015734065477	-4.612357123859197e-05	0.002525217708751209	0.008496142510387843	-0.00012645487353482265
10.49	-0.00016626014846830416	0.00029683951553471834	0.0031865256687784215	0.00011518387383312887	5.059418376687375e-05	0.0027864845590204463	-0.02077767052656723	-0.011690148685780166	-6.893093840631253e-05	-0.0036344853677173286	0.008140470124297756	-0.00010258140598892961
10.5	-0.0003173554601096301	0.00011807222516412167	0.0031860692747188632	5.4225726628008126e-05	0.00011307882274167266	0.002785977688609835	-0.008197756905149135	-0.02255867867982071	-1.8219624791136792e-05	-0.008048353608353128	0.003835098718909304	8.682283188119436e-06
10.51	-0.0003168526897368952	-0.00011757143024126041	0.003186287466209029	-3.2640496118358796e-05	0.00012121706586484659	0.0027864740780955545	0.008289010578236255	-0.022588602751868463	6.1007580983614334e-05	-0.008599605050323646	-0.0022782239909145295	8.549757300892466e-05
10.520000000000001	-0.00016489336298671918	-0.0002972208520008322	0.0031872108220170133	-0.000103850841862632	7.099931643490268e-05	0.0027876077074157723	0.020843970741500666	-0.011824992060586058	0.00010445593708445287	-0.005046588681709739	-0.007328849499132166	0.00013038765334811176
10.530000000000001	6.60213154130755e-05	-0.00033463556660745975	0.0031880630642416043	-0.00012538054295788088	-1.3493949609936178e-05	0.0027888043915679636	0.02340173096029533	0.004677987215165051	4.1169166909909036e-05	0.0009076135373647747	-0.008853923419348961	0.00012086947564460515
10.540000000000001	0.00026505472436201246	-0.00021161401417672847	0.0031880852447267074	-8.681246246035215e-05	-9.16656412974795e-05	0.002790048693266794	0.01475033050266264	0.018907304541362965	-4.842074874254926e-05	0.006471503198823051	-0.006117867402041547	0.00010203048440147847
10.55	0.0003373205605177062	1.278981319870442e-05	0.0031875502216243525	-6.67282433571513e-06	-0.00012552407490686924	0.002790364718137375	-0.0009017266314348303	0.024079842152269455	-6.890191309820798e-05	0.008856639368826368	-0.00038709635559369535	-7.116858506333789e-05
10.56	0.00024825332281498827	0.00023113303563528247	0.0031869144877632637	7.630964344099931e-05	-9.922920597093547e-05	0.002788966053777788	-0.016178688435643906	0.017762136830465135	-5.5148905545228606e-05	0.007044113611076178	0.0054260717751595505	-0.00017964421401982458
10.57	4.022613146473879e-05	0.0003387553352954694	0.0031865936188071927	0.0001227328719705258	-2.5733496353278434e-05	0.0027869516686116654	-0.023702279406555452	0.002871847839934115	-4.694787561307332e-05	0.001862418298330255	0.008652656669596234	-0.00018860454013798998
10.58	-0.0001870107556260376	0.0002839247279505634	0.0031860503308397225	0.00011039978687150065	5.9851679011933296e-05	0.0027855676275055515	-0.01983459453745289	-0.0133647628536369	-4.3828393744041096e-05	-0.004253233271919281	0.007752393324566259	-8.042243682303752e-05
10.59	-0.00032442426949319883	9.31491218345171e-05	0.0031861670853815622	4.477244100759309e-05	0.00011675921164497491	0.002785193439199797	-0.00652010799038213	-0.023209447238942686	5.717347114730675e-05	-0.008310978213801975	0.003168775079847954	1.1361552202456192e-05
10.6	-0.0003065550163091319	-0.00014237371973235144	0.0031871267204304967	-4.248384512143512e-05	0.00011806299041394718	0.0027858561678650094	0.009953981255303519	-0.02191520208787089	0.0001317083462514952	-0.00838593102299859	-0.0029458236713570288	0.00013459173933372
10.610000000000001	-0.00014159359116356146	-0.0003096646445643817	0.003187959112726274	-0.00010942511588963552	6.261553018328681e-05	0.0027876200814306853	0.021665943004570646	-0.010133650037909595	6.355752954307256e-05	-0.00443880874527877	-0.007695490724570548	0.00018525915868523093
10.620000000000001	9.122356109082042e-05	-0.0003284029822657424	0.003188001782042893	-0.0001241693874600602	-2.342484089536856e-05	0.0027891561821562056	0.02294576759516295	0.006523038722990665	-4.210641783449549e-05	0.001641856812172794	-0.00877999613157184	0.00012144356324337877
10.63	0.00028040814312341926	-0.000189751883658324	0.003187402587630781	-7.930931263638623e-05	-9.860770089183104e-05	0.0027898814830710217	0.01328752891052077	0.020025019964985638	-7.871204060290568e-05	0.00692925754418341	-0.005623555294479897	-8.218837047087974e-06
10.64	0.00033522952463452456	3.974169331186431e-05	0.0031867316831676695	3.154574130023523e-06	-0.000126415543420671	0.0027892489425409613	-0.002773718504923734	0.023973298742058988	-5.105544483942497e-05	0.008883687824068945	0.00027790324627474173	-0.00011794864522199914
10.65	0.00022953481961208926	0.0002504297330805202	0.003186537530421435	8.375533114855847e-05	-9.367179982259908e-05	0.0027876449864065954	-0.017486807292354047	0.01639511741166586	1.67099302690318e-06	0.006566899933337884	0.006000006868808056	-0.00017157343824770893
10.66	1.3925847925188216e-05	0.0003409660364115035	0.003186786232345687	0.00012401041743943548	-1.5996443581210975e-05	0.0027863229749797436	-0.023804361128955225	0.000927362522017325	3.741925519384876e-05	0.0011662249240562363	0.00888226630504322	-0.00011203349503655788
10.67	-0.000208188756241335	0.000267625832587247	0.0031871802987200786	0.00010480941099295539	6.951859311855506e-05	0.002785654284592378	-0.0187367198093049	-0.014970811822241043	5.0717891301114e-05	-0.004828206861312009	0.007496827174941488	-2.1475977154698282e-05
10.68	-0.0003300263625486925	6.605313814656137e-05	0.0031876946874112204	3.518126986181632e-05	0.00012165936297063068	0.0027860182426816984	-0.004616128018963371	-0.023683025995935802	4.066454361559681e-05	-0.00850299901949034	0.0024773322127796945	9.713254844586817e-05
10.690000000000001	-0.00029327146948589385	-0.00016723973527967177	0.0031876705155708565	-5.170567876284878e-05	0.0001152185222978091	0.0027870873669684423	0.011663029347965873	-0.02101286019583836	-3.086472680068756e-05	-0.008106839276467355	-0.0037036951768645624	0.00012793459892597973
10.700000000000001	-0.00011583019582308249	-0.00032019297989681057	0.003187018979023033	-0.00011388950551739646	5.347317687939963e-05	0.0027880778142403816	0.022343155334872553	-0.00826105129977934	-0.00010323828311768272	-0.0037898297640637977	-0.008120264320946256	0.00011103630883192786
10.71	0.00011720774567374191	-0.0003192529400199174	0.0031861945583538573	-0.00012138741158085949	-3.3875399948451056e-05	0.002788795580754501	0.022310743923333633	0.008423333829662021	-5.6904431625111686e-05	0.0023578044898512774	-0.008600850008497378	3.7938112258509056e-05
10.72	0.0002941831057713154	-0.0001655551841259252	0.0031859062818277704	-7.08104305399689e-05	-0.00010465984292028681	0.002788755851370924	0.011607842669482138	0.021027515556023	3.5389686980223246e-05	0.0073281899973776385	-0.004962863492329253	-4.27109136469169e-05
10.73	0.0003303936647986642	6.72599093582655e-05	0.0031866396529591488	1.347170241191426e-05	-0.00012527715876366254	0.0027878628684889885	-0.004672823504978583	0.023602364922678018	0.00012407565312442324	0.008804412113469166	0.0010118724819411366	-0.00013261237302052741
10.74	0.00020827738718565556	0.0002681724337089303	0.003187838587869303	9.116206492328367e-05	-8.595372873443568e-05	0.002786888472179147	-0.01872295780382457	0.014882785721579181	0.00010036189128007977	0.0060723811811640195	0.0065315744000751606	-5.1481303988447144e-05
10.75	-1.352380175749913e-05	0.0003405053564886864	0.0031883867372634166	0.00012521726731245362	-5.146812714887887e-06	0.00278681359160921	-0.023779038216089305	-0.0010236236556909466	1.7881648783921044e-05	0.00046418239935963775	0.00894818278021571	2.5789015665169367e-05
10.76	-0.0002288148336992745	0.0002494045820505975	0.003188264945405459	9.936076865490021e-05	7.818012311428035e-05	0.0027871824967941787	-0.017477421512241503	-0.016439774736658565	-4.247479998946029e-05	-0.005416317320710449	0.007023458360092037	1.8789425254717886e-05
10.770000000000001	-0.0003344932062322056	3.882277519456316e-05	0.0031877906450258568	2.5951820757827096e-05	0.00012432889788180547	0.0027873183947668043	-0.002786875886750782	-0.023927502258802837	-6.394182148240272e-05	-0.008664744459191305	0.001804751473331781	2.2938775063411813e-05
10.780000000000001	-0.00027985348385757797	-0.00019018024596423574	0.0031869984034796233	-6.0044274517498946e-05	0.00011124259872101427	0.0027878406623135614	0.013262547193676007	-0.019951836952801404	-9.121022924587452e-05	-0.007801001322151339	-0.004321307932787141	7.444110447818399e-05
10.790000000000001	-9.107240293494572e-05	-0.0003276421330069852	0.003186393401890111	-0.00011727365127805193	4.4820703153767824e-05	0.002788566817708217	0.022904236019727936	-0.006411098620571198	-5.861007245022343e-05	-0.003169694413396269	-0.00840522400615211	6.773470974876418e-05
10.8	0.00014140464131287255	-0.0003083644305286084	0.0031860106036423765	-0.00011833744561735453	-4.311955705241579e-05	0.002789034729971354	0.02160560666206509	0.01012231756184387	-8.960295661223064e-06	0.0029508159572912474	-0.008441563029796283	1.3531649239558341e-05
10.81	0.00030615159545705704	-0.0001414692850250965	0.0031866776484746526	-6.302954844050186e-05	-0.000110283504939708	0.0027887976933471947	0.009974491133082877	0.02183738096585727	0.00012825975518518577	0.007654573854638925	-0.004433865400932372	-9.266987792554039e-05
10.82	0.0003245347521180117	9.293846265383372e-05	0.003187992901453821	2.2538339585116696e-05	-0.0001246878936462748	0.0027875758860053685	-0.006449468930792699	0.02307610245655156	0.00011487625242290575	0.008745964665712666	0.0016811755923782977	-0.0001412203250147541
10.83	0.00018730689673188635	0.00028238411656271884	0.0031885781425546006	9.7832130090145e-05	-7.92308324869287e-05	0.0027864587690542703	-0.019840815271672124	0.013233182459753924	-9.537477083666625e-06	0.005665928483425245	0.007050637274928228	-7.030510723212083e-05
10.84	-3.991476040214516e-05	0.0003363630729161152	0.003187952618524577	0.00012633947981494323	4.748136042870928e-06	0.0027864674102977354	-0.023699037574231762	-0.002914733899033423	-0.00010460604955334554	-0.00022604405734440332	0.009027937009064308	5.363353675578741e-05
10.85	-0.0002481497987563496	0.00022903855447911856	0.0031868852774348737	9.40936666702324e-05	8.654546213714267e-05	0.0027868468736861086	-0.016199541751669575	-0.01766149540501798	-5.753147022032939e-05	-0.005967708777669762	0.006652081123002963	3.6536195559114086e-05
10.860000000000001	-0.0003373072386664153	1.1817573989959443e-05	0.003186565151489454	1.6576284119208333e-05	0.00012682806713078474	0.002787358307438799	-0.0009048915644065915	-0.02394828587249212	-1.8769548529852724e-05	-0.00887820829059504	0.0010732740347009007	8.710593021425864e-05
10.870000000000001	-0.0002648465975948412	-0.00021097418783965318	0.0031864774849095145	-6.91528809498874e-05	0.00010620280266391584	0.0027881262107110494	0.01477087224315107	-0.018751143881842326	-1.5170052910530423e-06	-0.007520648885489993	-0.005024311482655769	8.570419725611553e-05
10.88	-6.577303401756403e-05	-0.0003330938965118485	0.0031866925213551167	-0.0001216501438386198	3.4684955917411805e-05	0.0027885296456841846	0.02336910310636308	-0.004651002562935488	4.179755368979683e-05	-0.0025572277260920645	-0.008678047063690077	-5.473722005861195e-06
10.89	0.00016481192281185534	-0.0002957091650473854	0.00318706339599158	-0.00011587954890947456	-5.338445725019563e-05	0.0027881797660145686	0.02082786481325747	0.01177225500717553	4.4684383813156124e-05	0.003656453771327881	-0.00818452140254828	-3.784583032397822e-05
10.9	0.00031666436167309835	-0.00011659346569422724	0.0031875480395402132	-5.451547121133958e-05	-0.00011588135505542176	0.002787761849274101	0.008258333301931856	0.022558122775667745	4.7515056100521264e-05	0.008097456233542903	-0.00380717583829536	-4.111318676840197e-05
10.91	0.0003168164287965066	0.00011863484015582725	0.003187754106075501	3.2857166073099345e-05	-0.00012316001314408874	0.0027873740206816344	-0.008231058784399125	0.022520164007639232	-8.494314024848825e-06	0.008663060815571388	0.0024239397273267942	-3.0236049040696796e-05
10.92	0.00016496756685633956	0.00029713915864222704	0.0031876143023379607	0.00010454456293430164	-7.125837607340732e-05	0.00278726726761199	-0.02086299377717344	0.011671499532706431	-2.1219989992895805e-05	0.005081191356099991	0.007515295887580659	9.337038929967859e-06
10.93	-6.626080293659569e-05	0.00033305833666021594	0.00318709009024954	0.0001261633370502427	1.4992387009678388e-05	0.002787429888835877	-0.023457404315229517	-0.004782303636093093	-6.163306756813132e-05	-0.0009469479408944276	0.009012717422428703	1.6263000505119441e-06
10.940000000000001	-0.0002658784895602716	0.0002093494836770954	0.0031866722702473638	8.712956312759176e-05	9.415941871407728e-05	0.002787537163271768	-0.014800225408053001	-0.01891690835343234	-2.676761732921215e-05	-0.006505611359419456	0.006148851703528981	3.239590741128032e-05
10.950000000000001	-0.00033846090751193334	-1.486205031763239e-05	0.0031867639478215916	6.401971561196654e-06	0.00012807910404015853	0.0027879201876059175	0.0009146935076381453	-0.024016247460925035	4.140700313678491e-05	-0.008930659556434616	0.0003753639578360741	4.9994987469310804e-05
10.96	-0.0002489012125331407	-0.0002318523123482922	0.003187055619897066	-7.712133663431345e-05	0.00010034164093638817	0.0027882839150547797	0.01624416031102251	-0.017582173621310742	2.841744409179021e-05	-0.007064740726111128	-0.00567763869857962	3.820365793983933e-05
10.97	-4.000192789667764e-05	-0.0003378330929766834	0.0031873255301625974	-0.00012335369969659578	2.4301940732344627e-05	0.002788537814746342	0.023772919927480995	-0.0027005826046935365	3.743239684615714e-05	-0.0018129973280816103	-0.008878689488149636	-1.041075144082912e-06
10.98	0.00018830123045614734	-0.00028173550157648767	0.0031877096291177435	-0.00011059656594111603	-6.303194029516369e-05	0.0027882658925205287	0.01996261475817256	0.01345227266385315	4.190754041474397e-05	0.004267652899349014	-0.007835782582580287	-2.9854534388862726e-05
10.99	0.00032672391551098756	-9.063935030102568e-05	0.003187677175431591	-4.475276653602004e-05	-0.00011994478175880778	0.002787926599443547	0.006545682682628209	0.023175250799418706	-5.212656426493306e-05	0.008359369288314407	-0.0030793412951012284	-3.661817744275327e-05
11.0	0.0003085329670273853	0.00014379710717233983	0.0031870084535623225	4.2757240940914034e-05	-0.0001195656379083265	0.002787566272069636	-0.010046876380976736	0.02173562299746036	-8.476827319280598e-05	0.008421268386703464	0.003159974695119502	-2.2426739663185293e-05
11.01	0.00014224848280302112	0.0003091075325360054	0.0031860155879393595	0.00011011108042559842	-6.163225513110629e-05	0.002787529862791422	-0.021807055491556912	0.00992543570463251	-7.699661863614511e-05	0.00448190842787186	0.007921438761117483	-5.868104956779223e-06
11.020000000000001	-9.206693350986606e-05	0.0003263088282385888	0.0031858503751402895	0.0001249009775749639	2.5632796887575978e-05	0.0027875075613653984	-0.023113611224206958	-0.006632890460898466	3.8136396472020737e-05	-0.0016723482698156457	0.008790344776890547	6.083985770550938e-06
11.030000000000001	-0.0002824508743708548	0.0001870733731043269	0.0031868270215484164	7.969199859219928e-05	0.00010022588878888152	0.0027875118532300564	-0.013372190934100308	-0.020038041972736703	0.00011389193913773634	-0.006991798222282149	0.005528617290657877	-2.3457595004311738e-06
11.040000000000001	-0.0003376888570911009	-4.201196436438545e-05	0.0031879699251964443	-3.625972335668835e-06	0.00012711353330961656	0.002787717900790469	0.0027977468442505803	-0.023842059152775163	9.149958314987152e-05	-0.008959362401053566	-0.000374753221493917	4.624880083786405e-05
11.05	-0.00023075276496861648	-0.00025099524396079016	0.003188362407122236	-8.52426411505395e-05	9.304233900200318e-05	0.002788331829671025	0.01768557145110953	-0.016211229028746135	-3.6750819112249816e-06	-0.00667963179502675	-0.006145605249765005	6.0674685702939066e-05
11.06	-1.2977159145184306e-05	-0.0003398349263824383	0.003187926315592649	-0.0001261063948668668	1.4036652321307414e-05	0.0027888295025843444	0.02404257025306204	-0.0008189154298165383	-5.772776060084613e-05	-0.0011507911347397436	-0.008974063650774954	3.8382604057724535e-05
11.07	0.00021108249815242482	-0.0002658444288958038	0.0031871214728571118	-0.00010650682642298995	-7.179447227239105e-05	0.0027887988761547723	0.01888475162401168	0.014986580314418307	-9.338836310525415e-05	0.004923519795187817	-0.007489033907726938	-1.6161150894183003e-05
11.08	0.00033419652858992973	-6.444384198220484e-05	0.0031862442430423206	-3.6079870980241704e-05	-0.00012353919796846005	0.00278821641555932	0.004692346653028877	0.02359685545927506	-8.89535888218524e-05	0.008561119528547934	-0.002412875004756347	-9.44874198336677e-05
11.09	0.00029695246171972063	0.00016788647255609567	0.0031855761196388594	5.1274233682831214e-05	-0.00011599936584061836	0.002787309417214989	-0.011820079591738164	0.02092490990234712	-3.388214465900069e-05	0.008157846943286067	0.0038597730346546315	-7.128284700902803e-05
11.1	0.00011729138931183162	0.000319843397259995	0.0031856698924231214	0.00011424749484912749	-5.282349404102862e-05	0.0027869612559946254	-0.022611842818028298	0.00819100458321902	5.321750855417129e-05	0.003866971409604546	0.008239544861034318	2.4154113011818317e-06
11.110000000000001	-0.0001185787872083419	0.0003184941340861716	0.0031867144577356205	0.00012244508843825794	3.5458270231138524e-05	0.0027870636909390996	-0.022602018980985066	-0.008469445685824677	0.0001283932934871717	-0.0022838582100009022	0.008662200202218076	3.1244002959406416e-05
11.120000000000001	-0.000298037314046193	0.0001642840597364731	0.003188069932614709	7.208493798310096e-05	0.00010647844067829898	0.002787408743312164	-0.011749195440993464	-0.021076206347293954	7.492897093589599e-05	-0.007370049254684818	0.0049570403831268855	3.884262004745943e-05
11.13	-0.0003343227264080921	-6.8775635163705e-05	0.003188065653858089	-1.2972706473259036e-05	0.00012666863254266376	0.0027881231245273012	0.004802532063961986	-0.02359568611999553	-8.684610047959332e-05	-0.008923140876482908	-0.0011111920367615844	0.0001091388350173371
11.14	-0.00020983358950033115	-0.0002689861654781941	0.0031867990732522135	-9.191079044220707e-05	8.597380542064607e-05	0.002789008010615468	0.019054271529728987	-0.014795354396214905	-0.00016738769231824685	-0.006195497402247441	-0.006669116514253492	3.2914579057209684e-05
11.15	1.5650135299903714e-05	-0.00034053939215216187	0.003185387351832347	-0.0001268571697135897	4.48426959547611e-06	0.002789301977581754	0.024140185078631107	0.0010953566666067546	-0.00010122431580531154	-0.0004920131906131899	-0.008961826002850112	7.804183217453989e-06
11.16	0.00023370180813571178	-0.0002488936255231619	0.0031849887960016814	-0.00010114726763364628	-7.862101812850384e-05	0.0027890828243338044	0.01765985978788781	0.016461638022323657	1.2230272420390289e-05	0.005410409644411976	-0.006960263902783612	-7.153250036260219e-05
11.17	0.00034013589285158453	-3.8086450140188254e-05	0.0031855869321283964	-2.7410111426364897e-05	-0.00012377244746660535	0.0027884375742534325	0.002709218789486584	0.02395087819778439	9.784409985759689e-05	0.008729751567641207	-0.0016853314057030965	-6.251155685686068e-05
11.18	0.0002833167766666384	0.00019094511064676053	0.0031864983914389384	5.9502108498169976e-05	-0.00010964896806216852	0.002787960360511718	-0.01357275635911165	0.01992978224251208	7.757866456707498e-05	0.007935902535402975	0.00438151072826536	-3.746476705212133e-05
11.190000000000001	9.063067113754779e-05	0.0003282092969112584	0.0031873422262342333	0.00011829485592522591	-4.327527832035102e-05	0.002787736530642649	-0.02334000920386526	0.006373132137295273	9.058118597543223e-05	0.003313987289724017	0.008335635566795766	-2.575737882588298e-05
11.200000000000001	-0.0001456705033939895	0.0003079555609092421	0.003187960543779917	0.0001202158993608352	4.3855573143525735e-05	0.0027876748501252744	-0.02192008856874209	-0.01023878095273235	5.1527100846402406e-05	-0.002946671557692365	0.008340093015029013	1.2113046892832274e-06
11.21	-0.0003119640577300596	0.000139852486747804	0.003187919988558068	6.435862061512049e-05	0.00011011187818788225	0.0027878317788687613	-0.009937085018796223	-0.021978999041210884	-6.947086375818386e-05	-0.007779701414298414	0.004364534784705702	3.8386352946072055e-05
11.22	-0.0003282583687840165	-9.527838131259535e-05	0.003186779003866287	-2.24373524152938e-05	0.00012360874194212757	0.002788389275322639	0.006784466755828099	-0.02306362556673215	-0.00012199057773850069	-0.008860319636053106	-0.0018013679793956417	6.708791253615693e-05
11.23	-0.00018723780918542972	-0.00028429765423153926	0.0031857390627394256	-9.860152737095669e-05	7.744799680677996e-05	0.0027889745050649188	0.020245414879352497	-0.01316902370086775	-0.00010106116221757164	-0.005725944539570041	-0.0070362194700338675	3.8017646521331485e-05
11.24	4.351163259837746e-05	-0.00033734635360721803	0.0031853626974986922	-0.00012724805194788672	-5.828428263655397e-06	0.002788863027989857	0.02396988482871742	0.0029905908661769834	2.655046220356914e-05	0.00023491629124261526	-0.008917661684794088	-6.259230794619602e-05
11.25	0.00025345092441409503	-0.00022925523831400082	0.003185963664090881	-9.445141032434641e-05	-8.626924065607968e-05	0.0027879880575144866	0.01624439341461674	0.017729917315087707	0.00012268910271144334	0.006067638962984704	-0.0064857510518367845	-0.00010306382088539076
11.26	0.0003419693562842691	-1.1237735847205323e-05	0.0031871446411560395	-1.6236076082217652e-05	-0.00012537134623169218	0.0027870106771987735	0.0006994936749944404	0.02401677442195357	9.932544306383248e-05	0.00893416847771668	-0.001006082622199668	-9.014916597427608e-05
11.270000000000001	0.00026621008111960925	0.00021188232598971465	0.003187611192766755	6.986937551474933e-05	-0.00010454415034430076	0.00278662625758218	-0.015203389214507389	0.01873240872466647	7.813024103010489e-06	0.0075652033626808874	0.0050112794156069165	-9.223352957012977e-06
11.280000000000001	6.256198850599041e-05	0.00033307630081059125	0.003187450795190314	0.00012275199323014463	-3.336726550348957e-05	0.0027868817553066243	-0.0238073947350167	0.0044753649329847085	-2.854276175075706e-05	0.002566210381389671	0.008628332847250975	4.8208628471499055e-05
11.290000000000001	-0.0001710913470290203	0.0002942384884721583	0.003186895551535255	0.00011696189472456766	5.384218948772537e-05	0.002787366532008653	-0.020939115354073803	-0.011944081881018377	-7.729909869491722e-05	-0.0037042824912611747	0.008079529333797499	5.189758567138347e-05
11.3	-0.00032252493266656646	0.00011371700137091258	0.0031859308004291045	5.481200933131743e-05	0.00011494893166092725	0.002788001326782014	-0.00808008804031137	-0.02262476356317825	-7.953526037082205e-05	-0.008211102024820763	0.0036187624919558235	8.134709710802107e-05
11.31	-0.0003192649635049643	-0.00012136783177985645	0.0031854270764366407	-3.372416127278648e-05	0.00012103734508150025	0.002788692332176257	0.008699618649972502	-0.022415914992673276	-1.9722251416879847e-05	-0.008753393928668626	-0.002478158312735739	6.445023331149173e-05
11.32	-0.00016295518832158454	-0.0002981968194398805	0.0031858329139320732	-0.00010616783111115062	6.944443095690938e-05	0.0027889541241107544	0.021229009955626692	-0.011469015937881742	9.913954590190852e-05	-0.005124508128379554	-0.007379719594044993	-1.0631520115626548e-05
11.33	7.125242972482417e-05	-0.0003322125623981694	0.0031871743540337737	-0.00012783924210323176	-1.4908432349318289e-05	0.002788218109796257	0.02363051336504763	0.004985472335483137	0.00013368330727090103	0.0009640866143557418	-0.008754656448044853	-9.998339598160517e-05
11.34	0.0002711043326933744	-0.00020677709843013728	0.003187975115721909	-8.853485547352622e-05	-9.177832274262032e-05	0.002787384452658368	0.014657132832032302	0.019063732020414042	3.784059343055507e-05	0.006571318211347384	-0.005965933447180936	-5.1316836220649665e-05
11.350000000000001	0.00034066190758243794	1.7798599501754708e-05	0.0031874822142882718	-6.529160018080003e-06	-0.00012490453836657117	0.0027870746820666593	-0.0013326097200838998	0.023989277555781934	-0.00011349954792808232	0.009115151027979544	-0.00036289531567678377	-9.124723833532977e-06
11.360000000000001	0.0002465583167273596	0.000233710280918071	0.0031863047273501858	7.871150545701702e-05	-9.852213136803451e-05	0.002787309553043137	-0.016662816333222794	0.017394717386441036	-9.99037662765774e-05	0.007229006651395537	0.005440042875370588	4.351561707007526e-05
11.370000000000001	3.4441462241522224e-05	0.000337501952248688	0.003185661229675266	0.0001264799903160188	-2.514460898395295e-05	0.0027876360011451686	-0.023992487833329215	0.002493083914814931	-4.099255800210801e-05	0.0019319016145074612	0.008612315643748269	-1.3140360222952175e-07
11.38	-0.0001942306139662382	0.00027939876202348954	0.003185291302918825	0.00011378443081747401	6.0083808033945514e-05	0.0027876487699299724	-0.01984129535649394	-0.013624040019905775	-5.079898497636782e-05	-0.004349150638413707	0.007746788907631471	1.32782161180454e-05
11.39	-0.0003299359977120413	8.749967011628547e-05	0.00318499985487449	4.658598352692079e-05	0.00011690363262859868	0.0027879654164531175	-0.006137208443767609	-0.023126655149398524	1.6802000421723428e-06	-0.00851686698487606	0.0031083712639091393	6.774348007014056e-05
11.4	-0.00030728070718389754	-0.00014591346586920637	0.0031852977183420323	-4.26793104638106e-05	0.00011750414545812114	0.002788760304546437	0.010461999419775249	-0.02159803645787099	8.911520613866868e-05	-0.008579184689003377	-0.0030012719631015445	8.216725460744276e-05
11.41	-0.00013774514002672938	-0.00030936337060391664	0.0031865295069296406	-0.00011139574124747723	6.178139088158738e-05	0.0027893775703492327	0.022012952272124756	-0.00969959543660388	0.00015831089328980947	-0.004578954787109541	-0.007672644374983103	3.7745255996011477e-05
11.42	9.755251383285828e-05	-0.0003245046270087023	0.0031882243136667774	-0.00012683856836850178	-2.3368680466435776e-05	0.0027894853310708604	0.02307257256572623	0.006818026897162798	0.00014987164278105062	0.0016162402667547256	-0.00866030870589237	-2.5385366029962255e-05
11.43	0.0002860586231446516	-0.00018409034993541564	0.003188818882947364	-8.164713010628744e-05	-9.730898723115731e-05	0.0027892257936831776	0.013046590799756947	0.020082470434653235	-4.334682483025818e-05	0.007019802293253743	-0.005491089781445978	-3.8756906548865754e-05
11.440000000000001	0.00033729028100475274	4.443386208290255e-05	0.0031877764757057155	2.5570358278036355e-06	-0.0001244506128920801	0.0027887382918115803	-0.003216499413258895	0.02369452593718145	-0.00014955232396067112	0.009111267880784717	0.0002939230650198996	-6.297075757952743e-05
11.450000000000001	0.0002270005029905021	0.0002513606188169757	0.003186125787152637	8.56617816042066e-05	-9.162473757631716e-05	0.0027880726559204637	-0.017903456946984735	0.01596524299452708	-0.0001563470449298717	0.006800262258860897	0.006003354862329467	-7.594215612216458e-05
11.46	8.1612181834848e-06	0.0003379078446434293	0.0031851295516202934	0.00012729973168679133	-1.4417009144930724e-05	0.0027869608772251994	-0.024033416983241563	0.0006049458453965549	-4.723382457726372e-05	0.0011707183365504813	0.008777779313797163	-0.00012660758795952204
11.47	-0.00021474053466244075	0.00026245293202866745	0.0031851025523370754	0.00010730816297807626	6.97200060952685e-05	0.002785994124209807	-0.018683998647153723	-0.015054832524341203	3.880275752431262e-05	-0.004977937923425061	0.007353906870884264	-6.485064149946926e-05
11.48	-0.00033498855000564664	6.11396264833748e-05	0.0031858794677421167	3.576335845444097e-05	0.00012070874474776323	0.0027858505526771084	-0.004348290357412263	-0.023495118413648826	0.00011921948626762911	-0.008728942147439498	0.002421771222110687	4.187584660700455e-05
11.49	-0.00029436876189776643	-0.00016957555379771994	0.0031872829717323353	-5.3295307792672735e-05	0.00011389587595512909	0.0027868308510800312	0.012098251931186983	-0.0206861970637359	0.00012535341394056285	-0.008327572211319197	-0.0037363785182881457	0.00011848070930819473
11.5	-0.00011266711734592394	-0.0003189327339855138	0.0031881482028813988	-0.00011704520523445886	5.2424310404642695e-05	0.002787979342432551	0.02271743042821288	-0.007951281554837498	6.22203350062557e-05	-0.0038735138013122066	-0.008046424549559757	0.00010744748142259309
11.51	0.00012300266649400673	-0.0003158001403505432	0.003188424303319025	-0.00012442568610142435	-3.4095221369948845e-05	0.0027886310008824002	0.02245004903559503	0.008577755900735663	-1.570841921871001e-05	0.002451282084262152	-0.008544144856183005	3.3918493378161415e-05
11.520000000000001	0.00029955659263567846	-0.00016123351794674644	0.0031876458771391914	-7.201835665938782e-05	-0.00010418917600100549	0.00278861011269547	0.011388889740469971	0.021046369424638663	-0.00013168949420382027	0.007590912853407309	-0.004903006970745277	-3.7407293674691285e-05
11.530000000000001	0.00033251027383647997	7.094927027412495e-05	0.003186174637893758	1.525950698515949e-05	-0.00012409009412070988	0.0027880218238863445	-0.0050722232255079784	0.023446100583508222	-0.00012180091923805309	0.009113421416488743	0.0010716555738235192	-7.663372286430986e-05
11.540000000000001	0.00020639157137270425	0.0002694688415276457	0.0031855038615077815	9.533429446972849e-05	-8.445773399728643e-05	0.0027875679777041146	-0.01911690065300585	0.01456702037812407	-8.703796353961704e-06	0.006235895310581198	0.006516600984965748	-3.550929069081636e-05
11.55	-1.885602196284769e-05	0.00033882025698862736	0.0031857851366780205	0.0001298481291698406	-4.592685967900119e-06	0.002787316032367872	-0.024010242201610788	-0.001311208586396856	8.446300582907994e-05	0.00035266440112520264	0.008815565710919028	-8.625336295948174e-06
11.56	-0.00023476317217646826	0.0002457587826068303	0.0031867797709963833	0.00010197505884084394	7.748067508434251e-05	0.002787127546943386	-0.017351011642277824	-0.0165573396130717	9.403601428908529e-05	-0.0056791078966581315	0.006905977201146982	-6.16022024951128e-06
11.57	-0.0003380525253298986	3.5012890844114144e-05	0.0031874091738486204	2.509170840537339e-05	0.00012206405425305718	0.002787387418267223	-0.0024096929375435794	-0.023836341327925944	1.8046426077805877e-05	-0.009051465349333775	0.0016551524773805698	3.606256416015087e-05
11.58	-0.00027933981234418663	-0.00019232732686906052	0.003187502887102222	-6.410517558639773e-05	0.00010790445894624065	0.0027879897700897154	0.01364854678855219	-0.0197359512756841	1.8402317633882976e-05	-0.00804270768260867	-0.004362786785485624	4.992076233710178e-05
11.59	-8.692692799112955e-05	-0.00032780592611645004	0.0031874704604492737	-0.00012260541598392886	4.206306827617589e-05	0.002788015859599948	0.023215502139968307	-0.00620726998337704	-9.003492187293365e-06	-0.0031745161645219	-0.008230742091606501	-2.853500052974666e-05
11.600000000000001	0.00014731575953041298	-0.000306260375299375	0.003187106961517426	-0.00012249147144562076	-4.3882273604852686e-05	0.0027877163787653567	0.021656242017360113	0.010330646121892736	-7.074039763901924e-05	0.0031851932214396195	-0.008238468448553556	-3.489243985064564e-05
11.610000000000001	0.00031126017002315826	-0.00013775177466299855	0.0031861959531508336	-6.38720349161418e-05	-0.00010921697866788781	0.002787856356719948	0.00974126830324232	0.021942750835983182	-8.073747541736007e-05	0.008048625080431242	-0.004253712637254844	5.964322517512004e-05
11.620000000000001	0.00032629833301361114	9.686891856859605e-05	0.0031855121032056044	2.5301820100775057e-05	-0.0001221603972848552	0.0027883768956245164	-0.006874409331894281	0.02301404702087454	-1.667334127587798e-05	0.009022305889213275	0.0017754184955656638	2.640620911816668e-05
11.63	0.00018494103364578783	0.00028532179578922515	0.003185995615426438	0.00010213435962809012	-7.645847880533516e-05	0.0027885141368627596	-0.020210941710909276	0.013087069232380462	0.00010839693203566876	0.00570279068978835	0.0069741094695332405	-2.0352239391560107e-05
11.64	-4.523426537350311e-05	0.0003371620989576037	0.0031874678441998583	0.00013000681348713264	5.886136992363406e-06	0.002788104842259093	-0.023874791446225736	-0.0031548306961443387	0.00015152464281756008	-0.0003935810520263308	0.008800085924477764	-6.621474477345734e-05
11.65	-0.00025374808680254533	0.00022702250890911462	0.003188202339287764	9.532188948563424e-05	8.536020486992573e-05	0.002787544902359352	-0.01606103587933342	-0.01795208698205372	-1.4705093984483349e-05	-0.006235936067727426	0.006414846216504416	-3.381623790942461e-05
11.66	-0.0003405661818704724	7.578981972706956e-06	0.0031874876830868676	1.4897215472571682e-05	0.00012379515926889912	0.0027875773271580475	-0.0005616795162641753	-0.024075119785467967	-0.0001309039572623153	-0.009140083058149133	0.0009504714027605345	1.954148438282262e-05
11.67	-0.0002642380191823742	-0.0002151795260802714	0.003186237230606048	-7.260306422158708e-05	0.00010284111535591685	0.0027877014863969215	0.01517753186415381	-0.018624750972450626	-9.780492773841783e-05	-0.007603568527460568	-0.004940295874412656	1.8643760202941167e-06
11.68	-6.166935326504185e-05	-0.00033474323425216636	0.0031856088841961815	-0.00012519287587548013	3.2863875752832686e-05	0.002787966593610521	0.02366153342871455	-0.004286385059448548	-1.2447608150225555e-05	-0.0024567169376035793	-0.008466247488634174	4.342112738808942e-05
11.690000000000001	0.00017045547341583257	-0.000294048365284067	0.0031857949286307028	-0.00011778847551846853	-5.249822851530582e-05	0.0027883952380598166	0.020806327758588126	0.01207335820257881	4.7548976616029325e-05	0.0038854709131290743	-0.007864156960510767	4.936039156622898e-05
11.700000000000001	0.0003207797402144233	-0.00011260089090459958	0.0031863500008672313	-5.370524963782195e-05	-0.00011217272679545186	0.002788660438528631	0.00801051792615398	0.022661596377748065	6.133390191613614e-05	0.0083870900845188	-0.003558775985662011	1.906572472321629e-05
11.71	0.000317419227732978	0.00012240492085945312	0.003187052579429362	3.613099313472726e-05	-0.00011795917620146688	0.0027884700031079635	-0.008654251372663159	0.022351344043040008	8.414944619176695e-05	0.008804576970936997	0.0024195237949756845	-6.0744885890751246e-05
11.72	0.00016159308230292988	0.00029849818847657486	0.0031878071688357284	0.00010807828009644183	-6.767619267578403e-05	0.002787522764783712	-0.02118653698685887	0.011361702337852773	5.992867343623651e-05	0.005022717060933884	0.007232810288292114	-9.652795467006456e-05
11.73	-7.184544186999918e-05	0.00033148445377850105	0.0031880236144420323	0.0001283539904151275	1.5530897391180668e-05	0.0027866262272755347	-0.023540614161073527	-0.005072493758723914	-3.3458597483154957e-06	-0.0011310754354730184	0.008687013573007914	-6.830111986787281e-05
11.74	-0.0002710136270893054	0.00020533903740479573	0.003187484311486884	8.718825132530407e-05	9.149375225624261e-05	0.0027864667909146797	-0.01460960027402077	-0.019105641169562013	-0.00011233031824731799	-0.006780472919397127	0.005872514276158904	4.4431036006702565e-05
11.75	-0.00033999704972148645	-1.9447926401505284e-05	0.0031859530325960084	4.066825964918739e-06	0.00012380355927775073	0.0027869983706294258	0.0013924479791118539	-0.023956343378918804	-0.0001507561261863594	-0.009161139427734185	0.00028939432970072495	6.979943478348896e-05
11.76	-0.0002459432587589434	-0.00023464448876846843	0.0031852191267853266	-8.105688038814818e-05	9.679579103607866e-05	0.0027877054335640724	0.016624913882511222	-0.017304190533989305	9.600413154319794e-06	-0.007158239416227311	-0.005467013816801643	8.364575670420199e-05
11.770000000000001	-3.40122598105712e-05	-0.00033780280259270557	0.0031861195346182206	-0.00012734273209623982	2.3355210161181727e-05	0.0027882394175455624	0.023966069926156727	-0.002432199986785995	0.00015755282022356494	-0.0017120135086557977	-0.008616054725522767	8.261675696828328e-06
11.780000000000001	0.0001940245370205107	-0.00027933140921016056	0.003187617933783171	-0.00011251977356062175	-6.114961603638006e-05	0.0027883564065929547	0.019732773914918556	0.013652064483973927	0.00013060751761390923	0.004563227195430389	-0.007575644181541695	1.9868924692340046e-05
11.790000000000001	0.00032877619310086876	-8.716365050904974e-05	0.003188289169385206	-4.367492227262643e-05	-0.0001163593665373794	0.002788384945820853	0.006094858176199578	0.023164760719849683	-4.722498905859296e-06	0.008630169273944844	-0.003013223581725046	-1.8838672087682682e-05
11.8	0.0003058289655932442	0.00014668396480995864	0.003187659607062418	4.616518278634105e-05	-0.00011604491895414236	0.0027882166690426013	-0.010484600592314663	0.021633909523839708	-0.00010828831271365013	0.008562125031067474	0.0030701078643246057	-2.8602685697222545e-05
11.81	0.00013620521318862187	0.0003104560343496281	0.003186537180233207	0.00011369101278271822	-5.991827039817161e-05	0.002787418111077079	-0.022036742441507464	0.009729137502955938	-9.988925877724795e-05	0.0043996156864434515	0.007675489046410666	-0.00010572796348330328
11.82	-9.892485889349817e-05	0.00032547598802543933	0.003185767676025264	0.00012674251826045566	2.4981773843420743e-05	0.002786522440215338	-0.023028223545689275	-0.0068430432776925695	-6.0557245805999724e-05	-0.0018893377869072447	0.008596279730929865	-5.289839021091984e-05
11.83	-0.00028676424160905433	0.00018437695823406077	0.003185175998662079	7.897997018105931e-05	9.780458500285773e-05	0.0027865912911075406	-0.012976599257612239	-0.020173490872437878	-1.9877195813774778e-05	-0.007275653744241298	0.005359709842576838	5.1928888789805007e-05
11.84	-0.00033716512919878134	-4.5023814678585835e-05	0.0031854174556454904	-6.513031622911454e-06	0.00012367594582693195	0.002787200103242844	0.0032953827536037553	-0.023767512832427562	5.4547370408557265e-05	-0.009101682680504477	-0.0004220845834046205	6.932189484664567e-05
11.850000000000001	-0.00022609162374188476	-0.00025254686017087103	0.0031864607800389747	-8.856907068124239e-05	9.039481807076865e-05	0.002787984469396324	0.01796716240876958	-0.015985308048839676	0.0001646877512564481	-0.006606964656242743	-0.00596168310656934	6.44413100914223e-05
11.860000000000001	-6.923261675741464e-06	-0.00033863764147004476	0.003188168986764758	-0.00012821490419301105	1.3967611430472874e-05	0.0027885100575618118	0.02404301543056532	-0.0005339075948589077	0.00015315559720077262	-0.0009894840848846634	-0.008688984843341598	5.042376483384269e-05
11.870000000000001	0.00021577137537841923	-0.00026250091168278724	0.0031891278719895547	-0.00010678357522933697	-6.933963332788002e-05	0.002788789867283495	0.01863043848675721	0.015130700102709132	1.6634079853168844e-05	0.0051230593818668655	-0.007249830127679557	2.065768282609843e-05
11.88	0.0003348759071741034	-6.0719237595117015e-05	0.0031882473487535486	-3.398852525665505e-05	-0.00011946734165205039	0.002788894166494697	0.004197253246925636	0.02351657431080229	-0.000148084093832191	0.008821045948059061	-0.0023454660066319325	1.4362229150627383e-05
11.89	0.0002932010897208523	0.00016989714352223464	0.003186716898431453	5.497982236558946e-05	-0.00011262307245784376	0.002788906990705144	-0.012178756061973906	0.020679590532719488	-0.00012522180228146773	0.008215636634695912	0.0036524813662215674	-3.166676841748844e-05
11.9	0.00011105969091052494	0.0003193850124316679	0.0031858271768475327	0.0001172116633270501	-5.229671668232012e-05	0.0027881316776727943	-0.022748672468395285	0.007961085261468598	-4.0865054079106064e-05	0.0037157695212320084	0.007923230025051891	-0.00012543474999077603
11.91	-0.00012448053992952833	0.0003162583994976465	0.003186130450803441	0.00012323637574844525	3.307902559112928e-05	0.0027868810150254615	-0.022390168342769155	-0.008593093322880654	8.894172777104299e-05	-0.0025643634736680835	0.008447150200910532	-9.677805927019952e-05
11.92	-0.00030007815860064754	0.00016142884478378698	0.0031868227460435583	6.993317458427782e-05	0.00010259326190681756	0.002786485315318813	-0.011243932732433794	-0.02106347793726025	5.023484785485468e-05	-0.007653401644645106	0.004867122580946829	5.172251018537732e-05
11.93	-0.00033133293202814405	-7.051027135293638e-05	0.0031872996477731565	-1.7347851454111934e-05	0.0001227026271245509	0.002787235503382903	0.005265249139166903	-0.023391720008247588	5.658740359655197e-05	-0.009080414424939943	-0.0010063213974304819	7.389769063241903e-05
11.940000000000001	-0.00020371038150002727	-0.00026858763755002133	0.0031878120613320904	-9.656476423364023e-05	8.401489254947618e-05	0.0027875899648098653	0.019198449297514065	-0.014571686588928545	4.718643822027271e-05	-0.0061023803838155255	-0.006403193001665647	1.0937482889738423e-05
11.950000000000001	2.180818426667734e-05	-0.00033794926088933784	0.003188154751898509	-0.00012964773445214194	5.003243692526652e-06	0.0027876058201218284	0.023983203593547463	0.0012666899535460974	2.406773502730592e-05	-0.0002315075243358301	-0.00872780043613358	2.4787560742106633e-05
11.96	0.00023693662207419005	-0.00024525551007035715	0.003187855786864657	-0.0001004741273057338	-7.628337149282576e-05	0.002788095012047371	0.017212493091533596	0.016484750746373147	-9.546718260309677e-05	0.005822403206635598	-0.0068609292929672746	9.166732676746995e-05
11.97	0.00033826434394826956	-3.49709252232204e-05	0.003186666813040085	-2.3008811349229755e-05	-0.00012105642667155025	0.002788939153521584	0.0021991989336535302	0.02379146208852443	-0.00011790931006487842	0.009012182213698977	-0.001714660747848267	6.7503315248865e-05
11.98	0.00027766950600376105	0.0001921031132115903	0.0031858130519745293	6.487161789241858e-05	-0.00010783734365106118	0.002789223494480967	-0.013799743376892236	0.019737242828100656	-4.8308112390683646e-05	0.007837432987516576	0.004242353664203681	-4.650105216026254e-05
11.99	8.439413808462923e-05	0.000327341317209947	0.003186055971487833	0.00012103574025263825	-4.3377834002076555e-05	0.0027880169963707	-0.023225756163028258	0.006179543513154701	8.343123254502151e-05	0.0029470199656670883	0.008154042423981751	-0.00017198412928482755
12.0	-0.0001494306022127368	0.0003057349656749841	0.003186769454863741	0.00011914216335585085	4.199583833570477e-05	0.002786629482026138	-0.02156937375791643	-0.01031959507685029	7.114915078262313e-05	-0.003318874936460296	0.008206539324172106	-9.248154145646037e-05
12.01	-0.0003118783523843129	0.00013772726081613315	0.0031871749545288363	5.997674041102899e-05	0.00010752283079175233	0.0027863767140382605	-0.009555799300028556	-0.02185782320980966	3.2096818704880926e-06	-0.008028052736425074	0.0043282544841984315	3.691884989641303e-05
12.020000000000001	-0.000324872318327018	-9.60630837890022e-05	0.003187132549124072	-2.8229758629111713e-05	0.00012147261404780062	0.002786741658975829	0.007058374952097551	-0.02292276532699604	-3.3377866527477636e-05	-0.008851197446462808	-0.0016693618391273272	2.729858810810225e-05
12.030000000000001	-0.00018205328028701335	-0.00028399558027357956	0.003187030562194558	-0.00010274253738007388	7.694306311048832e-05	0.0027872175359543727	0.020295199756682113	-0.01305782784099202	1.667521729547065e-05	-0.005426321740573339	-0.006844040195710443	6.470073969167789e-05
12.040000000000001	4.8177966020313726e-05	-0.00033612028160535126	0.003187327709266031	-0.0001280055031910758	-4.518871592323808e-06	0.0027880551937057244	0.023804620601215555	0.0030834730532057816	2.9074861305480693e-05	0.0005835098190114092	-0.008748706326177613	0.00010303931747612705
12.05	0.0002554501717327671	-0.0002271530701576765	0.0031871679742459364	-9.251903408322223e-05	-8.389342437007472e-05	0.002789066432771088	0.015887291725951703	0.017803691762598793	-7.675360543698471e-05	0.006257550202192159	-0.006435020692903602	9.701311442657157e-05
12.06	0.00034050049742697936	-9.454923949738898e-06	0.0031864516882217915	-1.2870598435262039e-05	-0.00012298412250299858	0.0027895860434459093	0.0004013121623117724	0.02392856853750128	-4.285618055152131e-05	0.00898888691119868	-0.0010522382103106823	-4.678136876699618e-06
12.07	0.0002626956602423901	0.0002127135444341053	0.0031865789753877795	7.267229034761352e-05	-0.00010334929097223734	0.002788726682324987	-0.015305521430171136	0.018637450265764185	8.059714435625587e-05	0.007414729239381569	0.004815877964698126	-0.00015416632058362186
12.08	5.9102599056346484e-05	0.00033306924450106297	0.003187279783634483	0.00012342220704649682	-3.424001507447975e-05	0.0027871471288255785	-0.023693344686539136	0.004413177325001562	8.198882279488695e-05	0.0023138538020840145	0.008411173945856214	-0.00015310632856736385
12.09	-0.00017260087667596465	0.00029384428564876525	0.0031878102606198618	0.00011510513225865297	5.1396167035436834e-05	0.002786063455269735	-0.020701995908312818	-0.011932046264872782	2.146305508876613e-05	-0.0039057463165979183	0.008012224369114487	-6.539735981307695e-05
12.100000000000001	-0.00032139780371302925	0.00011348385327949705	0.003187548179828755	5.1558803140394085e-05	0.00011308564228255419	0.0027859162770099027	-0.007793465440855792	-0.022596863445889858	-6.896827079361821e-05	-0.008262199420080444	0.00378884237077744	3.848938621073205e-05
12.110000000000001	-0.0003158888673709757	-0.00012156703028870141	0.0031869133048201908	-3.662962370813292e-05	0.00012074537604186193	0.0027866492811256015	0.00882191076848181	-0.022417525569949318	-2.748431720070096e-05	-0.008626433931959325	-0.0023127861719890075	0.00010761282606951021
12.120000000000001	-0.00015932247104449008	-0.0002982672601099458	0.003186968437669512	-0.0001070982229636801	7.047862231001622e-05	0.0027878933903031544	0.021179733320192847	-0.011448412109677104	2.539329167658621e-05	-0.004881686663469211	-0.007316994912400347	0.00012669993315373113
12.13	7.349589325042713e-05	-0.00033202377100063695	0.00318695953341421	-0.00012611222555254743	-1.3521034333260115e-05	0.002789116947462638	0.02341458703496982	0.00497434745536364	-3.0612567049886644e-05	0.001226941559048472	-0.008796721613256914	0.00011936184674851261
12.14	0.000271287406484887	-0.00020694703133140036	0.0031864198108139535	-8.46521769260405e-05	-9.093407109818177e-05	0.0027900034695968142	0.01446605403435689	0.019024089029844874	-5.4911692272152184e-05	0.006694442973586744	-0.006040355355430559	4.196425723938238e-05
12.15	0.00033976136806634585	1.7260612109224016e-05	0.0031860879857274487	-3.307167837728145e-06	-0.00012490157418015334	0.002789764224914668	-0.0013693136443592325	0.023954839676342096	6.234609822829333e-06	0.008913930179416728	-0.0004776164344623873	-6.987273385181137e-05
12.16	0.00024608027955832194	0.0002336973100291753	0.003186748321193318	7.922401010139505e-05	-9.923711081792335e-05	0.0027884948856191976	-0.016606251034514775	0.017528897076457946	0.00010562466142949068	0.0069122353085425935	0.005401606850705202	-0.00016661718704037343
12.17	3.445915428334815e-05	0.00033852270212018985	0.003187798887068209	0.0001238960507194813	-2.589061772088882e-05	0.002786657127986453	-0.023933420396974315	0.0025420671678175527	7.668715184328865e-05	0.0016292554277054063	0.008657418462127862	-0.00017478871678748404
12.18	-0.00019346231715565307	0.000280466165922208	0.0031881832295108108	0.00010905418120222936	6.029130506470105e-05	0.0027854502844057247	-0.019759728885546706	-0.013671341696396543	1.9125170106974995e-05	-0.004496984017245511	0.007843677780066985	-8.340012182151053e-05
12.190000000000001	-0.00032826588119337294	8.794817237863572e-05	0.0031878625416971204	4.1424976216300934e-05	0.0001180185059954313	0.002785506561272997	-0.006078498796083574	-0.023224066529789877	-8.444575048762362e-05	-0.008460003997260313	0.003211229397518968	7.853499952232697e-05
12.200000000000001	-0.00030531262336509573	-0.0001464736221662668	0.0031869099665121454	-4.6400162167180125e-05	0.00011930793489283466	0.002786412228040965	0.010456401345825837	-0.021712539692711922	-8.0790278427194e-05	-0.008346895851425421	-0.0029776541267936	8.843311565675876e-05
12.21	-0.00013597062488157562	-0.00031140692858708414	0.0031862926533729147	-0.00011197043404638732	6.315861297493028e-05	0.0027875078579164777	0.021996620647094425	-0.00985490583252694	-3.812090273367484e-05	-0.004225674834483454	-0.007752340068085078	0.0001436210288006419
12.22	9.898215448765598e-05	-0.0003273416720230275	0.0031858445106935545	-0.00012400622317659292	-2.3274533142264207e-05	0.002789077909943766	0.023007819389857232	0.006813798526818223	-5.0960356430685897e-05	0.0019216489521553363	-0.008797426131525359	0.00017009975612527583
12.23	0.0002868364582236845	-0.00018624745245428593	0.003185420797503585	-7.666442401131657e-05	-9.826502262274994e-05	0.0027902423187508517	0.012981786513948164	0.02022433221376247	-1.2088292278676142e-05	0.007121339538520314	-0.005577765814250545	7.272941576514334e-05
12.24	0.0003376471248765929	4.4225495724044846e-05	0.003185898263294489	6.809957774388237e-06	-0.0001258630305461247	0.0027901432109731033	-0.0032437333362009663	0.02392185456737601	0.00010959805257614056	0.008872551821255638	0.0002859730466554791	-8.523614568813508e-05
12.25	0.0002268953583187345	0.000253533591235704	0.0031872969473967752	8.669813564616321e-05	-9.299732787812013e-05	0.0027889003819550617	-0.01797156753489738	0.016181534312754865	0.00015076849234563853	0.006421980730383119	0.006017125859853905	-0.00013000076068625803
12.26	7.701010563698148e-06	0.0003414675879324175	0.0031884568445197754	0.0001246045642974911	-1.5344298622519942e-05	0.0027878471678062	-0.02402728491304042	0.0006744014309067114	6.612563449534626e-05	0.0008313172483527772	0.008857269747273244	-6.363584373934729e-05
12.270000000000001	-0.0002146173237312689	0.0002656382452303735	0.0031883149616234426	0.00010231116058897891	6.981573279315207e-05	0.0027875062618847434	-0.01855121297138317	-0.015199457893751095	-7.155849012478884e-05	-0.005093015155318058	0.007455288469188037	-1.0243112148582911e-05
12.280000000000001	-0.0003333535181714424	6.26453981442337e-05	0.0031874331600078992	3.079794745902716e-05	0.00012156409139034914	0.002787448514987927	-0.004226119789863134	-0.023718943896773318	-8.841314469272337e-05	-0.008606029336726636	0.0024547638843142737	-2.20304055855053e-05
12.290000000000001	-0.00029224237840606946	-0.00017027182879497207	0.003186642429138674	-5.56650692325271e-05	0.00011514068044078916	0.0027871643095733743	0.012088136307695983	-0.020902458469569674	-6.609707050591109e-05	-0.00795767158583874	-0.003696986510858836	-3.173656694741007e-05
12.3	-0.00011136092348047178	-0.00032143122731305716	0.003186182979112369	-0.0001155341351325104	5.367598614480737e-05	0.0027870575389601407	0.022577079910791196	-0.008033204461067148	-5.2231032155530695e-05	-0.003518992456165267	-0.008059949908307709	3.563812526327311e-05
12.31	0.00012291491367662872	-0.00031801226266343105	0.003186104845090187	-0.00011993569887944474	-3.322528048634422e-05	0.0027877516929499862	0.02227983895158191	0.008677132125502487	3.567888469157746e-05	0.0026603168958512654	-0.008598475337092676	0.00010060836631298686
12.32	0.00029815445406688014	-0.00016234133695565157	0.003186756091935824	-6.665569870750606e-05	-0.00010426311668758786	0.00278866591578365	0.01129293214983972	0.02115595675306324	0.00010082514783727569	0.007553097601268791	-0.005025284399098246	5.388086552401774e-05
12.33	0.0003304703819867835	7.094469233243477e-05	0.003188207021218608	1.8405788628931612e-05	-0.00012527867490918847	0.0027887789144967227	-0.005082507492044801	0.023555971158604878	0.00015355642002775255	0.00876913526135858	0.00097696708399962	-4.8236342989686136e-05
12.34	0.00020444643942206766	0.0002702878631439648	0.003189508975332443	9.464021750881498e-05	-8.609114914564492e-05	0.002788057343895446	-0.019054573966262346	0.014633378809415034	6.498527633822876e-05	0.005819022514203477	0.006534391082165435	-8.146907379873279e-05
12.350000000000001	-1.972048033311274e-05	0.0003398125650086861	0.003189219163023703	0.0001253538154187119	-5.093637938472208e-06	0.0027873330469644565	-0.023892010450992887	-0.0013040373540060884	-0.00012660309846108456	7.572803263149481e-05	0.008955333280158176	-5.6015994803090766e-05
12.360000000000001	-0.00023421952289112165	0.00024678547612535585	0.003187433205131872	9.57309245203427e-05	7.85130614373005e-05	0.0027868729134456387	-0.017226332120329507	-0.016523705425541244	-0.00020290743607419436	-0.005745560908992466	0.007051234650815759	-1.1342919127438563e-05
12.370000000000001	-0.000336471130682506	3.578834910377217e-05	0.0031859788890555214	1.977558451183784e-05	0.00012456653481098442	0.0027867257695680346	-0.002369856017651907	-0.023888382358960448	-5.7599965032905734e-05	-0.008777243880132854	0.0017857538211178477	-8.085555328953996e-06
12.38	-0.00027805170689300027	-0.0001924842521045165	0.0031860277002580873	-6.558366521088826e-05	0.00011129910242754994	0.00278678607714431	0.01356591103063156	-0.01984442812592195	5.6130214002342275e-05	-0.00757572340724289	-0.004326040627159418	2.299599795454845e-05
12.39	-8.667645926882747e-05	-0.0003287095724757017	0.0031867017562459353	-0.0001195957014498826	4.469213615736586e-05	0.0027873823613430437	0.023092078045669744	-0.006257490722840455	5.173935005281767e-05	-0.0027736197236009424	-0.008414735111684847	9.268565034070228e-05
12.4	0.0001464813285328414	-0.00030729698350095877	0.003187362107257037	-0.00011646051421574326	-4.3381491856187313e-05	0.002788410501121101	0.021562405445615555	0.010352188876183216	4.802543356534984e-05	0.003385005858312535	-0.00843978458960242	0.00011749013813380426
12.41	0.00030955359687179066	-0.00013859439103572216	0.0031880029488636176	-5.7468470256144645e-05	-0.00011046954358054684	0.0027892724188118903	0.009671128048903193	0.021966030774297728	6.337446903650666e-05	0.007908319304597934	-0.004406353982028121	4.034347073104774e-05
12.42	0.0003243354958454227	9.66661925002332e-05	0.0031884594556844904	2.901807936173495e-05	-0.00012441452097572195	0.0027890883286979893	-0.006819128963785438	0.023110516808477474	8.936992009570772e-06	0.008628815310395607	0.0017203396363188973	-8.673585680858933e-05
12.43	0.00018377866420707633	0.00028595295710276213	0.0031884595744877723	0.00010140429976479183	-7.88107542050655e-05	0.0027878861816644307	-0.02013519697403157	0.01312969218743491	-5.2969491127682055e-05	0.005246884172344116	0.0070190566152631625	-0.00014179778098136447
12.440000000000001	-4.568312191356512e-05	0.00033781755766496506	0.0031873872910010135	0.0001251073203034936	4.6616887882400984e-06	0.0027869087320020803	-0.023796201495755856	-0.0031829019633179234	-0.00014433267099638118	-0.0006882044640239409	0.009001828314454034	-7.567172863788252e-05
12.450000000000001	-0.000253264469320516	0.00022766687685558373	0.0031859676316020845	8.884588329915565e-05	8.633371037965671e-05	0.002786542795383644	-0.015968289434118727	-0.017906631132646587	-0.00011852798473658982	-0.006256432627930994	0.006653094785006832	-9.409143003917702e-06
12.46	-0.00033933322033855706	8.462321386004032e-06	0.003185490628993028	1.0247804828998223e-05	0.00012679532599575803	0.00278666232433777	-0.0005165363400605879	-0.02409628685050457	1.2186276663713249e-05	-0.008787789010892595	0.0010738553562012441	1.167905182311897e-05
12.47	-0.0002627270916002932	-0.00021500277280879629	0.0031863279665629665	-7.28956804741267e-05	0.00010638861731039902	0.0027868751362391873	0.015199616246628238	-0.018718727233021752	0.00013781337773004242	-0.007161064411337301	-0.005000734888743869	5.271760233450084e-05
12.48	-6.013987224550935e-05	-0.0003354506984571516	0.003187697216475609	-0.00012124295732743433	3.505602445284171e-05	0.002787619853834732	0.023605923043750695	-0.004372990906935166	0.00011786792560970424	-0.0021019161527869013	-0.008681253084935522	8.879852641142725e-05
12.49	0.00017115505037962464	-0.0002948294410662081	0.0031882357090245728	-0.00011143108755753793	-5.331489750655573e-05	0.0027885720834320885	0.020688794877052552	0.012118499111746332	-3.9079144089487395e-05	0.0039999117942975775	-0.008239857677462586	7.02711009640359e-05
12.5	0.0003200667334435275	-0.00011297026773052035	0.0031877189866715474	-4.7888341719644e-05	-0.00011617101131215292	0.002788759977419772	0.007869406286027626	0.022710891988505868	-4.695581069709806e-05	0.00815438290038158	-0.0037980586365002444	-3.421607569753035e-05
12.51	0.0003156378779584875	0.00012284222794239338	0.003187308988422407	3.816371701327529e-05	-0.0001232385672938058	0.0027879056921485392	-0.008700822125653117	0.02247398194238273	-3.465479119778661e-05	0.008350854883233295	0.0024589653305435158	-0.0001276470112057118
12.520000000000001	0.00016002772878947807	0.0002999274169219442	0.0031869469195161364	0.00010588918060356657	-7.120240542303678e-05	0.002786630761292981	-0.021131551200110094	0.01145127163340163	-4.272875529396337e-05	0.004599191976477945	0.007520600196570894	-0.00011828374164744102
12.530000000000001	-7.260194195694584e-05	0.00033324855306734265	0.0031865341556183554	0.0001226370943098018	1.4824361787245005e-05	0.002785980699499936	-0.02341494496292126	-0.005053787087449607	-2.6337396265240428e-05	-0.0013759983546265066	0.008953706682157609	-2.157256718522131e-05
12.540000000000001	-0.00027024551095700865	0.0002069687741379884	0.003186549485448712	8.06782429077822e-05	9.3591228890809e-05	0.0027862484919199196	-0.014444965103038188	-0.019145215377502533	1.824625225259706e-05	-0.006681031055620228	0.006130776856018045	7.012122384245897e-05
12.55	-0.000338453017741747	-1.8613069875830907e-05	0.0031871379349860114	1.6291055932082224e-07	0.00012758569198755354	0.002786965169093439	0.001369424234880015	-0.02408876237520501	9.29963817737496e-05	-0.008742781643986796	0.00039683559856880927	7.99448902236568e-05
12.56	-0.00024481572785365973	-0.00023556218358780734	0.00318787457951354	-7.99067385033938e-05	0.00010070090198052211	0.0027878721723480597	0.01657603401235707	-0.01748580193355808	5.9594129027349446e-05	-0.006619348068690617	-0.005563141144504818	9.195406988063113e-05
12.57	-3.355610725261568e-05	-0.00033940046689900547	0.003188241751606615	-0.00012164338979943102	2.5646570356224355e-05	0.002788685349649282	0.023886490440270577	-0.0024267384552188772	-9.722306899217798e-07	-0.0013894612080837408	-0.008821033789672656	7.107776779442232e-05
12.58	0.00019397527344432706	-0.0002802000553914562	0.0031877312283684887	-0.00010524771517586852	-6.136721816813721e-05	0.002789250633143393	0.019702804234924595	0.01376750573750435	-7.380037657727765e-05	0.004538806196270586	-0.007850499081720847	2.5576610044118893e-05
12.59	0.0003286614921761315	-8.675151809814096e-05	0.0031870017349669073	-3.848926946375957e-05	-0.00011856888035808737	0.002788960545279578	0.0061000363277011705	0.02331579840246988	-6.817437383399947e-05	0.008240794495672816	-0.003132880584206482	-9.474015964974181e-05
12.600000000000001	0.00030602501477540315	0.00014831821489843508	0.0031862836341295738	4.644581501596872e-05	-0.00011884993968213768	0.002787614775842668	-0.010425431426022737	0.02173846726642432	-5.688589833036591e-05	0.00802084146191958	0.003079813019056592	-0.00016047626337802173
12.610000000000001	0.0001369796967824022	0.00031253675121401165	0.003186074421213241	0.00010891871697067036	-6.215299480447355e-05	0.0027865171442935993	-0.02197438979423818	0.00972046368244389	1.3603793489645916e-05	0.003959789354395173	0.007790587141234542	-5.0059798443455676e-05
12.620000000000001	-9.766741002283084e-05	0.0003268384001471273	0.0031865330482413567	0.00011936772332415651	2.430055906267222e-05	0.002786375980273264	-0.022962718951582344	-0.006975886091910712	5.479792336863364e-05	-0.0019473954118468682	0.008773058128373683	2.9611519060003033e-05
12.63	-0.00028510205858463467	0.00018466551941329084	0.0031873475942187125	7.28350696050507e-05	9.88291214491217e-05	0.002786803386361013	-0.012966245740377361	-0.02026905532121879	8.153756462424606e-05	-0.00696776478075786	0.005551257016609167	5.9917970478705606e-05
12.64	-0.00033574292018209587	-4.574624338876596e-05	0.003188215146985482	-8.671136024122454e-06	0.00012639991892456737	0.002787505939672322	0.003256848370046013	-0.02389330323444679	7.042623321878159e-05	-0.008653096161034846	-0.0002995062965457705	6.648617826498589e-05
12.65	-0.00022552824295083836	-0.0002540396171984932	0.003188592267364765	-8.65372687841154e-05	9.323172593808231e-05	0.002788279571438831	0.017862238627157124	-0.0160325201561415	-1.092761374630496e-05	-0.0062542782010678805	-0.006045537777462424	0.00010591984133131182
12.66	-7.71086940310383e-06	-0.00034025404878285076	0.0031878628642908703	-0.00012326391909699437	1.5238015828222072e-05	0.00278904485387363	0.023887389204586888	-0.0005210784590642807	-0.00013000939729362546	-0.0007725250113968479	-0.008909594873684219	5.1275472756107176e-05
12.67	0.0002134934329695569	-0.00026349292250003116	0.0031863097805163343	-0.00010089689794291779	-7.04947603385171e-05	0.0027888719505975218	0.018522473353417796	0.015198717233335088	-0.00011951083571211375	0.005051316897715005	-0.007510657894797707	-7.603129650003135e-05
12.680000000000001	0.0003327056721720146	-6.0955020806238766e-05	0.0031857176147602586	-3.050932776782919e-05	-0.00012237272639065847	0.002787856105876443	0.004332407183821399	0.023634761539298783	2.8418516075893108e-05	0.008413817910315202	-0.002431639564702683	-0.00014369379584463102
12.690000000000001	0.0002927570694808137	0.0001709999629796739	0.003186497024841663	5.3944312670119604e-05	-0.00011542431714399005	0.0027864984904598764	-0.011994340606430428	0.0208121390902874	0.00011383247028040647	0.0077903102920157665	0.003776977902915521	-0.00010864175718603851
12.700000000000001	0.00011214461097213866	0.0003213035360414768	0.0031874363820193308	0.00011280945722969755	-5.303814631890737e-05	0.0027860249545758877	-0.022600126757494312	0.007955681372640092	6.201989108797682e-05	0.0035012417965687493	0.008194227893721453	6.527446152939569e-07
12.71	-0.00012233076224415517	0.0003172434050437273	0.0031877445966695507	0.00011767532728148735	3.493107523083476e-05	0.002786478752018786	-0.0223066030173774	-0.008718364884814457	6.9419711576692535e-06	-0.0025621404718811506	0.008658232522509286	6.616594671597776e-05
12.72	-0.0002977404119972798	0.00016094748883803916	0.003187998333956571	6.575339012386155e-05	0.00010607968349842791	0.0027872070319031345	-0.011314010212454456	-0.021214970679260193	2.5135810225615816e-05	-0.007348394433579666	0.004966935089262588	7.832394805424174e-05
12.73	-0.0003304791495152359	-7.259083888050402e-05	0.003188083582644304	-1.763133398929194e-05	0.00012606801733357792	0.0027877657616211253	0.005058106112952323	-0.023539993477280943	-3.142940035727787e-05	-0.008622036130789469	-0.001153546499012424	4.216496075790927e-05
12.74	-0.00020483330542326057	-0.0002713172164616795	0.0031877941857637957	-9.28186691421334e-05	8.53794907924554e-05	0.00278788769753404	0.019021105499100733	-0.014539026053073301	-4.868153619486739e-05	-0.005773155725944968	-0.006646328165887991	1.8527020109469717e-05
12.75	1.9142967458550592e-05	-0.0003396359901379764	0.0031871369362973805	-0.0001234125994850469	3.72133301328313e-06	0.002788006421541488	0.023902293872350277	0.0014183132536885294	-6.077330761713476e-05	-0.00010009712199295915	-0.009001472897990614	1.1239976472403163e-05
12.76	0.0002341171081391314	-0.00024517263685700224	0.0031866787756169848	-9.454556491806417e-05	-7.963363210708841e-05	0.002787961326983732	0.01728183951596284	0.01669411654832158	-2.2537109945377114e-05	0.005623116488446582	-0.00697716688347776	-8.887936063484437e-06
12.770000000000001	0.0003367203448963727	-3.3122664215471584e-05	0.0031868617085651077	-2.0414010355016616e-05	-0.0001248025890127781	0.0027875012028149176	0.0023887463774623415	0.023952782521273436	6.299732297621788e-05	0.00859739675446558	-0.0016590090161792753	-6.097229557891953e-05
12.780000000000001	0.00027784755839647555	0.00019503781350650373	0.0031874956683060163	6.32460605425336e-05	-0.0001102635364246698	0.002787164273687432	-0.013665260452731911	0.019752440415530738	5.161686185840365e-05	0.007453890078363641	0.0044603092352284235	-1.9611020632243038e-07
12.790000000000001	8.574330923132275e-05	0.0003299271333652414	0.0031878560191401614	0.00011678219170243836	-4.267017074156765e-05	0.00278746226464922	-0.023145117774720007	0.0060832674719347056	2.5164431589929436e-05	0.0027829172851462284	0.008483835103494956	6.266648164532859e-05
12.8	-0.00014756126754880572	0.0003067695625108767	0.003187684299695711	0.00011426602397209642	4.552111645577306e-05	0.002788062600399179	-0.021538615152962577	-0.010509009044720963	-3.875441240274459e-05	-0.0032671156241448934	0.008427908614290438	4.86809139008243e-05
12.81	-0.0003101175292844682	0.00013702055101172273	0.003187326396402117	5.696902237773228e-05	0.00011216443816477027	0.002788102648001657	-0.009610268573515377	-0.022036671454854277	-4.6740476063816e-05	-0.007724691464060461	0.004341250065385183	-1.6513364449936656e-05
12.82	-0.00032417389739366234	-9.829663953380994e-05	0.003187246253675918	-2.7621400242062893e-05	0.00012503968057245852	0.002787739193122227	0.006932304829416044	-0.02305742809123343	1.4989049329564537e-05	-0.008478565321529628	-0.0018889235755701476	-6.331407731455261e-05
12.83	-0.00018281960303692782	-0.0002864596330677621	0.0031875882039394065	-9.898558453514205e-05	7.775125804891379e-05	0.0027875150765671653	0.020155611430218573	-0.01302152501071749	1.1214829834182836e-05	-0.005197189971222219	-0.007170558021983791	3.980196355881098e-06
12.84	4.602955562278674e-05	-0.000337391194524611	0.003187629467117221	-0.00012294047316944366	-6.857263151527669e-06	0.002787403052175944	0.023678980005542284	0.003273762992471614	-1.550317742860884e-05	0.0006150075162576278	-0.009050040342257346	-2.1123087919453755e-06
12.850000000000001	0.0002522171846275374	-0.00022636531546067662	0.0031874012861471566	-8.776400777174105e-05	-8.838891478749636e-05	0.0027871360979874926	0.015842803228835762	0.017996243729535753	-5.160445189002629e-05	0.00612743840637981	-0.006582723561025501	-6.44546199197144e-05
12.860000000000001	0.0003373456411404619	-6.608066083633554e-06	0.003187282962896518	-1.0363484477625909e-05	-0.00012781502949401038	0.002786555680307316	0.0004581788418455389	0.024123116658077527	1.0053091210949855e-05	0.008691227471097651	-0.000986479721920063	-6.68466008003242e-05
12.870000000000001	0.00026060385674460585	0.00021632955466189817	0.00318739733111649	7.193391114188218e-05	-0.00010617623015497666	0.0027861121686691007	-0.015160178466778427	0.018607224627808214	2.123561340010632e-05	0.007094758685947523	0.005122792300944585	-9.080049048390662e-06
12.88	5.9173069381614424e-05	0.0003356057197835905	0.0031871340917464875	0.00011982536875034298	-3.350558749244717e-05	0.0027864130916392966	-0.023439345558622034	0.00422836089821426	-6.329553995542709e-05	0.002093477861630286	0.008785903286081375	7.387393489068409e-05
12.89	-0.0001706214467199799	0.0002940649272056087	0.0031866343553554268	0.0001102391217170764	5.5486433656693316e-05	0.002787295436054513	-0.02060135816472472	-0.012189495596803613	-4.285382411779735e-06	-0.003903115209814507	0.00823428605727336	8.318898760266306e-05
12.9	-0.0003191945596200024	0.00011189131644308437	0.0031871203851061357	4.798197657386259e-05	0.00011761164209165942	0.0027878785833018614	-0.007875661725696934	-0.022759016260691673	0.00011666077107998256	-0.008030695355827878	0.003677024030159862	5.14647182071824e-05
12.91	-0.0003150309669874508	-0.00012410406352758672	0.0031881722365144855	-3.749496674758001e-05	0.0001232690977991028	0.00278818719862982	0.008674878180374644	-0.022459133589445773	9.428677610083824e-05	-0.008335524351045951	-0.0025857677066466714	1.0406295081083732e-05
12.92	-0.00015973910035705144	-0.0003007905975379237	0.0031887003287523236	-0.0001051327886440884	6.983446149771294e-05	0.0027883351947208613	0.021073772561570017	-0.011380918427304477	-3.7554104200061395e-06	-0.0046225103385051135	-0.007644724911586432	3.0286831621214947e-05
12.930000000000001	7.219746322428429e-05	-0.0003331936333892464	0.0031878548949619413	-0.00012231475642894744	-1.697515055983668e-05	0.0027886396922880007	0.023372401043688606	0.005147812799064334	-0.00013906620888305888	0.0013360535456932669	-0.009009749729508937	2.109812020758393e-05
12.940000000000001	0.0002696824298623733	-0.00020637325990647661	0.003186558504193799	-8.080669942650433e-05	-9.577348749435144e-05	0.0027886341269181777	0.014472435182508512	0.019163025693424138	-0.00010965364207559318	0.006597485251476953	-0.006063854824178252	-2.9431754723987218e-05
12.950000000000001	0.00033806864694991233	1.9045697120140668e-05	0.003185929862503182	-5.661096886067435e-07	-0.0001284724552599169	0.0027877837635380126	-0.0013731620461970905	0.02403276120694826	-6.964942395769807e-06	0.008747127370910433	-0.00020622265933095056	-0.00012123290059051068
12.96	0.0002444201114635223	0.00023536664739055402	0.003186330911894219	8.00875399131544e-05	-9.954310133738207e-05	0.0027865834231690953	-0.016576148737468436	0.017409424707368757	8.036914299425995e-05	0.0067186696466618985	0.005748037911389662	-8.803989544239051e-05
12.97	3.366107612827558e-05	0.0003389524678520887	0.00318690769971945	0.00012255793722767643	-2.2817873065986892e-05	0.0027861102222615547	-0.02383674480786183	0.00243354572383181	6.388634613583206e-05	0.0014389994225481998	0.008950776408290909	8.002000071949613e-06
12.98	-0.00019320460289121426	0.0002800237070762844	0.003187260253487887	0.00010637098985655954	6.481847461030374e-05	0.002786708119752029	-0.019639150472205807	-0.013705895688307426	1.61654299130858e-05	-0.004541452406373772	0.007843998860577562	8.796471900766755e-05
12.99	-0.0003275434718181293	8.691696585738709e-05	0.0031874003993303196	3.904632771787447e-05	0.00012147686456526424	0.0027876512005663417	-0.006093437903602353	-0.023279163924785583	3.234601217505291e-05	-0.008358232638178736	0.0029970910348757567	0.0001080744967562639
13.0	-0.0003048594804915001	-0.0001481342406112244	0.0031875947568099096	-4.716138405769014e-05	0.00012009231599031454	0.002788523577866665	0.01043706487251575	-0.021727560193572453	4.492497041780488e-06	-0.008145433447725052	-0.0032721912761221866	6.992312763843379e-05
13.01	-0.00013593974256374185	-0.0003122301009770473	0.003187524438174579	-0.00011074495929760528	6.121802595463586e-05	0.0027891639405395845	0.021929093925669715	-0.009703624777358255	-3.759884516952162e-05	-0.004036234489576751	-0.008001007195867915	2.7335117213570442e-05
13.020000000000001	9.809053401642935e-05	-0.0003265073619233769	0.0031870580198145038	-0.0001214015585708756	-2.6834657583256376e-05	0.0027889402433208133	0.022880562398384666	0.006972474483740061	-7.217394730444478e-05	0.0020037769129281993	-0.00883847001769933	-7.543544455491404e-05
13.030000000000001	0.0002849036557135867	-0.00018423309777981632	0.003186644152714809	-7.395881395261509e-05	-0.00010155652744379548	0.002787835316870465	0.012912805689653355	0.020296927757744623	1.1437908212559426e-05	0.007074965261934344	-0.005487218680661467	-0.00014219662596482604
13.040000000000001	0.0003352218216428893	4.6260896523468135e-05	0.0031872553273277217	8.859074798177696e-06	-0.00012766651452892987	0.002786383943250862	-0.003281613592290995	0.023853695578377677	7.56300485587541e-05	0.008783401975317625	0.0004964614457092828	-0.00012883541810369733
13.05	0.00022452569178910644	0.0002541346805327818	0.0031878816748227906	8.73039627428274e-05	-9.257576573904604e-05	0.0027853632912672485	-0.017932244066604187	0.015976307115166587	5.517082801655181e-05	0.006266826751420489	0.006241022466769063	-4.904038619822263e-05
13.06	5.725182916730758e-06	0.00033991877213997184	0.0031882539884913164	0.00012385770260190122	-1.2781879233379854e-05	0.0027855897861727252	-0.023960692727621268	0.0004561321549610811	-4.1783706781768014e-06	0.0007380860731350156	0.009059152984904192	8.852372185564151e-05
13.07	-0.00021567256850410044	0.0002626302093426956	0.003187707107042381	0.00010064771321148573	7.370367674590454e-05	0.002786871521567986	-0.01846100349542164	-0.015288290348817499	-0.00010042220996241335	-0.005162991601078455	0.007505392359474577	0.00014829622945647164
13.08	-0.00033361761959400834	5.9056250771569605e-05	0.003186899216221571	2.9198049444069208e-05	0.00012482978571215592	0.002788224721633452	-0.004135120528390906	-0.023686317477117712	-4.227046767034866e-05	-0.008532755420264335	0.0023072715797596123	0.00012506972301224906
13.09	-0.00029179414810829695	-0.00017302165330093075	0.0031866529811412697	-5.596792300681893e-05	0.00011627194005297452	0.002788937453864844	0.012179364751535022	-0.020760184549827625	-3.320585488340485e-07	-0.007804201937599351	-0.003934395012166097	4.862162406292404e-05
13.100000000000001	-0.00010984408310778505	-0.00032247213545355297	0.0031864959941057223	-0.0001143904093967243	5.237799714476511e-05	0.0027890684099607602	0.022698354903567287	-0.00785497492189515	8.882132279246737e-06	-0.003391348076177714	-0.008313079995072746	-1.980347928598433e-05
13.110000000000001	0.00012485386704620428	-0.0003173754667739805	0.003186771051209255	-0.00011825419573603693	-3.653700114994121e-05	0.0027886632385891036	0.02228978154731897	0.008816819965179563	5.8897317985392536e-05	0.002654723963771026	-0.008710913023024678	-6.155774255623015e-05
13.120000000000001	0.00029975116281102834	-0.00016037278870598983	0.0031874607339951407	-6.563093403929147e-05	-0.000107527016934071	0.002787744377145221	0.011222850783014389	0.021263910664392625	6.439080777744366e-05	0.0074357189897477985	-0.0049041152236045035	-0.00012394928481383394
13.13	0.00033091449810205447	7.341503550900391e-05	0.003187944819568364	1.8319278290379234e-05	-0.0001267660028038089	0.0027864996952139493	-0.005262245911260344	0.02352958759504552	2.4035080930817965e-05	0.008670106224387492	0.001206813498472473	-0.00010027521131965044
13.14	0.00020284507454241334	0.0002719877661119437	0.0031876182724416948	9.373000617042847e-05	-8.509182513055567e-05	0.0027858785285342527	-0.019268703850086725	0.014495981798508804	-9.630187261088387e-05	0.005773414552613508	0.006772222221080861	-5.036157385683922e-05
13.15	-2.274407865073254e-05	0.0003397741898968094	0.0031865531994976146	0.00012444995949102805	-2.4868058126220644e-06	0.0027863010165775173	-0.02396607409850725	-0.0015159148962472849	-0.00011812111003400345	9.510181847099874e-05	0.009048620300509038	0.00011114453648455087
13.16	-0.00023740626951744264	0.00024448961509780496	0.0031855809224511917	9.568328147925803e-05	8.111854317709786e-05	0.0027876634546481816	-0.017164007766018372	-0.01675990939736189	-3.9696028102151466e-05	-0.005607945989621715	0.006958099311873683	0.0001376371802833556
13.17	-0.00033816987845159926	3.2031163166627804e-05	0.003185810320020582	2.131319999074584e-05	0.00012555571223175641	0.0027888628459777163	-0.002155227008949539	-0.023952501544772017	7.843510239083659e-05	-0.008650662929601677	0.0015739354270230537	0.00010155085085407229
13.180000000000001	-0.0002771499128292794	-0.00019594273876960786	0.003186790317503966	-6.31774168967004e-05	0.00010981442772026287	0.0027894759274541495	0.013865513251474797	-0.019738876548233173	0.00012145767509619307	-0.007544651117390583	-0.004606431648873273	2.1719472343319426e-05
13.190000000000001	-8.342503800445377e-05	-0.000330316986529049	0.0031879655523887568	-0.00011735533323982968	4.116625385935077e-05	0.0027894732336941497	0.023256972944831103	-0.006009790339806856	9.726860869799314e-05	-0.0028373886797934678	-0.008524796455862179	-3.204711761025338e-05
13.200000000000001	0.000150156257274395	-0.00030612611689944535	0.0031885570970209822	-0.00011556323425363638	-4.725533066472902e-05	0.002788734215221862	0.021506544950405	0.010628310733071605	3.774300300157528e-05	0.0031876108445099837	-0.008410614670349849	-0.0001107955628096116
13.21	0.0003117726359457474	-0.00013498629825237744	0.0031885370363747495	-5.877799592987393e-05	-0.0001132284570725623	0.0027872292407105097	0.00945455692557289	0.022173678446295378	-3.821507316669773e-05	0.007710151705443307	-0.004238884946202038	-0.00014975458854158834
13.22	0.0003238909879768452	0.0001010104439547421	0.0031877095547851054	2.64271060508715e-05	-0.00012520683496343457	0.002786227772152669	-0.007159554276885952	0.023052283638554154	-0.00011064739720512364	0.008611476936101245	0.0019579943509259513	-4.44569173481915e-05
13.23	0.00018021658820582711	0.0002884444235188593	0.0031866126929707404	9.933145416965658e-05	-7.704806463141174e-05	0.002786273426820106	-0.020351980609407353	0.012846591864266918	-0.00010319829353974596	0.005335587307689493	0.007265825051284968	4.495659640909371e-05
13.24	-4.983943118211389e-05	0.00033707671586737456	0.003186033061111717	0.0001244303546760728	8.158245237302896e-06	0.002787103591376866	-0.02373177412800647	-0.003534951654976019	-1.7706970968939423e-05	-0.000503612615707064	0.009060731392154707	0.00010697345716953853
13.25	-0.0002561487376045718	0.00022387186181424123	0.0031863740794553165	9.017615704367167e-05	8.926840810233444e-05	0.0027881681626560776	-0.015791806592535512	-0.018159056953763783	6.853411857546035e-05	-0.006043076230827765	0.00649139461057003	0.00010598357381031969
13.26	-0.00033995962769543066	3.1504040446557142e-06	0.0031870912800035837	1.2855538858254384e-05	0.00012753693645705286	0.002788890136091292	-0.0002655602746581391	-0.02409882337462023	2.4416315480865415e-05	-0.008759990274738774	0.0008202061511590591	2.435786308132628e-05
13.270000000000001	-0.0002607445571933724	-0.00021908602068758783	0.003187233081715575	-7.073618052272404e-05	0.00010449076212232363	0.002788658213599896	0.015430356872990035	-0.018480674650850626	1.2591137667310374e-05	-0.007250700585218137	-0.005233893023366256	-4.121281460167368e-05
13.280000000000001	-5.6475247227288836e-05	-0.0003365300957535479	0.003187331661303177	-0.00012045626487141549	3.136466435484113e-05	0.002788542570357331	0.023688031471743688	-0.004005314399416831	-2.7780757495838362e-06	-0.002289288934706214	-0.00878038636089571	5.048754934490811e-07
13.290000000000001	0.0001745983780665495	-0.00029270981568989176	0.003187368589857267	-0.00011245565243802522	-5.6803952349896296e-05	0.002788156295893658	0.020575231127844366	0.01238907855090083	1.4211116631707711e-05	0.003829180527798387	-0.008084798000597077	-5.1869526354778896e-05
13.3	0.00032166448653487466	-0.00010881808543573704	0.0031874055678240516	-5.034420288303314e-05	-0.0001174010529173093	0.0027876288337123703	0.007606275917113914	0.02286240769065191	-2.956565967582127e-05	0.008063961232764452	-0.003524939347352788	-4.507744038845585e-05
13.31	0.0003143623756079727	0.00012740978195432257	0.003186922087406601	3.5919847644212734e-05	-0.00012157087597093719	0.0027874582531693852	-0.008990152512880722	0.022384907857029145	-6.968698377487804e-05	0.008459460107571154	0.0027063499958610783	8.239382913778981e-06
13.32	0.00015654213204861157	0.0003023588723998434	0.003186317650143181	0.0001050050563826935	-6.756045778448004e-05	0.0027877609096032215	-0.021235832521296818	0.01111639317762071	-5.635542328195948e-05	0.004777615854465617	0.007648152300136818	6.159792098086056e-05
13.33	-7.600753175611914e-05	0.00033204658492376314	0.0031858012563825526	0.0001238446333518256	1.875159839844664e-05	0.0027883218842183113	-0.023340781151666715	-0.005435219553560114	-2.2141619097514086e-05	-0.001166297444460511	0.008891092231927971	4.2059075562929535e-05
13.34	-0.0002724283512603937	0.00020273398333538398	0.0031859913308747313	8.370007186728968e-05	9.576384170038142e-05	0.0027885432692532817	-0.01429875183836642	-0.019340741908559302	5.3324388560681866e-05	-0.0065209991112398875	0.005877295167394088	8.508930976441936e-07
13.350000000000001	-0.00033844911667934695	-2.3589931263115797e-05	0.003186766683333479	3.6950082221988166e-06	0.00012666223426067934	0.0027884469619233634	0.0016474085609346635	-0.024013150149597234	0.00010004575923414446	-0.008773078505910848	2.8347276356190358e-05	-1.4958969947654251e-05
13.360000000000001	-0.00024236449503512066	-0.00023829901813163755	0.0031876039935841522	-7.757040517657642e-05	9.681868793410232e-05	0.0027881177766250296	0.016773446435672548	-0.01711879275055674	5.6823657355913336e-05	-0.00679179386749202	-0.0057627936407271515	-1.5892536947760553e-05
13.370000000000001	-3.0407132253309428e-05	-0.0003384706839977771	0.0031877300636111486	-0.00012160757587874895	2.0578514961017085e-05	0.0027878286911828414	0.023843213863558657	-0.0020709707533936627	-3.799532434514778e-05	-0.001622030438472378	-0.008840256464110486	-5.031052609886395e-05
13.38	0.00019596660679229518	-0.000276480873400426	0.003187283788843935	-0.00010731847301722845	-6.557312506660553e-05	0.0027872221690337685	0.019544055516426764	0.013937690484971345	-4.0764132550026095e-05	0.004353908033791158	-0.007670542809297501	-7.280130423694068e-05
13.39	0.00032870258067523944	-8.210752903758825e-05	0.00318692465929884	-4.142944322202861e-05	-0.00012036238253684192	0.0027865725624810107	0.005866840731617419	0.02331559278777016	-9.072232490533092e-06	0.008272013028057515	-0.0028198119792142	-4.6217979412331694e-05
13.4	0.0003035597174011693	0.0001521955832963965	0.003186683628873512	4.45358269397356e-05	-0.0001171523648576404	0.0027866203533035653	-0.010685318552176618	0.021538427478432345	-3.473781348596093e-05	0.00819214059791465	0.003424577077474892	5.013328385378785e-05
13.41	0.00013291293102071062	0.00031358207153672307	0.0031862890966375067	0.00010921472955002235	-5.744371716936774e-05	0.002787085295672982	-0.02201774433412045	0.009377836937570478	-3.930532072527999e-05	0.004207036993688357	0.008006777562189224	4.4003415653777854e-05
13.42	-0.00010148689353152023	0.00032453389647059145	0.003186083800006667	0.00012167830108975703	2.9800604066789186e-05	0.0027875243610695362	-0.02288525647444747	-0.007253008282051067	2.873127973113214e-06	-0.0018042937258894698	0.008719497267981472	2.1934623636334096e-05
13.430000000000001	-0.0002874437430044341	0.00018011161523202968	0.0031862793829748855	7.602528638897389e-05	0.00010289933782101334	0.0027876571163626845	-0.012744464503080156	-0.020423861186637193	5.506735858523256e-05	-0.006949209525178851	0.005296210778141964	-2.826683923069556e-06
13.440000000000001	-0.00033594748305595896	-5.077615217663997e-05	0.003186974265990815	-6.018969171806739e-06	0.00012702052433902325	0.0027875572286169457	0.0034642555146361764	-0.02379831012465253	5.7897224344388395e-05	-0.008768472356347956	-0.0006722866419093622	-2.11554614870092e-05
13.450000000000001	-0.0002235578774555892	-0.0002571503010279713	0.0031873381218081	-8.501596528800811e-05	9.037714351170415e-05	0.0027878684066220843	0.018066237574402528	-0.01575400231151372	1.0834537326958632e-06	-0.006364532636026346	-0.00633802100278071	4.1020790232480686e-05
13.46	-3.944850379562456e-06	-0.00034020744974781915	0.003187208915997757	-0.00012336802303054357	1.0590445033687689e-05	0.0027881202775295023	0.023999316504188135	-0.0001651238329988616	-4.077949353820994e-06	-0.0009692598971050457	-0.008933333827727352	7.729760369011053e-06
13.47	0.00021763015851561734	-0.0002604227098479358	0.003187233205142768	-0.00010273432455080172	-7.404618176786346e-05	0.0027878849157928045	0.018432589588167736	0.015457754172619482	2.5769087521166367e-05	0.004929387458003815	-0.007292587201998567	-6.677527193882175e-05
13.48	0.00033481996896900056	-5.6114684707710464e-05	0.003187470996059187	-3.275466314980476e-05	-0.0001234112235205363	0.0027871694993192833	0.00401332860835826	0.023681831540349425	2.0617510405011136e-05	0.008477879903911745	-0.0021841854649307254	-6.835742848979879e-05
13.49	0.0002913541298207342	0.0001748401140304133	0.0031873571707145467	5.3194634803687365e-05	-0.00011374728749936796	0.002786820377636758	-0.012345457776786355	0.020568368823488007	-3.535065214258336e-05	0.007967770062419301	0.004023390651390282	-2.589556324588152e-05
13.5	0.00010812302950768051	0.0003216816204470911	0.0031869012643790445	0.00011370022263207826	-4.9312817437853936e-05	0.0027869725048523075	-0.02276203281707579	0.00757716488246207	-2.1141941273966485e-05	0.0036075854027274503	0.008315497874640157	3.939235233076602e-05
13.51	-0.00012673371590678296	0.00031429655424798143	0.0031868582167600655	0.00011974320795481626	3.891720584281584e-05	0.0027872318844400505	-0.022249824049558737	-0.008988572449631247	2.764833341207801e-05	-0.0024717817082930645	0.008574089300954922	7.5495718885175865e-06
13.520000000000001	-0.00030090429112648496	0.0001566821797719223	0.0031871942484668573	6.820313808028489e-05	0.00010817752411114364	0.002787446937642306	-0.011111908035190823	-0.021241231306880517	1.0919247787028732e-05	-0.00741669281408932	0.004713052964878053	4.4597595776429886e-05
13.530000000000001	-0.0003306910854699219	-7.603059442326094e-05	0.003187334484161309	-1.625766953742638e-05	0.00012546506309204066	0.0027880214601385734	0.0053832039892826	-0.023344455340624678	-3.927278859169295e-06	-0.008762339151579856	-0.0013960273313153061	5.820135762017244e-05
13.540000000000001	-0.00020194057408239076	-0.00027222591705699476	0.0031871665071344785	-9.2833053877076e-05	8.239467655288205e-05	0.0027886081719785166	0.019276776709127492	-0.014257733632604033	-2.6490991473256006e-05	-0.005900443957304176	-0.0068631106718487645	1.2062442263384925e-05
13.55	2.3419463832871428e-05	-0.00033816736679154327	0.0031870987787194333	-0.00012483931223716512	-2.991025248985487e-07	0.002788446469496497	0.023926717651975394	0.00162364852101911	1.050306495787105e-05	-0.00022948956525737065	-0.008984229209570996	-5.3114782798811205e-05
13.56	0.00023772660842461598	-0.0002424213364969638	0.0031875048459441484	-9.709837426137064e-05	-8.266593613721558e-05	0.0027873822082922868	0.01711601452655102	0.016759944542772798	5.134428151503971e-05	0.005540978443557794	-0.006788826762829786	-0.00013193033130296612
13.57	0.00033806460672824545	-3.0137801225187044e-05	0.0031878085095681987	-2.2681332930111267e-05	-0.00012504665658262244	0.0027866015963591735	0.0021050330371711013	0.02391044729310539	-1.6378400227000783e-05	0.008724159940091292	-0.001339922509865407	-5.4548625976316484e-05
13.58	0.00027639414385723364	0.0001966394572621163	0.0031872788778339474	6.312466042444334e-05	-0.00010717886886590556	0.0027865245957639324	-0.013916606534219925	0.019524147041933317	-8.051655569409252e-05	0.007698815289941655	0.004752380766082874	5.252378397843741e-05
13.59	8.214972224441513e-05	0.00032876522315250246	0.0031864418381048294	0.00011852371581523191	-3.77528892391991e-05	0.0027872839930783897	-0.023287444511384568	0.0058123009076284406	-5.0382470660868453e-05	0.0029166371843940184	0.008551601528354888	8.050316411404605e-05
13.600000000000001	-0.00015159387009915172	0.0003032959324156562	0.003186260401927717	0.0001169996230026691	4.965533202372274e-05	0.002787945143478842	-0.021527227256072645	-0.010688561154414696	2.9738177191512906e-05	-0.00321085493203647	0.008208958060220845	4.979086173721011e-05
13.610000000000001	-0.00031319530005149163	0.00013221627414501967	0.0031871295196785874	5.970891458402788e-05	0.00011326838327166168	0.0027881085407434228	-0.009419799103847121	-0.022085722124677045	0.00012043228006226102	-0.0077874358237720095	0.003965252675256148	2.5708514598812912e-06
13.620000000000001	-0.0003244505286539423	-0.00010248689112157716	0.003188158743543789	-2.6113888567328632e-05	0.00012244280074624015	0.0027880617417638345	0.007261091291593361	-0.02287338881694315	7.977214345337724e-05	-0.00864213902216133	-0.002197520290202701	4.6386607628029185e-06
13.63	-0.00018007391485289737	-0.0002879232940099281	0.0031883581599349156	-9.921313299118085e-05	7.300775942959582e-05	0.0027880403231115456	0.020393222637476068	-0.012667496808668794	-2.3058312484916264e-05	-0.005371654009853419	-0.0072715094472290045	-2.8548702141982382e-05
13.64	5.0274374722652125e-05	-0.00033540104033654203	0.0031879954601249	-0.00012473469637674497	-1.1263550625232522e-05	0.0027875822538448746	0.023736424251409993	0.003571391547484162	-4.205509839034989e-05	0.0004774652933131104	-0.008884392354827794	-5.075234436177926e-05
13.65	0.000256294143701245	-0.00022220683590922998	0.003187642909203576	-9.067579941670889e-05	-9.012502573389656e-05	0.002787132549821746	0.015731614463667772	0.01811234576666954	-4.5393941705471154e-05	0.006083279508595805	-0.006239918961054972	-3.734669814716413e-05
13.66	0.0003392657777766965	-2.749342789311235e-06	0.0031872904801280824	-1.3093639289821823e-05	-0.00012595224210205434	0.002787026155902351	0.0001687353459419993	0.02398168422640917	-3.3667795909622654e-05	0.00878933852194244	-0.0006098130372467501	4.4903153054639614e-05
13.67	0.0002598095160456762	0.00021814555725409545	0.003186872055639861	7.086566325296058e-05	-0.00010150933985654077	0.0027876926397555016	-0.015402225466595598	0.01835335739518902	-2.944977264155136e-05	0.0073146462480461	0.005287881844547616	7.089504597586456e-05
13.680000000000001	5.601418342673258e-05	0.0003346432862959371	0.0031869714705722568	0.00012088354904147563	-2.8496397471873763e-05	0.002788474466882162	-0.023633064378601316	0.00395893844972719	2.7404356687354603e-05	0.002276897263667275	0.008708780133345195	6.93494338868079e-05
13.690000000000001	-0.00017450405439997112	0.0002912608103744324	0.0031876473552678417	0.0001128195383879766	5.8417887374073615e-05	0.002788987921444595	-0.020538691029493912	-0.01228010968729211	7.846153987315538e-05	-0.003809059846614807	0.007923337433174386	1.6866321881150279e-06
13.700000000000001	-0.0003216608746473924	0.00010864823309436805	0.003188445167829707	5.0844037885316246e-05	0.00011719516313126597	0.0027885572460815745	-0.007645880082282406	-0.022717470943973687	5.1234705915867825e-05	-0.008071924490174513	0.0033160697287235794	-6.311127322276886e-05
13.71	-0.0003147610139442088	-0.00012627027885108003	0.003188393036325902	-3.5672742300467716e-05	0.00011946605986429462	0.0027877140396004433	0.00896586090384526	-0.02228500800514241	-6.383047724931649e-05	-0.008505740153031965	-0.0028917090710852303	-0.00011481071256264914
13.72	-0.00015686417843684965	-0.0003005300346070081	0.003187231867365895	-0.00010525218751929858	6.424354114315465e-05	0.0027868232987046516	0.02128732681658608	-0.011100553716356402	-0.00013979635019384132	-0.004830400341858755	-0.007677494896896238	-5.34340544980487e-05
13.73	7.633611796881184e-05	-0.00033041037978534695	0.0031861060950887908	-0.000124473700132012	-2.1829861922897764e-05	0.002786440829913866	0.02340830018323967	0.005363733973762738	-7.70108141828488e-05	0.0011425521012910446	-0.008800952625148354	-1.6172226769152627e-05
13.74	0.0002731626757464708	-0.00020203126338880984	0.003185926691190373	-8.422349768742732e-05	-9.737008643804295e-05	0.0027865193727761232	0.014277047430881342	0.019257162406343252	2.9358854490254124e-05	0.006568838419747772	-0.005689643729677605	5.825357236648924e-05
13.75	0.00033896308698829505	2.3230345926947314e-05	0.00318640832827723	-3.4946340542110904e-06	-0.00012622519978380784	0.002787259629215115	-0.001687100887149367	0.02392300939494504	6.287096070957443e-05	0.0088863126280689	0.00015944770154346314	8.671946226257632e-05
13.76	0.00024237243168713987	0.00023744722923880186	0.0031871209641094887	7.907467268058819e-05	-9.441916544378914e-05	0.0027880799103552965	-0.016831256530543317	0.017111385373971878	6.997387756265273e-05	0.006922900730176264	0.005944963345164702	8.460495735431841e-05
13.770000000000001	2.9590433357817804e-05	0.00033790123103873224	0.0031879255787849643	0.00012378734565416405	-1.7273261784364154e-05	0.0027883618364544466	-0.023940240421596908	0.0021362435084024134	9.174750687443304e-05	0.0016479162107396765	0.008819049841569173	-2.104306133099384e-05
13.780000000000001	-0.0001974688091820272	0.000276524978180884	0.0031886454294830285	0.00010905277031506885	6.784030492169395e-05	0.0027878477652938482	-0.01956766191284355	-0.013916199862999103	3.883264177230588e-05	-0.00445908420441123	0.007490013518106168	-6.364133147572512e-05
13.790000000000001	-0.0003297248442133649	8.221290559571198e-05	0.0031885936591573585	4.177530399011702e-05	0.0001205972864537838	0.0027870840014033037	-0.005789674740821566	-0.02329359532754725	-7.082887134456023e-05	-0.008441565490385803	0.002625303396878881	-7.148101323205959e-05
13.8	-0.0003038539441023714	-0.00015150795072930482	0.0031876881793315315	-4.5929508667205355e-05	0.0001159010634868279	0.0027865540545066736	0.010752480821069546	-0.021462883512315952	-0.00010403153753785894	-0.008359199732870677	-0.0035407171682865055	-3.945761127091056e-05
13.81	-0.00013246181608395882	-0.0003122269545745017	0.0031865610878500225	-0.00011184145994644196	5.562412387948462e-05	0.0027864238366794793	0.02208385604841564	-0.009327460504361536	-8.178104368832822e-05	-0.004263902507001194	-0.008014649416944514	5.6948903499845334e-06
13.82	0.00010203338207832426	-0.00032322236776497447	0.003186082919234186	-0.0001241230956425463	-3.146247324514389e-05	0.0027867529336832236	0.022862840904236754	0.007225830919143917	-1.1109379510059187e-05	0.0019033163190357093	-0.008665924021380956	3.264716263930777e-05
13.83	0.00028800857620696395	-0.0001791570501534503	0.003186315181686403	-7.70828212429581e-05	-0.00010363711977375779	0.0027871165182001517	0.012756564858612084	0.020359158176841155	5.327093319724741e-05	0.00712116118050723	-0.005142068930338854	6.255010880064927e-05
13.84	0.0003364894693663081	5.092475863985442e-05	0.003186740387731164	6.8647824384689114e-06	-0.00012623295612802573	0.002787705305000131	-0.0034795954745865704	0.023715957348690465	4.187327025657994e-05	0.008966692833777039	0.0008462794976761052	5.72256061467207e-05
13.850000000000001	0.00022390420140107185	0.00025682829748736733	0.003187191462883535	8.764873806736944e-05	-8.818788909118577e-05	0.0027882763443760664	-0.018093409742643476	0.01571432569842802	8.294910522184295e-05	0.006483349775056314	0.006423028968474964	2.6087277610036033e-05
13.860000000000001	4.06227446860247e-06	0.00033961320987205154	0.0031879019762886865	0.0001261587669578186	-8.17408824149934e-06	0.002788311415077914	-0.02404366488641234	0.00017073107823182122	7.274327748792252e-05	0.0008860234041654726	0.008919074127305502	-1.8625188077903802e-05
13.870000000000001	-0.00021817290554527427	0.0002599395030681955	0.0031883342877899656	0.00010362229230099082	7.536032597346172e-05	0.0027877959512895103	-0.01852570225848733	-0.015429638329565596	2.410731038908876e-05	-0.005160111684116725	0.007110682664640891	-7.077258938158636e-05
13.88	-0.00033617855738325383	5.549039142675602e-05	0.0031881610945536055	3.127500737070879e-05	0.00012286149017537592	0.00278730510366672	-0.004072218972130798	-0.02372102635779934	-6.450649660058687e-05	-0.008703306811499082	0.0019599740167923724	-6.108665920486695e-06
13.89	-0.00029273942108591004	-0.0001755342515059722	0.003187258965104945	-5.622844109972847e-05	0.00011142751745087639	0.0027874664691780876	0.012366777482517318	-0.02054582961720231	-9.997987903625316e-05	-0.008083046708434207	-0.004142128161164064	3.108253962614464e-05
13.9	-0.00010874386108761287	-0.0003221427402865357	0.0031865389263150295	-0.00011700328935134329	4.6945477486540086e-05	0.0027877571274130424	0.022862829942411084	-0.007578985777189757	-3.230278644125839e-05	-0.0035639843933345274	-0.008214798985565357	2.0190457306854716e-05
13.91	0.00012716176179698553	-0.00031470958324500653	0.003186509115934847	-0.00012177054326029688	-3.973183922322972e-05	0.002787716345966501	0.022364858800885477	0.008999197496552314	3.341434286234e-05	0.002666118367819361	-0.00838698435774966	-9.855737869883481e-06
13.92	0.00030216502314321783	-0.00015665046963096995	0.003187237829195869	-6.804676260459673e-05	-0.00010719221859731974	0.0027875511450255286	0.011163507348250341	0.02129289570531438	8.010118607689383e-05	0.007612806439698826	-0.00455334834703411	-2.7089968033785084e-05
13.930000000000001	0.000332403387129497	7.669197802400116e-05	0.003187885599389146	1.8148184693250663e-05	-0.00012353922239970085	0.0027874373879883067	-0.005381473381897175	0.023398005367355156	6.484744340893947e-06	0.008893379477124512	0.0014504774904478442	2.2049411683980438e-06
13.940000000000001	0.0002031130028075086	0.0002730241944877172	0.003187780328878696	9.56258207642414e-05	-8.039839605865851e-05	0.0027876093396091645	-0.019390973252664534	0.014218989515096887	-2.8298528007700583e-05	0.005928488398917206	0.006803036274088801	7.925237333537271e-07
13.950000000000001	-2.381763692635987e-05	0.00033818986865916307	0.003187317113387236	0.00012743711273405827	1.3924114375128533e-06	0.002787411619251489	-0.02408958375082183	-0.0017219951525026158	-4.155705596332691e-05	0.00012891720951738804	0.008876012587772321	-3.189669610813931e-05
13.96	-0.00023974559044106017	0.00024128014632949265	0.003186979487112478	9.796031147345868e-05	8.26843460339064e-05	0.0027870497868222027	-0.01727659256689846	-0.016822346628795188	-3.29224992132816e-05	-0.005770106156852883	0.006711808750349959	-2.479965972333374e-05
13.97	-0.00034096479590511837	2.8732212215719314e-05	0.003186772156397188	2.122349911608105e-05	0.0001247696757063204	0.002787071214398177	-0.0020963903674582527	-0.0239004042241764	-2.2432256662733223e-05	-0.008940513780417585	0.0013370547768229318	3.162626474638397e-05
13.98	-0.00027854692489249035	-0.0001975559753906832	0.0031865166257266223	-6.606900268415629e-05	0.00010729582049513308	0.002787461756535374	0.0140785053667642	-0.019474564777298774	-1.2302847155071484e-05	-0.007776515911687995	-0.004698054755736486	2.5446550741136686e-05
13.99	-8.216774958604291e-05	-0.00032923376179476167	0.003186690054064733	-0.00012177495848717399	3.827714147253923e-05	0.0027875833929952997	0.023550845846614123	-0.005760047144483768	4.090134306385454e-05	-0.002888398334507248	-0.008504343569378714	2.698431191735203e-06
14.0	0.00015409479914424876	-0.0003031855407155261	0.0031872431053677477	-0.00011909686608207837	-4.916891287644674e-05	0.0027874780715477	0.02170628274299411	0.010773475739236173	4.620226598649443e-05	0.00337764235405049	-0.00824939626766794	-2.3066600908476477e-05
14.01	0.0003163448656399781	-0.00013136171956545936	0.0031875678259491174	-5.9503226525241784e-05	-0.00011345850426195576	0.002787622608084011	0.00938351740254044	0.0221310668771742	9.368409010602424e-06	0.00806154311899919	-0.004040816104837298	4.6020280666353416e-05
14.020000000000001	0.0003264593783104597	0.00010349159401206038	0.0031873710714681544	2.9178338560046115e-05	-0.00012341892490789214	0.0027882247279899085	-0.0074472770718655434	0.02283827328630344	-2.510757320532741e-05	0.008918873130460043	0.0021234555964414373	7.036522281889027e-05
14.030000000000001	0.0001796567503063547	0.00028841805975041434	0.0031867907830486967	0.00010411891797301627	-7.463015911281923e-05	0.0027887613789166726	-0.020684674822043673	0.012614479473105582	-7.559170125100955e-05	0.005453687113873023	0.007215701407445595	4.508257035105588e-06
14.040000000000001	-5.374345815740268e-05	0.0003353325682865292	0.003186283295168431	0.00012925380437721587	9.347722896789931e-06	0.0027884884263591433	-0.02403911598409338	-0.0036372321802470887	-1.7640172840457035e-05	-0.0006184990522206303	0.008860407716488456	-3.4554535150094596e-05
14.05	-0.00026145863503929486	0.00022135871014201472	0.003186019551150951	9.283201123034311e-05	8.861428750336201e-05	0.0027881909686957467	-0.015748636151012737	-0.018196019400379702	-2.1197604881660518e-05	-0.006371173390394336	0.006321208973249652	-1.1309391661794102e-05
14.06	-0.00034347536162718245	1.1743896506574516e-06	0.0031856730583727107	1.206139980580383e-05	0.00012581520055874446	0.002788174679073203	2.3045733117431014e-05	-0.024009416571550875	-4.9108003688321144e-05	-0.009071300950375085	0.000783591318088016	8.001547327425248e-06
14.07	-0.00026090035595570556	-0.00021971523968225754	0.0031856019832547785	-7.4145616357817e-05	0.00010297018743991579	0.002788295722561619	0.015797735424592594	-0.01831947914406354	4.037096784187464e-05	-0.007449999603799608	-0.005163061203760604	8.777338311611477e-06
14.08	-5.3204282865094074e-05	-0.0003356390558171636	0.003186244766139118	-0.00012478606759057002	3.090224351272433e-05	0.00278809368114801	0.024000732733717823	-0.0038759245789930803	8.140671892874772e-05	-0.0022506009454161657	-0.008627052193027262	-5.9083990292411235e-05
14.09	0.0001800770409589527	-0.00029073559230714834	0.0031870820582285764	-0.00011568902900981341	-5.570374215461937e-05	0.002787535844289304	0.02068458745329215	0.012496766395304476	7.16139688326549e-05	0.004010977778191259	-0.007983895213890216	-6.562669569784005e-05
14.100000000000001	0.00032682310262095146	-0.00010617205156794868	0.0031873954090584408	-5.092603160624912e-05	-0.00011557933162247621	0.0027871944779125045	0.007429836217756661	0.022852691566735903	-2.9923535084063014e-05	0.008412472342564073	-0.0034974099340969785	-1.3772682946919662e-05
14.110000000000001	0.00031644408349403545	0.00012918539383837717	0.003186696765283029	3.8714141541423624e-05	-0.00011994334960965577	0.0027873353101307567	-0.009395785112277082	0.02222136885481454	-8.994781386621638e-05	0.008780241957219232	0.0026674894112843103	3.49782641163724e-05
14.120000000000001	0.00015439272388484562	0.00030231847778962177	0.0031859372665975503	0.00010994930285723505	-6.705265816008934e-05	0.0027874882775003524	-0.021647416374507858	0.010974120308469355	-5.0408680079599273e-05	0.004868863587742217	0.0074840028804829236	3.0412714152221464e-06
14.13	-8.150467352928516e-05	0.0003309005459303483	0.0031860505181897487	0.00012846540528956997	1.7703028615585687e-05	0.0027875536856454062	-0.023576379961589296	-0.0054973695735853955	3.863995518015754e-05	-0.001325304456150838	0.008748376624840824	2.2935661658408476e-05
14.14	-0.0002785733620329397	0.0002010844384712662	0.003186292672401935	8.53183750453735e-05	9.367682992625988e-05	0.002787976549352663	-0.0141579138423171	-0.019388865626981173	-7.0449040031867076e-06	-0.006920624780715356	0.005820624815098596	4.762629070853211e-05
14.15	-0.0003416122484392444	-2.499920651315353e-05	0.0031862299354796643	1.3301118009303755e-06	0.00012464825300683883	0.0027886189220821976	0.0020591703622672096	-0.023929791245752587	1.766866461236757e-05	-0.009150666879428811	0.00011393159112571305	6.612631570648451e-05
14.16	-0.00024090320271647462	-0.00023901812587638258	0.0031867608787771603	-8.296349819371401e-05	9.566863560850769e-05	0.002788909599085272	0.017212516955179384	-0.01706584653857461	7.9532547808095e-05	-0.007003014738501886	-0.005657341491586728	-6.4149734896576544e-06
14.17	-2.5145952212956126e-05	-0.00033863139785618473	0.0031877368063512827	-0.0001275248702947148	2.0982587444406843e-05	0.0027884940400410775	0.02415930560004262	-0.001990340294602563	0.00010705129687154776	-0.0015330399331789485	-0.008675021345603183	-5.884143030910521e-05
14.180000000000001	0.00020275838576203816	-0.00027568438551203804	0.0031883603997500533	-0.00011096910827177172	-6.375853430673163e-05	0.0027878949609089878	0.01949524282620489	0.014053667097293089	-3.966992730223646e-05	0.0047064822499254975	-0.007589270076568108	-2.503777794852254e-05
14.190000000000001	0.0003330889596213836	-8.051788821906151e-05	0.0031872216608367825	-4.1031642020594193e-05	-0.00011839636516566725	0.0027879400354414345	0.005481793588992591	0.023344485265974036	-0.00017473095687101718	0.008691196087848563	-0.002879889081790008	5.6618169317439564e-05
14.200000000000001	0.00030338581895954193	0.0001532221854814274	0.0031855937124283897	4.913486554585862e-05	-0.00011664505584246484	0.0027883681942034275	-0.011171033413577107	0.021447992060147095	-0.0001263106241648113	0.008551799177793595	0.0032226074783289808	4.016937755686471e-05
14.21	0.00012821582774650913	0.00031387249196220793	0.003184989867535961	0.00011568922652049821	-5.9273144146331156e-05	0.0027884427211047965	-0.022383118639414456	0.009333839333397886	1.8227190117035972e-05	0.004194913873823109	0.0077600554519627095	-2.49996057546241e-05
14.22	-0.00010815125872025865	0.00032448436854887647	0.003185626099131983	0.0001263249231277699	2.618416541408614e-05	0.002788003726068561	-0.022898097110913083	-0.007332863949077023	9.366057670214195e-05	-0.002127884991834899	0.008618555477486594	-4.699738484648794e-05
14.23	-0.0002927143142582432	0.00017926448925713873	0.0031865952767068406	7.65598017839086e-05	9.926043705483116e-05	0.0027878188098766593	-0.012456191846007995	-0.020490555609811983	8.578829694219249e-05	-0.007388726794003931	0.005368129140965523	7.300180091626884e-06
14.24	-0.000337033326731432	-5.198185752793475e-05	0.0031870550271645886	-9.768256974592301e-06	0.0001247495466244078	0.002787960368550534	0.00397210591048544	-0.02381096407571326	1.8505465052060615e-05	-0.009120514711003952	-0.0004685681214972223	3.520499262207688e-05
14.25	-0.00022019142853500707	-0.0002584184134501771	0.003187220779965687	-9.101662609414887e-05	9.065103206210965e-05	0.002787927846019677	0.018427906046546802	-0.01573636873956069	2.8757419011907893e-05	-0.006472891645968274	-0.006064386467308789	-2.6651756733470553e-05
14.260000000000002	1.7924273589821276e-06	-0.00034077909018493714	0.0031873768302297656	-0.00012861791556772272	1.2852162189963376e-05	0.002787825664851543	0.024084792601714974	-5.9373433809029554e-05	9.379311178644694e-06	-0.0007352558274493481	-0.008823866522449472	1.192826822389103e-05
14.270000000000001	0.000222837561768814	-0.000259550021956561	0.0031872949120125634	-0.00010445295237669034	-7.170167181990367e-05	0.00278827500362611	0.018228694300617625	0.015618013264406342	-4.6270834681124527e-05	0.005377373601034996	-0.0073390581872866175	8.201840847776946e-05
14.280000000000001	0.00033673544254077644	-5.368295963196553e-05	0.003186664839656834	-2.9916558643091e-05	-0.00012200181013621823	0.0027887218138200917	0.0036048010735683037	0.023828276588269883	-5.281493468600431e-05	0.008881704739509808	-0.002298999240246706	3.633688742668116e-05
14.290000000000001	0.00028909387020374476	0.00017816704791728032	0.0031863177769537333	5.85746731203776e-05	-0.0001137560672698207	0.0027884813411522885	-0.01273631535196123	0.02061944297168505	-4.123676047630587e-06	0.008074696570872857	0.0038727405184315203	-4.77900467908847e-05
14.3	0.00010279723541202482	0.0003250069291789519	0.0031864458305482985	0.00011862671218084564	-5.10573375306207e-05	0.0027879485149375407	-0.022980996626856178	0.007502169570992542	2.8781782297010165e-05	0.003460311180498113	0.00813204675106287	-4.234617811309073e-05
14.31	-0.0001328601974077565	0.000315888191784595	0.00318656605327157	0.00012186163861541443	3.5888428702647443e-05	0.0027877852976147324	-0.022180892273131747	-0.00925091289507375	-1.0334684450240025e-05	-0.002845432809167396	0.008518012325208506	-1.1084180304521036e-07
14.32	-0.00030458457852710165	0.0001551253218634811	0.003186478677938564	6.619140013183641e-05	0.00010539631977371226	0.0027880870637331428	-0.010714688775685342	-0.02151635003208408	-1.9580192264501604e-05	-0.007788537057761265	0.0048034107810576215	3.499619722483444e-05
14.33	-0.0003301139618301724	-7.9899875478324e-05	0.003186550261639797	-2.1320718103906165e-05	0.00012422350301854388	0.00278830166109274	0.0058249862670423855	-0.02350857248377562	2.6339399113793335e-05	-0.008971163193300739	-0.0011737333206161356	-1.6686157809512673e-05
14.34	-0.0001973749461381145	-0.00027680010941914996	0.0031870472655362676	-9.864090785007802e-05	8.388618424520219e-05	0.0027878822196162746	0.019617147962958683	-0.014217601076247463	6.98558966229722e-05	-0.005830255586531795	-0.006571905529821216	-4.912602948226171e-05
14.350000000000001	2.9976524042700793e-05	-0.00034090013470825344	0.0031871928272576068	-0.00012842883205811152	3.481734900952623e-06	0.0027874618376686326	0.02398392776261034	0.0019540533434454586	-3.191095899937204e-05	0.00011284115319924754	-0.008826531360776295	-2.4917405642068372e-05
14.360000000000001	0.00024297877883841802	-0.0002410676875863657	0.0031865579388699683	-9.651180670513692e-05	-7.862036884731306e-05	0.0027878104634782032	0.01680908457860392	0.01715976743396654	-0.00010766044722032422	0.005987860045886523	-0.006904380283272995	6.264964468984855e-05
14.370000000000001	0.0003391501261320464	-2.5836420514816773e-05	0.0031856221209280795	-1.8393482824371143e-05	-0.0001232170905353171	0.002788469904946589	0.0016514995419698833	0.02408323239798597	-5.99980315450806e-05	0.008960910801545626	-0.0016522258003780457	8.299945365404648e-05
14.38	0.00027324981016773524	0.00020165286742960877	0.003185702906818119	6.816222499565788e-05	-0.00010896530776095375	0.002789172829184325	-0.01428891171244217	0.01952804368333152	9.495398490193254e-05	0.007606536975982274	0.004385196187387471	5.2530614491387956e-05
14.39	7.653334591290872e-05	0.0003328659099841546	0.0031866783094811287	0.00012152394092111932	-4.266915001753568e-05	0.002789566362010571	-0.023395260452976394	0.00557448554168881	7.6363928999078e-05	0.002625779494789275	0.008322375554642278	2.3349233783111223e-05
14.4	-0.00015648497468079346	0.0003043550721023816	0.0031874978135355467	0.00011625368156431699	4.392163651927132e-05	0.0027896588158148514	-0.021262282504435837	-0.011054429009745455	6.875995006445178e-05	-0.0036222248408390957	0.008286543635757359	-1.1211890409807294e-05
14.41	-0.0003143040193465357	0.00013013302717268115	0.0031877464840918217	5.525627568254953e-05	0.00010939508341576225	0.0027892035245919654	-0.00897300149028334	-0.022300849050102163	1.1299734152421084e-05	-0.008078016208533422	0.004264310880719853	-0.00010635759110226089
14.42	-0.0003214056835113717	-0.0001059569436205655	0.003187833832922673	-3.1907572272280146e-05	0.00012225039677691703	0.0027877740636668377	0.00760505338448715	-0.02295273253327011	1.4379238019315255e-05	-0.008657744401473396	-0.0017941298674809202	-0.00017338585843831866
14.430000000000001	-0.0001744333680449507	-0.000291279180370609	0.003187550959451274	-0.00010383359638812525	7.645348353114277e-05	0.002786268152004436	0.02058402636718978	-0.012580793659386144	-9.33115327253646e-05	-0.005154265272755701	-0.006986570781040239	-0.00013885219987418008
14.440000000000001	5.6652300926340506e-05	-0.00033692799871847884	0.0031861654096672336	-0.00012620400092092936	-6.555769287973251e-06	0.002785459979820752	0.023693253780885944	0.003820089752148573	-0.00018383216086009012	0.0008656023621436901	-0.00891338169372898	-1.1436735436208165e-05
14.450000000000001	0.0002606971559641264	-0.0002206645371554851	0.0031848638889484028	-8.784791367946141e-05	-8.705415810900799e-05	0.002786285012691893	0.015405672436115143	0.018434939638428533	-4.600899752729883e-05	0.006482997451033536	-0.0064852726806264565	0.00014588751043873577
14.46	0.00033981500661699513	1.5960190571631121e-06	0.0031851336080766877	-7.519296509198678e-06	-0.0001257306259665818	0.0027879896695387073	-0.0002670740709314448	0.024153926866699954	0.00013039057305996797	0.008913014468792956	-0.0009213425364481569	0.0001627259337798269
14.47	0.0002561224365809467	0.00022335236530228493	0.003187109978928688	7.601967414074989e-05	-0.00010399475642905803	0.002789228894340147	-0.015788528886386287	0.018330166792853937	0.00023038772620461164	0.007099296641024357	0.005086986246238389	5.8318166109250554e-05
14.48	4.961039625234408e-05	0.00033837835398990224	0.0031889685938590387	0.00012312108028085105	-3.2041168266878736e-05	0.0027897475706005303	-0.02376994522586058	0.003694967586040663	0.00011083926426610673	0.0019297808050172433	0.008690833514379616	4.0840730841506605e-05
14.49	-0.00018073231208989632	0.00029093502133602743	0.0031889944442364333	0.00011156328322970445	5.562697513678944e-05	0.0027899716796715656	-0.020356932880011197	-0.012761788710167603	-0.00010788739192675706	-0.004173976406657761	0.008076091321100176	-2.4872818204253812e-05
14.5	-0.00032442598705655654	0.00010386255137580407	0.0031874451628874124	4.648969501572697e-05	0.00011659454062395998	0.0027891269923132735	-0.007165917384487857	-0.023065450068158716	-0.00016782837263601945	-0.008293561708211354	0.0036111157921629475	-0.00017104062304975503
14.510000000000002	-0.0003126804527268553	-0.00013314451365749425	0.003185789960315602	-4.094225414160391e-05	0.00012165026279846248	0.0027869756408824943	0.009432036023626376	-0.02235481255024379	-0.00015716885744675835	-0.008472948854374862	-0.002629780222345641	-0.00022828516662263152
14.520000000000001	-0.00015096673095813537	-0.0003063491827916073	0.00318479407234374	-0.00010900623025093647	6.812222703403655e-05	0.0027851801413017333	0.021538710835747522	-0.010827013577602863	-3.353221592052348e-05	-0.004564933129149628	-0.007612659527293915	-0.00012074031584556028
14.530000000000001	8.295721400340819e-05	-0.0003320220254223623	0.003184998634549663	-0.00012462451269758989	-1.8329904042538638e-05	0.0027851116807780132	0.02328085754142445	0.0059122888283429115	5.700482955858781e-05	0.00158168869203564	-0.008952601464146686	9.731488584469053e-05
14.540000000000001	0.0002767841067300289	-0.0001982562476563671	0.003185819098506833	-8.007938310986348e-05	-9.590294569406594e-05	0.002786813391532628	0.013843613135110924	0.019718528145590962	0.00012900080622510482	0.00693032678736367	-0.005933961456963211	0.00022294903807492362
14.55	0.00033775362328134216	3.0354490821992656e-05	0.003187438575828216	2.6210314939082647e-06	-0.0001272310378054935	0.0027888181283592614	-0.0021399963623353196	0.024077013886381834	0.0001870558004915345	0.008926621935612633	-9.783840492638826e-05	0.00015731517754193888
14.56	0.00023697708433904446	0.00024436666393632387	0.003188991495232414	8.393091131235742e-05	-9.763590958948375e-05	0.0027897721556330917	-0.017171523614725737	0.01690902801881522	0.0001322581170659631	0.006655203563409325	0.005773694061028335	4.792079380080693e-05
14.57	2.2378270678208693e-05	0.00034133848004783455	0.0031892630321804926	0.00012475848575058834	-2.1094594854985096e-05	0.002789809495738063	-0.023956586319520218	0.0016552344983968921	-6.939433395817898e-05	0.0011883627717819108	0.008887750127968852	-4.556264950602174e-05
14.58	-0.00020310879051929116	0.00027424887589255753	0.003187675146079391	0.00010580130504333548	6.552275581536666e-05	0.0027890922414843928	-0.01925792663685165	-0.014509396484597592	-0.0002304100257682072	-0.004829094223548752	0.007713011566870822	-0.00010326583304507108
14.59	-0.00033116677922663806	7.554481314200246e-05	0.003185273391678906	3.615395894468089e-05	0.00012057202628128734	0.0027876219840202387	-0.005319013164976965	-0.02357659115775727	-0.00017854025614188112	-0.008516434381854338	0.0028527771911561494	-0.00020698960175880902
14.600000000000001	-0.0003007018237843737	-0.00015926155255956292	0.003184414827699207	-5.053609240976794e-05	0.00011798573419910456	0.0027859850239407755	0.011154389746541291	-0.021394673690724276	2.36206239875833e-05	-0.00809768753270295	-0.0033639047889029044	-0.00012888066157738833
14.610000000000001	-0.00012620170283611707	-0.0003175698909744651	0.003185382175466158	-0.00011289827237594807	5.856055665127399e-05	0.0027851840087987235	0.022266104372151076	-0.00894267647062484	0.00013267309011355267	-0.003866441093957653	-0.007996177237892583	-2.3187002586526642e-05
14.620000000000001	0.00010847005462109002	-0.0003231410326539407	0.003187037918426515	-0.00012141302509215405	-2.8981654641886858e-05	0.002785881197751597	0.022718817320202225	0.00786300206940972	0.00014689055506101513	0.0022260064008469953	-0.008771697119736932	0.00012429029786473788
14.63	0.0002910877648890606	-0.00017357421373145258	0.0031881828278011904	-7.16613503878455e-05	-0.00010260556178573504	0.0027878845047417064	0.012274123565749348	0.020765925805769914	8.620203699292268e-05	0.007301452012352196	-0.005322665363485444	0.00022717225705246754
14.64	0.00033413249778599103	5.867985105759141e-05	0.0031888020431680643	1.2544523499535395e-05	-0.00012686301261285107	0.002789937141160573	-0.004037173428108317	0.02373628320930046	-1.4334474120770302e-07	0.008823358619869595	0.0006940552517493489	0.00013304216546663306
14.65	0.00021706567628834955	0.0002626744507355826	0.0031883329396803868	9.099955012837353e-05	-9.009126223161079e-05	0.0027906511198246293	-0.018411412763144418	0.015348310530863394	-9.916855691478093e-05	0.006198965268628784	0.006354027940319194	2.136193203893077e-05
14.66	-4.19918114655352e-06	0.00034081213723142557	0.0031869502685422505	0.00012633069133828772	-1.0151646705031752e-05	0.00279017829513918	-0.02399619828734581	-0.00037938040009948454	-0.0001479584438108338	0.0005392367120291488	0.008964781509503125	-0.00011363455593826746
14.67	-0.00022363718652221445	0.00025557031919369794	0.0031855558059377628	0.00010120304196303004	7.459186939678097e-05	0.002788837015359463	-0.018061329610332234	-0.015949848489868513	-0.00010837952469394269	-0.005369303276681157	0.007258464763835843	-0.00014187762542860541
14.680000000000001	-0.00033601292757196217	4.7890822761017184e-05	0.003185168731624413	2.7654989735217197e-05	0.00012325526955735692	0.002787256494392075	-0.00347007278389387	-0.02386644686568754	3.3989184645762645e-05	-0.008724288734133499	0.00209200352969066	-0.00016684577494254556
14.690000000000001	-0.00028752361600548195	-0.00018273107205491173	0.0031859956704969735	-5.904556182449611e-05	0.00011294372077156513	0.0027859144600240154	0.012760004316931065	-0.020333059707033255	0.00011781160155025228	-0.007896561542278541	-0.004055185131892387	-7.255847225394403e-05
14.700000000000001	-0.00010126253278995584	-0.0003256277639997531	0.003187262415962822	-0.00011734603295354098	4.8514321073410606e-05	0.002785991458455009	0.02293149539750037	-0.007046680737376429	0.00011233745566265594	-0.0032642257893974636	-0.008285088062944639	7.313800793605739e-05
14.71	0.00013372414304998648	-0.000312084765688128	0.0031882101813068622	-0.00011920358950226276	-3.9366159430996924e-05	0.0027870890636245206	0.022094859478462122	0.009646616788184828	5.9137645145681316e-05	0.002907616988326025	-0.008558342259565232	0.00014936749925402852
14.72	0.00030452581563592565	-0.00014871239767170425	0.0031883566536858245	-6.3744996521666e-05	-0.00010868747745333292	0.0027886112737669127	0.010656728471463517	0.02164939245349143	-2.9372025572572857e-05	0.007688837796232084	-0.0047196433843323705	0.00013230299282358771
14.73	0.00032954069562801723	8.585562550897996e-05	0.003187736935611932	2.2136920579850122e-05	-0.00012606220625321703	0.0027893303374091918	-0.0058625836360491745	0.02327135611482034	-8.123844497688788e-05	0.00878046457367253	0.0013925881871982716	2.4101273158921408e-05
14.74	0.00019666480790009872	0.00027891132868878204	0.0031866825153357313	9.771644007063989e-05	-8.29450447469234e-05	0.002789045717557959	-0.019611022916222423	0.013733150545510364	-0.00012578956737958557	0.005677983513554677	0.006850958410143535	-5.500381101031384e-05
14.75	-3.0851873143098574e-05	0.0003381801157105979	0.003185604184607434	0.00012639176480158003	-3.329428556990596e-07	0.002788347696333255	-0.023981505732341347	-0.0023390514470709644	-5.0273640277898746e-05	-0.00017515491160986454	0.009011295577987058	-7.34201794303464e-05
14.760000000000002	-0.00024397124261548163	0.00023533827344112763	0.003185537482658446	9.458238947359317e-05	8.24298111607048e-05	0.002787326521447943	-0.016842320089683668	-0.017356686880227803	3.010639465249633e-05	-0.0059149255799594985	0.006854330701479651	-0.00010788335728097107
14.770000000000001	-0.0003403576816359723	1.9769583532020206e-05	0.003186460091000255	1.7635913380472557e-05	0.00012584877579823657	0.0027864483110856967	-0.0016028906463259412	-0.02398322642145848	0.0001482273543101385	-0.008839756313390814	0.001452536540625137	-6.969210750400933e-05
14.780000000000001	-0.0002732308026055892	-0.00020513365040588163	0.0031878937857029582	-6.793093006166041e-05	0.00010892969917299579	0.0027861537014307303	0.014469008629500648	-0.01910279428024215	0.00010038367223788827	-0.007568272078153939	-0.004697694135818068	2.061840401819151e-05
14.790000000000001	-7.46527947323825e-05	-0.000331520301096803	0.0031883469644232746	-0.0001215099907346677	3.942609942388497e-05	0.002786783181448363	0.023557418630547576	-0.005111012359035044	-6.029172930524414e-07	-0.0026882888558633945	-0.008628876435554454	8.879442977418711e-05
14.8	0.00015953814846309463	-0.00029907196949763374	0.003187762298353696	-0.0001171776938404978	-4.9394733804483474e-05	0.0027880314110411983	0.021297430900746084	0.011331405669053963	-0.00010349055302110264	0.003511758104475519	-0.008383472698529277	0.00015077939050651425
14.81	0.0003170412806182082	-0.0001232487793090144	0.0031865862310159376	-5.694544344233089e-05	-0.00011438498805643846	0.0027891081053189404	0.008878060613113727	0.02233923137741988	-7.6567944338672e-05	0.008034948937674116	-0.0040770400696914484	5.774965756953012e-05
14.82	0.00032259585202188746	0.0001118064038316911	0.0031859713485826568	3.057991800101782e-05	-0.00012444961608661407	0.00278950544894704	-0.00782748812047496	0.022669153489024246	-2.723765313759001e-05	0.008742307009287706	0.0021457168565150726	1.1808757034427087e-05
14.83	0.00017336056098640027	0.00029340421051052756	0.0031859475662765176	0.00010359943515060691	-7.50845582858216e-05	0.0027894493407273568	-0.02077895286063959	0.012153696345951644	2.930906854296213e-06	0.005234566089025979	0.007308495949684697	-2.25873162095389e-05
14.84	-5.898194526539213e-05	0.0003349642983497521	0.0031860918957263298	0.0001268216644904845	9.956986644708992e-06	0.002788993718864849	-0.023733572319867727	-0.0041834678505457	1.5369406172900914e-05	-0.000772548408324257	0.008975289329875371	-4.4590055757744306e-05
14.850000000000001	-0.00026290826376121216	0.00021657951092949766	0.00318646020620308	8.909516364061977e-05	8.986533171420985e-05	0.002788318380856048	-0.015344670323695455	-0.018529893398226045	5.378898445689738e-05	-0.006433728947035251	0.006361405967298122	-7.34303723459354e-05
14.860000000000001	-0.0003406704490075417	-5.712983737108714e-06	0.0031869760936907945	8.640702569928567e-06	0.0001267805015579112	0.0027877774450644306	0.0004420695258559666	-0.024047290152385728	3.476881094690292e-05	-0.008964943167446102	0.0007189040888554386	-2.4777179455020027e-05
14.870000000000001	-0.0002551334429854657	-0.00022485614990592828	0.0031871277989513713	-7.56104877021924e-05	0.00010308533156961097	0.0027874519117992483	0.015965559332548195	-0.017958615885753752	-4.623066893882438e-06	-0.007197181986032653	-0.005261608135738663	-3.186234660109026e-05
14.88	-4.721239099330753e-05	-0.0003359397885788654	0.003186835981397015	-0.0001234783520673074	3.0122189342776078e-05	0.0027871091319880805	0.02387308036900574	-0.0033288071853153464	-5.71390734239412e-05	-0.002000697524463852	-0.008701722031306921	-3.0416067739147887e-05
14.89	0.00018340207175960823	-0.0002860629811305635	0.003186091713144017	-0.00011225077359814792	-5.7102217457921336e-05	0.002786952926857126	0.020329709437852943	0.012893809983271554	-7.486974990600514e-05	0.004167875861532452	-0.008022618371372286	6.2360205317273075e-06
14.9	0.0003259560595965286	-9.905009821628575e-05	0.0031858016549163883	-4.6622366193009416e-05	-0.00011715406850123569	0.0027872841437938133	0.00699980515082728	0.022960060849751007	7.4438146498909184e-06	0.008365364759148737	-0.0034848350024773663	7.833938547121742e-05
14.91	0.00031205814800255274	0.00013571038812423413	0.0031861062822410476	4.130033576754294e-05	-0.00012129999651541902	0.002788083435090006	-0.009646605395869562	0.022003301985916525	3.424163951618454e-05	0.00847470020769192	0.0026925947953247396	8.329043250119313e-05
14.92	0.00014851409611087757	0.0003054773911817023	0.0031864512041786114	0.00010919759888973367	-6.742878994545931e-05	0.0027887295179153913	-0.021669443606970644	0.0105081444306029	3.484637400410928e-05	0.004553056850080853	0.0076153531890187235	4.405731491497469e-05
14.930000000000001	-8.588401569499108e-05	0.0003288739153312059	0.0031869317494043242	0.0001246054117010134	1.8805173709434515e-05	0.0027888955269654847	-0.023244732061478132	-0.006038859489172366	5.3574338454194926e-05	-0.0016095609707833082	0.008919995036653633	-1.334186308213133e-05
14.940000000000001	-0.00027892191743354115	0.00019468990478487948	0.0031872841127385263	7.987693533058973e-05	9.627401693900236e-05	0.002788389809561369	-0.013732671618514334	-0.01966045502144493	-9.191420013502282e-07	-0.006948235151761445	0.005924314963504803	-7.021508855205006e-05
14.950000000000001	-0.00033816775595596363	-3.260117015703923e-05	0.003187087119777396	-3.0615507084734948e-06	0.00012773063999490814	0.002787473627208952	0.0023527855167603693	-0.023888789434468607	-4.2008478153077884e-05	-0.0089464145253896	8.043206020507657e-05	-0.00010167797304552941
14.96	-0.00023543938990751794	-0.00024433841017218054	0.003186819539007716	-8.44806563011852e-05	9.758206776324417e-05	0.0027869377921860487	0.017334139777218968	-0.01668483595763736	-3.8304236944547334e-05	-0.00663807876629849	-0.005865927152752967	-1.0553191679418886e-05
14.97	-1.9661925315640625e-05	-0.0003391564355950562	0.0031862572980498856	-0.00012513338114280236	2.0379087529051e-05	0.0027868890095899316	0.02400901727596295	-0.0014928681085481811	-2.8393919134956345e-05	-0.0011204733334634633	-0.008919222500135496	1.6775721119191698e-05
14.98	0.00020570844830840424	-0.00027142028943408035	0.0031860083527788055	-0.00010573664060660622	-6.657451150981854e-05	0.002787121087628022	0.019161118338186112	0.014452416231810778	8.681024681012304e-06	0.004850011777857968	-0.007745303895165942	4.7853133714774405e-05
14.99	0.00033254959922412016	-7.35768520212311e-05	0.0031861690980027773	-3.588586920697004e-05	-0.0001218949926684642	0.002787732107838343	0.005120664097146404	0.023477913547234205	1.058171341337287e-05	0.008533231902060361	-0.0028432208229807027	7.602512221051712e-05
